0
SECTION
2
HEADER
9
$ACADVER
1
AC1009
9
$INSUNITS
70
4
9
$MEASUREMENT
70
1
9
$DIMSTYLE
2
ISO-DM
0
ENDSEC
0
SECTION
2
TABLES
0
TABLE
2
LTYPE
70
4
0
LTYPE
2
CONTINUOUS
70
0
3
Solid line
72
65
73
0
40
0.0000
0
LTYPE
2
HIDDEN
70
0
3
Hidden __ __ __
72
65
73
2
40
4.5000
49
3.0000
49
-1.5000
0
LTYPE
2
CENTER
70
0
3
Center ____ _ ____
72
65
73
4
40
14.0000
49
9.5000
49
-1.5000
49
1.5000
49
-1.5000
0
LTYPE
2
PHANTOM
70
0
3
Phantom ___ _ _ ___
72
65
73
6
40
20.0000
49
12.5000
49
-1.5000
49
1.5000
49
-1.5000
49
1.5000
49
-1.5000
0
ENDTAB
0
TABLE
2
LAYER
70
5
0
LAYER
2
0
70
0
62
7
6
CONTINUOUS
0
LAYER
2
DIMENSIONS
70
0
62
7
6
CONTINUOUS
0
LAYER
2
Visible
70
0
62
7
6
CONTINUOUS
0
LAYER
2
FRAME
70
0
62
7
6
CONTINUOUS
0
LAYER
2
TITLE
70
0
62
7
6
CONTINUOUS
0
ENDTAB
0
TABLE
2
STYLE
70
2
0
STYLE
2
STANDARD
70
0
40
0
41
1
50
0
71
0
42
2.5
3
txt
4

0
STYLE
2
BOLD
70
0
40
0
41
1
50
0
71
0
42
2.5
3
ARIALBD.TTF
4

0
ENDTAB
0
TABLE
2
DIMSTYLE
70
1
0
DIMSTYLE
2
ISO-DM
70
0
3

4

140
3.5000
141
2.5000
147
1.0000
41
2.5000
42
1.0000
44
2.5000
271
2
73
0
74
0
77
1
0
ENDTAB
0
ENDSEC
0
SECTION
2
BLOCKS
0
BLOCK
8
0
2
*D1
70
1
10
0
20
0
30
0
3
*D1
1

0
LINE
8
DIMENSIONS
10
174.6564
20
193.2985
30
0
11
167.1131
21
183.2126
31
0
0
LINE
8
DIMENSIONS
10
174.6564
20
193.2985
30
0
11
186.0321
21
193.2985
31
0
0
LINE
8
DIMENSIONS
10
152.1400
20
163.1925
30
0
11
167.1131
21
183.2126
31
0
0
LINE
8
DIMENSIONS
10
151.2400
20
163.1925
30
0
11
153.0400
21
163.1925
31
0
0
LINE
8
DIMENSIONS
10
152.1400
20
162.2925
30
0
11
152.1400
21
164.0925
31
0
0
SOLID
8
DIMENSIONS
10
167.1131
20
183.2126
30
0
11
168.9441
21
184.9651
31
0
12
168.2768
22
185.4642
32
0
13
168.2768
23
185.4642
33
0
0
TEXT
8
DIMENSIONS
10
180.3443
20
194.3922
30
0
40
3.5278
1
R25.00
72
1
73
0
11
180.3443
21
194.3922
31
0
7
STANDARD
0
ENDBLK
8
0
0
BLOCK
8
0
2
*D2
70
1
10
0
20
0
30
0
3
*D2
1

0
LINE
8
DIMENSIONS
10
120.5583
20
115.3242
30
0
11
137.7116
21
141.3233
31
0
0
LINE
8
DIMENSIONS
10
120.5583
20
115.3242
30
0
11
109.1826
21
115.3242
31
0
0
LINE
8
DIMENSIONS
10
152.1400
20
163.1925
30
0
11
137.7116
21
141.3233
31
0
0
LINE
8
DIMENSIONS
10
151.2400
20
163.1925
30
0
11
153.0400
21
163.1925
31
0
0
LINE
8
DIMENSIONS
10
152.1400
20
162.2925
30
0
11
152.1400
21
164.0925
31
0
0
SOLID
8
DIMENSIONS
10
137.7116
20
141.3233
30
0
11
135.9870
21
139.4660
31
0
12
136.6826
22
139.0071
32
0
13
136.6826
23
139.0071
33
0
0
TEXT
8
DIMENSIONS
10
114.8705
20
116.4178
30
0
40
3.5278
1
R26.20
72
1
73
0
11
114.8705
21
116.4178
31
0
7
STANDARD
0
ENDBLK
8
0
0
BLOCK
8
0
2
*D3
70
1
10
0
20
0
30
0
3
*D3
1

0
LINE
8
DIMENSIONS
10
187.1297
20
123.6712
30
0
11
176.8692
21
128.6626
31
0
0
LINE
8
DIMENSIONS
10
187.1297
20
123.6712
30
0
11
198.5054
21
123.6712
31
0
0
LINE
8
DIMENSIONS
10
152.1400
20
140.6925
30
0
11
176.8692
21
128.6626
31
0
0
LINE
8
DIMENSIONS
10
151.2400
20
140.6925
30
0
11
153.0400
21
140.6925
31
0
0
LINE
8
DIMENSIONS
10
152.1400
20
139.7925
30
0
11
152.1400
21
141.5925
31
0
0
SOLID
8
DIMENSIONS
10
176.8692
20
128.6626
30
0
11
178.9350
21
127.1943
31
0
12
179.2996
22
127.9436
32
0
13
179.2996
23
127.9436
33
0
0
TEXT
8
DIMENSIONS
10
192.8175
20
124.7648
30
0
40
3.5278
1
R27.50
72
1
73
0
11
192.8175
21
124.7648
31
0
7
STANDARD
0
ENDBLK
8
0
0
BLOCK
8
0
2
*D4
70
1
10
0
20
0
30
0
3
*D4
1

0
LINE
8
DIMENSIONS
10
226.8742
20
102.0891
30
0
11
229.4330
21
114.4017
31
0
0
LINE
8
DIMENSIONS
10
226.8742
20
102.0891
30
0
11
215.4985
21
102.0891
31
0
0
LINE
8
DIMENSIONS
10
231.4678
20
124.1925
30
0
11
229.4330
21
114.4017
31
0
0
LINE
8
DIMENSIONS
10
230.5678
20
124.1925
30
0
11
232.3678
21
124.1925
31
0
0
LINE
8
DIMENSIONS
10
231.4678
20
123.2925
30
0
11
231.4678
21
125.0925
31
0
0
SOLID
8
DIMENSIONS
10
229.4330
20
114.4017
30
0
11
228.5164
21
112.0388
31
0
12
229.3323
22
111.8692
32
0
13
229.3323
23
111.8692
33
0
0
TEXT
8
DIMENSIONS
10
221.1863
20
103.1827
30
0
40
3.5278
1
R10.00
72
1
73
0
11
221.1863
21
103.1827
31
0
7
STANDARD
0
ENDBLK
8
0
0
BLOCK
8
0
2
*D5
70
1
10
0
20
0
30
0
3
*D5
1

0
LINE
8
DIMENSIONS
10
124.6400
20
64.2868
30
0
11
124.6400
21
33.3868
31
0
0
LINE
8
DIMENSIONS
10
179.6400
20
64.2868
30
0
11
179.6400
21
33.3868
31
0
0
LINE
8
DIMENSIONS
10
124.6400
20
34.8868
30
0
11
179.6400
21
34.8868
31
0
0
SOLID
8
DIMENSIONS
10
124.6400
20
34.8868
30
0
11
127.1400
21
34.4701
31
0
12
127.1400
22
35.3035
32
0
13
127.1400
23
35.3035
33
0
0
SOLID
8
DIMENSIONS
10
179.6400
20
34.8868
30
0
11
177.1400
21
35.3035
31
0
12
177.1400
22
34.4701
32
0
13
177.1400
23
34.4701
33
0
0
TEXT
8
DIMENSIONS
10
152.1400
20
35.9804
30
0
40
3.5278
1
55.00
72
1
73
0
11
152.1400
21
35.9804
31
0
7
STANDARD
0
ENDBLK
8
0
0
BLOCK
8
0
2
*D6
70
1
10
0
20
0
30
0
3
*D6
1

0
LINE
8
DIMENSIONS
10
67.8678
20
190.2925
30
0
11
67.8678
21
193.4529
31
0
0
LINE
8
DIMENSIONS
10
92.6662
20
136.2925
30
0
11
92.6662
21
193.4529
31
0
0
LINE
8
DIMENSIONS
10
67.8678
20
191.9529
30
0
11
92.6662
21
191.9529
31
0
0
SOLID
8
DIMENSIONS
10
67.8678
20
191.9529
30
0
11
70.3678
21
191.5363
31
0
12
70.3678
22
192.3696
32
0
13
70.3678
23
192.3696
33
0
0
SOLID
8
DIMENSIONS
10
92.6662
20
191.9529
30
0
11
90.1662
21
192.3696
31
0
12
90.1662
22
191.5363
32
0
13
90.1662
23
191.5363
33
0
0
TEXT
8
DIMENSIONS
10
80.2670
20
193.0465
30
0
40
3.5278
1
24.80
72
1
73
0
11
80.2670
21
193.0465
31
0
7
STANDARD
0
ENDBLK
8
0
0
BLOCK
8
0
2
*D7
70
1
10
0
20
0
30
0
3
*D7
1

0
LINE
8
DIMENSIONS
10
48.7591
20
135.3373
30
0
11
48.7591
21
202.1968
31
0
0
LINE
8
DIMENSIONS
10
92.6662
20
136.2925
30
0
11
92.6662
21
202.1968
31
0
0
LINE
8
DIMENSIONS
10
48.7591
20
200.6968
30
0
11
92.6662
21
200.6968
31
0
0
SOLID
8
DIMENSIONS
10
48.7591
20
200.6968
30
0
11
51.2591
21
200.2801
31
0
12
51.2591
22
201.1135
32
0
13
51.2591
23
201.1135
33
0
0
SOLID
8
DIMENSIONS
10
92.6662
20
200.6968
30
0
11
90.1662
21
201.1135
31
0
12
90.1662
22
200.2801
32
0
13
90.1662
23
200.2801
33
0
0
TEXT
8
DIMENSIONS
10
70.7127
20
201.7904
30
0
40
3.5278
1
43.91
72
1
73
0
11
70.7127
21
201.7904
31
0
7
STANDARD
0
ENDBLK
8
0
0
BLOCK
8
0
2
*D8
70
1
10
0
20
0
30
0
3
*D8
1

0
LINE
8
DIMENSIONS
10
98.4767
20
117.6876
30
0
11
88.9359
21
123.9457
31
0
0
LINE
8
DIMENSIONS
10
98.4767
20
117.6876
30
0
11
109.8524
21
117.6876
31
0
0
LINE
8
DIMENSIONS
10
68.8678
20
137.1090
30
0
11
88.9359
21
123.9457
31
0
0
LINE
8
DIMENSIONS
10
67.9678
20
137.1090
30
0
11
69.7678
21
137.1090
31
0
0
LINE
8
DIMENSIONS
10
68.8678
20
136.2090
30
0
11
68.8678
21
138.0090
31
0
0
SOLID
8
DIMENSIONS
10
88.9359
20
123.9457
30
0
11
90.7978
21
122.2261
31
0
12
91.2548
22
122.9229
32
0
13
91.2548
23
122.9229
33
0
0
TEXT
8
DIMENSIONS
10
104.1645
20
118.7812
30
0
40
3.5278
1
R24.00
72
1
73
0
11
104.1645
21
118.7812
31
0
7
STANDARD
0
ENDBLK
8
0
0
BLOCK
8
0
2
*D9
70
1
10
0
20
0
30
0
3
*D9
1

0
LINE
8
DIMENSIONS
10
41.9869
20
116.8104
30
0
11
51.7122
21
122.7777
31
0
0
LINE
8
DIMENSIONS
10
41.9869
20
116.8104
30
0
11
30.6111
21
116.8104
31
0
0
LINE
8
DIMENSIONS
10
68.7591
20
133.2373
30
0
11
51.7122
21
122.7777
31
0
0
LINE
8
DIMENSIONS
10
67.8591
20
133.2373
30
0
11
69.6591
21
133.2373
31
0
0
LINE
8
DIMENSIONS
10
68.7591
20
132.3373
30
0
11
68.7591
21
134.1373
31
0
0
SOLID
8
DIMENSIONS
10
51.7122
20
122.7777
30
0
11
49.3635
21
121.8254
31
0
12
49.7993
22
121.1151
32
0
13
49.7993
23
121.1151
33
0
0
TEXT
8
DIMENSIONS
10
36.2990
20
117.9040
30
0
40
3.5278
1
R20.00
72
1
73
0
11
36.2990
21
117.9040
31
0
7
STANDARD
0
ENDBLK
8
0
0
BLOCK
8
0
2
*D10
70
1
10
0
20
0
30
0
3
*D10
1

0
LINE
8
DIMENSIONS
10
38.1919
20
182.2581
30
0
11
54.0795
21
176.2042
31
0
0
LINE
8
DIMENSIONS
10
38.1919
20
182.2581
30
0
11
26.8162
21
182.2581
31
0
0
LINE
8
DIMENSIONS
10
72.7687
20
169.0828
30
0
11
54.0795
21
176.2042
31
0
0
LINE
8
DIMENSIONS
10
71.8687
20
169.0828
30
0
11
73.6687
21
169.0828
31
0
0
LINE
8
DIMENSIONS
10
72.7687
20
168.1828
30
0
11
72.7687
21
169.9828
31
0
0
SOLID
8
DIMENSIONS
10
54.0795
20
176.2042
30
0
11
51.8917
21
177.4838
31
0
12
51.5950
22
176.7050
32
0
13
51.5950
23
176.7050
33
0
0
TEXT
8
DIMENSIONS
10
32.5040
20
183.3517
30
0
40
3.5278
1
R20.00
72
1
73
0
11
32.5040
21
183.3517
31
0
7
STANDARD
0
ENDBLK
8
0
0
BLOCK
8
0
2
*D11
70
1
10
0
20
0
30
0
3
*D11
1

0
LINE
8
DIMENSIONS
10
119.0763
20
57.4998
30
0
11
127.6130
21
63.5197
31
0
0
LINE
8
DIMENSIONS
10
119.0763
20
57.4998
30
0
11
109.6626
21
57.4998
31
0
0
LINE
8
DIMENSIONS
10
128.8341
20
64.3808
30
0
11
127.6130
21
63.5197
31
0
0
LINE
8
DIMENSIONS
10
127.9341
20
64.3808
30
0
11
129.7341
21
64.3808
31
0
0
LINE
8
DIMENSIONS
10
128.8341
20
63.4808
30
0
11
128.8341
21
65.2808
31
0
0
SOLID
8
DIMENSIONS
10
127.6130
20
63.5197
30
0
11
125.3298
21
62.4195
31
0
12
125.8100
22
61.7384
32
0
13
125.8100
23
61.7384
33
0
0
TEXT
8
DIMENSIONS
10
114.3694
20
58.5934
30
0
40
3.5278
1
R1.49
72
1
73
0
11
114.3694
21
58.5934
31
0
7
STANDARD
0
ENDBLK
8
0
0
ENDSEC
0
SECTION
2
ENTITIES
0
LINE
8
Visible
10
177.3237
20
162.9425
30
0
11
176.9852
21
165.9702
31
0
0
LINE
8
Visible
10
178.7612
20
150.0855
30
0
11
177.3237
21
162.9425
31
0
0
LINE
8
Visible
10
179.4697
20
143.7480
30
0
11
178.7612
21
150.0855
31
0
0
POLYLINE
8
Visible
66
1
70
0
10
0
20
0
30
0
0
VERTEX
8
Visible
10
127.3398
20
166.3446
30
0
0
VERTEX
8
Visible
10
127.3402
20
166.3445
30
0
0
VERTEX
8
Visible
10
127.3407
20
166.3445
30
0
0
VERTEX
8
Visible
10
127.3413
20
166.3444
30
0
0
VERTEX
8
Visible
10
127.3420
20
166.3443
30
0
0
VERTEX
8
Visible
10
127.3428
20
166.3442
30
0
0
VERTEX
8
Visible
10
127.3438
20
166.3441
30
0
0
VERTEX
8
Visible
10
127.3449
20
166.3440
30
0
0
VERTEX
8
Visible
10
127.3462
20
166.3438
30
0
0
VERTEX
8
Visible
10
127.3475
20
166.3436
30
0
0
VERTEX
8
Visible
10
127.3490
20
166.3435
30
0
0
VERTEX
8
Visible
10
127.3506
20
166.3433
30
0
0
VERTEX
8
Visible
10
127.3524
20
166.3431
30
0
0
VERTEX
8
Visible
10
127.3543
20
166.3428
30
0
0
VERTEX
8
Visible
10
127.3563
20
166.3426
30
0
0
VERTEX
8
Visible
10
127.3584
20
166.3423
30
0
0
VERTEX
8
Visible
10
127.3606
20
166.3421
30
0
0
VERTEX
8
Visible
10
127.3630
20
166.3418
30
0
0
VERTEX
8
Visible
10
127.3655
20
166.3415
30
0
0
VERTEX
8
Visible
10
127.3681
20
166.3412
30
0
0
VERTEX
8
Visible
10
127.3708
20
166.3409
30
0
0
VERTEX
8
Visible
10
127.3737
20
166.3405
30
0
0
VERTEX
8
Visible
10
127.3767
20
166.3402
30
0
0
VERTEX
8
Visible
10
127.3798
20
166.3398
30
0
0
VERTEX
8
Visible
10
127.3830
20
166.3394
30
0
0
VERTEX
8
Visible
10
127.3864
20
166.3390
30
0
0
VERTEX
8
Visible
10
127.3899
20
166.3386
30
0
0
VERTEX
8
Visible
10
127.3934
20
166.3382
30
0
0
VERTEX
8
Visible
10
127.3972
20
166.3377
30
0
0
VERTEX
8
Visible
10
127.4010
20
166.3373
30
0
0
VERTEX
8
Visible
10
127.4050
20
166.3368
30
0
0
VERTEX
8
Visible
10
127.4090
20
166.3363
30
0
0
VERTEX
8
Visible
10
127.4132
20
166.3358
30
0
0
VERTEX
8
Visible
10
127.4176
20
166.3353
30
0
0
VERTEX
8
Visible
10
127.4220
20
166.3347
30
0
0
VERTEX
8
Visible
10
127.4266
20
166.3342
30
0
0
VERTEX
8
Visible
10
127.4313
20
166.3336
30
0
0
VERTEX
8
Visible
10
127.4361
20
166.3331
30
0
0
VERTEX
8
Visible
10
127.4410
20
166.3325
30
0
0
VERTEX
8
Visible
10
127.4460
20
166.3319
30
0
0
VERTEX
8
Visible
10
127.4512
20
166.3313
30
0
0
VERTEX
8
Visible
10
127.4564
20
166.3306
30
0
0
VERTEX
8
Visible
10
127.4618
20
166.3300
30
0
0
VERTEX
8
Visible
10
127.4673
20
166.3293
30
0
0
VERTEX
8
Visible
10
127.4729
20
166.3287
30
0
0
VERTEX
8
Visible
10
127.4787
20
166.3280
30
0
0
VERTEX
8
Visible
10
127.4845
20
166.3273
30
0
0
VERTEX
8
Visible
10
127.4905
20
166.3266
30
0
0
VERTEX
8
Visible
10
127.4966
20
166.3258
30
0
0
VERTEX
8
Visible
10
127.5028
20
166.3251
30
0
0
VERTEX
8
Visible
10
127.5091
20
166.3243
30
0
0
VERTEX
8
Visible
10
127.5156
20
166.3236
30
0
0
VERTEX
8
Visible
10
127.5221
20
166.3228
30
0
0
VERTEX
8
Visible
10
127.5288
20
166.3220
30
0
0
VERTEX
8
Visible
10
127.5356
20
166.3212
30
0
0
VERTEX
8
Visible
10
127.5424
20
166.3204
30
0
0
VERTEX
8
Visible
10
127.5494
20
166.3195
30
0
0
VERTEX
8
Visible
10
127.5565
20
166.3187
30
0
0
VERTEX
8
Visible
10
127.5637
20
166.3178
30
0
0
VERTEX
8
Visible
10
127.5710
20
166.3169
30
0
0
VERTEX
8
Visible
10
127.5785
20
166.3161
30
0
0
VERTEX
8
Visible
10
127.5860
20
166.3152
30
0
0
VERTEX
8
Visible
10
127.5936
20
166.3142
30
0
0
VERTEX
8
Visible
10
127.6013
20
166.3133
30
0
0
VERTEX
8
Visible
10
127.6091
20
166.3124
30
0
0
VERTEX
8
Visible
10
127.6171
20
166.3114
30
0
0
VERTEX
8
Visible
10
127.6251
20
166.3105
30
0
0
VERTEX
8
Visible
10
127.6332
20
166.3095
30
0
0
VERTEX
8
Visible
10
127.6415
20
166.3085
30
0
0
VERTEX
8
Visible
10
127.6498
20
166.3075
30
0
0
VERTEX
8
Visible
10
127.6582
20
166.3065
30
0
0
VERTEX
8
Visible
10
127.6668
20
166.3055
30
0
0
VERTEX
8
Visible
10
127.6754
20
166.3045
30
0
0
VERTEX
8
Visible
10
127.6841
20
166.3034
30
0
0
VERTEX
8
Visible
10
127.6929
20
166.3024
30
0
0
VERTEX
8
Visible
10
127.7019
20
166.3013
30
0
0
VERTEX
8
Visible
10
127.7109
20
166.3002
30
0
0
VERTEX
8
Visible
10
127.7200
20
166.2991
30
0
0
VERTEX
8
Visible
10
127.7292
20
166.2980
30
0
0
VERTEX
8
Visible
10
127.7385
20
166.2969
30
0
0
VERTEX
8
Visible
10
127.7479
20
166.2958
30
0
0
VERTEX
8
Visible
10
127.7573
20
166.2947
30
0
0
VERTEX
8
Visible
10
127.7669
20
166.2935
30
0
0
VERTEX
8
Visible
10
127.7766
20
166.2924
30
0
0
VERTEX
8
Visible
10
127.7864
20
166.2912
30
0
0
VERTEX
8
Visible
10
127.7962
20
166.2900
30
0
0
VERTEX
8
Visible
10
127.8061
20
166.2888
30
0
0
VERTEX
8
Visible
10
127.8162
20
166.2876
30
0
0
VERTEX
8
Visible
10
127.8263
20
166.2864
30
0
0
VERTEX
8
Visible
10
127.8365
20
166.2852
30
0
0
VERTEX
8
Visible
10
127.8468
20
166.2840
30
0
0
VERTEX
8
Visible
10
127.8572
20
166.2827
30
0
0
VERTEX
8
Visible
10
127.8676
20
166.2815
30
0
0
VERTEX
8
Visible
10
127.8782
20
166.2802
30
0
0
VERTEX
8
Visible
10
127.8888
20
166.2790
30
0
0
VERTEX
8
Visible
10
127.8995
20
166.2777
30
0
0
VERTEX
8
Visible
10
127.9104
20
166.2764
30
0
0
VERTEX
8
Visible
10
127.9212
20
166.2751
30
0
0
VERTEX
8
Visible
10
127.9322
20
166.2738
30
0
0
VERTEX
8
Visible
10
127.9432
20
166.2725
30
0
0
VERTEX
8
Visible
10
127.9543
20
166.2711
30
0
0
VERTEX
8
Visible
10
127.9655
20
166.2698
30
0
0
VERTEX
8
Visible
10
127.9767
20
166.2685
30
0
0
VERTEX
8
Visible
10
127.9880
20
166.2671
30
0
0
VERTEX
8
Visible
10
127.9994
20
166.2657
30
0
0
VERTEX
8
Visible
10
128.0109
20
166.2644
30
0
0
VERTEX
8
Visible
10
128.0224
20
166.2630
30
0
0
VERTEX
8
Visible
10
128.0340
20
166.2616
30
0
0
VERTEX
8
Visible
10
128.0456
20
166.2602
30
0
0
VERTEX
8
Visible
10
128.0573
20
166.2588
30
0
0
VERTEX
8
Visible
10
128.0691
20
166.2574
30
0
0
VERTEX
8
Visible
10
128.0810
20
166.2560
30
0
0
VERTEX
8
Visible
10
128.0929
20
166.2546
30
0
0
VERTEX
8
Visible
10
128.1048
20
166.2531
30
0
0
VERTEX
8
Visible
10
128.1169
20
166.2517
30
0
0
VERTEX
8
Visible
10
128.1290
20
166.2503
30
0
0
VERTEX
8
Visible
10
128.1411
20
166.2488
30
0
0
VERTEX
8
Visible
10
128.1533
20
166.2473
30
0
0
VERTEX
8
Visible
10
128.1656
20
166.2459
30
0
0
VERTEX
8
Visible
10
128.1779
20
166.2444
30
0
0
VERTEX
8
Visible
10
128.1903
20
166.2429
30
0
0
VERTEX
8
Visible
10
128.2028
20
166.2414
30
0
0
VERTEX
8
Visible
10
128.2152
20
166.2399
30
0
0
VERTEX
8
Visible
10
128.2278
20
166.2384
30
0
0
VERTEX
8
Visible
10
128.2404
20
166.2369
30
0
0
VERTEX
8
Visible
10
128.2531
20
166.2354
30
0
0
VERTEX
8
Visible
10
128.2658
20
166.2339
30
0
0
VERTEX
8
Visible
10
128.2785
20
166.2324
30
0
0
VERTEX
8
Visible
10
128.2913
20
166.2308
30
0
0
VERTEX
8
Visible
10
128.3042
20
166.2293
30
0
0
VERTEX
8
Visible
10
128.3171
20
166.2278
30
0
0
VERTEX
8
Visible
10
128.3301
20
166.2262
30
0
0
VERTEX
8
Visible
10
128.3431
20
166.2247
30
0
0
VERTEX
8
Visible
10
128.3561
20
166.2231
30
0
0
VERTEX
8
Visible
10
128.3692
20
166.2215
30
0
0
VERTEX
8
Visible
10
128.3823
20
166.2200
30
0
0
VERTEX
8
Visible
10
128.3954
20
166.2184
30
0
0
VERTEX
8
Visible
10
128.4086
20
166.2168
30
0
0
VERTEX
8
Visible
10
128.4218
20
166.2152
30
0
0
VERTEX
8
Visible
10
128.4351
20
166.2136
30
0
0
VERTEX
8
Visible
10
128.4483
20
166.2121
30
0
0
VERTEX
8
Visible
10
128.4616
20
166.2105
30
0
0
VERTEX
8
Visible
10
128.4750
20
166.2089
30
0
0
VERTEX
8
Visible
10
128.4883
20
166.2073
30
0
0
VERTEX
8
Visible
10
128.5017
20
166.2057
30
0
0
VERTEX
8
Visible
10
128.5151
20
166.2041
30
0
0
VERTEX
8
Visible
10
128.5286
20
166.2025
30
0
0
VERTEX
8
Visible
10
128.5420
20
166.2009
30
0
0
VERTEX
8
Visible
10
128.5555
20
166.1992
30
0
0
VERTEX
8
Visible
10
128.5690
20
166.1976
30
0
0
VERTEX
8
Visible
10
128.5826
20
166.1960
30
0
0
VERTEX
8
Visible
10
128.5961
20
166.1944
30
0
0
VERTEX
8
Visible
10
128.6097
20
166.1928
30
0
0
VERTEX
8
Visible
10
128.6233
20
166.1911
30
0
0
VERTEX
8
Visible
10
128.6369
20
166.1895
30
0
0
VERTEX
8
Visible
10
128.6505
20
166.1879
30
0
0
VERTEX
8
Visible
10
128.6642
20
166.1862
30
0
0
VERTEX
8
Visible
10
128.6779
20
166.1846
30
0
0
VERTEX
8
Visible
10
128.6915
20
166.1830
30
0
0
VERTEX
8
Visible
10
128.7052
20
166.1813
30
0
0
VERTEX
8
Visible
10
128.7189
20
166.1797
30
0
0
VERTEX
8
Visible
10
128.7327
20
166.1780
30
0
0
VERTEX
8
Visible
10
128.7464
20
166.1764
30
0
0
VERTEX
8
Visible
10
128.7601
20
166.1748
30
0
0
VERTEX
8
Visible
10
128.7739
20
166.1731
30
0
0
VERTEX
8
Visible
10
128.7876
20
166.1715
30
0
0
VERTEX
8
Visible
10
128.8014
20
166.1698
30
0
0
VERTEX
8
Visible
10
128.8152
20
166.1682
30
0
0
VERTEX
8
Visible
10
128.8290
20
166.1665
30
0
0
SEQEND
8
Visible
0
POLYLINE
8
Visible
66
1
70
0
10
0
20
0
30
0
0
VERTEX
8
Visible
10
175.4511
20
166.1665
30
0
0
VERTEX
8
Visible
10
175.4671
20
166.1684
30
0
0
VERTEX
8
Visible
10
175.4832
20
166.1704
30
0
0
VERTEX
8
Visible
10
175.4993
20
166.1723
30
0
0
VERTEX
8
Visible
10
175.5154
20
166.1742
30
0
0
VERTEX
8
Visible
10
175.5314
20
166.1761
30
0
0
VERTEX
8
Visible
10
175.5474
20
166.1780
30
0
0
VERTEX
8
Visible
10
175.5634
20
166.1800
30
0
0
VERTEX
8
Visible
10
175.5794
20
166.1819
30
0
0
VERTEX
8
Visible
10
175.5954
20
166.1838
30
0
0
VERTEX
8
Visible
10
175.6113
20
166.1857
30
0
0
VERTEX
8
Visible
10
175.6273
20
166.1876
30
0
0
VERTEX
8
Visible
10
175.6432
20
166.1895
30
0
0
VERTEX
8
Visible
10
175.6590
20
166.1914
30
0
0
VERTEX
8
Visible
10
175.6749
20
166.1933
30
0
0
VERTEX
8
Visible
10
175.6907
20
166.1952
30
0
0
VERTEX
8
Visible
10
175.7065
20
166.1971
30
0
0
VERTEX
8
Visible
10
175.7223
20
166.1990
30
0
0
VERTEX
8
Visible
10
175.7380
20
166.2009
30
0
0
VERTEX
8
Visible
10
175.7537
20
166.2027
30
0
0
VERTEX
8
Visible
10
175.7694
20
166.2046
30
0
0
VERTEX
8
Visible
10
175.7850
20
166.2065
30
0
0
VERTEX
8
Visible
10
175.8006
20
166.2083
30
0
0
VERTEX
8
Visible
10
175.8161
20
166.2102
30
0
0
VERTEX
8
Visible
10
175.8317
20
166.2121
30
0
0
VERTEX
8
Visible
10
175.8471
20
166.2139
30
0
0
VERTEX
8
Visible
10
175.8626
20
166.2158
30
0
0
VERTEX
8
Visible
10
175.8779
20
166.2176
30
0
0
VERTEX
8
Visible
10
175.8933
20
166.2194
30
0
0
VERTEX
8
Visible
10
175.9086
20
166.2213
30
0
0
VERTEX
8
Visible
10
175.9238
20
166.2231
30
0
0
VERTEX
8
Visible
10
175.9390
20
166.2249
30
0
0
VERTEX
8
Visible
10
175.9541
20
166.2267
30
0
0
VERTEX
8
Visible
10
175.9692
20
166.2285
30
0
0
VERTEX
8
Visible
10
175.9843
20
166.2303
30
0
0
VERTEX
8
Visible
10
175.9992
20
166.2321
30
0
0
VERTEX
8
Visible
10
176.0142
20
166.2339
30
0
0
VERTEX
8
Visible
10
176.0290
20
166.2357
30
0
0
VERTEX
8
Visible
10
176.0438
20
166.2374
30
0
0
VERTEX
8
Visible
10
176.0585
20
166.2392
30
0
0
VERTEX
8
Visible
10
176.0731
20
166.2409
30
0
0
VERTEX
8
Visible
10
176.0876
20
166.2427
30
0
0
VERTEX
8
Visible
10
176.1021
20
166.2444
30
0
0
VERTEX
8
Visible
10
176.1165
20
166.2461
30
0
0
VERTEX
8
Visible
10
176.1308
20
166.2478
30
0
0
VERTEX
8
Visible
10
176.1450
20
166.2495
30
0
0
VERTEX
8
Visible
10
176.1592
20
166.2512
30
0
0
VERTEX
8
Visible
10
176.1732
20
166.2529
30
0
0
VERTEX
8
Visible
10
176.1872
20
166.2546
30
0
0
VERTEX
8
Visible
10
176.2011
20
166.2562
30
0
0
VERTEX
8
Visible
10
176.2148
20
166.2579
30
0
0
VERTEX
8
Visible
10
176.2285
20
166.2595
30
0
0
VERTEX
8
Visible
10
176.2422
20
166.2611
30
0
0
VERTEX
8
Visible
10
176.2557
20
166.2628
30
0
0
VERTEX
8
Visible
10
176.2691
20
166.2644
30
0
0
VERTEX
8
Visible
10
176.2824
20
166.2660
30
0
0
VERTEX
8
Visible
10
176.2957
20
166.2675
30
0
0
VERTEX
8
Visible
10
176.3088
20
166.2691
30
0
0
VERTEX
8
Visible
10
176.3218
20
166.2707
30
0
0
VERTEX
8
Visible
10
176.3348
20
166.2722
30
0
0
VERTEX
8
Visible
10
176.3476
20
166.2738
30
0
0
VERTEX
8
Visible
10
176.3604
20
166.2753
30
0
0
VERTEX
8
Visible
10
176.3730
20
166.2768
30
0
0
VERTEX
8
Visible
10
176.3855
20
166.2783
30
0
0
VERTEX
8
Visible
10
176.3980
20
166.2798
30
0
0
VERTEX
8
Visible
10
176.4103
20
166.2812
30
0
0
VERTEX
8
Visible
10
176.4225
20
166.2827
30
0
0
VERTEX
8
Visible
10
176.4346
20
166.2842
30
0
0
VERTEX
8
Visible
10
176.4466
20
166.2856
30
0
0
VERTEX
8
Visible
10
176.4585
20
166.2870
30
0
0
VERTEX
8
Visible
10
176.4703
20
166.2884
30
0
0
VERTEX
8
Visible
10
176.4819
20
166.2898
30
0
0
VERTEX
8
Visible
10
176.4935
20
166.2912
30
0
0
VERTEX
8
Visible
10
176.5049
20
166.2926
30
0
0
VERTEX
8
Visible
10
176.5162
20
166.2939
30
0
0
VERTEX
8
Visible
10
176.5274
20
166.2952
30
0
0
VERTEX
8
Visible
10
176.5384
20
166.2966
30
0
0
VERTEX
8
Visible
10
176.5493
20
166.2979
30
0
0
VERTEX
8
Visible
10
176.5601
20
166.2991
30
0
0
VERTEX
8
Visible
10
176.5707
20
166.3004
30
0
0
VERTEX
8
Visible
10
176.5812
20
166.3017
30
0
0
VERTEX
8
Visible
10
176.5916
20
166.3029
30
0
0
VERTEX
8
Visible
10
176.6018
20
166.3041
30
0
0
VERTEX
8
Visible
10
176.6119
20
166.3053
30
0
0
VERTEX
8
Visible
10
176.6219
20
166.3065
30
0
0
VERTEX
8
Visible
10
176.6317
20
166.3077
30
0
0
VERTEX
8
Visible
10
176.6414
20
166.3089
30
0
0
VERTEX
8
Visible
10
176.6510
20
166.3100
30
0
0
VERTEX
8
Visible
10
176.6604
20
166.3111
30
0
0
VERTEX
8
Visible
10
176.6697
20
166.3122
30
0
0
VERTEX
8
Visible
10
176.6788
20
166.3133
30
0
0
VERTEX
8
Visible
10
176.6878
20
166.3144
30
0
0
VERTEX
8
Visible
10
176.6967
20
166.3155
30
0
0
VERTEX
8
Visible
10
176.7054
20
166.3165
30
0
0
VERTEX
8
Visible
10
176.7139
20
166.3175
30
0
0
VERTEX
8
Visible
10
176.7223
20
166.3185
30
0
0
VERTEX
8
Visible
10
176.7306
20
166.3195
30
0
0
VERTEX
8
Visible
10
176.7387
20
166.3205
30
0
0
VERTEX
8
Visible
10
176.7467
20
166.3214
30
0
0
VERTEX
8
Visible
10
176.7545
20
166.3224
30
0
0
VERTEX
8
Visible
10
176.7622
20
166.3233
30
0
0
VERTEX
8
Visible
10
176.7698
20
166.3242
30
0
0
VERTEX
8
Visible
10
176.7771
20
166.3251
30
0
0
VERTEX
8
Visible
10
176.7844
20
166.3259
30
0
0
VERTEX
8
Visible
10
176.7914
20
166.3268
30
0
0
VERTEX
8
Visible
10
176.7984
20
166.3276
30
0
0
VERTEX
8
Visible
10
176.8051
20
166.3284
30
0
0
VERTEX
8
Visible
10
176.8118
20
166.3292
30
0
0
VERTEX
8
Visible
10
176.8182
20
166.3300
30
0
0
VERTEX
8
Visible
10
176.8245
20
166.3307
30
0
0
VERTEX
8
Visible
10
176.8306
20
166.3315
30
0
0
VERTEX
8
Visible
10
176.8366
20
166.3322
30
0
0
VERTEX
8
Visible
10
176.8424
20
166.3329
30
0
0
VERTEX
8
Visible
10
176.8481
20
166.3336
30
0
0
VERTEX
8
Visible
10
176.8536
20
166.3342
30
0
0
VERTEX
8
Visible
10
176.8589
20
166.3348
30
0
0
VERTEX
8
Visible
10
176.8640
20
166.3355
30
0
0
VERTEX
8
Visible
10
176.8690
20
166.3361
30
0
0
VERTEX
8
Visible
10
176.8738
20
166.3366
30
0
0
VERTEX
8
Visible
10
176.8785
20
166.3372
30
0
0
VERTEX
8
Visible
10
176.8830
20
166.3377
30
0
0
VERTEX
8
Visible
10
176.8873
20
166.3382
30
0
0
VERTEX
8
Visible
10
176.8915
20
166.3387
30
0
0
VERTEX
8
Visible
10
176.8955
20
166.3392
30
0
0
VERTEX
8
Visible
10
176.8993
20
166.3397
30
0
0
VERTEX
8
Visible
10
176.9029
20
166.3401
30
0
0
VERTEX
8
Visible
10
176.9064
20
166.3405
30
0
0
VERTEX
8
Visible
10
176.9098
20
166.3409
30
0
0
VERTEX
8
Visible
10
176.9129
20
166.3413
30
0
0
VERTEX
8
Visible
10
176.9159
20
166.3417
30
0
0
VERTEX
8
Visible
10
176.9187
20
166.3420
30
0
0
VERTEX
8
Visible
10
176.9213
20
166.3423
30
0
0
VERTEX
8
Visible
10
176.9238
20
166.3426
30
0
0
VERTEX
8
Visible
10
176.9261
20
166.3429
30
0
0
VERTEX
8
Visible
10
176.9283
20
166.3431
30
0
0
VERTEX
8
Visible
10
176.9302
20
166.3434
30
0
0
VERTEX
8
Visible
10
176.9320
20
166.3436
30
0
0
VERTEX
8
Visible
10
176.9336
20
166.3438
30
0
0
VERTEX
8
Visible
10
176.9351
20
166.3440
30
0
0
VERTEX
8
Visible
10
176.9364
20
166.3441
30
0
0
VERTEX
8
Visible
10
176.9375
20
166.3442
30
0
0
VERTEX
8
Visible
10
176.9384
20
166.3443
30
0
0
VERTEX
8
Visible
10
176.9392
20
166.3444
30
0
0
VERTEX
8
Visible
10
176.9398
20
166.3445
30
0
0
VERTEX
8
Visible
10
176.9402
20
166.3446
30
0
0
SEQEND
8
Visible
0
ARC
8
Visible
10
176.7095
20
166.3020
30
0
40
0.2346
50
5.7309
51
10.4587
0
ARC
8
Visible
10
152.1400
20
163.1925
30
0
40
25.0000
50
7.1991
51
172.8009
0
ARC
8
Visible
10
127.5642
20
166.3030
30
0
40
0.2282
50
169.5174
51
174.3791
0
LINE
8
Visible
10
127.3371
20
166.3254
30
0
11
126.9589
21
162.9425
31
0
0
LINE
8
Visible
10
126.9563
20
162.9425
30
0
11
125.5189
21
150.0855
31
0
0
ARC
8
Visible
10
152.1400
20
163.1925
30
0
40
25.0000
50
6.3794
51
7.1991
0
ARC
8
Visible
10
152.1400
20
163.1925
30
0
40
25.0000
50
172.8009
51
173.6206
0
CIRCLE
8
Visible
10
152.1400
20
163.1925
30
0
40
2.0000
0
LINE
8
Visible
10
126.9563
20
162.9425
30
0
11
126.9589
21
162.9425
31
0
0
LINE
8
Visible
10
127.2948
20
165.9702
30
0
11
126.9563
21
162.9425
31
0
0
LINE
8
Visible
10
177.3212
20
162.9425
30
0
11
177.3237
21
162.9425
31
0
0
LINE
8
Visible
10
177.3212
20
162.9425
30
0
11
176.9429
21
166.3254
31
0
0
POLYLINE
8
Visible
66
1
70
0
10
0
20
0
30
0
0
VERTEX
8
Visible
10
160.5430
20
114.5289
30
0
0
VERTEX
8
Visible
10
160.5537
20
114.5317
30
0
0
VERTEX
8
Visible
10
160.5644
20
114.5346
30
0
0
VERTEX
8
Visible
10
160.5750
20
114.5375
30
0
0
VERTEX
8
Visible
10
160.5857
20
114.5404
30
0
0
VERTEX
8
Visible
10
160.5964
20
114.5433
30
0
0
VERTEX
8
Visible
10
160.6070
20
114.5462
30
0
0
VERTEX
8
Visible
10
160.6177
20
114.5491
30
0
0
VERTEX
8
Visible
10
160.6284
20
114.5520
30
0
0
VERTEX
8
Visible
10
160.6390
20
114.5550
30
0
0
VERTEX
8
Visible
10
160.6497
20
114.5579
30
0
0
VERTEX
8
Visible
10
160.6603
20
114.5609
30
0
0
VERTEX
8
Visible
10
160.6710
20
114.5639
30
0
0
VERTEX
8
Visible
10
160.6816
20
114.5669
30
0
0
VERTEX
8
Visible
10
160.6922
20
114.5699
30
0
0
VERTEX
8
Visible
10
160.7029
20
114.5729
30
0
0
VERTEX
8
Visible
10
160.7135
20
114.5759
30
0
0
VERTEX
8
Visible
10
160.7241
20
114.5789
30
0
0
VERTEX
8
Visible
10
160.7348
20
114.5820
30
0
0
VERTEX
8
Visible
10
160.7454
20
114.5850
30
0
0
VERTEX
8
Visible
10
160.7560
20
114.5881
30
0
0
VERTEX
8
Visible
10
160.7666
20
114.5912
30
0
0
VERTEX
8
Visible
10
160.7772
20
114.5943
30
0
0
VERTEX
8
Visible
10
160.7878
20
114.5974
30
0
0
VERTEX
8
Visible
10
160.7984
20
114.6005
30
0
0
VERTEX
8
Visible
10
160.8090
20
114.6036
30
0
0
VERTEX
8
Visible
10
160.8196
20
114.6068
30
0
0
VERTEX
8
Visible
10
160.8302
20
114.6099
30
0
0
VERTEX
8
Visible
10
160.8408
20
114.6131
30
0
0
VERTEX
8
Visible
10
160.8514
20
114.6163
30
0
0
VERTEX
8
Visible
10
160.8620
20
114.6195
30
0
0
VERTEX
8
Visible
10
160.8725
20
114.6227
30
0
0
VERTEX
8
Visible
10
160.8831
20
114.6259
30
0
0
VERTEX
8
Visible
10
160.8937
20
114.6291
30
0
0
VERTEX
8
Visible
10
160.9042
20
114.6323
30
0
0
VERTEX
8
Visible
10
160.9148
20
114.6356
30
0
0
VERTEX
8
Visible
10
160.9254
20
114.6389
30
0
0
VERTEX
8
Visible
10
160.9359
20
114.6421
30
0
0
VERTEX
8
Visible
10
160.9465
20
114.6454
30
0
0
VERTEX
8
Visible
10
160.9570
20
114.6487
30
0
0
VERTEX
8
Visible
10
160.9676
20
114.6520
30
0
0
VERTEX
8
Visible
10
160.9781
20
114.6553
30
0
0
VERTEX
8
Visible
10
160.9886
20
114.6586
30
0
0
VERTEX
8
Visible
10
160.9992
20
114.6620
30
0
0
VERTEX
8
Visible
10
161.0097
20
114.6653
30
0
0
VERTEX
8
Visible
10
161.0202
20
114.6687
30
0
0
VERTEX
8
Visible
10
161.0307
20
114.6721
30
0
0
VERTEX
8
Visible
10
161.0413
20
114.6755
30
0
0
VERTEX
8
Visible
10
161.0518
20
114.6789
30
0
0
VERTEX
8
Visible
10
161.0623
20
114.6823
30
0
0
VERTEX
8
Visible
10
161.0728
20
114.6857
30
0
0
VERTEX
8
Visible
10
161.0833
20
114.6891
30
0
0
VERTEX
8
Visible
10
161.0938
20
114.6926
30
0
0
VERTEX
8
Visible
10
161.1043
20
114.6960
30
0
0
VERTEX
8
Visible
10
161.1148
20
114.6995
30
0
0
VERTEX
8
Visible
10
161.1253
20
114.7030
30
0
0
VERTEX
8
Visible
10
161.1358
20
114.7065
30
0
0
VERTEX
8
Visible
10
161.1462
20
114.7100
30
0
0
VERTEX
8
Visible
10
161.1567
20
114.7135
30
0
0
VERTEX
8
Visible
10
161.1672
20
114.7170
30
0
0
VERTEX
8
Visible
10
161.1776
20
114.7205
30
0
0
VERTEX
8
Visible
10
161.1881
20
114.7241
30
0
0
VERTEX
8
Visible
10
161.1986
20
114.7277
30
0
0
VERTEX
8
Visible
10
161.2090
20
114.7312
30
0
0
VERTEX
8
Visible
10
161.2195
20
114.7348
30
0
0
VERTEX
8
Visible
10
161.2299
20
114.7384
30
0
0
VERTEX
8
Visible
10
161.2404
20
114.7420
30
0
0
VERTEX
8
Visible
10
161.2508
20
114.7456
30
0
0
VERTEX
8
Visible
10
161.2612
20
114.7493
30
0
0
VERTEX
8
Visible
10
161.2717
20
114.7529
30
0
0
VERTEX
8
Visible
10
161.2821
20
114.7566
30
0
0
VERTEX
8
Visible
10
161.2925
20
114.7602
30
0
0
VERTEX
8
Visible
10
161.3029
20
114.7639
30
0
0
SEQEND
8
Visible
0
ARC
8
Visible
10
152.1400
20
140.6925
30
0
40
27.5000
50
289.4630
51
6.3794
0
POLYLINE
8
Visible
66
1
70
0
10
0
20
0
30
0
0
VERTEX
8
Visible
10
161.0602
20
114.8265
30
0
0
VERTEX
8
Visible
10
161.0558
20
114.8224
30
0
0
VERTEX
8
Visible
10
161.0513
20
114.8184
30
0
0
VERTEX
8
Visible
10
161.0468
20
114.8143
30
0
0
VERTEX
8
Visible
10
161.0423
20
114.8103
30
0
0
VERTEX
8
Visible
10
161.0378
20
114.8062
30
0
0
VERTEX
8
Visible
10
161.0332
20
114.8022
30
0
0
VERTEX
8
Visible
10
161.0286
20
114.7982
30
0
0
VERTEX
8
Visible
10
161.0240
20
114.7943
30
0
0
VERTEX
8
Visible
10
161.0193
20
114.7903
30
0
0
VERTEX
8
Visible
10
161.0146
20
114.7863
30
0
0
VERTEX
8
Visible
10
161.0099
20
114.7824
30
0
0
VERTEX
8
Visible
10
161.0052
20
114.7785
30
0
0
VERTEX
8
Visible
10
161.0004
20
114.7746
30
0
0
VERTEX
8
Visible
10
160.9956
20
114.7707
30
0
0
VERTEX
8
Visible
10
160.9908
20
114.7668
30
0
0
VERTEX
8
Visible
10
160.9859
20
114.7629
30
0
0
VERTEX
8
Visible
10
160.9811
20
114.7591
30
0
0
VERTEX
8
Visible
10
160.9762
20
114.7553
30
0
0
VERTEX
8
Visible
10
160.9712
20
114.7514
30
0
0
VERTEX
8
Visible
10
160.9663
20
114.7476
30
0
0
VERTEX
8
Visible
10
160.9613
20
114.7439
30
0
0
VERTEX
8
Visible
10
160.9563
20
114.7401
30
0
0
VERTEX
8
Visible
10
160.9512
20
114.7363
30
0
0
VERTEX
8
Visible
10
160.9461
20
114.7326
30
0
0
VERTEX
8
Visible
10
160.9410
20
114.7288
30
0
0
VERTEX
8
Visible
10
160.9359
20
114.7251
30
0
0
VERTEX
8
Visible
10
160.9308
20
114.7214
30
0
0
VERTEX
8
Visible
10
160.9256
20
114.7177
30
0
0
VERTEX
8
Visible
10
160.9204
20
114.7141
30
0
0
VERTEX
8
Visible
10
160.9151
20
114.7104
30
0
0
VERTEX
8
Visible
10
160.9099
20
114.7068
30
0
0
VERTEX
8
Visible
10
160.9046
20
114.7032
30
0
0
VERTEX
8
Visible
10
160.8993
20
114.6995
30
0
0
VERTEX
8
Visible
10
160.8939
20
114.6959
30
0
0
VERTEX
8
Visible
10
160.8885
20
114.6924
30
0
0
VERTEX
8
Visible
10
160.8831
20
114.6888
30
0
0
VERTEX
8
Visible
10
160.8777
20
114.6852
30
0
0
VERTEX
8
Visible
10
160.8722
20
114.6817
30
0
0
VERTEX
8
Visible
10
160.8667
20
114.6782
30
0
0
VERTEX
8
Visible
10
160.8612
20
114.6747
30
0
0
VERTEX
8
Visible
10
160.8557
20
114.6712
30
0
0
VERTEX
8
Visible
10
160.8501
20
114.6677
30
0
0
VERTEX
8
Visible
10
160.8445
20
114.6642
30
0
0
VERTEX
8
Visible
10
160.8389
20
114.6608
30
0
0
VERTEX
8
Visible
10
160.8332
20
114.6573
30
0
0
VERTEX
8
Visible
10
160.8275
20
114.6539
30
0
0
VERTEX
8
Visible
10
160.8218
20
114.6505
30
0
0
VERTEX
8
Visible
10
160.8161
20
114.6471
30
0
0
VERTEX
8
Visible
10
160.8103
20
114.6437
30
0
0
VERTEX
8
Visible
10
160.8045
20
114.6404
30
0
0
VERTEX
8
Visible
10
160.7987
20
114.6370
30
0
0
VERTEX
8
Visible
10
160.7928
20
114.6337
30
0
0
VERTEX
8
Visible
10
160.7870
20
114.6304
30
0
0
VERTEX
8
Visible
10
160.7810
20
114.6271
30
0
0
VERTEX
8
Visible
10
160.7751
20
114.6238
30
0
0
VERTEX
8
Visible
10
160.7691
20
114.6205
30
0
0
VERTEX
8
Visible
10
160.7632
20
114.6172
30
0
0
VERTEX
8
Visible
10
160.7571
20
114.6140
30
0
0
VERTEX
8
Visible
10
160.7511
20
114.6107
30
0
0
VERTEX
8
Visible
10
160.7450
20
114.6075
30
0
0
VERTEX
8
Visible
10
160.7389
20
114.6043
30
0
0
VERTEX
8
Visible
10
160.7328
20
114.6011
30
0
0
VERTEX
8
Visible
10
160.7266
20
114.5979
30
0
0
VERTEX
8
Visible
10
160.7204
20
114.5948
30
0
0
VERTEX
8
Visible
10
160.7142
20
114.5916
30
0
0
VERTEX
8
Visible
10
160.7080
20
114.5885
30
0
0
VERTEX
8
Visible
10
160.7017
20
114.5854
30
0
0
VERTEX
8
Visible
10
160.6954
20
114.5823
30
0
0
VERTEX
8
Visible
10
160.6891
20
114.5792
30
0
0
VERTEX
8
Visible
10
160.6827
20
114.5761
30
0
0
VERTEX
8
Visible
10
160.6763
20
114.5730
30
0
0
VERTEX
8
Visible
10
160.6699
20
114.5700
30
0
0
SEQEND
8
Visible
0
ARC
8
Visible
10
152.1400
20
140.6925
30
0
40
27.4799
50
287.8055
51
288.0836
0
POLYLINE
8
Visible
66
1
70
0
10
0
20
0
30
0
0
VERTEX
8
Visible
10
143.6101
20
114.5700
30
0
0
VERTEX
8
Visible
10
143.6037
20
114.5730
30
0
0
VERTEX
8
Visible
10
143.5973
20
114.5761
30
0
0
VERTEX
8
Visible
10
143.5910
20
114.5792
30
0
0
VERTEX
8
Visible
10
143.5846
20
114.5823
30
0
0
VERTEX
8
Visible
10
143.5783
20
114.5854
30
0
0
VERTEX
8
Visible
10
143.5721
20
114.5885
30
0
0
VERTEX
8
Visible
10
143.5658
20
114.5916
30
0
0
VERTEX
8
Visible
10
143.5596
20
114.5948
30
0
0
VERTEX
8
Visible
10
143.5534
20
114.5979
30
0
0
VERTEX
8
Visible
10
143.5473
20
114.6011
30
0
0
VERTEX
8
Visible
10
143.5411
20
114.6043
30
0
0
VERTEX
8
Visible
10
143.5350
20
114.6075
30
0
0
VERTEX
8
Visible
10
143.5289
20
114.6107
30
0
0
VERTEX
8
Visible
10
143.5229
20
114.6140
30
0
0
VERTEX
8
Visible
10
143.5169
20
114.6172
30
0
0
VERTEX
8
Visible
10
143.5109
20
114.6205
30
0
0
VERTEX
8
Visible
10
143.5049
20
114.6238
30
0
0
VERTEX
8
Visible
10
143.4990
20
114.6271
30
0
0
VERTEX
8
Visible
10
143.4931
20
114.6304
30
0
0
VERTEX
8
Visible
10
143.4872
20
114.6337
30
0
0
VERTEX
8
Visible
10
143.4813
20
114.6370
30
0
0
VERTEX
8
Visible
10
143.4755
20
114.6404
30
0
0
VERTEX
8
Visible
10
143.4697
20
114.6437
30
0
0
VERTEX
8
Visible
10
143.4640
20
114.6471
30
0
0
VERTEX
8
Visible
10
143.4582
20
114.6505
30
0
0
VERTEX
8
Visible
10
143.4525
20
114.6539
30
0
0
VERTEX
8
Visible
10
143.4468
20
114.6573
30
0
0
VERTEX
8
Visible
10
143.4412
20
114.6608
30
0
0
VERTEX
8
Visible
10
143.4355
20
114.6642
30
0
0
VERTEX
8
Visible
10
143.4299
20
114.6677
30
0
0
VERTEX
8
Visible
10
143.4244
20
114.6712
30
0
0
VERTEX
8
Visible
10
143.4188
20
114.6747
30
0
0
VERTEX
8
Visible
10
143.4133
20
114.6782
30
0
0
VERTEX
8
Visible
10
143.4078
20
114.6817
30
0
0
VERTEX
8
Visible
10
143.4023
20
114.6852
30
0
0
VERTEX
8
Visible
10
143.3969
20
114.6888
30
0
0
VERTEX
8
Visible
10
143.3915
20
114.6924
30
0
0
VERTEX
8
Visible
10
143.3861
20
114.6959
30
0
0
VERTEX
8
Visible
10
143.3808
20
114.6995
30
0
0
VERTEX
8
Visible
10
143.3755
20
114.7032
30
0
0
VERTEX
8
Visible
10
143.3702
20
114.7068
30
0
0
VERTEX
8
Visible
10
143.3649
20
114.7104
30
0
0
VERTEX
8
Visible
10
143.3597
20
114.7141
30
0
0
VERTEX
8
Visible
10
143.3544
20
114.7177
30
0
0
VERTEX
8
Visible
10
143.3493
20
114.7214
30
0
0
VERTEX
8
Visible
10
143.3441
20
114.7251
30
0
0
VERTEX
8
Visible
10
143.3390
20
114.7288
30
0
0
VERTEX
8
Visible
10
143.3339
20
114.7326
30
0
0
VERTEX
8
Visible
10
143.3288
20
114.7363
30
0
0
VERTEX
8
Visible
10
143.3238
20
114.7401
30
0
0
VERTEX
8
Visible
10
143.3187
20
114.7439
30
0
0
VERTEX
8
Visible
10
143.3138
20
114.7476
30
0
0
VERTEX
8
Visible
10
143.3088
20
114.7514
30
0
0
VERTEX
8
Visible
10
143.3039
20
114.7553
30
0
0
VERTEX
8
Visible
10
143.2990
20
114.7591
30
0
0
VERTEX
8
Visible
10
143.2941
20
114.7629
30
0
0
VERTEX
8
Visible
10
143.2892
20
114.7668
30
0
0
VERTEX
8
Visible
10
143.2844
20
114.7707
30
0
0
VERTEX
8
Visible
10
143.2796
20
114.7746
30
0
0
VERTEX
8
Visible
10
143.2748
20
114.7785
30
0
0
VERTEX
8
Visible
10
143.2701
20
114.7824
30
0
0
VERTEX
8
Visible
10
143.2654
20
114.7863
30
0
0
VERTEX
8
Visible
10
143.2607
20
114.7903
30
0
0
VERTEX
8
Visible
10
143.2561
20
114.7943
30
0
0
VERTEX
8
Visible
10
143.2514
20
114.7982
30
0
0
VERTEX
8
Visible
10
143.2468
20
114.8022
30
0
0
VERTEX
8
Visible
10
143.2422
20
114.8062
30
0
0
VERTEX
8
Visible
10
143.2377
20
114.8103
30
0
0
VERTEX
8
Visible
10
143.2332
20
114.8143
30
0
0
VERTEX
8
Visible
10
143.2287
20
114.8184
30
0
0
VERTEX
8
Visible
10
143.2242
20
114.8224
30
0
0
VERTEX
8
Visible
10
143.2198
20
114.8265
30
0
0
SEQEND
8
Visible
0
ARC
8
Visible
10
146.4456
20
125.0267
30
0
40
10.8343
50
254.8282
51
270.2455
0
LINE
8
Visible
10
146.4920
20
114.1925
30
0
11
157.7880
21
114.1925
31
0
0
ARC
8
Visible
10
157.8347
20
125.0244
30
0
40
10.8320
50
269.7528
51
285.1734
0
ARC
8
Visible
10
152.1400
20
140.6925
30
0
40
27.5000
50
173.6206
51
250.5370
0
POLYLINE
8
Visible
66
1
70
0
10
0
20
0
30
0
0
VERTEX
8
Visible
10
142.9771
20
114.7639
30
0
0
VERTEX
8
Visible
10
142.9875
20
114.7602
30
0
0
VERTEX
8
Visible
10
142.9979
20
114.7566
30
0
0
VERTEX
8
Visible
10
143.0084
20
114.7529
30
0
0
VERTEX
8
Visible
10
143.0188
20
114.7493
30
0
0
VERTEX
8
Visible
10
143.0292
20
114.7456
30
0
0
VERTEX
8
Visible
10
143.0397
20
114.7420
30
0
0
VERTEX
8
Visible
10
143.0501
20
114.7384
30
0
0
VERTEX
8
Visible
10
143.0606
20
114.7348
30
0
0
VERTEX
8
Visible
10
143.0710
20
114.7312
30
0
0
VERTEX
8
Visible
10
143.0815
20
114.7277
30
0
0
VERTEX
8
Visible
10
143.0919
20
114.7241
30
0
0
VERTEX
8
Visible
10
143.1024
20
114.7205
30
0
0
VERTEX
8
Visible
10
143.1129
20
114.7170
30
0
0
VERTEX
8
Visible
10
143.1233
20
114.7135
30
0
0
VERTEX
8
Visible
10
143.1338
20
114.7100
30
0
0
VERTEX
8
Visible
10
143.1443
20
114.7065
30
0
0
VERTEX
8
Visible
10
143.1548
20
114.7030
30
0
0
VERTEX
8
Visible
10
143.1653
20
114.6995
30
0
0
VERTEX
8
Visible
10
143.1757
20
114.6960
30
0
0
VERTEX
8
Visible
10
143.1862
20
114.6926
30
0
0
VERTEX
8
Visible
10
143.1967
20
114.6891
30
0
0
VERTEX
8
Visible
10
143.2072
20
114.6857
30
0
0
VERTEX
8
Visible
10
143.2177
20
114.6823
30
0
0
VERTEX
8
Visible
10
143.2283
20
114.6789
30
0
0
VERTEX
8
Visible
10
143.2388
20
114.6755
30
0
0
VERTEX
8
Visible
10
143.2493
20
114.6721
30
0
0
VERTEX
8
Visible
10
143.2598
20
114.6687
30
0
0
VERTEX
8
Visible
10
143.2703
20
114.6653
30
0
0
VERTEX
8
Visible
10
143.2809
20
114.6620
30
0
0
VERTEX
8
Visible
10
143.2914
20
114.6586
30
0
0
VERTEX
8
Visible
10
143.3019
20
114.6553
30
0
0
VERTEX
8
Visible
10
143.3125
20
114.6520
30
0
0
VERTEX
8
Visible
10
143.3230
20
114.6487
30
0
0
VERTEX
8
Visible
10
143.3336
20
114.6454
30
0
0
VERTEX
8
Visible
10
143.3441
20
114.6421
30
0
0
VERTEX
8
Visible
10
143.3547
20
114.6389
30
0
0
VERTEX
8
Visible
10
143.3652
20
114.6356
30
0
0
VERTEX
8
Visible
10
143.3758
20
114.6323
30
0
0
VERTEX
8
Visible
10
143.3864
20
114.6291
30
0
0
VERTEX
8
Visible
10
143.3969
20
114.6259
30
0
0
VERTEX
8
Visible
10
143.4075
20
114.6227
30
0
0
VERTEX
8
Visible
10
143.4181
20
114.6195
30
0
0
VERTEX
8
Visible
10
143.4287
20
114.6163
30
0
0
VERTEX
8
Visible
10
143.4392
20
114.6131
30
0
0
VERTEX
8
Visible
10
143.4498
20
114.6099
30
0
0
VERTEX
8
Visible
10
143.4604
20
114.6068
30
0
0
VERTEX
8
Visible
10
143.4710
20
114.6036
30
0
0
VERTEX
8
Visible
10
143.4816
20
114.6005
30
0
0
VERTEX
8
Visible
10
143.4922
20
114.5974
30
0
0
VERTEX
8
Visible
10
143.5028
20
114.5943
30
0
0
VERTEX
8
Visible
10
143.5134
20
114.5912
30
0
0
VERTEX
8
Visible
10
143.5240
20
114.5881
30
0
0
VERTEX
8
Visible
10
143.5347
20
114.5850
30
0
0
VERTEX
8
Visible
10
143.5453
20
114.5820
30
0
0
VERTEX
8
Visible
10
143.5559
20
114.5789
30
0
0
VERTEX
8
Visible
10
143.5665
20
114.5759
30
0
0
VERTEX
8
Visible
10
143.5772
20
114.5729
30
0
0
VERTEX
8
Visible
10
143.5878
20
114.5699
30
0
0
VERTEX
8
Visible
10
143.5984
20
114.5669
30
0
0
VERTEX
8
Visible
10
143.6091
20
114.5639
30
0
0
VERTEX
8
Visible
10
143.6197
20
114.5609
30
0
0
VERTEX
8
Visible
10
143.6304
20
114.5579
30
0
0
VERTEX
8
Visible
10
143.6410
20
114.5550
30
0
0
VERTEX
8
Visible
10
143.6517
20
114.5520
30
0
0
VERTEX
8
Visible
10
143.6623
20
114.5491
30
0
0
VERTEX
8
Visible
10
143.6730
20
114.5462
30
0
0
VERTEX
8
Visible
10
143.6837
20
114.5433
30
0
0
VERTEX
8
Visible
10
143.6943
20
114.5404
30
0
0
VERTEX
8
Visible
10
143.7050
20
114.5375
30
0
0
VERTEX
8
Visible
10
143.7157
20
114.5346
30
0
0
VERTEX
8
Visible
10
143.7263
20
114.5317
30
0
0
VERTEX
8
Visible
10
143.7370
20
114.5289
30
0
0
SEQEND
8
Visible
0
ARC
8
Visible
10
152.1400
20
140.6925
30
0
40
27.4799
50
251.9164
51
252.1945
0
LINE
8
Visible
10
125.5189
20
150.0855
30
0
11
124.8103
21
143.7480
31
0
0
ARC
8
Visible
10
152.1400
20
163.1925
30
0
40
26.2000
50
315.9304
51
323.9838
0
ARC
8
Visible
10
152.1400
20
163.1925
30
0
40
26.2000
50
216.0162
51
224.0696
0
ARC
8
Visible
10
152.1400
20
163.1925
30
0
40
26.2000
50
224.0696
51
315.9304
0
ARC
8
Visible
10
146.3091
20
124.1925
30
0
40
10.0000
50
255.0958
51
270.0000
0
LINE
8
Visible
10
146.3091
20
114.1925
30
0
11
146.4920
21
114.1925
31
0
0
LINE
8
Visible
10
157.7880
20
114.1925
30
0
11
157.9710
21
114.1925
31
0
0
ARC
8
Visible
10
157.9710
20
124.1925
30
0
40
10.0000
50
270.0000
51
284.9042
0
POLYLINE
8
Visible
66
1
70
0
10
0
20
0
30
0
0
VERTEX
8
Visible
10
60.7041
20
181.6985
30
0
0
VERTEX
8
Visible
10
60.7157
20
181.7144
30
0
0
VERTEX
8
Visible
10
60.7275
20
181.7305
30
0
0
VERTEX
8
Visible
10
60.7396
20
181.7467
30
0
0
VERTEX
8
Visible
10
60.7519
20
181.7630
30
0
0
VERTEX
8
Visible
10
60.7645
20
181.7794
30
0
0
VERTEX
8
Visible
10
60.7773
20
181.7959
30
0
0
VERTEX
8
Visible
10
60.7903
20
181.8125
30
0
0
VERTEX
8
Visible
10
60.8036
20
181.8292
30
0
0
VERTEX
8
Visible
10
60.8171
20
181.8460
30
0
0
VERTEX
8
Visible
10
60.8308
20
181.8628
30
0
0
VERTEX
8
Visible
10
60.8447
20
181.8798
30
0
0
VERTEX
8
Visible
10
60.8588
20
181.8968
30
0
0
VERTEX
8
Visible
10
60.8731
20
181.9138
30
0
0
VERTEX
8
Visible
10
60.8876
20
181.9309
30
0
0
VERTEX
8
Visible
10
60.9023
20
181.9481
30
0
0
VERTEX
8
Visible
10
60.9172
20
181.9654
30
0
0
VERTEX
8
Visible
10
60.9324
20
181.9827
30
0
0
VERTEX
8
Visible
10
60.9476
20
182.0001
30
0
0
VERTEX
8
Visible
10
60.9631
20
182.0175
30
0
0
VERTEX
8
Visible
10
60.9788
20
182.0349
30
0
0
VERTEX
8
Visible
10
60.9946
20
182.0524
30
0
0
VERTEX
8
Visible
10
61.0107
20
182.0700
30
0
0
VERTEX
8
Visible
10
61.0268
20
182.0876
30
0
0
VERTEX
8
Visible
10
61.0432
20
182.1052
30
0
0
VERTEX
8
Visible
10
61.0597
20
182.1228
30
0
0
VERTEX
8
Visible
10
61.0764
20
182.1405
30
0
0
VERTEX
8
Visible
10
61.0933
20
182.1582
30
0
0
VERTEX
8
Visible
10
61.1103
20
182.1759
30
0
0
VERTEX
8
Visible
10
61.1274
20
182.1937
30
0
0
VERTEX
8
Visible
10
61.1448
20
182.2115
30
0
0
VERTEX
8
Visible
10
61.1622
20
182.2292
30
0
0
VERTEX
8
Visible
10
61.1798
20
182.2470
30
0
0
VERTEX
8
Visible
10
61.1976
20
182.2648
30
0
0
VERTEX
8
Visible
10
61.2154
20
182.2826
30
0
0
VERTEX
8
Visible
10
61.2335
20
182.3004
30
0
0
VERTEX
8
Visible
10
61.2516
20
182.3182
30
0
0
VERTEX
8
Visible
10
61.2699
20
182.3360
30
0
0
VERTEX
8
Visible
10
61.2883
20
182.3538
30
0
0
VERTEX
8
Visible
10
61.3068
20
182.3716
30
0
0
VERTEX
8
Visible
10
61.3255
20
182.3894
30
0
0
VERTEX
8
Visible
10
61.3443
20
182.4071
30
0
0
VERTEX
8
Visible
10
61.3632
20
182.4249
30
0
0
VERTEX
8
Visible
10
61.3822
20
182.4427
30
0
0
VERTEX
8
Visible
10
61.4013
20
182.4604
30
0
0
VERTEX
8
Visible
10
61.4205
20
182.4781
30
0
0
VERTEX
8
Visible
10
61.4399
20
182.4958
30
0
0
VERTEX
8
Visible
10
61.4594
20
182.5135
30
0
0
VERTEX
8
Visible
10
61.4789
20
182.5311
30
0
0
VERTEX
8
Visible
10
61.4986
20
182.5488
30
0
0
VERTEX
8
Visible
10
61.5184
20
182.5664
30
0
0
VERTEX
8
Visible
10
61.5382
20
182.5840
30
0
0
VERTEX
8
Visible
10
61.5582
20
182.6015
30
0
0
VERTEX
8
Visible
10
61.5783
20
182.6190
30
0
0
VERTEX
8
Visible
10
61.5984
20
182.6365
30
0
0
VERTEX
8
Visible
10
61.6187
20
182.6540
30
0
0
VERTEX
8
Visible
10
61.6390
20
182.6714
30
0
0
VERTEX
8
Visible
10
61.6594
20
182.6888
30
0
0
VERTEX
8
Visible
10
61.6799
20
182.7061
30
0
0
VERTEX
8
Visible
10
61.7005
20
182.7234
30
0
0
VERTEX
8
Visible
10
61.7212
20
182.7406
30
0
0
VERTEX
8
Visible
10
61.7419
20
182.7579
30
0
0
VERTEX
8
Visible
10
61.7627
20
182.7750
30
0
0
VERTEX
8
Visible
10
61.7836
20
182.7921
30
0
0
VERTEX
8
Visible
10
61.8046
20
182.8092
30
0
0
VERTEX
8
Visible
10
61.8256
20
182.8262
30
0
0
VERTEX
8
Visible
10
61.8467
20
182.8431
30
0
0
VERTEX
8
Visible
10
61.8678
20
182.8600
30
0
0
VERTEX
8
Visible
10
61.8891
20
182.8769
30
0
0
VERTEX
8
Visible
10
61.9103
20
182.8936
30
0
0
VERTEX
8
Visible
10
61.9317
20
182.9104
30
0
0
VERTEX
8
Visible
10
61.9530
20
182.9270
30
0
0
VERTEX
8
Visible
10
61.9745
20
182.9436
30
0
0
VERTEX
8
Visible
10
61.9960
20
182.9601
30
0
0
VERTEX
8
Visible
10
62.0175
20
182.9766
30
0
0
VERTEX
8
Visible
10
62.0391
20
182.9929
30
0
0
VERTEX
8
Visible
10
62.0607
20
183.0092
30
0
0
VERTEX
8
Visible
10
62.0824
20
183.0255
30
0
0
VERTEX
8
Visible
10
62.1041
20
183.0416
30
0
0
VERTEX
8
Visible
10
62.1259
20
183.0577
30
0
0
VERTEX
8
Visible
10
62.1477
20
183.0738
30
0
0
VERTEX
8
Visible
10
62.1695
20
183.0897
30
0
0
VERTEX
8
Visible
10
62.1914
20
183.1056
30
0
0
VERTEX
8
Visible
10
62.2134
20
183.1214
30
0
0
VERTEX
8
Visible
10
62.2353
20
183.1371
30
0
0
VERTEX
8
Visible
10
62.2573
20
183.1528
30
0
0
VERTEX
8
Visible
10
62.2794
20
183.1684
30
0
0
VERTEX
8
Visible
10
62.3015
20
183.1839
30
0
0
VERTEX
8
Visible
10
62.3236
20
183.1993
30
0
0
VERTEX
8
Visible
10
62.3457
20
183.2146
30
0
0
VERTEX
8
Visible
10
62.3678
20
183.2299
30
0
0
VERTEX
8
Visible
10
62.3900
20
183.2450
30
0
0
VERTEX
8
Visible
10
62.4122
20
183.2601
30
0
0
VERTEX
8
Visible
10
62.4344
20
183.2751
30
0
0
VERTEX
8
Visible
10
62.4567
20
183.2900
30
0
0
VERTEX
8
Visible
10
62.4789
20
183.3048
30
0
0
VERTEX
8
Visible
10
62.5012
20
183.3195
30
0
0
VERTEX
8
Visible
10
62.5235
20
183.3342
30
0
0
VERTEX
8
Visible
10
62.5458
20
183.3487
30
0
0
VERTEX
8
Visible
10
62.5681
20
183.3632
30
0
0
VERTEX
8
Visible
10
62.5904
20
183.3775
30
0
0
VERTEX
8
Visible
10
62.6127
20
183.3917
30
0
0
VERTEX
8
Visible
10
62.6350
20
183.4059
30
0
0
VERTEX
8
Visible
10
62.6573
20
183.4199
30
0
0
VERTEX
8
Visible
10
62.6796
20
183.4339
30
0
0
VERTEX
8
Visible
10
62.7020
20
183.4477
30
0
0
VERTEX
8
Visible
10
62.7243
20
183.4615
30
0
0
VERTEX
8
Visible
10
62.7466
20
183.4751
30
0
0
VERTEX
8
Visible
10
62.7688
20
183.4886
30
0
0
VERTEX
8
Visible
10
62.7911
20
183.5021
30
0
0
VERTEX
8
Visible
10
62.8134
20
183.5154
30
0
0
VERTEX
8
Visible
10
62.8357
20
183.5286
30
0
0
VERTEX
8
Visible
10
62.8579
20
183.5417
30
0
0
VERTEX
8
Visible
10
62.8801
20
183.5547
30
0
0
VERTEX
8
Visible
10
62.9023
20
183.5675
30
0
0
VERTEX
8
Visible
10
62.9245
20
183.5803
30
0
0
VERTEX
8
Visible
10
62.9466
20
183.5929
30
0
0
VERTEX
8
Visible
10
62.9688
20
183.6054
30
0
0
VERTEX
8
Visible
10
62.9909
20
183.6178
30
0
0
VERTEX
8
Visible
10
63.0129
20
183.6301
30
0
0
VERTEX
8
Visible
10
63.0350
20
183.6423
30
0
0
VERTEX
8
Visible
10
63.0570
20
183.6543
30
0
0
VERTEX
8
Visible
10
63.0790
20
183.6662
30
0
0
VERTEX
8
Visible
10
63.1009
20
183.6780
30
0
0
VERTEX
8
Visible
10
63.1228
20
183.6897
30
0
0
VERTEX
8
Visible
10
63.1447
20
183.7012
30
0
0
VERTEX
8
Visible
10
63.1665
20
183.7126
30
0
0
VERTEX
8
Visible
10
63.1882
20
183.7239
30
0
0
VERTEX
8
Visible
10
63.2100
20
183.7351
30
0
0
VERTEX
8
Visible
10
63.2316
20
183.7461
30
0
0
VERTEX
8
Visible
10
63.2533
20
183.7570
30
0
0
VERTEX
8
Visible
10
63.2748
20
183.7677
30
0
0
VERTEX
8
Visible
10
63.2963
20
183.7784
30
0
0
VERTEX
8
Visible
10
63.3178
20
183.7888
30
0
0
VERTEX
8
Visible
10
63.3392
20
183.7992
30
0
0
VERTEX
8
Visible
10
63.3605
20
183.8094
30
0
0
VERTEX
8
Visible
10
63.3817
20
183.8195
30
0
0
VERTEX
8
Visible
10
63.4029
20
183.8294
30
0
0
VERTEX
8
Visible
10
63.4241
20
183.8392
30
0
0
VERTEX
8
Visible
10
63.4451
20
183.8489
30
0
0
VERTEX
8
Visible
10
63.4661
20
183.8584
30
0
0
VERTEX
8
Visible
10
63.4870
20
183.8678
30
0
0
VERTEX
8
Visible
10
63.5078
20
183.8770
30
0
0
VERTEX
8
Visible
10
63.5285
20
183.8860
30
0
0
VERTEX
8
Visible
10
63.5492
20
183.8950
30
0
0
VERTEX
8
Visible
10
63.5697
20
183.9037
30
0
0
VERTEX
8
Visible
10
63.5902
20
183.9124
30
0
0
VERTEX
8
Visible
10
63.6106
20
183.9208
30
0
0
VERTEX
8
Visible
10
63.6309
20
183.9291
30
0
0
VERTEX
8
Visible
10
63.6511
20
183.9373
30
0
0
VERTEX
8
Visible
10
63.6712
20
183.9453
30
0
0
VERTEX
8
Visible
10
63.6912
20
183.9532
30
0
0
VERTEX
8
Visible
10
63.7111
20
183.9609
30
0
0
VERTEX
8
Visible
10
63.7309
20
183.9684
30
0
0
VERTEX
8
Visible
10
63.7506
20
183.9758
30
0
0
VERTEX
8
Visible
10
63.7702
20
183.9830
30
0
0
VERTEX
8
Visible
10
63.7896
20
183.9900
30
0
0
VERTEX
8
Visible
10
63.8090
20
183.9969
30
0
0
VERTEX
8
Visible
10
63.8282
20
184.0036
30
0
0
VERTEX
8
Visible
10
63.8473
20
184.0101
30
0
0
VERTEX
8
Visible
10
63.8662
20
184.0165
30
0
0
VERTEX
8
Visible
10
63.8850
20
184.0227
30
0
0
VERTEX
8
Visible
10
63.9037
20
184.0287
30
0
0
VERTEX
8
Visible
10
63.9222
20
184.0345
30
0
0
VERTEX
8
Visible
10
63.9406
20
184.0402
30
0
0
VERTEX
8
Visible
10
63.9589
20
184.0457
30
0
0
VERTEX
8
Visible
10
63.9770
20
184.0510
30
0
0
VERTEX
8
Visible
10
63.9949
20
184.0562
30
0
0
VERTEX
8
Visible
10
64.0127
20
184.0611
30
0
0
VERTEX
8
Visible
10
64.0304
20
184.0659
30
0
0
VERTEX
8
Visible
10
64.0478
20
184.0705
30
0
0
VERTEX
8
Visible
10
64.0652
20
184.0749
30
0
0
VERTEX
8
Visible
10
64.0823
20
184.0792
30
0
0
VERTEX
8
Visible
10
64.0993
20
184.0832
30
0
0
VERTEX
8
Visible
10
64.1161
20
184.0871
30
0
0
VERTEX
8
Visible
10
64.1328
20
184.0907
30
0
0
VERTEX
8
Visible
10
64.1492
20
184.0942
30
0
0
VERTEX
8
Visible
10
64.1655
20
184.0975
30
0
0
VERTEX
8
Visible
10
64.1816
20
184.1006
30
0
0
VERTEX
8
Visible
10
64.1976
20
184.1035
30
0
0
VERTEX
8
Visible
10
64.2133
20
184.1062
30
0
0
VERTEX
8
Visible
10
64.2288
20
184.1088
30
0
0
VERTEX
8
Visible
10
64.2442
20
184.1111
30
0
0
VERTEX
8
Visible
10
64.2593
20
184.1132
30
0
0
VERTEX
8
Visible
10
64.2743
20
184.1151
30
0
0
VERTEX
8
Visible
10
64.2890
20
184.1169
30
0
0
VERTEX
8
Visible
10
64.3035
20
184.1184
30
0
0
VERTEX
8
Visible
10
64.3178
20
184.1197
30
0
0
VERTEX
8
Visible
10
64.3318
20
184.1208
30
0
0
VERTEX
8
Visible
10
64.3457
20
184.1217
30
0
0
VERTEX
8
Visible
10
64.3593
20
184.1224
30
0
0
VERTEX
8
Visible
10
64.3726
20
184.1230
30
0
0
VERTEX
8
Visible
10
64.3858
20
184.1232
30
0
0
VERTEX
8
Visible
10
64.3987
20
184.1233
30
0
0
VERTEX
8
Visible
10
64.4113
20
184.1232
30
0
0
VERTEX
8
Visible
10
64.4237
20
184.1229
30
0
0
VERTEX
8
Visible
10
64.4359
20
184.1224
30
0
0
VERTEX
8
Visible
10
64.4478
20
184.1216
30
0
0
VERTEX
8
Visible
10
64.4594
20
184.1207
30
0
0
VERTEX
8
Visible
10
64.4708
20
184.1195
30
0
0
VERTEX
8
Visible
10
64.4820
20
184.1181
30
0
0
VERTEX
8
Visible
10
64.4929
20
184.1165
30
0
0
VERTEX
8
Visible
10
64.5035
20
184.1147
30
0
0
VERTEX
8
Visible
10
64.5138
20
184.1127
30
0
0
VERTEX
8
Visible
10
64.5239
20
184.1104
30
0
0
VERTEX
8
Visible
10
64.5337
20
184.1080
30
0
0
VERTEX
8
Visible
10
64.5432
20
184.1053
30
0
0
VERTEX
8
Visible
10
64.5524
20
184.1024
30
0
0
VERTEX
8
Visible
10
64.5613
20
184.0993
30
0
0
VERTEX
8
Visible
10
64.5699
20
184.0960
30
0
0
VERTEX
8
Visible
10
64.5783
20
184.0925
30
0
0
VERTEX
8
Visible
10
64.5863
20
184.0888
30
0
0
VERTEX
8
Visible
10
64.5940
20
184.0848
30
0
0
VERTEX
8
Visible
10
64.6014
20
184.0807
30
0
0
VERTEX
8
Visible
10
64.6085
20
184.0763
30
0
0
VERTEX
8
Visible
10
64.6154
20
184.0717
30
0
0
VERTEX
8
Visible
10
64.6219
20
184.0669
30
0
0
SEQEND
8
Visible
0
LINE
8
Visible
10
65.4662
20
141.6925
30
0
11
59.8678
21
141.6925
31
0
0
LINE
8
Visible
10
66.0453
20
141.6925
30
0
11
65.4662
21
141.6925
31
0
0
LINE
8
Visible
10
67.7086
20
141.6925
30
0
11
66.0453
21
141.6925
31
0
0
LINE
8
Visible
10
68.3678
20
141.6925
30
0
11
67.7086
21
141.6925
31
0
0
POLYLINE
8
Visible
66
1
70
0
10
0
20
0
30
0
0
VERTEX
8
Visible
10
60.4832
20
183.6668
30
0
0
VERTEX
8
Visible
10
60.4833
20
183.6733
30
0
0
VERTEX
8
Visible
10
60.4836
20
183.6799
30
0
0
VERTEX
8
Visible
10
60.4841
20
183.6867
30
0
0
VERTEX
8
Visible
10
60.4847
20
183.6935
30
0
0
VERTEX
8
Visible
10
60.4856
20
183.7005
30
0
0
VERTEX
8
Visible
10
60.4866
20
183.7076
30
0
0
VERTEX
8
Visible
10
60.4878
20
183.7148
30
0
0
VERTEX
8
Visible
10
60.4892
20
183.7222
30
0
0
VERTEX
8
Visible
10
60.4908
20
183.7296
30
0
0
VERTEX
8
Visible
10
60.4926
20
183.7372
30
0
0
VERTEX
8
Visible
10
60.4945
20
183.7448
30
0
0
VERTEX
8
Visible
10
60.4967
20
183.7526
30
0
0
VERTEX
8
Visible
10
60.4990
20
183.7605
30
0
0
VERTEX
8
Visible
10
60.5015
20
183.7685
30
0
0
VERTEX
8
Visible
10
60.5042
20
183.7766
30
0
0
VERTEX
8
Visible
10
60.5071
20
183.7848
30
0
0
VERTEX
8
Visible
10
60.5102
20
183.7931
30
0
0
VERTEX
8
Visible
10
60.5134
20
183.8015
30
0
0
VERTEX
8
Visible
10
60.5169
20
183.8100
30
0
0
VERTEX
8
Visible
10
60.5205
20
183.8186
30
0
0
VERTEX
8
Visible
10
60.5243
20
183.8273
30
0
0
VERTEX
8
Visible
10
60.5283
20
183.8361
30
0
0
VERTEX
8
Visible
10
60.5324
20
183.8450
30
0
0
VERTEX
8
Visible
10
60.5367
20
183.8540
30
0
0
VERTEX
8
Visible
10
60.5412
20
183.8631
30
0
0
VERTEX
8
Visible
10
60.5459
20
183.8723
30
0
0
VERTEX
8
Visible
10
60.5508
20
183.8815
30
0
0
VERTEX
8
Visible
10
60.5558
20
183.8908
30
0
0
VERTEX
8
Visible
10
60.5610
20
183.9003
30
0
0
VERTEX
8
Visible
10
60.5663
20
183.9098
30
0
0
VERTEX
8
Visible
10
60.5719
20
183.9193
30
0
0
VERTEX
8
Visible
10
60.5776
20
183.9290
30
0
0
VERTEX
8
Visible
10
60.5834
20
183.9387
30
0
0
VERTEX
8
Visible
10
60.5895
20
183.9486
30
0
0
VERTEX
8
Visible
10
60.5957
20
183.9585
30
0
0
VERTEX
8
Visible
10
60.6020
20
183.9684
30
0
0
VERTEX
8
Visible
10
60.6086
20
183.9785
30
0
0
VERTEX
8
Visible
10
60.6152
20
183.9886
30
0
0
VERTEX
8
Visible
10
60.6221
20
183.9988
30
0
0
VERTEX
8
Visible
10
60.6291
20
184.0091
30
0
0
VERTEX
8
Visible
10
60.6363
20
184.0195
30
0
0
VERTEX
8
Visible
10
60.6436
20
184.0299
30
0
0
VERTEX
8
Visible
10
60.6511
20
184.0404
30
0
0
VERTEX
8
Visible
10
60.6587
20
184.0509
30
0
0
VERTEX
8
Visible
10
60.6666
20
184.0616
30
0
0
VERTEX
8
Visible
10
60.6745
20
184.0723
30
0
0
VERTEX
8
Visible
10
60.6826
20
184.0830
30
0
0
VERTEX
8
Visible
10
60.6909
20
184.0938
30
0
0
VERTEX
8
Visible
10
60.6993
20
184.1047
30
0
0
VERTEX
8
Visible
10
60.7079
20
184.1157
30
0
0
VERTEX
8
Visible
10
60.7166
20
184.1267
30
0
0
VERTEX
8
Visible
10
60.7255
20
184.1378
30
0
0
VERTEX
8
Visible
10
60.7345
20
184.1489
30
0
0
VERTEX
8
Visible
10
60.7436
20
184.1600
30
0
0
VERTEX
8
Visible
10
60.7529
20
184.1712
30
0
0
VERTEX
8
Visible
10
60.7623
20
184.1825
30
0
0
VERTEX
8
Visible
10
60.7718
20
184.1937
30
0
0
VERTEX
8
Visible
10
60.7815
20
184.2051
30
0
0
VERTEX
8
Visible
10
60.7913
20
184.2164
30
0
0
VERTEX
8
Visible
10
60.8013
20
184.2278
30
0
0
VERTEX
8
Visible
10
60.8113
20
184.2393
30
0
0
VERTEX
8
Visible
10
60.8215
20
184.2508
30
0
0
VERTEX
8
Visible
10
60.8318
20
184.2623
30
0
0
VERTEX
8
Visible
10
60.8423
20
184.2738
30
0
0
VERTEX
8
Visible
10
60.8529
20
184.2854
30
0
0
VERTEX
8
Visible
10
60.8636
20
184.2971
30
0
0
VERTEX
8
Visible
10
60.8744
20
184.3087
30
0
0
VERTEX
8
Visible
10
60.8853
20
184.3204
30
0
0
VERTEX
8
Visible
10
60.8964
20
184.3321
30
0
0
VERTEX
8
Visible
10
60.9075
20
184.3439
30
0
0
VERTEX
8
Visible
10
60.9188
20
184.3556
30
0
0
VERTEX
8
Visible
10
60.9302
20
184.3674
30
0
0
VERTEX
8
Visible
10
60.9418
20
184.3793
30
0
0
VERTEX
8
Visible
10
60.9534
20
184.3911
30
0
0
VERTEX
8
Visible
10
60.9651
20
184.4030
30
0
0
VERTEX
8
Visible
10
60.9770
20
184.4149
30
0
0
VERTEX
8
Visible
10
60.9890
20
184.4268
30
0
0
VERTEX
8
Visible
10
61.0010
20
184.4387
30
0
0
VERTEX
8
Visible
10
61.0132
20
184.4507
30
0
0
VERTEX
8
Visible
10
61.0255
20
184.4627
30
0
0
VERTEX
8
Visible
10
61.0379
20
184.4747
30
0
0
VERTEX
8
Visible
10
61.0504
20
184.4867
30
0
0
VERTEX
8
Visible
10
61.0630
20
184.4987
30
0
0
VERTEX
8
Visible
10
61.0757
20
184.5107
30
0
0
VERTEX
8
Visible
10
61.0885
20
184.5228
30
0
0
VERTEX
8
Visible
10
61.1014
20
184.5348
30
0
0
VERTEX
8
Visible
10
61.1144
20
184.5469
30
0
0
VERTEX
8
Visible
10
61.1274
20
184.5590
30
0
0
VERTEX
8
Visible
10
61.1406
20
184.5711
30
0
0
VERTEX
8
Visible
10
61.1539
20
184.5832
30
0
0
VERTEX
8
Visible
10
61.1672
20
184.5952
30
0
0
VERTEX
8
Visible
10
61.1806
20
184.6073
30
0
0
VERTEX
8
Visible
10
61.1942
20
184.6194
30
0
0
VERTEX
8
Visible
10
61.2078
20
184.6315
30
0
0
VERTEX
8
Visible
10
61.2214
20
184.6436
30
0
0
VERTEX
8
Visible
10
61.2352
20
184.6557
30
0
0
VERTEX
8
Visible
10
61.2491
20
184.6678
30
0
0
VERTEX
8
Visible
10
61.2630
20
184.6798
30
0
0
VERTEX
8
Visible
10
61.2770
20
184.6919
30
0
0
VERTEX
8
Visible
10
61.2911
20
184.7040
30
0
0
VERTEX
8
Visible
10
61.3052
20
184.7161
30
0
0
VERTEX
8
Visible
10
61.3195
20
184.7281
30
0
0
VERTEX
8
Visible
10
61.3338
20
184.7402
30
0
0
VERTEX
8
Visible
10
61.3482
20
184.7522
30
0
0
VERTEX
8
Visible
10
61.3626
20
184.7643
30
0
0
VERTEX
8
Visible
10
61.3772
20
184.7763
30
0
0
VERTEX
8
Visible
10
61.3918
20
184.7883
30
0
0
VERTEX
8
Visible
10
61.4064
20
184.8004
30
0
0
VERTEX
8
Visible
10
61.4212
20
184.8124
30
0
0
VERTEX
8
Visible
10
61.4360
20
184.8243
30
0
0
VERTEX
8
Visible
10
61.4509
20
184.8363
30
0
0
VERTEX
8
Visible
10
61.4658
20
184.8483
30
0
0
VERTEX
8
Visible
10
61.4808
20
184.8602
30
0
0
VERTEX
8
Visible
10
61.4959
20
184.8722
30
0
0
VERTEX
8
Visible
10
61.5110
20
184.8841
30
0
0
VERTEX
8
Visible
10
61.5262
20
184.8960
30
0
0
VERTEX
8
Visible
10
61.5415
20
184.9079
30
0
0
VERTEX
8
Visible
10
61.5568
20
184.9197
30
0
0
VERTEX
8
Visible
10
61.5721
20
184.9316
30
0
0
VERTEX
8
Visible
10
61.5876
20
184.9434
30
0
0
VERTEX
8
Visible
10
61.6030
20
184.9552
30
0
0
VERTEX
8
Visible
10
61.6186
20
184.9670
30
0
0
VERTEX
8
Visible
10
61.6342
20
184.9788
30
0
0
VERTEX
8
Visible
10
61.6498
20
184.9905
30
0
0
VERTEX
8
Visible
10
61.6655
20
185.0022
30
0
0
VERTEX
8
Visible
10
61.6813
20
185.0139
30
0
0
VERTEX
8
Visible
10
61.6971
20
185.0256
30
0
0
VERTEX
8
Visible
10
61.7129
20
185.0372
30
0
0
VERTEX
8
Visible
10
61.7288
20
185.0488
30
0
0
VERTEX
8
Visible
10
61.7447
20
185.0604
30
0
0
VERTEX
8
Visible
10
61.7607
20
185.0720
30
0
0
VERTEX
8
Visible
10
61.7767
20
185.0835
30
0
0
VERTEX
8
Visible
10
61.7928
20
185.0950
30
0
0
VERTEX
8
Visible
10
61.8089
20
185.1065
30
0
0
VERTEX
8
Visible
10
61.8251
20
185.1179
30
0
0
VERTEX
8
Visible
10
61.8413
20
185.1293
30
0
0
VERTEX
8
Visible
10
61.8575
20
185.1407
30
0
0
VERTEX
8
Visible
10
61.8738
20
185.1520
30
0
0
VERTEX
8
Visible
10
61.8901
20
185.1633
30
0
0
VERTEX
8
Visible
10
61.9064
20
185.1746
30
0
0
VERTEX
8
Visible
10
61.9228
20
185.1858
30
0
0
VERTEX
8
Visible
10
61.9392
20
185.1970
30
0
0
VERTEX
8
Visible
10
61.9557
20
185.2082
30
0
0
VERTEX
8
Visible
10
61.9722
20
185.2193
30
0
0
VERTEX
8
Visible
10
61.9887
20
185.2304
30
0
0
VERTEX
8
Visible
10
62.0053
20
185.2415
30
0
0
VERTEX
8
Visible
10
62.0219
20
185.2525
30
0
0
VERTEX
8
Visible
10
62.0385
20
185.2635
30
0
0
VERTEX
8
Visible
10
62.0551
20
185.2745
30
0
0
VERTEX
8
Visible
10
62.0718
20
185.2854
30
0
0
VERTEX
8
Visible
10
62.0885
20
185.2962
30
0
0
VERTEX
8
Visible
10
62.1052
20
185.3071
30
0
0
VERTEX
8
Visible
10
62.1220
20
185.3179
30
0
0
VERTEX
8
Visible
10
62.1388
20
185.3286
30
0
0
VERTEX
8
Visible
10
62.1556
20
185.3393
30
0
0
VERTEX
8
Visible
10
62.1724
20
185.3500
30
0
0
VERTEX
8
Visible
10
62.1892
20
185.3606
30
0
0
VERTEX
8
Visible
10
62.2061
20
185.3712
30
0
0
VERTEX
8
Visible
10
62.2230
20
185.3817
30
0
0
VERTEX
8
Visible
10
62.2399
20
185.3922
30
0
0
VERTEX
8
Visible
10
62.2568
20
185.4026
30
0
0
VERTEX
8
Visible
10
62.2738
20
185.4130
30
0
0
VERTEX
8
Visible
10
62.2908
20
185.4234
30
0
0
VERTEX
8
Visible
10
62.3077
20
185.4337
30
0
0
VERTEX
8
Visible
10
62.3247
20
185.4440
30
0
0
VERTEX
8
Visible
10
62.3418
20
185.4542
30
0
0
VERTEX
8
Visible
10
62.3588
20
185.4644
30
0
0
VERTEX
8
Visible
10
62.3758
20
185.4745
30
0
0
VERTEX
8
Visible
10
62.3929
20
185.4845
30
0
0
VERTEX
8
Visible
10
62.4099
20
185.4946
30
0
0
VERTEX
8
Visible
10
62.4270
20
185.5045
30
0
0
VERTEX
8
Visible
10
62.4441
20
185.5145
30
0
0
VERTEX
8
Visible
10
62.4612
20
185.5243
30
0
0
VERTEX
8
Visible
10
62.4783
20
185.5341
30
0
0
VERTEX
8
Visible
10
62.4954
20
185.5439
30
0
0
VERTEX
8
Visible
10
62.5125
20
185.5536
30
0
0
VERTEX
8
Visible
10
62.5296
20
185.5633
30
0
0
VERTEX
8
Visible
10
62.5468
20
185.5729
30
0
0
VERTEX
8
Visible
10
62.5639
20
185.5824
30
0
0
VERTEX
8
Visible
10
62.5810
20
185.5919
30
0
0
VERTEX
8
Visible
10
62.5981
20
185.6014
30
0
0
VERTEX
8
Visible
10
62.6153
20
185.6108
30
0
0
VERTEX
8
Visible
10
62.6324
20
185.6201
30
0
0
VERTEX
8
Visible
10
62.6495
20
185.6294
30
0
0
VERTEX
8
Visible
10
62.6667
20
185.6386
30
0
0
VERTEX
8
Visible
10
62.6838
20
185.6478
30
0
0
VERTEX
8
Visible
10
62.7009
20
185.6569
30
0
0
VERTEX
8
Visible
10
62.7181
20
185.6659
30
0
0
VERTEX
8
Visible
10
62.7352
20
185.6749
30
0
0
VERTEX
8
Visible
10
62.7523
20
185.6838
30
0
0
VERTEX
8
Visible
10
62.7694
20
185.6927
30
0
0
VERTEX
8
Visible
10
62.7865
20
185.7015
30
0
0
VERTEX
8
Visible
10
62.8036
20
185.7102
30
0
0
VERTEX
8
Visible
10
62.8206
20
185.7189
30
0
0
VERTEX
8
Visible
10
62.8377
20
185.7275
30
0
0
VERTEX
8
Visible
10
62.8547
20
185.7361
30
0
0
VERTEX
8
Visible
10
62.8718
20
185.7446
30
0
0
VERTEX
8
Visible
10
62.8888
20
185.7530
30
0
0
VERTEX
8
Visible
10
62.9058
20
185.7614
30
0
0
VERTEX
8
Visible
10
62.9228
20
185.7697
30
0
0
VERTEX
8
Visible
10
62.9398
20
185.7779
30
0
0
VERTEX
8
Visible
10
62.9567
20
185.7861
30
0
0
VERTEX
8
Visible
10
62.9737
20
185.7942
30
0
0
VERTEX
8
Visible
10
62.9906
20
185.8022
30
0
0
VERTEX
8
Visible
10
63.0075
20
185.8102
30
0
0
VERTEX
8
Visible
10
63.0244
20
185.8181
30
0
0
VERTEX
8
Visible
10
63.0412
20
185.8260
30
0
0
VERTEX
8
Visible
10
63.0581
20
185.8337
30
0
0
VERTEX
8
Visible
10
63.0749
20
185.8414
30
0
0
VERTEX
8
Visible
10
63.0917
20
185.8491
30
0
0
VERTEX
8
Visible
10
63.1084
20
185.8566
30
0
0
VERTEX
8
Visible
10
63.1252
20
185.8641
30
0
0
VERTEX
8
Visible
10
63.1419
20
185.8716
30
0
0
VERTEX
8
Visible
10
63.1585
20
185.8789
30
0
0
VERTEX
8
Visible
10
63.1752
20
185.8862
30
0
0
VERTEX
8
Visible
10
63.1918
20
185.8934
30
0
0
VERTEX
8
Visible
10
63.2084
20
185.9006
30
0
0
VERTEX
8
Visible
10
63.2250
20
185.9076
30
0
0
VERTEX
8
Visible
10
63.2415
20
185.9146
30
0
0
VERTEX
8
Visible
10
63.2580
20
185.9216
30
0
0
VERTEX
8
Visible
10
63.2744
20
185.9284
30
0
0
VERTEX
8
Visible
10
63.2908
20
185.9352
30
0
0
VERTEX
8
Visible
10
63.3072
20
185.9419
30
0
0
VERTEX
8
Visible
10
63.3235
20
185.9485
30
0
0
VERTEX
8
Visible
10
63.3399
20
185.9551
30
0
0
VERTEX
8
Visible
10
63.3561
20
185.9615
30
0
0
VERTEX
8
Visible
10
63.3723
20
185.9679
30
0
0
VERTEX
8
Visible
10
63.3885
20
185.9743
30
0
0
VERTEX
8
Visible
10
63.4047
20
185.9805
30
0
0
VERTEX
8
Visible
10
63.4208
20
185.9867
30
0
0
VERTEX
8
Visible
10
63.4368
20
185.9928
30
0
0
VERTEX
8
Visible
10
63.4528
20
185.9988
30
0
0
VERTEX
8
Visible
10
63.4688
20
186.0047
30
0
0
VERTEX
8
Visible
10
63.4847
20
186.0106
30
0
0
VERTEX
8
Visible
10
63.5006
20
186.0164
30
0
0
VERTEX
8
Visible
10
63.5164
20
186.0221
30
0
0
VERTEX
8
Visible
10
63.5322
20
186.0277
30
0
0
VERTEX
8
Visible
10
63.5479
20
186.0332
30
0
0
VERTEX
8
Visible
10
63.5635
20
186.0387
30
0
0
VERTEX
8
Visible
10
63.5791
20
186.0440
30
0
0
VERTEX
8
Visible
10
63.5947
20
186.0493
30
0
0
VERTEX
8
Visible
10
63.6102
20
186.0545
30
0
0
VERTEX
8
Visible
10
63.6256
20
186.0596
30
0
0
VERTEX
8
Visible
10
63.6410
20
186.0646
30
0
0
VERTEX
8
Visible
10
63.6563
20
186.0696
30
0
0
VERTEX
8
Visible
10
63.6715
20
186.0744
30
0
0
VERTEX
8
Visible
10
63.6867
20
186.0792
30
0
0
VERTEX
8
Visible
10
63.7018
20
186.0839
30
0
0
VERTEX
8
Visible
10
63.7168
20
186.0885
30
0
0
VERTEX
8
Visible
10
63.7318
20
186.0930
30
0
0
VERTEX
8
Visible
10
63.7467
20
186.0974
30
0
0
VERTEX
8
Visible
10
63.7615
20
186.1018
30
0
0
VERTEX
8
Visible
10
63.7763
20
186.1060
30
0
0
VERTEX
8
Visible
10
63.7910
20
186.1102
30
0
0
VERTEX
8
Visible
10
63.8056
20
186.1143
30
0
0
VERTEX
8
Visible
10
63.8201
20
186.1182
30
0
0
VERTEX
8
Visible
10
63.8346
20
186.1221
30
0
0
VERTEX
8
Visible
10
63.8490
20
186.1259
30
0
0
VERTEX
8
Visible
10
63.8633
20
186.1296
30
0
0
VERTEX
8
Visible
10
63.8775
20
186.1333
30
0
0
VERTEX
8
Visible
10
63.8917
20
186.1368
30
0
0
VERTEX
8
Visible
10
63.9057
20
186.1402
30
0
0
VERTEX
8
Visible
10
63.9197
20
186.1436
30
0
0
VERTEX
8
Visible
10
63.9336
20
186.1468
30
0
0
VERTEX
8
Visible
10
63.9475
20
186.1500
30
0
0
VERTEX
8
Visible
10
63.9612
20
186.1530
30
0
0
VERTEX
8
Visible
10
63.9748
20
186.1560
30
0
0
VERTEX
8
Visible
10
63.9884
20
186.1589
30
0
0
VERTEX
8
Visible
10
64.0019
20
186.1617
30
0
0
VERTEX
8
Visible
10
64.0153
20
186.1643
30
0
0
VERTEX
8
Visible
10
64.0286
20
186.1669
30
0
0
VERTEX
8
Visible
10
64.0418
20
186.1694
30
0
0
VERTEX
8
Visible
10
64.0549
20
186.1718
30
0
0
VERTEX
8
Visible
10
64.0679
20
186.1741
30
0
0
VERTEX
8
Visible
10
64.0808
20
186.1763
30
0
0
VERTEX
8
Visible
10
64.0937
20
186.1784
30
0
0
VERTEX
8
Visible
10
64.1064
20
186.1804
30
0
0
VERTEX
8
Visible
10
64.1190
20
186.1823
30
0
0
VERTEX
8
Visible
10
64.1315
20
186.1842
30
0
0
VERTEX
8
Visible
10
64.1439
20
186.1859
30
0
0
VERTEX
8
Visible
10
64.1562
20
186.1875
30
0
0
VERTEX
8
Visible
10
64.1684
20
186.1890
30
0
0
VERTEX
8
Visible
10
64.1805
20
186.1904
30
0
0
VERTEX
8
Visible
10
64.1925
20
186.1917
30
0
0
VERTEX
8
Visible
10
64.2043
20
186.1929
30
0
0
VERTEX
8
Visible
10
64.2161
20
186.1940
30
0
0
VERTEX
8
Visible
10
64.2277
20
186.1950
30
0
0
VERTEX
8
Visible
10
64.2392
20
186.1959
30
0
0
VERTEX
8
Visible
10
64.2506
20
186.1967
30
0
0
VERTEX
8
Visible
10
64.2618
20
186.1974
30
0
0
VERTEX
8
Visible
10
64.2730
20
186.1980
30
0
0
VERTEX
8
Visible
10
64.2840
20
186.1985
30
0
0
VERTEX
8
Visible
10
64.2949
20
186.1989
30
0
0
VERTEX
8
Visible
10
64.3057
20
186.1992
30
0
0
VERTEX
8
Visible
10
64.3164
20
186.1994
30
0
0
VERTEX
8
Visible
10
64.3269
20
186.1994
30
0
0
VERTEX
8
Visible
10
64.3373
20
186.1994
30
0
0
VERTEX
8
Visible
10
64.3476
20
186.1993
30
0
0
VERTEX
8
Visible
10
64.3577
20
186.1990
30
0
0
VERTEX
8
Visible
10
64.3677
20
186.1987
30
0
0
VERTEX
8
Visible
10
64.3776
20
186.1983
30
0
0
VERTEX
8
Visible
10
64.3874
20
186.1977
30
0
0
VERTEX
8
Visible
10
64.3970
20
186.1970
30
0
0
VERTEX
8
Visible
10
64.4065
20
186.1963
30
0
0
VERTEX
8
Visible
10
64.4158
20
186.1954
30
0
0
VERTEX
8
Visible
10
64.4250
20
186.1944
30
0
0
VERTEX
8
Visible
10
64.4341
20
186.1933
30
0
0
VERTEX
8
Visible
10
64.4430
20
186.1922
30
0
0
VERTEX
8
Visible
10
64.4518
20
186.1909
30
0
0
VERTEX
8
Visible
10
64.4605
20
186.1895
30
0
0
VERTEX
8
Visible
10
64.4690
20
186.1879
30
0
0
VERTEX
8
Visible
10
64.4773
20
186.1863
30
0
0
VERTEX
8
Visible
10
64.4855
20
186.1846
30
0
0
VERTEX
8
Visible
10
64.4936
20
186.1828
30
0
0
VERTEX
8
Visible
10
64.5015
20
186.1808
30
0
0
VERTEX
8
Visible
10
64.5092
20
186.1788
30
0
0
VERTEX
8
Visible
10
64.5168
20
186.1766
30
0
0
VERTEX
8
Visible
10
64.5242
20
186.1744
30
0
0
VERTEX
8
Visible
10
64.5315
20
186.1720
30
0
0
VERTEX
8
Visible
10
64.5386
20
186.1695
30
0
0
VERTEX
8
Visible
10
64.5455
20
186.1670
30
0
0
VERTEX
8
Visible
10
64.5523
20
186.1643
30
0
0
VERTEX
8
Visible
10
64.5589
20
186.1615
30
0
0
VERTEX
8
Visible
10
64.5654
20
186.1586
30
0
0
VERTEX
8
Visible
10
64.5717
20
186.1556
30
0
0
VERTEX
8
Visible
10
64.5778
20
186.1525
30
0
0
VERTEX
8
Visible
10
64.5838
20
186.1493
30
0
0
VERTEX
8
Visible
10
64.5896
20
186.1460
30
0
0
VERTEX
8
Visible
10
64.5953
20
186.1425
30
0
0
VERTEX
8
Visible
10
64.6007
20
186.1390
30
0
0
VERTEX
8
Visible
10
64.6061
20
186.1354
30
0
0
VERTEX
8
Visible
10
64.6112
20
186.1316
30
0
0
VERTEX
8
Visible
10
64.6162
20
186.1278
30
0
0
VERTEX
8
Visible
10
64.6210
20
186.1238
30
0
0
VERTEX
8
Visible
10
64.6256
20
186.1198
30
0
0
VERTEX
8
Visible
10
64.6301
20
186.1156
30
0
0
VERTEX
8
Visible
10
64.6343
20
186.1113
30
0
0
VERTEX
8
Visible
10
64.6385
20
186.1069
30
0
0
VERTEX
8
Visible
10
64.6424
20
186.1024
30
0
0
VERTEX
8
Visible
10
64.6462
20
186.0979
30
0
0
VERTEX
8
Visible
10
64.6498
20
186.0932
30
0
0
VERTEX
8
Visible
10
64.6532
20
186.0884
30
0
0
VERTEX
8
Visible
10
64.6564
20
186.0835
30
0
0
VERTEX
8
Visible
10
64.6594
20
186.0784
30
0
0
VERTEX
8
Visible
10
64.6623
20
186.0733
30
0
0
VERTEX
8
Visible
10
64.6650
20
186.0681
30
0
0
VERTEX
8
Visible
10
64.6675
20
186.0628
30
0
0
VERTEX
8
Visible
10
64.6698
20
186.0574
30
0
0
VERTEX
8
Visible
10
64.6719
20
186.0519
30
0
0
VERTEX
8
Visible
10
64.6739
20
186.0463
30
0
0
VERTEX
8
Visible
10
64.6757
20
186.0406
30
0
0
VERTEX
8
Visible
10
64.6772
20
186.0348
30
0
0
VERTEX
8
Visible
10
64.6786
20
186.0289
30
0
0
VERTEX
8
Visible
10
64.6799
20
186.0229
30
0
0
VERTEX
8
Visible
10
64.6809
20
186.0168
30
0
0
VERTEX
8
Visible
10
64.6817
20
186.0106
30
0
0
VERTEX
8
Visible
10
64.6824
20
186.0043
30
0
0
VERTEX
8
Visible
10
64.6828
20
185.9979
30
0
0
VERTEX
8
Visible
10
64.6831
20
185.9914
30
0
0
VERTEX
8
Visible
10
64.6832
20
185.9848
30
0
0
SEQEND
8
Visible
0
POLYLINE
8
Visible
66
1
70
0
10
0
20
0
30
0
0
VERTEX
8
Visible
10
64.6832
20
184.3427
30
0
0
VERTEX
8
Visible
10
64.6831
20
184.3331
30
0
0
VERTEX
8
Visible
10
64.6828
20
184.3233
30
0
0
VERTEX
8
Visible
10
64.6824
20
184.3135
30
0
0
VERTEX
8
Visible
10
64.6817
20
184.3035
30
0
0
VERTEX
8
Visible
10
64.6809
20
184.2936
30
0
0
VERTEX
8
Visible
10
64.6799
20
184.2835
30
0
0
VERTEX
8
Visible
10
64.6787
20
184.2733
30
0
0
VERTEX
8
Visible
10
64.6773
20
184.2631
30
0
0
VERTEX
8
Visible
10
64.6757
20
184.2528
30
0
0
VERTEX
8
Visible
10
64.6740
20
184.2424
30
0
0
VERTEX
8
Visible
10
64.6721
20
184.2319
30
0
0
VERTEX
8
Visible
10
64.6700
20
184.2214
30
0
0
VERTEX
8
Visible
10
64.6677
20
184.2108
30
0
0
VERTEX
8
Visible
10
64.6652
20
184.2002
30
0
0
VERTEX
8
Visible
10
64.6626
20
184.1894
30
0
0
VERTEX
8
Visible
10
64.6598
20
184.1786
30
0
0
VERTEX
8
Visible
10
64.6568
20
184.1678
30
0
0
VERTEX
8
Visible
10
64.6536
20
184.1568
30
0
0
VERTEX
8
Visible
10
64.6503
20
184.1459
30
0
0
VERTEX
8
Visible
10
64.6467
20
184.1348
30
0
0
VERTEX
8
Visible
10
64.6431
20
184.1237
30
0
0
VERTEX
8
Visible
10
64.6392
20
184.1125
30
0
0
VERTEX
8
Visible
10
64.6352
20
184.1013
30
0
0
VERTEX
8
Visible
10
64.6310
20
184.0901
30
0
0
VERTEX
8
Visible
10
64.6266
20
184.0787
30
0
0
VERTEX
8
Visible
10
64.6221
20
184.0674
30
0
0
VERTEX
8
Visible
10
64.6174
20
184.0559
30
0
0
VERTEX
8
Visible
10
64.6125
20
184.0445
30
0
0
VERTEX
8
Visible
10
64.6075
20
184.0329
30
0
0
VERTEX
8
Visible
10
64.6023
20
184.0213
30
0
0
VERTEX
8
Visible
10
64.5969
20
184.0097
30
0
0
VERTEX
8
Visible
10
64.5914
20
183.9980
30
0
0
VERTEX
8
Visible
10
64.5857
20
183.9863
30
0
0
VERTEX
8
Visible
10
64.5798
20
183.9746
30
0
0
VERTEX
8
Visible
10
64.5738
20
183.9628
30
0
0
VERTEX
8
Visible
10
64.5677
20
183.9509
30
0
0
VERTEX
8
Visible
10
64.5614
20
183.9390
30
0
0
VERTEX
8
Visible
10
64.5549
20
183.9271
30
0
0
VERTEX
8
Visible
10
64.5482
20
183.9151
30
0
0
VERTEX
8
Visible
10
64.5415
20
183.9031
30
0
0
VERTEX
8
Visible
10
64.5345
20
183.8910
30
0
0
VERTEX
8
Visible
10
64.5274
20
183.8789
30
0
0
VERTEX
8
Visible
10
64.5202
20
183.8668
30
0
0
VERTEX
8
Visible
10
64.5128
20
183.8546
30
0
0
VERTEX
8
Visible
10
64.5052
20
183.8424
30
0
0
VERTEX
8
Visible
10
64.4975
20
183.8302
30
0
0
VERTEX
8
Visible
10
64.4897
20
183.8179
30
0
0
VERTEX
8
Visible
10
64.4817
20
183.8056
30
0
0
VERTEX
8
Visible
10
64.4736
20
183.7933
30
0
0
VERTEX
8
Visible
10
64.4654
20
183.7810
30
0
0
VERTEX
8
Visible
10
64.4570
20
183.7687
30
0
0
VERTEX
8
Visible
10
64.4485
20
183.7563
30
0
0
VERTEX
8
Visible
10
64.4398
20
183.7439
30
0
0
VERTEX
8
Visible
10
64.4310
20
183.7315
30
0
0
VERTEX
8
Visible
10
64.4221
20
183.7190
30
0
0
VERTEX
8
Visible
10
64.4130
20
183.7066
30
0
0
VERTEX
8
Visible
10
64.4038
20
183.6941
30
0
0
VERTEX
8
Visible
10
64.3945
20
183.6816
30
0
0
VERTEX
8
Visible
10
64.3850
20
183.6691
30
0
0
VERTEX
8
Visible
10
64.3754
20
183.6566
30
0
0
VERTEX
8
Visible
10
64.3657
20
183.6440
30
0
0
VERTEX
8
Visible
10
64.3558
20
183.6315
30
0
0
VERTEX
8
Visible
10
64.3459
20
183.6189
30
0
0
VERTEX
8
Visible
10
64.3358
20
183.6063
30
0
0
VERTEX
8
Visible
10
64.3256
20
183.5937
30
0
0
VERTEX
8
Visible
10
64.3152
20
183.5811
30
0
0
VERTEX
8
Visible
10
64.3048
20
183.5685
30
0
0
VERTEX
8
Visible
10
64.2942
20
183.5559
30
0
0
VERTEX
8
Visible
10
64.2835
20
183.5432
30
0
0
VERTEX
8
Visible
10
64.2726
20
183.5306
30
0
0
VERTEX
8
Visible
10
64.2617
20
183.5179
30
0
0
VERTEX
8
Visible
10
64.2507
20
183.5052
30
0
0
VERTEX
8
Visible
10
64.2395
20
183.4926
30
0
0
VERTEX
8
Visible
10
64.2282
20
183.4799
30
0
0
VERTEX
8
Visible
10
64.2168
20
183.4672
30
0
0
VERTEX
8
Visible
10
64.2053
20
183.4545
30
0
0
VERTEX
8
Visible
10
64.1937
20
183.4418
30
0
0
VERTEX
8
Visible
10
64.1819
20
183.4291
30
0
0
VERTEX
8
Visible
10
64.1701
20
183.4164
30
0
0
VERTEX
8
Visible
10
64.1581
20
183.4037
30
0
0
VERTEX
8
Visible
10
64.1461
20
183.3909
30
0
0
VERTEX
8
Visible
10
64.1339
20
183.3782
30
0
0
VERTEX
8
Visible
10
64.1217
20
183.3655
30
0
0
VERTEX
8
Visible
10
64.1093
20
183.3528
30
0
0
VERTEX
8
Visible
10
64.0968
20
183.3401
30
0
0
VERTEX
8
Visible
10
64.0843
20
183.3274
30
0
0
VERTEX
8
Visible
10
64.0716
20
183.3147
30
0
0
VERTEX
8
Visible
10
64.0589
20
183.3020
30
0
0
VERTEX
8
Visible
10
64.0460
20
183.2894
30
0
0
VERTEX
8
Visible
10
64.0331
20
183.2767
30
0
0
VERTEX
8
Visible
10
64.0201
20
183.2641
30
0
0
VERTEX
8
Visible
10
64.0070
20
183.2514
30
0
0
VERTEX
8
Visible
10
63.9938
20
183.2388
30
0
0
VERTEX
8
Visible
10
63.9805
20
183.2262
30
0
0
VERTEX
8
Visible
10
63.9671
20
183.2136
30
0
0
VERTEX
8
Visible
10
63.9537
20
183.2010
30
0
0
VERTEX
8
Visible
10
63.9401
20
183.1884
30
0
0
VERTEX
8
Visible
10
63.9265
20
183.1759
30
0
0
VERTEX
8
Visible
10
63.9128
20
183.1633
30
0
0
VERTEX
8
Visible
10
63.8990
20
183.1508
30
0
0
VERTEX
8
Visible
10
63.8851
20
183.1383
30
0
0
VERTEX
8
Visible
10
63.8712
20
183.1258
30
0
0
VERTEX
8
Visible
10
63.8572
20
183.1133
30
0
0
VERTEX
8
Visible
10
63.8431
20
183.1008
30
0
0
VERTEX
8
Visible
10
63.8289
20
183.0884
30
0
0
VERTEX
8
Visible
10
63.8146
20
183.0759
30
0
0
VERTEX
8
Visible
10
63.8003
20
183.0635
30
0
0
VERTEX
8
Visible
10
63.7859
20
183.0511
30
0
0
VERTEX
8
Visible
10
63.7714
20
183.0388
30
0
0
VERTEX
8
Visible
10
63.7569
20
183.0264
30
0
0
VERTEX
8
Visible
10
63.7422
20
183.0141
30
0
0
VERTEX
8
Visible
10
63.7276
20
183.0018
30
0
0
VERTEX
8
Visible
10
63.7128
20
182.9895
30
0
0
VERTEX
8
Visible
10
63.6980
20
182.9772
30
0
0
VERTEX
8
Visible
10
63.6831
20
182.9649
30
0
0
VERTEX
8
Visible
10
63.6681
20
182.9527
30
0
0
VERTEX
8
Visible
10
63.6531
20
182.9405
30
0
0
VERTEX
8
Visible
10
63.6380
20
182.9284
30
0
0
VERTEX
8
Visible
10
63.6228
20
182.9162
30
0
0
VERTEX
8
Visible
10
63.6076
20
182.9041
30
0
0
VERTEX
8
Visible
10
63.5924
20
182.8920
30
0
0
VERTEX
8
Visible
10
63.5770
20
182.8799
30
0
0
VERTEX
8
Visible
10
63.5616
20
182.8679
30
0
0
VERTEX
8
Visible
10
63.5462
20
182.8558
30
0
0
VERTEX
8
Visible
10
63.5307
20
182.8438
30
0
0
VERTEX
8
Visible
10
63.5151
20
182.8319
30
0
0
VERTEX
8
Visible
10
63.4995
20
182.8200
30
0
0
VERTEX
8
Visible
10
63.4838
20
182.8081
30
0
0
VERTEX
8
Visible
10
63.4681
20
182.7962
30
0
0
VERTEX
8
Visible
10
63.4523
20
182.7843
30
0
0
VERTEX
8
Visible
10
63.4364
20
182.7725
30
0
0
VERTEX
8
Visible
10
63.4206
20
182.7607
30
0
0
VERTEX
8
Visible
10
63.4046
20
182.7490
30
0
0
VERTEX
8
Visible
10
63.3887
20
182.7373
30
0
0
VERTEX
8
Visible
10
63.3726
20
182.7256
30
0
0
VERTEX
8
Visible
10
63.3566
20
182.7140
30
0
0
VERTEX
8
Visible
10
63.3405
20
182.7024
30
0
0
VERTEX
8
Visible
10
63.3243
20
182.6908
30
0
0
VERTEX
8
Visible
10
63.3081
20
182.6793
30
0
0
VERTEX
8
Visible
10
63.2919
20
182.6678
30
0
0
VERTEX
8
Visible
10
63.2756
20
182.6563
30
0
0
VERTEX
8
Visible
10
63.2593
20
182.6449
30
0
0
VERTEX
8
Visible
10
63.2430
20
182.6335
30
0
0
VERTEX
8
Visible
10
63.2266
20
182.6222
30
0
0
VERTEX
8
Visible
10
63.2101
20
182.6109
30
0
0
VERTEX
8
Visible
10
63.1937
20
182.5996
30
0
0
VERTEX
8
Visible
10
63.1772
20
182.5884
30
0
0
VERTEX
8
Visible
10
63.1607
20
182.5772
30
0
0
VERTEX
8
Visible
10
63.1441
20
182.5660
30
0
0
VERTEX
8
Visible
10
63.1275
20
182.5549
30
0
0
VERTEX
8
Visible
10
63.1109
20
182.5439
30
0
0
VERTEX
8
Visible
10
63.0942
20
182.5329
30
0
0
VERTEX
8
Visible
10
63.0776
20
182.5219
30
0
0
VERTEX
8
Visible
10
63.0609
20
182.5110
30
0
0
VERTEX
8
Visible
10
63.0441
20
182.5001
30
0
0
VERTEX
8
Visible
10
63.0274
20
182.4893
30
0
0
VERTEX
8
Visible
10
63.0106
20
182.4785
30
0
0
VERTEX
8
Visible
10
62.9938
20
182.4677
30
0
0
VERTEX
8
Visible
10
62.9769
20
182.4570
30
0
0
VERTEX
8
Visible
10
62.9601
20
182.4464
30
0
0
VERTEX
8
Visible
10
62.9432
20
182.4358
30
0
0
VERTEX
8
Visible
10
62.9263
20
182.4252
30
0
0
VERTEX
8
Visible
10
62.9093
20
182.4147
30
0
0
VERTEX
8
Visible
10
62.8924
20
182.4042
30
0
0
VERTEX
8
Visible
10
62.8754
20
182.3938
30
0
0
VERTEX
8
Visible
10
62.8584
20
182.3835
30
0
0
VERTEX
8
Visible
10
62.8414
20
182.3731
30
0
0
VERTEX
8
Visible
10
62.8244
20
182.3629
30
0
0
VERTEX
8
Visible
10
62.8074
20
182.3527
30
0
0
VERTEX
8
Visible
10
62.7903
20
182.3425
30
0
0
VERTEX
8
Visible
10
62.7733
20
182.3324
30
0
0
VERTEX
8
Visible
10
62.7562
20
182.3223
30
0
0
VERTEX
8
Visible
10
62.7391
20
182.3123
30
0
0
VERTEX
8
Visible
10
62.7220
20
182.3024
30
0
0
VERTEX
8
Visible
10
62.7049
20
182.2925
30
0
0
VERTEX
8
Visible
10
62.6878
20
182.2826
30
0
0
VERTEX
8
Visible
10
62.6707
20
182.2728
30
0
0
VERTEX
8
Visible
10
62.6535
20
182.2631
30
0
0
VERTEX
8
Visible
10
62.6364
20
182.2534
30
0
0
VERTEX
8
Visible
10
62.6193
20
182.2438
30
0
0
VERTEX
8
Visible
10
62.6021
20
182.2342
30
0
0
VERTEX
8
Visible
10
62.5849
20
182.2247
30
0
0
VERTEX
8
Visible
10
62.5678
20
182.2153
30
0
0
VERTEX
8
Visible
10
62.5506
20
182.2059
30
0
0
VERTEX
8
Visible
10
62.5335
20
182.1965
30
0
0
VERTEX
8
Visible
10
62.5163
20
182.1873
30
0
0
VERTEX
8
Visible
10
62.4991
20
182.1780
30
0
0
VERTEX
8
Visible
10
62.4820
20
182.1689
30
0
0
VERTEX
8
Visible
10
62.4648
20
182.1598
30
0
0
VERTEX
8
Visible
10
62.4477
20
182.1507
30
0
0
VERTEX
8
Visible
10
62.4305
20
182.1417
30
0
0
VERTEX
8
Visible
10
62.4133
20
182.1328
30
0
0
VERTEX
8
Visible
10
62.3962
20
182.1240
30
0
0
VERTEX
8
Visible
10
62.3791
20
182.1152
30
0
0
VERTEX
8
Visible
10
62.3619
20
182.1065
30
0
0
VERTEX
8
Visible
10
62.3448
20
182.0978
30
0
0
VERTEX
8
Visible
10
62.3277
20
182.0892
30
0
0
VERTEX
8
Visible
10
62.3106
20
182.0807
30
0
0
VERTEX
8
Visible
10
62.2935
20
182.0722
30
0
0
VERTEX
8
Visible
10
62.2764
20
182.0638
30
0
0
VERTEX
8
Visible
10
62.2594
20
182.0555
30
0
0
VERTEX
8
Visible
10
62.2423
20
182.0472
30
0
0
VERTEX
8
Visible
10
62.2253
20
182.0390
30
0
0
VERTEX
8
Visible
10
62.2082
20
182.0309
30
0
0
VERTEX
8
Visible
10
62.1912
20
182.0228
30
0
0
VERTEX
8
Visible
10
62.1742
20
182.0148
30
0
0
VERTEX
8
Visible
10
62.1573
20
182.0069
30
0
0
VERTEX
8
Visible
10
62.1403
20
181.9991
30
0
0
VERTEX
8
Visible
10
62.1234
20
181.9913
30
0
0
VERTEX
8
Visible
10
62.1065
20
181.9836
30
0
0
VERTEX
8
Visible
10
62.0896
20
181.9760
30
0
0
VERTEX
8
Visible
10
62.0727
20
181.9684
30
0
0
VERTEX
8
Visible
10
62.0559
20
181.9609
30
0
0
VERTEX
8
Visible
10
62.0391
20
181.9535
30
0
0
VERTEX
8
Visible
10
62.0223
20
181.9462
30
0
0
VERTEX
8
Visible
10
62.0055
20
181.9389
30
0
0
VERTEX
8
Visible
10
61.9888
20
181.9318
30
0
0
VERTEX
8
Visible
10
61.9721
20
181.9247
30
0
0
VERTEX
8
Visible
10
61.9554
20
181.9176
30
0
0
VERTEX
8
Visible
10
61.9388
20
181.9107
30
0
0
VERTEX
8
Visible
10
61.9222
20
181.9038
30
0
0
VERTEX
8
Visible
10
61.9056
20
181.8971
30
0
0
VERTEX
8
Visible
10
61.8890
20
181.8904
30
0
0
VERTEX
8
Visible
10
61.8725
20
181.8837
30
0
0
VERTEX
8
Visible
10
61.8561
20
181.8772
30
0
0
VERTEX
8
Visible
10
61.8396
20
181.8707
30
0
0
VERTEX
8
Visible
10
61.8232
20
181.8644
30
0
0
VERTEX
8
Visible
10
61.8068
20
181.8581
30
0
0
VERTEX
8
Visible
10
61.7905
20
181.8518
30
0
0
VERTEX
8
Visible
10
61.7742
20
181.8457
30
0
0
VERTEX
8
Visible
10
61.7580
20
181.8397
30
0
0
VERTEX
8
Visible
10
61.7418
20
181.8337
30
0
0
VERTEX
8
Visible
10
61.7256
20
181.8279
30
0
0
VERTEX
8
Visible
10
61.7095
20
181.8221
30
0
0
VERTEX
8
Visible
10
61.6934
20
181.8164
30
0
0
VERTEX
8
Visible
10
61.6774
20
181.8108
30
0
0
VERTEX
8
Visible
10
61.6614
20
181.8053
30
0
0
VERTEX
8
Visible
10
61.6455
20
181.7998
30
0
0
VERTEX
8
Visible
10
61.6296
20
181.7945
30
0
0
VERTEX
8
Visible
10
61.6138
20
181.7892
30
0
0
VERTEX
8
Visible
10
61.5980
20
181.7841
30
0
0
VERTEX
8
Visible
10
61.5823
20
181.7790
30
0
0
VERTEX
8
Visible
10
61.5666
20
181.7741
30
0
0
VERTEX
8
Visible
10
61.5510
20
181.7692
30
0
0
VERTEX
8
Visible
10
61.5355
20
181.7644
30
0
0
VERTEX
8
Visible
10
61.5200
20
181.7597
30
0
0
VERTEX
8
Visible
10
61.5045
20
181.7552
30
0
0
VERTEX
8
Visible
10
61.4892
20
181.7507
30
0
0
VERTEX
8
Visible
10
61.4738
20
181.7463
30
0
0
VERTEX
8
Visible
10
61.4586
20
181.7420
30
0
0
VERTEX
8
Visible
10
61.4434
20
181.7378
30
0
0
VERTEX
8
Visible
10
61.4283
20
181.7337
30
0
0
VERTEX
8
Visible
10
61.4133
20
181.7298
30
0
0
VERTEX
8
Visible
10
61.3983
20
181.7259
30
0
0
VERTEX
8
Visible
10
61.3834
20
181.7221
30
0
0
VERTEX
8
Visible
10
61.3685
20
181.7184
30
0
0
VERTEX
8
Visible
10
61.3538
20
181.7149
30
0
0
VERTEX
8
Visible
10
61.3391
20
181.7114
30
0
0
VERTEX
8
Visible
10
61.3245
20
181.7080
30
0
0
VERTEX
8
Visible
10
61.3099
20
181.7048
30
0
0
VERTEX
8
Visible
10
61.2954
20
181.7017
30
0
0
VERTEX
8
Visible
10
61.2811
20
181.6986
30
0
0
VERTEX
8
Visible
10
61.2667
20
181.6957
30
0
0
VERTEX
8
Visible
10
61.2525
20
181.6929
30
0
0
VERTEX
8
Visible
10
61.2384
20
181.6902
30
0
0
VERTEX
8
Visible
10
61.2243
20
181.6876
30
0
0
VERTEX
8
Visible
10
61.2103
20
181.6851
30
0
0
VERTEX
8
Visible
10
61.1964
20
181.6828
30
0
0
VERTEX
8
Visible
10
61.1826
20
181.6805
30
0
0
VERTEX
8
Visible
10
61.1689
20
181.6784
30
0
0
VERTEX
8
Visible
10
61.1552
20
181.6763
30
0
0
VERTEX
8
Visible
10
61.1417
20
181.6744
30
0
0
VERTEX
8
Visible
10
61.1282
20
181.6727
30
0
0
VERTEX
8
Visible
10
61.1149
20
181.6710
30
0
0
VERTEX
8
Visible
10
61.1016
20
181.6694
30
0
0
VERTEX
8
Visible
10
61.0884
20
181.6680
30
0
0
VERTEX
8
Visible
10
61.0754
20
181.6667
30
0
0
VERTEX
8
Visible
10
61.0624
20
181.6655
30
0
0
VERTEX
8
Visible
10
61.0496
20
181.6645
30
0
0
VERTEX
8
Visible
10
61.0368
20
181.6635
30
0
0
VERTEX
8
Visible
10
61.0242
20
181.6627
30
0
0
VERTEX
8
Visible
10
61.0117
20
181.6620
30
0
0
VERTEX
8
Visible
10
60.9992
20
181.6614
30
0
0
VERTEX
8
Visible
10
60.9869
20
181.6610
30
0
0
VERTEX
8
Visible
10
60.9747
20
181.6607
30
0
0
VERTEX
8
Visible
10
60.9627
20
181.6605
30
0
0
VERTEX
8
Visible
10
60.9507
20
181.6605
30
0
0
VERTEX
8
Visible
10
60.9389
20
181.6605
30
0
0
VERTEX
8
Visible
10
60.9271
20
181.6607
30
0
0
VERTEX
8
Visible
10
60.9155
20
181.6611
30
0
0
VERTEX
8
Visible
10
60.9040
20
181.6615
30
0
0
VERTEX
8
Visible
10
60.8927
20
181.6621
30
0
0
VERTEX
8
Visible
10
60.8814
20
181.6628
30
0
0
VERTEX
8
Visible
10
60.8703
20
181.6637
30
0
0
VERTEX
8
Visible
10
60.8593
20
181.6647
30
0
0
VERTEX
8
Visible
10
60.8485
20
181.6658
30
0
0
VERTEX
8
Visible
10
60.8378
20
181.6671
30
0
0
VERTEX
8
Visible
10
60.8272
20
181.6685
30
0
0
VERTEX
8
Visible
10
60.8167
20
181.6700
30
0
0
VERTEX
8
Visible
10
60.8063
20
181.6717
30
0
0
VERTEX
8
Visible
10
60.7961
20
181.6735
30
0
0
VERTEX
8
Visible
10
60.7861
20
181.6755
30
0
0
VERTEX
8
Visible
10
60.7761
20
181.6775
30
0
0
VERTEX
8
Visible
10
60.7664
20
181.6798
30
0
0
VERTEX
8
Visible
10
60.7567
20
181.6821
30
0
0
VERTEX
8
Visible
10
60.7472
20
181.6846
30
0
0
VERTEX
8
Visible
10
60.7378
20
181.6873
30
0
0
VERTEX
8
Visible
10
60.7286
20
181.6901
30
0
0
VERTEX
8
Visible
10
60.7196
20
181.6930
30
0
0
VERTEX
8
Visible
10
60.7107
20
181.6961
30
0
0
VERTEX
8
Visible
10
60.7019
20
181.6993
30
0
0
VERTEX
8
Visible
10
60.6933
20
181.7026
30
0
0
VERTEX
8
Visible
10
60.6849
20
181.7061
30
0
0
VERTEX
8
Visible
10
60.6766
20
181.7097
30
0
0
VERTEX
8
Visible
10
60.6685
20
181.7135
30
0
0
VERTEX
8
Visible
10
60.6606
20
181.7174
30
0
0
VERTEX
8
Visible
10
60.6528
20
181.7214
30
0
0
VERTEX
8
Visible
10
60.6452
20
181.7256
30
0
0
VERTEX
8
Visible
10
60.6377
20
181.7299
30
0
0
VERTEX
8
Visible
10
60.6304
20
181.7344
30
0
0
VERTEX
8
Visible
10
60.6233
20
181.7390
30
0
0
VERTEX
8
Visible
10
60.6164
20
181.7438
30
0
0
VERTEX
8
Visible
10
60.6096
20
181.7486
30
0
0
VERTEX
8
Visible
10
60.6029
20
181.7537
30
0
0
VERTEX
8
Visible
10
60.5965
20
181.7588
30
0
0
VERTEX
8
Visible
10
60.5902
20
181.7642
30
0
0
VERTEX
8
Visible
10
60.5841
20
181.7696
30
0
0
VERTEX
8
Visible
10
60.5781
20
181.7752
30
0
0
VERTEX
8
Visible
10
60.5724
20
181.7809
30
0
0
VERTEX
8
Visible
10
60.5668
20
181.7868
30
0
0
VERTEX
8
Visible
10
60.5613
20
181.7928
30
0
0
VERTEX
8
Visible
10
60.5561
20
181.7990
30
0
0
VERTEX
8
Visible
10
60.5510
20
181.8053
30
0
0
VERTEX
8
Visible
10
60.5461
20
181.8117
30
0
0
VERTEX
8
Visible
10
60.5414
20
181.8183
30
0
0
VERTEX
8
Visible
10
60.5368
20
181.8251
30
0
0
VERTEX
8
Visible
10
60.5324
20
181.8319
30
0
0
VERTEX
8
Visible
10
60.5283
20
181.8389
30
0
0
VERTEX
8
Visible
10
60.5243
20
181.8460
30
0
0
VERTEX
8
Visible
10
60.5204
20
181.8533
30
0
0
VERTEX
8
Visible
10
60.5168
20
181.8607
30
0
0
VERTEX
8
Visible
10
60.5134
20
181.8682
30
0
0
VERTEX
8
Visible
10
60.5101
20
181.8759
30
0
0
VERTEX
8
Visible
10
60.5070
20
181.8837
30
0
0
VERTEX
8
Visible
10
60.5042
20
181.8916
30
0
0
VERTEX
8
Visible
10
60.5015
20
181.8996
30
0
0
VERTEX
8
Visible
10
60.4989
20
181.9078
30
0
0
VERTEX
8
Visible
10
60.4966
20
181.9161
30
0
0
VERTEX
8
Visible
10
60.4945
20
181.9245
30
0
0
VERTEX
8
Visible
10
60.4925
20
181.9330
30
0
0
VERTEX
8
Visible
10
60.4907
20
181.9417
30
0
0
VERTEX
8
Visible
10
60.4892
20
181.9505
30
0
0
VERTEX
8
Visible
10
60.4878
20
181.9594
30
0
0
VERTEX
8
Visible
10
60.4866
20
181.9684
30
0
0
VERTEX
8
Visible
10
60.4855
20
181.9776
30
0
0
VERTEX
8
Visible
10
60.4847
20
181.9869
30
0
0
VERTEX
8
Visible
10
60.4841
20
181.9962
30
0
0
VERTEX
8
Visible
10
60.4836
20
182.0057
30
0
0
VERTEX
8
Visible
10
60.4833
20
182.0153
30
0
0
VERTEX
8
Visible
10
60.4832
20
182.0250
30
0
0
SEQEND
8
Visible
0
LINE
8
Visible
10
64.6832
20
185.9848
30
0
11
64.6832
21
184.3427
31
0
0
LINE
8
Visible
10
60.4832
20
182.0250
30
0
11
60.4832
21
183.6668
31
0
0
LINE
8
Visible
10
49.2010
20
138.3027
30
0
11
49.1137
21
137.5225
31
0
0
LINE
8
Visible
10
48.9013
20
135.6233
30
0
11
48.9012
21
135.6225
31
0
0
LINE
8
Visible
10
49.0578
20
137.0225
30
0
11
48.9173
21
135.7658
31
0
0
POLYLINE
8
Visible
66
1
70
0
10
0
20
0
30
0
0
VERTEX
8
Visible
10
48.9173
20
135.7658
30
0
0
VERTEX
8
Visible
10
48.9168
20
135.7622
30
0
0
VERTEX
8
Visible
10
48.9165
20
135.7587
30
0
0
VERTEX
8
Visible
10
48.9161
20
135.7552
30
0
0
VERTEX
8
Visible
10
48.9157
20
135.7517
30
0
0
VERTEX
8
Visible
10
48.9153
20
135.7483
30
0
0
VERTEX
8
Visible
10
48.9149
20
135.7449
30
0
0
VERTEX
8
Visible
10
48.9145
20
135.7416
30
0
0
VERTEX
8
Visible
10
48.9142
20
135.7383
30
0
0
VERTEX
8
Visible
10
48.9138
20
135.7350
30
0
0
VERTEX
8
Visible
10
48.9135
20
135.7318
30
0
0
VERTEX
8
Visible
10
48.9131
20
135.7287
30
0
0
VERTEX
8
Visible
10
48.9128
20
135.7256
30
0
0
VERTEX
8
Visible
10
48.9124
20
135.7225
30
0
0
VERTEX
8
Visible
10
48.9121
20
135.7195
30
0
0
VERTEX
8
Visible
10
48.9117
20
135.7165
30
0
0
VERTEX
8
Visible
10
48.9114
20
135.7135
30
0
0
VERTEX
8
Visible
10
48.9111
20
135.7107
30
0
0
VERTEX
8
Visible
10
48.9108
20
135.7078
30
0
0
VERTEX
8
Visible
10
48.9105
20
135.7050
30
0
0
VERTEX
8
Visible
10
48.9102
20
135.7023
30
0
0
VERTEX
8
Visible
10
48.9098
20
135.6996
30
0
0
VERTEX
8
Visible
10
48.9096
20
135.6969
30
0
0
VERTEX
8
Visible
10
48.9093
20
135.6943
30
0
0
VERTEX
8
Visible
10
48.9090
20
135.6917
30
0
0
VERTEX
8
Visible
10
48.9087
20
135.6892
30
0
0
VERTEX
8
Visible
10
48.9084
20
135.6867
30
0
0
VERTEX
8
Visible
10
48.9081
20
135.6843
30
0
0
VERTEX
8
Visible
10
48.9079
20
135.6819
30
0
0
VERTEX
8
Visible
10
48.9076
20
135.6795
30
0
0
VERTEX
8
Visible
10
48.9074
20
135.6772
30
0
0
VERTEX
8
Visible
10
48.9071
20
135.6750
30
0
0
VERTEX
8
Visible
10
48.9069
20
135.6728
30
0
0
VERTEX
8
Visible
10
48.9066
20
135.6706
30
0
0
VERTEX
8
Visible
10
48.9064
20
135.6685
30
0
0
VERTEX
8
Visible
10
48.9061
20
135.6664
30
0
0
VERTEX
8
Visible
10
48.9059
20
135.6644
30
0
0
VERTEX
8
Visible
10
48.9057
20
135.6624
30
0
0
VERTEX
8
Visible
10
48.9055
20
135.6605
30
0
0
VERTEX
8
Visible
10
48.9053
20
135.6586
30
0
0
VERTEX
8
Visible
10
48.9051
20
135.6568
30
0
0
VERTEX
8
Visible
10
48.9049
20
135.6550
30
0
0
VERTEX
8
Visible
10
48.9047
20
135.6533
30
0
0
VERTEX
8
Visible
10
48.9045
20
135.6516
30
0
0
VERTEX
8
Visible
10
48.9043
20
135.6499
30
0
0
VERTEX
8
Visible
10
48.9041
20
135.6483
30
0
0
VERTEX
8
Visible
10
48.9040
20
135.6468
30
0
0
VERTEX
8
Visible
10
48.9038
20
135.6453
30
0
0
VERTEX
8
Visible
10
48.9036
20
135.6438
30
0
0
VERTEX
8
Visible
10
48.9035
20
135.6424
30
0
0
VERTEX
8
Visible
10
48.9033
20
135.6411
30
0
0
VERTEX
8
Visible
10
48.9032
20
135.6398
30
0
0
VERTEX
8
Visible
10
48.9030
20
135.6385
30
0
0
VERTEX
8
Visible
10
48.9029
20
135.6373
30
0
0
VERTEX
8
Visible
10
48.9028
20
135.6361
30
0
0
VERTEX
8
Visible
10
48.9026
20
135.6350
30
0
0
VERTEX
8
Visible
10
48.9025
20
135.6339
30
0
0
VERTEX
8
Visible
10
48.9024
20
135.6329
30
0
0
VERTEX
8
Visible
10
48.9023
20
135.6319
30
0
0
VERTEX
8
Visible
10
48.9022
20
135.6310
30
0
0
VERTEX
8
Visible
10
48.9021
20
135.6301
30
0
0
VERTEX
8
Visible
10
48.9020
20
135.6293
30
0
0
VERTEX
8
Visible
10
48.9019
20
135.6285
30
0
0
VERTEX
8
Visible
10
48.9018
20
135.6278
30
0
0
VERTEX
8
Visible
10
48.9017
20
135.6271
30
0
0
VERTEX
8
Visible
10
48.9017
20
135.6264
30
0
0
VERTEX
8
Visible
10
48.9016
20
135.6258
30
0
0
VERTEX
8
Visible
10
48.9015
20
135.6253
30
0
0
VERTEX
8
Visible
10
48.9015
20
135.6248
30
0
0
VERTEX
8
Visible
10
48.9014
20
135.6243
30
0
0
VERTEX
8
Visible
10
48.9014
20
135.6239
30
0
0
VERTEX
8
Visible
10
48.9013
20
135.6236
30
0
0
VERTEX
8
Visible
10
48.9013
20
135.6233
30
0
0
SEQEND
8
Visible
0
LINE
8
Visible
10
49.0578
20
137.0225
30
0
11
49.1137
21
137.5225
31
0
0
ARC
8
Visible
10
38.6527
20
137.3538
30
0
40
10.4347
50
350.4466
51
358.1808
0
LINE
8
Visible
10
48.9398
20
135.6225
30
0
11
48.9012
21
135.6225
31
0
0
ARC
8
Visible
10
88.4450
20
134.1190
30
0
40
39.4663
50
173.9148
51
175.0528
0
POLYLINE
8
Visible
66
1
70
0
10
0
20
0
30
0
0
VERTEX
8
Visible
10
49.1257
20
137.5225
30
0
0
VERTEX
8
Visible
10
49.1247
20
137.5121
30
0
0
VERTEX
8
Visible
10
49.1238
20
137.5017
30
0
0
VERTEX
8
Visible
10
49.1229
20
137.4913
30
0
0
VERTEX
8
Visible
10
49.1220
20
137.4809
30
0
0
VERTEX
8
Visible
10
49.1211
20
137.4705
30
0
0
VERTEX
8
Visible
10
49.1202
20
137.4601
30
0
0
VERTEX
8
Visible
10
49.1193
20
137.4497
30
0
0
VERTEX
8
Visible
10
49.1184
20
137.4393
30
0
0
VERTEX
8
Visible
10
49.1175
20
137.4289
30
0
0
VERTEX
8
Visible
10
49.1166
20
137.4185
30
0
0
VERTEX
8
Visible
10
49.1157
20
137.4081
30
0
0
VERTEX
8
Visible
10
49.1148
20
137.3977
30
0
0
VERTEX
8
Visible
10
49.1139
20
137.3873
30
0
0
VERTEX
8
Visible
10
49.1130
20
137.3769
30
0
0
VERTEX
8
Visible
10
49.1121
20
137.3665
30
0
0
VERTEX
8
Visible
10
49.1113
20
137.3561
30
0
0
VERTEX
8
Visible
10
49.1104
20
137.3457
30
0
0
VERTEX
8
Visible
10
49.1095
20
137.3352
30
0
0
VERTEX
8
Visible
10
49.1086
20
137.3248
30
0
0
VERTEX
8
Visible
10
49.1078
20
137.3144
30
0
0
VERTEX
8
Visible
10
49.1069
20
137.3040
30
0
0
VERTEX
8
Visible
10
49.1060
20
137.2936
30
0
0
VERTEX
8
Visible
10
49.1052
20
137.2832
30
0
0
VERTEX
8
Visible
10
49.1043
20
137.2728
30
0
0
VERTEX
8
Visible
10
49.1035
20
137.2624
30
0
0
VERTEX
8
Visible
10
49.1026
20
137.2519
30
0
0
VERTEX
8
Visible
10
49.1018
20
137.2415
30
0
0
VERTEX
8
Visible
10
49.1009
20
137.2311
30
0
0
VERTEX
8
Visible
10
49.1001
20
137.2207
30
0
0
VERTEX
8
Visible
10
49.0992
20
137.2103
30
0
0
VERTEX
8
Visible
10
49.0984
20
137.1998
30
0
0
VERTEX
8
Visible
10
49.0976
20
137.1894
30
0
0
VERTEX
8
Visible
10
49.0967
20
137.1790
30
0
0
VERTEX
8
Visible
10
49.0959
20
137.1686
30
0
0
VERTEX
8
Visible
10
49.0951
20
137.1581
30
0
0
VERTEX
8
Visible
10
49.0942
20
137.1477
30
0
0
VERTEX
8
Visible
10
49.0934
20
137.1373
30
0
0
VERTEX
8
Visible
10
49.0926
20
137.1269
30
0
0
VERTEX
8
Visible
10
49.0918
20
137.1164
30
0
0
VERTEX
8
Visible
10
49.0910
20
137.1060
30
0
0
VERTEX
8
Visible
10
49.0902
20
137.0956
30
0
0
VERTEX
8
Visible
10
49.0894
20
137.0851
30
0
0
VERTEX
8
Visible
10
49.0886
20
137.0747
30
0
0
VERTEX
8
Visible
10
49.0878
20
137.0642
30
0
0
VERTEX
8
Visible
10
49.0870
20
137.0538
30
0
0
VERTEX
8
Visible
10
49.0862
20
137.0434
30
0
0
VERTEX
8
Visible
10
49.0854
20
137.0329
30
0
0
VERTEX
8
Visible
10
49.0846
20
137.0225
30
0
0
SEQEND
8
Visible
0
POLYLINE
8
Visible
66
1
70
0
10
0
20
0
30
0
0
VERTEX
8
Visible
10
52.3593
20
144.3239
30
0
0
VERTEX
8
Visible
10
52.3561
20
144.2988
30
0
0
VERTEX
8
Visible
10
52.3528
20
144.2737
30
0
0
VERTEX
8
Visible
10
52.3493
20
144.2486
30
0
0
VERTEX
8
Visible
10
52.3456
20
144.2235
30
0
0
VERTEX
8
Visible
10
52.3418
20
144.1985
30
0
0
VERTEX
8
Visible
10
52.3379
20
144.1734
30
0
0
VERTEX
8
Visible
10
52.3338
20
144.1485
30
0
0
VERTEX
8
Visible
10
52.3295
20
144.1235
30
0
0
VERTEX
8
Visible
10
52.3251
20
144.0986
30
0
0
VERTEX
8
Visible
10
52.3206
20
144.0737
30
0
0
VERTEX
8
Visible
10
52.3159
20
144.0489
30
0
0
VERTEX
8
Visible
10
52.3111
20
144.0241
30
0
0
VERTEX
8
Visible
10
52.3062
20
143.9993
30
0
0
VERTEX
8
Visible
10
52.3011
20
143.9746
30
0
0
VERTEX
8
Visible
10
52.2958
20
143.9500
30
0
0
VERTEX
8
Visible
10
52.2905
20
143.9254
30
0
0
VERTEX
8
Visible
10
52.2850
20
143.9008
30
0
0
VERTEX
8
Visible
10
52.2793
20
143.8764
30
0
0
VERTEX
8
Visible
10
52.2736
20
143.8520
30
0
0
VERTEX
8
Visible
10
52.2677
20
143.8278
30
0
0
VERTEX
8
Visible
10
52.2616
20
143.8036
30
0
0
VERTEX
8
Visible
10
52.2555
20
143.7795
30
0
0
VERTEX
8
Visible
10
52.2492
20
143.7555
30
0
0
VERTEX
8
Visible
10
52.2429
20
143.7316
30
0
0
VERTEX
8
Visible
10
52.2364
20
143.7078
30
0
0
VERTEX
8
Visible
10
52.2297
20
143.6842
30
0
0
VERTEX
8
Visible
10
52.2230
20
143.6606
30
0
0
VERTEX
8
Visible
10
52.2162
20
143.6371
30
0
0
VERTEX
8
Visible
10
52.2092
20
143.6138
30
0
0
VERTEX
8
Visible
10
52.2021
20
143.5906
30
0
0
VERTEX
8
Visible
10
52.1949
20
143.5674
30
0
0
VERTEX
8
Visible
10
52.1876
20
143.5444
30
0
0
VERTEX
8
Visible
10
52.1802
20
143.5216
30
0
0
VERTEX
8
Visible
10
52.1727
20
143.4988
30
0
0
VERTEX
8
Visible
10
52.1651
20
143.4762
30
0
0
VERTEX
8
Visible
10
52.1574
20
143.4537
30
0
0
VERTEX
8
Visible
10
52.1496
20
143.4313
30
0
0
VERTEX
8
Visible
10
52.1417
20
143.4090
30
0
0
VERTEX
8
Visible
10
52.1337
20
143.3869
30
0
0
VERTEX
8
Visible
10
52.1256
20
143.3650
30
0
0
VERTEX
8
Visible
10
52.1174
20
143.3431
30
0
0
VERTEX
8
Visible
10
52.1091
20
143.3215
30
0
0
VERTEX
8
Visible
10
52.1007
20
143.3000
30
0
0
VERTEX
8
Visible
10
52.0923
20
143.2786
30
0
0
VERTEX
8
Visible
10
52.0838
20
143.2575
30
0
0
VERTEX
8
Visible
10
52.0751
20
143.2364
30
0
0
VERTEX
8
Visible
10
52.0664
20
143.2156
30
0
0
VERTEX
8
Visible
10
52.0577
20
143.1949
30
0
0
VERTEX
8
Visible
10
52.0488
20
143.1744
30
0
0
VERTEX
8
Visible
10
52.0399
20
143.1540
30
0
0
VERTEX
8
Visible
10
52.0309
20
143.1339
30
0
0
VERTEX
8
Visible
10
52.0219
20
143.1138
30
0
0
VERTEX
8
Visible
10
52.0127
20
143.0940
30
0
0
VERTEX
8
Visible
10
52.0035
20
143.0743
30
0
0
VERTEX
8
Visible
10
51.9942
20
143.0549
30
0
0
VERTEX
8
Visible
10
51.9849
20
143.0355
30
0
0
VERTEX
8
Visible
10
51.9755
20
143.0164
30
0
0
VERTEX
8
Visible
10
51.9660
20
142.9975
30
0
0
VERTEX
8
Visible
10
51.9565
20
142.9787
30
0
0
VERTEX
8
Visible
10
51.9469
20
142.9601
30
0
0
VERTEX
8
Visible
10
51.9373
20
142.9417
30
0
0
VERTEX
8
Visible
10
51.9276
20
142.9235
30
0
0
VERTEX
8
Visible
10
51.9178
20
142.9055
30
0
0
VERTEX
8
Visible
10
51.9080
20
142.8876
30
0
0
VERTEX
8
Visible
10
51.8982
20
142.8700
30
0
0
VERTEX
8
Visible
10
51.8883
20
142.8526
30
0
0
VERTEX
8
Visible
10
51.8783
20
142.8353
30
0
0
VERTEX
8
Visible
10
51.8683
20
142.8182
30
0
0
VERTEX
8
Visible
10
51.8582
20
142.8014
30
0
0
VERTEX
8
Visible
10
51.8481
20
142.7847
30
0
0
VERTEX
8
Visible
10
51.8380
20
142.7683
30
0
0
VERTEX
8
Visible
10
51.8278
20
142.7520
30
0
0
VERTEX
8
Visible
10
51.8176
20
142.7359
30
0
0
VERTEX
8
Visible
10
51.8073
20
142.7201
30
0
0
VERTEX
8
Visible
10
51.7970
20
142.7044
30
0
0
VERTEX
8
Visible
10
51.7867
20
142.6890
30
0
0
VERTEX
8
Visible
10
51.7764
20
142.6738
30
0
0
VERTEX
8
Visible
10
51.7660
20
142.6588
30
0
0
VERTEX
8
Visible
10
51.7556
20
142.6440
30
0
0
VERTEX
8
Visible
10
51.7451
20
142.6295
30
0
0
VERTEX
8
Visible
10
51.7347
20
142.6151
30
0
0
VERTEX
8
Visible
10
51.7242
20
142.6010
30
0
0
VERTEX
8
Visible
10
51.7137
20
142.5871
30
0
0
VERTEX
8
Visible
10
51.7032
20
142.5734
30
0
0
VERTEX
8
Visible
10
51.6926
20
142.5599
30
0
0
VERTEX
8
Visible
10
51.6821
20
142.5467
30
0
0
VERTEX
8
Visible
10
51.6715
20
142.5337
30
0
0
VERTEX
8
Visible
10
51.6609
20
142.5209
30
0
0
VERTEX
8
Visible
10
51.6503
20
142.5083
30
0
0
VERTEX
8
Visible
10
51.6396
20
142.4960
30
0
0
VERTEX
8
Visible
10
51.6290
20
142.4839
30
0
0
VERTEX
8
Visible
10
51.6183
20
142.4720
30
0
0
VERTEX
8
Visible
10
51.6077
20
142.4603
30
0
0
VERTEX
8
Visible
10
51.5970
20
142.4489
30
0
0
VERTEX
8
Visible
10
51.5863
20
142.4377
30
0
0
VERTEX
8
Visible
10
51.5756
20
142.4268
30
0
0
VERTEX
8
Visible
10
51.5650
20
142.4161
30
0
0
VERTEX
8
Visible
10
51.5543
20
142.4056
30
0
0
VERTEX
8
Visible
10
51.5436
20
142.3954
30
0
0
VERTEX
8
Visible
10
51.5329
20
142.3853
30
0
0
VERTEX
8
Visible
10
51.5222
20
142.3756
30
0
0
VERTEX
8
Visible
10
51.5115
20
142.3661
30
0
0
VERTEX
8
Visible
10
51.5008
20
142.3568
30
0
0
VERTEX
8
Visible
10
51.4902
20
142.3477
30
0
0
VERTEX
8
Visible
10
51.4795
20
142.3389
30
0
0
VERTEX
8
Visible
10
51.4688
20
142.3304
30
0
0
VERTEX
8
Visible
10
51.4582
20
142.3221
30
0
0
VERTEX
8
Visible
10
51.4475
20
142.3140
30
0
0
VERTEX
8
Visible
10
51.4369
20
142.3062
30
0
0
VERTEX
8
Visible
10
51.4263
20
142.2987
30
0
0
VERTEX
8
Visible
10
51.4157
20
142.2913
30
0
0
VERTEX
8
Visible
10
51.4051
20
142.2843
30
0
0
VERTEX
8
Visible
10
51.3945
20
142.2775
30
0
0
VERTEX
8
Visible
10
51.3840
20
142.2709
30
0
0
VERTEX
8
Visible
10
51.3734
20
142.2646
30
0
0
VERTEX
8
Visible
10
51.3629
20
142.2586
30
0
0
VERTEX
8
Visible
10
51.3525
20
142.2528
30
0
0
VERTEX
8
Visible
10
51.3420
20
142.2473
30
0
0
VERTEX
8
Visible
10
51.3316
20
142.2420
30
0
0
VERTEX
8
Visible
10
51.3212
20
142.2370
30
0
0
VERTEX
8
Visible
10
51.3109
20
142.2323
30
0
0
VERTEX
8
Visible
10
51.3005
20
142.2278
30
0
0
VERTEX
8
Visible
10
51.2902
20
142.2236
30
0
0
VERTEX
8
Visible
10
51.2800
20
142.2197
30
0
0
VERTEX
8
Visible
10
51.2697
20
142.2160
30
0
0
VERTEX
8
Visible
10
51.2595
20
142.2126
30
0
0
VERTEX
8
Visible
10
51.2494
20
142.2094
30
0
0
VERTEX
8
Visible
10
51.2392
20
142.2065
30
0
0
VERTEX
8
Visible
10
51.2292
20
142.2039
30
0
0
VERTEX
8
Visible
10
51.2191
20
142.2015
30
0
0
VERTEX
8
Visible
10
51.2091
20
142.1994
30
0
0
VERTEX
8
Visible
10
51.1991
20
142.1976
30
0
0
VERTEX
8
Visible
10
51.1892
20
142.1961
30
0
0
VERTEX
8
Visible
10
51.1794
20
142.1948
30
0
0
VERTEX
8
Visible
10
51.1695
20
142.1938
30
0
0
VERTEX
8
Visible
10
51.1597
20
142.1931
30
0
0
VERTEX
8
Visible
10
51.1500
20
142.1926
30
0
0
VERTEX
8
Visible
10
51.1403
20
142.1925
30
0
0
VERTEX
8
Visible
10
51.1307
20
142.1926
30
0
0
VERTEX
8
Visible
10
51.1211
20
142.1929
30
0
0
VERTEX
8
Visible
10
51.1116
20
142.1936
30
0
0
VERTEX
8
Visible
10
51.1021
20
142.1945
30
0
0
VERTEX
8
Visible
10
51.0927
20
142.1957
30
0
0
VERTEX
8
Visible
10
51.0833
20
142.1972
30
0
0
VERTEX
8
Visible
10
51.0740
20
142.1990
30
0
0
VERTEX
8
Visible
10
51.0647
20
142.2010
30
0
0
VERTEX
8
Visible
10
51.0556
20
142.2034
30
0
0
VERTEX
8
Visible
10
51.0464
20
142.2060
30
0
0
VERTEX
8
Visible
10
51.0374
20
142.2089
30
0
0
VERTEX
8
Visible
10
51.0284
20
142.2121
30
0
0
VERTEX
8
Visible
10
51.0195
20
142.2155
30
0
0
VERTEX
8
Visible
10
51.0107
20
142.2192
30
0
0
VERTEX
8
Visible
10
51.0019
20
142.2233
30
0
0
VERTEX
8
Visible
10
50.9932
20
142.2276
30
0
0
VERTEX
8
Visible
10
50.9846
20
142.2322
30
0
0
VERTEX
8
Visible
10
50.9760
20
142.2370
30
0
0
VERTEX
8
Visible
10
50.9676
20
142.2422
30
0
0
VERTEX
8
Visible
10
50.9592
20
142.2476
30
0
0
VERTEX
8
Visible
10
50.9509
20
142.2533
30
0
0
VERTEX
8
Visible
10
50.9426
20
142.2593
30
0
0
VERTEX
8
Visible
10
50.9345
20
142.2656
30
0
0
VERTEX
8
Visible
10
50.9264
20
142.2722
30
0
0
VERTEX
8
Visible
10
50.9184
20
142.2790
30
0
0
VERTEX
8
Visible
10
50.9105
20
142.2862
30
0
0
VERTEX
8
Visible
10
50.9026
20
142.2936
30
0
0
VERTEX
8
Visible
10
50.8949
20
142.3013
30
0
0
VERTEX
8
Visible
10
50.8872
20
142.3093
30
0
0
VERTEX
8
Visible
10
50.8796
20
142.3175
30
0
0
VERTEX
8
Visible
10
50.8721
20
142.3261
30
0
0
VERTEX
8
Visible
10
50.8647
20
142.3350
30
0
0
VERTEX
8
Visible
10
50.8574
20
142.3441
30
0
0
VERTEX
8
Visible
10
50.8502
20
142.3535
30
0
0
VERTEX
8
Visible
10
50.8430
20
142.3632
30
0
0
VERTEX
8
Visible
10
50.8360
20
142.3732
30
0
0
VERTEX
8
Visible
10
50.8290
20
142.3835
30
0
0
VERTEX
8
Visible
10
50.8222
20
142.3941
30
0
0
VERTEX
8
Visible
10
50.8154
20
142.4049
30
0
0
VERTEX
8
Visible
10
50.8088
20
142.4160
30
0
0
VERTEX
8
Visible
10
50.8022
20
142.4274
30
0
0
VERTEX
8
Visible
10
50.7958
20
142.4390
30
0
0
VERTEX
8
Visible
10
50.7894
20
142.4510
30
0
0
VERTEX
8
Visible
10
50.7832
20
142.4632
30
0
0
VERTEX
8
Visible
10
50.7771
20
142.4756
30
0
0
VERTEX
8
Visible
10
50.7710
20
142.4883
30
0
0
VERTEX
8
Visible
10
50.7651
20
142.5013
30
0
0
VERTEX
8
Visible
10
50.7593
20
142.5146
30
0
0
VERTEX
8
Visible
10
50.7536
20
142.5281
30
0
0
VERTEX
8
Visible
10
50.7480
20
142.5418
30
0
0
VERTEX
8
Visible
10
50.7425
20
142.5559
30
0
0
VERTEX
8
Visible
10
50.7372
20
142.5702
30
0
0
VERTEX
8
Visible
10
50.7319
20
142.5847
30
0
0
VERTEX
8
Visible
10
50.7267
20
142.5995
30
0
0
VERTEX
8
Visible
10
50.7217
20
142.6146
30
0
0
VERTEX
8
Visible
10
50.7168
20
142.6299
30
0
0
VERTEX
8
Visible
10
50.7119
20
142.6455
30
0
0
VERTEX
8
Visible
10
50.7072
20
142.6613
30
0
0
VERTEX
8
Visible
10
50.7026
20
142.6774
30
0
0
VERTEX
8
Visible
10
50.6981
20
142.6937
30
0
0
VERTEX
8
Visible
10
50.6938
20
142.7103
30
0
0
VERTEX
8
Visible
10
50.6895
20
142.7271
30
0
0
VERTEX
8
Visible
10
50.6854
20
142.7442
30
0
0
VERTEX
8
Visible
10
50.6813
20
142.7616
30
0
0
VERTEX
8
Visible
10
50.6774
20
142.7791
30
0
0
VERTEX
8
Visible
10
50.6736
20
142.7970
30
0
0
VERTEX
8
Visible
10
50.6700
20
142.8150
30
0
0
VERTEX
8
Visible
10
50.6664
20
142.8333
30
0
0
VERTEX
8
Visible
10
50.6629
20
142.8519
30
0
0
VERTEX
8
Visible
10
50.6596
20
142.8706
30
0
0
VERTEX
8
Visible
10
50.6564
20
142.8896
30
0
0
VERTEX
8
Visible
10
50.6533
20
142.9088
30
0
0
VERTEX
8
Visible
10
50.6504
20
142.9282
30
0
0
VERTEX
8
Visible
10
50.6476
20
142.9477
30
0
0
VERTEX
8
Visible
10
50.6448
20
142.9675
30
0
0
VERTEX
8
Visible
10
50.6423
20
142.9875
30
0
0
VERTEX
8
Visible
10
50.6398
20
143.0077
30
0
0
VERTEX
8
Visible
10
50.6374
20
143.0280
30
0
0
VERTEX
8
Visible
10
50.6352
20
143.0486
30
0
0
VERTEX
8
Visible
10
50.6331
20
143.0693
30
0
0
VERTEX
8
Visible
10
50.6312
20
143.0903
30
0
0
VERTEX
8
Visible
10
50.6293
20
143.1114
30
0
0
VERTEX
8
Visible
10
50.6276
20
143.1327
30
0
0
VERTEX
8
Visible
10
50.6260
20
143.1541
30
0
0
VERTEX
8
Visible
10
50.6245
20
143.1758
30
0
0
VERTEX
8
Visible
10
50.6231
20
143.1976
30
0
0
VERTEX
8
Visible
10
50.6219
20
143.2196
30
0
0
VERTEX
8
Visible
10
50.6207
20
143.2418
30
0
0
VERTEX
8
Visible
10
50.6197
20
143.2641
30
0
0
VERTEX
8
Visible
10
50.6189
20
143.2866
30
0
0
VERTEX
8
Visible
10
50.6181
20
143.3092
30
0
0
VERTEX
8
Visible
10
50.6175
20
143.3321
30
0
0
VERTEX
8
Visible
10
50.6170
20
143.3550
30
0
0
VERTEX
8
Visible
10
50.6166
20
143.3781
30
0
0
VERTEX
8
Visible
10
50.6163
20
143.4013
30
0
0
VERTEX
8
Visible
10
50.6161
20
143.4246
30
0
0
VERTEX
8
Visible
10
50.6161
20
143.4481
30
0
0
VERTEX
8
Visible
10
50.6162
20
143.4716
30
0
0
VERTEX
8
Visible
10
50.6164
20
143.4953
30
0
0
VERTEX
8
Visible
10
50.6168
20
143.5191
30
0
0
VERTEX
8
Visible
10
50.6172
20
143.5430
30
0
0
VERTEX
8
Visible
10
50.6178
20
143.5669
30
0
0
VERTEX
8
Visible
10
50.6185
20
143.5910
30
0
0
VERTEX
8
Visible
10
50.6193
20
143.6152
30
0
0
VERTEX
8
Visible
10
50.6202
20
143.6395
30
0
0
VERTEX
8
Visible
10
50.6213
20
143.6638
30
0
0
VERTEX
8
Visible
10
50.6224
20
143.6883
30
0
0
VERTEX
8
Visible
10
50.6237
20
143.7128
30
0
0
VERTEX
8
Visible
10
50.6251
20
143.7374
30
0
0
VERTEX
8
Visible
10
50.6266
20
143.7621
30
0
0
VERTEX
8
Visible
10
50.6283
20
143.7869
30
0
0
VERTEX
8
Visible
10
50.6300
20
143.8117
30
0
0
VERTEX
8
Visible
10
50.6319
20
143.8365
30
0
0
VERTEX
8
Visible
10
50.6338
20
143.8614
30
0
0
VERTEX
8
Visible
10
50.6359
20
143.8863
30
0
0
VERTEX
8
Visible
10
50.6381
20
143.9113
30
0
0
VERTEX
8
Visible
10
50.6404
20
143.9363
30
0
0
VERTEX
8
Visible
10
50.6429
20
143.9613
30
0
0
VERTEX
8
Visible
10
50.6454
20
143.9864
30
0
0
VERTEX
8
Visible
10
50.6480
20
144.0114
30
0
0
VERTEX
8
Visible
10
50.6508
20
144.0365
30
0
0
VERTEX
8
Visible
10
50.6537
20
144.0616
30
0
0
VERTEX
8
Visible
10
50.6566
20
144.0868
30
0
0
VERTEX
8
Visible
10
50.6597
20
144.1119
30
0
0
VERTEX
8
Visible
10
50.6629
20
144.1370
30
0
0
VERTEX
8
Visible
10
50.6662
20
144.1622
30
0
0
SEQEND
8
Visible
0
LINE
8
Visible
10
49.8121
20
143.7660
30
0
11
49.2358
21
138.6133
31
0
0
LINE
8
Visible
10
49.2358
20
138.6133
30
0
11
49.2010
21
138.3027
31
0
0
LINE
8
Visible
10
48.9012
20
135.6225
30
0
11
48.8831
21
135.4606
31
0
0
LINE
8
Visible
10
59.8678
20
141.6925
30
0
11
59.8678
21
144.1550
31
0
0
LINE
8
Visible
10
65.4607
20
162.9425
30
0
11
67.8678
21
162.9425
31
0
0
POLYLINE
8
Visible
66
1
70
0
10
0
20
0
30
0
0
VERTEX
8
Visible
10
61.8678
20
162.9425
30
0
0
VERTEX
8
Visible
10
61.9392
20
162.9425
30
0
0
VERTEX
8
Visible
10
62.0108
20
162.9425
30
0
0
VERTEX
8
Visible
10
62.0826
20
162.9425
30
0
0
VERTEX
8
Visible
10
62.1545
20
162.9425
30
0
0
VERTEX
8
Visible
10
62.2265
20
162.9425
30
0
0
VERTEX
8
Visible
10
62.2987
20
162.9425
30
0
0
VERTEX
8
Visible
10
62.3711
20
162.9425
30
0
0
VERTEX
8
Visible
10
62.4437
20
162.9425
30
0
0
VERTEX
8
Visible
10
62.5163
20
162.9425
30
0
0
VERTEX
8
Visible
10
62.5892
20
162.9425
30
0
0
VERTEX
8
Visible
10
62.6622
20
162.9425
30
0
0
VERTEX
8
Visible
10
62.7353
20
162.9425
30
0
0
VERTEX
8
Visible
10
62.8086
20
162.9425
30
0
0
VERTEX
8
Visible
10
62.8820
20
162.9425
30
0
0
VERTEX
8
Visible
10
62.9556
20
162.9425
30
0
0
VERTEX
8
Visible
10
63.0294
20
162.9425
30
0
0
VERTEX
8
Visible
10
63.1033
20
162.9425
30
0
0
VERTEX
8
Visible
10
63.1773
20
162.9425
30
0
0
VERTEX
8
Visible
10
63.2514
20
162.9425
30
0
0
VERTEX
8
Visible
10
63.3258
20
162.9425
30
0
0
VERTEX
8
Visible
10
63.4002
20
162.9425
30
0
0
VERTEX
8
Visible
10
63.4748
20
162.9425
30
0
0
VERTEX
8
Visible
10
63.5496
20
162.9425
30
0
0
VERTEX
8
Visible
10
63.6244
20
162.9425
30
0
0
VERTEX
8
Visible
10
63.6994
20
162.9425
30
0
0
VERTEX
8
Visible
10
63.7746
20
162.9425
30
0
0
VERTEX
8
Visible
10
63.8499
20
162.9425
30
0
0
VERTEX
8
Visible
10
63.9253
20
162.9425
30
0
0
VERTEX
8
Visible
10
64.0009
20
162.9425
30
0
0
VERTEX
8
Visible
10
64.0766
20
162.9425
30
0
0
VERTEX
8
Visible
10
64.1524
20
162.9425
30
0
0
VERTEX
8
Visible
10
64.2283
20
162.9425
30
0
0
VERTEX
8
Visible
10
64.3044
20
162.9425
30
0
0
VERTEX
8
Visible
10
64.3806
20
162.9425
30
0
0
VERTEX
8
Visible
10
64.4570
20
162.9425
30
0
0
VERTEX
8
Visible
10
64.5335
20
162.9425
30
0
0
VERTEX
8
Visible
10
64.6101
20
162.9425
30
0
0
VERTEX
8
Visible
10
64.6868
20
162.9425
30
0
0
VERTEX
8
Visible
10
64.7636
20
162.9425
30
0
0
VERTEX
8
Visible
10
64.8406
20
162.9425
30
0
0
VERTEX
8
Visible
10
64.9177
20
162.9425
30
0
0
VERTEX
8
Visible
10
64.9949
20
162.9425
30
0
0
VERTEX
8
Visible
10
65.0723
20
162.9425
30
0
0
VERTEX
8
Visible
10
65.1497
20
162.9425
30
0
0
VERTEX
8
Visible
10
65.2273
20
162.9425
30
0
0
VERTEX
8
Visible
10
65.3050
20
162.9425
30
0
0
VERTEX
8
Visible
10
65.3828
20
162.9425
30
0
0
VERTEX
8
Visible
10
65.4607
20
162.9425
30
0
0
SEQEND
8
Visible
0
LINE
8
Visible
10
68.3678
20
141.6925
30
0
11
68.3678
21
114.7639
31
0
0
LINE
8
Visible
10
68.3678
20
114.7639
30
0
11
68.3678
21
114.1925
31
0
0
LINE
8
Visible
10
67.9188
20
114.1925
30
0
11
68.3678
21
114.1925
31
0
0
LINE
8
Visible
10
66.7152
20
114.1925
30
0
11
67.9188
21
114.1925
31
0
0
LINE
8
Visible
10
64.4937
20
114.1925
30
0
11
66.7152
21
114.1925
31
0
0
POLYLINE
8
Visible
66
1
70
0
10
0
20
0
30
0
0
VERTEX
8
Visible
10
53.0862
20
166.3972
30
0
0
VERTEX
8
Visible
10
53.0837
20
166.3912
30
0
0
VERTEX
8
Visible
10
53.0811
20
166.3852
30
0
0
VERTEX
8
Visible
10
53.0786
20
166.3792
30
0
0
VERTEX
8
Visible
10
53.0760
20
166.3733
30
0
0
VERTEX
8
Visible
10
53.0735
20
166.3675
30
0
0
VERTEX
8
Visible
10
53.0709
20
166.3617
30
0
0
VERTEX
8
Visible
10
53.0684
20
166.3559
30
0
0
VERTEX
8
Visible
10
53.0658
20
166.3503
30
0
0
VERTEX
8
Visible
10
53.0633
20
166.3447
30
0
0
VERTEX
8
Visible
10
53.0607
20
166.3391
30
0
0
VERTEX
8
Visible
10
53.0581
20
166.3336
30
0
0
VERTEX
8
Visible
10
53.0556
20
166.3281
30
0
0
VERTEX
8
Visible
10
53.0530
20
166.3228
30
0
0
VERTEX
8
Visible
10
53.0504
20
166.3174
30
0
0
VERTEX
8
Visible
10
53.0478
20
166.3122
30
0
0
VERTEX
8
Visible
10
53.0453
20
166.3070
30
0
0
VERTEX
8
Visible
10
53.0427
20
166.3018
30
0
0
VERTEX
8
Visible
10
53.0401
20
166.2967
30
0
0
VERTEX
8
Visible
10
53.0375
20
166.2917
30
0
0
VERTEX
8
Visible
10
53.0350
20
166.2867
30
0
0
VERTEX
8
Visible
10
53.0324
20
166.2818
30
0
0
VERTEX
8
Visible
10
53.0298
20
166.2769
30
0
0
VERTEX
8
Visible
10
53.0272
20
166.2721
30
0
0
VERTEX
8
Visible
10
53.0246
20
166.2674
30
0
0
VERTEX
8
Visible
10
53.0221
20
166.2627
30
0
0
VERTEX
8
Visible
10
53.0195
20
166.2581
30
0
0
VERTEX
8
Visible
10
53.0169
20
166.2536
30
0
0
VERTEX
8
Visible
10
53.0143
20
166.2491
30
0
0
VERTEX
8
Visible
10
53.0117
20
166.2447
30
0
0
VERTEX
8
Visible
10
53.0092
20
166.2403
30
0
0
VERTEX
8
Visible
10
53.0066
20
166.2360
30
0
0
VERTEX
8
Visible
10
53.0040
20
166.2318
30
0
0
VERTEX
8
Visible
10
53.0014
20
166.2276
30
0
0
VERTEX
8
Visible
10
52.9989
20
166.2235
30
0
0
VERTEX
8
Visible
10
52.9963
20
166.2195
30
0
0
VERTEX
8
Visible
10
52.9937
20
166.2155
30
0
0
VERTEX
8
Visible
10
52.9912
20
166.2116
30
0
0
VERTEX
8
Visible
10
52.9886
20
166.2078
30
0
0
VERTEX
8
Visible
10
52.9861
20
166.2040
30
0
0
VERTEX
8
Visible
10
52.9835
20
166.2003
30
0
0
VERTEX
8
Visible
10
52.9810
20
166.1966
30
0
0
VERTEX
8
Visible
10
52.9784
20
166.1931
30
0
0
VERTEX
8
Visible
10
52.9759
20
166.1896
30
0
0
VERTEX
8
Visible
10
52.9734
20
166.1861
30
0
0
VERTEX
8
Visible
10
52.9709
20
166.1828
30
0
0
VERTEX
8
Visible
10
52.9683
20
166.1795
30
0
0
VERTEX
8
Visible
10
52.9658
20
166.1762
30
0
0
VERTEX
8
Visible
10
52.9633
20
166.1731
30
0
0
VERTEX
8
Visible
10
52.9608
20
166.1700
30
0
0
VERTEX
8
Visible
10
52.9583
20
166.1669
30
0
0
VERTEX
8
Visible
10
52.9558
20
166.1640
30
0
0
VERTEX
8
Visible
10
52.9533
20
166.1611
30
0
0
VERTEX
8
Visible
10
52.9508
20
166.1582
30
0
0
VERTEX
8
Visible
10
52.9484
20
166.1555
30
0
0
VERTEX
8
Visible
10
52.9459
20
166.1528
30
0
0
VERTEX
8
Visible
10
52.9434
20
166.1502
30
0
0
VERTEX
8
Visible
10
52.9410
20
166.1476
30
0
0
VERTEX
8
Visible
10
52.9385
20
166.1452
30
0
0
VERTEX
8
Visible
10
52.9361
20
166.1428
30
0
0
VERTEX
8
Visible
10
52.9337
20
166.1404
30
0
0
VERTEX
8
Visible
10
52.9312
20
166.1382
30
0
0
VERTEX
8
Visible
10
52.9288
20
166.1360
30
0
0
VERTEX
8
Visible
10
52.9264
20
166.1339
30
0
0
VERTEX
8
Visible
10
52.9240
20
166.1318
30
0
0
VERTEX
8
Visible
10
52.9216
20
166.1299
30
0
0
VERTEX
8
Visible
10
52.9192
20
166.1279
30
0
0
VERTEX
8
Visible
10
52.9168
20
166.1261
30
0
0
VERTEX
8
Visible
10
52.9145
20
166.1244
30
0
0
VERTEX
8
Visible
10
52.9121
20
166.1227
30
0
0
VERTEX
8
Visible
10
52.9098
20
166.1211
30
0
0
VERTEX
8
Visible
10
52.9074
20
166.1195
30
0
0
VERTEX
8
Visible
10
52.9051
20
166.1181
30
0
0
VERTEX
8
Visible
10
52.9028
20
166.1167
30
0
0
VERTEX
8
Visible
10
52.9005
20
166.1154
30
0
0
VERTEX
8
Visible
10
52.8982
20
166.1141
30
0
0
VERTEX
8
Visible
10
52.8959
20
166.1130
30
0
0
VERTEX
8
Visible
10
52.8936
20
166.1119
30
0
0
VERTEX
8
Visible
10
52.8914
20
166.1109
30
0
0
VERTEX
8
Visible
10
52.8891
20
166.1099
30
0
0
VERTEX
8
Visible
10
52.8869
20
166.1090
30
0
0
VERTEX
8
Visible
10
52.8847
20
166.1083
30
0
0
VERTEX
8
Visible
10
52.8824
20
166.1075
30
0
0
VERTEX
8
Visible
10
52.8802
20
166.1069
30
0
0
VERTEX
8
Visible
10
52.8780
20
166.1063
30
0
0
VERTEX
8
Visible
10
52.8759
20
166.1058
30
0
0
VERTEX
8
Visible
10
52.8737
20
166.1054
30
0
0
VERTEX
8
Visible
10
52.8715
20
166.1051
30
0
0
VERTEX
8
Visible
10
52.8694
20
166.1048
30
0
0
VERTEX
8
Visible
10
52.8673
20
166.1046
30
0
0
VERTEX
8
Visible
10
52.8651
20
166.1045
30
0
0
VERTEX
8
Visible
10
52.8630
20
166.1045
30
0
0
VERTEX
8
Visible
10
52.8609
20
166.1045
30
0
0
VERTEX
8
Visible
10
52.8589
20
166.1046
30
0
0
VERTEX
8
Visible
10
52.8568
20
166.1048
30
0
0
VERTEX
8
Visible
10
52.8548
20
166.1051
30
0
0
VERTEX
8
Visible
10
52.8527
20
166.1054
30
0
0
VERTEX
8
Visible
10
52.8507
20
166.1058
30
0
0
VERTEX
8
Visible
10
52.8487
20
166.1063
30
0
0
VERTEX
8
Visible
10
52.8467
20
166.1069
30
0
0
VERTEX
8
Visible
10
52.8447
20
166.1076
30
0
0
VERTEX
8
Visible
10
52.8428
20
166.1083
30
0
0
VERTEX
8
Visible
10
52.8408
20
166.1091
30
0
0
VERTEX
8
Visible
10
52.8389
20
166.1100
30
0
0
VERTEX
8
Visible
10
52.8370
20
166.1109
30
0
0
VERTEX
8
Visible
10
52.8350
20
166.1120
30
0
0
VERTEX
8
Visible
10
52.8332
20
166.1131
30
0
0
VERTEX
8
Visible
10
52.8313
20
166.1143
30
0
0
VERTEX
8
Visible
10
52.8294
20
166.1155
30
0
0
VERTEX
8
Visible
10
52.8276
20
166.1169
30
0
0
VERTEX
8
Visible
10
52.8258
20
166.1183
30
0
0
VERTEX
8
Visible
10
52.8240
20
166.1198
30
0
0
VERTEX
8
Visible
10
52.8222
20
166.1213
30
0
0
VERTEX
8
Visible
10
52.8204
20
166.1230
30
0
0
VERTEX
8
Visible
10
52.8186
20
166.1247
30
0
0
VERTEX
8
Visible
10
52.8169
20
166.1265
30
0
0
VERTEX
8
Visible
10
52.8152
20
166.1284
30
0
0
VERTEX
8
Visible
10
52.8135
20
166.1303
30
0
0
VERTEX
8
Visible
10
52.8118
20
166.1323
30
0
0
VERTEX
8
Visible
10
52.8101
20
166.1344
30
0
0
VERTEX
8
Visible
10
52.8085
20
166.1366
30
0
0
VERTEX
8
Visible
10
52.8068
20
166.1389
30
0
0
VERTEX
8
Visible
10
52.8052
20
166.1412
30
0
0
VERTEX
8
Visible
10
52.8036
20
166.1436
30
0
0
VERTEX
8
Visible
10
52.8020
20
166.1461
30
0
0
VERTEX
8
Visible
10
52.8004
20
166.1487
30
0
0
VERTEX
8
Visible
10
52.7989
20
166.1513
30
0
0
VERTEX
8
Visible
10
52.7974
20
166.1540
30
0
0
VERTEX
8
Visible
10
52.7958
20
166.1568
30
0
0
VERTEX
8
Visible
10
52.7944
20
166.1597
30
0
0
VERTEX
8
Visible
10
52.7929
20
166.1626
30
0
0
VERTEX
8
Visible
10
52.7914
20
166.1656
30
0
0
VERTEX
8
Visible
10
52.7900
20
166.1687
30
0
0
VERTEX
8
Visible
10
52.7886
20
166.1718
30
0
0
VERTEX
8
Visible
10
52.7872
20
166.1751
30
0
0
VERTEX
8
Visible
10
52.7858
20
166.1784
30
0
0
VERTEX
8
Visible
10
52.7844
20
166.1817
30
0
0
VERTEX
8
Visible
10
52.7831
20
166.1852
30
0
0
VERTEX
8
Visible
10
52.7817
20
166.1887
30
0
0
VERTEX
8
Visible
10
52.7804
20
166.1923
30
0
0
VERTEX
8
Visible
10
52.7792
20
166.1960
30
0
0
VERTEX
8
Visible
10
52.7779
20
166.1997
30
0
0
VERTEX
8
Visible
10
52.7767
20
166.2035
30
0
0
VERTEX
8
Visible
10
52.7754
20
166.2074
30
0
0
VERTEX
8
Visible
10
52.7742
20
166.2113
30
0
0
VERTEX
8
Visible
10
52.7730
20
166.2153
30
0
0
VERTEX
8
Visible
10
52.7719
20
166.2194
30
0
0
VERTEX
8
Visible
10
52.7707
20
166.2236
30
0
0
VERTEX
8
Visible
10
52.7696
20
166.2278
30
0
0
VERTEX
8
Visible
10
52.7685
20
166.2321
30
0
0
VERTEX
8
Visible
10
52.7674
20
166.2365
30
0
0
VERTEX
8
Visible
10
52.7663
20
166.2409
30
0
0
VERTEX
8
Visible
10
52.7653
20
166.2454
30
0
0
VERTEX
8
Visible
10
52.7642
20
166.2500
30
0
0
VERTEX
8
Visible
10
52.7632
20
166.2546
30
0
0
VERTEX
8
Visible
10
52.7622
20
166.2593
30
0
0
VERTEX
8
Visible
10
52.7613
20
166.2641
30
0
0
VERTEX
8
Visible
10
52.7603
20
166.2690
30
0
0
VERTEX
8
Visible
10
52.7594
20
166.2739
30
0
0
VERTEX
8
Visible
10
52.7585
20
166.2789
30
0
0
VERTEX
8
Visible
10
52.7576
20
166.2839
30
0
0
VERTEX
8
Visible
10
52.7567
20
166.2891
30
0
0
VERTEX
8
Visible
10
52.7559
20
166.2942
30
0
0
VERTEX
8
Visible
10
52.7550
20
166.2995
30
0
0
VERTEX
8
Visible
10
52.7542
20
166.3048
30
0
0
VERTEX
8
Visible
10
52.7534
20
166.3102
30
0
0
VERTEX
8
Visible
10
52.7527
20
166.3157
30
0
0
VERTEX
8
Visible
10
52.7519
20
166.3212
30
0
0
VERTEX
8
Visible
10
52.7512
20
166.3268
30
0
0
SEQEND
8
Visible
0
POLYLINE
8
Visible
66
1
70
0
10
0
20
0
30
0
0
VERTEX
8
Visible
10
52.7512
20
166.3268
30
0
0
VERTEX
8
Visible
10
52.7501
20
166.3354
30
0
0
VERTEX
8
Visible
10
52.7491
20
166.3442
30
0
0
VERTEX
8
Visible
10
52.7481
20
166.3531
30
0
0
VERTEX
8
Visible
10
52.7472
20
166.3621
30
0
0
VERTEX
8
Visible
10
52.7463
20
166.3713
30
0
0
VERTEX
8
Visible
10
52.7455
20
166.3806
30
0
0
VERTEX
8
Visible
10
52.7447
20
166.3901
30
0
0
VERTEX
8
Visible
10
52.7440
20
166.3997
30
0
0
VERTEX
8
Visible
10
52.7434
20
166.4094
30
0
0
VERTEX
8
Visible
10
52.7427
20
166.4192
30
0
0
VERTEX
8
Visible
10
52.7422
20
166.4292
30
0
0
VERTEX
8
Visible
10
52.7416
20
166.4393
30
0
0
VERTEX
8
Visible
10
52.7412
20
166.4495
30
0
0
VERTEX
8
Visible
10
52.7407
20
166.4599
30
0
0
VERTEX
8
Visible
10
52.7404
20
166.4703
30
0
0
VERTEX
8
Visible
10
52.7401
20
166.4809
30
0
0
VERTEX
8
Visible
10
52.7398
20
166.4916
30
0
0
VERTEX
8
Visible
10
52.7396
20
166.5025
30
0
0
VERTEX
8
Visible
10
52.7394
20
166.5134
30
0
0
VERTEX
8
Visible
10
52.7393
20
166.5245
30
0
0
VERTEX
8
Visible
10
52.7392
20
166.5357
30
0
0
VERTEX
8
Visible
10
52.7392
20
166.5469
30
0
0
VERTEX
8
Visible
10
52.7392
20
166.5583
30
0
0
VERTEX
8
Visible
10
52.7393
20
166.5698
30
0
0
VERTEX
8
Visible
10
52.7394
20
166.5813
30
0
0
VERTEX
8
Visible
10
52.7396
20
166.5930
30
0
0
VERTEX
8
Visible
10
52.7398
20
166.6047
30
0
0
VERTEX
8
Visible
10
52.7400
20
166.6166
30
0
0
VERTEX
8
Visible
10
52.7404
20
166.6285
30
0
0
VERTEX
8
Visible
10
52.7407
20
166.6405
30
0
0
VERTEX
8
Visible
10
52.7411
20
166.6526
30
0
0
VERTEX
8
Visible
10
52.7416
20
166.6648
30
0
0
VERTEX
8
Visible
10
52.7421
20
166.6770
30
0
0
VERTEX
8
Visible
10
52.7427
20
166.6894
30
0
0
VERTEX
8
Visible
10
52.7433
20
166.7018
30
0
0
VERTEX
8
Visible
10
52.7439
20
166.7143
30
0
0
VERTEX
8
Visible
10
52.7446
20
166.7269
30
0
0
VERTEX
8
Visible
10
52.7454
20
166.7395
30
0
0
VERTEX
8
Visible
10
52.7462
20
166.7522
30
0
0
VERTEX
8
Visible
10
52.7470
20
166.7650
30
0
0
VERTEX
8
Visible
10
52.7479
20
166.7778
30
0
0
VERTEX
8
Visible
10
52.7488
20
166.7907
30
0
0
VERTEX
8
Visible
10
52.7498
20
166.8037
30
0
0
VERTEX
8
Visible
10
52.7508
20
166.8167
30
0
0
VERTEX
8
Visible
10
52.7519
20
166.8297
30
0
0
VERTEX
8
Visible
10
52.7530
20
166.8428
30
0
0
VERTEX
8
Visible
10
52.7541
20
166.8559
30
0
0
VERTEX
8
Visible
10
52.7553
20
166.8691
30
0
0
VERTEX
8
Visible
10
52.7566
20
166.8823
30
0
0
VERTEX
8
Visible
10
52.7579
20
166.8955
30
0
0
VERTEX
8
Visible
10
52.7592
20
166.9088
30
0
0
VERTEX
8
Visible
10
52.7606
20
166.9221
30
0
0
VERTEX
8
Visible
10
52.7620
20
166.9354
30
0
0
VERTEX
8
Visible
10
52.7634
20
166.9488
30
0
0
VERTEX
8
Visible
10
52.7649
20
166.9621
30
0
0
VERTEX
8
Visible
10
52.7665
20
166.9755
30
0
0
VERTEX
8
Visible
10
52.7680
20
166.9890
30
0
0
VERTEX
8
Visible
10
52.7697
20
167.0024
30
0
0
VERTEX
8
Visible
10
52.7713
20
167.0159
30
0
0
VERTEX
8
Visible
10
52.7730
20
167.0294
30
0
0
VERTEX
8
Visible
10
52.7748
20
167.0429
30
0
0
VERTEX
8
Visible
10
52.7766
20
167.0564
30
0
0
VERTEX
8
Visible
10
52.7784
20
167.0699
30
0
0
VERTEX
8
Visible
10
52.7803
20
167.0834
30
0
0
VERTEX
8
Visible
10
52.7822
20
167.0969
30
0
0
VERTEX
8
Visible
10
52.7841
20
167.1104
30
0
0
VERTEX
8
Visible
10
52.7861
20
167.1239
30
0
0
VERTEX
8
Visible
10
52.7881
20
167.1374
30
0
0
VERTEX
8
Visible
10
52.7901
20
167.1509
30
0
0
VERTEX
8
Visible
10
52.7922
20
167.1643
30
0
0
VERTEX
8
Visible
10
52.7943
20
167.1777
30
0
0
VERTEX
8
Visible
10
52.7965
20
167.1911
30
0
0
VERTEX
8
Visible
10
52.7987
20
167.2045
30
0
0
VERTEX
8
Visible
10
52.8009
20
167.2179
30
0
0
VERTEX
8
Visible
10
52.8032
20
167.2312
30
0
0
VERTEX
8
Visible
10
52.8055
20
167.2445
30
0
0
VERTEX
8
Visible
10
52.8078
20
167.2578
30
0
0
VERTEX
8
Visible
10
52.8102
20
167.2710
30
0
0
VERTEX
8
Visible
10
52.8125
20
167.2842
30
0
0
VERTEX
8
Visible
10
52.8150
20
167.2974
30
0
0
VERTEX
8
Visible
10
52.8174
20
167.3105
30
0
0
VERTEX
8
Visible
10
52.8199
20
167.3236
30
0
0
VERTEX
8
Visible
10
52.8225
20
167.3366
30
0
0
VERTEX
8
Visible
10
52.8250
20
167.3496
30
0
0
VERTEX
8
Visible
10
52.8276
20
167.3626
30
0
0
VERTEX
8
Visible
10
52.8302
20
167.3755
30
0
0
VERTEX
8
Visible
10
52.8329
20
167.3884
30
0
0
VERTEX
8
Visible
10
52.8356
20
167.4012
30
0
0
VERTEX
8
Visible
10
52.8383
20
167.4139
30
0
0
VERTEX
8
Visible
10
52.8410
20
167.4266
30
0
0
VERTEX
8
Visible
10
52.8438
20
167.4393
30
0
0
VERTEX
8
Visible
10
52.8466
20
167.4518
30
0
0
VERTEX
8
Visible
10
52.8494
20
167.4643
30
0
0
VERTEX
8
Visible
10
52.8523
20
167.4767
30
0
0
VERTEX
8
Visible
10
52.8552
20
167.4890
30
0
0
VERTEX
8
Visible
10
52.8581
20
167.5013
30
0
0
VERTEX
8
Visible
10
52.8610
20
167.5134
30
0
0
VERTEX
8
Visible
10
52.8639
20
167.5255
30
0
0
VERTEX
8
Visible
10
52.8669
20
167.5375
30
0
0
VERTEX
8
Visible
10
52.8699
20
167.5495
30
0
0
VERTEX
8
Visible
10
52.8729
20
167.5613
30
0
0
VERTEX
8
Visible
10
52.8760
20
167.5731
30
0
0
VERTEX
8
Visible
10
52.8791
20
167.5847
30
0
0
VERTEX
8
Visible
10
52.8822
20
167.5963
30
0
0
VERTEX
8
Visible
10
52.8853
20
167.6078
30
0
0
VERTEX
8
Visible
10
52.8884
20
167.6192
30
0
0
VERTEX
8
Visible
10
52.8916
20
167.6305
30
0
0
VERTEX
8
Visible
10
52.8948
20
167.6418
30
0
0
VERTEX
8
Visible
10
52.8980
20
167.6529
30
0
0
VERTEX
8
Visible
10
52.9012
20
167.6639
30
0
0
VERTEX
8
Visible
10
52.9044
20
167.6748
30
0
0
VERTEX
8
Visible
10
52.9077
20
167.6857
30
0
0
VERTEX
8
Visible
10
52.9110
20
167.6964
30
0
0
VERTEX
8
Visible
10
52.9143
20
167.7070
30
0
0
VERTEX
8
Visible
10
52.9176
20
167.7176
30
0
0
VERTEX
8
Visible
10
52.9210
20
167.7280
30
0
0
VERTEX
8
Visible
10
52.9244
20
167.7383
30
0
0
VERTEX
8
Visible
10
52.9277
20
167.7484
30
0
0
VERTEX
8
Visible
10
52.9311
20
167.7585
30
0
0
VERTEX
8
Visible
10
52.9345
20
167.7684
30
0
0
VERTEX
8
Visible
10
52.9380
20
167.7782
30
0
0
VERTEX
8
Visible
10
52.9414
20
167.7879
30
0
0
VERTEX
8
Visible
10
52.9449
20
167.7975
30
0
0
VERTEX
8
Visible
10
52.9483
20
167.8069
30
0
0
VERTEX
8
Visible
10
52.9518
20
167.8162
30
0
0
VERTEX
8
Visible
10
52.9553
20
167.8254
30
0
0
VERTEX
8
Visible
10
52.9588
20
167.8345
30
0
0
VERTEX
8
Visible
10
52.9623
20
167.8434
30
0
0
VERTEX
8
Visible
10
52.9658
20
167.8522
30
0
0
VERTEX
8
Visible
10
52.9694
20
167.8609
30
0
0
VERTEX
8
Visible
10
52.9729
20
167.8694
30
0
0
VERTEX
8
Visible
10
52.9765
20
167.8778
30
0
0
VERTEX
8
Visible
10
52.9800
20
167.8861
30
0
0
VERTEX
8
Visible
10
52.9836
20
167.8942
30
0
0
VERTEX
8
Visible
10
52.9872
20
167.9022
30
0
0
VERTEX
8
Visible
10
52.9908
20
167.9100
30
0
0
VERTEX
8
Visible
10
52.9944
20
167.9178
30
0
0
VERTEX
8
Visible
10
52.9980
20
167.9253
30
0
0
VERTEX
8
Visible
10
53.0016
20
167.9328
30
0
0
VERTEX
8
Visible
10
53.0052
20
167.9401
30
0
0
VERTEX
8
Visible
10
53.0088
20
167.9472
30
0
0
VERTEX
8
Visible
10
53.0125
20
167.9542
30
0
0
VERTEX
8
Visible
10
53.0161
20
167.9611
30
0
0
VERTEX
8
Visible
10
53.0198
20
167.9678
30
0
0
VERTEX
8
Visible
10
53.0234
20
167.9744
30
0
0
VERTEX
8
Visible
10
53.0271
20
167.9808
30
0
0
VERTEX
8
Visible
10
53.0307
20
167.9870
30
0
0
VERTEX
8
Visible
10
53.0344
20
167.9932
30
0
0
VERTEX
8
Visible
10
53.0381
20
167.9991
30
0
0
VERTEX
8
Visible
10
53.0417
20
168.0049
30
0
0
VERTEX
8
Visible
10
53.0454
20
168.0106
30
0
0
VERTEX
8
Visible
10
53.0490
20
168.0160
30
0
0
VERTEX
8
Visible
10
53.0527
20
168.0214
30
0
0
VERTEX
8
Visible
10
53.0563
20
168.0265
30
0
0
VERTEX
8
Visible
10
53.0600
20
168.0315
30
0
0
VERTEX
8
Visible
10
53.0636
20
168.0364
30
0
0
VERTEX
8
Visible
10
53.0673
20
168.0411
30
0
0
VERTEX
8
Visible
10
53.0709
20
168.0456
30
0
0
VERTEX
8
Visible
10
53.0746
20
168.0499
30
0
0
VERTEX
8
Visible
10
53.0782
20
168.0541
30
0
0
VERTEX
8
Visible
10
53.0818
20
168.0582
30
0
0
VERTEX
8
Visible
10
53.0854
20
168.0620
30
0
0
VERTEX
8
Visible
10
53.0890
20
168.0657
30
0
0
VERTEX
8
Visible
10
53.0926
20
168.0693
30
0
0
VERTEX
8
Visible
10
53.0962
20
168.0726
30
0
0
VERTEX
8
Visible
10
53.0998
20
168.0758
30
0
0
VERTEX
8
Visible
10
53.1034
20
168.0789
30
0
0
VERTEX
8
Visible
10
53.1070
20
168.0818
30
0
0
VERTEX
8
Visible
10
53.1105
20
168.0845
30
0
0
VERTEX
8
Visible
10
53.1141
20
168.0870
30
0
0
VERTEX
8
Visible
10
53.1176
20
168.0894
30
0
0
VERTEX
8
Visible
10
53.1211
20
168.0916
30
0
0
VERTEX
8
Visible
10
53.1247
20
168.0936
30
0
0
VERTEX
8
Visible
10
53.1282
20
168.0954
30
0
0
VERTEX
8
Visible
10
53.1317
20
168.0971
30
0
0
VERTEX
8
Visible
10
53.1352
20
168.0986
30
0
0
VERTEX
8
Visible
10
53.1386
20
168.1000
30
0
0
VERTEX
8
Visible
10
53.1421
20
168.1011
30
0
0
VERTEX
8
Visible
10
53.1455
20
168.1021
30
0
0
VERTEX
8
Visible
10
53.1489
20
168.1029
30
0
0
VERTEX
8
Visible
10
53.1523
20
168.1036
30
0
0
VERTEX
8
Visible
10
53.1557
20
168.1041
30
0
0
VERTEX
8
Visible
10
53.1591
20
168.1043
30
0
0
VERTEX
8
Visible
10
53.1624
20
168.1045
30
0
0
VERTEX
8
Visible
10
53.1657
20
168.1044
30
0
0
VERTEX
8
Visible
10
53.1690
20
168.1042
30
0
0
VERTEX
8
Visible
10
53.1723
20
168.1038
30
0
0
VERTEX
8
Visible
10
53.1756
20
168.1032
30
0
0
VERTEX
8
Visible
10
53.1788
20
168.1024
30
0
0
VERTEX
8
Visible
10
53.1820
20
168.1015
30
0
0
VERTEX
8
Visible
10
53.1852
20
168.1004
30
0
0
VERTEX
8
Visible
10
53.1883
20
168.0991
30
0
0
VERTEX
8
Visible
10
53.1915
20
168.0977
30
0
0
VERTEX
8
Visible
10
53.1946
20
168.0960
30
0
0
VERTEX
8
Visible
10
53.1977
20
168.0942
30
0
0
VERTEX
8
Visible
10
53.2007
20
168.0922
30
0
0
VERTEX
8
Visible
10
53.2038
20
168.0901
30
0
0
VERTEX
8
Visible
10
53.2068
20
168.0878
30
0
0
VERTEX
8
Visible
10
53.2097
20
168.0852
30
0
0
VERTEX
8
Visible
10
53.2127
20
168.0826
30
0
0
VERTEX
8
Visible
10
53.2156
20
168.0797
30
0
0
VERTEX
8
Visible
10
53.2185
20
168.0767
30
0
0
VERTEX
8
Visible
10
53.2214
20
168.0735
30
0
0
VERTEX
8
Visible
10
53.2242
20
168.0701
30
0
0
VERTEX
8
Visible
10
53.2270
20
168.0665
30
0
0
VERTEX
8
Visible
10
53.2298
20
168.0628
30
0
0
VERTEX
8
Visible
10
53.2325
20
168.0589
30
0
0
VERTEX
8
Visible
10
53.2352
20
168.0548
30
0
0
VERTEX
8
Visible
10
53.2378
20
168.0505
30
0
0
VERTEX
8
Visible
10
53.2405
20
168.0461
30
0
0
VERTEX
8
Visible
10
53.2431
20
168.0415
30
0
0
VERTEX
8
Visible
10
53.2456
20
168.0368
30
0
0
VERTEX
8
Visible
10
53.2481
20
168.0319
30
0
0
VERTEX
8
Visible
10
53.2506
20
168.0268
30
0
0
VERTEX
8
Visible
10
53.2530
20
168.0215
30
0
0
VERTEX
8
Visible
10
53.2554
20
168.0161
30
0
0
VERTEX
8
Visible
10
53.2578
20
168.0105
30
0
0
VERTEX
8
Visible
10
53.2601
20
168.0048
30
0
0
VERTEX
8
Visible
10
53.2623
20
167.9988
30
0
0
VERTEX
8
Visible
10
53.2646
20
167.9928
30
0
0
VERTEX
8
Visible
10
53.2667
20
167.9865
30
0
0
VERTEX
8
Visible
10
53.2689
20
167.9801
30
0
0
VERTEX
8
Visible
10
53.2710
20
167.9735
30
0
0
VERTEX
8
Visible
10
53.2731
20
167.9668
30
0
0
VERTEX
8
Visible
10
53.2751
20
167.9599
30
0
0
VERTEX
8
Visible
10
53.2770
20
167.9529
30
0
0
VERTEX
8
Visible
10
53.2790
20
167.9456
30
0
0
VERTEX
8
Visible
10
53.2808
20
167.9383
30
0
0
VERTEX
8
Visible
10
53.2827
20
167.9307
30
0
0
VERTEX
8
Visible
10
53.2845
20
167.9230
30
0
0
VERTEX
8
Visible
10
53.2862
20
167.9152
30
0
0
VERTEX
8
Visible
10
53.2879
20
167.9072
30
0
0
VERTEX
8
Visible
10
53.2895
20
167.8990
30
0
0
VERTEX
8
Visible
10
53.2911
20
167.8907
30
0
0
VERTEX
8
Visible
10
53.2927
20
167.8823
30
0
0
VERTEX
8
Visible
10
53.2942
20
167.8737
30
0
0
VERTEX
8
Visible
10
53.2956
20
167.8650
30
0
0
VERTEX
8
Visible
10
53.2970
20
167.8561
30
0
0
VERTEX
8
Visible
10
53.2983
20
167.8472
30
0
0
VERTEX
8
Visible
10
53.2996
20
167.8380
30
0
0
VERTEX
8
Visible
10
53.3009
20
167.8288
30
0
0
VERTEX
8
Visible
10
53.3020
20
167.8194
30
0
0
VERTEX
8
Visible
10
53.3032
20
167.8098
30
0
0
VERTEX
8
Visible
10
53.3043
20
167.8002
30
0
0
VERTEX
8
Visible
10
53.3053
20
167.7904
30
0
0
VERTEX
8
Visible
10
53.3062
20
167.7805
30
0
0
VERTEX
8
Visible
10
53.3072
20
167.7704
30
0
0
VERTEX
8
Visible
10
53.3080
20
167.7602
30
0
0
VERTEX
8
Visible
10
53.3088
20
167.7499
30
0
0
VERTEX
8
Visible
10
53.3096
20
167.7395
30
0
0
VERTEX
8
Visible
10
53.3103
20
167.7290
30
0
0
VERTEX
8
Visible
10
53.3109
20
167.7183
30
0
0
VERTEX
8
Visible
10
53.3115
20
167.7075
30
0
0
VERTEX
8
Visible
10
53.3120
20
167.6966
30
0
0
VERTEX
8
Visible
10
53.3125
20
167.6856
30
0
0
VERTEX
8
Visible
10
53.3129
20
167.6745
30
0
0
VERTEX
8
Visible
10
53.3133
20
167.6632
30
0
0
VERTEX
8
Visible
10
53.3136
20
167.6518
30
0
0
VERTEX
8
Visible
10
53.3138
20
167.6404
30
0
0
VERTEX
8
Visible
10
53.3140
20
167.6288
30
0
0
VERTEX
8
Visible
10
53.3141
20
167.6171
30
0
0
VERTEX
8
Visible
10
53.3142
20
167.6054
30
0
0
VERTEX
8
Visible
10
53.3142
20
167.5936
30
0
0
VERTEX
8
Visible
10
53.3142
20
167.5817
30
0
0
VERTEX
8
Visible
10
53.3141
20
167.5697
30
0
0
VERTEX
8
Visible
10
53.3139
20
167.5576
30
0
0
VERTEX
8
Visible
10
53.3137
20
167.5454
30
0
0
VERTEX
8
Visible
10
53.3134
20
167.5332
30
0
0
VERTEX
8
Visible
10
53.3131
20
167.5208
30
0
0
VERTEX
8
Visible
10
53.3127
20
167.5084
30
0
0
VERTEX
8
Visible
10
53.3122
20
167.4960
30
0
0
VERTEX
8
Visible
10
53.3117
20
167.4834
30
0
0
VERTEX
8
Visible
10
53.3112
20
167.4708
30
0
0
VERTEX
8
Visible
10
53.3106
20
167.4581
30
0
0
VERTEX
8
Visible
10
53.3099
20
167.4454
30
0
0
VERTEX
8
Visible
10
53.3091
20
167.4326
30
0
0
VERTEX
8
Visible
10
53.3084
20
167.4197
30
0
0
VERTEX
8
Visible
10
53.3075
20
167.4068
30
0
0
VERTEX
8
Visible
10
53.3066
20
167.3938
30
0
0
VERTEX
8
Visible
10
53.3056
20
167.3807
30
0
0
VERTEX
8
Visible
10
53.3046
20
167.3676
30
0
0
VERTEX
8
Visible
10
53.3035
20
167.3545
30
0
0
VERTEX
8
Visible
10
53.3024
20
167.3413
30
0
0
VERTEX
8
Visible
10
53.3012
20
167.3281
30
0
0
VERTEX
8
Visible
10
53.3000
20
167.3148
30
0
0
VERTEX
8
Visible
10
53.2987
20
167.3016
30
0
0
VERTEX
8
Visible
10
53.2973
20
167.2883
30
0
0
VERTEX
8
Visible
10
53.2959
20
167.2749
30
0
0
VERTEX
8
Visible
10
53.2945
20
167.2616
30
0
0
VERTEX
8
Visible
10
53.2930
20
167.2482
30
0
0
VERTEX
8
Visible
10
53.2914
20
167.2348
30
0
0
VERTEX
8
Visible
10
53.2898
20
167.2214
30
0
0
VERTEX
8
Visible
10
53.2881
20
167.2080
30
0
0
VERTEX
8
Visible
10
53.2864
20
167.1946
30
0
0
VERTEX
8
Visible
10
53.2846
20
167.1811
30
0
0
VERTEX
8
Visible
10
53.2828
20
167.1677
30
0
0
VERTEX
8
Visible
10
53.2809
20
167.1542
30
0
0
VERTEX
8
Visible
10
53.2790
20
167.1407
30
0
0
VERTEX
8
Visible
10
53.2770
20
167.1273
30
0
0
VERTEX
8
Visible
10
53.2750
20
167.1138
30
0
0
VERTEX
8
Visible
10
53.2729
20
167.1003
30
0
0
VERTEX
8
Visible
10
53.2708
20
167.0868
30
0
0
VERTEX
8
Visible
10
53.2686
20
167.0733
30
0
0
VERTEX
8
Visible
10
53.2664
20
167.0599
30
0
0
VERTEX
8
Visible
10
53.2641
20
167.0465
30
0
0
VERTEX
8
Visible
10
53.2618
20
167.0331
30
0
0
VERTEX
8
Visible
10
53.2595
20
167.0197
30
0
0
VERTEX
8
Visible
10
53.2571
20
167.0063
30
0
0
VERTEX
8
Visible
10
53.2546
20
166.9930
30
0
0
VERTEX
8
Visible
10
53.2521
20
166.9797
30
0
0
VERTEX
8
Visible
10
53.2496
20
166.9665
30
0
0
VERTEX
8
Visible
10
53.2470
20
166.9532
30
0
0
VERTEX
8
Visible
10
53.2444
20
166.9401
30
0
0
VERTEX
8
Visible
10
53.2418
20
166.9269
30
0
0
VERTEX
8
Visible
10
53.2391
20
166.9138
30
0
0
VERTEX
8
Visible
10
53.2364
20
166.9007
30
0
0
VERTEX
8
Visible
10
53.2336
20
166.8877
30
0
0
VERTEX
8
Visible
10
53.2308
20
166.8748
30
0
0
VERTEX
8
Visible
10
53.2279
20
166.8618
30
0
0
VERTEX
8
Visible
10
53.2250
20
166.8489
30
0
0
VERTEX
8
Visible
10
53.2221
20
166.8361
30
0
0
VERTEX
8
Visible
10
53.2191
20
166.8233
30
0
0
VERTEX
8
Visible
10
53.2161
20
166.8106
30
0
0
VERTEX
8
Visible
10
53.2131
20
166.7979
30
0
0
VERTEX
8
Visible
10
53.2100
20
166.7853
30
0
0
VERTEX
8
Visible
10
53.2069
20
166.7728
30
0
0
VERTEX
8
Visible
10
53.2038
20
166.7603
30
0
0
VERTEX
8
Visible
10
53.2006
20
166.7478
30
0
0
VERTEX
8
Visible
10
53.1974
20
166.7355
30
0
0
VERTEX
8
Visible
10
53.1942
20
166.7232
30
0
0
VERTEX
8
Visible
10
53.1909
20
166.7109
30
0
0
VERTEX
8
Visible
10
53.1876
20
166.6988
30
0
0
VERTEX
8
Visible
10
53.1843
20
166.6867
30
0
0
VERTEX
8
Visible
10
53.1809
20
166.6748
30
0
0
VERTEX
8
Visible
10
53.1775
20
166.6629
30
0
0
VERTEX
8
Visible
10
53.1741
20
166.6511
30
0
0
VERTEX
8
Visible
10
53.1707
20
166.6394
30
0
0
VERTEX
8
Visible
10
53.1673
20
166.6277
30
0
0
VERTEX
8
Visible
10
53.1638
20
166.6162
30
0
0
VERTEX
8
Visible
10
53.1603
20
166.6048
30
0
0
VERTEX
8
Visible
10
53.1567
20
166.5934
30
0
0
VERTEX
8
Visible
10
53.1532
20
166.5822
30
0
0
VERTEX
8
Visible
10
53.1496
20
166.5710
30
0
0
VERTEX
8
Visible
10
53.1460
20
166.5599
30
0
0
VERTEX
8
Visible
10
53.1424
20
166.5490
30
0
0
VERTEX
8
Visible
10
53.1388
20
166.5381
30
0
0
VERTEX
8
Visible
10
53.1352
20
166.5274
30
0
0
VERTEX
8
Visible
10
53.1315
20
166.5167
30
0
0
VERTEX
8
Visible
10
53.1278
20
166.5061
30
0
0
VERTEX
8
Visible
10
53.1241
20
166.4957
30
0
0
VERTEX
8
Visible
10
53.1204
20
166.4853
30
0
0
VERTEX
8
Visible
10
53.1166
20
166.4751
30
0
0
VERTEX
8
Visible
10
53.1129
20
166.4650
30
0
0
VERTEX
8
Visible
10
53.1091
20
166.4550
30
0
0
VERTEX
8
Visible
10
53.1053
20
166.4450
30
0
0
VERTEX
8
Visible
10
53.1015
20
166.4353
30
0
0
VERTEX
8
Visible
10
53.0977
20
166.4256
30
0
0
VERTEX
8
Visible
10
53.0939
20
166.4160
30
0
0
VERTEX
8
Visible
10
53.0901
20
166.4066
30
0
0
VERTEX
8
Visible
10
53.0862
20
166.3972
30
0
0
SEQEND
8
Visible
0
LINE
8
Visible
10
52.8927
20
171.3061
30
0
11
52.3049
21
166.0511
31
0
0
POLYLINE
8
Visible
66
1
70
0
10
0
20
0
30
0
0
VERTEX
8
Visible
10
50.6662
20
144.1622
30
0
0
VERTEX
8
Visible
10
50.6696
20
144.1871
30
0
0
VERTEX
8
Visible
10
50.6730
20
144.2121
30
0
0
VERTEX
8
Visible
10
50.6766
20
144.2372
30
0
0
VERTEX
8
Visible
10
50.6803
20
144.2624
30
0
0
VERTEX
8
Visible
10
50.6841
20
144.2875
30
0
0
VERTEX
8
Visible
10
50.6880
20
144.3127
30
0
0
VERTEX
8
Visible
10
50.6919
20
144.3380
30
0
0
VERTEX
8
Visible
10
50.6960
20
144.3632
30
0
0
VERTEX
8
Visible
10
50.7002
20
144.3885
30
0
0
VERTEX
8
Visible
10
50.7045
20
144.4138
30
0
0
VERTEX
8
Visible
10
50.7088
20
144.4390
30
0
0
VERTEX
8
Visible
10
50.7133
20
144.4643
30
0
0
VERTEX
8
Visible
10
50.7179
20
144.4895
30
0
0
VERTEX
8
Visible
10
50.7225
20
144.5147
30
0
0
VERTEX
8
Visible
10
50.7273
20
144.5399
30
0
0
VERTEX
8
Visible
10
50.7321
20
144.5650
30
0
0
VERTEX
8
Visible
10
50.7370
20
144.5901
30
0
0
VERTEX
8
Visible
10
50.7420
20
144.6152
30
0
0
VERTEX
8
Visible
10
50.7471
20
144.6401
30
0
0
VERTEX
8
Visible
10
50.7523
20
144.6650
30
0
0
VERTEX
8
Visible
10
50.7576
20
144.6898
30
0
0
VERTEX
8
Visible
10
50.7630
20
144.7146
30
0
0
VERTEX
8
Visible
10
50.7685
20
144.7392
30
0
0
VERTEX
8
Visible
10
50.7740
20
144.7637
30
0
0
VERTEX
8
Visible
10
50.7796
20
144.7881
30
0
0
VERTEX
8
Visible
10
50.7853
20
144.8124
30
0
0
VERTEX
8
Visible
10
50.7911
20
144.8366
30
0
0
VERTEX
8
Visible
10
50.7970
20
144.8607
30
0
0
VERTEX
8
Visible
10
50.8030
20
144.8846
30
0
0
VERTEX
8
Visible
10
50.8090
20
144.9084
30
0
0
VERTEX
8
Visible
10
50.8152
20
144.9320
30
0
0
VERTEX
8
Visible
10
50.8214
20
144.9555
30
0
0
VERTEX
8
Visible
10
50.8276
20
144.9788
30
0
0
VERTEX
8
Visible
10
50.8340
20
145.0020
30
0
0
VERTEX
8
Visible
10
50.8404
20
145.0250
30
0
0
VERTEX
8
Visible
10
50.8469
20
145.0478
30
0
0
VERTEX
8
Visible
10
50.8534
20
145.0705
30
0
0
VERTEX
8
Visible
10
50.8600
20
145.0930
30
0
0
VERTEX
8
Visible
10
50.8667
20
145.1153
30
0
0
VERTEX
8
Visible
10
50.8734
20
145.1374
30
0
0
VERTEX
8
Visible
10
50.8802
20
145.1593
30
0
0
VERTEX
8
Visible
10
50.8870
20
145.1809
30
0
0
VERTEX
8
Visible
10
50.8939
20
145.2024
30
0
0
VERTEX
8
Visible
10
50.9009
20
145.2237
30
0
0
VERTEX
8
Visible
10
50.9079
20
145.2448
30
0
0
VERTEX
8
Visible
10
50.9149
20
145.2656
30
0
0
VERTEX
8
Visible
10
50.9220
20
145.2862
30
0
0
VERTEX
8
Visible
10
50.9291
20
145.3065
30
0
0
VERTEX
8
Visible
10
50.9363
20
145.3267
30
0
0
VERTEX
8
Visible
10
50.9435
20
145.3465
30
0
0
VERTEX
8
Visible
10
50.9507
20
145.3661
30
0
0
VERTEX
8
Visible
10
50.9580
20
145.3855
30
0
0
VERTEX
8
Visible
10
50.9653
20
145.4046
30
0
0
VERTEX
8
Visible
10
50.9727
20
145.4234
30
0
0
VERTEX
8
Visible
10
50.9800
20
145.4420
30
0
0
VERTEX
8
Visible
10
50.9874
20
145.4603
30
0
0
VERTEX
8
Visible
10
50.9949
20
145.4784
30
0
0
VERTEX
8
Visible
10
51.0024
20
145.4963
30
0
0
VERTEX
8
Visible
10
51.0101
20
145.5142
30
0
0
VERTEX
8
Visible
10
51.0178
20
145.5318
30
0
0
VERTEX
8
Visible
10
51.0256
20
145.5494
30
0
0
VERTEX
8
Visible
10
51.0335
20
145.5667
30
0
0
VERTEX
8
Visible
10
51.0414
20
145.5840
30
0
0
VERTEX
8
Visible
10
51.0495
20
145.6010
30
0
0
VERTEX
8
Visible
10
51.0576
20
145.6179
30
0
0
VERTEX
8
Visible
10
51.0658
20
145.6347
30
0
0
VERTEX
8
Visible
10
51.0740
20
145.6512
30
0
0
VERTEX
8
Visible
10
51.0824
20
145.6676
30
0
0
VERTEX
8
Visible
10
51.0908
20
145.6838
30
0
0
VERTEX
8
Visible
10
51.0992
20
145.6998
30
0
0
VERTEX
8
Visible
10
51.1078
20
145.7156
30
0
0
VERTEX
8
Visible
10
51.1164
20
145.7312
30
0
0
VERTEX
8
Visible
10
51.1251
20
145.7466
30
0
0
VERTEX
8
Visible
10
51.1338
20
145.7618
30
0
0
VERTEX
8
Visible
10
51.1426
20
145.7768
30
0
0
VERTEX
8
Visible
10
51.1515
20
145.7916
30
0
0
VERTEX
8
Visible
10
51.1604
20
145.8061
30
0
0
VERTEX
8
Visible
10
51.1694
20
145.8205
30
0
0
VERTEX
8
Visible
10
51.1784
20
145.8346
30
0
0
VERTEX
8
Visible
10
51.1875
20
145.8484
30
0
0
VERTEX
8
Visible
10
51.1966
20
145.8620
30
0
0
VERTEX
8
Visible
10
51.2058
20
145.8754
30
0
0
VERTEX
8
Visible
10
51.2151
20
145.8885
30
0
0
VERTEX
8
Visible
10
51.2244
20
145.9014
30
0
0
VERTEX
8
Visible
10
51.2337
20
145.9140
30
0
0
VERTEX
8
Visible
10
51.2431
20
145.9264
30
0
0
VERTEX
8
Visible
10
51.2526
20
145.9384
30
0
0
VERTEX
8
Visible
10
51.2621
20
145.9502
30
0
0
VERTEX
8
Visible
10
51.2716
20
145.9618
30
0
0
VERTEX
8
Visible
10
51.2811
20
145.9730
30
0
0
VERTEX
8
Visible
10
51.2908
20
145.9840
30
0
0
VERTEX
8
Visible
10
51.3004
20
145.9946
30
0
0
VERTEX
8
Visible
10
51.3101
20
146.0050
30
0
0
VERTEX
8
Visible
10
51.3198
20
146.0151
30
0
0
VERTEX
8
Visible
10
51.3295
20
146.0250
30
0
0
VERTEX
8
Visible
10
51.3393
20
146.0345
30
0
0
VERTEX
8
Visible
10
51.3491
20
146.0438
30
0
0
VERTEX
8
Visible
10
51.3589
20
146.0528
30
0
0
VERTEX
8
Visible
10
51.3688
20
146.0615
30
0
0
VERTEX
8
Visible
10
51.3786
20
146.0699
30
0
0
VERTEX
8
Visible
10
51.3885
20
146.0780
30
0
0
VERTEX
8
Visible
10
51.3984
20
146.0859
30
0
0
VERTEX
8
Visible
10
51.4083
20
146.0934
30
0
0
VERTEX
8
Visible
10
51.4182
20
146.1007
30
0
0
VERTEX
8
Visible
10
51.4281
20
146.1077
30
0
0
VERTEX
8
Visible
10
51.4381
20
146.1145
30
0
0
VERTEX
8
Visible
10
51.4480
20
146.1209
30
0
0
VERTEX
8
Visible
10
51.4579
20
146.1271
30
0
0
VERTEX
8
Visible
10
51.4679
20
146.1329
30
0
0
VERTEX
8
Visible
10
51.4778
20
146.1385
30
0
0
VERTEX
8
Visible
10
51.4877
20
146.1439
30
0
0
VERTEX
8
Visible
10
51.4976
20
146.1489
30
0
0
VERTEX
8
Visible
10
51.5075
20
146.1537
30
0
0
VERTEX
8
Visible
10
51.5174
20
146.1582
30
0
0
VERTEX
8
Visible
10
51.5272
20
146.1623
30
0
0
VERTEX
8
Visible
10
51.5371
20
146.1663
30
0
0
VERTEX
8
Visible
10
51.5469
20
146.1699
30
0
0
VERTEX
8
Visible
10
51.5567
20
146.1733
30
0
0
VERTEX
8
Visible
10
51.5665
20
146.1763
30
0
0
VERTEX
8
Visible
10
51.5762
20
146.1791
30
0
0
VERTEX
8
Visible
10
51.5859
20
146.1817
30
0
0
VERTEX
8
Visible
10
51.5956
20
146.1839
30
0
0
VERTEX
8
Visible
10
51.6052
20
146.1859
30
0
0
VERTEX
8
Visible
10
51.6149
20
146.1876
30
0
0
VERTEX
8
Visible
10
51.6247
20
146.1890
30
0
0
VERTEX
8
Visible
10
51.6344
20
146.1902
30
0
0
VERTEX
8
Visible
10
51.6442
20
146.1911
30
0
0
VERTEX
8
Visible
10
51.6541
20
146.1917
30
0
0
VERTEX
8
Visible
10
51.6640
20
146.1921
30
0
0
VERTEX
8
Visible
10
51.6739
20
146.1922
30
0
0
VERTEX
8
Visible
10
51.6838
20
146.1920
30
0
0
VERTEX
8
Visible
10
51.6938
20
146.1916
30
0
0
VERTEX
8
Visible
10
51.7037
20
146.1909
30
0
0
VERTEX
8
Visible
10
51.7137
20
146.1899
30
0
0
VERTEX
8
Visible
10
51.7237
20
146.1887
30
0
0
VERTEX
8
Visible
10
51.7337
20
146.1871
30
0
0
VERTEX
8
Visible
10
51.7438
20
146.1853
30
0
0
VERTEX
8
Visible
10
51.7538
20
146.1832
30
0
0
VERTEX
8
Visible
10
51.7638
20
146.1809
30
0
0
VERTEX
8
Visible
10
51.7739
20
146.1782
30
0
0
VERTEX
8
Visible
10
51.7839
20
146.1753
30
0
0
VERTEX
8
Visible
10
51.7939
20
146.1721
30
0
0
VERTEX
8
Visible
10
51.8039
20
146.1686
30
0
0
VERTEX
8
Visible
10
51.8140
20
146.1648
30
0
0
VERTEX
8
Visible
10
51.8239
20
146.1607
30
0
0
VERTEX
8
Visible
10
51.8339
20
146.1564
30
0
0
VERTEX
8
Visible
10
51.8439
20
146.1518
30
0
0
VERTEX
8
Visible
10
51.8538
20
146.1468
30
0
0
VERTEX
8
Visible
10
51.8638
20
146.1416
30
0
0
VERTEX
8
Visible
10
51.8737
20
146.1361
30
0
0
VERTEX
8
Visible
10
51.8835
20
146.1303
30
0
0
VERTEX
8
Visible
10
51.8933
20
146.1242
30
0
0
VERTEX
8
Visible
10
51.9031
20
146.1178
30
0
0
VERTEX
8
Visible
10
51.9129
20
146.1111
30
0
0
VERTEX
8
Visible
10
51.9226
20
146.1042
30
0
0
VERTEX
8
Visible
10
51.9323
20
146.0969
30
0
0
VERTEX
8
Visible
10
51.9419
20
146.0893
30
0
0
VERTEX
8
Visible
10
51.9515
20
146.0814
30
0
0
VERTEX
8
Visible
10
51.9610
20
146.0733
30
0
0
VERTEX
8
Visible
10
51.9705
20
146.0648
30
0
0
VERTEX
8
Visible
10
51.9799
20
146.0561
30
0
0
VERTEX
8
Visible
10
51.9893
20
146.0470
30
0
0
VERTEX
8
Visible
10
51.9986
20
146.0377
30
0
0
VERTEX
8
Visible
10
52.0078
20
146.0281
30
0
0
VERTEX
8
Visible
10
52.0170
20
146.0183
30
0
0
VERTEX
8
Visible
10
52.0261
20
146.0082
30
0
0
VERTEX
8
Visible
10
52.0351
20
145.9978
30
0
0
VERTEX
8
Visible
10
52.0441
20
145.9871
30
0
0
VERTEX
8
Visible
10
52.0529
20
145.9762
30
0
0
VERTEX
8
Visible
10
52.0617
20
145.9651
30
0
0
VERTEX
8
Visible
10
52.0704
20
145.9537
30
0
0
VERTEX
8
Visible
10
52.0791
20
145.9420
30
0
0
VERTEX
8
Visible
10
52.0876
20
145.9301
30
0
0
VERTEX
8
Visible
10
52.0961
20
145.9180
30
0
0
VERTEX
8
Visible
10
52.1045
20
145.9056
30
0
0
VERTEX
8
Visible
10
52.1127
20
145.8930
30
0
0
VERTEX
8
Visible
10
52.1209
20
145.8801
30
0
0
VERTEX
8
Visible
10
52.1290
20
145.8670
30
0
0
VERTEX
8
Visible
10
52.1370
20
145.8537
30
0
0
VERTEX
8
Visible
10
52.1448
20
145.8402
30
0
0
VERTEX
8
Visible
10
52.1526
20
145.8264
30
0
0
VERTEX
8
Visible
10
52.1603
20
145.8125
30
0
0
VERTEX
8
Visible
10
52.1678
20
145.7983
30
0
0
VERTEX
8
Visible
10
52.1753
20
145.7839
30
0
0
VERTEX
8
Visible
10
52.1826
20
145.7694
30
0
0
VERTEX
8
Visible
10
52.1898
20
145.7546
30
0
0
VERTEX
8
Visible
10
52.1969
20
145.7396
30
0
0
VERTEX
8
Visible
10
52.2039
20
145.7244
30
0
0
VERTEX
8
Visible
10
52.2107
20
145.7091
30
0
0
VERTEX
8
Visible
10
52.2174
20
145.6935
30
0
0
VERTEX
8
Visible
10
52.2241
20
145.6777
30
0
0
VERTEX
8
Visible
10
52.2306
20
145.6615
30
0
0
VERTEX
8
Visible
10
52.2371
20
145.6451
30
0
0
VERTEX
8
Visible
10
52.2435
20
145.6283
30
0
0
VERTEX
8
Visible
10
52.2497
20
145.6113
30
0
0
VERTEX
8
Visible
10
52.2559
20
145.5939
30
0
0
VERTEX
8
Visible
10
52.2620
20
145.5763
30
0
0
VERTEX
8
Visible
10
52.2680
20
145.5584
30
0
0
VERTEX
8
Visible
10
52.2739
20
145.5402
30
0
0
VERTEX
8
Visible
10
52.2796
20
145.5218
30
0
0
VERTEX
8
Visible
10
52.2853
20
145.5030
30
0
0
VERTEX
8
Visible
10
52.2908
20
145.4840
30
0
0
VERTEX
8
Visible
10
52.2962
20
145.4648
30
0
0
VERTEX
8
Visible
10
52.3015
20
145.4453
30
0
0
VERTEX
8
Visible
10
52.3067
20
145.4255
30
0
0
VERTEX
8
Visible
10
52.3117
20
145.4056
30
0
0
VERTEX
8
Visible
10
52.3166
20
145.3853
30
0
0
VERTEX
8
Visible
10
52.3213
20
145.3649
30
0
0
VERTEX
8
Visible
10
52.3260
20
145.3442
30
0
0
VERTEX
8
Visible
10
52.3304
20
145.3232
30
0
0
VERTEX
8
Visible
10
52.3347
20
145.3021
30
0
0
VERTEX
8
Visible
10
52.3389
20
145.2807
30
0
0
VERTEX
8
Visible
10
52.3429
20
145.2592
30
0
0
VERTEX
8
Visible
10
52.3467
20
145.2374
30
0
0
VERTEX
8
Visible
10
52.3504
20
145.2154
30
0
0
VERTEX
8
Visible
10
52.3539
20
145.1932
30
0
0
VERTEX
8
Visible
10
52.3573
20
145.1709
30
0
0
VERTEX
8
Visible
10
52.3604
20
145.1483
30
0
0
VERTEX
8
Visible
10
52.3634
20
145.1256
30
0
0
VERTEX
8
Visible
10
52.3662
20
145.1027
30
0
0
VERTEX
8
Visible
10
52.3688
20
145.0796
30
0
0
VERTEX
8
Visible
10
52.3712
20
145.0563
30
0
0
VERTEX
8
Visible
10
52.3735
20
145.0329
30
0
0
VERTEX
8
Visible
10
52.3755
20
145.0094
30
0
0
VERTEX
8
Visible
10
52.3774
20
144.9857
30
0
0
VERTEX
8
Visible
10
52.3791
20
144.9618
30
0
0
VERTEX
8
Visible
10
52.3806
20
144.9379
30
0
0
VERTEX
8
Visible
10
52.3819
20
144.9138
30
0
0
VERTEX
8
Visible
10
52.3830
20
144.8896
30
0
0
VERTEX
8
Visible
10
52.3839
20
144.8654
30
0
0
VERTEX
8
Visible
10
52.3847
20
144.8410
30
0
0
VERTEX
8
Visible
10
52.3852
20
144.8166
30
0
0
VERTEX
8
Visible
10
52.3856
20
144.7921
30
0
0
VERTEX
8
Visible
10
52.3858
20
144.7675
30
0
0
VERTEX
8
Visible
10
52.3859
20
144.7429
30
0
0
VERTEX
8
Visible
10
52.3857
20
144.7182
30
0
0
VERTEX
8
Visible
10
52.3854
20
144.6935
30
0
0
VERTEX
8
Visible
10
52.3849
20
144.6688
30
0
0
VERTEX
8
Visible
10
52.3842
20
144.6440
30
0
0
VERTEX
8
Visible
10
52.3833
20
144.6192
30
0
0
VERTEX
8
Visible
10
52.3823
20
144.5945
30
0
0
VERTEX
8
Visible
10
52.3810
20
144.5697
30
0
0
VERTEX
8
Visible
10
52.3796
20
144.5449
30
0
0
VERTEX
8
Visible
10
52.3781
20
144.5202
30
0
0
VERTEX
8
Visible
10
52.3763
20
144.4955
30
0
0
VERTEX
8
Visible
10
52.3744
20
144.4708
30
0
0
VERTEX
8
Visible
10
52.3723
20
144.4462
30
0
0
VERTEX
8
Visible
10
52.3701
20
144.4217
30
0
0
VERTEX
8
Visible
10
52.3676
20
144.3972
30
0
0
VERTEX
8
Visible
10
52.3650
20
144.3728
30
0
0
VERTEX
8
Visible
10
52.3622
20
144.3484
30
0
0
VERTEX
8
Visible
10
52.3593
20
144.3239
30
0
0
SEQEND
8
Visible
0
LINE
8
Visible
10
59.8678
20
146.6925
30
0
11
59.8678
21
144.1550
31
0
0
LINE
8
Visible
10
61.8678
20
146.6925
30
0
11
59.8678
21
146.6925
31
0
0
LINE
8
Visible
10
61.8678
20
156.0738
30
0
11
61.8678
21
146.6925
31
0
0
LINE
8
Visible
10
51.1500
20
155.7266
30
0
11
49.8121
21
143.7660
31
0
0
LINE
8
Visible
10
61.8678
20
156.0738
30
0
11
61.8678
21
162.9425
31
0
0
LINE
8
Visible
10
52.3049
20
166.0511
30
0
11
51.1500
21
155.7266
31
0
0
ARC
8
Visible
10
68.7591
20
133.2373
30
0
40
20.0000
50
173.6176
51
244.7532
0
ARC
8
Visible
10
68.2327
20
180.1925
30
0
40
8.0000
50
92.6143
51
112.2099
0
ARC
8
Visible
10
72.7687
20
169.0828
30
0
40
20.0000
50
112.2099
51
173.6176
0
ARC
8
Visible
10
64.4940
20
124.1925
30
0
40
10.0000
50
244.7532
51
270.0000
0
LINE
8
Visible
10
68.3678
20
114.7639
30
0
11
68.3678
21
114.1925
31
0
0
LINE
8
Visible
10
68.3678
20
141.6925
30
0
11
68.3678
21
114.7639
31
0
0
LINE
8
Visible
10
69.8678
20
141.6925
30
0
11
69.8678
21
143.7480
31
0
0
LINE
8
Visible
10
69.8678
20
146.6925
30
0
11
69.8678
21
143.7480
31
0
0
LINE
8
Visible
10
69.8678
20
162.9425
30
0
11
69.8678
21
160.9425
31
0
0
LINE
8
Visible
10
67.8678
20
162.9425
30
0
11
67.8678
21
165.9702
31
0
0
LINE
8
Visible
10
67.8678
20
188.1925
30
0
11
67.8678
21
165.9702
31
0
0
LINE
8
Visible
10
69.8678
20
141.6925
30
0
11
68.3678
21
141.6925
31
0
0
LINE
8
Visible
10
67.8678
20
162.9425
30
0
11
69.8678
21
162.9425
31
0
0
LINE
8
Visible
10
69.8678
20
160.9425
30
0
11
68.3678
21
160.9425
31
0
0
LINE
8
Visible
10
68.3678
20
146.6925
30
0
11
69.8678
21
146.6925
31
0
0
POLYLINE
8
Visible
66
1
70
0
10
0
20
0
30
0
0
VERTEX
8
Visible
10
70.3986
20
166.3446
30
0
0
VERTEX
8
Visible
10
70.4124
20
166.3445
30
0
0
VERTEX
8
Visible
10
70.4263
20
166.3445
30
0
0
VERTEX
8
Visible
10
70.4402
20
166.3444
30
0
0
VERTEX
8
Visible
10
70.4540
20
166.3443
30
0
0
VERTEX
8
Visible
10
70.4679
20
166.3442
30
0
0
VERTEX
8
Visible
10
70.4817
20
166.3441
30
0
0
VERTEX
8
Visible
10
70.4955
20
166.3440
30
0
0
VERTEX
8
Visible
10
70.5094
20
166.3438
30
0
0
VERTEX
8
Visible
10
70.5232
20
166.3436
30
0
0
VERTEX
8
Visible
10
70.5370
20
166.3435
30
0
0
VERTEX
8
Visible
10
70.5507
20
166.3433
30
0
0
VERTEX
8
Visible
10
70.5645
20
166.3431
30
0
0
VERTEX
8
Visible
10
70.5782
20
166.3428
30
0
0
VERTEX
8
Visible
10
70.5920
20
166.3426
30
0
0
VERTEX
8
Visible
10
70.6056
20
166.3423
30
0
0
VERTEX
8
Visible
10
70.6193
20
166.3421
30
0
0
VERTEX
8
Visible
10
70.6330
20
166.3418
30
0
0
VERTEX
8
Visible
10
70.6466
20
166.3415
30
0
0
VERTEX
8
Visible
10
70.6601
20
166.3412
30
0
0
VERTEX
8
Visible
10
70.6737
20
166.3409
30
0
0
VERTEX
8
Visible
10
70.6872
20
166.3405
30
0
0
VERTEX
8
Visible
10
70.7007
20
166.3402
30
0
0
VERTEX
8
Visible
10
70.7142
20
166.3398
30
0
0
VERTEX
8
Visible
10
70.7276
20
166.3394
30
0
0
VERTEX
8
Visible
10
70.7410
20
166.3390
30
0
0
VERTEX
8
Visible
10
70.7544
20
166.3386
30
0
0
VERTEX
8
Visible
10
70.7677
20
166.3382
30
0
0
VERTEX
8
Visible
10
70.7810
20
166.3377
30
0
0
VERTEX
8
Visible
10
70.7943
20
166.3373
30
0
0
VERTEX
8
Visible
10
70.8075
20
166.3368
30
0
0
VERTEX
8
Visible
10
70.8207
20
166.3363
30
0
0
VERTEX
8
Visible
10
70.8339
20
166.3358
30
0
0
VERTEX
8
Visible
10
70.8470
20
166.3353
30
0
0
VERTEX
8
Visible
10
70.8600
20
166.3347
30
0
0
VERTEX
8
Visible
10
70.8731
20
166.3342
30
0
0
VERTEX
8
Visible
10
70.8860
20
166.3336
30
0
0
VERTEX
8
Visible
10
70.8990
20
166.3331
30
0
0
VERTEX
8
Visible
10
70.9119
20
166.3325
30
0
0
VERTEX
8
Visible
10
70.9247
20
166.3319
30
0
0
VERTEX
8
Visible
10
70.9375
20
166.3313
30
0
0
VERTEX
8
Visible
10
70.9503
20
166.3306
30
0
0
VERTEX
8
Visible
10
70.9630
20
166.3300
30
0
0
VERTEX
8
Visible
10
70.9757
20
166.3293
30
0
0
VERTEX
8
Visible
10
70.9883
20
166.3287
30
0
0
VERTEX
8
Visible
10
71.0009
20
166.3280
30
0
0
VERTEX
8
Visible
10
71.0134
20
166.3273
30
0
0
VERTEX
8
Visible
10
71.0259
20
166.3266
30
0
0
VERTEX
8
Visible
10
71.0383
20
166.3258
30
0
0
VERTEX
8
Visible
10
71.0506
20
166.3251
30
0
0
VERTEX
8
Visible
10
71.0629
20
166.3243
30
0
0
VERTEX
8
Visible
10
71.0752
20
166.3236
30
0
0
VERTEX
8
Visible
10
71.0874
20
166.3228
30
0
0
VERTEX
8
Visible
10
71.0995
20
166.3220
30
0
0
VERTEX
8
Visible
10
71.1116
20
166.3212
30
0
0
VERTEX
8
Visible
10
71.1236
20
166.3204
30
0
0
VERTEX
8
Visible
10
71.1356
20
166.3195
30
0
0
VERTEX
8
Visible
10
71.1474
20
166.3187
30
0
0
VERTEX
8
Visible
10
71.1592
20
166.3178
30
0
0
VERTEX
8
Visible
10
71.1710
20
166.3169
30
0
0
VERTEX
8
Visible
10
71.1826
20
166.3161
30
0
0
VERTEX
8
Visible
10
71.1942
20
166.3152
30
0
0
VERTEX
8
Visible
10
71.2057
20
166.3142
30
0
0
VERTEX
8
Visible
10
71.2172
20
166.3133
30
0
0
VERTEX
8
Visible
10
71.2285
20
166.3124
30
0
0
VERTEX
8
Visible
10
71.2398
20
166.3114
30
0
0
VERTEX
8
Visible
10
71.2510
20
166.3105
30
0
0
VERTEX
8
Visible
10
71.2622
20
166.3095
30
0
0
VERTEX
8
Visible
10
71.2732
20
166.3085
30
0
0
VERTEX
8
Visible
10
71.2842
20
166.3075
30
0
0
VERTEX
8
Visible
10
71.2951
20
166.3065
30
0
0
VERTEX
8
Visible
10
71.3059
20
166.3055
30
0
0
VERTEX
8
Visible
10
71.3166
20
166.3045
30
0
0
VERTEX
8
Visible
10
71.3273
20
166.3034
30
0
0
VERTEX
8
Visible
10
71.3379
20
166.3024
30
0
0
VERTEX
8
Visible
10
71.3484
20
166.3013
30
0
0
VERTEX
8
Visible
10
71.3588
20
166.3002
30
0
0
VERTEX
8
Visible
10
71.3691
20
166.2991
30
0
0
VERTEX
8
Visible
10
71.3793
20
166.2980
30
0
0
VERTEX
8
Visible
10
71.3895
20
166.2969
30
0
0
VERTEX
8
Visible
10
71.3996
20
166.2958
30
0
0
VERTEX
8
Visible
10
71.4096
20
166.2947
30
0
0
VERTEX
8
Visible
10
71.4195
20
166.2935
30
0
0
VERTEX
8
Visible
10
71.4293
20
166.2924
30
0
0
VERTEX
8
Visible
10
71.4390
20
166.2912
30
0
0
VERTEX
8
Visible
10
71.4486
20
166.2900
30
0
0
VERTEX
8
Visible
10
71.4582
20
166.2888
30
0
0
VERTEX
8
Visible
10
71.4676
20
166.2876
30
0
0
VERTEX
8
Visible
10
71.4770
20
166.2864
30
0
0
VERTEX
8
Visible
10
71.4863
20
166.2852
30
0
0
VERTEX
8
Visible
10
71.4954
20
166.2840
30
0
0
VERTEX
8
Visible
10
71.5045
20
166.2827
30
0
0
VERTEX
8
Visible
10
71.5135
20
166.2815
30
0
0
VERTEX
8
Visible
10
71.5224
20
166.2802
30
0
0
VERTEX
8
Visible
10
71.5312
20
166.2790
30
0
0
VERTEX
8
Visible
10
71.5399
20
166.2777
30
0
0
VERTEX
8
Visible
10
71.5485
20
166.2764
30
0
0
VERTEX
8
Visible
10
71.5570
20
166.2751
30
0
0
VERTEX
8
Visible
10
71.5654
20
166.2738
30
0
0
VERTEX
8
Visible
10
71.5737
20
166.2725
30
0
0
VERTEX
8
Visible
10
71.5819
20
166.2711
30
0
0
VERTEX
8
Visible
10
71.5900
20
166.2698
30
0
0
VERTEX
8
Visible
10
71.5980
20
166.2685
30
0
0
VERTEX
8
Visible
10
71.6058
20
166.2671
30
0
0
VERTEX
8
Visible
10
71.6136
20
166.2657
30
0
0
VERTEX
8
Visible
10
71.6213
20
166.2644
30
0
0
VERTEX
8
Visible
10
71.6288
20
166.2630
30
0
0
VERTEX
8
Visible
10
71.6363
20
166.2616
30
0
0
VERTEX
8
Visible
10
71.6436
20
166.2602
30
0
0
VERTEX
8
Visible
10
71.6508
20
166.2588
30
0
0
VERTEX
8
Visible
10
71.6579
20
166.2574
30
0
0
VERTEX
8
Visible
10
71.6649
20
166.2560
30
0
0
VERTEX
8
Visible
10
71.6718
20
166.2546
30
0
0
VERTEX
8
Visible
10
71.6786
20
166.2531
30
0
0
VERTEX
8
Visible
10
71.6853
20
166.2517
30
0
0
VERTEX
8
Visible
10
71.6918
20
166.2503
30
0
0
VERTEX
8
Visible
10
71.6983
20
166.2488
30
0
0
VERTEX
8
Visible
10
71.7046
20
166.2473
30
0
0
VERTEX
8
Visible
10
71.7108
20
166.2459
30
0
0
VERTEX
8
Visible
10
71.7169
20
166.2444
30
0
0
VERTEX
8
Visible
10
71.7229
20
166.2429
30
0
0
VERTEX
8
Visible
10
71.7288
20
166.2414
30
0
0
VERTEX
8
Visible
10
71.7345
20
166.2399
30
0
0
VERTEX
8
Visible
10
71.7402
20
166.2384
30
0
0
VERTEX
8
Visible
10
71.7457
20
166.2369
30
0
0
VERTEX
8
Visible
10
71.7511
20
166.2354
30
0
0
VERTEX
8
Visible
10
71.7564
20
166.2339
30
0
0
VERTEX
8
Visible
10
71.7616
20
166.2324
30
0
0
VERTEX
8
Visible
10
71.7667
20
166.2308
30
0
0
VERTEX
8
Visible
10
71.7716
20
166.2293
30
0
0
VERTEX
8
Visible
10
71.7764
20
166.2278
30
0
0
VERTEX
8
Visible
10
71.7811
20
166.2262
30
0
0
VERTEX
8
Visible
10
71.7857
20
166.2247
30
0
0
VERTEX
8
Visible
10
71.7902
20
166.2231
30
0
0
VERTEX
8
Visible
10
71.7945
20
166.2215
30
0
0
VERTEX
8
Visible
10
71.7988
20
166.2200
30
0
0
VERTEX
8
Visible
10
71.8028
20
166.2184
30
0
0
VERTEX
8
Visible
10
71.8068
20
166.2168
30
0
0
VERTEX
8
Visible
10
71.8107
20
166.2152
30
0
0
VERTEX
8
Visible
10
71.8144
20
166.2136
30
0
0
VERTEX
8
Visible
10
71.8180
20
166.2121
30
0
0
VERTEX
8
Visible
10
71.8215
20
166.2105
30
0
0
VERTEX
8
Visible
10
71.8248
20
166.2089
30
0
0
VERTEX
8
Visible
10
71.8280
20
166.2073
30
0
0
VERTEX
8
Visible
10
71.8311
20
166.2057
30
0
0
VERTEX
8
Visible
10
71.8341
20
166.2041
30
0
0
VERTEX
8
Visible
10
71.8370
20
166.2025
30
0
0
VERTEX
8
Visible
10
71.8397
20
166.2009
30
0
0
VERTEX
8
Visible
10
71.8423
20
166.1992
30
0
0
VERTEX
8
Visible
10
71.8448
20
166.1976
30
0
0
VERTEX
8
Visible
10
71.8471
20
166.1960
30
0
0
VERTEX
8
Visible
10
71.8494
20
166.1944
30
0
0
VERTEX
8
Visible
10
71.8515
20
166.1928
30
0
0
VERTEX
8
Visible
10
71.8534
20
166.1911
30
0
0
VERTEX
8
Visible
10
71.8553
20
166.1895
30
0
0
VERTEX
8
Visible
10
71.8570
20
166.1879
30
0
0
VERTEX
8
Visible
10
71.8586
20
166.1862
30
0
0
VERTEX
8
Visible
10
71.8601
20
166.1846
30
0
0
VERTEX
8
Visible
10
71.8614
20
166.1830
30
0
0
VERTEX
8
Visible
10
71.8626
20
166.1813
30
0
0
VERTEX
8
Visible
10
71.8637
20
166.1797
30
0
0
VERTEX
8
Visible
10
71.8647
20
166.1780
30
0
0
VERTEX
8
Visible
10
71.8655
20
166.1764
30
0
0
VERTEX
8
Visible
10
71.8662
20
166.1748
30
0
0
VERTEX
8
Visible
10
71.8668
20
166.1731
30
0
0
VERTEX
8
Visible
10
71.8672
20
166.1715
30
0
0
VERTEX
8
Visible
10
71.8675
20
166.1698
30
0
0
VERTEX
8
Visible
10
71.8677
20
166.1682
30
0
0
VERTEX
8
Visible
10
71.8678
20
166.1665
30
0
0
SEQEND
8
Visible
0
LINE
8
Visible
10
71.8678
20
186.6925
30
0
11
71.8678
21
166.1665
31
0
0
POLYLINE
8
Visible
66
1
70
0
10
0
20
0
30
0
0
VERTEX
8
Visible
10
70.3678
20
166.3254
30
0
0
VERTEX
8
Visible
10
70.3680
20
166.3257
30
0
0
VERTEX
8
Visible
10
70.3682
20
166.3259
30
0
0
VERTEX
8
Visible
10
70.3684
20
166.3262
30
0
0
VERTEX
8
Visible
10
70.3686
20
166.3264
30
0
0
VERTEX
8
Visible
10
70.3688
20
166.3266
30
0
0
VERTEX
8
Visible
10
70.3690
20
166.3269
30
0
0
VERTEX
8
Visible
10
70.3692
20
166.3271
30
0
0
VERTEX
8
Visible
10
70.3694
20
166.3274
30
0
0
VERTEX
8
Visible
10
70.3696
20
166.3276
30
0
0
VERTEX
8
Visible
10
70.3698
20
166.3279
30
0
0
VERTEX
8
Visible
10
70.3700
20
166.3281
30
0
0
VERTEX
8
Visible
10
70.3702
20
166.3284
30
0
0
VERTEX
8
Visible
10
70.3704
20
166.3286
30
0
0
VERTEX
8
Visible
10
70.3706
20
166.3288
30
0
0
VERTEX
8
Visible
10
70.3708
20
166.3291
30
0
0
VERTEX
8
Visible
10
70.3710
20
166.3293
30
0
0
VERTEX
8
Visible
10
70.3712
20
166.3295
30
0
0
VERTEX
8
Visible
10
70.3714
20
166.3298
30
0
0
VERTEX
8
Visible
10
70.3717
20
166.3300
30
0
0
VERTEX
8
Visible
10
70.3719
20
166.3302
30
0
0
VERTEX
8
Visible
10
70.3721
20
166.3305
30
0
0
VERTEX
8
Visible
10
70.3723
20
166.3307
30
0
0
VERTEX
8
Visible
10
70.3725
20
166.3309
30
0
0
VERTEX
8
Visible
10
70.3727
20
166.3311
30
0
0
VERTEX
8
Visible
10
70.3729
20
166.3314
30
0
0
VERTEX
8
Visible
10
70.3731
20
166.3316
30
0
0
VERTEX
8
Visible
10
70.3734
20
166.3318
30
0
0
VERTEX
8
Visible
10
70.3736
20
166.3320
30
0
0
VERTEX
8
Visible
10
70.3738
20
166.3323
30
0
0
VERTEX
8
Visible
10
70.3740
20
166.3325
30
0
0
VERTEX
8
Visible
10
70.3742
20
166.3327
30
0
0
VERTEX
8
Visible
10
70.3744
20
166.3329
30
0
0
VERTEX
8
Visible
10
70.3747
20
166.3331
30
0
0
VERTEX
8
Visible
10
70.3749
20
166.3334
30
0
0
VERTEX
8
Visible
10
70.3751
20
166.3336
30
0
0
VERTEX
8
Visible
10
70.3754
20
166.3338
30
0
0
VERTEX
8
Visible
10
70.3756
20
166.3340
30
0
0
VERTEX
8
Visible
10
70.3758
20
166.3342
30
0
0
VERTEX
8
Visible
10
70.3760
20
166.3344
30
0
0
VERTEX
8
Visible
10
70.3763
20
166.3346
30
0
0
VERTEX
8
Visible
10
70.3765
20
166.3349
30
0
0
VERTEX
8
Visible
10
70.3767
20
166.3351
30
0
0
VERTEX
8
Visible
10
70.3770
20
166.3353
30
0
0
VERTEX
8
Visible
10
70.3772
20
166.3355
30
0
0
VERTEX
8
Visible
10
70.3775
20
166.3357
30
0
0
VERTEX
8
Visible
10
70.3777
20
166.3359
30
0
0
VERTEX
8
Visible
10
70.3779
20
166.3361
30
0
0
VERTEX
8
Visible
10
70.3782
20
166.3363
30
0
0
VERTEX
8
Visible
10
70.3784
20
166.3365
30
0
0
VERTEX
8
Visible
10
70.3787
20
166.3367
30
0
0
VERTEX
8
Visible
10
70.3789
20
166.3369
30
0
0
VERTEX
8
Visible
10
70.3792
20
166.3371
30
0
0
VERTEX
8
Visible
10
70.3794
20
166.3373
30
0
0
VERTEX
8
Visible
10
70.3797
20
166.3375
30
0
0
VERTEX
8
Visible
10
70.3799
20
166.3377
30
0
0
VERTEX
8
Visible
10
70.3802
20
166.3378
30
0
0
VERTEX
8
Visible
10
70.3804
20
166.3380
30
0
0
VERTEX
8
Visible
10
70.3807
20
166.3382
30
0
0
VERTEX
8
Visible
10
70.3809
20
166.3384
30
0
0
VERTEX
8
Visible
10
70.3812
20
166.3386
30
0
0
VERTEX
8
Visible
10
70.3815
20
166.3388
30
0
0
VERTEX
8
Visible
10
70.3817
20
166.3389
30
0
0
VERTEX
8
Visible
10
70.3820
20
166.3391
30
0
0
VERTEX
8
Visible
10
70.3822
20
166.3393
30
0
0
VERTEX
8
Visible
10
70.3825
20
166.3395
30
0
0
VERTEX
8
Visible
10
70.3828
20
166.3396
30
0
0
VERTEX
8
Visible
10
70.3830
20
166.3398
30
0
0
VERTEX
8
Visible
10
70.3833
20
166.3399
30
0
0
VERTEX
8
Visible
10
70.3836
20
166.3401
30
0
0
VERTEX
8
Visible
10
70.3838
20
166.3403
30
0
0
VERTEX
8
Visible
10
70.3841
20
166.3404
30
0
0
VERTEX
8
Visible
10
70.3844
20
166.3406
30
0
0
VERTEX
8
Visible
10
70.3846
20
166.3407
30
0
0
VERTEX
8
Visible
10
70.3849
20
166.3409
30
0
0
VERTEX
8
Visible
10
70.3852
20
166.3410
30
0
0
VERTEX
8
Visible
10
70.3855
20
166.3412
30
0
0
VERTEX
8
Visible
10
70.3858
20
166.3413
30
0
0
VERTEX
8
Visible
10
70.3860
20
166.3415
30
0
0
VERTEX
8
Visible
10
70.3863
20
166.3416
30
0
0
VERTEX
8
Visible
10
70.3866
20
166.3417
30
0
0
VERTEX
8
Visible
10
70.3869
20
166.3419
30
0
0
VERTEX
8
Visible
10
70.3872
20
166.3420
30
0
0
VERTEX
8
Visible
10
70.3874
20
166.3421
30
0
0
VERTEX
8
Visible
10
70.3877
20
166.3423
30
0
0
VERTEX
8
Visible
10
70.3880
20
166.3424
30
0
0
VERTEX
8
Visible
10
70.3883
20
166.3425
30
0
0
VERTEX
8
Visible
10
70.3886
20
166.3426
30
0
0
VERTEX
8
Visible
10
70.3889
20
166.3427
30
0
0
VERTEX
8
Visible
10
70.3892
20
166.3428
30
0
0
VERTEX
8
Visible
10
70.3895
20
166.3429
30
0
0
VERTEX
8
Visible
10
70.3897
20
166.3430
30
0
0
VERTEX
8
Visible
10
70.3900
20
166.3431
30
0
0
VERTEX
8
Visible
10
70.3903
20
166.3432
30
0
0
VERTEX
8
Visible
10
70.3906
20
166.3433
30
0
0
VERTEX
8
Visible
10
70.3909
20
166.3434
30
0
0
VERTEX
8
Visible
10
70.3912
20
166.3435
30
0
0
VERTEX
8
Visible
10
70.3915
20
166.3436
30
0
0
VERTEX
8
Visible
10
70.3918
20
166.3437
30
0
0
VERTEX
8
Visible
10
70.3921
20
166.3437
30
0
0
VERTEX
8
Visible
10
70.3924
20
166.3438
30
0
0
VERTEX
8
Visible
10
70.3927
20
166.3439
30
0
0
VERTEX
8
Visible
10
70.3930
20
166.3440
30
0
0
VERTEX
8
Visible
10
70.3933
20
166.3440
30
0
0
VERTEX
8
Visible
10
70.3936
20
166.3441
30
0
0
VERTEX
8
Visible
10
70.3939
20
166.3441
30
0
0
VERTEX
8
Visible
10
70.3942
20
166.3442
30
0
0
VERTEX
8
Visible
10
70.3945
20
166.3442
30
0
0
VERTEX
8
Visible
10
70.3948
20
166.3443
30
0
0
VERTEX
8
Visible
10
70.3951
20
166.3443
30
0
0
VERTEX
8
Visible
10
70.3955
20
166.3444
30
0
0
VERTEX
8
Visible
10
70.3958
20
166.3444
30
0
0
VERTEX
8
Visible
10
70.3961
20
166.3444
30
0
0
VERTEX
8
Visible
10
70.3964
20
166.3445
30
0
0
VERTEX
8
Visible
10
70.3967
20
166.3445
30
0
0
VERTEX
8
Visible
10
70.3970
20
166.3445
30
0
0
VERTEX
8
Visible
10
70.3973
20
166.3445
30
0
0
VERTEX
8
Visible
10
70.3976
20
166.3445
30
0
0
VERTEX
8
Visible
10
70.3980
20
166.3446
30
0
0
VERTEX
8
Visible
10
70.3983
20
166.3446
30
0
0
VERTEX
8
Visible
10
70.3986
20
166.3446
30
0
0
SEQEND
8
Visible
0
LINE
8
Visible
10
71.8678
20
152.1061
30
0
11
71.8678
21
166.1665
31
0
0
LINE
8
Visible
10
70.3678
20
166.3254
30
0
11
70.3678
21
165.9702
31
0
0
LINE
8
Visible
10
70.3678
20
162.9425
30
0
11
70.0908
21
162.9425
31
0
0
LINE
8
Visible
10
70.3678
20
165.9702
30
0
11
70.3678
21
162.9425
31
0
0
POLYLINE
8
Visible
66
1
70
0
10
0
20
0
30
0
0
VERTEX
8
Visible
10
70.8678
20
114.5700
30
0
0
VERTEX
8
Visible
10
70.8851
20
114.5730
30
0
0
VERTEX
8
Visible
10
70.9024
20
114.5761
30
0
0
VERTEX
8
Visible
10
70.9197
20
114.5792
30
0
0
VERTEX
8
Visible
10
70.9370
20
114.5823
30
0
0
VERTEX
8
Visible
10
70.9543
20
114.5854
30
0
0
VERTEX
8
Visible
10
70.9716
20
114.5885
30
0
0
VERTEX
8
Visible
10
70.9890
20
114.5916
30
0
0
VERTEX
8
Visible
10
71.0063
20
114.5948
30
0
0
VERTEX
8
Visible
10
71.0237
20
114.5979
30
0
0
VERTEX
8
Visible
10
71.0410
20
114.6011
30
0
0
VERTEX
8
Visible
10
71.0584
20
114.6043
30
0
0
VERTEX
8
Visible
10
71.0758
20
114.6075
30
0
0
VERTEX
8
Visible
10
71.0931
20
114.6107
30
0
0
VERTEX
8
Visible
10
71.1105
20
114.6140
30
0
0
VERTEX
8
Visible
10
71.1279
20
114.6172
30
0
0
VERTEX
8
Visible
10
71.1453
20
114.6205
30
0
0
VERTEX
8
Visible
10
71.1627
20
114.6238
30
0
0
VERTEX
8
Visible
10
71.1801
20
114.6271
30
0
0
VERTEX
8
Visible
10
71.1976
20
114.6304
30
0
0
VERTEX
8
Visible
10
71.2150
20
114.6337
30
0
0
VERTEX
8
Visible
10
71.2324
20
114.6370
30
0
0
VERTEX
8
Visible
10
71.2499
20
114.6404
30
0
0
VERTEX
8
Visible
10
71.2673
20
114.6437
30
0
0
VERTEX
8
Visible
10
71.2848
20
114.6471
30
0
0
VERTEX
8
Visible
10
71.3022
20
114.6505
30
0
0
VERTEX
8
Visible
10
71.3197
20
114.6539
30
0
0
VERTEX
8
Visible
10
71.3372
20
114.6573
30
0
0
VERTEX
8
Visible
10
71.3546
20
114.6608
30
0
0
VERTEX
8
Visible
10
71.3721
20
114.6642
30
0
0
VERTEX
8
Visible
10
71.3896
20
114.6677
30
0
0
VERTEX
8
Visible
10
71.4071
20
114.6712
30
0
0
VERTEX
8
Visible
10
71.4246
20
114.6747
30
0
0
VERTEX
8
Visible
10
71.4421
20
114.6782
30
0
0
VERTEX
8
Visible
10
71.4596
20
114.6817
30
0
0
VERTEX
8
Visible
10
71.4771
20
114.6852
30
0
0
VERTEX
8
Visible
10
71.4947
20
114.6888
30
0
0
VERTEX
8
Visible
10
71.5122
20
114.6924
30
0
0
VERTEX
8
Visible
10
71.5297
20
114.6959
30
0
0
VERTEX
8
Visible
10
71.5473
20
114.6995
30
0
0
VERTEX
8
Visible
10
71.5648
20
114.7032
30
0
0
VERTEX
8
Visible
10
71.5824
20
114.7068
30
0
0
VERTEX
8
Visible
10
71.5999
20
114.7104
30
0
0
VERTEX
8
Visible
10
71.6175
20
114.7141
30
0
0
VERTEX
8
Visible
10
71.6351
20
114.7177
30
0
0
VERTEX
8
Visible
10
71.6527
20
114.7214
30
0
0
VERTEX
8
Visible
10
71.6702
20
114.7251
30
0
0
VERTEX
8
Visible
10
71.6878
20
114.7288
30
0
0
VERTEX
8
Visible
10
71.7054
20
114.7326
30
0
0
VERTEX
8
Visible
10
71.7230
20
114.7363
30
0
0
VERTEX
8
Visible
10
71.7406
20
114.7401
30
0
0
VERTEX
8
Visible
10
71.7582
20
114.7439
30
0
0
VERTEX
8
Visible
10
71.7758
20
114.7476
30
0
0
VERTEX
8
Visible
10
71.7935
20
114.7514
30
0
0
VERTEX
8
Visible
10
71.8111
20
114.7553
30
0
0
VERTEX
8
Visible
10
71.8287
20
114.7591
30
0
0
VERTEX
8
Visible
10
71.8463
20
114.7629
30
0
0
VERTEX
8
Visible
10
71.8640
20
114.7668
30
0
0
VERTEX
8
Visible
10
71.8816
20
114.7707
30
0
0
VERTEX
8
Visible
10
71.8993
20
114.7746
30
0
0
VERTEX
8
Visible
10
71.9169
20
114.7785
30
0
0
VERTEX
8
Visible
10
71.9346
20
114.7824
30
0
0
VERTEX
8
Visible
10
71.9522
20
114.7863
30
0
0
VERTEX
8
Visible
10
71.9699
20
114.7903
30
0
0
VERTEX
8
Visible
10
71.9875
20
114.7943
30
0
0
VERTEX
8
Visible
10
72.0052
20
114.7982
30
0
0
VERTEX
8
Visible
10
72.0229
20
114.8022
30
0
0
VERTEX
8
Visible
10
72.0406
20
114.8062
30
0
0
VERTEX
8
Visible
10
72.0583
20
114.8103
30
0
0
VERTEX
8
Visible
10
72.0759
20
114.8143
30
0
0
VERTEX
8
Visible
10
72.0936
20
114.8184
30
0
0
VERTEX
8
Visible
10
72.1113
20
114.8224
30
0
0
VERTEX
8
Visible
10
72.1290
20
114.8265
30
0
0
SEQEND
8
Visible
0
LINE
8
Visible
10
70.8678
20
114.1925
30
0
11
74.2681
21
114.1925
31
0
0
POLYLINE
8
Visible
66
1
70
0
10
0
20
0
30
0
0
VERTEX
8
Visible
10
70.0908
20
114.7639
30
0
0
VERTEX
8
Visible
10
70.1016
20
114.7602
30
0
0
VERTEX
8
Visible
10
70.1123
20
114.7566
30
0
0
VERTEX
8
Visible
10
70.1231
20
114.7529
30
0
0
VERTEX
8
Visible
10
70.1339
20
114.7493
30
0
0
VERTEX
8
Visible
10
70.1447
20
114.7456
30
0
0
VERTEX
8
Visible
10
70.1555
20
114.7420
30
0
0
VERTEX
8
Visible
10
70.1663
20
114.7384
30
0
0
VERTEX
8
Visible
10
70.1771
20
114.7348
30
0
0
VERTEX
8
Visible
10
70.1879
20
114.7312
30
0
0
VERTEX
8
Visible
10
70.1987
20
114.7277
30
0
0
VERTEX
8
Visible
10
70.2095
20
114.7241
30
0
0
VERTEX
8
Visible
10
70.2203
20
114.7205
30
0
0
VERTEX
8
Visible
10
70.2311
20
114.7170
30
0
0
VERTEX
8
Visible
10
70.2419
20
114.7135
30
0
0
VERTEX
8
Visible
10
70.2527
20
114.7100
30
0
0
VERTEX
8
Visible
10
70.2635
20
114.7065
30
0
0
VERTEX
8
Visible
10
70.2743
20
114.7030
30
0
0
VERTEX
8
Visible
10
70.2851
20
114.6995
30
0
0
VERTEX
8
Visible
10
70.2959
20
114.6960
30
0
0
VERTEX
8
Visible
10
70.3066
20
114.6926
30
0
0
VERTEX
8
Visible
10
70.3174
20
114.6891
30
0
0
VERTEX
8
Visible
10
70.3282
20
114.6857
30
0
0
VERTEX
8
Visible
10
70.3390
20
114.6823
30
0
0
VERTEX
8
Visible
10
70.3498
20
114.6789
30
0
0
VERTEX
8
Visible
10
70.3606
20
114.6755
30
0
0
VERTEX
8
Visible
10
70.3714
20
114.6721
30
0
0
VERTEX
8
Visible
10
70.3822
20
114.6687
30
0
0
VERTEX
8
Visible
10
70.3930
20
114.6653
30
0
0
VERTEX
8
Visible
10
70.4038
20
114.6620
30
0
0
VERTEX
8
Visible
10
70.4146
20
114.6586
30
0
0
VERTEX
8
Visible
10
70.4254
20
114.6553
30
0
0
VERTEX
8
Visible
10
70.4362
20
114.6520
30
0
0
VERTEX
8
Visible
10
70.4470
20
114.6487
30
0
0
VERTEX
8
Visible
10
70.4578
20
114.6454
30
0
0
VERTEX
8
Visible
10
70.4685
20
114.6421
30
0
0
VERTEX
8
Visible
10
70.4793
20
114.6389
30
0
0
VERTEX
8
Visible
10
70.4901
20
114.6356
30
0
0
VERTEX
8
Visible
10
70.5009
20
114.6323
30
0
0
VERTEX
8
Visible
10
70.5117
20
114.6291
30
0
0
VERTEX
8
Visible
10
70.5225
20
114.6259
30
0
0
VERTEX
8
Visible
10
70.5333
20
114.6227
30
0
0
VERTEX
8
Visible
10
70.5441
20
114.6195
30
0
0
VERTEX
8
Visible
10
70.5549
20
114.6163
30
0
0
VERTEX
8
Visible
10
70.5657
20
114.6131
30
0
0
VERTEX
8
Visible
10
70.5765
20
114.6099
30
0
0
VERTEX
8
Visible
10
70.5873
20
114.6068
30
0
0
VERTEX
8
Visible
10
70.5981
20
114.6036
30
0
0
VERTEX
8
Visible
10
70.6088
20
114.6005
30
0
0
VERTEX
8
Visible
10
70.6196
20
114.5974
30
0
0
VERTEX
8
Visible
10
70.6304
20
114.5943
30
0
0
VERTEX
8
Visible
10
70.6412
20
114.5912
30
0
0
VERTEX
8
Visible
10
70.6520
20
114.5881
30
0
0
VERTEX
8
Visible
10
70.6628
20
114.5850
30
0
0
VERTEX
8
Visible
10
70.6736
20
114.5820
30
0
0
VERTEX
8
Visible
10
70.6844
20
114.5789
30
0
0
VERTEX
8
Visible
10
70.6952
20
114.5759
30
0
0
VERTEX
8
Visible
10
70.7060
20
114.5729
30
0
0
VERTEX
8
Visible
10
70.7167
20
114.5699
30
0
0
VERTEX
8
Visible
10
70.7275
20
114.5669
30
0
0
VERTEX
8
Visible
10
70.7383
20
114.5639
30
0
0
VERTEX
8
Visible
10
70.7491
20
114.5609
30
0
0
VERTEX
8
Visible
10
70.7599
20
114.5579
30
0
0
VERTEX
8
Visible
10
70.7707
20
114.5550
30
0
0
VERTEX
8
Visible
10
70.7815
20
114.5520
30
0
0
VERTEX
8
Visible
10
70.7923
20
114.5491
30
0
0
VERTEX
8
Visible
10
70.8031
20
114.5462
30
0
0
VERTEX
8
Visible
10
70.8139
20
114.5433
30
0
0
VERTEX
8
Visible
10
70.8246
20
114.5404
30
0
0
VERTEX
8
Visible
10
70.8354
20
114.5375
30
0
0
VERTEX
8
Visible
10
70.8462
20
114.5346
30
0
0
VERTEX
8
Visible
10
70.8570
20
114.5317
30
0
0
VERTEX
8
Visible
10
70.8678
20
114.5289
30
0
0
SEQEND
8
Visible
0
LINE
8
Visible
10
70.8678
20
114.5700
30
0
11
70.8678
21
114.5289
31
0
0
LINE
8
Visible
10
68.3678
20
146.6925
30
0
11
68.3678
21
160.9425
31
0
0
LINE
8
Visible
10
70.8678
20
114.5289
30
0
11
70.8678
21
114.1925
31
0
0
LINE
8
Visible
10
68.3678
20
114.1925
30
0
11
70.8678
21
114.1925
31
0
0
ARC
8
Visible
10
70.3678
20
186.6925
30
0
40
1.5000
50
0.0000
51
90.0000
0
LINE
8
Visible
10
70.3678
20
188.1925
30
0
11
67.8678
21
188.1925
31
0
0
ARC
8
Visible
10
74.8678
20
152.2114
30
0
40
3.0000
50
180.0000
51
254.9098
0
ARC
8
Visible
10
74.2681
20
124.1925
30
0
40
10.0000
50
270.0000
51
292.6895
0
ARC
8
Visible
10
68.8678
20
137.1090
30
0
40
24.0000
50
292.6895
51
352.0926
0
ARC
8
Visible
10
65.7389
20
120.5118
30
0
40
29.9924
50
55.9599
51
73.8370
0
POLYLINE
8
Visible
66
1
70
0
10
0
20
0
30
0
0
VERTEX
8
Visible
10
82.5307
20
145.3691
30
0
0
VERTEX
8
Visible
10
82.6748
20
145.2747
30
0
0
VERTEX
8
Visible
10
82.8179
20
145.1800
30
0
0
VERTEX
8
Visible
10
82.9598
20
145.0850
30
0
0
VERTEX
8
Visible
10
83.1006
20
144.9897
30
0
0
VERTEX
8
Visible
10
83.2403
20
144.8940
30
0
0
VERTEX
8
Visible
10
83.3789
20
144.7981
30
0
0
VERTEX
8
Visible
10
83.5164
20
144.7019
30
0
0
VERTEX
8
Visible
10
83.6527
20
144.6055
30
0
0
VERTEX
8
Visible
10
83.7880
20
144.5088
30
0
0
VERTEX
8
Visible
10
83.9221
20
144.4120
30
0
0
VERTEX
8
Visible
10
84.0551
20
144.3149
30
0
0
VERTEX
8
Visible
10
84.1870
20
144.2177
30
0
0
VERTEX
8
Visible
10
84.3178
20
144.1204
30
0
0
VERTEX
8
Visible
10
84.4475
20
144.0229
30
0
0
VERTEX
8
Visible
10
84.5760
20
143.9252
30
0
0
VERTEX
8
Visible
10
84.7035
20
143.8275
30
0
0
VERTEX
8
Visible
10
84.8299
20
143.7297
30
0
0
VERTEX
8
Visible
10
84.9551
20
143.6319
30
0
0
VERTEX
8
Visible
10
85.0792
20
143.5340
30
0
0
VERTEX
8
Visible
10
85.2022
20
143.4361
30
0
0
VERTEX
8
Visible
10
85.3242
20
143.3382
30
0
0
VERTEX
8
Visible
10
85.4450
20
143.2403
30
0
0
VERTEX
8
Visible
10
85.5647
20
143.1424
30
0
0
VERTEX
8
Visible
10
85.6833
20
143.0446
30
0
0
VERTEX
8
Visible
10
85.8008
20
142.9469
30
0
0
VERTEX
8
Visible
10
85.9171
20
142.8493
30
0
0
VERTEX
8
Visible
10
86.0324
20
142.7517
30
0
0
VERTEX
8
Visible
10
86.1466
20
142.6543
30
0
0
VERTEX
8
Visible
10
86.2597
20
142.5570
30
0
0
VERTEX
8
Visible
10
86.3716
20
142.4599
30
0
0
VERTEX
8
Visible
10
86.4825
20
142.3630
30
0
0
VERTEX
8
Visible
10
86.5923
20
142.2663
30
0
0
VERTEX
8
Visible
10
86.7009
20
142.1697
30
0
0
VERTEX
8
Visible
10
86.8085
20
142.0734
30
0
0
VERTEX
8
Visible
10
86.9150
20
141.9773
30
0
0
VERTEX
8
Visible
10
87.0204
20
141.8815
30
0
0
VERTEX
8
Visible
10
87.1247
20
141.7859
30
0
0
VERTEX
8
Visible
10
87.2278
20
141.6906
30
0
0
VERTEX
8
Visible
10
87.3299
20
141.5955
30
0
0
VERTEX
8
Visible
10
87.4309
20
141.5008
30
0
0
VERTEX
8
Visible
10
87.5309
20
141.4064
30
0
0
VERTEX
8
Visible
10
87.6297
20
141.3123
30
0
0
VERTEX
8
Visible
10
87.7274
20
141.2185
30
0
0
VERTEX
8
Visible
10
87.8241
20
141.1251
30
0
0
VERTEX
8
Visible
10
87.9196
20
141.0321
30
0
0
VERTEX
8
Visible
10
88.0141
20
140.9394
30
0
0
VERTEX
8
Visible
10
88.1075
20
140.8472
30
0
0
VERTEX
8
Visible
10
88.1998
20
140.7553
30
0
0
VERTEX
8
Visible
10
88.2911
20
140.6639
30
0
0
VERTEX
8
Visible
10
88.3812
20
140.5729
30
0
0
VERTEX
8
Visible
10
88.4703
20
140.4824
30
0
0
VERTEX
8
Visible
10
88.5583
20
140.3923
30
0
0
VERTEX
8
Visible
10
88.6452
20
140.3027
30
0
0
VERTEX
8
Visible
10
88.7311
20
140.2136
30
0
0
VERTEX
8
Visible
10
88.8158
20
140.1250
30
0
0
VERTEX
8
Visible
10
88.8995
20
140.0370
30
0
0
VERTEX
8
Visible
10
88.9821
20
139.9494
30
0
0
VERTEX
8
Visible
10
89.0637
20
139.8624
30
0
0
VERTEX
8
Visible
10
89.1442
20
139.7760
30
0
0
VERTEX
8
Visible
10
89.2236
20
139.6901
30
0
0
VERTEX
8
Visible
10
89.3019
20
139.6048
30
0
0
VERTEX
8
Visible
10
89.3792
20
139.5201
30
0
0
VERTEX
8
Visible
10
89.4554
20
139.4360
30
0
0
VERTEX
8
Visible
10
89.5305
20
139.3525
30
0
0
VERTEX
8
Visible
10
89.6046
20
139.2696
30
0
0
VERTEX
8
Visible
10
89.6776
20
139.1873
30
0
0
VERTEX
8
Visible
10
89.7496
20
139.1057
30
0
0
VERTEX
8
Visible
10
89.8205
20
139.0247
30
0
0
VERTEX
8
Visible
10
89.8903
20
138.9444
30
0
0
VERTEX
8
Visible
10
89.9591
20
138.8647
30
0
0
VERTEX
8
Visible
10
90.0269
20
138.7856
30
0
0
VERTEX
8
Visible
10
90.0936
20
138.7073
30
0
0
VERTEX
8
Visible
10
90.1593
20
138.6296
30
0
0
VERTEX
8
Visible
10
90.2240
20
138.5526
30
0
0
VERTEX
8
Visible
10
90.2876
20
138.4763
30
0
0
VERTEX
8
Visible
10
90.3502
20
138.4008
30
0
0
VERTEX
8
Visible
10
90.4117
20
138.3259
30
0
0
VERTEX
8
Visible
10
90.4723
20
138.2518
30
0
0
VERTEX
8
Visible
10
90.5318
20
138.1784
30
0
0
VERTEX
8
Visible
10
90.5902
20
138.1057
30
0
0
VERTEX
8
Visible
10
90.6477
20
138.0338
30
0
0
VERTEX
8
Visible
10
90.7042
20
137.9627
30
0
0
VERTEX
8
Visible
10
90.7596
20
137.8923
30
0
0
VERTEX
8
Visible
10
90.8140
20
137.8227
30
0
0
VERTEX
8
Visible
10
90.8674
20
137.7539
30
0
0
VERTEX
8
Visible
10
90.9198
20
137.6858
30
0
0
VERTEX
8
Visible
10
90.9712
20
137.6186
30
0
0
VERTEX
8
Visible
10
91.0216
20
137.5522
30
0
0
VERTEX
8
Visible
10
91.0711
20
137.4865
30
0
0
VERTEX
8
Visible
10
91.1195
20
137.4217
30
0
0
VERTEX
8
Visible
10
91.1670
20
137.3576
30
0
0
VERTEX
8
Visible
10
91.2134
20
137.2944
30
0
0
VERTEX
8
Visible
10
91.2590
20
137.2320
30
0
0
VERTEX
8
Visible
10
91.3035
20
137.1704
30
0
0
VERTEX
8
Visible
10
91.3471
20
137.1096
30
0
0
VERTEX
8
Visible
10
91.3898
20
137.0497
30
0
0
VERTEX
8
Visible
10
91.4315
20
136.9906
30
0
0
VERTEX
8
Visible
10
91.4722
20
136.9323
30
0
0
VERTEX
8
Visible
10
91.5120
20
136.8750
30
0
0
VERTEX
8
Visible
10
91.5509
20
136.8185
30
0
0
VERTEX
8
Visible
10
91.5888
20
136.7629
30
0
0
VERTEX
8
Visible
10
91.6258
20
136.7081
30
0
0
VERTEX
8
Visible
10
91.6619
20
136.6543
30
0
0
VERTEX
8
Visible
10
91.6971
20
136.6013
30
0
0
VERTEX
8
Visible
10
91.7314
20
136.5493
30
0
0
VERTEX
8
Visible
10
91.7648
20
136.4982
30
0
0
VERTEX
8
Visible
10
91.7972
20
136.4480
30
0
0
VERTEX
8
Visible
10
91.8288
20
136.3987
30
0
0
VERTEX
8
Visible
10
91.8595
20
136.3503
30
0
0
VERTEX
8
Visible
10
91.8893
20
136.3029
30
0
0
VERTEX
8
Visible
10
91.9182
20
136.2565
30
0
0
VERTEX
8
Visible
10
91.9462
20
136.2110
30
0
0
VERTEX
8
Visible
10
91.9734
20
136.1665
30
0
0
VERTEX
8
Visible
10
91.9997
20
136.1229
30
0
0
VERTEX
8
Visible
10
92.0251
20
136.0803
30
0
0
VERTEX
8
Visible
10
92.0497
20
136.0387
30
0
0
VERTEX
8
Visible
10
92.0735
20
135.9982
30
0
0
VERTEX
8
Visible
10
92.0963
20
135.9587
30
0
0
VERTEX
8
Visible
10
92.1184
20
135.9203
30
0
0
VERTEX
8
Visible
10
92.1396
20
135.8830
30
0
0
VERTEX
8
Visible
10
92.1599
20
135.8468
30
0
0
VERTEX
8
Visible
10
92.1794
20
135.8118
30
0
0
VERTEX
8
Visible
10
92.1980
20
135.7781
30
0
0
VERTEX
8
Visible
10
92.2157
20
135.7456
30
0
0
VERTEX
8
Visible
10
92.2326
20
135.7143
30
0
0
VERTEX
8
Visible
10
92.2487
20
135.6844
30
0
0
VERTEX
8
Visible
10
92.2639
20
135.6558
30
0
0
VERTEX
8
Visible
10
92.2782
20
135.6286
30
0
0
VERTEX
8
Visible
10
92.2917
20
135.6028
30
0
0
VERTEX
8
Visible
10
92.3043
20
135.5785
30
0
0
VERTEX
8
Visible
10
92.3160
20
135.5555
30
0
0
VERTEX
8
Visible
10
92.3269
20
135.5341
30
0
0
VERTEX
8
Visible
10
92.3369
20
135.5143
30
0
0
VERTEX
8
Visible
10
92.3461
20
135.4960
30
0
0
VERTEX
8
Visible
10
92.3543
20
135.4792
30
0
0
VERTEX
8
Visible
10
92.3618
20
135.4641
30
0
0
VERTEX
8
Visible
10
92.3683
20
135.4507
30
0
0
VERTEX
8
Visible
10
92.3740
20
135.4390
30
0
0
VERTEX
8
Visible
10
92.3788
20
135.4289
30
0
0
VERTEX
8
Visible
10
92.3827
20
135.4207
30
0
0
VERTEX
8
Visible
10
92.3858
20
135.4142
30
0
0
VERTEX
8
Visible
10
92.3880
20
135.4095
30
0
0
VERTEX
8
Visible
10
92.3893
20
135.4067
30
0
0
VERTEX
8
Visible
10
92.3897
20
135.4057
30
0
0
SEQEND
8
Visible
0
ARC
8
Visible
10
89.8662
20
134.1925
30
0
40
2.8000
50
352.0926
51
25.6774
0
POLYLINE
8
Visible
66
1
70
0
10
0
20
0
30
0
0
VERTEX
8
Visible
10
127.8372
20
71.8868
30
0
0
VERTEX
8
Visible
10
127.8127
20
71.8259
30
0
0
VERTEX
8
Visible
10
127.7883
20
71.7648
30
0
0
VERTEX
8
Visible
10
127.7642
20
71.7037
30
0
0
VERTEX
8
Visible
10
127.7404
20
71.6425
30
0
0
VERTEX
8
Visible
10
127.7167
20
71.5812
30
0
0
VERTEX
8
Visible
10
127.6933
20
71.5198
30
0
0
VERTEX
8
Visible
10
127.6701
20
71.4583
30
0
0
VERTEX
8
Visible
10
127.6471
20
71.3968
30
0
0
VERTEX
8
Visible
10
127.6243
20
71.3351
30
0
0
VERTEX
8
Visible
10
127.6018
20
71.2734
30
0
0
VERTEX
8
Visible
10
127.5795
20
71.2116
30
0
0
VERTEX
8
Visible
10
127.5574
20
71.1497
30
0
0
VERTEX
8
Visible
10
127.5355
20
71.0877
30
0
0
VERTEX
8
Visible
10
127.5139
20
71.0256
30
0
0
VERTEX
8
Visible
10
127.4925
20
70.9635
30
0
0
VERTEX
8
Visible
10
127.4713
20
70.9012
30
0
0
VERTEX
8
Visible
10
127.4503
20
70.8389
30
0
0
VERTEX
8
Visible
10
127.4296
20
70.7765
30
0
0
VERTEX
8
Visible
10
127.4090
20
70.7141
30
0
0
VERTEX
8
Visible
10
127.3888
20
70.6515
30
0
0
VERTEX
8
Visible
10
127.3687
20
70.5889
30
0
0
VERTEX
8
Visible
10
127.3489
20
70.5261
30
0
0
VERTEX
8
Visible
10
127.3292
20
70.4634
30
0
0
VERTEX
8
Visible
10
127.3099
20
70.4005
30
0
0
VERTEX
8
Visible
10
127.2907
20
70.3375
30
0
0
VERTEX
8
Visible
10
127.2718
20
70.2745
30
0
0
VERTEX
8
Visible
10
127.2531
20
70.2114
30
0
0
VERTEX
8
Visible
10
127.2346
20
70.1483
30
0
0
VERTEX
8
Visible
10
127.2164
20
70.0850
30
0
0
VERTEX
8
Visible
10
127.1984
20
70.0217
30
0
0
VERTEX
8
Visible
10
127.1806
20
69.9583
30
0
0
VERTEX
8
Visible
10
127.1630
20
69.8948
30
0
0
VERTEX
8
Visible
10
127.1457
20
69.8313
30
0
0
VERTEX
8
Visible
10
127.1286
20
69.7677
30
0
0
VERTEX
8
Visible
10
127.1117
20
69.7040
30
0
0
VERTEX
8
Visible
10
127.0951
20
69.6403
30
0
0
VERTEX
8
Visible
10
127.0787
20
69.5765
30
0
0
VERTEX
8
Visible
10
127.0625
20
69.5126
30
0
0
VERTEX
8
Visible
10
127.0466
20
69.4486
30
0
0
VERTEX
8
Visible
10
127.0309
20
69.3846
30
0
0
VERTEX
8
Visible
10
127.0154
20
69.3205
30
0
0
VERTEX
8
Visible
10
127.0001
20
69.2564
30
0
0
VERTEX
8
Visible
10
126.9851
20
69.1922
30
0
0
VERTEX
8
Visible
10
126.9703
20
69.1279
30
0
0
VERTEX
8
Visible
10
126.9558
20
69.0635
30
0
0
VERTEX
8
Visible
10
126.9415
20
68.9991
30
0
0
VERTEX
8
Visible
10
126.9274
20
68.9346
30
0
0
VERTEX
8
Visible
10
126.9135
20
68.8701
30
0
0
SEQEND
8
Visible
0
POLYLINE
8
Visible
66
1
70
0
10
0
20
0
30
0
0
VERTEX
8
Visible
10
177.3665
20
68.8701
30
0
0
VERTEX
8
Visible
10
177.3527
20
68.9346
30
0
0
VERTEX
8
Visible
10
177.3386
20
68.9991
30
0
0
VERTEX
8
Visible
10
177.3243
20
69.0635
30
0
0
VERTEX
8
Visible
10
177.3097
20
69.1279
30
0
0
VERTEX
8
Visible
10
177.2949
20
69.1922
30
0
0
VERTEX
8
Visible
10
177.2799
20
69.2564
30
0
0
VERTEX
8
Visible
10
177.2647
20
69.3205
30
0
0
VERTEX
8
Visible
10
177.2492
20
69.3846
30
0
0
VERTEX
8
Visible
10
177.2335
20
69.4486
30
0
0
VERTEX
8
Visible
10
177.2175
20
69.5126
30
0
0
VERTEX
8
Visible
10
177.2013
20
69.5765
30
0
0
VERTEX
8
Visible
10
177.1849
20
69.6403
30
0
0
VERTEX
8
Visible
10
177.1683
20
69.7040
30
0
0
VERTEX
8
Visible
10
177.1514
20
69.7677
30
0
0
VERTEX
8
Visible
10
177.1343
20
69.8313
30
0
0
VERTEX
8
Visible
10
177.1170
20
69.8948
30
0
0
VERTEX
8
Visible
10
177.0995
20
69.9583
30
0
0
VERTEX
8
Visible
10
177.0817
20
70.0217
30
0
0
VERTEX
8
Visible
10
177.0637
20
70.0850
30
0
0
VERTEX
8
Visible
10
177.0454
20
70.1483
30
0
0
VERTEX
8
Visible
10
177.0270
20
70.2114
30
0
0
VERTEX
8
Visible
10
177.0083
20
70.2745
30
0
0
VERTEX
8
Visible
10
176.9893
20
70.3375
30
0
0
VERTEX
8
Visible
10
176.9702
20
70.4005
30
0
0
VERTEX
8
Visible
10
176.9508
20
70.4634
30
0
0
VERTEX
8
Visible
10
176.9312
20
70.5261
30
0
0
VERTEX
8
Visible
10
176.9113
20
70.5889
30
0
0
VERTEX
8
Visible
10
176.8913
20
70.6515
30
0
0
VERTEX
8
Visible
10
176.8710
20
70.7141
30
0
0
VERTEX
8
Visible
10
176.8505
20
70.7765
30
0
0
VERTEX
8
Visible
10
176.8297
20
70.8389
30
0
0
VERTEX
8
Visible
10
176.8088
20
70.9012
30
0
0
VERTEX
8
Visible
10
176.7876
20
70.9635
30
0
0
VERTEX
8
Visible
10
176.7662
20
71.0256
30
0
0
VERTEX
8
Visible
10
176.7445
20
71.0877
30
0
0
VERTEX
8
Visible
10
176.7227
20
71.1497
30
0
0
VERTEX
8
Visible
10
176.7006
20
71.2116
30
0
0
VERTEX
8
Visible
10
176.6782
20
71.2734
30
0
0
VERTEX
8
Visible
10
176.6557
20
71.3351
30
0
0
VERTEX
8
Visible
10
176.6329
20
71.3968
30
0
0
VERTEX
8
Visible
10
176.6100
20
71.4583
30
0
0
VERTEX
8
Visible
10
176.5867
20
71.5198
30
0
0
VERTEX
8
Visible
10
176.5633
20
71.5812
30
0
0
VERTEX
8
Visible
10
176.5397
20
71.6425
30
0
0
VERTEX
8
Visible
10
176.5158
20
71.7037
30
0
0
VERTEX
8
Visible
10
176.4917
20
71.7648
30
0
0
VERTEX
8
Visible
10
176.4674
20
71.8259
30
0
0
VERTEX
8
Visible
10
176.4428
20
71.8868
30
0
0
SEQEND
8
Visible
0
POLYLINE
8
Visible
66
1
70
0
10
0
20
0
30
0
0
VERTEX
8
Visible
10
141.2237
20
70.0714
30
0
0
VERTEX
8
Visible
10
141.2033
20
70.0715
30
0
0
VERTEX
8
Visible
10
141.1830
20
70.0719
30
0
0
VERTEX
8
Visible
10
141.1627
20
70.0725
30
0
0
VERTEX
8
Visible
10
141.1426
20
70.0734
30
0
0
VERTEX
8
Visible
10
141.1225
20
70.0746
30
0
0
VERTEX
8
Visible
10
141.1026
20
70.0760
30
0
0
VERTEX
8
Visible
10
141.0827
20
70.0777
30
0
0
VERTEX
8
Visible
10
141.0629
20
70.0796
30
0
0
VERTEX
8
Visible
10
141.0433
20
70.0817
30
0
0
VERTEX
8
Visible
10
141.0237
20
70.0841
30
0
0
VERTEX
8
Visible
10
141.0042
20
70.0868
30
0
0
VERTEX
8
Visible
10
140.9849
20
70.0897
30
0
0
VERTEX
8
Visible
10
140.9656
20
70.0929
30
0
0
VERTEX
8
Visible
10
140.9464
20
70.0963
30
0
0
VERTEX
8
Visible
10
140.9274
20
70.0999
30
0
0
VERTEX
8
Visible
10
140.9085
20
70.1038
30
0
0
VERTEX
8
Visible
10
140.8897
20
70.1079
30
0
0
VERTEX
8
Visible
10
140.8711
20
70.1123
30
0
0
VERTEX
8
Visible
10
140.8526
20
70.1169
30
0
0
VERTEX
8
Visible
10
140.8342
20
70.1217
30
0
0
VERTEX
8
Visible
10
140.8159
20
70.1268
30
0
0
VERTEX
8
Visible
10
140.7977
20
70.1320
30
0
0
VERTEX
8
Visible
10
140.7797
20
70.1376
30
0
0
VERTEX
8
Visible
10
140.7619
20
70.1433
30
0
0
VERTEX
8
Visible
10
140.7441
20
70.1493
30
0
0
VERTEX
8
Visible
10
140.7265
20
70.1555
30
0
0
VERTEX
8
Visible
10
140.7091
20
70.1619
30
0
0
VERTEX
8
Visible
10
140.6917
20
70.1685
30
0
0
VERTEX
8
Visible
10
140.6745
20
70.1754
30
0
0
VERTEX
8
Visible
10
140.6575
20
70.1825
30
0
0
VERTEX
8
Visible
10
140.6406
20
70.1898
30
0
0
VERTEX
8
Visible
10
140.6238
20
70.1973
30
0
0
VERTEX
8
Visible
10
140.6072
20
70.2050
30
0
0
VERTEX
8
Visible
10
140.5908
20
70.2129
30
0
0
VERTEX
8
Visible
10
140.5746
20
70.2210
30
0
0
VERTEX
8
Visible
10
140.5584
20
70.2293
30
0
0
VERTEX
8
Visible
10
140.5425
20
70.2378
30
0
0
VERTEX
8
Visible
10
140.5267
20
70.2465
30
0
0
VERTEX
8
Visible
10
140.5111
20
70.2554
30
0
0
VERTEX
8
Visible
10
140.4956
20
70.2645
30
0
0
VERTEX
8
Visible
10
140.4803
20
70.2738
30
0
0
VERTEX
8
Visible
10
140.4652
20
70.2833
30
0
0
VERTEX
8
Visible
10
140.4502
20
70.2929
30
0
0
VERTEX
8
Visible
10
140.4354
20
70.3028
30
0
0
VERTEX
8
Visible
10
140.4207
20
70.3128
30
0
0
VERTEX
8
Visible
10
140.4063
20
70.3230
30
0
0
VERTEX
8
Visible
10
140.3919
20
70.3334
30
0
0
VERTEX
8
Visible
10
140.3778
20
70.3440
30
0
0
VERTEX
8
Visible
10
140.3638
20
70.3547
30
0
0
VERTEX
8
Visible
10
140.3500
20
70.3656
30
0
0
VERTEX
8
Visible
10
140.3363
20
70.3767
30
0
0
VERTEX
8
Visible
10
140.3228
20
70.3880
30
0
0
VERTEX
8
Visible
10
140.3095
20
70.3994
30
0
0
VERTEX
8
Visible
10
140.2964
20
70.4110
30
0
0
VERTEX
8
Visible
10
140.2834
20
70.4228
30
0
0
VERTEX
8
Visible
10
140.2706
20
70.4347
30
0
0
VERTEX
8
Visible
10
140.2579
20
70.4468
30
0
0
VERTEX
8
Visible
10
140.2455
20
70.4591
30
0
0
VERTEX
8
Visible
10
140.2332
20
70.4715
30
0
0
VERTEX
8
Visible
10
140.2210
20
70.4840
30
0
0
VERTEX
8
Visible
10
140.2091
20
70.4968
30
0
0
VERTEX
8
Visible
10
140.1973
20
70.5096
30
0
0
VERTEX
8
Visible
10
140.1857
20
70.5227
30
0
0
VERTEX
8
Visible
10
140.1742
20
70.5358
30
0
0
VERTEX
8
Visible
10
140.1630
20
70.5492
30
0
0
VERTEX
8
Visible
10
140.1519
20
70.5626
30
0
0
VERTEX
8
Visible
10
140.1409
20
70.5762
30
0
0
VERTEX
8
Visible
10
140.1302
20
70.5900
30
0
0
VERTEX
8
Visible
10
140.1196
20
70.6039
30
0
0
VERTEX
8
Visible
10
140.1092
20
70.6179
30
0
0
VERTEX
8
Visible
10
140.0990
20
70.6320
30
0
0
VERTEX
8
Visible
10
140.0890
20
70.6463
30
0
0
VERTEX
8
Visible
10
140.0792
20
70.6607
30
0
0
VERTEX
8
Visible
10
140.0695
20
70.6752
30
0
0
VERTEX
8
Visible
10
140.0600
20
70.6899
30
0
0
VERTEX
8
Visible
10
140.0507
20
70.7046
30
0
0
VERTEX
8
Visible
10
140.0416
20
70.7195
30
0
0
VERTEX
8
Visible
10
140.0327
20
70.7345
30
0
0
VERTEX
8
Visible
10
140.0239
20
70.7496
30
0
0
VERTEX
8
Visible
10
140.0153
20
70.7648
30
0
0
VERTEX
8
Visible
10
140.0069
20
70.7802
30
0
0
VERTEX
8
Visible
10
139.9987
20
70.7956
30
0
0
VERTEX
8
Visible
10
139.9907
20
70.8112
30
0
0
VERTEX
8
Visible
10
139.9828
20
70.8268
30
0
0
VERTEX
8
Visible
10
139.9751
20
70.8426
30
0
0
VERTEX
8
Visible
10
139.9676
20
70.8585
30
0
0
VERTEX
8
Visible
10
139.9603
20
70.8745
30
0
0
VERTEX
8
Visible
10
139.9532
20
70.8905
30
0
0
VERTEX
8
Visible
10
139.9462
20
70.9067
30
0
0
VERTEX
8
Visible
10
139.9394
20
70.9230
30
0
0
VERTEX
8
Visible
10
139.9328
20
70.9393
30
0
0
VERTEX
8
Visible
10
139.9264
20
70.9558
30
0
0
VERTEX
8
Visible
10
139.9201
20
70.9724
30
0
0
VERTEX
8
Visible
10
139.9141
20
70.9890
30
0
0
VERTEX
8
Visible
10
139.9082
20
71.0058
30
0
0
VERTEX
8
Visible
10
139.9025
20
71.0226
30
0
0
VERTEX
8
Visible
10
139.8969
20
71.0395
30
0
0
VERTEX
8
Visible
10
139.8916
20
71.0565
30
0
0
VERTEX
8
Visible
10
139.8864
20
71.0736
30
0
0
VERTEX
8
Visible
10
139.8814
20
71.0907
30
0
0
VERTEX
8
Visible
10
139.8766
20
71.1080
30
0
0
VERTEX
8
Visible
10
139.8719
20
71.1253
30
0
0
VERTEX
8
Visible
10
139.8675
20
71.1427
30
0
0
VERTEX
8
Visible
10
139.8632
20
71.1602
30
0
0
VERTEX
8
Visible
10
139.8591
20
71.1777
30
0
0
VERTEX
8
Visible
10
139.8551
20
71.1953
30
0
0
VERTEX
8
Visible
10
139.8514
20
71.2130
30
0
0
VERTEX
8
Visible
10
139.8478
20
71.2308
30
0
0
VERTEX
8
Visible
10
139.8444
20
71.2486
30
0
0
VERTEX
8
Visible
10
139.8412
20
71.2665
30
0
0
VERTEX
8
Visible
10
139.8381
20
71.2844
30
0
0
VERTEX
8
Visible
10
139.8353
20
71.3025
30
0
0
VERTEX
8
Visible
10
139.8326
20
71.3205
30
0
0
VERTEX
8
Visible
10
139.8300
20
71.3387
30
0
0
VERTEX
8
Visible
10
139.8277
20
71.3569
30
0
0
VERTEX
8
Visible
10
139.8255
20
71.3751
30
0
0
VERTEX
8
Visible
10
139.8235
20
71.3934
30
0
0
VERTEX
8
Visible
10
139.8217
20
71.4118
30
0
0
VERTEX
8
Visible
10
139.8201
20
71.4302
30
0
0
VERTEX
8
Visible
10
139.8186
20
71.4487
30
0
0
VERTEX
8
Visible
10
139.8173
20
71.4672
30
0
0
VERTEX
8
Visible
10
139.8162
20
71.4857
30
0
0
VERTEX
8
Visible
10
139.8153
20
71.5043
30
0
0
VERTEX
8
Visible
10
139.8145
20
71.5230
30
0
0
VERTEX
8
Visible
10
139.8139
20
71.5417
30
0
0
VERTEX
8
Visible
10
139.8135
20
71.5604
30
0
0
VERTEX
8
Visible
10
139.8132
20
71.5792
30
0
0
VERTEX
8
Visible
10
139.8131
20
71.5980
30
0
0
VERTEX
8
Visible
10
139.8132
20
71.6169
30
0
0
VERTEX
8
Visible
10
139.8135
20
71.6358
30
0
0
VERTEX
8
Visible
10
139.8139
20
71.6547
30
0
0
VERTEX
8
Visible
10
139.8146
20
71.6737
30
0
0
VERTEX
8
Visible
10
139.8153
20
71.6927
30
0
0
VERTEX
8
Visible
10
139.8163
20
71.7118
30
0
0
VERTEX
8
Visible
10
139.8174
20
71.7308
30
0
0
VERTEX
8
Visible
10
139.8187
20
71.7499
30
0
0
VERTEX
8
Visible
10
139.8202
20
71.7691
30
0
0
VERTEX
8
Visible
10
139.8218
20
71.7882
30
0
0
VERTEX
8
Visible
10
139.8236
20
71.8074
30
0
0
VERTEX
8
Visible
10
139.8256
20
71.8266
30
0
0
VERTEX
8
Visible
10
139.8278
20
71.8459
30
0
0
VERTEX
8
Visible
10
139.8301
20
71.8651
30
0
0
VERTEX
8
Visible
10
139.8326
20
71.8844
30
0
0
VERTEX
8
Visible
10
139.8352
20
71.9037
30
0
0
VERTEX
8
Visible
10
139.8381
20
71.9230
30
0
0
VERTEX
8
Visible
10
139.8410
20
71.9424
30
0
0
VERTEX
8
Visible
10
139.8442
20
71.9617
30
0
0
VERTEX
8
Visible
10
139.8475
20
71.9811
30
0
0
VERTEX
8
Visible
10
139.8510
20
72.0005
30
0
0
VERTEX
8
Visible
10
139.8547
20
72.0199
30
0
0
VERTEX
8
Visible
10
139.8585
20
72.0393
30
0
0
VERTEX
8
Visible
10
139.8625
20
72.0587
30
0
0
VERTEX
8
Visible
10
139.8667
20
72.0781
30
0
0
VERTEX
8
Visible
10
139.8710
20
72.0976
30
0
0
VERTEX
8
Visible
10
139.8755
20
72.1170
30
0
0
VERTEX
8
Visible
10
139.8802
20
72.1364
30
0
0
VERTEX
8
Visible
10
139.8850
20
72.1559
30
0
0
VERTEX
8
Visible
10
139.8900
20
72.1753
30
0
0
VERTEX
8
Visible
10
139.8952
20
72.1948
30
0
0
VERTEX
8
Visible
10
139.9005
20
72.2142
30
0
0
VERTEX
8
Visible
10
139.9060
20
72.2337
30
0
0
VERTEX
8
Visible
10
139.9116
20
72.2531
30
0
0
VERTEX
8
Visible
10
139.9175
20
72.2726
30
0
0
VERTEX
8
Visible
10
139.9235
20
72.2920
30
0
0
VERTEX
8
Visible
10
139.9296
20
72.3115
30
0
0
VERTEX
8
Visible
10
139.9359
20
72.3309
30
0
0
VERTEX
8
Visible
10
139.9424
20
72.3503
30
0
0
VERTEX
8
Visible
10
139.9491
20
72.3698
30
0
0
VERTEX
8
Visible
10
139.9559
20
72.3892
30
0
0
VERTEX
8
Visible
10
139.9628
20
72.4086
30
0
0
VERTEX
8
Visible
10
139.9700
20
72.4280
30
0
0
VERTEX
8
Visible
10
139.9773
20
72.4474
30
0
0
VERTEX
8
Visible
10
139.9847
20
72.4668
30
0
0
VERTEX
8
Visible
10
139.9924
20
72.4861
30
0
0
VERTEX
8
Visible
10
140.0001
20
72.5055
30
0
0
VERTEX
8
Visible
10
140.0081
20
72.5248
30
0
0
VERTEX
8
Visible
10
140.0162
20
72.5441
30
0
0
VERTEX
8
Visible
10
140.0245
20
72.5634
30
0
0
VERTEX
8
Visible
10
140.0329
20
72.5827
30
0
0
VERTEX
8
Visible
10
140.0415
20
72.6019
30
0
0
VERTEX
8
Visible
10
140.0503
20
72.6211
30
0
0
VERTEX
8
Visible
10
140.0592
20
72.6403
30
0
0
VERTEX
8
Visible
10
140.0682
20
72.6595
30
0
0
VERTEX
8
Visible
10
140.0775
20
72.6786
30
0
0
VERTEX
8
Visible
10
140.0869
20
72.6977
30
0
0
VERTEX
8
Visible
10
140.0964
20
72.7168
30
0
0
VERTEX
8
Visible
10
140.1061
20
72.7359
30
0
0
VERTEX
8
Visible
10
140.1160
20
72.7549
30
0
0
VERTEX
8
Visible
10
140.1260
20
72.7738
30
0
0
VERTEX
8
Visible
10
140.1362
20
72.7928
30
0
0
VERTEX
8
Visible
10
140.1466
20
72.8117
30
0
0
VERTEX
8
Visible
10
140.1571
20
72.8306
30
0
0
VERTEX
8
Visible
10
140.1677
20
72.8494
30
0
0
VERTEX
8
Visible
10
140.1786
20
72.8682
30
0
0
VERTEX
8
Visible
10
140.1895
20
72.8869
30
0
0
VERTEX
8
Visible
10
140.2007
20
72.9056
30
0
0
VERTEX
8
Visible
10
140.2120
20
72.9242
30
0
0
VERTEX
8
Visible
10
140.2234
20
72.9428
30
0
0
VERTEX
8
Visible
10
140.2350
20
72.9614
30
0
0
VERTEX
8
Visible
10
140.2468
20
72.9799
30
0
0
VERTEX
8
Visible
10
140.2587
20
72.9983
30
0
0
VERTEX
8
Visible
10
140.2707
20
73.0167
30
0
0
VERTEX
8
Visible
10
140.2830
20
73.0351
30
0
0
VERTEX
8
Visible
10
140.2953
20
73.0534
30
0
0
VERTEX
8
Visible
10
140.3079
20
73.0716
30
0
0
VERTEX
8
Visible
10
140.3205
20
73.0898
30
0
0
VERTEX
8
Visible
10
140.3334
20
73.1079
30
0
0
VERTEX
8
Visible
10
140.3464
20
73.1259
30
0
0
VERTEX
8
Visible
10
140.3595
20
73.1439
30
0
0
VERTEX
8
Visible
10
140.3728
20
73.1619
30
0
0
VERTEX
8
Visible
10
140.3863
20
73.1798
30
0
0
VERTEX
8
Visible
10
140.3999
20
73.1976
30
0
0
VERTEX
8
Visible
10
140.4137
20
73.2153
30
0
0
VERTEX
8
Visible
10
140.4276
20
73.2330
30
0
0
VERTEX
8
Visible
10
140.4416
20
73.2506
30
0
0
VERTEX
8
Visible
10
140.4559
20
73.2681
30
0
0
VERTEX
8
Visible
10
140.4702
20
73.2856
30
0
0
VERTEX
8
Visible
10
140.4848
20
73.3029
30
0
0
VERTEX
8
Visible
10
140.4994
20
73.3202
30
0
0
VERTEX
8
Visible
10
140.5143
20
73.3374
30
0
0
VERTEX
8
Visible
10
140.5292
20
73.3546
30
0
0
VERTEX
8
Visible
10
140.5443
20
73.3716
30
0
0
VERTEX
8
Visible
10
140.5596
20
73.3886
30
0
0
VERTEX
8
Visible
10
140.5750
20
73.4055
30
0
0
VERTEX
8
Visible
10
140.5906
20
73.4223
30
0
0
VERTEX
8
Visible
10
140.6063
20
73.4390
30
0
0
VERTEX
8
Visible
10
140.6221
20
73.4555
30
0
0
VERTEX
8
Visible
10
140.6381
20
73.4721
30
0
0
VERTEX
8
Visible
10
140.6542
20
73.4885
30
0
0
VERTEX
8
Visible
10
140.6705
20
73.5048
30
0
0
VERTEX
8
Visible
10
140.6869
20
73.5210
30
0
0
VERTEX
8
Visible
10
140.7035
20
73.5371
30
0
0
VERTEX
8
Visible
10
140.7202
20
73.5531
30
0
0
VERTEX
8
Visible
10
140.7370
20
73.5689
30
0
0
VERTEX
8
Visible
10
140.7540
20
73.5847
30
0
0
VERTEX
8
Visible
10
140.7711
20
73.6004
30
0
0
VERTEX
8
Visible
10
140.7884
20
73.6159
30
0
0
VERTEX
8
Visible
10
140.8057
20
73.6314
30
0
0
VERTEX
8
Visible
10
140.8233
20
73.6467
30
0
0
VERTEX
8
Visible
10
140.8409
20
73.6619
30
0
0
VERTEX
8
Visible
10
140.8587
20
73.6770
30
0
0
VERTEX
8
Visible
10
140.8767
20
73.6919
30
0
0
VERTEX
8
Visible
10
140.8947
20
73.7067
30
0
0
VERTEX
8
Visible
10
140.9129
20
73.7214
30
0
0
VERTEX
8
Visible
10
140.9312
20
73.7359
30
0
0
VERTEX
8
Visible
10
140.9496
20
73.7503
30
0
0
VERTEX
8
Visible
10
140.9682
20
73.7646
30
0
0
VERTEX
8
Visible
10
140.9868
20
73.7787
30
0
0
VERTEX
8
Visible
10
141.0056
20
73.7927
30
0
0
VERTEX
8
Visible
10
141.0245
20
73.8065
30
0
0
VERTEX
8
Visible
10
141.0435
20
73.8202
30
0
0
VERTEX
8
Visible
10
141.0627
20
73.8337
30
0
0
VERTEX
8
Visible
10
141.0819
20
73.8471
30
0
0
VERTEX
8
Visible
10
141.1013
20
73.8603
30
0
0
VERTEX
8
Visible
10
141.1208
20
73.8734
30
0
0
VERTEX
8
Visible
10
141.1403
20
73.8863
30
0
0
VERTEX
8
Visible
10
141.1600
20
73.8990
30
0
0
VERTEX
8
Visible
10
141.1798
20
73.9116
30
0
0
VERTEX
8
Visible
10
141.1997
20
73.9240
30
0
0
VERTEX
8
Visible
10
141.2197
20
73.9362
30
0
0
VERTEX
8
Visible
10
141.2398
20
73.9482
30
0
0
VERTEX
8
Visible
10
141.2600
20
73.9601
30
0
0
VERTEX
8
Visible
10
141.2803
20
73.9718
30
0
0
VERTEX
8
Visible
10
141.3007
20
73.9833
30
0
0
VERTEX
8
Visible
10
141.3212
20
73.9947
30
0
0
VERTEX
8
Visible
10
141.3418
20
74.0058
30
0
0
VERTEX
8
Visible
10
141.3625
20
74.0168
30
0
0
VERTEX
8
Visible
10
141.3832
20
74.0275
30
0
0
VERTEX
8
Visible
10
141.4041
20
74.0381
30
0
0
VERTEX
8
Visible
10
141.4249
20
74.0484
30
0
0
VERTEX
8
Visible
10
141.4458
20
74.0586
30
0
0
VERTEX
8
Visible
10
141.4668
20
74.0685
30
0
0
VERTEX
8
Visible
10
141.4878
20
74.0782
30
0
0
VERTEX
8
Visible
10
141.5089
20
74.0877
30
0
0
VERTEX
8
Visible
10
141.5300
20
74.0969
30
0
0
VERTEX
8
Visible
10
141.5512
20
74.1060
30
0
0
VERTEX
8
Visible
10
141.5724
20
74.1148
30
0
0
VERTEX
8
Visible
10
141.5936
20
74.1234
30
0
0
VERTEX
8
Visible
10
141.6149
20
74.1318
30
0
0
VERTEX
8
Visible
10
141.6362
20
74.1399
30
0
0
VERTEX
8
Visible
10
141.6575
20
74.1479
30
0
0
VERTEX
8
Visible
10
141.6789
20
74.1555
30
0
0
VERTEX
8
Visible
10
141.7003
20
74.1630
30
0
0
VERTEX
8
Visible
10
141.7217
20
74.1702
30
0
0
VERTEX
8
Visible
10
141.7431
20
74.1772
30
0
0
VERTEX
8
Visible
10
141.7646
20
74.1840
30
0
0
VERTEX
8
Visible
10
141.7861
20
74.1905
30
0
0
VERTEX
8
Visible
10
141.8076
20
74.1968
30
0
0
VERTEX
8
Visible
10
141.8291
20
74.2028
30
0
0
VERTEX
8
Visible
10
141.8507
20
74.2086
30
0
0
VERTEX
8
Visible
10
141.8722
20
74.2142
30
0
0
VERTEX
8
Visible
10
141.8938
20
74.2195
30
0
0
VERTEX
8
Visible
10
141.9153
20
74.2246
30
0
0
VERTEX
8
Visible
10
141.9368
20
74.2294
30
0
0
VERTEX
8
Visible
10
141.9583
20
74.2339
30
0
0
VERTEX
8
Visible
10
141.9797
20
74.2382
30
0
0
VERTEX
8
Visible
10
142.0011
20
74.2422
30
0
0
VERTEX
8
Visible
10
142.0224
20
74.2460
30
0
0
VERTEX
8
Visible
10
142.0437
20
74.2495
30
0
0
VERTEX
8
Visible
10
142.0649
20
74.2527
30
0
0
VERTEX
8
Visible
10
142.0861
20
74.2557
30
0
0
VERTEX
8
Visible
10
142.1073
20
74.2584
30
0
0
VERTEX
8
Visible
10
142.1283
20
74.2609
30
0
0
VERTEX
8
Visible
10
142.1493
20
74.2631
30
0
0
VERTEX
8
Visible
10
142.1703
20
74.2650
30
0
0
VERTEX
8
Visible
10
142.1912
20
74.2667
30
0
0
VERTEX
8
Visible
10
142.2120
20
74.2682
30
0
0
VERTEX
8
Visible
10
142.2327
20
74.2693
30
0
0
VERTEX
8
Visible
10
142.2533
20
74.2702
30
0
0
VERTEX
8
Visible
10
142.2738
20
74.2709
30
0
0
VERTEX
8
Visible
10
142.2942
20
74.2712
30
0
0
VERTEX
8
Visible
10
142.3145
20
74.2714
30
0
0
SEQEND
8
Visible
0
POLYLINE
8
Visible
66
1
70
0
10
0
20
0
30
0
0
VERTEX
8
Visible
10
124.9563
20
69.2884
30
0
0
VERTEX
8
Visible
10
124.9828
20
69.4109
30
0
0
VERTEX
8
Visible
10
125.0100
20
69.5332
30
0
0
VERTEX
8
Visible
10
125.0380
20
69.6553
30
0
0
VERTEX
8
Visible
10
125.0667
20
69.7772
30
0
0
VERTEX
8
Visible
10
125.0962
20
69.8989
30
0
0
VERTEX
8
Visible
10
125.1264
20
70.0204
30
0
0
VERTEX
8
Visible
10
125.1574
20
70.1417
30
0
0
VERTEX
8
Visible
10
125.1892
20
70.2628
30
0
0
VERTEX
8
Visible
10
125.2216
20
70.3836
30
0
0
VERTEX
8
Visible
10
125.2549
20
70.5042
30
0
0
VERTEX
8
Visible
10
125.2889
20
70.6246
30
0
0
VERTEX
8
Visible
10
125.3236
20
70.7447
30
0
0
VERTEX
8
Visible
10
125.3591
20
70.8647
30
0
0
VERTEX
8
Visible
10
125.3953
20
70.9843
30
0
0
VERTEX
8
Visible
10
125.4323
20
71.1038
30
0
0
VERTEX
8
Visible
10
125.4699
20
71.2229
30
0
0
VERTEX
8
Visible
10
125.5084
20
71.3419
30
0
0
VERTEX
8
Visible
10
125.5476
20
71.4606
30
0
0
VERTEX
8
Visible
10
125.5875
20
71.5790
30
0
0
VERTEX
8
Visible
10
125.6281
20
71.6972
30
0
0
VERTEX
8
Visible
10
125.6695
20
71.8151
30
0
0
VERTEX
8
Visible
10
125.7116
20
71.9327
30
0
0
VERTEX
8
Visible
10
125.7544
20
72.0501
30
0
0
VERTEX
8
Visible
10
125.7980
20
72.1672
30
0
0
VERTEX
8
Visible
10
125.8423
20
72.2840
30
0
0
VERTEX
8
Visible
10
125.8873
20
72.4006
30
0
0
VERTEX
8
Visible
10
125.9331
20
72.5168
30
0
0
VERTEX
8
Visible
10
125.9796
20
72.6328
30
0
0
VERTEX
8
Visible
10
126.0268
20
72.7485
30
0
0
VERTEX
8
Visible
10
126.0747
20
72.8639
30
0
0
VERTEX
8
Visible
10
126.1233
20
72.9789
30
0
0
VERTEX
8
Visible
10
126.1727
20
73.0937
30
0
0
VERTEX
8
Visible
10
126.2227
20
73.2082
30
0
0
VERTEX
8
Visible
10
126.2735
20
73.3224
30
0
0
VERTEX
8
Visible
10
126.3250
20
73.4363
30
0
0
VERTEX
8
Visible
10
126.3772
20
73.5498
30
0
0
VERTEX
8
Visible
10
126.4302
20
73.6631
30
0
0
VERTEX
8
Visible
10
126.4838
20
73.7760
30
0
0
VERTEX
8
Visible
10
126.5382
20
73.8886
30
0
0
VERTEX
8
Visible
10
126.5932
20
74.0009
30
0
0
VERTEX
8
Visible
10
126.6490
20
74.1128
30
0
0
VERTEX
8
Visible
10
126.7055
20
74.2244
30
0
0
VERTEX
8
Visible
10
126.7626
20
74.3357
30
0
0
VERTEX
8
Visible
10
126.8205
20
74.4466
30
0
0
VERTEX
8
Visible
10
126.8791
20
74.5572
30
0
0
VERTEX
8
Visible
10
126.9384
20
74.6674
30
0
0
VERTEX
8
Visible
10
126.9983
20
74.7773
30
0
0
VERTEX
8
Visible
10
127.0590
20
74.8868
30
0
0
SEQEND
8
Visible
0
LINE
8
Visible
10
124.8331
20
68.7093
30
0
11
124.9563
21
69.2884
31
0
0
ARC
8
Visible
10
132.6531
20
67.0460
30
0
40
7.9949
50
167.9922
51
179.9999
0
LINE
8
Visible
10
124.6582
20
66.3868
30
0
11
124.6582
21
67.0460
31
0
0
LINE
8
Visible
10
124.6582
20
66.3868
30
0
11
125.1395
21
66.3868
31
0
0
LINE
8
Visible
10
126.6596
20
67.0460
30
0
11
126.6596
21
66.3868
31
0
0
ARC
8
Visible
10
132.6552
20
67.0460
30
0
40
5.9956
50
167.9909
51
179.9999
0
LINE
8
Visible
10
126.9135
20
68.8701
30
0
11
126.7908
21
68.2934
31
0
0
LINE
8
Visible
10
127.8372
20
71.8868
30
0
11
128.4613
21
71.8868
31
0
0
LINE
8
Visible
10
175.8187
20
71.8868
30
0
11
176.4428
21
71.8868
31
0
0
LINE
8
Visible
10
177.4892
20
68.2934
30
0
11
177.3665
21
68.8701
31
0
0
ARC
8
Visible
10
171.6248
20
67.0460
30
0
40
5.9956
50
0.0001
51
12.0091
0
LINE
8
Visible
10
177.6204
20
66.3868
30
0
11
177.6204
21
67.0460
31
0
0
LINE
8
Visible
10
179.1405
20
66.3868
30
0
11
179.6218
21
66.3868
31
0
0
LINE
8
Visible
10
179.6218
20
67.0460
30
0
11
179.6218
21
66.3868
31
0
0
ARC
8
Visible
10
171.6269
20
67.0460
30
0
40
7.9949
50
0.0001
51
12.0078
0
LINE
8
Visible
10
179.3237
20
69.2884
30
0
11
179.4469
21
68.7093
31
0
0
POLYLINE
8
Visible
66
1
70
0
10
0
20
0
30
0
0
VERTEX
8
Visible
10
177.2210
20
74.8868
30
0
0
VERTEX
8
Visible
10
177.2817
20
74.7773
30
0
0
VERTEX
8
Visible
10
177.3417
20
74.6674
30
0
0
VERTEX
8
Visible
10
177.4009
20
74.5572
30
0
0
VERTEX
8
Visible
10
177.4595
20
74.4466
30
0
0
VERTEX
8
Visible
10
177.5174
20
74.3357
30
0
0
VERTEX
8
Visible
10
177.5746
20
74.2244
30
0
0
VERTEX
8
Visible
10
177.6310
20
74.1128
30
0
0
VERTEX
8
Visible
10
177.6868
20
74.0009
30
0
0
VERTEX
8
Visible
10
177.7419
20
73.8886
30
0
0
VERTEX
8
Visible
10
177.7962
20
73.7760
30
0
0
VERTEX
8
Visible
10
177.8499
20
73.6631
30
0
0
VERTEX
8
Visible
10
177.9028
20
73.5498
30
0
0
VERTEX
8
Visible
10
177.9550
20
73.4363
30
0
0
VERTEX
8
Visible
10
178.0065
20
73.3224
30
0
0
VERTEX
8
Visible
10
178.0573
20
73.2082
30
0
0
VERTEX
8
Visible
10
178.1074
20
73.0937
30
0
0
VERTEX
8
Visible
10
178.1567
20
72.9789
30
0
0
VERTEX
8
Visible
10
178.2054
20
72.8639
30
0
0
VERTEX
8
Visible
10
178.2533
20
72.7485
30
0
0
VERTEX
8
Visible
10
178.3005
20
72.6328
30
0
0
VERTEX
8
Visible
10
178.3469
20
72.5168
30
0
0
VERTEX
8
Visible
10
178.3927
20
72.4006
30
0
0
VERTEX
8
Visible
10
178.4377
20
72.2840
30
0
0
VERTEX
8
Visible
10
178.4820
20
72.1672
30
0
0
VERTEX
8
Visible
10
178.5256
20
72.0501
30
0
0
VERTEX
8
Visible
10
178.5684
20
71.9327
30
0
0
VERTEX
8
Visible
10
178.6105
20
71.8151
30
0
0
VERTEX
8
Visible
10
178.6519
20
71.6972
30
0
0
VERTEX
8
Visible
10
178.6926
20
71.5790
30
0
0
VERTEX
8
Visible
10
178.7325
20
71.4606
30
0
0
VERTEX
8
Visible
10
178.7716
20
71.3419
30
0
0
VERTEX
8
Visible
10
178.8101
20
71.2229
30
0
0
VERTEX
8
Visible
10
178.8478
20
71.1038
30
0
0
VERTEX
8
Visible
10
178.8847
20
70.9843
30
0
0
VERTEX
8
Visible
10
178.9210
20
70.8647
30
0
0
VERTEX
8
Visible
10
178.9564
20
70.7447
30
0
0
VERTEX
8
Visible
10
178.9912
20
70.6246
30
0
0
VERTEX
8
Visible
10
179.0251
20
70.5042
30
0
0
VERTEX
8
Visible
10
179.0584
20
70.3836
30
0
0
VERTEX
8
Visible
10
179.0909
20
70.2628
30
0
0
VERTEX
8
Visible
10
179.1226
20
70.1417
30
0
0
VERTEX
8
Visible
10
179.1536
20
70.0204
30
0
0
VERTEX
8
Visible
10
179.1838
20
69.8989
30
0
0
VERTEX
8
Visible
10
179.2133
20
69.7772
30
0
0
VERTEX
8
Visible
10
179.2421
20
69.6553
30
0
0
VERTEX
8
Visible
10
179.2700
20
69.5332
30
0
0
VERTEX
8
Visible
10
179.2973
20
69.4109
30
0
0
VERTEX
8
Visible
10
179.3237
20
69.2884
30
0
0
SEQEND
8
Visible
0
POLYLINE
8
Visible
66
1
70
0
10
0
20
0
30
0
0
VERTEX
8
Visible
10
144.9781
20
74.2714
30
0
0
VERTEX
8
Visible
10
144.9968
20
74.2713
30
0
0
VERTEX
8
Visible
10
145.0155
20
74.2710
30
0
0
VERTEX
8
Visible
10
145.0341
20
74.2705
30
0
0
VERTEX
8
Visible
10
145.0527
20
74.2699
30
0
0
VERTEX
8
Visible
10
145.0713
20
74.2690
30
0
0
VERTEX
8
Visible
10
145.0897
20
74.2680
30
0
0
VERTEX
8
Visible
10
145.1082
20
74.2668
30
0
0
VERTEX
8
Visible
10
145.1265
20
74.2654
30
0
0
VERTEX
8
Visible
10
145.1449
20
74.2638
30
0
0
VERTEX
8
Visible
10
145.1631
20
74.2620
30
0
0
VERTEX
8
Visible
10
145.1813
20
74.2601
30
0
0
VERTEX
8
Visible
10
145.1994
20
74.2579
30
0
0
VERTEX
8
Visible
10
145.2174
20
74.2556
30
0
0
VERTEX
8
Visible
10
145.2354
20
74.2531
30
0
0
VERTEX
8
Visible
10
145.2533
20
74.2504
30
0
0
VERTEX
8
Visible
10
145.2711
20
74.2475
30
0
0
VERTEX
8
Visible
10
145.2888
20
74.2444
30
0
0
VERTEX
8
Visible
10
145.3065
20
74.2412
30
0
0
VERTEX
8
Visible
10
145.3240
20
74.2377
30
0
0
VERTEX
8
Visible
10
145.3415
20
74.2341
30
0
0
VERTEX
8
Visible
10
145.3589
20
74.2303
30
0
0
VERTEX
8
Visible
10
145.3762
20
74.2263
30
0
0
VERTEX
8
Visible
10
145.3934
20
74.2222
30
0
0
VERTEX
8
Visible
10
145.4105
20
74.2179
30
0
0
VERTEX
8
Visible
10
145.4275
20
74.2133
30
0
0
VERTEX
8
Visible
10
145.4444
20
74.2087
30
0
0
VERTEX
8
Visible
10
145.4612
20
74.2038
30
0
0
VERTEX
8
Visible
10
145.4778
20
74.1988
30
0
0
VERTEX
8
Visible
10
145.4944
20
74.1936
30
0
0
VERTEX
8
Visible
10
145.5108
20
74.1883
30
0
0
VERTEX
8
Visible
10
145.5272
20
74.1827
30
0
0
VERTEX
8
Visible
10
145.5434
20
74.1770
30
0
0
VERTEX
8
Visible
10
145.5595
20
74.1712
30
0
0
VERTEX
8
Visible
10
145.5755
20
74.1651
30
0
0
VERTEX
8
Visible
10
145.5914
20
74.1589
30
0
0
VERTEX
8
Visible
10
145.6072
20
74.1526
30
0
0
VERTEX
8
Visible
10
145.6229
20
74.1460
30
0
0
VERTEX
8
Visible
10
145.6384
20
74.1394
30
0
0
VERTEX
8
Visible
10
145.6539
20
74.1325
30
0
0
VERTEX
8
Visible
10
145.6692
20
74.1255
30
0
0
VERTEX
8
Visible
10
145.6844
20
74.1183
30
0
0
VERTEX
8
Visible
10
145.6995
20
74.1110
30
0
0
VERTEX
8
Visible
10
145.7145
20
74.1035
30
0
0
VERTEX
8
Visible
10
145.7293
20
74.0958
30
0
0
VERTEX
8
Visible
10
145.7441
20
74.0880
30
0
0
VERTEX
8
Visible
10
145.7587
20
74.0801
30
0
0
VERTEX
8
Visible
10
145.7732
20
74.0720
30
0
0
VERTEX
8
Visible
10
145.7876
20
74.0637
30
0
0
VERTEX
8
Visible
10
145.8018
20
74.0553
30
0
0
VERTEX
8
Visible
10
145.8160
20
74.0467
30
0
0
VERTEX
8
Visible
10
145.8300
20
74.0380
30
0
0
VERTEX
8
Visible
10
145.8439
20
74.0291
30
0
0
VERTEX
8
Visible
10
145.8576
20
74.0201
30
0
0
VERTEX
8
Visible
10
145.8712
20
74.0110
30
0
0
VERTEX
8
Visible
10
145.8846
20
74.0017
30
0
0
VERTEX
8
Visible
10
145.8979
20
73.9923
30
0
0
VERTEX
8
Visible
10
145.9111
20
73.9828
30
0
0
VERTEX
8
Visible
10
145.9241
20
73.9731
30
0
0
VERTEX
8
Visible
10
145.9370
20
73.9633
30
0
0
VERTEX
8
Visible
10
145.9498
20
73.9533
30
0
0
VERTEX
8
Visible
10
145.9624
20
73.9433
30
0
0
VERTEX
8
Visible
10
145.9749
20
73.9331
30
0
0
VERTEX
8
Visible
10
145.9872
20
73.9227
30
0
0
VERTEX
8
Visible
10
145.9994
20
73.9123
30
0
0
VERTEX
8
Visible
10
146.0115
20
73.9017
30
0
0
VERTEX
8
Visible
10
146.0234
20
73.8910
30
0
0
VERTEX
8
Visible
10
146.0352
20
73.8802
30
0
0
VERTEX
8
Visible
10
146.0468
20
73.8693
30
0
0
VERTEX
8
Visible
10
146.0583
20
73.8582
30
0
0
VERTEX
8
Visible
10
146.0696
20
73.8471
30
0
0
VERTEX
8
Visible
10
146.0809
20
73.8358
30
0
0
VERTEX
8
Visible
10
146.0919
20
73.8244
30
0
0
VERTEX
8
Visible
10
146.1029
20
73.8128
30
0
0
VERTEX
8
Visible
10
146.1137
20
73.8012
30
0
0
VERTEX
8
Visible
10
146.1243
20
73.7895
30
0
0
VERTEX
8
Visible
10
146.1348
20
73.7776
30
0
0
VERTEX
8
Visible
10
146.1452
20
73.7656
30
0
0
VERTEX
8
Visible
10
146.1554
20
73.7536
30
0
0
VERTEX
8
Visible
10
146.1655
20
73.7414
30
0
0
VERTEX
8
Visible
10
146.1755
20
73.7291
30
0
0
VERTEX
8
Visible
10
146.1853
20
73.7167
30
0
0
VERTEX
8
Visible
10
146.1949
20
73.7042
30
0
0
VERTEX
8
Visible
10
146.2045
20
73.6916
30
0
0
VERTEX
8
Visible
10
146.2138
20
73.6789
30
0
0
VERTEX
8
Visible
10
146.2231
20
73.6661
30
0
0
VERTEX
8
Visible
10
146.2322
20
73.6532
30
0
0
VERTEX
8
Visible
10
146.2411
20
73.6402
30
0
0
VERTEX
8
Visible
10
146.2499
20
73.6272
30
0
0
VERTEX
8
Visible
10
146.2586
20
73.6140
30
0
0
VERTEX
8
Visible
10
146.2671
20
73.6007
30
0
0
VERTEX
8
Visible
10
146.2755
20
73.5874
30
0
0
VERTEX
8
Visible
10
146.2837
20
73.5740
30
0
0
VERTEX
8
Visible
10
146.2918
20
73.5604
30
0
0
VERTEX
8
Visible
10
146.2998
20
73.5468
30
0
0
VERTEX
8
Visible
10
146.3076
20
73.5332
30
0
0
VERTEX
8
Visible
10
146.3152
20
73.5194
30
0
0
VERTEX
8
Visible
10
146.3227
20
73.5055
30
0
0
VERTEX
8
Visible
10
146.3301
20
73.4916
30
0
0
VERTEX
8
Visible
10
146.3373
20
73.4776
30
0
0
VERTEX
8
Visible
10
146.3444
20
73.4635
30
0
0
VERTEX
8
Visible
10
146.3514
20
73.4494
30
0
0
VERTEX
8
Visible
10
146.3582
20
73.4351
30
0
0
VERTEX
8
Visible
10
146.3648
20
73.4208
30
0
0
VERTEX
8
Visible
10
146.3713
20
73.4064
30
0
0
VERTEX
8
Visible
10
146.3777
20
73.3920
30
0
0
VERTEX
8
Visible
10
146.3839
20
73.3774
30
0
0
VERTEX
8
Visible
10
146.3900
20
73.3628
30
0
0
VERTEX
8
Visible
10
146.3960
20
73.3482
30
0
0
VERTEX
8
Visible
10
146.4018
20
73.3334
30
0
0
VERTEX
8
Visible
10
146.4075
20
73.3186
30
0
0
VERTEX
8
Visible
10
146.4130
20
73.3037
30
0
0
VERTEX
8
Visible
10
146.4184
20
73.2888
30
0
0
VERTEX
8
Visible
10
146.4236
20
73.2738
30
0
0
VERTEX
8
Visible
10
146.4287
20
73.2587
30
0
0
VERTEX
8
Visible
10
146.4337
20
73.2436
30
0
0
VERTEX
8
Visible
10
146.4385
20
73.2284
30
0
0
VERTEX
8
Visible
10
146.4432
20
73.2131
30
0
0
VERTEX
8
Visible
10
146.4478
20
73.1978
30
0
0
VERTEX
8
Visible
10
146.4522
20
73.1825
30
0
0
VERTEX
8
Visible
10
146.4564
20
73.1670
30
0
0
VERTEX
8
Visible
10
146.4606
20
73.1516
30
0
0
VERTEX
8
Visible
10
146.4646
20
73.1360
30
0
0
VERTEX
8
Visible
10
146.4684
20
73.1204
30
0
0
VERTEX
8
Visible
10
146.4721
20
73.1048
30
0
0
VERTEX
8
Visible
10
146.4757
20
73.0891
30
0
0
VERTEX
8
Visible
10
146.4792
20
73.0733
30
0
0
VERTEX
8
Visible
10
146.4825
20
73.0575
30
0
0
VERTEX
8
Visible
10
146.4856
20
73.0417
30
0
0
VERTEX
8
Visible
10
146.4886
20
73.0258
30
0
0
VERTEX
8
Visible
10
146.4915
20
73.0099
30
0
0
VERTEX
8
Visible
10
146.4943
20
72.9939
30
0
0
VERTEX
8
Visible
10
146.4969
20
72.9779
30
0
0
VERTEX
8
Visible
10
146.4994
20
72.9618
30
0
0
VERTEX
8
Visible
10
146.5017
20
72.9457
30
0
0
VERTEX
8
Visible
10
146.5039
20
72.9295
30
0
0
VERTEX
8
Visible
10
146.5060
20
72.9133
30
0
0
VERTEX
8
Visible
10
146.5079
20
72.8971
30
0
0
VERTEX
8
Visible
10
146.5097
20
72.8808
30
0
0
VERTEX
8
Visible
10
146.5114
20
72.8645
30
0
0
VERTEX
8
Visible
10
146.5129
20
72.8482
30
0
0
VERTEX
8
Visible
10
146.5143
20
72.8318
30
0
0
VERTEX
8
Visible
10
146.5156
20
72.8153
30
0
0
VERTEX
8
Visible
10
146.5167
20
72.7989
30
0
0
VERTEX
8
Visible
10
146.5177
20
72.7824
30
0
0
VERTEX
8
Visible
10
146.5186
20
72.7659
30
0
0
VERTEX
8
Visible
10
146.5193
20
72.7493
30
0
0
VERTEX
8
Visible
10
146.5199
20
72.7327
30
0
0
VERTEX
8
Visible
10
146.5203
20
72.7161
30
0
0
VERTEX
8
Visible
10
146.5207
20
72.6995
30
0
0
VERTEX
8
Visible
10
146.5208
20
72.6828
30
0
0
VERTEX
8
Visible
10
146.5209
20
72.6661
30
0
0
VERTEX
8
Visible
10
146.5208
20
72.6494
30
0
0
VERTEX
8
Visible
10
146.5206
20
72.6326
30
0
0
VERTEX
8
Visible
10
146.5203
20
72.6158
30
0
0
VERTEX
8
Visible
10
146.5198
20
72.5990
30
0
0
VERTEX
8
Visible
10
146.5192
20
72.5822
30
0
0
VERTEX
8
Visible
10
146.5184
20
72.5654
30
0
0
VERTEX
8
Visible
10
146.5175
20
72.5485
30
0
0
VERTEX
8
Visible
10
146.5165
20
72.5316
30
0
0
VERTEX
8
Visible
10
146.5154
20
72.5147
30
0
0
VERTEX
8
Visible
10
146.5141
20
72.4978
30
0
0
VERTEX
8
Visible
10
146.5127
20
72.4808
30
0
0
VERTEX
8
Visible
10
146.5112
20
72.4638
30
0
0
VERTEX
8
Visible
10
146.5095
20
72.4469
30
0
0
VERTEX
8
Visible
10
146.5077
20
72.4299
30
0
0
VERTEX
8
Visible
10
146.5058
20
72.4128
30
0
0
VERTEX
8
Visible
10
146.5037
20
72.3958
30
0
0
VERTEX
8
Visible
10
146.5016
20
72.3788
30
0
0
VERTEX
8
Visible
10
146.4992
20
72.3617
30
0
0
VERTEX
8
Visible
10
146.4968
20
72.3447
30
0
0
VERTEX
8
Visible
10
146.4942
20
72.3276
30
0
0
VERTEX
8
Visible
10
146.4915
20
72.3105
30
0
0
VERTEX
8
Visible
10
146.4887
20
72.2934
30
0
0
VERTEX
8
Visible
10
146.4857
20
72.2763
30
0
0
VERTEX
8
Visible
10
146.4826
20
72.2592
30
0
0
VERTEX
8
Visible
10
146.4794
20
72.2421
30
0
0
VERTEX
8
Visible
10
146.4760
20
72.2250
30
0
0
VERTEX
8
Visible
10
146.4725
20
72.2078
30
0
0
VERTEX
8
Visible
10
146.4689
20
72.1907
30
0
0
VERTEX
8
Visible
10
146.4652
20
72.1736
30
0
0
VERTEX
8
Visible
10
146.4613
20
72.1564
30
0
0
VERTEX
8
Visible
10
146.4573
20
72.1393
30
0
0
VERTEX
8
Visible
10
146.4532
20
72.1222
30
0
0
VERTEX
8
Visible
10
146.4489
20
72.1050
30
0
0
VERTEX
8
Visible
10
146.4445
20
72.0879
30
0
0
VERTEX
8
Visible
10
146.4400
20
72.0708
30
0
0
VERTEX
8
Visible
10
146.4354
20
72.0537
30
0
0
VERTEX
8
Visible
10
146.4306
20
72.0365
30
0
0
VERTEX
8
Visible
10
146.4257
20
72.0194
30
0
0
VERTEX
8
Visible
10
146.4207
20
72.0023
30
0
0
VERTEX
8
Visible
10
146.4155
20
71.9852
30
0
0
VERTEX
8
Visible
10
146.4103
20
71.9681
30
0
0
VERTEX
8
Visible
10
146.4049
20
71.9510
30
0
0
VERTEX
8
Visible
10
146.3993
20
71.9340
30
0
0
VERTEX
8
Visible
10
146.3937
20
71.9169
30
0
0
VERTEX
8
Visible
10
146.3879
20
71.8998
30
0
0
VERTEX
8
Visible
10
146.3820
20
71.8828
30
0
0
VERTEX
8
Visible
10
146.3760
20
71.8658
30
0
0
VERTEX
8
Visible
10
146.3698
20
71.8488
30
0
0
VERTEX
8
Visible
10
146.3635
20
71.8318
30
0
0
VERTEX
8
Visible
10
146.3571
20
71.8148
30
0
0
VERTEX
8
Visible
10
146.3506
20
71.7978
30
0
0
VERTEX
8
Visible
10
146.3439
20
71.7809
30
0
0
VERTEX
8
Visible
10
146.3372
20
71.7640
30
0
0
VERTEX
8
Visible
10
146.3303
20
71.7471
30
0
0
VERTEX
8
Visible
10
146.3232
20
71.7302
30
0
0
VERTEX
8
Visible
10
146.3161
20
71.7134
30
0
0
VERTEX
8
Visible
10
146.3088
20
71.6965
30
0
0
VERTEX
8
Visible
10
146.3014
20
71.6797
30
0
0
VERTEX
8
Visible
10
146.2939
20
71.6629
30
0
0
VERTEX
8
Visible
10
146.2862
20
71.6462
30
0
0
VERTEX
8
Visible
10
146.2785
20
71.6294
30
0
0
VERTEX
8
Visible
10
146.2706
20
71.6127
30
0
0
VERTEX
8
Visible
10
146.2626
20
71.5960
30
0
0
VERTEX
8
Visible
10
146.2544
20
71.5794
30
0
0
VERTEX
8
Visible
10
146.2462
20
71.5628
30
0
0
VERTEX
8
Visible
10
146.2378
20
71.5462
30
0
0
VERTEX
8
Visible
10
146.2293
20
71.5296
30
0
0
VERTEX
8
Visible
10
146.2207
20
71.5131
30
0
0
VERTEX
8
Visible
10
146.2119
20
71.4966
30
0
0
VERTEX
8
Visible
10
146.2030
20
71.4802
30
0
0
VERTEX
8
Visible
10
146.1940
20
71.4638
30
0
0
VERTEX
8
Visible
10
146.1849
20
71.4474
30
0
0
VERTEX
8
Visible
10
146.1757
20
71.4310
30
0
0
VERTEX
8
Visible
10
146.1663
20
71.4147
30
0
0
VERTEX
8
Visible
10
146.1569
20
71.3985
30
0
0
VERTEX
8
Visible
10
146.1473
20
71.3823
30
0
0
VERTEX
8
Visible
10
146.1375
20
71.3661
30
0
0
VERTEX
8
Visible
10
146.1277
20
71.3499
30
0
0
VERTEX
8
Visible
10
146.1177
20
71.3338
30
0
0
VERTEX
8
Visible
10
146.1077
20
71.3178
30
0
0
VERTEX
8
Visible
10
146.0975
20
71.3018
30
0
0
VERTEX
8
Visible
10
146.0871
20
71.2858
30
0
0
VERTEX
8
Visible
10
146.0767
20
71.2699
30
0
0
VERTEX
8
Visible
10
146.0662
20
71.2540
30
0
0
VERTEX
8
Visible
10
146.0555
20
71.2382
30
0
0
VERTEX
8
Visible
10
146.0447
20
71.2224
30
0
0
VERTEX
8
Visible
10
146.0338
20
71.2067
30
0
0
VERTEX
8
Visible
10
146.0227
20
71.1911
30
0
0
VERTEX
8
Visible
10
146.0116
20
71.1754
30
0
0
VERTEX
8
Visible
10
146.0003
20
71.1599
30
0
0
VERTEX
8
Visible
10
145.9890
20
71.1444
30
0
0
VERTEX
8
Visible
10
145.9775
20
71.1290
30
0
0
VERTEX
8
Visible
10
145.9659
20
71.1136
30
0
0
VERTEX
8
Visible
10
145.9542
20
71.0983
30
0
0
VERTEX
8
Visible
10
145.9424
20
71.0831
30
0
0
VERTEX
8
Visible
10
145.9304
20
71.0679
30
0
0
VERTEX
8
Visible
10
145.9184
20
71.0528
30
0
0
VERTEX
8
Visible
10
145.9062
20
71.0378
30
0
0
VERTEX
8
Visible
10
145.8939
20
71.0228
30
0
0
VERTEX
8
Visible
10
145.8815
20
71.0079
30
0
0
VERTEX
8
Visible
10
145.8691
20
70.9931
30
0
0
VERTEX
8
Visible
10
145.8564
20
70.9783
30
0
0
VERTEX
8
Visible
10
145.8437
20
70.9636
30
0
0
VERTEX
8
Visible
10
145.8309
20
70.9490
30
0
0
VERTEX
8
Visible
10
145.8180
20
70.9345
30
0
0
VERTEX
8
Visible
10
145.8049
20
70.9200
30
0
0
VERTEX
8
Visible
10
145.7918
20
70.9056
30
0
0
VERTEX
8
Visible
10
145.7785
20
70.8913
30
0
0
VERTEX
8
Visible
10
145.7651
20
70.8771
30
0
0
VERTEX
8
Visible
10
145.7517
20
70.8629
30
0
0
VERTEX
8
Visible
10
145.7381
20
70.8489
30
0
0
VERTEX
8
Visible
10
145.7244
20
70.8349
30
0
0
VERTEX
8
Visible
10
145.7106
20
70.8210
30
0
0
VERTEX
8
Visible
10
145.6967
20
70.8071
30
0
0
VERTEX
8
Visible
10
145.6827
20
70.7934
30
0
0
VERTEX
8
Visible
10
145.6686
20
70.7797
30
0
0
VERTEX
8
Visible
10
145.6543
20
70.7662
30
0
0
VERTEX
8
Visible
10
145.6400
20
70.7527
30
0
0
VERTEX
8
Visible
10
145.6256
20
70.7393
30
0
0
VERTEX
8
Visible
10
145.6110
20
70.7260
30
0
0
VERTEX
8
Visible
10
145.5964
20
70.7128
30
0
0
VERTEX
8
Visible
10
145.5817
20
70.6997
30
0
0
VERTEX
8
Visible
10
145.5668
20
70.6867
30
0
0
VERTEX
8
Visible
10
145.5519
20
70.6738
30
0
0
VERTEX
8
Visible
10
145.5368
20
70.6609
30
0
0
VERTEX
8
Visible
10
145.5217
20
70.6482
30
0
0
VERTEX
8
Visible
10
145.5064
20
70.6356
30
0
0
VERTEX
8
Visible
10
145.4911
20
70.6231
30
0
0
VERTEX
8
Visible
10
145.4757
20
70.6107
30
0
0
VERTEX
8
Visible
10
145.4601
20
70.5984
30
0
0
VERTEX
8
Visible
10
145.4445
20
70.5862
30
0
0
VERTEX
8
Visible
10
145.4288
20
70.5741
30
0
0
VERTEX
8
Visible
10
145.4131
20
70.5621
30
0
0
VERTEX
8
Visible
10
145.3972
20
70.5503
30
0
0
VERTEX
8
Visible
10
145.3812
20
70.5385
30
0
0
VERTEX
8
Visible
10
145.3652
20
70.5269
30
0
0
VERTEX
8
Visible
10
145.3491
20
70.5154
30
0
0
VERTEX
8
Visible
10
145.3328
20
70.5040
30
0
0
VERTEX
8
Visible
10
145.3165
20
70.4927
30
0
0
VERTEX
8
Visible
10
145.3002
20
70.4816
30
0
0
VERTEX
8
Visible
10
145.2837
20
70.4706
30
0
0
VERTEX
8
Visible
10
145.2671
20
70.4597
30
0
0
VERTEX
8
Visible
10
145.2505
20
70.4489
30
0
0
VERTEX
8
Visible
10
145.2338
20
70.4382
30
0
0
VERTEX
8
Visible
10
145.2170
20
70.4277
30
0
0
VERTEX
8
Visible
10
145.2001
20
70.4173
30
0
0
VERTEX
8
Visible
10
145.1832
20
70.4070
30
0
0
VERTEX
8
Visible
10
145.1662
20
70.3969
30
0
0
VERTEX
8
Visible
10
145.1491
20
70.3869
30
0
0
VERTEX
8
Visible
10
145.1319
20
70.3770
30
0
0
VERTEX
8
Visible
10
145.1146
20
70.3672
30
0
0
VERTEX
8
Visible
10
145.0973
20
70.3576
30
0
0
VERTEX
8
Visible
10
145.0799
20
70.3481
30
0
0
VERTEX
8
Visible
10
145.0624
20
70.3388
30
0
0
VERTEX
8
Visible
10
145.0449
20
70.3296
30
0
0
VERTEX
8
Visible
10
145.0272
20
70.3205
30
0
0
VERTEX
8
Visible
10
145.0095
20
70.3115
30
0
0
VERTEX
8
Visible
10
144.9918
20
70.3028
30
0
0
VERTEX
8
Visible
10
144.9739
20
70.2941
30
0
0
VERTEX
8
Visible
10
144.9561
20
70.2856
30
0
0
VERTEX
8
Visible
10
144.9381
20
70.2773
30
0
0
VERTEX
8
Visible
10
144.9201
20
70.2691
30
0
0
VERTEX
8
Visible
10
144.9021
20
70.2610
30
0
0
VERTEX
8
Visible
10
144.8840
20
70.2531
30
0
0
VERTEX
8
Visible
10
144.8659
20
70.2454
30
0
0
VERTEX
8
Visible
10
144.8477
20
70.2378
30
0
0
VERTEX
8
Visible
10
144.8295
20
70.2304
30
0
0
VERTEX
8
Visible
10
144.8112
20
70.2231
30
0
0
VERTEX
8
Visible
10
144.7929
20
70.2160
30
0
0
VERTEX
8
Visible
10
144.7746
20
70.2091
30
0
0
VERTEX
8
Visible
10
144.7562
20
70.2023
30
0
0
VERTEX
8
Visible
10
144.7377
20
70.1957
30
0
0
VERTEX
8
Visible
10
144.7193
20
70.1892
30
0
0
VERTEX
8
Visible
10
144.7008
20
70.1829
30
0
0
VERTEX
8
Visible
10
144.6822
20
70.1768
30
0
0
VERTEX
8
Visible
10
144.6636
20
70.1708
30
0
0
VERTEX
8
Visible
10
144.6450
20
70.1650
30
0
0
VERTEX
8
Visible
10
144.6264
20
70.1593
30
0
0
VERTEX
8
Visible
10
144.6077
20
70.1538
30
0
0
VERTEX
8
Visible
10
144.5890
20
70.1485
30
0
0
VERTEX
8
Visible
10
144.5703
20
70.1434
30
0
0
VERTEX
8
Visible
10
144.5515
20
70.1384
30
0
0
VERTEX
8
Visible
10
144.5327
20
70.1336
30
0
0
VERTEX
8
Visible
10
144.5139
20
70.1290
30
0
0
VERTEX
8
Visible
10
144.4950
20
70.1245
30
0
0
VERTEX
8
Visible
10
144.4762
20
70.1202
30
0
0
VERTEX
8
Visible
10
144.4573
20
70.1161
30
0
0
VERTEX
8
Visible
10
144.4384
20
70.1122
30
0
0
VERTEX
8
Visible
10
144.4194
20
70.1084
30
0
0
VERTEX
8
Visible
10
144.4005
20
70.1048
30
0
0
VERTEX
8
Visible
10
144.3815
20
70.1014
30
0
0
VERTEX
8
Visible
10
144.3626
20
70.0982
30
0
0
VERTEX
8
Visible
10
144.3436
20
70.0952
30
0
0
VERTEX
8
Visible
10
144.3246
20
70.0923
30
0
0
VERTEX
8
Visible
10
144.3057
20
70.0896
30
0
0
VERTEX
8
Visible
10
144.2867
20
70.0871
30
0
0
VERTEX
8
Visible
10
144.2678
20
70.0848
30
0
0
VERTEX
8
Visible
10
144.2488
20
70.0827
30
0
0
VERTEX
8
Visible
10
144.2299
20
70.0807
30
0
0
VERTEX
8
Visible
10
144.2110
20
70.0789
30
0
0
VERTEX
8
Visible
10
144.1921
20
70.0774
30
0
0
VERTEX
8
Visible
10
144.1732
20
70.0760
30
0
0
VERTEX
8
Visible
10
144.1543
20
70.0747
30
0
0
VERTEX
8
Visible
10
144.1354
20
70.0737
30
0
0
VERTEX
8
Visible
10
144.1166
20
70.0729
30
0
0
VERTEX
8
Visible
10
144.0978
20
70.0722
30
0
0
VERTEX
8
Visible
10
144.0790
20
70.0718
30
0
0
VERTEX
8
Visible
10
144.0602
20
70.0715
30
0
0
VERTEX
8
Visible
10
144.0415
20
70.0714
30
0
0
SEQEND
8
Visible
0
POLYLINE
8
Visible
66
1
70
0
10
0
20
0
30
0
0
VERTEX
8
Visible
10
140.3908
20
70.0714
30
0
0
VERTEX
8
Visible
10
140.3734
20
70.0715
30
0
0
VERTEX
8
Visible
10
140.3561
20
70.0717
30
0
0
VERTEX
8
Visible
10
140.3388
20
70.0722
30
0
0
VERTEX
8
Visible
10
140.3216
20
70.0729
30
0
0
VERTEX
8
Visible
10
140.3044
20
70.0737
30
0
0
VERTEX
8
Visible
10
140.2873
20
70.0747
30
0
0
VERTEX
8
Visible
10
140.2702
20
70.0759
30
0
0
VERTEX
8
Visible
10
140.2532
20
70.0773
30
0
0
VERTEX
8
Visible
10
140.2363
20
70.0788
30
0
0
VERTEX
8
Visible
10
140.2194
20
70.0806
30
0
0
VERTEX
8
Visible
10
140.2026
20
70.0825
30
0
0
VERTEX
8
Visible
10
140.1859
20
70.0846
30
0
0
VERTEX
8
Visible
10
140.1692
20
70.0869
30
0
0
VERTEX
8
Visible
10
140.1526
20
70.0894
30
0
0
VERTEX
8
Visible
10
140.1361
20
70.0920
30
0
0
VERTEX
8
Visible
10
140.1196
20
70.0948
30
0
0
VERTEX
8
Visible
10
140.1032
20
70.0978
30
0
0
VERTEX
8
Visible
10
140.0869
20
70.1010
30
0
0
VERTEX
8
Visible
10
140.0707
20
70.1043
30
0
0
VERTEX
8
Visible
10
140.0545
20
70.1079
30
0
0
VERTEX
8
Visible
10
140.0384
20
70.1115
30
0
0
VERTEX
8
Visible
10
140.0225
20
70.1154
30
0
0
VERTEX
8
Visible
10
140.0066
20
70.1194
30
0
0
VERTEX
8
Visible
10
139.9908
20
70.1236
30
0
0
VERTEX
8
Visible
10
139.9750
20
70.1280
30
0
0
VERTEX
8
Visible
10
139.9594
20
70.1325
30
0
0
VERTEX
8
Visible
10
139.9439
20
70.1372
30
0
0
VERTEX
8
Visible
10
139.9284
20
70.1421
30
0
0
VERTEX
8
Visible
10
139.9131
20
70.1471
30
0
0
VERTEX
8
Visible
10
139.8978
20
70.1523
30
0
0
VERTEX
8
Visible
10
139.8826
20
70.1577
30
0
0
VERTEX
8
Visible
10
139.8676
20
70.1632
30
0
0
VERTEX
8
Visible
10
139.8526
20
70.1689
30
0
0
VERTEX
8
Visible
10
139.8377
20
70.1747
30
0
0
VERTEX
8
Visible
10
139.8229
20
70.1808
30
0
0
VERTEX
8
Visible
10
139.8082
20
70.1869
30
0
0
VERTEX
8
Visible
10
139.7936
20
70.1932
30
0
0
VERTEX
8
Visible
10
139.7791
20
70.1997
30
0
0
VERTEX
8
Visible
10
139.7647
20
70.2063
30
0
0
VERTEX
8
Visible
10
139.7504
20
70.2131
30
0
0
VERTEX
8
Visible
10
139.7362
20
70.2201
30
0
0
VERTEX
8
Visible
10
139.7221
20
70.2272
30
0
0
VERTEX
8
Visible
10
139.7081
20
70.2344
30
0
0
VERTEX
8
Visible
10
139.6942
20
70.2418
30
0
0
VERTEX
8
Visible
10
139.6804
20
70.2494
30
0
0
VERTEX
8
Visible
10
139.6668
20
70.2571
30
0
0
VERTEX
8
Visible
10
139.6532
20
70.2649
30
0
0
VERTEX
8
Visible
10
139.6398
20
70.2729
30
0
0
VERTEX
8
Visible
10
139.6264
20
70.2810
30
0
0
VERTEX
8
Visible
10
139.6132
20
70.2892
30
0
0
VERTEX
8
Visible
10
139.6001
20
70.2976
30
0
0
VERTEX
8
Visible
10
139.5871
20
70.3061
30
0
0
VERTEX
8
Visible
10
139.5743
20
70.3148
30
0
0
VERTEX
8
Visible
10
139.5615
20
70.3236
30
0
0
VERTEX
8
Visible
10
139.5489
20
70.3325
30
0
0
VERTEX
8
Visible
10
139.5364
20
70.3416
30
0
0
VERTEX
8
Visible
10
139.5240
20
70.3508
30
0
0
VERTEX
8
Visible
10
139.5117
20
70.3601
30
0
0
VERTEX
8
Visible
10
139.4995
20
70.3696
30
0
0
VERTEX
8
Visible
10
139.4875
20
70.3792
30
0
0
VERTEX
8
Visible
10
139.4756
20
70.3889
30
0
0
VERTEX
8
Visible
10
139.4638
20
70.3987
30
0
0
VERTEX
8
Visible
10
139.4521
20
70.4087
30
0
0
VERTEX
8
Visible
10
139.4405
20
70.4188
30
0
0
VERTEX
8
Visible
10
139.4291
20
70.4290
30
0
0
VERTEX
8
Visible
10
139.4177
20
70.4394
30
0
0
VERTEX
8
Visible
10
139.4065
20
70.4498
30
0
0
VERTEX
8
Visible
10
139.3955
20
70.4604
30
0
0
VERTEX
8
Visible
10
139.3845
20
70.4711
30
0
0
VERTEX
8
Visible
10
139.3737
20
70.4819
30
0
0
VERTEX
8
Visible
10
139.3629
20
70.4929
30
0
0
VERTEX
8
Visible
10
139.3523
20
70.5039
30
0
0
VERTEX
8
Visible
10
139.3419
20
70.5151
30
0
0
VERTEX
8
Visible
10
139.3315
20
70.5264
30
0
0
VERTEX
8
Visible
10
139.3213
20
70.5378
30
0
0
VERTEX
8
Visible
10
139.3112
20
70.5493
30
0
0
VERTEX
8
Visible
10
139.3012
20
70.5609
30
0
0
VERTEX
8
Visible
10
139.2914
20
70.5727
30
0
0
VERTEX
8
Visible
10
139.2816
20
70.5845
30
0
0
VERTEX
8
Visible
10
139.2720
20
70.5965
30
0
0
VERTEX
8
Visible
10
139.2625
20
70.6085
30
0
0
VERTEX
8
Visible
10
139.2532
20
70.6207
30
0
0
VERTEX
8
Visible
10
139.2440
20
70.6329
30
0
0
VERTEX
8
Visible
10
139.2349
20
70.6453
30
0
0
VERTEX
8
Visible
10
139.2259
20
70.6578
30
0
0
VERTEX
8
Visible
10
139.2171
20
70.6703
30
0
0
VERTEX
8
Visible
10
139.2084
20
70.6830
30
0
0
VERTEX
8
Visible
10
139.1998
20
70.6957
30
0
0
VERTEX
8
Visible
10
139.1914
20
70.7086
30
0
0
VERTEX
8
Visible
10
139.1830
20
70.7215
30
0
0
VERTEX
8
Visible
10
139.1749
20
70.7345
30
0
0
VERTEX
8
Visible
10
139.1668
20
70.7476
30
0
0
VERTEX
8
Visible
10
139.1589
20
70.7608
30
0
0
VERTEX
8
Visible
10
139.1511
20
70.7741
30
0
0
VERTEX
8
Visible
10
139.1435
20
70.7875
30
0
0
VERTEX
8
Visible
10
139.1359
20
70.8009
30
0
0
VERTEX
8
Visible
10
139.1285
20
70.8145
30
0
0
VERTEX
8
Visible
10
139.1213
20
70.8281
30
0
0
VERTEX
8
Visible
10
139.1142
20
70.8418
30
0
0
VERTEX
8
Visible
10
139.1072
20
70.8556
30
0
0
VERTEX
8
Visible
10
139.1003
20
70.8694
30
0
0
VERTEX
8
Visible
10
139.0936
20
70.8834
30
0
0
VERTEX
8
Visible
10
139.0870
20
70.8974
30
0
0
VERTEX
8
Visible
10
139.0805
20
70.9115
30
0
0
VERTEX
8
Visible
10
139.0742
20
70.9257
30
0
0
VERTEX
8
Visible
10
139.0680
20
70.9400
30
0
0
VERTEX
8
Visible
10
139.0619
20
70.9543
30
0
0
VERTEX
8
Visible
10
139.0559
20
70.9687
30
0
0
VERTEX
8
Visible
10
139.0501
20
70.9832
30
0
0
VERTEX
8
Visible
10
139.0444
20
70.9977
30
0
0
VERTEX
8
Visible
10
139.0389
20
71.0123
30
0
0
VERTEX
8
Visible
10
139.0335
20
71.0270
30
0
0
VERTEX
8
Visible
10
139.0282
20
71.0418
30
0
0
VERTEX
8
Visible
10
139.0230
20
71.0566
30
0
0
VERTEX
8
Visible
10
139.0180
20
71.0715
30
0
0
VERTEX
8
Visible
10
139.0131
20
71.0865
30
0
0
VERTEX
8
Visible
10
139.0084
20
71.1015
30
0
0
VERTEX
8
Visible
10
139.0038
20
71.1166
30
0
0
VERTEX
8
Visible
10
138.9993
20
71.1317
30
0
0
VERTEX
8
Visible
10
138.9949
20
71.1470
30
0
0
VERTEX
8
Visible
10
138.9907
20
71.1622
30
0
0
VERTEX
8
Visible
10
138.9866
20
71.1776
30
0
0
VERTEX
8
Visible
10
138.9826
20
71.1930
30
0
0
VERTEX
8
Visible
10
138.9788
20
71.2084
30
0
0
VERTEX
8
Visible
10
138.9751
20
71.2239
30
0
0
VERTEX
8
Visible
10
138.9715
20
71.2395
30
0
0
VERTEX
8
Visible
10
138.9681
20
71.2551
30
0
0
VERTEX
8
Visible
10
138.9648
20
71.2708
30
0
0
VERTEX
8
Visible
10
138.9616
20
71.2865
30
0
0
VERTEX
8
Visible
10
138.9586
20
71.3023
30
0
0
VERTEX
8
Visible
10
138.9557
20
71.3182
30
0
0
VERTEX
8
Visible
10
138.9529
20
71.3340
30
0
0
VERTEX
8
Visible
10
138.9503
20
71.3500
30
0
0
VERTEX
8
Visible
10
138.9477
20
71.3659
30
0
0
VERTEX
8
Visible
10
138.9454
20
71.3820
30
0
0
VERTEX
8
Visible
10
138.9431
20
71.3980
30
0
0
VERTEX
8
Visible
10
138.9410
20
71.4141
30
0
0
VERTEX
8
Visible
10
138.9390
20
71.4303
30
0
0
VERTEX
8
Visible
10
138.9372
20
71.4465
30
0
0
VERTEX
8
Visible
10
138.9355
20
71.4627
30
0
0
VERTEX
8
Visible
10
138.9339
20
71.4790
30
0
0
VERTEX
8
Visible
10
138.9325
20
71.4953
30
0
0
VERTEX
8
Visible
10
138.9311
20
71.5116
30
0
0
VERTEX
8
Visible
10
138.9299
20
71.5280
30
0
0
VERTEX
8
Visible
10
138.9289
20
71.5445
30
0
0
VERTEX
8
Visible
10
138.9280
20
71.5609
30
0
0
VERTEX
8
Visible
10
138.9272
20
71.5774
30
0
0
VERTEX
8
Visible
10
138.9265
20
71.5939
30
0
0
VERTEX
8
Visible
10
138.9260
20
71.6105
30
0
0
VERTEX
8
Visible
10
138.9256
20
71.6271
30
0
0
VERTEX
8
Visible
10
138.9253
20
71.6437
30
0
0
VERTEX
8
Visible
10
138.9252
20
71.6603
30
0
0
VERTEX
8
Visible
10
138.9252
20
71.6770
30
0
0
VERTEX
8
Visible
10
138.9253
20
71.6937
30
0
0
VERTEX
8
Visible
10
138.9256
20
71.7105
30
0
0
VERTEX
8
Visible
10
138.9260
20
71.7272
30
0
0
VERTEX
8
Visible
10
138.9265
20
71.7440
30
0
0
VERTEX
8
Visible
10
138.9271
20
71.7608
30
0
0
VERTEX
8
Visible
10
138.9279
20
71.7777
30
0
0
VERTEX
8
Visible
10
138.9288
20
71.7945
30
0
0
VERTEX
8
Visible
10
138.9299
20
71.8114
30
0
0
VERTEX
8
Visible
10
138.9310
20
71.8283
30
0
0
VERTEX
8
Visible
10
138.9323
20
71.8453
30
0
0
VERTEX
8
Visible
10
138.9338
20
71.8622
30
0
0
VERTEX
8
Visible
10
138.9353
20
71.8792
30
0
0
VERTEX
8
Visible
10
138.9370
20
71.8962
30
0
0
VERTEX
8
Visible
10
138.9388
20
71.9132
30
0
0
VERTEX
8
Visible
10
138.9408
20
71.9302
30
0
0
VERTEX
8
Visible
10
138.9429
20
71.9472
30
0
0
VERTEX
8
Visible
10
138.9451
20
71.9643
30
0
0
VERTEX
8
Visible
10
138.9474
20
71.9813
30
0
0
VERTEX
8
Visible
10
138.9499
20
71.9984
30
0
0
VERTEX
8
Visible
10
138.9525
20
72.0155
30
0
0
VERTEX
8
Visible
10
138.9552
20
72.0326
30
0
0
VERTEX
8
Visible
10
138.9581
20
72.0497
30
0
0
VERTEX
8
Visible
10
138.9610
20
72.0668
30
0
0
VERTEX
8
Visible
10
138.9641
20
72.0839
30
0
0
VERTEX
8
Visible
10
138.9674
20
72.1011
30
0
0
VERTEX
8
Visible
10
138.9708
20
72.1182
30
0
0
VERTEX
8
Visible
10
138.9742
20
72.1353
30
0
0
VERTEX
8
Visible
10
138.9779
20
72.1525
30
0
0
VERTEX
8
Visible
10
138.9816
20
72.1696
30
0
0
VERTEX
8
Visible
10
138.9855
20
72.1868
30
0
0
VERTEX
8
Visible
10
138.9895
20
72.2040
30
0
0
VERTEX
8
Visible
10
138.9936
20
72.2211
30
0
0
VERTEX
8
Visible
10
138.9979
20
72.2383
30
0
0
VERTEX
8
Visible
10
139.0023
20
72.2555
30
0
0
VERTEX
8
Visible
10
139.0068
20
72.2726
30
0
0
VERTEX
8
Visible
10
139.0115
20
72.2898
30
0
0
VERTEX
8
Visible
10
139.0162
20
72.3069
30
0
0
VERTEX
8
Visible
10
139.0211
20
72.3241
30
0
0
VERTEX
8
Visible
10
139.0262
20
72.3412
30
0
0
VERTEX
8
Visible
10
139.0313
20
72.3584
30
0
0
VERTEX
8
Visible
10
139.0366
20
72.3755
30
0
0
VERTEX
8
Visible
10
139.0420
20
72.3927
30
0
0
VERTEX
8
Visible
10
139.0475
20
72.4098
30
0
0
VERTEX
8
Visible
10
139.0532
20
72.4269
30
0
0
VERTEX
8
Visible
10
139.0590
20
72.4440
30
0
0
VERTEX
8
Visible
10
139.0649
20
72.4611
30
0
0
VERTEX
8
Visible
10
139.0709
20
72.4782
30
0
0
VERTEX
8
Visible
10
139.0771
20
72.4952
30
0
0
VERTEX
8
Visible
10
139.0834
20
72.5123
30
0
0
VERTEX
8
Visible
10
139.0898
20
72.5293
30
0
0
VERTEX
8
Visible
10
139.0963
20
72.5464
30
0
0
VERTEX
8
Visible
10
139.1030
20
72.5634
30
0
0
VERTEX
8
Visible
10
139.1098
20
72.5803
30
0
0
VERTEX
8
Visible
10
139.1167
20
72.5973
30
0
0
VERTEX
8
Visible
10
139.1237
20
72.6143
30
0
0
VERTEX
8
Visible
10
139.1309
20
72.6312
30
0
0
VERTEX
8
Visible
10
139.1382
20
72.6481
30
0
0
VERTEX
8
Visible
10
139.1456
20
72.6650
30
0
0
VERTEX
8
Visible
10
139.1531
20
72.6819
30
0
0
VERTEX
8
Visible
10
139.1608
20
72.6987
30
0
0
VERTEX
8
Visible
10
139.1685
20
72.7155
30
0
0
VERTEX
8
Visible
10
139.1764
20
72.7323
30
0
0
VERTEX
8
Visible
10
139.1845
20
72.7491
30
0
0
VERTEX
8
Visible
10
139.1926
20
72.7658
30
0
0
VERTEX
8
Visible
10
139.2009
20
72.7825
30
0
0
VERTEX
8
Visible
10
139.2093
20
72.7992
30
0
0
VERTEX
8
Visible
10
139.2178
20
72.8158
30
0
0
VERTEX
8
Visible
10
139.2264
20
72.8324
30
0
0
VERTEX
8
Visible
10
139.2352
20
72.8490
30
0
0
VERTEX
8
Visible
10
139.2440
20
72.8656
30
0
0
VERTEX
8
Visible
10
139.2530
20
72.8821
30
0
0
VERTEX
8
Visible
10
139.2621
20
72.8985
30
0
0
VERTEX
8
Visible
10
139.2714
20
72.9150
30
0
0
VERTEX
8
Visible
10
139.2807
20
72.9314
30
0
0
VERTEX
8
Visible
10
139.2902
20
72.9478
30
0
0
VERTEX
8
Visible
10
139.2998
20
72.9641
30
0
0
VERTEX
8
Visible
10
139.3096
20
72.9804
30
0
0
VERTEX
8
Visible
10
139.3194
20
72.9966
30
0
0
VERTEX
8
Visible
10
139.3294
20
73.0128
30
0
0
VERTEX
8
Visible
10
139.3394
20
73.0290
30
0
0
VERTEX
8
Visible
10
139.3496
20
73.0451
30
0
0
VERTEX
8
Visible
10
139.3600
20
73.0612
30
0
0
VERTEX
8
Visible
10
139.3704
20
73.0772
30
0
0
VERTEX
8
Visible
10
139.3810
20
73.0932
30
0
0
VERTEX
8
Visible
10
139.3916
20
73.1091
30
0
0
VERTEX
8
Visible
10
139.4024
20
73.1250
30
0
0
VERTEX
8
Visible
10
139.4134
20
73.1408
30
0
0
VERTEX
8
Visible
10
139.4244
20
73.1566
30
0
0
VERTEX
8
Visible
10
139.4355
20
73.1723
30
0
0
VERTEX
8
Visible
10
139.4468
20
73.1880
30
0
0
VERTEX
8
Visible
10
139.4582
20
73.2036
30
0
0
VERTEX
8
Visible
10
139.4697
20
73.2191
30
0
0
VERTEX
8
Visible
10
139.4813
20
73.2346
30
0
0
VERTEX
8
Visible
10
139.4930
20
73.2501
30
0
0
VERTEX
8
Visible
10
139.5048
20
73.2654
30
0
0
VERTEX
8
Visible
10
139.5168
20
73.2807
30
0
0
VERTEX
8
Visible
10
139.5288
20
73.2960
30
0
0
VERTEX
8
Visible
10
139.5410
20
73.3112
30
0
0
VERTEX
8
Visible
10
139.5533
20
73.3263
30
0
0
VERTEX
8
Visible
10
139.5657
20
73.3413
30
0
0
VERTEX
8
Visible
10
139.5782
20
73.3563
30
0
0
VERTEX
8
Visible
10
139.5908
20
73.3712
30
0
0
VERTEX
8
Visible
10
139.6035
20
73.3861
30
0
0
VERTEX
8
Visible
10
139.6164
20
73.4008
30
0
0
VERTEX
8
Visible
10
139.6293
20
73.4155
30
0
0
VERTEX
8
Visible
10
139.6424
20
73.4301
30
0
0
VERTEX
8
Visible
10
139.6555
20
73.4447
30
0
0
VERTEX
8
Visible
10
139.6688
20
73.4592
30
0
0
VERTEX
8
Visible
10
139.6822
20
73.4735
30
0
0
VERTEX
8
Visible
10
139.6957
20
73.4879
30
0
0
VERTEX
8
Visible
10
139.7093
20
73.5021
30
0
0
VERTEX
8
Visible
10
139.7230
20
73.5162
30
0
0
VERTEX
8
Visible
10
139.7368
20
73.5303
30
0
0
VERTEX
8
Visible
10
139.7507
20
73.5443
30
0
0
VERTEX
8
Visible
10
139.7647
20
73.5582
30
0
0
VERTEX
8
Visible
10
139.7788
20
73.5720
30
0
0
VERTEX
8
Visible
10
139.7931
20
73.5857
30
0
0
VERTEX
8
Visible
10
139.8074
20
73.5993
30
0
0
VERTEX
8
Visible
10
139.8218
20
73.6129
30
0
0
VERTEX
8
Visible
10
139.8364
20
73.6264
30
0
0
VERTEX
8
Visible
10
139.8510
20
73.6397
30
0
0
VERTEX
8
Visible
10
139.8658
20
73.6530
30
0
0
VERTEX
8
Visible
10
139.8806
20
73.6661
30
0
0
VERTEX
8
Visible
10
139.8956
20
73.6792
30
0
0
VERTEX
8
Visible
10
139.9106
20
73.6922
30
0
0
VERTEX
8
Visible
10
139.9257
20
73.7050
30
0
0
VERTEX
8
Visible
10
139.9409
20
73.7178
30
0
0
VERTEX
8
Visible
10
139.9562
20
73.7304
30
0
0
VERTEX
8
Visible
10
139.9716
20
73.7429
30
0
0
VERTEX
8
Visible
10
139.9871
20
73.7554
30
0
0
VERTEX
8
Visible
10
140.0026
20
73.7677
30
0
0
VERTEX
8
Visible
10
140.0183
20
73.7799
30
0
0
VERTEX
8
Visible
10
140.0340
20
73.7919
30
0
0
VERTEX
8
Visible
10
140.0498
20
73.8039
30
0
0
VERTEX
8
Visible
10
140.0657
20
73.8157
30
0
0
VERTEX
8
Visible
10
140.0817
20
73.8275
30
0
0
VERTEX
8
Visible
10
140.0978
20
73.8391
30
0
0
VERTEX
8
Visible
10
140.1139
20
73.8505
30
0
0
VERTEX
8
Visible
10
140.1302
20
73.8619
30
0
0
VERTEX
8
Visible
10
140.1465
20
73.8731
30
0
0
VERTEX
8
Visible
10
140.1629
20
73.8843
30
0
0
VERTEX
8
Visible
10
140.1793
20
73.8952
30
0
0
VERTEX
8
Visible
10
140.1959
20
73.9061
30
0
0
VERTEX
8
Visible
10
140.2125
20
73.9168
30
0
0
VERTEX
8
Visible
10
140.2292
20
73.9274
30
0
0
VERTEX
8
Visible
10
140.2460
20
73.9379
30
0
0
VERTEX
8
Visible
10
140.2628
20
73.9482
30
0
0
VERTEX
8
Visible
10
140.2797
20
73.9584
30
0
0
VERTEX
8
Visible
10
140.2967
20
73.9685
30
0
0
VERTEX
8
Visible
10
140.3138
20
73.9784
30
0
0
VERTEX
8
Visible
10
140.3309
20
73.9882
30
0
0
VERTEX
8
Visible
10
140.3481
20
73.9979
30
0
0
VERTEX
8
Visible
10
140.3654
20
74.0074
30
0
0
VERTEX
8
Visible
10
140.3827
20
74.0168
30
0
0
VERTEX
8
Visible
10
140.4001
20
74.0260
30
0
0
VERTEX
8
Visible
10
140.4175
20
74.0350
30
0
0
VERTEX
8
Visible
10
140.4350
20
74.0439
30
0
0
VERTEX
8
Visible
10
140.4524
20
74.0527
30
0
0
VERTEX
8
Visible
10
140.4700
20
74.0613
30
0
0
VERTEX
8
Visible
10
140.4875
20
74.0697
30
0
0
VERTEX
8
Visible
10
140.5052
20
74.0780
30
0
0
VERTEX
8
Visible
10
140.5228
20
74.0861
30
0
0
VERTEX
8
Visible
10
140.5405
20
74.0940
30
0
0
VERTEX
8
Visible
10
140.5582
20
74.1018
30
0
0
VERTEX
8
Visible
10
140.5759
20
74.1094
30
0
0
VERTEX
8
Visible
10
140.5937
20
74.1169
30
0
0
VERTEX
8
Visible
10
140.6115
20
74.1241
30
0
0
VERTEX
8
Visible
10
140.6294
20
74.1313
30
0
0
VERTEX
8
Visible
10
140.6472
20
74.1382
30
0
0
VERTEX
8
Visible
10
140.6651
20
74.1450
30
0
0
VERTEX
8
Visible
10
140.6830
20
74.1517
30
0
0
VERTEX
8
Visible
10
140.7010
20
74.1581
30
0
0
VERTEX
8
Visible
10
140.7189
20
74.1644
30
0
0
VERTEX
8
Visible
10
140.7369
20
74.1705
30
0
0
VERTEX
8
Visible
10
140.7549
20
74.1765
30
0
0
VERTEX
8
Visible
10
140.7730
20
74.1822
30
0
0
VERTEX
8
Visible
10
140.7910
20
74.1878
30
0
0
VERTEX
8
Visible
10
140.8091
20
74.1933
30
0
0
VERTEX
8
Visible
10
140.8272
20
74.1985
30
0
0
VERTEX
8
Visible
10
140.8453
20
74.2036
30
0
0
VERTEX
8
Visible
10
140.8634
20
74.2085
30
0
0
VERTEX
8
Visible
10
140.8815
20
74.2132
30
0
0
VERTEX
8
Visible
10
140.8996
20
74.2178
30
0
0
VERTEX
8
Visible
10
140.9177
20
74.2222
30
0
0
VERTEX
8
Visible
10
140.9359
20
74.2263
30
0
0
VERTEX
8
Visible
10
140.9539
20
74.2303
30
0
0
VERTEX
8
Visible
10
140.9720
20
74.2341
30
0
0
VERTEX
8
Visible
10
140.9901
20
74.2378
30
0
0
VERTEX
8
Visible
10
141.0081
20
74.2412
30
0
0
VERTEX
8
Visible
10
141.0261
20
74.2445
30
0
0
VERTEX
8
Visible
10
141.0441
20
74.2475
30
0
0
VERTEX
8
Visible
10
141.0621
20
74.2504
30
0
0
VERTEX
8
Visible
10
141.0800
20
74.2531
30
0
0
VERTEX
8
Visible
10
141.0979
20
74.2556
30
0
0
VERTEX
8
Visible
10
141.1158
20
74.2580
30
0
0
VERTEX
8
Visible
10
141.1337
20
74.2601
30
0
0
VERTEX
8
Visible
10
141.1515
20
74.2621
30
0
0
VERTEX
8
Visible
10
141.1693
20
74.2638
30
0
0
VERTEX
8
Visible
10
141.1870
20
74.2654
30
0
0
VERTEX
8
Visible
10
141.2047
20
74.2668
30
0
0
VERTEX
8
Visible
10
141.2224
20
74.2680
30
0
0
VERTEX
8
Visible
10
141.2400
20
74.2691
30
0
0
VERTEX
8
Visible
10
141.2575
20
74.2699
30
0
0
VERTEX
8
Visible
10
141.2750
20
74.2705
30
0
0
VERTEX
8
Visible
10
141.2925
20
74.2710
30
0
0
VERTEX
8
Visible
10
141.3099
20
74.2713
30
0
0
VERTEX
8
Visible
10
141.3272
20
74.2714
30
0
0
SEQEND
8
Visible
0
POLYLINE
8
Visible
66
1
70
0
10
0
20
0
30
0
0
VERTEX
8
Visible
10
144.0415
20
70.0714
30
0
0
VERTEX
8
Visible
10
143.9890
20
70.0714
30
0
0
VERTEX
8
Visible
10
143.9365
20
70.0714
30
0
0
VERTEX
8
Visible
10
143.8841
20
70.0714
30
0
0
VERTEX
8
Visible
10
143.8317
20
70.0714
30
0
0
VERTEX
8
Visible
10
143.7793
20
70.0714
30
0
0
VERTEX
8
Visible
10
143.7270
20
70.0714
30
0
0
VERTEX
8
Visible
10
143.6747
20
70.0714
30
0
0
VERTEX
8
Visible
10
143.6224
20
70.0714
30
0
0
VERTEX
8
Visible
10
143.5702
20
70.0714
30
0
0
VERTEX
8
Visible
10
143.5181
20
70.0714
30
0
0
VERTEX
8
Visible
10
143.4659
20
70.0714
30
0
0
VERTEX
8
Visible
10
143.4139
20
70.0714
30
0
0
VERTEX
8
Visible
10
143.3618
20
70.0714
30
0
0
VERTEX
8
Visible
10
143.3099
20
70.0714
30
0
0
VERTEX
8
Visible
10
143.2579
20
70.0714
30
0
0
VERTEX
8
Visible
10
143.2061
20
70.0714
30
0
0
VERTEX
8
Visible
10
143.1543
20
70.0714
30
0
0
VERTEX
8
Visible
10
143.1025
20
70.0714
30
0
0
VERTEX
8
Visible
10
143.0508
20
70.0714
30
0
0
VERTEX
8
Visible
10
142.9991
20
70.0714
30
0
0
VERTEX
8
Visible
10
142.9475
20
70.0714
30
0
0
VERTEX
8
Visible
10
142.8960
20
70.0714
30
0
0
VERTEX
8
Visible
10
142.8445
20
70.0714
30
0
0
VERTEX
8
Visible
10
142.7930
20
70.0714
30
0
0
VERTEX
8
Visible
10
142.7417
20
70.0714
30
0
0
VERTEX
8
Visible
10
142.6903
20
70.0714
30
0
0
VERTEX
8
Visible
10
142.6390
20
70.0714
30
0
0
VERTEX
8
Visible
10
142.5878
20
70.0714
30
0
0
VERTEX
8
Visible
10
142.5367
20
70.0714
30
0
0
VERTEX
8
Visible
10
142.4855
20
70.0714
30
0
0
VERTEX
8
Visible
10
142.4345
20
70.0714
30
0
0
VERTEX
8
Visible
10
142.3835
20
70.0714
30
0
0
VERTEX
8
Visible
10
142.3325
20
70.0714
30
0
0
VERTEX
8
Visible
10
142.2816
20
70.0714
30
0
0
VERTEX
8
Visible
10
142.2308
20
70.0714
30
0
0
VERTEX
8
Visible
10
142.1800
20
70.0714
30
0
0
VERTEX
8
Visible
10
142.1293
20
70.0714
30
0
0
VERTEX
8
Visible
10
142.0786
20
70.0714
30
0
0
VERTEX
8
Visible
10
142.0280
20
70.0714
30
0
0
VERTEX
8
Visible
10
141.9775
20
70.0714
30
0
0
VERTEX
8
Visible
10
141.9270
20
70.0714
30
0
0
VERTEX
8
Visible
10
141.8765
20
70.0714
30
0
0
VERTEX
8
Visible
10
141.8261
20
70.0714
30
0
0
VERTEX
8
Visible
10
141.7758
20
70.0714
30
0
0
VERTEX
8
Visible
10
141.7255
20
70.0714
30
0
0
VERTEX
8
Visible
10
141.6753
20
70.0714
30
0
0
VERTEX
8
Visible
10
141.6252
20
70.0714
30
0
0
VERTEX
8
Visible
10
141.5751
20
70.0714
30
0
0
VERTEX
8
Visible
10
141.5250
20
70.0714
30
0
0
VERTEX
8
Visible
10
141.4751
20
70.0714
30
0
0
VERTEX
8
Visible
10
141.4252
20
70.0714
30
0
0
VERTEX
8
Visible
10
141.3753
20
70.0714
30
0
0
VERTEX
8
Visible
10
141.3255
20
70.0714
30
0
0
VERTEX
8
Visible
10
141.2758
20
70.0714
30
0
0
VERTEX
8
Visible
10
141.2261
20
70.0714
30
0
0
VERTEX
8
Visible
10
141.1765
20
70.0714
30
0
0
VERTEX
8
Visible
10
141.1269
20
70.0714
30
0
0
VERTEX
8
Visible
10
141.0774
20
70.0714
30
0
0
VERTEX
8
Visible
10
141.0280
20
70.0714
30
0
0
VERTEX
8
Visible
10
140.9786
20
70.0714
30
0
0
VERTEX
8
Visible
10
140.9293
20
70.0714
30
0
0
VERTEX
8
Visible
10
140.8800
20
70.0714
30
0
0
VERTEX
8
Visible
10
140.8308
20
70.0714
30
0
0
VERTEX
8
Visible
10
140.7817
20
70.0714
30
0
0
VERTEX
8
Visible
10
140.7326
20
70.0714
30
0
0
VERTEX
8
Visible
10
140.6836
20
70.0714
30
0
0
VERTEX
8
Visible
10
140.6346
20
70.0714
30
0
0
VERTEX
8
Visible
10
140.5857
20
70.0714
30
0
0
VERTEX
8
Visible
10
140.5369
20
70.0714
30
0
0
VERTEX
8
Visible
10
140.4882
20
70.0714
30
0
0
VERTEX
8
Visible
10
140.4395
20
70.0714
30
0
0
VERTEX
8
Visible
10
140.3908
20
70.0714
30
0
0
SEQEND
8
Visible
0
POLYLINE
8
Visible
66
1
70
0
10
0
20
0
30
0
0
VERTEX
8
Visible
10
141.3272
20
74.2714
30
0
0
VERTEX
8
Visible
10
141.3759
20
74.2714
30
0
0
VERTEX
8
Visible
10
141.4246
20
74.2714
30
0
0
VERTEX
8
Visible
10
141.4734
20
74.2714
30
0
0
VERTEX
8
Visible
10
141.5222
20
74.2714
30
0
0
VERTEX
8
Visible
10
141.5712
20
74.2714
30
0
0
VERTEX
8
Visible
10
141.6201
20
74.2714
30
0
0
VERTEX
8
Visible
10
141.6692
20
74.2714
30
0
0
VERTEX
8
Visible
10
141.7183
20
74.2714
30
0
0
VERTEX
8
Visible
10
141.7675
20
74.2714
30
0
0
VERTEX
8
Visible
10
141.8167
20
74.2714
30
0
0
VERTEX
8
Visible
10
141.8660
20
74.2714
30
0
0
VERTEX
8
Visible
10
141.9154
20
74.2714
30
0
0
VERTEX
8
Visible
10
141.9648
20
74.2714
30
0
0
VERTEX
8
Visible
10
142.0143
20
74.2714
30
0
0
VERTEX
8
Visible
10
142.0638
20
74.2714
30
0
0
VERTEX
8
Visible
10
142.1134
20
74.2714
30
0
0
VERTEX
8
Visible
10
142.1631
20
74.2714
30
0
0
VERTEX
8
Visible
10
142.2128
20
74.2714
30
0
0
VERTEX
8
Visible
10
142.2626
20
74.2714
30
0
0
VERTEX
8
Visible
10
142.3124
20
74.2714
30
0
0
VERTEX
8
Visible
10
142.3623
20
74.2714
30
0
0
VERTEX
8
Visible
10
142.4122
20
74.2714
30
0
0
VERTEX
8
Visible
10
142.4623
20
74.2714
30
0
0
VERTEX
8
Visible
10
142.5123
20
74.2714
30
0
0
VERTEX
8
Visible
10
142.5624
20
74.2714
30
0
0
VERTEX
8
Visible
10
142.6126
20
74.2714
30
0
0
VERTEX
8
Visible
10
142.6629
20
74.2714
30
0
0
VERTEX
8
Visible
10
142.7132
20
74.2714
30
0
0
VERTEX
8
Visible
10
142.7635
20
74.2714
30
0
0
VERTEX
8
Visible
10
142.8139
20
74.2714
30
0
0
VERTEX
8
Visible
10
142.8644
20
74.2714
30
0
0
VERTEX
8
Visible
10
142.9149
20
74.2714
30
0
0
VERTEX
8
Visible
10
142.9655
20
74.2714
30
0
0
VERTEX
8
Visible
10
143.0161
20
74.2714
30
0
0
VERTEX
8
Visible
10
143.0668
20
74.2714
30
0
0
VERTEX
8
Visible
10
143.1175
20
74.2714
30
0
0
VERTEX
8
Visible
10
143.1683
20
74.2714
30
0
0
VERTEX
8
Visible
10
143.2191
20
74.2714
30
0
0
VERTEX
8
Visible
10
143.2700
20
74.2714
30
0
0
VERTEX
8
Visible
10
143.3210
20
74.2714
30
0
0
VERTEX
8
Visible
10
143.3720
20
74.2714
30
0
0
VERTEX
8
Visible
10
143.4230
20
74.2714
30
0
0
VERTEX
8
Visible
10
143.4741
20
74.2714
30
0
0
VERTEX
8
Visible
10
143.5253
20
74.2714
30
0
0
VERTEX
8
Visible
10
143.5765
20
74.2714
30
0
0
VERTEX
8
Visible
10
143.6278
20
74.2714
30
0
0
VERTEX
8
Visible
10
143.6791
20
74.2714
30
0
0
VERTEX
8
Visible
10
143.7305
20
74.2714
30
0
0
VERTEX
8
Visible
10
143.7819
20
74.2714
30
0
0
VERTEX
8
Visible
10
143.8334
20
74.2714
30
0
0
VERTEX
8
Visible
10
143.8849
20
74.2714
30
0
0
VERTEX
8
Visible
10
143.9365
20
74.2714
30
0
0
VERTEX
8
Visible
10
143.9881
20
74.2714
30
0
0
VERTEX
8
Visible
10
144.0397
20
74.2714
30
0
0
VERTEX
8
Visible
10
144.0915
20
74.2714
30
0
0
VERTEX
8
Visible
10
144.1432
20
74.2714
30
0
0
VERTEX
8
Visible
10
144.1951
20
74.2714
30
0
0
VERTEX
8
Visible
10
144.2469
20
74.2714
30
0
0
VERTEX
8
Visible
10
144.2988
20
74.2714
30
0
0
VERTEX
8
Visible
10
144.3508
20
74.2714
30
0
0
VERTEX
8
Visible
10
144.4028
20
74.2714
30
0
0
VERTEX
8
Visible
10
144.4549
20
74.2714
30
0
0
VERTEX
8
Visible
10
144.5070
20
74.2714
30
0
0
VERTEX
8
Visible
10
144.5591
20
74.2714
30
0
0
VERTEX
8
Visible
10
144.6113
20
74.2714
30
0
0
VERTEX
8
Visible
10
144.6636
20
74.2714
30
0
0
VERTEX
8
Visible
10
144.7159
20
74.2714
30
0
0
VERTEX
8
Visible
10
144.7682
20
74.2714
30
0
0
VERTEX
8
Visible
10
144.8206
20
74.2714
30
0
0
VERTEX
8
Visible
10
144.8731
20
74.2714
30
0
0
VERTEX
8
Visible
10
144.9255
20
74.2714
30
0
0
VERTEX
8
Visible
10
144.9781
20
74.2714
30
0
0
SEQEND
8
Visible
0
POLYLINE
8
Visible
66
1
70
0
10
0
20
0
30
0
0
VERTEX
8
Visible
10
153.6600
20
85.4843
30
0
0
VERTEX
8
Visible
10
153.7211
20
85.4844
30
0
0
VERTEX
8
Visible
10
153.7820
20
85.4848
30
0
0
VERTEX
8
Visible
10
153.8428
20
85.4856
30
0
0
VERTEX
8
Visible
10
153.9031
20
85.4866
30
0
0
VERTEX
8
Visible
10
153.9630
20
85.4880
30
0
0
VERTEX
8
Visible
10
154.0224
20
85.4896
30
0
0
VERTEX
8
Visible
10
154.0810
20
85.4915
30
0
0
VERTEX
8
Visible
10
154.1388
20
85.4937
30
0
0
VERTEX
8
Visible
10
154.1958
20
85.4962
30
0
0
VERTEX
8
Visible
10
154.2517
20
85.4989
30
0
0
VERTEX
8
Visible
10
154.3065
20
85.5019
30
0
0
VERTEX
8
Visible
10
154.3600
20
85.5052
30
0
0
VERTEX
8
Visible
10
154.4122
20
85.5088
30
0
0
VERTEX
8
Visible
10
154.4630
20
85.5126
30
0
0
VERTEX
8
Visible
10
154.5123
20
85.5166
30
0
0
VERTEX
8
Visible
10
154.5599
20
85.5209
30
0
0
VERTEX
8
Visible
10
154.6058
20
85.5254
30
0
0
VERTEX
8
Visible
10
154.6500
20
85.5301
30
0
0
VERTEX
8
Visible
10
154.6922
20
85.5351
30
0
0
VERTEX
8
Visible
10
154.7325
20
85.5402
30
0
0
VERTEX
8
Visible
10
154.7707
20
85.5455
30
0
0
VERTEX
8
Visible
10
154.8068
20
85.5510
30
0
0
VERTEX
8
Visible
10
154.8408
20
85.5567
30
0
0
VERTEX
8
Visible
10
154.8725
20
85.5626
30
0
0
VERTEX
8
Visible
10
154.9018
20
85.5685
30
0
0
VERTEX
8
Visible
10
154.9288
20
85.5747
30
0
0
VERTEX
8
Visible
10
154.9534
20
85.5809
30
0
0
VERTEX
8
Visible
10
154.9756
20
85.5873
30
0
0
VERTEX
8
Visible
10
154.9952
20
85.5938
30
0
0
VERTEX
8
Visible
10
155.0123
20
85.6003
30
0
0
VERTEX
8
Visible
10
155.0268
20
85.6070
30
0
0
VERTEX
8
Visible
10
155.0387
20
85.6137
30
0
0
VERTEX
8
Visible
10
155.0480
20
85.6204
30
0
0
VERTEX
8
Visible
10
155.0547
20
85.6272
30
0
0
VERTEX
8
Visible
10
155.0587
20
85.6340
30
0
0
VERTEX
8
Visible
10
155.0600
20
85.6409
30
0
0
SEQEND
8
Visible
0
LINE
8
Visible
10
153.6600
20
85.4843
30
0
11
147.3600
21
85.4843
31
0
0
POLYLINE
8
Visible
66
1
70
0
10
0
20
0
30
0
0
VERTEX
8
Visible
10
153.7078
20
85.8533
30
0
0
VERTEX
8
Visible
10
153.7049
20
85.8533
30
0
0
VERTEX
8
Visible
10
153.7019
20
85.8533
30
0
0
VERTEX
8
Visible
10
153.6989
20
85.8533
30
0
0
VERTEX
8
Visible
10
153.6959
20
85.8533
30
0
0
VERTEX
8
Visible
10
153.6929
20
85.8533
30
0
0
VERTEX
8
Visible
10
153.6899
20
85.8533
30
0
0
VERTEX
8
Visible
10
153.6869
20
85.8534
30
0
0
VERTEX
8
Visible
10
153.6839
20
85.8534
30
0
0
VERTEX
8
Visible
10
153.6809
20
85.8534
30
0
0
VERTEX
8
Visible
10
153.6780
20
85.8534
30
0
0
VERTEX
8
Visible
10
153.6750
20
85.8534
30
0
0
VERTEX
8
Visible
10
153.6720
20
85.8534
30
0
0
VERTEX
8
Visible
10
153.6690
20
85.8534
30
0
0
VERTEX
8
Visible
10
153.6660
20
85.8534
30
0
0
VERTEX
8
Visible
10
153.6630
20
85.8534
30
0
0
VERTEX
8
Visible
10
153.6600
20
85.8534
30
0
0
SEQEND
8
Visible
0
POLYLINE
8
Visible
66
1
70
0
10
0
20
0
30
0
0
VERTEX
8
Visible
10
155.0600
20
85.6968
30
0
0
VERTEX
8
Visible
10
155.0587
20
85.7035
30
0
0
VERTEX
8
Visible
10
155.0549
20
85.7102
30
0
0
VERTEX
8
Visible
10
155.0485
20
85.7169
30
0
0
VERTEX
8
Visible
10
155.0395
20
85.7235
30
0
0
VERTEX
8
Visible
10
155.0280
20
85.7301
30
0
0
VERTEX
8
Visible
10
155.0140
20
85.7366
30
0
0
VERTEX
8
Visible
10
154.9975
20
85.7431
30
0
0
VERTEX
8
Visible
10
154.9785
20
85.7494
30
0
0
VERTEX
8
Visible
10
154.9572
20
85.7557
30
0
0
VERTEX
8
Visible
10
154.9334
20
85.7619
30
0
0
VERTEX
8
Visible
10
154.9073
20
85.7679
30
0
0
VERTEX
8
Visible
10
154.8789
20
85.7738
30
0
0
VERTEX
8
Visible
10
154.8483
20
85.7796
30
0
0
VERTEX
8
Visible
10
154.8155
20
85.7852
30
0
0
VERTEX
8
Visible
10
154.7806
20
85.7907
30
0
0
VERTEX
8
Visible
10
154.7436
20
85.7959
30
0
0
VERTEX
8
Visible
10
154.7046
20
85.8010
30
0
0
VERTEX
8
Visible
10
154.6637
20
85.8060
30
0
0
VERTEX
8
Visible
10
154.6210
20
85.8107
30
0
0
VERTEX
8
Visible
10
154.5765
20
85.8152
30
0
0
VERTEX
8
Visible
10
154.5303
20
85.8194
30
0
0
VERTEX
8
Visible
10
154.4825
20
85.8235
30
0
0
VERTEX
8
Visible
10
154.4332
20
85.8273
30
0
0
VERTEX
8
Visible
10
154.3825
20
85.8309
30
0
0
VERTEX
8
Visible
10
154.3304
20
85.8343
30
0
0
VERTEX
8
Visible
10
154.2772
20
85.8373
30
0
0
SEQEND
8
Visible
0
ARC
8
Visible
10
153.6746
20
74.4941
30
0
40
11.3592
50
86.9592
51
89.8323
0
LINE
8
Visible
10
155.0600
20
85.6968
30
0
11
155.0600
21
85.6409
31
0
0
POLYLINE
8
Visible
66
1
70
0
10
0
20
0
30
0
0
VERTEX
8
Visible
10
147.3600
20
85.8148
30
0
0
VERTEX
8
Visible
10
147.3447
20
85.8143
30
0
0
VERTEX
8
Visible
10
147.3294
20
85.8137
30
0
0
VERTEX
8
Visible
10
147.3140
20
85.8132
30
0
0
VERTEX
8
Visible
10
147.2987
20
85.8126
30
0
0
VERTEX
8
Visible
10
147.2834
20
85.8120
30
0
0
VERTEX
8
Visible
10
147.2681
20
85.8114
30
0
0
VERTEX
8
Visible
10
147.2529
20
85.8108
30
0
0
VERTEX
8
Visible
10
147.2376
20
85.8102
30
0
0
VERTEX
8
Visible
10
147.2223
20
85.8096
30
0
0
VERTEX
8
Visible
10
147.2071
20
85.8089
30
0
0
VERTEX
8
Visible
10
147.1919
20
85.8083
30
0
0
VERTEX
8
Visible
10
147.1767
20
85.8076
30
0
0
VERTEX
8
Visible
10
147.1616
20
85.8069
30
0
0
VERTEX
8
Visible
10
147.1464
20
85.8062
30
0
0
VERTEX
8
Visible
10
147.1313
20
85.8055
30
0
0
VERTEX
8
Visible
10
147.1162
20
85.8048
30
0
0
VERTEX
8
Visible
10
147.1011
20
85.8041
30
0
0
VERTEX
8
Visible
10
147.0861
20
85.8034
30
0
0
VERTEX
8
Visible
10
147.0711
20
85.8026
30
0
0
VERTEX
8
Visible
10
147.0561
20
85.8018
30
0
0
VERTEX
8
Visible
10
147.0411
20
85.8011
30
0
0
VERTEX
8
Visible
10
147.0263
20
85.8003
30
0
0
VERTEX
8
Visible
10
147.0114
20
85.7995
30
0
0
VERTEX
8
Visible
10
146.9966
20
85.7987
30
0
0
VERTEX
8
Visible
10
146.9818
20
85.7979
30
0
0
VERTEX
8
Visible
10
146.9671
20
85.7971
30
0
0
VERTEX
8
Visible
10
146.9525
20
85.7962
30
0
0
VERTEX
8
Visible
10
146.9378
20
85.7954
30
0
0
VERTEX
8
Visible
10
146.9233
20
85.7945
30
0
0
VERTEX
8
Visible
10
146.9088
20
85.7937
30
0
0
VERTEX
8
Visible
10
146.8943
20
85.7928
30
0
0
VERTEX
8
Visible
10
146.8799
20
85.7919
30
0
0
VERTEX
8
Visible
10
146.8656
20
85.7911
30
0
0
VERTEX
8
Visible
10
146.8513
20
85.7902
30
0
0
VERTEX
8
Visible
10
146.8370
20
85.7893
30
0
0
VERTEX
8
Visible
10
146.8229
20
85.7884
30
0
0
VERTEX
8
Visible
10
146.8088
20
85.7874
30
0
0
VERTEX
8
Visible
10
146.7947
20
85.7865
30
0
0
VERTEX
8
Visible
10
146.7807
20
85.7856
30
0
0
VERTEX
8
Visible
10
146.7668
20
85.7846
30
0
0
VERTEX
8
Visible
10
146.7530
20
85.7837
30
0
0
VERTEX
8
Visible
10
146.7393
20
85.7827
30
0
0
VERTEX
8
Visible
10
146.7256
20
85.7818
30
0
0
VERTEX
8
Visible
10
146.7120
20
85.7808
30
0
0
VERTEX
8
Visible
10
146.6985
20
85.7799
30
0
0
VERTEX
8
Visible
10
146.6851
20
85.7789
30
0
0
VERTEX
8
Visible
10
146.6718
20
85.7779
30
0
0
VERTEX
8
Visible
10
146.6586
20
85.7769
30
0
0
VERTEX
8
Visible
10
146.6454
20
85.7759
30
0
0
VERTEX
8
Visible
10
146.6323
20
85.7749
30
0
0
VERTEX
8
Visible
10
146.6193
20
85.7739
30
0
0
VERTEX
8
Visible
10
146.6064
20
85.7729
30
0
0
VERTEX
8
Visible
10
146.5936
20
85.7719
30
0
0
VERTEX
8
Visible
10
146.5809
20
85.7709
30
0
0
VERTEX
8
Visible
10
146.5683
20
85.7698
30
0
0
VERTEX
8
Visible
10
146.5558
20
85.7688
30
0
0
VERTEX
8
Visible
10
146.5434
20
85.7678
30
0
0
VERTEX
8
Visible
10
146.5310
20
85.7667
30
0
0
VERTEX
8
Visible
10
146.5188
20
85.7657
30
0
0
VERTEX
8
Visible
10
146.5067
20
85.7647
30
0
0
VERTEX
8
Visible
10
146.4946
20
85.7636
30
0
0
VERTEX
8
Visible
10
146.4827
20
85.7625
30
0
0
VERTEX
8
Visible
10
146.4709
20
85.7615
30
0
0
VERTEX
8
Visible
10
146.4592
20
85.7604
30
0
0
VERTEX
8
Visible
10
146.4475
20
85.7593
30
0
0
VERTEX
8
Visible
10
146.4360
20
85.7583
30
0
0
VERTEX
8
Visible
10
146.4246
20
85.7572
30
0
0
VERTEX
8
Visible
10
146.4133
20
85.7561
30
0
0
VERTEX
8
Visible
10
146.4021
20
85.7550
30
0
0
VERTEX
8
Visible
10
146.3910
20
85.7539
30
0
0
VERTEX
8
Visible
10
146.3800
20
85.7529
30
0
0
VERTEX
8
Visible
10
146.3692
20
85.7518
30
0
0
VERTEX
8
Visible
10
146.3584
20
85.7507
30
0
0
VERTEX
8
Visible
10
146.3478
20
85.7496
30
0
0
VERTEX
8
Visible
10
146.3373
20
85.7485
30
0
0
VERTEX
8
Visible
10
146.3269
20
85.7474
30
0
0
VERTEX
8
Visible
10
146.3167
20
85.7463
30
0
0
VERTEX
8
Visible
10
146.3065
20
85.7452
30
0
0
VERTEX
8
Visible
10
146.2965
20
85.7440
30
0
0
VERTEX
8
Visible
10
146.2867
20
85.7429
30
0
0
VERTEX
8
Visible
10
146.2769
20
85.7418
30
0
0
VERTEX
8
Visible
10
146.2673
20
85.7407
30
0
0
VERTEX
8
Visible
10
146.2579
20
85.7396
30
0
0
VERTEX
8
Visible
10
146.2485
20
85.7385
30
0
0
VERTEX
8
Visible
10
146.2393
20
85.7374
30
0
0
VERTEX
8
Visible
10
146.2303
20
85.7362
30
0
0
VERTEX
8
Visible
10
146.2213
20
85.7351
30
0
0
VERTEX
8
Visible
10
146.2125
20
85.7340
30
0
0
VERTEX
8
Visible
10
146.2039
20
85.7329
30
0
0
VERTEX
8
Visible
10
146.1953
20
85.7317
30
0
0
VERTEX
8
Visible
10
146.1870
20
85.7306
30
0
0
VERTEX
8
Visible
10
146.1787
20
85.7295
30
0
0
VERTEX
8
Visible
10
146.1706
20
85.7284
30
0
0
VERTEX
8
Visible
10
146.1627
20
85.7272
30
0
0
VERTEX
8
Visible
10
146.1548
20
85.7261
30
0
0
VERTEX
8
Visible
10
146.1472
20
85.7250
30
0
0
VERTEX
8
Visible
10
146.1396
20
85.7238
30
0
0
VERTEX
8
Visible
10
146.1322
20
85.7227
30
0
0
VERTEX
8
Visible
10
146.1250
20
85.7216
30
0
0
VERTEX
8
Visible
10
146.1179
20
85.7204
30
0
0
VERTEX
8
Visible
10
146.1109
20
85.7193
30
0
0
VERTEX
8
Visible
10
146.1041
20
85.7182
30
0
0
VERTEX
8
Visible
10
146.0974
20
85.7170
30
0
0
VERTEX
8
Visible
10
146.0909
20
85.7159
30
0
0
VERTEX
8
Visible
10
146.0845
20
85.7147
30
0
0
VERTEX
8
Visible
10
146.0783
20
85.7136
30
0
0
VERTEX
8
Visible
10
146.0723
20
85.7124
30
0
0
VERTEX
8
Visible
10
146.0663
20
85.7113
30
0
0
VERTEX
8
Visible
10
146.0606
20
85.7102
30
0
0
VERTEX
8
Visible
10
146.0549
20
85.7090
30
0
0
VERTEX
8
Visible
10
146.0495
20
85.7079
30
0
0
VERTEX
8
Visible
10
146.0442
20
85.7067
30
0
0
VERTEX
8
Visible
10
146.0390
20
85.7056
30
0
0
VERTEX
8
Visible
10
146.0341
20
85.7044
30
0
0
VERTEX
8
Visible
10
146.0292
20
85.7033
30
0
0
VERTEX
8
Visible
10
146.0246
20
85.7021
30
0
0
VERTEX
8
Visible
10
146.0201
20
85.7010
30
0
0
VERTEX
8
Visible
10
146.0157
20
85.6998
30
0
0
VERTEX
8
Visible
10
146.0116
20
85.6987
30
0
0
VERTEX
8
Visible
10
146.0075
20
85.6976
30
0
0
VERTEX
8
Visible
10
146.0037
20
85.6964
30
0
0
VERTEX
8
Visible
10
146.0000
20
85.6953
30
0
0
VERTEX
8
Visible
10
145.9965
20
85.6941
30
0
0
VERTEX
8
Visible
10
145.9931
20
85.6930
30
0
0
VERTEX
8
Visible
10
145.9899
20
85.6918
30
0
0
VERTEX
8
Visible
10
145.9868
20
85.6907
30
0
0
VERTEX
8
Visible
10
145.9839
20
85.6895
30
0
0
VERTEX
8
Visible
10
145.9812
20
85.6884
30
0
0
VERTEX
8
Visible
10
145.9787
20
85.6873
30
0
0
VERTEX
8
Visible
10
145.9763
20
85.6861
30
0
0
VERTEX
8
Visible
10
145.9740
20
85.6850
30
0
0
VERTEX
8
Visible
10
145.9720
20
85.6838
30
0
0
VERTEX
8
Visible
10
145.9701
20
85.6827
30
0
0
VERTEX
8
Visible
10
145.9683
20
85.6815
30
0
0
VERTEX
8
Visible
10
145.9667
20
85.6804
30
0
0
VERTEX
8
Visible
10
145.9653
20
85.6792
30
0
0
VERTEX
8
Visible
10
145.9641
20
85.6781
30
0
0
VERTEX
8
Visible
10
145.9630
20
85.6769
30
0
0
VERTEX
8
Visible
10
145.9621
20
85.6758
30
0
0
VERTEX
8
Visible
10
145.9613
20
85.6746
30
0
0
VERTEX
8
Visible
10
145.9608
20
85.6735
30
0
0
VERTEX
8
Visible
10
145.9603
20
85.6723
30
0
0
VERTEX
8
Visible
10
145.9601
20
85.6712
30
0
0
VERTEX
8
Visible
10
145.9600
20
85.6700
30
0
0
SEQEND
8
Visible
0
LINE
8
Visible
10
150.5761
20
85.8534
30
0
11
153.6600
21
85.8534
31
0
0
ARC
8
Visible
10
149.9518
20
3.8828
30
0
40
81.9730
50
89.5636
51
91.8118
0
POLYLINE
8
Visible
66
1
70
0
10
0
20
0
30
0
0
VERTEX
8
Visible
10
146.1976
20
85.5536
30
0
0
VERTEX
8
Visible
10
146.2319
20
85.5481
30
0
0
VERTEX
8
Visible
10
146.2682
20
85.5428
30
0
0
VERTEX
8
Visible
10
146.3065
20
85.5377
30
0
0
VERTEX
8
Visible
10
146.3467
20
85.5328
30
0
0
VERTEX
8
Visible
10
146.3888
20
85.5281
30
0
0
VERTEX
8
Visible
10
146.4326
20
85.5235
30
0
0
VERTEX
8
Visible
10
146.4781
20
85.5192
30
0
0
VERTEX
8
Visible
10
146.5252
20
85.5151
30
0
0
VERTEX
8
Visible
10
146.5738
20
85.5113
30
0
0
VERTEX
8
Visible
10
146.6238
20
85.5077
30
0
0
VERTEX
8
Visible
10
146.6752
20
85.5043
30
0
0
VERTEX
8
Visible
10
146.7278
20
85.5011
30
0
0
VERTEX
8
Visible
10
146.7816
20
85.4982
30
0
0
VERTEX
8
Visible
10
146.8364
20
85.4956
30
0
0
VERTEX
8
Visible
10
146.8921
20
85.4933
30
0
0
VERTEX
8
Visible
10
146.9488
20
85.4912
30
0
0
VERTEX
8
Visible
10
147.0061
20
85.4893
30
0
0
VERTEX
8
Visible
10
147.0641
20
85.4878
30
0
0
VERTEX
8
Visible
10
147.1226
20
85.4865
30
0
0
VERTEX
8
Visible
10
147.1816
20
85.4855
30
0
0
VERTEX
8
Visible
10
147.2409
20
85.4848
30
0
0
VERTEX
8
Visible
10
147.3004
20
85.4844
30
0
0
VERTEX
8
Visible
10
147.3600
20
85.4843
30
0
0
SEQEND
8
Visible
0
POLYLINE
8
Visible
66
1
70
0
10
0
20
0
30
0
0
VERTEX
8
Visible
10
145.9600
20
85.6289
30
0
0
VERTEX
8
Visible
10
145.9601
20
85.6279
30
0
0
VERTEX
8
Visible
10
145.9602
20
85.6269
30
0
0
VERTEX
8
Visible
10
145.9604
20
85.6259
30
0
0
VERTEX
8
Visible
10
145.9608
20
85.6249
30
0
0
VERTEX
8
Visible
10
145.9612
20
85.6238
30
0
0
VERTEX
8
Visible
10
145.9617
20
85.6228
30
0
0
VERTEX
8
Visible
10
145.9623
20
85.6218
30
0
0
VERTEX
8
Visible
10
145.9630
20
85.6208
30
0
0
VERTEX
8
Visible
10
145.9638
20
85.6197
30
0
0
VERTEX
8
Visible
10
145.9647
20
85.6187
30
0
0
VERTEX
8
Visible
10
145.9657
20
85.6177
30
0
0
VERTEX
8
Visible
10
145.9668
20
85.6167
30
0
0
VERTEX
8
Visible
10
145.9680
20
85.6156
30
0
0
VERTEX
8
Visible
10
145.9692
20
85.6146
30
0
0
VERTEX
8
Visible
10
145.9706
20
85.6136
30
0
0
VERTEX
8
Visible
10
145.9721
20
85.6125
30
0
0
VERTEX
8
Visible
10
145.9736
20
85.6115
30
0
0
VERTEX
8
Visible
10
145.9753
20
85.6105
30
0
0
VERTEX
8
Visible
10
145.9770
20
85.6094
30
0
0
VERTEX
8
Visible
10
145.9788
20
85.6084
30
0
0
VERTEX
8
Visible
10
145.9808
20
85.6074
30
0
0
VERTEX
8
Visible
10
145.9828
20
85.6063
30
0
0
VERTEX
8
Visible
10
145.9849
20
85.6053
30
0
0
VERTEX
8
Visible
10
145.9871
20
85.6042
30
0
0
VERTEX
8
Visible
10
145.9894
20
85.6032
30
0
0
VERTEX
8
Visible
10
145.9918
20
85.6021
30
0
0
VERTEX
8
Visible
10
145.9943
20
85.6011
30
0
0
VERTEX
8
Visible
10
145.9969
20
85.6001
30
0
0
VERTEX
8
Visible
10
145.9995
20
85.5990
30
0
0
VERTEX
8
Visible
10
146.0023
20
85.5980
30
0
0
VERTEX
8
Visible
10
146.0052
20
85.5969
30
0
0
VERTEX
8
Visible
10
146.0081
20
85.5959
30
0
0
VERTEX
8
Visible
10
146.0111
20
85.5948
30
0
0
VERTEX
8
Visible
10
146.0143
20
85.5938
30
0
0
VERTEX
8
Visible
10
146.0175
20
85.5927
30
0
0
VERTEX
8
Visible
10
146.0208
20
85.5917
30
0
0
VERTEX
8
Visible
10
146.0242
20
85.5906
30
0
0
VERTEX
8
Visible
10
146.0277
20
85.5896
30
0
0
VERTEX
8
Visible
10
146.0312
20
85.5885
30
0
0
VERTEX
8
Visible
10
146.0349
20
85.5875
30
0
0
VERTEX
8
Visible
10
146.0386
20
85.5864
30
0
0
VERTEX
8
Visible
10
146.0425
20
85.5854
30
0
0
VERTEX
8
Visible
10
146.0464
20
85.5843
30
0
0
VERTEX
8
Visible
10
146.0504
20
85.5833
30
0
0
VERTEX
8
Visible
10
146.0545
20
85.5822
30
0
0
VERTEX
8
Visible
10
146.0587
20
85.5812
30
0
0
VERTEX
8
Visible
10
146.0630
20
85.5801
30
0
0
VERTEX
8
Visible
10
146.0673
20
85.5791
30
0
0
VERTEX
8
Visible
10
146.0718
20
85.5780
30
0
0
VERTEX
8
Visible
10
146.0763
20
85.5770
30
0
0
VERTEX
8
Visible
10
146.0810
20
85.5759
30
0
0
VERTEX
8
Visible
10
146.0857
20
85.5749
30
0
0
VERTEX
8
Visible
10
146.0905
20
85.5738
30
0
0
VERTEX
8
Visible
10
146.0953
20
85.5727
30
0
0
VERTEX
8
Visible
10
146.1003
20
85.5717
30
0
0
VERTEX
8
Visible
10
146.1054
20
85.5706
30
0
0
VERTEX
8
Visible
10
146.1105
20
85.5696
30
0
0
VERTEX
8
Visible
10
146.1157
20
85.5685
30
0
0
VERTEX
8
Visible
10
146.1210
20
85.5674
30
0
0
VERTEX
8
Visible
10
146.1264
20
85.5664
30
0
0
VERTEX
8
Visible
10
146.1319
20
85.5653
30
0
0
VERTEX
8
Visible
10
146.1374
20
85.5642
30
0
0
VERTEX
8
Visible
10
146.1431
20
85.5632
30
0
0
VERTEX
8
Visible
10
146.1488
20
85.5621
30
0
0
VERTEX
8
Visible
10
146.1546
20
85.5611
30
0
0
VERTEX
8
Visible
10
146.1605
20
85.5600
30
0
0
VERTEX
8
Visible
10
146.1665
20
85.5589
30
0
0
VERTEX
8
Visible
10
146.1725
20
85.5579
30
0
0
VERTEX
8
Visible
10
146.1787
20
85.5568
30
0
0
VERTEX
8
Visible
10
146.1849
20
85.5557
30
0
0
VERTEX
8
Visible
10
146.1912
20
85.5546
30
0
0
VERTEX
8
Visible
10
146.1976
20
85.5536
30
0
0
SEQEND
8
Visible
0
LINE
8
Visible
10
145.9600
20
85.6289
30
0
11
145.9600
21
85.6700
31
0
0
POLYLINE
8
Visible
66
1
70
0
10
0
20
0
30
0
0
VERTEX
8
Visible
10
134.9443
20
82.3953
30
0
0
VERTEX
8
Visible
10
134.9428
20
82.3985
30
0
0
VERTEX
8
Visible
10
134.9417
20
82.4018
30
0
0
VERTEX
8
Visible
10
134.9408
20
82.4053
30
0
0
VERTEX
8
Visible
10
134.9403
20
82.4090
30
0
0
VERTEX
8
Visible
10
134.9400
20
82.4128
30
0
0
VERTEX
8
Visible
10
134.9401
20
82.4167
30
0
0
VERTEX
8
Visible
10
134.9405
20
82.4208
30
0
0
VERTEX
8
Visible
10
134.9412
20
82.4251
30
0
0
VERTEX
8
Visible
10
134.9422
20
82.4295
30
0
0
VERTEX
8
Visible
10
134.9435
20
82.4340
30
0
0
VERTEX
8
Visible
10
134.9452
20
82.4387
30
0
0
VERTEX
8
Visible
10
134.9471
20
82.4435
30
0
0
VERTEX
8
Visible
10
134.9494
20
82.4484
30
0
0
VERTEX
8
Visible
10
134.9519
20
82.4535
30
0
0
VERTEX
8
Visible
10
134.9548
20
82.4588
30
0
0
VERTEX
8
Visible
10
134.9579
20
82.4641
30
0
0
VERTEX
8
Visible
10
134.9614
20
82.4696
30
0
0
VERTEX
8
Visible
10
134.9652
20
82.4753
30
0
0
VERTEX
8
Visible
10
134.9692
20
82.4810
30
0
0
VERTEX
8
Visible
10
134.9735
20
82.4869
30
0
0
VERTEX
8
Visible
10
134.9782
20
82.4930
30
0
0
VERTEX
8
Visible
10
134.9831
20
82.4991
30
0
0
VERTEX
8
Visible
10
134.9883
20
82.5054
30
0
0
VERTEX
8
Visible
10
134.9938
20
82.5117
30
0
0
VERTEX
8
Visible
10
134.9996
20
82.5182
30
0
0
VERTEX
8
Visible
10
135.0057
20
82.5249
30
0
0
VERTEX
8
Visible
10
135.0120
20
82.5316
30
0
0
VERTEX
8
Visible
10
135.0187
20
82.5384
30
0
0
VERTEX
8
Visible
10
135.0256
20
82.5454
30
0
0
VERTEX
8
Visible
10
135.0327
20
82.5525
30
0
0
VERTEX
8
Visible
10
135.0402
20
82.5597
30
0
0
VERTEX
8
Visible
10
135.0479
20
82.5670
30
0
0
VERTEX
8
Visible
10
135.0559
20
82.5744
30
0
0
VERTEX
8
Visible
10
135.0642
20
82.5819
30
0
0
VERTEX
8
Visible
10
135.0727
20
82.5895
30
0
0
VERTEX
8
Visible
10
135.0815
20
82.5972
30
0
0
VERTEX
8
Visible
10
135.0905
20
82.6050
30
0
0
VERTEX
8
Visible
10
135.0998
20
82.6129
30
0
0
VERTEX
8
Visible
10
135.1094
20
82.6209
30
0
0
VERTEX
8
Visible
10
135.1192
20
82.6290
30
0
0
VERTEX
8
Visible
10
135.1293
20
82.6372
30
0
0
VERTEX
8
Visible
10
135.1396
20
82.6455
30
0
0
VERTEX
8
Visible
10
135.1502
20
82.6539
30
0
0
VERTEX
8
Visible
10
135.1610
20
82.6623
30
0
0
VERTEX
8
Visible
10
135.1720
20
82.6708
30
0
0
VERTEX
8
Visible
10
135.1833
20
82.6795
30
0
0
VERTEX
8
Visible
10
135.1948
20
82.6881
30
0
0
VERTEX
8
Visible
10
135.2066
20
82.6969
30
0
0
VERTEX
8
Visible
10
135.2185
20
82.7058
30
0
0
VERTEX
8
Visible
10
135.2307
20
82.7147
30
0
0
VERTEX
8
Visible
10
135.2431
20
82.7237
30
0
0
VERTEX
8
Visible
10
135.2558
20
82.7327
30
0
0
VERTEX
8
Visible
10
135.2687
20
82.7419
30
0
0
VERTEX
8
Visible
10
135.2818
20
82.7511
30
0
0
VERTEX
8
Visible
10
135.2951
20
82.7604
30
0
0
VERTEX
8
Visible
10
135.3086
20
82.7697
30
0
0
VERTEX
8
Visible
10
135.3223
20
82.7791
30
0
0
VERTEX
8
Visible
10
135.3363
20
82.7886
30
0
0
VERTEX
8
Visible
10
135.3504
20
82.7981
30
0
0
VERTEX
8
Visible
10
135.3648
20
82.8077
30
0
0
VERTEX
8
Visible
10
135.3794
20
82.8173
30
0
0
VERTEX
8
Visible
10
135.3941
20
82.8270
30
0
0
VERTEX
8
Visible
10
135.4091
20
82.8368
30
0
0
VERTEX
8
Visible
10
135.4243
20
82.8466
30
0
0
VERTEX
8
Visible
10
135.4396
20
82.8564
30
0
0
VERTEX
8
Visible
10
135.4552
20
82.8663
30
0
0
VERTEX
8
Visible
10
135.4710
20
82.8763
30
0
0
VERTEX
8
Visible
10
135.4869
20
82.8863
30
0
0
VERTEX
8
Visible
10
135.5030
20
82.8964
30
0
0
VERTEX
8
Visible
10
135.5194
20
82.9065
30
0
0
VERTEX
8
Visible
10
135.5359
20
82.9166
30
0
0
VERTEX
8
Visible
10
135.5526
20
82.9268
30
0
0
VERTEX
8
Visible
10
135.5694
20
82.9370
30
0
0
VERTEX
8
Visible
10
135.5865
20
82.9473
30
0
0
VERTEX
8
Visible
10
135.6037
20
82.9575
30
0
0
VERTEX
8
Visible
10
135.6211
20
82.9679
30
0
0
VERTEX
8
Visible
10
135.6386
20
82.9782
30
0
0
VERTEX
8
Visible
10
135.6563
20
82.9886
30
0
0
VERTEX
8
Visible
10
135.6742
20
82.9990
30
0
0
VERTEX
8
Visible
10
135.6922
20
83.0094
30
0
0
VERTEX
8
Visible
10
135.7104
20
83.0199
30
0
0
VERTEX
8
Visible
10
135.7287
20
83.0304
30
0
0
VERTEX
8
Visible
10
135.7472
20
83.0409
30
0
0
VERTEX
8
Visible
10
135.7659
20
83.0514
30
0
0
VERTEX
8
Visible
10
135.7847
20
83.0620
30
0
0
VERTEX
8
Visible
10
135.8036
20
83.0725
30
0
0
VERTEX
8
Visible
10
135.8227
20
83.0831
30
0
0
VERTEX
8
Visible
10
135.8419
20
83.0937
30
0
0
VERTEX
8
Visible
10
135.8613
20
83.1043
30
0
0
VERTEX
8
Visible
10
135.8808
20
83.1150
30
0
0
VERTEX
8
Visible
10
135.9005
20
83.1256
30
0
0
VERTEX
8
Visible
10
135.9202
20
83.1363
30
0
0
VERTEX
8
Visible
10
135.9401
20
83.1469
30
0
0
VERTEX
8
Visible
10
135.9602
20
83.1576
30
0
0
VERTEX
8
Visible
10
135.9804
20
83.1683
30
0
0
VERTEX
8
Visible
10
136.0007
20
83.1790
30
0
0
VERTEX
8
Visible
10
136.0211
20
83.1896
30
0
0
VERTEX
8
Visible
10
136.0416
20
83.2003
30
0
0
VERTEX
8
Visible
10
136.0623
20
83.2110
30
0
0
VERTEX
8
Visible
10
136.0831
20
83.2217
30
0
0
VERTEX
8
Visible
10
136.1040
20
83.2324
30
0
0
VERTEX
8
Visible
10
136.1250
20
83.2431
30
0
0
VERTEX
8
Visible
10
136.1461
20
83.2538
30
0
0
VERTEX
8
Visible
10
136.1674
20
83.2644
30
0
0
VERTEX
8
Visible
10
136.1887
20
83.2751
30
0
0
VERTEX
8
Visible
10
136.2102
20
83.2858
30
0
0
VERTEX
8
Visible
10
136.2317
20
83.2964
30
0
0
VERTEX
8
Visible
10
136.2534
20
83.3071
30
0
0
VERTEX
8
Visible
10
136.2751
20
83.3177
30
0
0
VERTEX
8
Visible
10
136.2970
20
83.3283
30
0
0
VERTEX
8
Visible
10
136.3189
20
83.3389
30
0
0
VERTEX
8
Visible
10
136.3410
20
83.3495
30
0
0
VERTEX
8
Visible
10
136.3631
20
83.3601
30
0
0
VERTEX
8
Visible
10
136.3853
20
83.3706
30
0
0
VERTEX
8
Visible
10
136.4076
20
83.3812
30
0
0
VERTEX
8
Visible
10
136.4299
20
83.3917
30
0
0
VERTEX
8
Visible
10
136.4524
20
83.4021
30
0
0
VERTEX
8
Visible
10
136.4749
20
83.4126
30
0
0
VERTEX
8
Visible
10
136.4974
20
83.4230
30
0
0
VERTEX
8
Visible
10
136.5201
20
83.4334
30
0
0
VERTEX
8
Visible
10
136.5428
20
83.4437
30
0
0
VERTEX
8
Visible
10
136.5655
20
83.4541
30
0
0
VERTEX
8
Visible
10
136.5884
20
83.4644
30
0
0
VERTEX
8
Visible
10
136.6113
20
83.4746
30
0
0
VERTEX
8
Visible
10
136.6342
20
83.4849
30
0
0
VERTEX
8
Visible
10
136.6572
20
83.4951
30
0
0
VERTEX
8
Visible
10
136.6803
20
83.5052
30
0
0
VERTEX
8
Visible
10
136.7034
20
83.5154
30
0
0
VERTEX
8
Visible
10
136.7265
20
83.5254
30
0
0
VERTEX
8
Visible
10
136.7497
20
83.5355
30
0
0
VERTEX
8
Visible
10
136.7729
20
83.5455
30
0
0
VERTEX
8
Visible
10
136.7962
20
83.5554
30
0
0
VERTEX
8
Visible
10
136.8195
20
83.5654
30
0
0
VERTEX
8
Visible
10
136.8429
20
83.5752
30
0
0
VERTEX
8
Visible
10
136.8662
20
83.5851
30
0
0
VERTEX
8
Visible
10
136.8897
20
83.5948
30
0
0
VERTEX
8
Visible
10
136.9131
20
83.6046
30
0
0
VERTEX
8
Visible
10
136.9366
20
83.6143
30
0
0
VERTEX
8
Visible
10
136.9601
20
83.6239
30
0
0
VERTEX
8
Visible
10
136.9836
20
83.6335
30
0
0
VERTEX
8
Visible
10
137.0071
20
83.6430
30
0
0
VERTEX
8
Visible
10
137.0307
20
83.6525
30
0
0
VERTEX
8
Visible
10
137.0542
20
83.6619
30
0
0
VERTEX
8
Visible
10
137.0778
20
83.6713
30
0
0
VERTEX
8
Visible
10
137.1014
20
83.6806
30
0
0
VERTEX
8
Visible
10
137.1250
20
83.6899
30
0
0
VERTEX
8
Visible
10
137.1486
20
83.6990
30
0
0
VERTEX
8
Visible
10
137.1722
20
83.7082
30
0
0
VERTEX
8
Visible
10
137.1957
20
83.7172
30
0
0
VERTEX
8
Visible
10
137.2192
20
83.7262
30
0
0
VERTEX
8
Visible
10
137.2428
20
83.7351
30
0
0
VERTEX
8
Visible
10
137.2662
20
83.7439
30
0
0
VERTEX
8
Visible
10
137.2897
20
83.7527
30
0
0
VERTEX
8
Visible
10
137.3131
20
83.7614
30
0
0
VERTEX
8
Visible
10
137.3365
20
83.7700
30
0
0
VERTEX
8
Visible
10
137.3598
20
83.7786
30
0
0
VERTEX
8
Visible
10
137.3832
20
83.7870
30
0
0
VERTEX
8
Visible
10
137.4064
20
83.7954
30
0
0
VERTEX
8
Visible
10
137.4296
20
83.8037
30
0
0
VERTEX
8
Visible
10
137.4528
20
83.8120
30
0
0
VERTEX
8
Visible
10
137.4760
20
83.8201
30
0
0
VERTEX
8
Visible
10
137.4990
20
83.8282
30
0
0
VERTEX
8
Visible
10
137.5221
20
83.8362
30
0
0
VERTEX
8
Visible
10
137.5450
20
83.8441
30
0
0
VERTEX
8
Visible
10
137.5679
20
83.8520
30
0
0
VERTEX
8
Visible
10
137.5908
20
83.8597
30
0
0
VERTEX
8
Visible
10
137.6135
20
83.8674
30
0
0
VERTEX
8
Visible
10
137.6362
20
83.8750
30
0
0
VERTEX
8
Visible
10
137.6589
20
83.8825
30
0
0
VERTEX
8
Visible
10
137.6814
20
83.8899
30
0
0
VERTEX
8
Visible
10
137.7039
20
83.8972
30
0
0
VERTEX
8
Visible
10
137.7263
20
83.9044
30
0
0
VERTEX
8
Visible
10
137.7486
20
83.9115
30
0
0
VERTEX
8
Visible
10
137.7709
20
83.9186
30
0
0
VERTEX
8
Visible
10
137.7930
20
83.9255
30
0
0
VERTEX
8
Visible
10
137.8151
20
83.9324
30
0
0
VERTEX
8
Visible
10
137.8370
20
83.9392
30
0
0
VERTEX
8
Visible
10
137.8588
20
83.9458
30
0
0
VERTEX
8
Visible
10
137.8805
20
83.9524
30
0
0
VERTEX
8
Visible
10
137.9021
20
83.9588
30
0
0
VERTEX
8
Visible
10
137.9235
20
83.9652
30
0
0
VERTEX
8
Visible
10
137.9447
20
83.9714
30
0
0
VERTEX
8
Visible
10
137.9659
20
83.9775
30
0
0
VERTEX
8
Visible
10
137.9869
20
83.9836
30
0
0
VERTEX
8
Visible
10
138.0077
20
83.9895
30
0
0
VERTEX
8
Visible
10
138.0284
20
83.9953
30
0
0
VERTEX
8
Visible
10
138.0490
20
84.0010
30
0
0
VERTEX
8
Visible
10
138.0694
20
84.0066
30
0
0
VERTEX
8
Visible
10
138.0896
20
84.0121
30
0
0
VERTEX
8
Visible
10
138.1097
20
84.0174
30
0
0
VERTEX
8
Visible
10
138.1296
20
84.0227
30
0
0
VERTEX
8
Visible
10
138.1494
20
84.0279
30
0
0
VERTEX
8
Visible
10
138.1690
20
84.0329
30
0
0
VERTEX
8
Visible
10
138.1884
20
84.0378
30
0
0
VERTEX
8
Visible
10
138.2076
20
84.0427
30
0
0
VERTEX
8
Visible
10
138.2267
20
84.0474
30
0
0
VERTEX
8
Visible
10
138.2456
20
84.0520
30
0
0
VERTEX
8
Visible
10
138.2643
20
84.0564
30
0
0
VERTEX
8
Visible
10
138.2829
20
84.0608
30
0
0
VERTEX
8
Visible
10
138.3012
20
84.0651
30
0
0
VERTEX
8
Visible
10
138.3194
20
84.0692
30
0
0
VERTEX
8
Visible
10
138.3373
20
84.0732
30
0
0
VERTEX
8
Visible
10
138.3551
20
84.0772
30
0
0
VERTEX
8
Visible
10
138.3727
20
84.0810
30
0
0
VERTEX
8
Visible
10
138.3901
20
84.0846
30
0
0
VERTEX
8
Visible
10
138.4072
20
84.0882
30
0
0
VERTEX
8
Visible
10
138.4242
20
84.0916
30
0
0
VERTEX
8
Visible
10
138.4409
20
84.0950
30
0
0
VERTEX
8
Visible
10
138.4574
20
84.0982
30
0
0
VERTEX
8
Visible
10
138.4737
20
84.1013
30
0
0
VERTEX
8
Visible
10
138.4897
20
84.1042
30
0
0
VERTEX
8
Visible
10
138.5055
20
84.1070
30
0
0
VERTEX
8
Visible
10
138.5210
20
84.1098
30
0
0
VERTEX
8
Visible
10
138.5363
20
84.1123
30
0
0
VERTEX
8
Visible
10
138.5513
20
84.1148
30
0
0
VERTEX
8
Visible
10
138.5661
20
84.1171
30
0
0
VERTEX
8
Visible
10
138.5806
20
84.1194
30
0
0
VERTEX
8
Visible
10
138.5949
20
84.1215
30
0
0
VERTEX
8
Visible
10
138.6089
20
84.1234
30
0
0
VERTEX
8
Visible
10
138.6226
20
84.1253
30
0
0
VERTEX
8
Visible
10
138.6361
20
84.1270
30
0
0
VERTEX
8
Visible
10
138.6494
20
84.1286
30
0
0
VERTEX
8
Visible
10
138.6623
20
84.1301
30
0
0
VERTEX
8
Visible
10
138.6750
20
84.1315
30
0
0
VERTEX
8
Visible
10
138.6874
20
84.1327
30
0
0
VERTEX
8
Visible
10
138.6996
20
84.1339
30
0
0
VERTEX
8
Visible
10
138.7115
20
84.1349
30
0
0
VERTEX
8
Visible
10
138.7231
20
84.1357
30
0
0
VERTEX
8
Visible
10
138.7344
20
84.1365
30
0
0
VERTEX
8
Visible
10
138.7455
20
84.1371
30
0
0
VERTEX
8
Visible
10
138.7562
20
84.1376
30
0
0
VERTEX
8
Visible
10
138.7667
20
84.1380
30
0
0
VERTEX
8
Visible
10
138.7769
20
84.1383
30
0
0
VERTEX
8
Visible
10
138.7868
20
84.1385
30
0
0
VERTEX
8
Visible
10
138.7963
20
84.1385
30
0
0
VERTEX
8
Visible
10
138.8056
20
84.1384
30
0
0
VERTEX
8
Visible
10
138.8146
20
84.1382
30
0
0
VERTEX
8
Visible
10
138.8232
20
84.1378
30
0
0
VERTEX
8
Visible
10
138.8316
20
84.1374
30
0
0
VERTEX
8
Visible
10
138.8397
20
84.1368
30
0
0
VERTEX
8
Visible
10
138.8474
20
84.1361
30
0
0
VERTEX
8
Visible
10
138.8549
20
84.1353
30
0
0
VERTEX
8
Visible
10
138.8620
20
84.1344
30
0
0
VERTEX
8
Visible
10
138.8689
20
84.1333
30
0
0
VERTEX
8
Visible
10
138.8754
20
84.1322
30
0
0
VERTEX
8
Visible
10
138.8817
20
84.1309
30
0
0
VERTEX
8
Visible
10
138.8876
20
84.1295
30
0
0
VERTEX
8
Visible
10
138.8932
20
84.1280
30
0
0
VERTEX
8
Visible
10
138.8985
20
84.1263
30
0
0
VERTEX
8
Visible
10
138.9034
20
84.1246
30
0
0
VERTEX
8
Visible
10
138.9081
20
84.1227
30
0
0
VERTEX
8
Visible
10
138.9124
20
84.1207
30
0
0
VERTEX
8
Visible
10
138.9164
20
84.1187
30
0
0
VERTEX
8
Visible
10
138.9202
20
84.1165
30
0
0
VERTEX
8
Visible
10
138.9235
20
84.1142
30
0
0
VERTEX
8
Visible
10
138.9266
20
84.1117
30
0
0
VERTEX
8
Visible
10
138.9294
20
84.1092
30
0
0
VERTEX
8
Visible
10
138.9318
20
84.1066
30
0
0
VERTEX
8
Visible
10
138.9339
20
84.1038
30
0
0
VERTEX
8
Visible
10
138.9357
20
84.1009
30
0
0
VERTEX
8
Visible
10
138.9372
20
84.0980
30
0
0
VERTEX
8
Visible
10
138.9384
20
84.0949
30
0
0
VERTEX
8
Visible
10
138.9392
20
84.0917
30
0
0
VERTEX
8
Visible
10
138.9398
20
84.0884
30
0
0
SEQEND
8
Visible
0
POLYLINE
8
Visible
66
1
70
0
10
0
20
0
30
0
0
VERTEX
8
Visible
10
165.3402
20
84.0884
30
0
0
VERTEX
8
Visible
10
165.3408
20
84.0917
30
0
0
VERTEX
8
Visible
10
165.3416
20
84.0949
30
0
0
VERTEX
8
Visible
10
165.3428
20
84.0980
30
0
0
VERTEX
8
Visible
10
165.3443
20
84.1009
30
0
0
VERTEX
8
Visible
10
165.3461
20
84.1038
30
0
0
VERTEX
8
Visible
10
165.3482
20
84.1066
30
0
0
VERTEX
8
Visible
10
165.3507
20
84.1092
30
0
0
VERTEX
8
Visible
10
165.3534
20
84.1117
30
0
0
VERTEX
8
Visible
10
165.3565
20
84.1142
30
0
0
VERTEX
8
Visible
10
165.3599
20
84.1165
30
0
0
VERTEX
8
Visible
10
165.3636
20
84.1187
30
0
0
VERTEX
8
Visible
10
165.3676
20
84.1207
30
0
0
VERTEX
8
Visible
10
165.3720
20
84.1227
30
0
0
VERTEX
8
Visible
10
165.3766
20
84.1246
30
0
0
VERTEX
8
Visible
10
165.3816
20
84.1263
30
0
0
VERTEX
8
Visible
10
165.3869
20
84.1280
30
0
0
VERTEX
8
Visible
10
165.3925
20
84.1295
30
0
0
VERTEX
8
Visible
10
165.3984
20
84.1309
30
0
0
VERTEX
8
Visible
10
165.4046
20
84.1322
30
0
0
VERTEX
8
Visible
10
165.4111
20
84.1333
30
0
0
VERTEX
8
Visible
10
165.4180
20
84.1344
30
0
0
VERTEX
8
Visible
10
165.4251
20
84.1353
30
0
0
VERTEX
8
Visible
10
165.4326
20
84.1361
30
0
0
VERTEX
8
Visible
10
165.4403
20
84.1368
30
0
0
VERTEX
8
Visible
10
165.4484
20
84.1374
30
0
0
VERTEX
8
Visible
10
165.4568
20
84.1378
30
0
0
VERTEX
8
Visible
10
165.4655
20
84.1382
30
0
0
VERTEX
8
Visible
10
165.4744
20
84.1384
30
0
0
VERTEX
8
Visible
10
165.4837
20
84.1385
30
0
0
VERTEX
8
Visible
10
165.4933
20
84.1384
30
0
0
VERTEX
8
Visible
10
165.5032
20
84.1383
30
0
0
VERTEX
8
Visible
10
165.5134
20
84.1380
30
0
0
VERTEX
8
Visible
10
165.5238
20
84.1376
30
0
0
VERTEX
8
Visible
10
165.5346
20
84.1371
30
0
0
VERTEX
8
Visible
10
165.5456
20
84.1365
30
0
0
VERTEX
8
Visible
10
165.5569
20
84.1357
30
0
0
VERTEX
8
Visible
10
165.5685
20
84.1349
30
0
0
VERTEX
8
Visible
10
165.5804
20
84.1339
30
0
0
VERTEX
8
Visible
10
165.5926
20
84.1327
30
0
0
VERTEX
8
Visible
10
165.6050
20
84.1315
30
0
0
VERTEX
8
Visible
10
165.6177
20
84.1301
30
0
0
VERTEX
8
Visible
10
165.6306
20
84.1286
30
0
0
VERTEX
8
Visible
10
165.6439
20
84.1270
30
0
0
VERTEX
8
Visible
10
165.6574
20
84.1253
30
0
0
VERTEX
8
Visible
10
165.6711
20
84.1234
30
0
0
VERTEX
8
Visible
10
165.6851
20
84.1215
30
0
0
VERTEX
8
Visible
10
165.6994
20
84.1194
30
0
0
VERTEX
8
Visible
10
165.7140
20
84.1171
30
0
0
VERTEX
8
Visible
10
165.7287
20
84.1148
30
0
0
VERTEX
8
Visible
10
165.7438
20
84.1123
30
0
0
VERTEX
8
Visible
10
165.7591
20
84.1097
30
0
0
VERTEX
8
Visible
10
165.7747
20
84.1070
30
0
0
VERTEX
8
Visible
10
165.7905
20
84.1042
30
0
0
VERTEX
8
Visible
10
165.8065
20
84.1012
30
0
0
VERTEX
8
Visible
10
165.8228
20
84.0981
30
0
0
VERTEX
8
Visible
10
165.8393
20
84.0949
30
0
0
VERTEX
8
Visible
10
165.8560
20
84.0916
30
0
0
VERTEX
8
Visible
10
165.8729
20
84.0882
30
0
0
VERTEX
8
Visible
10
165.8900
20
84.0846
30
0
0
VERTEX
8
Visible
10
165.9073
20
84.0810
30
0
0
VERTEX
8
Visible
10
165.9249
20
84.0772
30
0
0
VERTEX
8
Visible
10
165.9426
20
84.0733
30
0
0
VERTEX
8
Visible
10
165.9605
20
84.0692
30
0
0
VERTEX
8
Visible
10
165.9787
20
84.0651
30
0
0
VERTEX
8
Visible
10
165.9970
20
84.0609
30
0
0
VERTEX
8
Visible
10
166.0155
20
84.0565
30
0
0
VERTEX
8
Visible
10
166.0342
20
84.0520
30
0
0
VERTEX
8
Visible
10
166.0531
20
84.0474
30
0
0
VERTEX
8
Visible
10
166.0721
20
84.0427
30
0
0
VERTEX
8
Visible
10
166.0914
20
84.0379
30
0
0
VERTEX
8
Visible
10
166.1108
20
84.0330
30
0
0
VERTEX
8
Visible
10
166.1304
20
84.0279
30
0
0
VERTEX
8
Visible
10
166.1501
20
84.0228
30
0
0
VERTEX
8
Visible
10
166.1701
20
84.0175
30
0
0
VERTEX
8
Visible
10
166.1902
20
84.0121
30
0
0
VERTEX
8
Visible
10
166.2104
20
84.0066
30
0
0
VERTEX
8
Visible
10
166.2308
20
84.0010
30
0
0
VERTEX
8
Visible
10
166.2514
20
83.9953
30
0
0
VERTEX
8
Visible
10
166.2722
20
83.9895
30
0
0
VERTEX
8
Visible
10
166.2930
20
83.9836
30
0
0
VERTEX
8
Visible
10
166.3141
20
83.9776
30
0
0
VERTEX
8
Visible
10
166.3353
20
83.9714
30
0
0
VERTEX
8
Visible
10
166.3566
20
83.9652
30
0
0
VERTEX
8
Visible
10
166.3781
20
83.9588
30
0
0
VERTEX
8
Visible
10
166.3997
20
83.9523
30
0
0
VERTEX
8
Visible
10
166.4214
20
83.9458
30
0
0
VERTEX
8
Visible
10
166.4432
20
83.9391
30
0
0
VERTEX
8
Visible
10
166.4651
20
83.9324
30
0
0
VERTEX
8
Visible
10
166.4871
20
83.9255
30
0
0
VERTEX
8
Visible
10
166.5092
20
83.9186
30
0
0
VERTEX
8
Visible
10
166.5313
20
83.9116
30
0
0
VERTEX
8
Visible
10
166.5536
20
83.9044
30
0
0
VERTEX
8
Visible
10
166.5760
20
83.8972
30
0
0
VERTEX
8
Visible
10
166.5984
20
83.8899
30
0
0
VERTEX
8
Visible
10
166.6209
20
83.8825
30
0
0
VERTEX
8
Visible
10
166.6435
20
83.8750
30
0
0
VERTEX
8
Visible
10
166.6662
20
83.8675
30
0
0
VERTEX
8
Visible
10
166.6889
20
83.8598
30
0
0
VERTEX
8
Visible
10
166.7117
20
83.8521
30
0
0
VERTEX
8
Visible
10
166.7346
20
83.8443
30
0
0
VERTEX
8
Visible
10
166.7575
20
83.8364
30
0
0
VERTEX
8
Visible
10
166.7805
20
83.8284
30
0
0
VERTEX
8
Visible
10
166.8036
20
83.8203
30
0
0
VERTEX
8
Visible
10
166.8267
20
83.8122
30
0
0
VERTEX
8
Visible
10
166.8499
20
83.8039
30
0
0
VERTEX
8
Visible
10
166.8731
20
83.7956
30
0
0
VERTEX
8
Visible
10
166.8963
20
83.7872
30
0
0
VERTEX
8
Visible
10
166.9196
20
83.7788
30
0
0
VERTEX
8
Visible
10
166.9430
20
83.7702
30
0
0
VERTEX
8
Visible
10
166.9664
20
83.7616
30
0
0
VERTEX
8
Visible
10
166.9898
20
83.7529
30
0
0
VERTEX
8
Visible
10
167.0133
20
83.7441
30
0
0
VERTEX
8
Visible
10
167.0367
20
83.7353
30
0
0
VERTEX
8
Visible
10
167.0603
20
83.7264
30
0
0
VERTEX
8
Visible
10
167.0838
20
83.7174
30
0
0
VERTEX
8
Visible
10
167.1074
20
83.7083
30
0
0
VERTEX
8
Visible
10
167.1310
20
83.6992
30
0
0
VERTEX
8
Visible
10
167.1545
20
83.6900
30
0
0
VERTEX
8
Visible
10
167.1781
20
83.6808
30
0
0
VERTEX
8
Visible
10
167.2017
20
83.6715
30
0
0
VERTEX
8
Visible
10
167.2253
20
83.6621
30
0
0
VERTEX
8
Visible
10
167.2488
20
83.6527
30
0
0
VERTEX
8
Visible
10
167.2724
20
83.6432
30
0
0
VERTEX
8
Visible
10
167.2959
20
83.6337
30
0
0
VERTEX
8
Visible
10
167.3194
20
83.6241
30
0
0
VERTEX
8
Visible
10
167.3429
20
83.6145
30
0
0
VERTEX
8
Visible
10
167.3664
20
83.6048
30
0
0
VERTEX
8
Visible
10
167.3898
20
83.5951
30
0
0
VERTEX
8
Visible
10
167.4132
20
83.5853
30
0
0
VERTEX
8
Visible
10
167.4366
20
83.5755
30
0
0
VERTEX
8
Visible
10
167.4599
20
83.5656
30
0
0
VERTEX
8
Visible
10
167.4832
20
83.5557
30
0
0
VERTEX
8
Visible
10
167.5065
20
83.5457
30
0
0
VERTEX
8
Visible
10
167.5297
20
83.5357
30
0
0
VERTEX
8
Visible
10
167.5529
20
83.5257
30
0
0
VERTEX
8
Visible
10
167.5761
20
83.5156
30
0
0
VERTEX
8
Visible
10
167.5992
20
83.5055
30
0
0
VERTEX
8
Visible
10
167.6222
20
83.4953
30
0
0
VERTEX
8
Visible
10
167.6452
20
83.4851
30
0
0
VERTEX
8
Visible
10
167.6682
20
83.4749
30
0
0
VERTEX
8
Visible
10
167.6910
20
83.4646
30
0
0
VERTEX
8
Visible
10
167.7139
20
83.4543
30
0
0
VERTEX
8
Visible
10
167.7366
20
83.4440
30
0
0
VERTEX
8
Visible
10
167.7594
20
83.4337
30
0
0
VERTEX
8
Visible
10
167.7820
20
83.4233
30
0
0
VERTEX
8
Visible
10
167.8046
20
83.4128
30
0
0
VERTEX
8
Visible
10
167.8271
20
83.4024
30
0
0
VERTEX
8
Visible
10
167.8495
20
83.3919
30
0
0
VERTEX
8
Visible
10
167.8719
20
83.3814
30
0
0
VERTEX
8
Visible
10
167.8942
20
83.3709
30
0
0
VERTEX
8
Visible
10
167.9164
20
83.3604
30
0
0
VERTEX
8
Visible
10
167.9385
20
83.3498
30
0
0
VERTEX
8
Visible
10
167.9605
20
83.3392
30
0
0
VERTEX
8
Visible
10
167.9825
20
83.3286
30
0
0
VERTEX
8
Visible
10
168.0043
20
83.3180
30
0
0
VERTEX
8
Visible
10
168.0261
20
83.3073
30
0
0
VERTEX
8
Visible
10
168.0478
20
83.2967
30
0
0
VERTEX
8
Visible
10
168.0693
20
83.2860
30
0
0
VERTEX
8
Visible
10
168.0908
20
83.2754
30
0
0
VERTEX
8
Visible
10
168.1121
20
83.2647
30
0
0
VERTEX
8
Visible
10
168.1334
20
83.2540
30
0
0
VERTEX
8
Visible
10
168.1545
20
83.2433
30
0
0
VERTEX
8
Visible
10
168.1755
20
83.2326
30
0
0
VERTEX
8
Visible
10
168.1965
20
83.2220
30
0
0
VERTEX
8
Visible
10
168.2173
20
83.2113
30
0
0
VERTEX
8
Visible
10
168.2379
20
83.2006
30
0
0
VERTEX
8
Visible
10
168.2585
20
83.1899
30
0
0
VERTEX
8
Visible
10
168.2789
20
83.1792
30
0
0
VERTEX
8
Visible
10
168.2992
20
83.1685
30
0
0
VERTEX
8
Visible
10
168.3194
20
83.1578
30
0
0
VERTEX
8
Visible
10
168.3395
20
83.1472
30
0
0
VERTEX
8
Visible
10
168.3594
20
83.1365
30
0
0
VERTEX
8
Visible
10
168.3792
20
83.1258
30
0
0
VERTEX
8
Visible
10
168.3988
20
83.1152
30
0
0
VERTEX
8
Visible
10
168.4184
20
83.1046
30
0
0
VERTEX
8
Visible
10
168.4377
20
83.0939
30
0
0
VERTEX
8
Visible
10
168.4570
20
83.0833
30
0
0
VERTEX
8
Visible
10
168.4761
20
83.0727
30
0
0
VERTEX
8
Visible
10
168.4950
20
83.0622
30
0
0
VERTEX
8
Visible
10
168.5138
20
83.0516
30
0
0
VERTEX
8
Visible
10
168.5325
20
83.0411
30
0
0
VERTEX
8
Visible
10
168.5510
20
83.0306
30
0
0
VERTEX
8
Visible
10
168.5694
20
83.0201
30
0
0
VERTEX
8
Visible
10
168.5876
20
83.0096
30
0
0
VERTEX
8
Visible
10
168.6056
20
82.9992
30
0
0
VERTEX
8
Visible
10
168.6235
20
82.9887
30
0
0
VERTEX
8
Visible
10
168.6412
20
82.9783
30
0
0
VERTEX
8
Visible
10
168.6588
20
82.9680
30
0
0
VERTEX
8
Visible
10
168.6762
20
82.9577
30
0
0
VERTEX
8
Visible
10
168.6934
20
82.9474
30
0
0
VERTEX
8
Visible
10
168.7104
20
82.9371
30
0
0
VERTEX
8
Visible
10
168.7273
20
82.9269
30
0
0
VERTEX
8
Visible
10
168.7440
20
82.9167
30
0
0
VERTEX
8
Visible
10
168.7605
20
82.9066
30
0
0
VERTEX
8
Visible
10
168.7768
20
82.8965
30
0
0
VERTEX
8
Visible
10
168.7929
20
82.8864
30
0
0
VERTEX
8
Visible
10
168.8089
20
82.8764
30
0
0
VERTEX
8
Visible
10
168.8247
20
82.8664
30
0
0
VERTEX
8
Visible
10
168.8402
20
82.8565
30
0
0
VERTEX
8
Visible
10
168.8556
20
82.8467
30
0
0
VERTEX
8
Visible
10
168.8708
20
82.8369
30
0
0
VERTEX
8
Visible
10
168.8858
20
82.8271
30
0
0
VERTEX
8
Visible
10
168.9006
20
82.8174
30
0
0
VERTEX
8
Visible
10
168.9151
20
82.8077
30
0
0
VERTEX
8
Visible
10
168.9295
20
82.7981
30
0
0
VERTEX
8
Visible
10
168.9437
20
82.7886
30
0
0
VERTEX
8
Visible
10
168.9576
20
82.7791
30
0
0
VERTEX
8
Visible
10
168.9714
20
82.7697
30
0
0
VERTEX
8
Visible
10
168.9849
20
82.7604
30
0
0
VERTEX
8
Visible
10
168.9983
20
82.7511
30
0
0
VERTEX
8
Visible
10
169.0114
20
82.7419
30
0
0
VERTEX
8
Visible
10
169.0243
20
82.7327
30
0
0
VERTEX
8
Visible
10
169.0369
20
82.7236
30
0
0
VERTEX
8
Visible
10
169.0494
20
82.7146
30
0
0
VERTEX
8
Visible
10
169.0616
20
82.7057
30
0
0
VERTEX
8
Visible
10
169.0736
20
82.6968
30
0
0
VERTEX
8
Visible
10
169.0854
20
82.6880
30
0
0
VERTEX
8
Visible
10
169.0969
20
82.6793
30
0
0
VERTEX
8
Visible
10
169.1082
20
82.6707
30
0
0
VERTEX
8
Visible
10
169.1192
20
82.6622
30
0
0
VERTEX
8
Visible
10
169.1301
20
82.6537
30
0
0
VERTEX
8
Visible
10
169.1406
20
82.6453
30
0
0
VERTEX
8
Visible
10
169.1509
20
82.6371
30
0
0
VERTEX
8
Visible
10
169.1610
20
82.6289
30
0
0
VERTEX
8
Visible
10
169.1708
20
82.6208
30
0
0
VERTEX
8
Visible
10
169.1803
20
82.6128
30
0
0
VERTEX
8
Visible
10
169.1896
20
82.6049
30
0
0
VERTEX
8
Visible
10
169.1987
20
82.5971
30
0
0
VERTEX
8
Visible
10
169.2074
20
82.5894
30
0
0
VERTEX
8
Visible
10
169.2159
20
82.5818
30
0
0
VERTEX
8
Visible
10
169.2242
20
82.5743
30
0
0
VERTEX
8
Visible
10
169.2322
20
82.5669
30
0
0
VERTEX
8
Visible
10
169.2399
20
82.5596
30
0
0
VERTEX
8
Visible
10
169.2473
20
82.5525
30
0
0
VERTEX
8
Visible
10
169.2545
20
82.5454
30
0
0
VERTEX
8
Visible
10
169.2614
20
82.5384
30
0
0
VERTEX
8
Visible
10
169.2680
20
82.5316
30
0
0
VERTEX
8
Visible
10
169.2743
20
82.5249
30
0
0
VERTEX
8
Visible
10
169.2804
20
82.5182
30
0
0
VERTEX
8
Visible
10
169.2862
20
82.5117
30
0
0
VERTEX
8
Visible
10
169.2917
20
82.5054
30
0
0
VERTEX
8
Visible
10
169.2969
20
82.4991
30
0
0
VERTEX
8
Visible
10
169.3018
20
82.4930
30
0
0
VERTEX
8
Visible
10
169.3065
20
82.4869
30
0
0
VERTEX
8
Visible
10
169.3108
20
82.4810
30
0
0
VERTEX
8
Visible
10
169.3149
20
82.4753
30
0
0
VERTEX
8
Visible
10
169.3186
20
82.4696
30
0
0
VERTEX
8
Visible
10
169.3221
20
82.4641
30
0
0
VERTEX
8
Visible
10
169.3253
20
82.4588
30
0
0
VERTEX
8
Visible
10
169.3281
20
82.4535
30
0
0
VERTEX
8
Visible
10
169.3307
20
82.4484
30
0
0
VERTEX
8
Visible
10
169.3329
20
82.4435
30
0
0
VERTEX
8
Visible
10
169.3349
20
82.4387
30
0
0
VERTEX
8
Visible
10
169.3365
20
82.4340
30
0
0
VERTEX
8
Visible
10
169.3378
20
82.4295
30
0
0
VERTEX
8
Visible
10
169.3388
20
82.4251
30
0
0
VERTEX
8
Visible
10
169.3395
20
82.4208
30
0
0
VERTEX
8
Visible
10
169.3399
20
82.4167
30
0
0
VERTEX
8
Visible
10
169.3400
20
82.4128
30
0
0
VERTEX
8
Visible
10
169.3398
20
82.4090
30
0
0
VERTEX
8
Visible
10
169.3392
20
82.4053
30
0
0
VERTEX
8
Visible
10
169.3384
20
82.4018
30
0
0
VERTEX
8
Visible
10
169.3372
20
82.3985
30
0
0
VERTEX
8
Visible
10
169.3357
20
82.3953
30
0
0
SEQEND
8
Visible
0
LINE
8
Visible
10
176.9713
20
74.8868
30
0
11
177.2210
21
74.8868
31
0
0
LINE
8
Visible
10
127.0590
20
74.8868
30
0
11
127.3087
21
74.8868
31
0
0
ARC
8
Visible
10
134.9052
20
66.7470
30
0
40
7.9489
50
161.3125
51
178.9920
0
POLYLINE
8
Visible
66
1
70
0
10
0
20
0
30
0
0
VERTEX
8
Visible
10
129.0020
20
72.8868
30
0
0
VERTEX
8
Visible
10
128.9609
20
72.8154
30
0
0
VERTEX
8
Visible
10
128.9201
20
72.7438
30
0
0
VERTEX
8
Visible
10
128.8796
20
72.6720
30
0
0
VERTEX
8
Visible
10
128.8394
20
72.6001
30
0
0
VERTEX
8
Visible
10
128.7995
20
72.5281
30
0
0
VERTEX
8
Visible
10
128.7599
20
72.4558
30
0
0
VERTEX
8
Visible
10
128.7206
20
72.3835
30
0
0
VERTEX
8
Visible
10
128.6816
20
72.3109
30
0
0
VERTEX
8
Visible
10
128.6430
20
72.2383
30
0
0
VERTEX
8
Visible
10
128.6046
20
72.1654
30
0
0
VERTEX
8
Visible
10
128.5665
20
72.0924
30
0
0
VERTEX
8
Visible
10
128.5287
20
72.0193
30
0
0
VERTEX
8
Visible
10
128.4913
20
71.9460
30
0
0
VERTEX
8
Visible
10
128.4541
20
71.8725
30
0
0
VERTEX
8
Visible
10
128.4173
20
71.7990
30
0
0
VERTEX
8
Visible
10
128.3807
20
71.7252
30
0
0
VERTEX
8
Visible
10
128.3445
20
71.6513
30
0
0
VERTEX
8
Visible
10
128.3086
20
71.5773
30
0
0
VERTEX
8
Visible
10
128.2729
20
71.5031
30
0
0
VERTEX
8
Visible
10
128.2376
20
71.4288
30
0
0
VERTEX
8
Visible
10
128.2026
20
71.3544
30
0
0
VERTEX
8
Visible
10
128.1679
20
71.2798
30
0
0
VERTEX
8
Visible
10
128.1335
20
71.2050
30
0
0
VERTEX
8
Visible
10
128.0994
20
71.1302
30
0
0
VERTEX
8
Visible
10
128.0657
20
71.0551
30
0
0
VERTEX
8
Visible
10
128.0322
20
70.9800
30
0
0
VERTEX
8
Visible
10
127.9991
20
70.9047
30
0
0
VERTEX
8
Visible
10
127.9662
20
70.8293
30
0
0
VERTEX
8
Visible
10
127.9337
20
70.7537
30
0
0
VERTEX
8
Visible
10
127.9015
20
70.6780
30
0
0
VERTEX
8
Visible
10
127.8696
20
70.6022
30
0
0
VERTEX
8
Visible
10
127.8380
20
70.5262
30
0
0
VERTEX
8
Visible
10
127.8067
20
70.4502
30
0
0
VERTEX
8
Visible
10
127.7758
20
70.3739
30
0
0
VERTEX
8
Visible
10
127.7451
20
70.2976
30
0
0
VERTEX
8
Visible
10
127.7148
20
70.2211
30
0
0
VERTEX
8
Visible
10
127.6848
20
70.1445
30
0
0
VERTEX
8
Visible
10
127.6550
20
70.0678
30
0
0
VERTEX
8
Visible
10
127.6257
20
69.9910
30
0
0
VERTEX
8
Visible
10
127.5966
20
69.9140
30
0
0
VERTEX
8
Visible
10
127.5678
20
69.8369
30
0
0
VERTEX
8
Visible
10
127.5394
20
69.7597
30
0
0
VERTEX
8
Visible
10
127.5112
20
69.6823
30
0
0
VERTEX
8
Visible
10
127.4834
20
69.6049
30
0
0
VERTEX
8
Visible
10
127.4559
20
69.5273
30
0
0
VERTEX
8
Visible
10
127.4288
20
69.4496
30
0
0
VERTEX
8
Visible
10
127.4019
20
69.3718
30
0
0
VERTEX
8
Visible
10
127.3754
20
69.2938
30
0
0
SEQEND
8
Visible
0
LINE
8
Visible
10
124.6582
20
66.3868
30
0
11
124.6400
21
66.3868
31
0
0
LINE
8
Visible
10
179.6400
20
66.3868
30
0
11
179.6218
21
66.3868
31
0
0
ARC
8
Visible
10
143.0305
20
76.7616
30
0
40
5.2765
50
96.5713
51
111.5670
0
POLYLINE
8
Visible
66
1
70
0
10
0
20
0
30
0
0
VERTEX
8
Visible
10
142.4267
20
82.0034
30
0
0
VERTEX
8
Visible
10
142.4372
20
82.0045
30
0
0
VERTEX
8
Visible
10
142.4476
20
82.0055
30
0
0
VERTEX
8
Visible
10
142.4579
20
82.0065
30
0
0
VERTEX
8
Visible
10
142.4681
20
82.0074
30
0
0
VERTEX
8
Visible
10
142.4781
20
82.0083
30
0
0
VERTEX
8
Visible
10
142.4880
20
82.0091
30
0
0
VERTEX
8
Visible
10
142.4978
20
82.0098
30
0
0
VERTEX
8
Visible
10
142.5074
20
82.0106
30
0
0
VERTEX
8
Visible
10
142.5169
20
82.0112
30
0
0
VERTEX
8
Visible
10
142.5263
20
82.0119
30
0
0
VERTEX
8
Visible
10
142.5356
20
82.0124
30
0
0
VERTEX
8
Visible
10
142.5447
20
82.0130
30
0
0
VERTEX
8
Visible
10
142.5537
20
82.0134
30
0
0
VERTEX
8
Visible
10
142.5625
20
82.0138
30
0
0
VERTEX
8
Visible
10
142.5712
20
82.0142
30
0
0
VERTEX
8
Visible
10
142.5798
20
82.0145
30
0
0
VERTEX
8
Visible
10
142.5882
20
82.0148
30
0
0
VERTEX
8
Visible
10
142.5965
20
82.0150
30
0
0
VERTEX
8
Visible
10
142.6047
20
82.0152
30
0
0
VERTEX
8
Visible
10
142.6126
20
82.0153
30
0
0
VERTEX
8
Visible
10
142.6205
20
82.0154
30
0
0
VERTEX
8
Visible
10
142.6282
20
82.0154
30
0
0
VERTEX
8
Visible
10
142.6357
20
82.0154
30
0
0
VERTEX
8
Visible
10
142.6431
20
82.0153
30
0
0
VERTEX
8
Visible
10
142.6503
20
82.0152
30
0
0
VERTEX
8
Visible
10
142.6573
20
82.0150
30
0
0
VERTEX
8
Visible
10
142.6642
20
82.0148
30
0
0
VERTEX
8
Visible
10
142.6709
20
82.0145
30
0
0
VERTEX
8
Visible
10
142.6775
20
82.0142
30
0
0
VERTEX
8
Visible
10
142.6839
20
82.0139
30
0
0
VERTEX
8
Visible
10
142.6901
20
82.0134
30
0
0
VERTEX
8
Visible
10
142.6962
20
82.0130
30
0
0
VERTEX
8
Visible
10
142.7021
20
82.0125
30
0
0
VERTEX
8
Visible
10
142.7078
20
82.0119
30
0
0
VERTEX
8
Visible
10
142.7134
20
82.0113
30
0
0
VERTEX
8
Visible
10
142.7188
20
82.0107
30
0
0
VERTEX
8
Visible
10
142.7240
20
82.0100
30
0
0
VERTEX
8
Visible
10
142.7290
20
82.0092
30
0
0
VERTEX
8
Visible
10
142.7339
20
82.0084
30
0
0
VERTEX
8
Visible
10
142.7386
20
82.0076
30
0
0
VERTEX
8
Visible
10
142.7432
20
82.0067
30
0
0
VERTEX
8
Visible
10
142.7475
20
82.0058
30
0
0
VERTEX
8
Visible
10
142.7517
20
82.0048
30
0
0
VERTEX
8
Visible
10
142.7557
20
82.0038
30
0
0
VERTEX
8
Visible
10
142.7595
20
82.0027
30
0
0
VERTEX
8
Visible
10
142.7632
20
82.0016
30
0
0
VERTEX
8
Visible
10
142.7666
20
82.0004
30
0
0
VERTEX
8
Visible
10
142.7699
20
81.9992
30
0
0
VERTEX
8
Visible
10
142.7730
20
81.9980
30
0
0
VERTEX
8
Visible
10
142.7759
20
81.9967
30
0
0
VERTEX
8
Visible
10
142.7787
20
81.9954
30
0
0
VERTEX
8
Visible
10
142.7812
20
81.9940
30
0
0
VERTEX
8
Visible
10
142.7836
20
81.9926
30
0
0
VERTEX
8
Visible
10
142.7858
20
81.9912
30
0
0
VERTEX
8
Visible
10
142.7878
20
81.9897
30
0
0
VERTEX
8
Visible
10
142.7897
20
81.9881
30
0
0
VERTEX
8
Visible
10
142.7913
20
81.9865
30
0
0
VERTEX
8
Visible
10
142.7928
20
81.9849
30
0
0
VERTEX
8
Visible
10
142.7941
20
81.9833
30
0
0
VERTEX
8
Visible
10
142.7952
20
81.9816
30
0
0
VERTEX
8
Visible
10
142.7961
20
81.9798
30
0
0
VERTEX
8
Visible
10
142.7969
20
81.9780
30
0
0
VERTEX
8
Visible
10
142.7974
20
81.9762
30
0
0
VERTEX
8
Visible
10
142.7978
20
81.9743
30
0
0
VERTEX
8
Visible
10
142.7980
20
81.9724
30
0
0
VERTEX
8
Visible
10
142.7980
20
81.9705
30
0
0
VERTEX
8
Visible
10
142.7978
20
81.9685
30
0
0
VERTEX
8
Visible
10
142.7975
20
81.9665
30
0
0
VERTEX
8
Visible
10
142.7969
20
81.9645
30
0
0
VERTEX
8
Visible
10
142.7962
20
81.9624
30
0
0
VERTEX
8
Visible
10
142.7953
20
81.9603
30
0
0
VERTEX
8
Visible
10
142.7943
20
81.9581
30
0
0
VERTEX
8
Visible
10
142.7930
20
81.9559
30
0
0
VERTEX
8
Visible
10
142.7916
20
81.9537
30
0
0
VERTEX
8
Visible
10
142.7900
20
81.9514
30
0
0
VERTEX
8
Visible
10
142.7882
20
81.9491
30
0
0
VERTEX
8
Visible
10
142.7862
20
81.9468
30
0
0
VERTEX
8
Visible
10
142.7841
20
81.9444
30
0
0
VERTEX
8
Visible
10
142.7817
20
81.9420
30
0
0
VERTEX
8
Visible
10
142.7792
20
81.9396
30
0
0
VERTEX
8
Visible
10
142.7766
20
81.9372
30
0
0
VERTEX
8
Visible
10
142.7737
20
81.9347
30
0
0
VERTEX
8
Visible
10
142.7707
20
81.9321
30
0
0
VERTEX
8
Visible
10
142.7675
20
81.9296
30
0
0
VERTEX
8
Visible
10
142.7641
20
81.9270
30
0
0
VERTEX
8
Visible
10
142.7606
20
81.9244
30
0
0
VERTEX
8
Visible
10
142.7569
20
81.9217
30
0
0
VERTEX
8
Visible
10
142.7530
20
81.9190
30
0
0
VERTEX
8
Visible
10
142.7489
20
81.9163
30
0
0
VERTEX
8
Visible
10
142.7447
20
81.9136
30
0
0
VERTEX
8
Visible
10
142.7403
20
81.9108
30
0
0
VERTEX
8
Visible
10
142.7358
20
81.9080
30
0
0
VERTEX
8
Visible
10
142.7310
20
81.9052
30
0
0
VERTEX
8
Visible
10
142.7262
20
81.9023
30
0
0
VERTEX
8
Visible
10
142.7211
20
81.8994
30
0
0
VERTEX
8
Visible
10
142.7159
20
81.8965
30
0
0
VERTEX
8
Visible
10
142.7106
20
81.8936
30
0
0
VERTEX
8
Visible
10
142.7051
20
81.8907
30
0
0
VERTEX
8
Visible
10
142.6994
20
81.8877
30
0
0
VERTEX
8
Visible
10
142.6935
20
81.8847
30
0
0
VERTEX
8
Visible
10
142.6876
20
81.8817
30
0
0
VERTEX
8
Visible
10
142.6814
20
81.8786
30
0
0
VERTEX
8
Visible
10
142.6751
20
81.8755
30
0
0
VERTEX
8
Visible
10
142.6687
20
81.8724
30
0
0
VERTEX
8
Visible
10
142.6621
20
81.8693
30
0
0
VERTEX
8
Visible
10
142.6553
20
81.8662
30
0
0
VERTEX
8
Visible
10
142.6484
20
81.8630
30
0
0
VERTEX
8
Visible
10
142.6414
20
81.8598
30
0
0
VERTEX
8
Visible
10
142.6342
20
81.8566
30
0
0
VERTEX
8
Visible
10
142.6269
20
81.8534
30
0
0
VERTEX
8
Visible
10
142.6194
20
81.8501
30
0
0
VERTEX
8
Visible
10
142.6118
20
81.8469
30
0
0
VERTEX
8
Visible
10
142.6040
20
81.8436
30
0
0
VERTEX
8
Visible
10
142.5961
20
81.8403
30
0
0
VERTEX
8
Visible
10
142.5880
20
81.8369
30
0
0
VERTEX
8
Visible
10
142.5798
20
81.8336
30
0
0
VERTEX
8
Visible
10
142.5715
20
81.8302
30
0
0
VERTEX
8
Visible
10
142.5631
20
81.8269
30
0
0
VERTEX
8
Visible
10
142.5545
20
81.8235
30
0
0
VERTEX
8
Visible
10
142.5458
20
81.8200
30
0
0
VERTEX
8
Visible
10
142.5369
20
81.8166
30
0
0
VERTEX
8
Visible
10
142.5280
20
81.8132
30
0
0
VERTEX
8
Visible
10
142.5189
20
81.8097
30
0
0
VERTEX
8
Visible
10
142.5097
20
81.8063
30
0
0
VERTEX
8
Visible
10
142.5004
20
81.8028
30
0
0
VERTEX
8
Visible
10
142.4910
20
81.7993
30
0
0
VERTEX
8
Visible
10
142.4814
20
81.7958
30
0
0
VERTEX
8
Visible
10
142.4718
20
81.7923
30
0
0
VERTEX
8
Visible
10
142.4620
20
81.7888
30
0
0
VERTEX
8
Visible
10
142.4521
20
81.7852
30
0
0
VERTEX
8
Visible
10
142.4421
20
81.7817
30
0
0
VERTEX
8
Visible
10
142.4320
20
81.7781
30
0
0
VERTEX
8
Visible
10
142.4218
20
81.7746
30
0
0
VERTEX
8
Visible
10
142.4115
20
81.7710
30
0
0
VERTEX
8
Visible
10
142.4010
20
81.7674
30
0
0
VERTEX
8
Visible
10
142.3905
20
81.7638
30
0
0
VERTEX
8
Visible
10
142.3799
20
81.7602
30
0
0
VERTEX
8
Visible
10
142.3691
20
81.7566
30
0
0
VERTEX
8
Visible
10
142.3583
20
81.7530
30
0
0
VERTEX
8
Visible
10
142.3474
20
81.7494
30
0
0
VERTEX
8
Visible
10
142.3363
20
81.7457
30
0
0
VERTEX
8
Visible
10
142.3252
20
81.7421
30
0
0
VERTEX
8
Visible
10
142.3140
20
81.7385
30
0
0
VERTEX
8
Visible
10
142.3027
20
81.7348
30
0
0
VERTEX
8
Visible
10
142.2913
20
81.7312
30
0
0
VERTEX
8
Visible
10
142.2798
20
81.7275
30
0
0
VERTEX
8
Visible
10
142.2682
20
81.7239
30
0
0
VERTEX
8
Visible
10
142.2565
20
81.7202
30
0
0
VERTEX
8
Visible
10
142.2448
20
81.7165
30
0
0
VERTEX
8
Visible
10
142.2330
20
81.7129
30
0
0
VERTEX
8
Visible
10
142.2211
20
81.7092
30
0
0
VERTEX
8
Visible
10
142.2092
20
81.7056
30
0
0
VERTEX
8
Visible
10
142.1971
20
81.7019
30
0
0
VERTEX
8
Visible
10
142.1851
20
81.6983
30
0
0
VERTEX
8
Visible
10
142.1729
20
81.6946
30
0
0
VERTEX
8
Visible
10
142.1607
20
81.6910
30
0
0
VERTEX
8
Visible
10
142.1484
20
81.6873
30
0
0
VERTEX
8
Visible
10
142.1361
20
81.6837
30
0
0
VERTEX
8
Visible
10
142.1237
20
81.6800
30
0
0
VERTEX
8
Visible
10
142.1113
20
81.6764
30
0
0
VERTEX
8
Visible
10
142.0988
20
81.6728
30
0
0
VERTEX
8
Visible
10
142.0862
20
81.6692
30
0
0
VERTEX
8
Visible
10
142.0736
20
81.6656
30
0
0
VERTEX
8
Visible
10
142.0610
20
81.6620
30
0
0
VERTEX
8
Visible
10
142.0483
20
81.6584
30
0
0
VERTEX
8
Visible
10
142.0355
20
81.6548
30
0
0
VERTEX
8
Visible
10
142.0228
20
81.6512
30
0
0
VERTEX
8
Visible
10
142.0099
20
81.6476
30
0
0
VERTEX
8
Visible
10
141.9970
20
81.6441
30
0
0
VERTEX
8
Visible
10
141.9841
20
81.6405
30
0
0
VERTEX
8
Visible
10
141.9712
20
81.6370
30
0
0
VERTEX
8
Visible
10
141.9582
20
81.6334
30
0
0
VERTEX
8
Visible
10
141.9452
20
81.6299
30
0
0
VERTEX
8
Visible
10
141.9321
20
81.6264
30
0
0
VERTEX
8
Visible
10
141.9190
20
81.6229
30
0
0
VERTEX
8
Visible
10
141.9059
20
81.6194
30
0
0
VERTEX
8
Visible
10
141.8927
20
81.6160
30
0
0
VERTEX
8
Visible
10
141.8796
20
81.6125
30
0
0
VERTEX
8
Visible
10
141.8664
20
81.6091
30
0
0
VERTEX
8
Visible
10
141.8532
20
81.6057
30
0
0
VERTEX
8
Visible
10
141.8400
20
81.6023
30
0
0
VERTEX
8
Visible
10
141.8268
20
81.5989
30
0
0
VERTEX
8
Visible
10
141.8136
20
81.5955
30
0
0
VERTEX
8
Visible
10
141.8004
20
81.5922
30
0
0
VERTEX
8
Visible
10
141.7871
20
81.5889
30
0
0
VERTEX
8
Visible
10
141.7739
20
81.5856
30
0
0
VERTEX
8
Visible
10
141.7607
20
81.5823
30
0
0
VERTEX
8
Visible
10
141.7475
20
81.5790
30
0
0
VERTEX
8
Visible
10
141.7343
20
81.5758
30
0
0
VERTEX
8
Visible
10
141.7211
20
81.5726
30
0
0
VERTEX
8
Visible
10
141.7079
20
81.5694
30
0
0
VERTEX
8
Visible
10
141.6947
20
81.5662
30
0
0
VERTEX
8
Visible
10
141.6816
20
81.5631
30
0
0
VERTEX
8
Visible
10
141.6684
20
81.5600
30
0
0
VERTEX
8
Visible
10
141.6553
20
81.5569
30
0
0
VERTEX
8
Visible
10
141.6421
20
81.5539
30
0
0
VERTEX
8
Visible
10
141.6290
20
81.5508
30
0
0
VERTEX
8
Visible
10
141.6160
20
81.5478
30
0
0
VERTEX
8
Visible
10
141.6029
20
81.5448
30
0
0
VERTEX
8
Visible
10
141.5899
20
81.5419
30
0
0
VERTEX
8
Visible
10
141.5769
20
81.5390
30
0
0
VERTEX
8
Visible
10
141.5639
20
81.5361
30
0
0
VERTEX
8
Visible
10
141.5509
20
81.5332
30
0
0
VERTEX
8
Visible
10
141.5380
20
81.5304
30
0
0
VERTEX
8
Visible
10
141.5251
20
81.5276
30
0
0
VERTEX
8
Visible
10
141.5123
20
81.5248
30
0
0
VERTEX
8
Visible
10
141.4995
20
81.5221
30
0
0
VERTEX
8
Visible
10
141.4868
20
81.5194
30
0
0
VERTEX
8
Visible
10
141.4741
20
81.5167
30
0
0
VERTEX
8
Visible
10
141.4615
20
81.5141
30
0
0
VERTEX
8
Visible
10
141.4489
20
81.5115
30
0
0
VERTEX
8
Visible
10
141.4364
20
81.5090
30
0
0
VERTEX
8
Visible
10
141.4239
20
81.5065
30
0
0
VERTEX
8
Visible
10
141.4116
20
81.5040
30
0
0
VERTEX
8
Visible
10
141.3992
20
81.5016
30
0
0
VERTEX
8
Visible
10
141.3870
20
81.4992
30
0
0
VERTEX
8
Visible
10
141.3748
20
81.4968
30
0
0
VERTEX
8
Visible
10
141.3627
20
81.4945
30
0
0
VERTEX
8
Visible
10
141.3507
20
81.4923
30
0
0
VERTEX
8
Visible
10
141.3387
20
81.4900
30
0
0
VERTEX
8
Visible
10
141.3268
20
81.4878
30
0
0
VERTEX
8
Visible
10
141.3150
20
81.4857
30
0
0
VERTEX
8
Visible
10
141.3033
20
81.4836
30
0
0
VERTEX
8
Visible
10
141.2917
20
81.4815
30
0
0
VERTEX
8
Visible
10
141.2801
20
81.4795
30
0
0
VERTEX
8
Visible
10
141.2686
20
81.4776
30
0
0
VERTEX
8
Visible
10
141.2572
20
81.4756
30
0
0
VERTEX
8
Visible
10
141.2459
20
81.4738
30
0
0
VERTEX
8
Visible
10
141.2347
20
81.4719
30
0
0
VERTEX
8
Visible
10
141.2236
20
81.4701
30
0
0
VERTEX
8
Visible
10
141.2126
20
81.4684
30
0
0
VERTEX
8
Visible
10
141.2017
20
81.4667
30
0
0
VERTEX
8
Visible
10
141.1908
20
81.4650
30
0
0
VERTEX
8
Visible
10
141.1801
20
81.4635
30
0
0
VERTEX
8
Visible
10
141.1695
20
81.4619
30
0
0
VERTEX
8
Visible
10
141.1591
20
81.4604
30
0
0
VERTEX
8
Visible
10
141.1487
20
81.4590
30
0
0
VERTEX
8
Visible
10
141.1385
20
81.4576
30
0
0
VERTEX
8
Visible
10
141.1284
20
81.4562
30
0
0
VERTEX
8
Visible
10
141.1184
20
81.4550
30
0
0
VERTEX
8
Visible
10
141.1085
20
81.4537
30
0
0
VERTEX
8
Visible
10
141.0988
20
81.4525
30
0
0
VERTEX
8
Visible
10
141.0892
20
81.4514
30
0
0
VERTEX
8
Visible
10
141.0797
20
81.4503
30
0
0
VERTEX
8
Visible
10
141.0703
20
81.4493
30
0
0
VERTEX
8
Visible
10
141.0611
20
81.4484
30
0
0
VERTEX
8
Visible
10
141.0520
20
81.4474
30
0
0
VERTEX
8
Visible
10
141.0431
20
81.4466
30
0
0
VERTEX
8
Visible
10
141.0342
20
81.4458
30
0
0
VERTEX
8
Visible
10
141.0255
20
81.4450
30
0
0
VERTEX
8
Visible
10
141.0170
20
81.4443
30
0
0
VERTEX
8
Visible
10
141.0086
20
81.4437
30
0
0
VERTEX
8
Visible
10
141.0003
20
81.4431
30
0
0
VERTEX
8
Visible
10
140.9922
20
81.4426
30
0
0
VERTEX
8
Visible
10
140.9842
20
81.4421
30
0
0
VERTEX
8
Visible
10
140.9764
20
81.4417
30
0
0
VERTEX
8
Visible
10
140.9687
20
81.4413
30
0
0
VERTEX
8
Visible
10
140.9611
20
81.4410
30
0
0
VERTEX
8
Visible
10
140.9537
20
81.4408
30
0
0
VERTEX
8
Visible
10
140.9465
20
81.4406
30
0
0
VERTEX
8
Visible
10
140.9394
20
81.4405
30
0
0
VERTEX
8
Visible
10
140.9325
20
81.4404
30
0
0
VERTEX
8
Visible
10
140.9258
20
81.4404
30
0
0
VERTEX
8
Visible
10
140.9192
20
81.4404
30
0
0
VERTEX
8
Visible
10
140.9128
20
81.4405
30
0
0
VERTEX
8
Visible
10
140.9066
20
81.4407
30
0
0
VERTEX
8
Visible
10
140.9005
20
81.4409
30
0
0
VERTEX
8
Visible
10
140.8946
20
81.4412
30
0
0
VERTEX
8
Visible
10
140.8888
20
81.4415
30
0
0
VERTEX
8
Visible
10
140.8832
20
81.4419
30
0
0
VERTEX
8
Visible
10
140.8778
20
81.4424
30
0
0
VERTEX
8
Visible
10
140.8726
20
81.4429
30
0
0
VERTEX
8
Visible
10
140.8675
20
81.4434
30
0
0
VERTEX
8
Visible
10
140.8626
20
81.4440
30
0
0
VERTEX
8
Visible
10
140.8579
20
81.4447
30
0
0
VERTEX
8
Visible
10
140.8534
20
81.4455
30
0
0
VERTEX
8
Visible
10
140.8490
20
81.4462
30
0
0
VERTEX
8
Visible
10
140.8448
20
81.4471
30
0
0
VERTEX
8
Visible
10
140.8408
20
81.4480
30
0
0
VERTEX
8
Visible
10
140.8369
20
81.4490
30
0
0
VERTEX
8
Visible
10
140.8333
20
81.4500
30
0
0
VERTEX
8
Visible
10
140.8298
20
81.4511
30
0
0
VERTEX
8
Visible
10
140.8265
20
81.4522
30
0
0
VERTEX
8
Visible
10
140.8233
20
81.4534
30
0
0
VERTEX
8
Visible
10
140.8204
20
81.4546
30
0
0
VERTEX
8
Visible
10
140.8176
20
81.4559
30
0
0
VERTEX
8
Visible
10
140.8151
20
81.4573
30
0
0
VERTEX
8
Visible
10
140.8127
20
81.4587
30
0
0
VERTEX
8
Visible
10
140.8104
20
81.4601
30
0
0
VERTEX
8
Visible
10
140.8084
20
81.4616
30
0
0
VERTEX
8
Visible
10
140.8066
20
81.4632
30
0
0
VERTEX
8
Visible
10
140.8049
20
81.4648
30
0
0
VERTEX
8
Visible
10
140.8034
20
81.4665
30
0
0
VERTEX
8
Visible
10
140.8021
20
81.4682
30
0
0
VERTEX
8
Visible
10
140.8010
20
81.4700
30
0
0
VERTEX
8
Visible
10
140.8000
20
81.4718
30
0
0
VERTEX
8
Visible
10
140.7993
20
81.4737
30
0
0
VERTEX
8
Visible
10
140.7987
20
81.4756
30
0
0
VERTEX
8
Visible
10
140.7983
20
81.4776
30
0
0
VERTEX
8
Visible
10
140.7981
20
81.4796
30
0
0
VERTEX
8
Visible
10
140.7980
20
81.4817
30
0
0
VERTEX
8
Visible
10
140.7982
20
81.4838
30
0
0
VERTEX
8
Visible
10
140.7985
20
81.4860
30
0
0
VERTEX
8
Visible
10
140.7990
20
81.4882
30
0
0
VERTEX
8
Visible
10
140.7997
20
81.4905
30
0
0
VERTEX
8
Visible
10
140.8006
20
81.4928
30
0
0
VERTEX
8
Visible
10
140.8016
20
81.4951
30
0
0
VERTEX
8
Visible
10
140.8028
20
81.4975
30
0
0
VERTEX
8
Visible
10
140.8042
20
81.5000
30
0
0
VERTEX
8
Visible
10
140.8058
20
81.5024
30
0
0
VERTEX
8
Visible
10
140.8076
20
81.5050
30
0
0
VERTEX
8
Visible
10
140.8095
20
81.5075
30
0
0
VERTEX
8
Visible
10
140.8116
20
81.5102
30
0
0
VERTEX
8
Visible
10
140.8139
20
81.5128
30
0
0
VERTEX
8
Visible
10
140.8164
20
81.5155
30
0
0
VERTEX
8
Visible
10
140.8190
20
81.5182
30
0
0
VERTEX
8
Visible
10
140.8218
20
81.5210
30
0
0
VERTEX
8
Visible
10
140.8248
20
81.5238
30
0
0
VERTEX
8
Visible
10
140.8279
20
81.5267
30
0
0
VERTEX
8
Visible
10
140.8312
20
81.5296
30
0
0
VERTEX
8
Visible
10
140.8347
20
81.5325
30
0
0
VERTEX
8
Visible
10
140.8383
20
81.5355
30
0
0
VERTEX
8
Visible
10
140.8422
20
81.5385
30
0
0
VERTEX
8
Visible
10
140.8462
20
81.5415
30
0
0
VERTEX
8
Visible
10
140.8503
20
81.5446
30
0
0
VERTEX
8
Visible
10
140.8546
20
81.5477
30
0
0
VERTEX
8
Visible
10
140.8591
20
81.5508
30
0
0
VERTEX
8
Visible
10
140.8638
20
81.5540
30
0
0
VERTEX
8
Visible
10
140.8686
20
81.5572
30
0
0
VERTEX
8
Visible
10
140.8736
20
81.5604
30
0
0
VERTEX
8
Visible
10
140.8787
20
81.5637
30
0
0
VERTEX
8
Visible
10
140.8840
20
81.5670
30
0
0
VERTEX
8
Visible
10
140.8894
20
81.5703
30
0
0
VERTEX
8
Visible
10
140.8950
20
81.5737
30
0
0
VERTEX
8
Visible
10
140.9008
20
81.5771
30
0
0
VERTEX
8
Visible
10
140.9067
20
81.5805
30
0
0
VERTEX
8
Visible
10
140.9128
20
81.5839
30
0
0
VERTEX
8
Visible
10
140.9190
20
81.5873
30
0
0
VERTEX
8
Visible
10
140.9253
20
81.5908
30
0
0
VERTEX
8
Visible
10
140.9318
20
81.5943
30
0
0
VERTEX
8
Visible
10
140.9385
20
81.5978
30
0
0
VERTEX
8
Visible
10
140.9453
20
81.6014
30
0
0
VERTEX
8
Visible
10
140.9522
20
81.6050
30
0
0
VERTEX
8
Visible
10
140.9593
20
81.6086
30
0
0
VERTEX
8
Visible
10
140.9665
20
81.6122
30
0
0
VERTEX
8
Visible
10
140.9738
20
81.6158
30
0
0
VERTEX
8
Visible
10
140.9813
20
81.6194
30
0
0
VERTEX
8
Visible
10
140.9890
20
81.6231
30
0
0
VERTEX
8
Visible
10
140.9968
20
81.6268
30
0
0
VERTEX
8
Visible
10
141.0047
20
81.6305
30
0
0
VERTEX
8
Visible
10
141.0127
20
81.6342
30
0
0
VERTEX
8
Visible
10
141.0209
20
81.6380
30
0
0
VERTEX
8
Visible
10
141.0292
20
81.6417
30
0
0
VERTEX
8
Visible
10
141.0377
20
81.6455
30
0
0
VERTEX
8
Visible
10
141.0462
20
81.6493
30
0
0
VERTEX
8
Visible
10
141.0549
20
81.6531
30
0
0
VERTEX
8
Visible
10
141.0638
20
81.6569
30
0
0
VERTEX
8
Visible
10
141.0727
20
81.6607
30
0
0
VERTEX
8
Visible
10
141.0818
20
81.6645
30
0
0
VERTEX
8
Visible
10
141.0910
20
81.6684
30
0
0
SEQEND
8
Visible
0
POLYLINE
8
Visible
66
1
70
0
10
0
20
0
30
0
0
VERTEX
8
Visible
10
169.3357
20
82.3953
30
0
0
VERTEX
8
Visible
10
169.3339
20
82.3923
30
0
0
VERTEX
8
Visible
10
169.3319
20
82.3896
30
0
0
VERTEX
8
Visible
10
169.3295
20
82.3870
30
0
0
VERTEX
8
Visible
10
169.3268
20
82.3845
30
0
0
VERTEX
8
Visible
10
169.3238
20
82.3823
30
0
0
VERTEX
8
Visible
10
169.3204
20
82.3802
30
0
0
VERTEX
8
Visible
10
169.3167
20
82.3783
30
0
0
VERTEX
8
Visible
10
169.3127
20
82.3765
30
0
0
VERTEX
8
Visible
10
169.3084
20
82.3750
30
0
0
VERTEX
8
Visible
10
169.3037
20
82.3736
30
0
0
VERTEX
8
Visible
10
169.2988
20
82.3723
30
0
0
VERTEX
8
Visible
10
169.2935
20
82.3713
30
0
0
VERTEX
8
Visible
10
169.2878
20
82.3704
30
0
0
VERTEX
8
Visible
10
169.2819
20
82.3697
30
0
0
VERTEX
8
Visible
10
169.2757
20
82.3692
30
0
0
VERTEX
8
Visible
10
169.2691
20
82.3689
30
0
0
VERTEX
8
Visible
10
169.2622
20
82.3687
30
0
0
VERTEX
8
Visible
10
169.2550
20
82.3688
30
0
0
VERTEX
8
Visible
10
169.2474
20
82.3690
30
0
0
VERTEX
8
Visible
10
169.2396
20
82.3694
30
0
0
VERTEX
8
Visible
10
169.2314
20
82.3699
30
0
0
VERTEX
8
Visible
10
169.2229
20
82.3707
30
0
0
VERTEX
8
Visible
10
169.2141
20
82.3716
30
0
0
VERTEX
8
Visible
10
169.2050
20
82.3727
30
0
0
VERTEX
8
Visible
10
169.1956
20
82.3740
30
0
0
VERTEX
8
Visible
10
169.1859
20
82.3755
30
0
0
VERTEX
8
Visible
10
169.1758
20
82.3772
30
0
0
VERTEX
8
Visible
10
169.1654
20
82.3791
30
0
0
VERTEX
8
Visible
10
169.1548
20
82.3811
30
0
0
VERTEX
8
Visible
10
169.1438
20
82.3833
30
0
0
VERTEX
8
Visible
10
169.1325
20
82.3858
30
0
0
VERTEX
8
Visible
10
169.1209
20
82.3884
30
0
0
VERTEX
8
Visible
10
169.1090
20
82.3912
30
0
0
VERTEX
8
Visible
10
169.0968
20
82.3942
30
0
0
VERTEX
8
Visible
10
169.0843
20
82.3973
30
0
0
VERTEX
8
Visible
10
169.0715
20
82.4007
30
0
0
VERTEX
8
Visible
10
169.0584
20
82.4042
30
0
0
VERTEX
8
Visible
10
169.0451
20
82.4079
30
0
0
VERTEX
8
Visible
10
169.0315
20
82.4117
30
0
0
VERTEX
8
Visible
10
169.0176
20
82.4157
30
0
0
VERTEX
8
Visible
10
169.0035
20
82.4199
30
0
0
VERTEX
8
Visible
10
168.9892
20
82.4242
30
0
0
VERTEX
8
Visible
10
168.9746
20
82.4286
30
0
0
VERTEX
8
Visible
10
168.9597
20
82.4332
30
0
0
VERTEX
8
Visible
10
168.9447
20
82.4380
30
0
0
VERTEX
8
Visible
10
168.9294
20
82.4429
30
0
0
VERTEX
8
Visible
10
168.9140
20
82.4479
30
0
0
VERTEX
8
Visible
10
168.8983
20
82.4531
30
0
0
VERTEX
8
Visible
10
168.8824
20
82.4584
30
0
0
VERTEX
8
Visible
10
168.8664
20
82.4638
30
0
0
VERTEX
8
Visible
10
168.8501
20
82.4693
30
0
0
VERTEX
8
Visible
10
168.8337
20
82.4750
30
0
0
VERTEX
8
Visible
10
168.8172
20
82.4807
30
0
0
VERTEX
8
Visible
10
168.8004
20
82.4866
30
0
0
VERTEX
8
Visible
10
168.7835
20
82.4926
30
0
0
VERTEX
8
Visible
10
168.7665
20
82.4987
30
0
0
VERTEX
8
Visible
10
168.7493
20
82.5049
30
0
0
VERTEX
8
Visible
10
168.7321
20
82.5111
30
0
0
VERTEX
8
Visible
10
168.7146
20
82.5175
30
0
0
VERTEX
8
Visible
10
168.6971
20
82.5240
30
0
0
VERTEX
8
Visible
10
168.6794
20
82.5305
30
0
0
VERTEX
8
Visible
10
168.6617
20
82.5371
30
0
0
VERTEX
8
Visible
10
168.6438
20
82.5439
30
0
0
VERTEX
8
Visible
10
168.6257
20
82.5507
30
0
0
VERTEX
8
Visible
10
168.6074
20
82.5577
30
0
0
VERTEX
8
Visible
10
168.5888
20
82.5648
30
0
0
VERTEX
8
Visible
10
168.5700
20
82.5720
30
0
0
VERTEX
8
Visible
10
168.5510
20
82.5793
30
0
0
VERTEX
8
Visible
10
168.5318
20
82.5868
30
0
0
VERTEX
8
Visible
10
168.5124
20
82.5943
30
0
0
VERTEX
8
Visible
10
168.4928
20
82.6020
30
0
0
VERTEX
8
Visible
10
168.4730
20
82.6098
30
0
0
VERTEX
8
Visible
10
168.4530
20
82.6176
30
0
0
VERTEX
8
Visible
10
168.4328
20
82.6256
30
0
0
VERTEX
8
Visible
10
168.4125
20
82.6337
30
0
0
VERTEX
8
Visible
10
168.3919
20
82.6419
30
0
0
VERTEX
8
Visible
10
168.3712
20
82.6501
30
0
0
VERTEX
8
Visible
10
168.3503
20
82.6585
30
0
0
VERTEX
8
Visible
10
168.3293
20
82.6670
30
0
0
VERTEX
8
Visible
10
168.3081
20
82.6755
30
0
0
VERTEX
8
Visible
10
168.2867
20
82.6842
30
0
0
VERTEX
8
Visible
10
168.2652
20
82.6929
30
0
0
VERTEX
8
Visible
10
168.2436
20
82.7017
30
0
0
VERTEX
8
Visible
10
168.2218
20
82.7105
30
0
0
VERTEX
8
Visible
10
168.1998
20
82.7195
30
0
0
VERTEX
8
Visible
10
168.1778
20
82.7285
30
0
0
VERTEX
8
Visible
10
168.1556
20
82.7376
30
0
0
VERTEX
8
Visible
10
168.1333
20
82.7468
30
0
0
VERTEX
8
Visible
10
168.1108
20
82.7560
30
0
0
VERTEX
8
Visible
10
168.0883
20
82.7653
30
0
0
VERTEX
8
Visible
10
168.0657
20
82.7747
30
0
0
VERTEX
8
Visible
10
168.0429
20
82.7841
30
0
0
VERTEX
8
Visible
10
168.0200
20
82.7936
30
0
0
VERTEX
8
Visible
10
167.9971
20
82.8031
30
0
0
VERTEX
8
Visible
10
167.9741
20
82.8127
30
0
0
VERTEX
8
Visible
10
167.9509
20
82.8223
30
0
0
VERTEX
8
Visible
10
167.9277
20
82.8320
30
0
0
VERTEX
8
Visible
10
167.9045
20
82.8417
30
0
0
VERTEX
8
Visible
10
167.8811
20
82.8515
30
0
0
VERTEX
8
Visible
10
167.8577
20
82.8612
30
0
0
VERTEX
8
Visible
10
167.8342
20
82.8711
30
0
0
VERTEX
8
Visible
10
167.8107
20
82.8809
30
0
0
VERTEX
8
Visible
10
167.7872
20
82.8908
30
0
0
VERTEX
8
Visible
10
167.7636
20
82.9008
30
0
0
VERTEX
8
Visible
10
167.7399
20
82.9107
30
0
0
VERTEX
8
Visible
10
167.7162
20
82.9207
30
0
0
VERTEX
8
Visible
10
167.6926
20
82.9306
30
0
0
VERTEX
8
Visible
10
167.6689
20
82.9406
30
0
0
VERTEX
8
Visible
10
167.6451
20
82.9507
30
0
0
VERTEX
8
Visible
10
167.6214
20
82.9607
30
0
0
VERTEX
8
Visible
10
167.5977
20
82.9707
30
0
0
VERTEX
8
Visible
10
167.5740
20
82.9807
30
0
0
VERTEX
8
Visible
10
167.5503
20
82.9908
30
0
0
VERTEX
8
Visible
10
167.5266
20
83.0008
30
0
0
VERTEX
8
Visible
10
167.5030
20
83.0108
30
0
0
VERTEX
8
Visible
10
167.4794
20
83.0209
30
0
0
VERTEX
8
Visible
10
167.4558
20
83.0309
30
0
0
VERTEX
8
Visible
10
167.4322
20
83.0409
30
0
0
VERTEX
8
Visible
10
167.4087
20
83.0509
30
0
0
VERTEX
8
Visible
10
167.3853
20
83.0608
30
0
0
VERTEX
8
Visible
10
167.3619
20
83.0708
30
0
0
VERTEX
8
Visible
10
167.3386
20
83.0807
30
0
0
VERTEX
8
Visible
10
167.3154
20
83.0906
30
0
0
VERTEX
8
Visible
10
167.2922
20
83.1005
30
0
0
VERTEX
8
Visible
10
167.2692
20
83.1103
30
0
0
VERTEX
8
Visible
10
167.2462
20
83.1202
30
0
0
VERTEX
8
Visible
10
167.2233
20
83.1299
30
0
0
VERTEX
8
Visible
10
167.2005
20
83.1397
30
0
0
VERTEX
8
Visible
10
167.1778
20
83.1494
30
0
0
VERTEX
8
Visible
10
167.1553
20
83.1590
30
0
0
VERTEX
8
Visible
10
167.1326
20
83.1687
30
0
0
VERTEX
8
Visible
10
167.1099
20
83.1784
30
0
0
VERTEX
8
Visible
10
167.0872
20
83.1881
30
0
0
VERTEX
8
Visible
10
167.0644
20
83.1979
30
0
0
VERTEX
8
Visible
10
167.0415
20
83.2077
30
0
0
VERTEX
8
Visible
10
167.0186
20
83.2175
30
0
0
VERTEX
8
Visible
10
166.9957
20
83.2274
30
0
0
VERTEX
8
Visible
10
166.9728
20
83.2372
30
0
0
VERTEX
8
Visible
10
166.9498
20
83.2471
30
0
0
VERTEX
8
Visible
10
166.9268
20
83.2570
30
0
0
VERTEX
8
Visible
10
166.9038
20
83.2669
30
0
0
VERTEX
8
Visible
10
166.8807
20
83.2768
30
0
0
VERTEX
8
Visible
10
166.8577
20
83.2867
30
0
0
VERTEX
8
Visible
10
166.8347
20
83.2967
30
0
0
VERTEX
8
Visible
10
166.8117
20
83.3066
30
0
0
VERTEX
8
Visible
10
166.7888
20
83.3165
30
0
0
VERTEX
8
Visible
10
166.7658
20
83.3265
30
0
0
VERTEX
8
Visible
10
166.7429
20
83.3364
30
0
0
VERTEX
8
Visible
10
166.7200
20
83.3463
30
0
0
VERTEX
8
Visible
10
166.6972
20
83.3562
30
0
0
VERTEX
8
Visible
10
166.6744
20
83.3661
30
0
0
VERTEX
8
Visible
10
166.6517
20
83.3760
30
0
0
VERTEX
8
Visible
10
166.6291
20
83.3858
30
0
0
VERTEX
8
Visible
10
166.6065
20
83.3957
30
0
0
VERTEX
8
Visible
10
166.5840
20
83.4055
30
0
0
VERTEX
8
Visible
10
166.5616
20
83.4153
30
0
0
VERTEX
8
Visible
10
166.5392
20
83.4251
30
0
0
VERTEX
8
Visible
10
166.5170
20
83.4348
30
0
0
VERTEX
8
Visible
10
166.4949
20
83.4445
30
0
0
VERTEX
8
Visible
10
166.4728
20
83.4542
30
0
0
VERTEX
8
Visible
10
166.4509
20
83.4638
30
0
0
VERTEX
8
Visible
10
166.4291
20
83.4735
30
0
0
VERTEX
8
Visible
10
166.4075
20
83.4830
30
0
0
VERTEX
8
Visible
10
166.3860
20
83.4925
30
0
0
VERTEX
8
Visible
10
166.3646
20
83.5020
30
0
0
VERTEX
8
Visible
10
166.3433
20
83.5115
30
0
0
VERTEX
8
Visible
10
166.3222
20
83.5209
30
0
0
VERTEX
8
Visible
10
166.3013
20
83.5302
30
0
0
VERTEX
8
Visible
10
166.2805
20
83.5395
30
0
0
VERTEX
8
Visible
10
166.2599
20
83.5488
30
0
0
VERTEX
8
Visible
10
166.2394
20
83.5580
30
0
0
VERTEX
8
Visible
10
166.2191
20
83.5671
30
0
0
VERTEX
8
Visible
10
166.1990
20
83.5762
30
0
0
VERTEX
8
Visible
10
166.1790
20
83.5852
30
0
0
VERTEX
8
Visible
10
166.1593
20
83.5942
30
0
0
VERTEX
8
Visible
10
166.1397
20
83.6031
30
0
0
VERTEX
8
Visible
10
166.1203
20
83.6120
30
0
0
VERTEX
8
Visible
10
166.1011
20
83.6208
30
0
0
VERTEX
8
Visible
10
166.0821
20
83.6295
30
0
0
VERTEX
8
Visible
10
166.0633
20
83.6382
30
0
0
VERTEX
8
Visible
10
166.0447
20
83.6468
30
0
0
VERTEX
8
Visible
10
166.0263
20
83.6554
30
0
0
VERTEX
8
Visible
10
166.0081
20
83.6638
30
0
0
VERTEX
8
Visible
10
165.9902
20
83.6722
30
0
0
VERTEX
8
Visible
10
165.9724
20
83.6806
30
0
0
VERTEX
8
Visible
10
165.9549
20
83.6888
30
0
0
VERTEX
8
Visible
10
165.9376
20
83.6970
30
0
0
VERTEX
8
Visible
10
165.9206
20
83.7051
30
0
0
VERTEX
8
Visible
10
165.9038
20
83.7132
30
0
0
VERTEX
8
Visible
10
165.8872
20
83.7211
30
0
0
VERTEX
8
Visible
10
165.8709
20
83.7290
30
0
0
VERTEX
8
Visible
10
165.8549
20
83.7368
30
0
0
VERTEX
8
Visible
10
165.8391
20
83.7445
30
0
0
VERTEX
8
Visible
10
165.8235
20
83.7522
30
0
0
VERTEX
8
Visible
10
165.8082
20
83.7597
30
0
0
VERTEX
8
Visible
10
165.7932
20
83.7672
30
0
0
VERTEX
8
Visible
10
165.7784
20
83.7746
30
0
0
VERTEX
8
Visible
10
165.7638
20
83.7819
30
0
0
VERTEX
8
Visible
10
165.7493
20
83.7893
30
0
0
VERTEX
8
Visible
10
165.7350
20
83.7966
30
0
0
VERTEX
8
Visible
10
165.7208
20
83.8039
30
0
0
VERTEX
8
Visible
10
165.7068
20
83.8111
30
0
0
VERTEX
8
Visible
10
165.6930
20
83.8183
30
0
0
VERTEX
8
Visible
10
165.6794
20
83.8255
30
0
0
VERTEX
8
Visible
10
165.6660
20
83.8326
30
0
0
VERTEX
8
Visible
10
165.6528
20
83.8397
30
0
0
VERTEX
8
Visible
10
165.6397
20
83.8467
30
0
0
VERTEX
8
Visible
10
165.6269
20
83.8537
30
0
0
VERTEX
8
Visible
10
165.6143
20
83.8607
30
0
0
VERTEX
8
Visible
10
165.6020
20
83.8676
30
0
0
VERTEX
8
Visible
10
165.5898
20
83.8744
30
0
0
VERTEX
8
Visible
10
165.5779
20
83.8812
30
0
0
VERTEX
8
Visible
10
165.5662
20
83.8879
30
0
0
VERTEX
8
Visible
10
165.5548
20
83.8946
30
0
0
VERTEX
8
Visible
10
165.5436
20
83.9012
30
0
0
VERTEX
8
Visible
10
165.5327
20
83.9077
30
0
0
VERTEX
8
Visible
10
165.5220
20
83.9142
30
0
0
VERTEX
8
Visible
10
165.5116
20
83.9206
30
0
0
VERTEX
8
Visible
10
165.5014
20
83.9270
30
0
0
VERTEX
8
Visible
10
165.4916
20
83.9332
30
0
0
VERTEX
8
Visible
10
165.4820
20
83.9394
30
0
0
VERTEX
8
Visible
10
165.4727
20
83.9456
30
0
0
VERTEX
8
Visible
10
165.4637
20
83.9516
30
0
0
VERTEX
8
Visible
10
165.4550
20
83.9576
30
0
0
VERTEX
8
Visible
10
165.4466
20
83.9634
30
0
0
VERTEX
8
Visible
10
165.4385
20
83.9692
30
0
0
VERTEX
8
Visible
10
165.4308
20
83.9750
30
0
0
VERTEX
8
Visible
10
165.4233
20
83.9806
30
0
0
VERTEX
8
Visible
10
165.4162
20
83.9861
30
0
0
VERTEX
8
Visible
10
165.4094
20
83.9916
30
0
0
VERTEX
8
Visible
10
165.4029
20
83.9970
30
0
0
VERTEX
8
Visible
10
165.3967
20
84.0023
30
0
0
VERTEX
8
Visible
10
165.3909
20
84.0075
30
0
0
VERTEX
8
Visible
10
165.3853
20
84.0126
30
0
0
VERTEX
8
Visible
10
165.3801
20
84.0176
30
0
0
VERTEX
8
Visible
10
165.3752
20
84.0225
30
0
0
VERTEX
8
Visible
10
165.3706
20
84.0273
30
0
0
VERTEX
8
Visible
10
165.3664
20
84.0321
30
0
0
VERTEX
8
Visible
10
165.3624
20
84.0367
30
0
0
VERTEX
8
Visible
10
165.3588
20
84.0413
30
0
0
VERTEX
8
Visible
10
165.3555
20
84.0458
30
0
0
VERTEX
8
Visible
10
165.3525
20
84.0501
30
0
0
VERTEX
8
Visible
10
165.3498
20
84.0544
30
0
0
VERTEX
8
Visible
10
165.3475
20
84.0586
30
0
0
VERTEX
8
Visible
10
165.3455
20
84.0627
30
0
0
VERTEX
8
Visible
10
165.3438
20
84.0666
30
0
0
VERTEX
8
Visible
10
165.3424
20
84.0705
30
0
0
VERTEX
8
Visible
10
165.3413
20
84.0743
30
0
0
VERTEX
8
Visible
10
165.3406
20
84.0780
30
0
0
VERTEX
8
Visible
10
165.3401
20
84.0816
30
0
0
VERTEX
8
Visible
10
165.3400
20
84.0850
30
0
0
VERTEX
8
Visible
10
165.3402
20
84.0884
30
0
0
SEQEND
8
Visible
0
POLYLINE
8
Visible
66
1
70
0
10
0
20
0
30
0
0
VERTEX
8
Visible
10
138.9398
20
84.0884
30
0
0
VERTEX
8
Visible
10
138.9400
20
84.0850
30
0
0
VERTEX
8
Visible
10
138.9399
20
84.0816
30
0
0
VERTEX
8
Visible
10
138.9395
20
84.0780
30
0
0
VERTEX
8
Visible
10
138.9387
20
84.0743
30
0
0
VERTEX
8
Visible
10
138.9377
20
84.0705
30
0
0
VERTEX
8
Visible
10
138.9363
20
84.0666
30
0
0
VERTEX
8
Visible
10
138.9346
20
84.0627
30
0
0
VERTEX
8
Visible
10
138.9325
20
84.0586
30
0
0
VERTEX
8
Visible
10
138.9302
20
84.0544
30
0
0
VERTEX
8
Visible
10
138.9275
20
84.0501
30
0
0
VERTEX
8
Visible
10
138.9245
20
84.0458
30
0
0
VERTEX
8
Visible
10
138.9212
20
84.0413
30
0
0
VERTEX
8
Visible
10
138.9176
20
84.0367
30
0
0
VERTEX
8
Visible
10
138.9137
20
84.0321
30
0
0
VERTEX
8
Visible
10
138.9094
20
84.0273
30
0
0
VERTEX
8
Visible
10
138.9048
20
84.0225
30
0
0
VERTEX
8
Visible
10
138.8999
20
84.0176
30
0
0
VERTEX
8
Visible
10
138.8947
20
84.0126
30
0
0
VERTEX
8
Visible
10
138.8891
20
84.0075
30
0
0
VERTEX
8
Visible
10
138.8833
20
84.0023
30
0
0
VERTEX
8
Visible
10
138.8771
20
83.9970
30
0
0
VERTEX
8
Visible
10
138.8706
20
83.9916
30
0
0
VERTEX
8
Visible
10
138.8638
20
83.9861
30
0
0
VERTEX
8
Visible
10
138.8567
20
83.9806
30
0
0
VERTEX
8
Visible
10
138.8492
20
83.9750
30
0
0
VERTEX
8
Visible
10
138.8415
20
83.9692
30
0
0
VERTEX
8
Visible
10
138.8334
20
83.9634
30
0
0
VERTEX
8
Visible
10
138.8250
20
83.9576
30
0
0
VERTEX
8
Visible
10
138.8163
20
83.9516
30
0
0
VERTEX
8
Visible
10
138.8073
20
83.9456
30
0
0
VERTEX
8
Visible
10
138.7980
20
83.9394
30
0
0
VERTEX
8
Visible
10
138.7885
20
83.9332
30
0
0
VERTEX
8
Visible
10
138.7786
20
83.9270
30
0
0
VERTEX
8
Visible
10
138.7685
20
83.9206
30
0
0
VERTEX
8
Visible
10
138.7581
20
83.9142
30
0
0
VERTEX
8
Visible
10
138.7474
20
83.9077
30
0
0
VERTEX
8
Visible
10
138.7364
20
83.9012
30
0
0
VERTEX
8
Visible
10
138.7253
20
83.8946
30
0
0
VERTEX
8
Visible
10
138.7138
20
83.8879
30
0
0
VERTEX
8
Visible
10
138.7021
20
83.8812
30
0
0
VERTEX
8
Visible
10
138.6902
20
83.8744
30
0
0
VERTEX
8
Visible
10
138.6781
20
83.8676
30
0
0
VERTEX
8
Visible
10
138.6657
20
83.8607
30
0
0
VERTEX
8
Visible
10
138.6531
20
83.8537
30
0
0
VERTEX
8
Visible
10
138.6403
20
83.8467
30
0
0
VERTEX
8
Visible
10
138.6273
20
83.8397
30
0
0
VERTEX
8
Visible
10
138.6140
20
83.8326
30
0
0
VERTEX
8
Visible
10
138.6006
20
83.8255
30
0
0
VERTEX
8
Visible
10
138.5870
20
83.8183
30
0
0
VERTEX
8
Visible
10
138.5732
20
83.8111
30
0
0
VERTEX
8
Visible
10
138.5592
20
83.8039
30
0
0
VERTEX
8
Visible
10
138.5451
20
83.7966
30
0
0
VERTEX
8
Visible
10
138.5308
20
83.7893
30
0
0
VERTEX
8
Visible
10
138.5163
20
83.7819
30
0
0
VERTEX
8
Visible
10
138.5016
20
83.7746
30
0
0
VERTEX
8
Visible
10
138.4868
20
83.7672
30
0
0
VERTEX
8
Visible
10
138.4718
20
83.7597
30
0
0
VERTEX
8
Visible
10
138.4565
20
83.7522
30
0
0
VERTEX
8
Visible
10
138.4410
20
83.7445
30
0
0
VERTEX
8
Visible
10
138.4252
20
83.7368
30
0
0
VERTEX
8
Visible
10
138.4091
20
83.7290
30
0
0
VERTEX
8
Visible
10
138.3928
20
83.7211
30
0
0
VERTEX
8
Visible
10
138.3762
20
83.7132
30
0
0
VERTEX
8
Visible
10
138.3594
20
83.7051
30
0
0
VERTEX
8
Visible
10
138.3424
20
83.6970
30
0
0
VERTEX
8
Visible
10
138.3251
20
83.6888
30
0
0
VERTEX
8
Visible
10
138.3076
20
83.6806
30
0
0
VERTEX
8
Visible
10
138.2899
20
83.6722
30
0
0
VERTEX
8
Visible
10
138.2719
20
83.6638
30
0
0
VERTEX
8
Visible
10
138.2537
20
83.6554
30
0
0
VERTEX
8
Visible
10
138.2353
20
83.6468
30
0
0
VERTEX
8
Visible
10
138.2167
20
83.6382
30
0
0
VERTEX
8
Visible
10
138.1979
20
83.6295
30
0
0
VERTEX
8
Visible
10
138.1789
20
83.6208
30
0
0
VERTEX
8
Visible
10
138.1597
20
83.6120
30
0
0
VERTEX
8
Visible
10
138.1403
20
83.6031
30
0
0
VERTEX
8
Visible
10
138.1208
20
83.5942
30
0
0
VERTEX
8
Visible
10
138.1010
20
83.5852
30
0
0
VERTEX
8
Visible
10
138.0810
20
83.5762
30
0
0
VERTEX
8
Visible
10
138.0609
20
83.5671
30
0
0
VERTEX
8
Visible
10
138.0406
20
83.5580
30
0
0
VERTEX
8
Visible
10
138.0202
20
83.5488
30
0
0
VERTEX
8
Visible
10
137.9995
20
83.5395
30
0
0
VERTEX
8
Visible
10
137.9787
20
83.5302
30
0
0
VERTEX
8
Visible
10
137.9578
20
83.5209
30
0
0
VERTEX
8
Visible
10
137.9367
20
83.5115
30
0
0
VERTEX
8
Visible
10
137.9155
20
83.5020
30
0
0
VERTEX
8
Visible
10
137.8941
20
83.4925
30
0
0
VERTEX
8
Visible
10
137.8725
20
83.4830
30
0
0
VERTEX
8
Visible
10
137.8509
20
83.4735
30
0
0
VERTEX
8
Visible
10
137.8291
20
83.4638
30
0
0
VERTEX
8
Visible
10
137.8072
20
83.4542
30
0
0
VERTEX
8
Visible
10
137.7852
20
83.4445
30
0
0
VERTEX
8
Visible
10
137.7630
20
83.4348
30
0
0
VERTEX
8
Visible
10
137.7408
20
83.4251
30
0
0
VERTEX
8
Visible
10
137.7185
20
83.4153
30
0
0
VERTEX
8
Visible
10
137.6961
20
83.4055
30
0
0
VERTEX
8
Visible
10
137.6736
20
83.3957
30
0
0
VERTEX
8
Visible
10
137.6510
20
83.3858
30
0
0
VERTEX
8
Visible
10
137.6283
20
83.3760
30
0
0
VERTEX
8
Visible
10
137.6056
20
83.3661
30
0
0
VERTEX
8
Visible
10
137.5828
20
83.3562
30
0
0
VERTEX
8
Visible
10
137.5600
20
83.3463
30
0
0
VERTEX
8
Visible
10
137.5371
20
83.3364
30
0
0
VERTEX
8
Visible
10
137.5142
20
83.3264
30
0
0
VERTEX
8
Visible
10
137.4913
20
83.3165
30
0
0
VERTEX
8
Visible
10
137.4683
20
83.3066
30
0
0
VERTEX
8
Visible
10
137.4453
20
83.2967
30
0
0
VERTEX
8
Visible
10
137.4223
20
83.2867
30
0
0
VERTEX
8
Visible
10
137.3993
20
83.2768
30
0
0
VERTEX
8
Visible
10
137.3763
20
83.2669
30
0
0
VERTEX
8
Visible
10
137.3533
20
83.2570
30
0
0
VERTEX
8
Visible
10
137.3303
20
83.2471
30
0
0
VERTEX
8
Visible
10
137.3073
20
83.2372
30
0
0
VERTEX
8
Visible
10
137.2843
20
83.2274
30
0
0
VERTEX
8
Visible
10
137.2614
20
83.2175
30
0
0
VERTEX
8
Visible
10
137.2385
20
83.2077
30
0
0
VERTEX
8
Visible
10
137.2156
20
83.1979
30
0
0
VERTEX
8
Visible
10
137.1928
20
83.1881
30
0
0
VERTEX
8
Visible
10
137.1701
20
83.1784
30
0
0
VERTEX
8
Visible
10
137.1474
20
83.1687
30
0
0
VERTEX
8
Visible
10
137.1248
20
83.1590
30
0
0
VERTEX
8
Visible
10
137.1022
20
83.1494
30
0
0
VERTEX
8
Visible
10
137.0795
20
83.1397
30
0
0
VERTEX
8
Visible
10
137.0567
20
83.1299
30
0
0
VERTEX
8
Visible
10
137.0339
20
83.1202
30
0
0
VERTEX
8
Visible
10
137.0109
20
83.1103
30
0
0
VERTEX
8
Visible
10
136.9878
20
83.1005
30
0
0
VERTEX
8
Visible
10
136.9646
20
83.0906
30
0
0
VERTEX
8
Visible
10
136.9414
20
83.0807
30
0
0
VERTEX
8
Visible
10
136.9181
20
83.0708
30
0
0
VERTEX
8
Visible
10
136.8947
20
83.0608
30
0
0
VERTEX
8
Visible
10
136.8713
20
83.0509
30
0
0
VERTEX
8
Visible
10
136.8478
20
83.0409
30
0
0
VERTEX
8
Visible
10
136.8243
20
83.0309
30
0
0
VERTEX
8
Visible
10
136.8007
20
83.0209
30
0
0
VERTEX
8
Visible
10
136.7771
20
83.0108
30
0
0
VERTEX
8
Visible
10
136.7534
20
83.0008
30
0
0
VERTEX
8
Visible
10
136.7297
20
82.9908
30
0
0
VERTEX
8
Visible
10
136.7060
20
82.9807
30
0
0
VERTEX
8
Visible
10
136.6823
20
82.9707
30
0
0
VERTEX
8
Visible
10
136.6586
20
82.9607
30
0
0
VERTEX
8
Visible
10
136.6349
20
82.9507
30
0
0
VERTEX
8
Visible
10
136.6112
20
82.9406
30
0
0
VERTEX
8
Visible
10
136.5875
20
82.9306
30
0
0
VERTEX
8
Visible
10
136.5638
20
82.9207
30
0
0
VERTEX
8
Visible
10
136.5401
20
82.9107
30
0
0
VERTEX
8
Visible
10
136.5165
20
82.9008
30
0
0
VERTEX
8
Visible
10
136.4929
20
82.8908
30
0
0
VERTEX
8
Visible
10
136.4693
20
82.8809
30
0
0
VERTEX
8
Visible
10
136.4458
20
82.8711
30
0
0
VERTEX
8
Visible
10
136.4223
20
82.8612
30
0
0
VERTEX
8
Visible
10
136.3989
20
82.8515
30
0
0
VERTEX
8
Visible
10
136.3756
20
82.8417
30
0
0
VERTEX
8
Visible
10
136.3523
20
82.8320
30
0
0
VERTEX
8
Visible
10
136.3291
20
82.8223
30
0
0
VERTEX
8
Visible
10
136.3060
20
82.8127
30
0
0
VERTEX
8
Visible
10
136.2829
20
82.8031
30
0
0
VERTEX
8
Visible
10
136.2600
20
82.7936
30
0
0
VERTEX
8
Visible
10
136.2371
20
82.7841
30
0
0
VERTEX
8
Visible
10
136.2144
20
82.7747
30
0
0
VERTEX
8
Visible
10
136.1917
20
82.7653
30
0
0
VERTEX
8
Visible
10
136.1692
20
82.7560
30
0
0
VERTEX
8
Visible
10
136.1468
20
82.7468
30
0
0
VERTEX
8
Visible
10
136.1244
20
82.7376
30
0
0
VERTEX
8
Visible
10
136.1023
20
82.7285
30
0
0
VERTEX
8
Visible
10
136.0802
20
82.7195
30
0
0
VERTEX
8
Visible
10
136.0583
20
82.7105
30
0
0
VERTEX
8
Visible
10
136.0365
20
82.7017
30
0
0
VERTEX
8
Visible
10
136.0148
20
82.6929
30
0
0
VERTEX
8
Visible
10
135.9933
20
82.6842
30
0
0
VERTEX
8
Visible
10
135.9720
20
82.6755
30
0
0
VERTEX
8
Visible
10
135.9508
20
82.6670
30
0
0
VERTEX
8
Visible
10
135.9297
20
82.6585
30
0
0
VERTEX
8
Visible
10
135.9088
20
82.6501
30
0
0
VERTEX
8
Visible
10
135.8881
20
82.6419
30
0
0
VERTEX
8
Visible
10
135.8676
20
82.6337
30
0
0
VERTEX
8
Visible
10
135.8472
20
82.6256
30
0
0
VERTEX
8
Visible
10
135.8270
20
82.6176
30
0
0
VERTEX
8
Visible
10
135.8070
20
82.6097
30
0
0
VERTEX
8
Visible
10
135.7872
20
82.6020
30
0
0
VERTEX
8
Visible
10
135.7676
20
82.5943
30
0
0
VERTEX
8
Visible
10
135.7482
20
82.5868
30
0
0
VERTEX
8
Visible
10
135.7290
20
82.5793
30
0
0
VERTEX
8
Visible
10
135.7100
20
82.5720
30
0
0
VERTEX
8
Visible
10
135.6912
20
82.5648
30
0
0
VERTEX
8
Visible
10
135.6727
20
82.5577
30
0
0
VERTEX
8
Visible
10
135.6543
20
82.5507
30
0
0
VERTEX
8
Visible
10
135.6362
20
82.5439
30
0
0
VERTEX
8
Visible
10
135.6183
20
82.5371
30
0
0
VERTEX
8
Visible
10
135.6006
20
82.5305
30
0
0
VERTEX
8
Visible
10
135.5829
20
82.5240
30
0
0
VERTEX
8
Visible
10
135.5654
20
82.5175
30
0
0
VERTEX
8
Visible
10
135.5480
20
82.5111
30
0
0
VERTEX
8
Visible
10
135.5307
20
82.5049
30
0
0
VERTEX
8
Visible
10
135.5135
20
82.4987
30
0
0
VERTEX
8
Visible
10
135.4965
20
82.4926
30
0
0
VERTEX
8
Visible
10
135.4796
20
82.4866
30
0
0
VERTEX
8
Visible
10
135.4629
20
82.4807
30
0
0
VERTEX
8
Visible
10
135.4463
20
82.4750
30
0
0
VERTEX
8
Visible
10
135.4299
20
82.4693
30
0
0
VERTEX
8
Visible
10
135.4137
20
82.4638
30
0
0
VERTEX
8
Visible
10
135.3976
20
82.4584
30
0
0
VERTEX
8
Visible
10
135.3817
20
82.4531
30
0
0
VERTEX
8
Visible
10
135.3661
20
82.4479
30
0
0
VERTEX
8
Visible
10
135.3506
20
82.4429
30
0
0
VERTEX
8
Visible
10
135.3353
20
82.4380
30
0
0
VERTEX
8
Visible
10
135.3203
20
82.4332
30
0
0
VERTEX
8
Visible
10
135.3055
20
82.4286
30
0
0
VERTEX
8
Visible
10
135.2909
20
82.4242
30
0
0
VERTEX
8
Visible
10
135.2765
20
82.4199
30
0
0
VERTEX
8
Visible
10
135.2624
20
82.4157
30
0
0
VERTEX
8
Visible
10
135.2485
20
82.4117
30
0
0
VERTEX
8
Visible
10
135.2349
20
82.4079
30
0
0
VERTEX
8
Visible
10
135.2216
20
82.4042
30
0
0
VERTEX
8
Visible
10
135.2085
20
82.4007
30
0
0
VERTEX
8
Visible
10
135.1957
20
82.3973
30
0
0
VERTEX
8
Visible
10
135.1832
20
82.3942
30
0
0
VERTEX
8
Visible
10
135.1710
20
82.3912
30
0
0
VERTEX
8
Visible
10
135.1591
20
82.3884
30
0
0
VERTEX
8
Visible
10
135.1475
20
82.3858
30
0
0
VERTEX
8
Visible
10
135.1362
20
82.3833
30
0
0
VERTEX
8
Visible
10
135.1253
20
82.3811
30
0
0
VERTEX
8
Visible
10
135.1146
20
82.3791
30
0
0
VERTEX
8
Visible
10
135.1042
20
82.3772
30
0
0
VERTEX
8
Visible
10
135.0942
20
82.3755
30
0
0
VERTEX
8
Visible
10
135.0844
20
82.3740
30
0
0
VERTEX
8
Visible
10
135.0750
20
82.3727
30
0
0
VERTEX
8
Visible
10
135.0659
20
82.3716
30
0
0
VERTEX
8
Visible
10
135.0571
20
82.3707
30
0
0
VERTEX
8
Visible
10
135.0486
20
82.3699
30
0
0
VERTEX
8
Visible
10
135.0405
20
82.3694
30
0
0
VERTEX
8
Visible
10
135.0326
20
82.3690
30
0
0
VERTEX
8
Visible
10
135.0251
20
82.3688
30
0
0
VERTEX
8
Visible
10
135.0179
20
82.3687
30
0
0
VERTEX
8
Visible
10
135.0110
20
82.3689
30
0
0
VERTEX
8
Visible
10
135.0044
20
82.3692
30
0
0
VERTEX
8
Visible
10
134.9981
20
82.3697
30
0
0
VERTEX
8
Visible
10
134.9922
20
82.3704
30
0
0
VERTEX
8
Visible
10
134.9866
20
82.3713
30
0
0
VERTEX
8
Visible
10
134.9813
20
82.3723
30
0
0
VERTEX
8
Visible
10
134.9763
20
82.3736
30
0
0
VERTEX
8
Visible
10
134.9716
20
82.3750
30
0
0
VERTEX
8
Visible
10
134.9673
20
82.3765
30
0
0
VERTEX
8
Visible
10
134.9633
20
82.3783
30
0
0
VERTEX
8
Visible
10
134.9596
20
82.3802
30
0
0
VERTEX
8
Visible
10
134.9563
20
82.3823
30
0
0
VERTEX
8
Visible
10
134.9532
20
82.3845
30
0
0
VERTEX
8
Visible
10
134.9505
20
82.3870
30
0
0
VERTEX
8
Visible
10
134.9482
20
82.3896
30
0
0
VERTEX
8
Visible
10
134.9461
20
82.3923
30
0
0
VERTEX
8
Visible
10
134.9443
20
82.3953
30
0
0
SEQEND
8
Visible
0
LINE
8
Visible
10
177.6196
20
72.8868
30
0
11
176.2874
21
72.8868
31
0
0
POLYLINE
8
Visible
66
1
70
0
10
0
20
0
30
0
0
VERTEX
8
Visible
10
177.6196
20
72.8868
30
0
0
VERTEX
8
Visible
10
177.5615
20
73.0152
30
0
0
VERTEX
8
Visible
10
177.5025
20
73.1431
30
0
0
VERTEX
8
Visible
10
177.4426
20
73.2707
30
0
0
VERTEX
8
Visible
10
177.3818
20
73.3978
30
0
0
VERTEX
8
Visible
10
177.3201
20
73.5244
30
0
0
VERTEX
8
Visible
10
177.2575
20
73.6506
30
0
0
VERTEX
8
Visible
10
177.1941
20
73.7764
30
0
0
VERTEX
8
Visible
10
177.1297
20
73.9017
30
0
0
VERTEX
8
Visible
10
177.0645
20
74.0265
30
0
0
VERTEX
8
Visible
10
176.9984
20
74.1509
30
0
0
VERTEX
8
Visible
10
176.9314
20
74.2748
30
0
0
VERTEX
8
Visible
10
176.8635
20
74.3982
30
0
0
VERTEX
8
Visible
10
176.7948
20
74.5211
30
0
0
VERTEX
8
Visible
10
176.7252
20
74.6435
30
0
0
VERTEX
8
Visible
10
176.6547
20
74.7654
30
0
0
VERTEX
8
Visible
10
176.5834
20
74.8868
30
0
0
SEQEND
8
Visible
0
LINE
8
Visible
10
176.9713
20
74.8868
30
0
11
176.5834
21
74.8868
31
0
0
LINE
8
Visible
10
127.6966
20
74.8868
30
0
11
127.3087
21
74.8868
31
0
0
POLYLINE
8
Visible
66
1
70
0
10
0
20
0
30
0
0
VERTEX
8
Visible
10
127.6966
20
74.8868
30
0
0
VERTEX
8
Visible
10
127.6253
20
74.7654
30
0
0
VERTEX
8
Visible
10
127.5548
20
74.6435
30
0
0
VERTEX
8
Visible
10
127.4852
20
74.5211
30
0
0
VERTEX
8
Visible
10
127.4165
20
74.3982
30
0
0
VERTEX
8
Visible
10
127.3487
20
74.2748
30
0
0
VERTEX
8
Visible
10
127.2817
20
74.1509
30
0
0
VERTEX
8
Visible
10
127.2156
20
74.0265
30
0
0
VERTEX
8
Visible
10
127.1503
20
73.9017
30
0
0
VERTEX
8
Visible
10
127.0860
20
73.7764
30
0
0
VERTEX
8
Visible
10
127.0225
20
73.6506
30
0
0
VERTEX
8
Visible
10
126.9599
20
73.5244
30
0
0
VERTEX
8
Visible
10
126.8982
20
73.3978
30
0
0
VERTEX
8
Visible
10
126.8374
20
73.2707
30
0
0
VERTEX
8
Visible
10
126.7775
20
73.1431
30
0
0
VERTEX
8
Visible
10
126.7185
20
73.0152
30
0
0
VERTEX
8
Visible
10
126.6604
20
72.8868
30
0
0
SEQEND
8
Visible
0
LINE
8
Visible
10
127.9926
20
72.8868
30
0
11
126.6604
21
72.8868
31
0
0
LINE
8
Visible
10
127.9926
20
72.8868
30
0
11
129.0020
21
72.8868
31
0
0
POLYLINE
8
Visible
66
1
70
0
10
0
20
0
30
0
0
VERTEX
8
Visible
10
176.9047
20
69.2938
30
0
0
VERTEX
8
Visible
10
176.8781
20
69.3718
30
0
0
VERTEX
8
Visible
10
176.8513
20
69.4496
30
0
0
VERTEX
8
Visible
10
176.8241
20
69.5273
30
0
0
VERTEX
8
Visible
10
176.7966
20
69.6049
30
0
0
VERTEX
8
Visible
10
176.7688
20
69.6823
30
0
0
VERTEX
8
Visible
10
176.7407
20
69.7597
30
0
0
VERTEX
8
Visible
10
176.7122
20
69.8369
30
0
0
VERTEX
8
Visible
10
176.6835
20
69.9140
30
0
0
VERTEX
8
Visible
10
176.6544
20
69.9910
30
0
0
VERTEX
8
Visible
10
176.6250
20
70.0678
30
0
0
VERTEX
8
Visible
10
176.5953
20
70.1445
30
0
0
VERTEX
8
Visible
10
176.5653
20
70.2211
30
0
0
VERTEX
8
Visible
10
176.5349
20
70.2976
30
0
0
VERTEX
8
Visible
10
176.5043
20
70.3739
30
0
0
VERTEX
8
Visible
10
176.4733
20
70.4502
30
0
0
VERTEX
8
Visible
10
176.4420
20
70.5262
30
0
0
VERTEX
8
Visible
10
176.4104
20
70.6022
30
0
0
VERTEX
8
Visible
10
176.3785
20
70.6780
30
0
0
VERTEX
8
Visible
10
176.3463
20
70.7537
30
0
0
VERTEX
8
Visible
10
176.3138
20
70.8293
30
0
0
VERTEX
8
Visible
10
176.2810
20
70.9047
30
0
0
VERTEX
8
Visible
10
176.2478
20
70.9800
30
0
0
VERTEX
8
Visible
10
176.2144
20
71.0551
30
0
0
VERTEX
8
Visible
10
176.1806
20
71.1302
30
0
0
VERTEX
8
Visible
10
176.1465
20
71.2050
30
0
0
VERTEX
8
Visible
10
176.1121
20
71.2798
30
0
0
VERTEX
8
Visible
10
176.0774
20
71.3544
30
0
0
VERTEX
8
Visible
10
176.0424
20
71.4288
30
0
0
VERTEX
8
Visible
10
176.0071
20
71.5031
30
0
0
VERTEX
8
Visible
10
175.9715
20
71.5773
30
0
0
VERTEX
8
Visible
10
175.9355
20
71.6513
30
0
0
VERTEX
8
Visible
10
175.8993
20
71.7252
30
0
0
VERTEX
8
Visible
10
175.8628
20
71.7990
30
0
0
VERTEX
8
Visible
10
175.8259
20
71.8725
30
0
0
VERTEX
8
Visible
10
175.7888
20
71.9460
30
0
0
VERTEX
8
Visible
10
175.7513
20
72.0193
30
0
0
VERTEX
8
Visible
10
175.7135
20
72.0924
30
0
0
VERTEX
8
Visible
10
175.6754
20
72.1654
30
0
0
VERTEX
8
Visible
10
175.6371
20
72.2383
30
0
0
VERTEX
8
Visible
10
175.5984
20
72.3109
30
0
0
VERTEX
8
Visible
10
175.5594
20
72.3835
30
0
0
VERTEX
8
Visible
10
175.5201
20
72.4558
30
0
0
VERTEX
8
Visible
10
175.4805
20
72.5281
30
0
0
VERTEX
8
Visible
10
175.4406
20
72.6001
30
0
0
VERTEX
8
Visible
10
175.4004
20
72.6720
30
0
0
VERTEX
8
Visible
10
175.3599
20
72.7438
30
0
0
VERTEX
8
Visible
10
175.3191
20
72.8154
30
0
0
VERTEX
8
Visible
10
175.2780
20
72.8868
30
0
0
SEQEND
8
Visible
0
LINE
8
Visible
10
175.2780
20
72.8868
30
0
11
176.2874
21
72.8868
31
0
0
ARC
8
Visible
10
169.3748
20
66.7470
30
0
40
7.9489
50
1.0080
51
18.6875
0
POLYLINE
8
Visible
66
1
70
0
10
0
20
0
30
0
0
VERTEX
8
Visible
10
124.9446
20
69.3198
30
0
0
VERTEX
8
Visible
10
125.2587
20
70.5898
30
0
0
VERTEX
8
Visible
10
125.6397
20
71.7934
30
0
0
VERTEX
8
Visible
10
126.0754
20
72.9254
30
0
0
VERTEX
8
Visible
10
126.5536
20
73.9800
30
0
0
VERTEX
8
Visible
10
127.0620
20
74.9520
30
0
0
VERTEX
8
Visible
10
127.5878
20
75.8409
30
0
0
VERTEX
8
Visible
10
128.1233
20
76.6516
30
0
0
VERTEX
8
Visible
10
128.6626
20
77.3890
30
0
0
VERTEX
8
Visible
10
129.1997
20
78.0579
30
0
0
VERTEX
8
Visible
10
129.7287
20
78.6631
30
0
0
VERTEX
8
Visible
10
130.2437
20
79.2095
30
0
0
VERTEX
8
Visible
10
130.7412
20
79.7039
30
0
0
VERTEX
8
Visible
10
131.2211
20
80.1514
30
0
0
VERTEX
8
Visible
10
131.6834
20
80.5558
30
0
0
VERTEX
8
Visible
10
132.1281
20
80.9209
30
0
0
VERTEX
8
Visible
10
132.5550
20
81.2504
30
0
0
VERTEX
8
Visible
10
132.9642
20
81.5482
30
0
0
VERTEX
8
Visible
10
133.3556
20
81.8182
30
0
0
VERTEX
8
Visible
10
133.7292
20
82.0640
30
0
0
VERTEX
8
Visible
10
134.0852
20
82.2894
30
0
0
VERTEX
8
Visible
10
134.4252
20
82.4974
30
0
0
VERTEX
8
Visible
10
134.7502
20
82.6890
30
0
0
VERTEX
8
Visible
10
135.0610
20
82.8653
30
0
0
VERTEX
8
Visible
10
135.3581
20
83.0273
30
0
0
VERTEX
8
Visible
10
135.6422
20
83.1760
30
0
0
VERTEX
8
Visible
10
135.9140
20
83.3124
30
0
0
VERTEX
8
Visible
10
136.1741
20
83.4375
30
0
0
VERTEX
8
Visible
10
136.4231
20
83.5523
30
0
0
VERTEX
8
Visible
10
136.6618
20
83.6579
30
0
0
VERTEX
8
Visible
10
136.8908
20
83.7552
30
0
0
VERTEX
8
Visible
10
137.1107
20
83.8453
30
0
0
VERTEX
8
Visible
10
137.3221
20
83.9292
30
0
0
VERTEX
8
Visible
10
137.5259
20
84.0079
30
0
0
VERTEX
8
Visible
10
137.7225
20
84.0823
30
0
0
VERTEX
8
Visible
10
137.9127
20
84.1534
30
0
0
VERTEX
8
Visible
10
138.0970
20
84.2210
30
0
0
VERTEX
8
Visible
10
138.2756
20
84.2850
30
0
0
VERTEX
8
Visible
10
138.4487
20
84.3457
30
0
0
VERTEX
8
Visible
10
138.6166
20
84.4031
30
0
0
VERTEX
8
Visible
10
138.7793
20
84.4574
30
0
0
VERTEX
8
Visible
10
138.9372
20
84.5088
30
0
0
VERTEX
8
Visible
10
139.0903
20
84.5574
30
0
0
VERTEX
8
Visible
10
139.2390
20
84.6033
30
0
0
VERTEX
8
Visible
10
139.3833
20
84.6467
30
0
0
VERTEX
8
Visible
10
139.5236
20
84.6877
30
0
0
VERTEX
8
Visible
10
139.6599
20
84.7265
30
0
0
VERTEX
8
Visible
10
139.7926
20
84.7631
30
0
0
VERTEX
8
Visible
10
139.9217
20
84.7978
30
0
0
VERTEX
8
Visible
10
140.0476
20
84.8307
30
0
0
VERTEX
8
Visible
10
140.1703
20
84.8619
30
0
0
VERTEX
8
Visible
10
140.2901
20
84.8915
30
0
0
VERTEX
8
Visible
10
140.4073
20
84.9197
30
0
0
VERTEX
8
Visible
10
140.5219
20
84.9466
30
0
0
VERTEX
8
Visible
10
140.6341
20
84.9725
30
0
0
VERTEX
8
Visible
10
140.7443
20
84.9973
30
0
0
VERTEX
8
Visible
10
140.8525
20
85.0213
30
0
0
VERTEX
8
Visible
10
140.9591
20
85.0446
30
0
0
VERTEX
8
Visible
10
141.0641
20
85.0673
30
0
0
VERTEX
8
Visible
10
141.1678
20
85.0896
30
0
0
VERTEX
8
Visible
10
141.2702
20
85.1115
30
0
0
VERTEX
8
Visible
10
141.3714
20
85.1328
30
0
0
VERTEX
8
Visible
10
141.4714
20
85.1535
30
0
0
VERTEX
8
Visible
10
141.5702
20
85.1737
30
0
0
VERTEX
8
Visible
10
141.6678
20
85.1934
30
0
0
VERTEX
8
Visible
10
141.7644
20
85.2125
30
0
0
VERTEX
8
Visible
10
141.8598
20
85.2311
30
0
0
VERTEX
8
Visible
10
141.9541
20
85.2493
30
0
0
VERTEX
8
Visible
10
142.0474
20
85.2669
30
0
0
VERTEX
8
Visible
10
142.1396
20
85.2841
30
0
0
VERTEX
8
Visible
10
142.2309
20
85.3008
30
0
0
VERTEX
8
Visible
10
142.3211
20
85.3170
30
0
0
VERTEX
8
Visible
10
142.4105
20
85.3328
30
0
0
VERTEX
8
Visible
10
142.4989
20
85.3482
30
0
0
VERTEX
8
Visible
10
142.5865
20
85.3631
30
0
0
VERTEX
8
Visible
10
142.6731
20
85.3776
30
0
0
VERTEX
8
Visible
10
142.7590
20
85.3917
30
0
0
VERTEX
8
Visible
10
142.8441
20
85.4055
30
0
0
VERTEX
8
Visible
10
142.9284
20
85.4188
30
0
0
VERTEX
8
Visible
10
143.0119
20
85.4318
30
0
0
VERTEX
8
Visible
10
143.0947
20
85.4444
30
0
0
VERTEX
8
Visible
10
143.1768
20
85.4567
30
0
0
VERTEX
8
Visible
10
143.2583
20
85.4686
30
0
0
VERTEX
8
Visible
10
143.3391
20
85.4802
30
0
0
VERTEX
8
Visible
10
143.4193
20
85.4915
30
0
0
VERTEX
8
Visible
10
143.4990
20
85.5025
30
0
0
VERTEX
8
Visible
10
143.5781
20
85.5132
30
0
0
VERTEX
8
Visible
10
143.6566
20
85.5236
30
0
0
VERTEX
8
Visible
10
143.7347
20
85.5337
30
0
0
VERTEX
8
Visible
10
143.8123
20
85.5436
30
0
0
VERTEX
8
Visible
10
143.8894
20
85.5532
30
0
0
VERTEX
8
Visible
10
143.9662
20
85.5626
30
0
0
VERTEX
8
Visible
10
144.0425
20
85.5718
30
0
0
VERTEX
8
Visible
10
144.1185
20
85.5807
30
0
0
VERTEX
8
Visible
10
144.1942
20
85.5894
30
0
0
VERTEX
8
Visible
10
144.2695
20
85.5980
30
0
0
VERTEX
8
Visible
10
144.3446
20
85.6063
30
0
0
VERTEX
8
Visible
10
144.4194
20
85.6145
30
0
0
VERTEX
8
Visible
10
144.4940
20
85.6225
30
0
0
VERTEX
8
Visible
10
144.5684
20
85.6304
30
0
0
VERTEX
8
Visible
10
144.6427
20
85.6381
30
0
0
VERTEX
8
Visible
10
144.7168
20
85.6457
30
0
0
VERTEX
8
Visible
10
144.7908
20
85.6531
30
0
0
VERTEX
8
Visible
10
144.8647
20
85.6605
30
0
0
VERTEX
8
Visible
10
144.9386
20
85.6678
30
0
0
VERTEX
8
Visible
10
145.0124
20
85.6749
30
0
0
VERTEX
8
Visible
10
145.0862
20
85.6820
30
0
0
VERTEX
8
Visible
10
145.1601
20
85.6890
30
0
0
VERTEX
8
Visible
10
145.2340
20
85.6960
30
0
0
VERTEX
8
Visible
10
145.3080
20
85.7029
30
0
0
VERTEX
8
Visible
10
145.3821
20
85.7098
30
0
0
VERTEX
8
Visible
10
145.4564
20
85.7167
30
0
0
VERTEX
8
Visible
10
145.5306
20
85.7235
30
0
0
VERTEX
8
Visible
10
145.6048
20
85.7302
30
0
0
VERTEX
8
Visible
10
145.6790
20
85.7367
30
0
0
VERTEX
8
Visible
10
145.7532
20
85.7432
30
0
0
VERTEX
8
Visible
10
145.8273
20
85.7496
30
0
0
VERTEX
8
Visible
10
145.9014
20
85.7558
30
0
0
VERTEX
8
Visible
10
145.9755
20
85.7620
30
0
0
VERTEX
8
Visible
10
146.0495
20
85.7681
30
0
0
VERTEX
8
Visible
10
146.1236
20
85.7740
30
0
0
VERTEX
8
Visible
10
146.1976
20
85.7799
30
0
0
VERTEX
8
Visible
10
146.2716
20
85.7857
30
0
0
VERTEX
8
Visible
10
146.3456
20
85.7913
30
0
0
VERTEX
8
Visible
10
146.4196
20
85.7969
30
0
0
VERTEX
8
Visible
10
146.4936
20
85.8024
30
0
0
VERTEX
8
Visible
10
146.5676
20
85.8078
30
0
0
VERTEX
8
Visible
10
146.6416
20
85.8131
30
0
0
VERTEX
8
Visible
10
146.7156
20
85.8183
30
0
0
VERTEX
8
Visible
10
146.7896
20
85.8234
30
0
0
VERTEX
8
Visible
10
146.8636
20
85.8284
30
0
0
VERTEX
8
Visible
10
146.9376
20
85.8334
30
0
0
VERTEX
8
Visible
10
147.0116
20
85.8382
30
0
0
VERTEX
8
Visible
10
147.0857
20
85.8430
30
0
0
VERTEX
8
Visible
10
147.1598
20
85.8476
30
0
0
VERTEX
8
Visible
10
147.2339
20
85.8522
30
0
0
VERTEX
8
Visible
10
147.3080
20
85.8567
30
0
0
VERTEX
8
Visible
10
147.3822
20
85.8612
30
0
0
VERTEX
8
Visible
10
147.4563
20
85.8655
30
0
0
VERTEX
8
Visible
10
147.5306
20
85.8698
30
0
0
VERTEX
8
Visible
10
147.6048
20
85.8740
30
0
0
VERTEX
8
Visible
10
147.6791
20
85.8781
30
0
0
VERTEX
8
Visible
10
147.7534
20
85.8821
30
0
0
VERTEX
8
Visible
10
147.8278
20
85.8860
30
0
0
VERTEX
8
Visible
10
147.9022
20
85.8899
30
0
0
VERTEX
8
Visible
10
147.9767
20
85.8937
30
0
0
VERTEX
8
Visible
10
148.0512
20
85.8974
30
0
0
VERTEX
8
Visible
10
148.1258
20
85.9011
30
0
0
VERTEX
8
Visible
10
148.2005
20
85.9047
30
0
0
VERTEX
8
Visible
10
148.2752
20
85.9082
30
0
0
VERTEX
8
Visible
10
148.3499
20
85.9116
30
0
0
VERTEX
8
Visible
10
148.4248
20
85.9150
30
0
0
VERTEX
8
Visible
10
148.4997
20
85.9183
30
0
0
VERTEX
8
Visible
10
148.5746
20
85.9215
30
0
0
VERTEX
8
Visible
10
148.6496
20
85.9247
30
0
0
VERTEX
8
Visible
10
148.7247
20
85.9278
30
0
0
VERTEX
8
Visible
10
148.7998
20
85.9308
30
0
0
VERTEX
8
Visible
10
148.8749
20
85.9337
30
0
0
VERTEX
8
Visible
10
148.9502
20
85.9366
30
0
0
VERTEX
8
Visible
10
149.0254
20
85.9394
30
0
0
VERTEX
8
Visible
10
149.1007
20
85.9422
30
0
0
VERTEX
8
Visible
10
149.1761
20
85.9448
30
0
0
VERTEX
8
Visible
10
149.2515
20
85.9474
30
0
0
VERTEX
8
Visible
10
149.3270
20
85.9500
30
0
0
VERTEX
8
Visible
10
149.4025
20
85.9524
30
0
0
VERTEX
8
Visible
10
149.4780
20
85.9548
30
0
0
VERTEX
8
Visible
10
149.5536
20
85.9571
30
0
0
VERTEX
8
Visible
10
149.6292
20
85.9594
30
0
0
VERTEX
8
Visible
10
149.7049
20
85.9616
30
0
0
VERTEX
8
Visible
10
149.7806
20
85.9637
30
0
0
VERTEX
8
Visible
10
149.8563
20
85.9657
30
0
0
VERTEX
8
Visible
10
149.9321
20
85.9677
30
0
0
VERTEX
8
Visible
10
150.0079
20
85.9696
30
0
0
VERTEX
8
Visible
10
150.0837
20
85.9714
30
0
0
VERTEX
8
Visible
10
150.1596
20
85.9732
30
0
0
VERTEX
8
Visible
10
150.2355
20
85.9749
30
0
0
VERTEX
8
Visible
10
150.3115
20
85.9765
30
0
0
VERTEX
8
Visible
10
150.3874
20
85.9781
30
0
0
VERTEX
8
Visible
10
150.4634
20
85.9796
30
0
0
VERTEX
8
Visible
10
150.5394
20
85.9810
30
0
0
VERTEX
8
Visible
10
150.6155
20
85.9824
30
0
0
VERTEX
8
Visible
10
150.6916
20
85.9837
30
0
0
VERTEX
8
Visible
10
150.7677
20
85.9849
30
0
0
VERTEX
8
Visible
10
150.8438
20
85.9861
30
0
0
VERTEX
8
Visible
10
150.9199
20
85.9872
30
0
0
VERTEX
8
Visible
10
150.9961
20
85.9882
30
0
0
VERTEX
8
Visible
10
151.0723
20
85.9891
30
0
0
VERTEX
8
Visible
10
151.1485
20
85.9900
30
0
0
VERTEX
8
Visible
10
151.2247
20
85.9908
30
0
0
VERTEX
8
Visible
10
151.3009
20
85.9916
30
0
0
VERTEX
8
Visible
10
151.3772
20
85.9923
30
0
0
VERTEX
8
Visible
10
151.4534
20
85.9929
30
0
0
VERTEX
8
Visible
10
151.5297
20
85.9935
30
0
0
VERTEX
8
Visible
10
151.6060
20
85.9939
30
0
0
VERTEX
8
Visible
10
151.6823
20
85.9944
30
0
0
VERTEX
8
Visible
10
151.7586
20
85.9947
30
0
0
VERTEX
8
Visible
10
151.8349
20
85.9950
30
0
0
VERTEX
8
Visible
10
151.9112
20
85.9952
30
0
0
VERTEX
8
Visible
10
151.9875
20
85.9954
30
0
0
VERTEX
8
Visible
10
152.0639
20
85.9955
30
0
0
VERTEX
8
Visible
10
152.1402
20
85.9955
30
0
0
VERTEX
8
Visible
10
152.2165
20
85.9955
30
0
0
VERTEX
8
Visible
10
152.2929
20
85.9954
30
0
0
VERTEX
8
Visible
10
152.3692
20
85.9952
30
0
0
VERTEX
8
Visible
10
152.4455
20
85.9949
30
0
0
VERTEX
8
Visible
10
152.5218
20
85.9946
30
0
0
VERTEX
8
Visible
10
152.5982
20
85.9943
30
0
0
VERTEX
8
Visible
10
152.6745
20
85.9938
30
0
0
VERTEX
8
Visible
10
152.7508
20
85.9933
30
0
0
VERTEX
8
Visible
10
152.8271
20
85.9928
30
0
0
VERTEX
8
Visible
10
152.9034
20
85.9921
30
0
0
VERTEX
8
Visible
10
152.9797
20
85.9915
30
0
0
VERTEX
8
Visible
10
153.0559
20
85.9907
30
0
0
VERTEX
8
Visible
10
153.1321
20
85.9899
30
0
0
VERTEX
8
Visible
10
153.2083
20
85.9890
30
0
0
VERTEX
8
Visible
10
153.2845
20
85.9880
30
0
0
VERTEX
8
Visible
10
153.3606
20
85.9870
30
0
0
VERTEX
8
Visible
10
153.4368
20
85.9859
30
0
0
VERTEX
8
Visible
10
153.5128
20
85.9848
30
0
0
VERTEX
8
Visible
10
153.5889
20
85.9836
30
0
0
VERTEX
8
Visible
10
153.6649
20
85.9823
30
0
0
VERTEX
8
Visible
10
153.7409
20
85.9809
30
0
0
VERTEX
8
Visible
10
153.8169
20
85.9795
30
0
0
VERTEX
8
Visible
10
153.8928
20
85.9780
30
0
0
VERTEX
8
Visible
10
153.9687
20
85.9765
30
0
0
VERTEX
8
Visible
10
154.0446
20
85.9749
30
0
0
VERTEX
8
Visible
10
154.1205
20
85.9732
30
0
0
VERTEX
8
Visible
10
154.1963
20
85.9714
30
0
0
VERTEX
8
Visible
10
154.2720
20
85.9696
30
0
0
VERTEX
8
Visible
10
154.3478
20
85.9677
30
0
0
VERTEX
8
Visible
10
154.4235
20
85.9658
30
0
0
VERTEX
8
Visible
10
154.4992
20
85.9637
30
0
0
VERTEX
8
Visible
10
154.5748
20
85.9616
30
0
0
VERTEX
8
Visible
10
154.6504
20
85.9595
30
0
0
VERTEX
8
Visible
10
154.7260
20
85.9572
30
0
0
VERTEX
8
Visible
10
154.8015
20
85.9549
30
0
0
VERTEX
8
Visible
10
154.8770
20
85.9525
30
0
0
VERTEX
8
Visible
10
154.9524
20
85.9501
30
0
0
VERTEX
8
Visible
10
155.0278
20
85.9476
30
0
0
VERTEX
8
Visible
10
155.1032
20
85.9450
30
0
0
VERTEX
8
Visible
10
155.1785
20
85.9423
30
0
0
VERTEX
8
Visible
10
155.2538
20
85.9396
30
0
0
VERTEX
8
Visible
10
155.3291
20
85.9368
30
0
0
VERTEX
8
Visible
10
155.4043
20
85.9339
30
0
0
VERTEX
8
Visible
10
155.4794
20
85.9310
30
0
0
VERTEX
8
Visible
10
155.5545
20
85.9279
30
0
0
VERTEX
8
Visible
10
155.6296
20
85.9248
30
0
0
VERTEX
8
Visible
10
155.7047
20
85.9217
30
0
0
VERTEX
8
Visible
10
155.7796
20
85.9184
30
0
0
VERTEX
8
Visible
10
155.8546
20
85.9151
30
0
0
VERTEX
8
Visible
10
155.9295
20
85.9117
30
0
0
VERTEX
8
Visible
10
156.0043
20
85.9083
30
0
0
VERTEX
8
Visible
10
156.0791
20
85.9048
30
0
0
VERTEX
8
Visible
10
156.1539
20
85.9012
30
0
0
VERTEX
8
Visible
10
156.2286
20
85.8975
30
0
0
VERTEX
8
Visible
10
156.3033
20
85.8937
30
0
0
VERTEX
8
Visible
10
156.3779
20
85.8899
30
0
0
VERTEX
8
Visible
10
156.4524
20
85.8860
30
0
0
VERTEX
8
Visible
10
156.5269
20
85.8820
30
0
0
VERTEX
8
Visible
10
156.6014
20
85.8779
30
0
0
VERTEX
8
Visible
10
156.6758
20
85.8738
30
0
0
VERTEX
8
Visible
10
156.7502
20
85.8696
30
0
0
VERTEX
8
Visible
10
156.8245
20
85.8653
30
0
0
VERTEX
8
Visible
10
156.8987
20
85.8610
30
0
0
VERTEX
8
Visible
10
156.9728
20
85.8566
30
0
0
VERTEX
8
Visible
10
157.0467
20
85.8521
30
0
0
VERTEX
8
Visible
10
157.1205
20
85.8476
30
0
0
VERTEX
8
Visible
10
157.1942
20
85.8431
30
0
0
VERTEX
8
Visible
10
157.2678
20
85.8385
30
0
0
VERTEX
8
Visible
10
157.3412
20
85.8339
30
0
0
VERTEX
8
Visible
10
157.4146
20
85.8292
30
0
0
VERTEX
8
Visible
10
157.4878
20
85.8244
30
0
0
VERTEX
8
Visible
10
157.5611
20
85.8196
30
0
0
VERTEX
8
Visible
10
157.6342
20
85.8146
30
0
0
VERTEX
8
Visible
10
157.7073
20
85.8097
30
0
0
VERTEX
8
Visible
10
157.7804
20
85.8046
30
0
0
VERTEX
8
Visible
10
157.8534
20
85.7994
30
0
0
VERTEX
8
Visible
10
157.9264
20
85.7942
30
0
0
VERTEX
8
Visible
10
157.9994
20
85.7889
30
0
0
VERTEX
8
Visible
10
158.0724
20
85.7835
30
0
0
VERTEX
8
Visible
10
158.1454
20
85.7779
30
0
0
VERTEX
8
Visible
10
158.2185
20
85.7723
30
0
0
VERTEX
8
Visible
10
158.2916
20
85.7666
30
0
0
VERTEX
8
Visible
10
158.3647
20
85.7608
30
0
0
VERTEX
8
Visible
10
158.4379
20
85.7548
30
0
0
VERTEX
8
Visible
10
158.5112
20
85.7488
30
0
0
VERTEX
8
Visible
10
158.5846
20
85.7426
30
0
0
VERTEX
8
Visible
10
158.6580
20
85.7363
30
0
0
VERTEX
8
Visible
10
158.7316
20
85.7298
30
0
0
VERTEX
8
Visible
10
158.8052
20
85.7233
30
0
0
VERTEX
8
Visible
10
158.8790
20
85.7166
30
0
0
VERTEX
8
Visible
10
158.9530
20
85.7097
30
0
0
VERTEX
8
Visible
10
159.0270
20
85.7027
30
0
0
VERTEX
8
Visible
10
159.1013
20
85.6956
30
0
0
VERTEX
8
Visible
10
159.1757
20
85.6883
30
0
0
VERTEX
8
Visible
10
159.2503
20
85.6809
30
0
0
VERTEX
8
Visible
10
159.3250
20
85.6733
30
0
0
VERTEX
8
Visible
10
159.4000
20
85.6656
30
0
0
VERTEX
8
Visible
10
159.4752
20
85.6577
30
0
0
VERTEX
8
Visible
10
159.5506
20
85.6496
30
0
0
VERTEX
8
Visible
10
159.6263
20
85.6413
30
0
0
VERTEX
8
Visible
10
159.7022
20
85.6329
30
0
0
VERTEX
8
Visible
10
159.7783
20
85.6243
30
0
0
VERTEX
8
Visible
10
159.8547
20
85.6155
30
0
0
VERTEX
8
Visible
10
159.9314
20
85.6065
30
0
0
VERTEX
8
Visible
10
160.0084
20
85.5974
30
0
0
VERTEX
8
Visible
10
160.0857
20
85.5880
30
0
0
VERTEX
8
Visible
10
160.1633
20
85.5785
30
0
0
VERTEX
8
Visible
10
160.2413
20
85.5687
30
0
0
VERTEX
8
Visible
10
160.3195
20
85.5587
30
0
0
VERTEX
8
Visible
10
160.3981
20
85.5486
30
0
0
VERTEX
8
Visible
10
160.4771
20
85.5382
30
0
0
VERTEX
8
Visible
10
160.5564
20
85.5276
30
0
0
VERTEX
8
Visible
10
160.6361
20
85.5168
30
0
0
VERTEX
8
Visible
10
160.7162
20
85.5057
30
0
0
VERTEX
8
Visible
10
160.7967
20
85.4944
30
0
0
VERTEX
8
Visible
10
160.8776
20
85.4829
30
0
0
VERTEX
8
Visible
10
160.9589
20
85.4712
30
0
0
VERTEX
8
Visible
10
161.0407
20
85.4592
30
0
0
VERTEX
8
Visible
10
161.1229
20
85.4470
30
0
0
VERTEX
8
Visible
10
161.2055
20
85.4345
30
0
0
VERTEX
8
Visible
10
161.2886
20
85.4218
30
0
0
VERTEX
8
Visible
10
161.3722
20
85.4089
30
0
0
VERTEX
8
Visible
10
161.4563
20
85.3956
30
0
0
VERTEX
8
Visible
10
161.5409
20
85.3821
30
0
0
VERTEX
8
Visible
10
161.6260
20
85.3684
30
0
0
VERTEX
8
Visible
10
161.7116
20
85.3544
30
0
0
VERTEX
8
Visible
10
161.7974
20
85.3403
30
0
0
VERTEX
8
Visible
10
161.8836
20
85.3263
30
0
0
VERTEX
8
Visible
10
161.9701
20
85.3123
30
0
0
VERTEX
8
Visible
10
162.0570
20
85.2981
30
0
0
VERTEX
8
Visible
10
162.1446
20
85.2838
30
0
0
VERTEX
8
Visible
10
162.2330
20
85.2692
30
0
0
VERTEX
8
Visible
10
162.3221
20
85.2543
30
0
0
VERTEX
8
Visible
10
162.4123
20
85.2390
30
0
0
VERTEX
8
Visible
10
162.5035
20
85.2233
30
0
0
VERTEX
8
Visible
10
162.5960
20
85.2069
30
0
0
VERTEX
8
Visible
10
162.6898
20
85.1900
30
0
0
VERTEX
8
Visible
10
162.7851
20
85.1723
30
0
0
VERTEX
8
Visible
10
162.8820
20
85.1538
30
0
0
VERTEX
8
Visible
10
162.9806
20
85.1345
30
0
0
VERTEX
8
Visible
10
163.0811
20
85.1143
30
0
0
VERTEX
8
Visible
10
163.1835
20
85.0931
30
0
0
VERTEX
8
Visible
10
163.2880
20
85.0708
30
0
0
VERTEX
8
Visible
10
163.3947
20
85.0473
30
0
0
VERTEX
8
Visible
10
163.5038
20
85.0226
30
0
0
VERTEX
8
Visible
10
163.6153
20
84.9966
30
0
0
VERTEX
8
Visible
10
163.7294
20
84.9693
30
0
0
VERTEX
8
Visible
10
163.8462
20
84.9405
30
0
0
VERTEX
8
Visible
10
163.9658
20
84.9101
30
0
0
VERTEX
8
Visible
10
164.0883
20
84.8782
30
0
0
VERTEX
8
Visible
10
164.2140
20
84.8445
30
0
0
VERTEX
8
Visible
10
164.3428
20
84.8092
30
0
0
VERTEX
8
Visible
10
164.4750
20
84.7720
30
0
0
VERTEX
8
Visible
10
164.6106
20
84.7329
30
0
0
VERTEX
8
Visible
10
164.7498
20
84.6918
30
0
0
VERTEX
8
Visible
10
164.8926
20
84.6486
30
0
0
VERTEX
8
Visible
10
165.0393
20
84.6034
30
0
0
VERTEX
8
Visible
10
165.1899
20
84.5559
30
0
0
VERTEX
8
Visible
10
165.3446
20
84.5062
30
0
0
VERTEX
8
Visible
10
165.5034
20
84.4541
30
0
0
VERTEX
8
Visible
10
165.6666
20
84.3996
30
0
0
VERTEX
8
Visible
10
165.8342
20
84.3426
30
0
0
VERTEX
8
Visible
10
166.0064
20
84.2830
30
0
0
VERTEX
8
Visible
10
166.1836
20
84.2206
30
0
0
VERTEX
8
Visible
10
166.3667
20
84.1547
30
0
0
VERTEX
8
Visible
10
166.5563
20
84.0849
30
0
0
VERTEX
8
Visible
10
166.7528
20
84.0102
30
0
0
VERTEX
8
Visible
10
166.9568
20
83.9302
30
0
0
VERTEX
8
Visible
10
167.1689
20
83.8441
30
0
0
VERTEX
8
Visible
10
167.3895
20
83.7513
30
0
0
VERTEX
8
Visible
10
167.6193
20
83.6511
30
0
0
VERTEX
8
Visible
10
167.8588
20
83.5429
30
0
0
VERTEX
8
Visible
10
168.1085
20
83.4259
30
0
0
VERTEX
8
Visible
10
168.3690
20
83.2996
30
0
0
VERTEX
8
Visible
10
168.6408
20
83.1633
30
0
0
VERTEX
8
Visible
10
168.9245
20
83.0163
30
0
0
VERTEX
8
Visible
10
169.2209
20
82.8579
30
0
0
VERTEX
8
Visible
10
169.5312
20
82.6862
30
0
0
VERTEX
8
Visible
10
169.8559
20
82.4990
30
0
0
VERTEX
8
Visible
10
170.1958
20
82.2939
30
0
0
VERTEX
8
Visible
10
170.5516
20
82.0683
30
0
0
VERTEX
8
Visible
10
170.9239
20
81.8201
30
0
0
VERTEX
8
Visible
10
171.3135
20
81.5467
30
0
0
VERTEX
8
Visible
10
171.7210
20
81.2458
30
0
0
VERTEX
8
Visible
10
172.1472
20
80.9150
30
0
0
VERTEX
8
Visible
10
172.5928
20
80.5511
30
0
0
VERTEX
8
Visible
10
173.0574
20
80.1489
30
0
0
VERTEX
8
Visible
10
173.5395
20
79.7036
30
0
0
VERTEX
8
Visible
10
174.0377
20
79.2101
30
0
0
VERTEX
8
Visible
10
174.5507
20
78.6636
30
0
0
VERTEX
8
Visible
10
175.0772
20
78.0588
30
0
0
VERTEX
8
Visible
10
175.6168
20
77.3864
30
0
0
VERTEX
8
Visible
10
176.1619
20
76.6423
30
0
0
VERTEX
8
Visible
10
176.7033
20
75.8251
30
0
0
VERTEX
8
Visible
10
177.2313
20
74.9334
30
0
0
VERTEX
8
Visible
10
177.7367
20
73.9656
30
0
0
VERTEX
8
Visible
10
178.2098
20
72.9202
30
0
0
VERTEX
8
Visible
10
178.6413
20
71.7959
30
0
0
VERTEX
8
Visible
10
179.0214
20
70.5918
30
0
0
VERTEX
8
Visible
10
179.3354
20
69.3198
30
0
0
SEQEND
8
Visible
0
LINE
8
Visible
10
179.6400
20
66.3868
30
0
11
179.6400
21
67.0460
31
0
0
LINE
8
Visible
10
124.6400
20
66.3868
30
0
11
124.6400
21
67.0460
31
0
0
ARC
8
Visible
10
132.6400
20
67.0460
30
0
40
8.0000
50
168.0000
51
180.0000
0
LINE
8
Visible
10
124.9446
20
69.3198
30
0
11
124.8148
21
68.7093
31
0
0
LINE
8
Visible
10
179.3354
20
69.3198
30
0
11
179.4652
21
68.7093
31
0
0
ARC
8
Visible
10
171.6400
20
67.0460
30
0
40
8.0000
50
0.0000
51
12.0000
0
LINE
8
Visible
10
179.1405
20
66.3868
30
0
11
179.6218
21
66.3868
31
0
0
LINE
8
Visible
10
179.6400
20
66.3868
30
0
11
179.6218
21
66.3868
31
0
0
LINE
8
Visible
10
124.6582
20
66.3868
30
0
11
124.6400
21
66.3868
31
0
0
LINE
8
Visible
10
124.6582
20
66.3868
30
0
11
125.1395
21
66.3868
31
0
0
LINE
8
Visible
10
124.6582
20
64.8868
30
0
11
124.8103
21
64.8868
31
0
0
LINE
8
Visible
10
125.1395
20
64.8868
30
0
11
124.8103
21
64.8868
31
0
0
LINE
8
Visible
10
126.9563
20
64.8868
30
0
11
126.7327
21
64.8868
31
0
0
LINE
8
Visible
10
177.5473
20
64.8868
30
0
11
177.3237
21
64.8868
31
0
0
LINE
8
Visible
10
179.4697
20
64.8868
30
0
11
179.1405
21
64.8868
31
0
0
LINE
8
Visible
10
179.4697
20
64.8868
30
0
11
179.6218
21
64.8868
31
0
0
LINE
8
Visible
10
126.9563
20
66.8868
30
0
11
127.2948
21
66.8868
31
0
0
LINE
8
Visible
10
176.9852
20
66.8868
30
0
11
127.2948
21
66.8868
31
0
0
LINE
8
Visible
10
176.9852
20
66.8868
30
0
11
177.3237
21
66.8868
31
0
0
LINE
8
Visible
10
179.1405
20
64.8868
30
0
11
179.1405
21
66.3868
31
0
0
LINE
8
Visible
10
177.5473
20
66.3868
30
0
11
177.5473
21
64.8868
31
0
0
LINE
8
Visible
10
177.3237
20
64.8868
30
0
11
177.3237
21
66.8868
31
0
0
LINE
8
Visible
10
177.3237
20
64.3868
30
0
11
176.9852
21
64.3868
31
0
0
LINE
8
Visible
10
177.3237
20
64.3868
30
0
11
177.3237
21
64.6638
31
0
0
LINE
8
Visible
10
177.5473
20
66.3868
30
0
11
179.1405
21
66.3868
31
0
0
LINE
8
Visible
10
124.6582
20
64.8868
30
0
11
124.6582
21
66.3868
31
0
0
LINE
8
Visible
10
179.6218
20
64.8868
30
0
11
179.6218
21
66.3868
31
0
0
LINE
8
Visible
10
126.9563
20
66.8868
30
0
11
126.9563
21
64.8868
31
0
0
LINE
8
Visible
10
177.3237
20
66.3868
30
0
11
177.5473
21
66.3868
31
0
0
LINE
8
Visible
10
126.7327
20
66.3868
30
0
11
126.9563
21
66.3868
31
0
0
LINE
8
Visible
10
126.7327
20
64.8868
30
0
11
126.7327
21
66.3868
31
0
0
LINE
8
Visible
10
125.1395
20
66.3868
30
0
11
125.1395
21
64.8868
31
0
0
ARC
8
Visible
10
128.8341
20
64.3808
30
0
40
1.4942
50
180.9495
51
269.8049
0
LINE
8
Visible
10
175.4511
20
62.8868
30
0
11
128.8290
21
62.8868
31
0
0
ARC
8
Visible
10
175.4458
20
64.3810
30
0
40
1.4944
50
270.2027
51
359.0405
0
ARC
8
Visible
10
177.1621
20
64.3517
30
0
40
0.2220
50
170.9128
51
178.8953
0
ARC
8
Visible
10
127.1177
20
64.3517
30
0
40
0.2222
50
1.1065
51
9.0827
0
LINE
8
Visible
10
127.2570
20
62.8868
30
0
11
128.8290
21
62.8868
31
0
0
LINE
8
Visible
10
176.9852
20
64.3868
30
0
11
176.9429
21
64.3868
31
0
0
LINE
8
Visible
10
127.3371
20
64.3868
30
0
11
127.2948
21
64.3868
31
0
0
LINE
8
Visible
10
175.4511
20
62.8868
30
0
11
177.0231
21
62.8868
31
0
0
LINE
8
Visible
10
126.9563
20
64.3868
30
0
11
126.9563
21
64.6638
31
0
0
LINE
8
Visible
10
127.2948
20
64.3868
30
0
11
126.9563
21
64.3868
31
0
0
LINE
8
Visible
10
125.1395
20
66.3868
30
0
11
126.7327
21
66.3868
31
0
0
ARC
8
Visible
10
164.6400
20
64.6638
30
0
40
15.0000
50
352.1902
51
0.0000
0
ARC
8
Visible
10
148.5565
20
65.8868
30
0
40
24.0000
50
187.8098
51
226.0528
0
ARC
8
Visible
10
155.7235
20
65.8868
30
0
40
24.0000
50
313.9472
51
352.1902
0
ARC
8
Visible
10
139.6400
20
64.6638
30
0
40
15.0000
50
180.0000
51
187.8098
0
LINE
8
Visible
10
124.6400
20
64.6638
30
0
11
124.6400
21
66.3868
31
0
0
POLYLINE
8
Visible
66
1
70
0
10
0
20
0
30
0
0
VERTEX
8
Visible
10
131.9007
20
48.6073
30
0
0
VERTEX
8
Visible
10
132.0069
20
48.5057
30
0
0
VERTEX
8
Visible
10
132.1139
20
48.4048
30
0
0
VERTEX
8
Visible
10
132.2217
20
48.3048
30
0
0
VERTEX
8
Visible
10
132.3302
20
48.2056
30
0
0
VERTEX
8
Visible
10
132.4395
20
48.1072
30
0
0
VERTEX
8
Visible
10
132.5496
20
48.0096
30
0
0
VERTEX
8
Visible
10
132.6604
20
47.9128
30
0
0
VERTEX
8
Visible
10
132.7719
20
47.8169
30
0
0
VERTEX
8
Visible
10
132.8842
20
47.7217
30
0
0
VERTEX
8
Visible
10
132.9972
20
47.6274
30
0
0
VERTEX
8
Visible
10
133.1109
20
47.5339
30
0
0
VERTEX
8
Visible
10
133.2253
20
47.4412
30
0
0
VERTEX
8
Visible
10
133.3405
20
47.3493
30
0
0
VERTEX
8
Visible
10
133.4564
20
47.2583
30
0
0
VERTEX
8
Visible
10
133.5729
20
47.1681
30
0
0
VERTEX
8
Visible
10
133.6902
20
47.0787
30
0
0
VERTEX
8
Visible
10
133.8082
20
46.9902
30
0
0
VERTEX
8
Visible
10
133.9268
20
46.9024
30
0
0
VERTEX
8
Visible
10
134.0461
20
46.8156
30
0
0
VERTEX
8
Visible
10
134.1661
20
46.7295
30
0
0
VERTEX
8
Visible
10
134.2868
20
46.6443
30
0
0
VERTEX
8
Visible
10
134.4081
20
46.5599
30
0
0
VERTEX
8
Visible
10
134.5301
20
46.4764
30
0
0
VERTEX
8
Visible
10
134.6528
20
46.3937
30
0
0
VERTEX
8
Visible
10
134.7761
20
46.3119
30
0
0
VERTEX
8
Visible
10
134.9000
20
46.2309
30
0
0
VERTEX
8
Visible
10
135.0246
20
46.1507
30
0
0
VERTEX
8
Visible
10
135.1498
20
46.0714
30
0
0
VERTEX
8
Visible
10
135.2756
20
45.9929
30
0
0
VERTEX
8
Visible
10
135.4021
20
45.9153
30
0
0
VERTEX
8
Visible
10
135.5291
20
45.8385
30
0
0
VERTEX
8
Visible
10
135.6568
20
45.7625
30
0
0
VERTEX
8
Visible
10
135.7851
20
45.6874
30
0
0
VERTEX
8
Visible
10
135.9139
20
45.6132
30
0
0
VERTEX
8
Visible
10
136.0434
20
45.5397
30
0
0
VERTEX
8
Visible
10
136.1734
20
45.4671
30
0
0
VERTEX
8
Visible
10
136.3040
20
45.3954
30
0
0
VERTEX
8
Visible
10
136.4352
20
45.3245
30
0
0
VERTEX
8
Visible
10
136.5669
20
45.2544
30
0
0
VERTEX
8
Visible
10
136.6992
20
45.1852
30
0
0
VERTEX
8
Visible
10
136.8320
20
45.1168
30
0
0
VERTEX
8
Visible
10
136.9654
20
45.0493
30
0
0
VERTEX
8
Visible
10
137.0993
20
44.9826
30
0
0
VERTEX
8
Visible
10
137.2337
20
44.9167
30
0
0
VERTEX
8
Visible
10
137.3687
20
44.8517
30
0
0
VERTEX
8
Visible
10
137.5042
20
44.7875
30
0
0
VERTEX
8
Visible
10
137.6402
20
44.7241
30
0
0
VERTEX
8
Visible
10
137.7767
20
44.6616
30
0
0
VERTEX
8
Visible
10
137.9137
20
44.5999
30
0
0
VERTEX
8
Visible
10
138.0512
20
44.5391
30
0
0
VERTEX
8
Visible
10
138.1892
20
44.4791
30
0
0
VERTEX
8
Visible
10
138.3277
20
44.4199
30
0
0
VERTEX
8
Visible
10
138.4666
20
44.3616
30
0
0
VERTEX
8
Visible
10
138.6061
20
44.3041
30
0
0
VERTEX
8
Visible
10
138.7459
20
44.2474
30
0
0
VERTEX
8
Visible
10
138.8862
20
44.1915
30
0
0
VERTEX
8
Visible
10
139.0270
20
44.1365
30
0
0
VERTEX
8
Visible
10
139.1682
20
44.0823
30
0
0
VERTEX
8
Visible
10
139.3098
20
44.0289
30
0
0
VERTEX
8
Visible
10
139.4519
20
43.9763
30
0
0
VERTEX
8
Visible
10
139.5944
20
43.9245
30
0
0
VERTEX
8
Visible
10
139.7373
20
43.8736
30
0
0
VERTEX
8
Visible
10
139.8805
20
43.8235
30
0
0
VERTEX
8
Visible
10
140.0242
20
43.7741
30
0
0
VERTEX
8
Visible
10
140.1683
20
43.7256
30
0
0
VERTEX
8
Visible
10
140.3128
20
43.6779
30
0
0
VERTEX
8
Visible
10
140.4576
20
43.6310
30
0
0
VERTEX
8
Visible
10
140.6028
20
43.5849
30
0
0
VERTEX
8
Visible
10
140.7484
20
43.5396
30
0
0
VERTEX
8
Visible
10
140.8943
20
43.4951
30
0
0
VERTEX
8
Visible
10
141.0405
20
43.4515
30
0
0
VERTEX
8
Visible
10
141.1871
20
43.4086
30
0
0
VERTEX
8
Visible
10
141.3341
20
43.3665
30
0
0
VERTEX
8
Visible
10
141.4814
20
43.3251
30
0
0
VERTEX
8
Visible
10
141.6289
20
43.2846
30
0
0
VERTEX
8
Visible
10
141.7768
20
43.2449
30
0
0
VERTEX
8
Visible
10
141.9250
20
43.2059
30
0
0
VERTEX
8
Visible
10
142.0735
20
43.1678
30
0
0
VERTEX
8
Visible
10
142.2223
20
43.1304
30
0
0
VERTEX
8
Visible
10
142.3714
20
43.0937
30
0
0
VERTEX
8
Visible
10
142.5207
20
43.0579
30
0
0
VERTEX
8
Visible
10
142.6703
20
43.0227
30
0
0
VERTEX
8
Visible
10
142.8202
20
42.9884
30
0
0
VERTEX
8
Visible
10
142.9703
20
42.9548
30
0
0
VERTEX
8
Visible
10
143.1206
20
42.9219
30
0
0
VERTEX
8
Visible
10
143.2712
20
42.8898
30
0
0
VERTEX
8
Visible
10
143.4220
20
42.8584
30
0
0
VERTEX
8
Visible
10
143.5730
20
42.8278
30
0
0
VERTEX
8
Visible
10
143.7242
20
42.7979
30
0
0
VERTEX
8
Visible
10
143.8756
20
42.7687
30
0
0
VERTEX
8
Visible
10
144.0272
20
42.7402
30
0
0
VERTEX
8
Visible
10
144.1790
20
42.7125
30
0
0
VERTEX
8
Visible
10
144.3309
20
42.6854
30
0
0
VERTEX
8
Visible
10
144.4830
20
42.6591
30
0
0
VERTEX
8
Visible
10
144.6353
20
42.6335
30
0
0
VERTEX
8
Visible
10
144.7877
20
42.6086
30
0
0
VERTEX
8
Visible
10
144.9403
20
42.5843
30
0
0
VERTEX
8
Visible
10
145.0930
20
42.5608
30
0
0
VERTEX
8
Visible
10
145.2458
20
42.5380
30
0
0
VERTEX
8
Visible
10
145.3988
20
42.5158
30
0
0
VERTEX
8
Visible
10
145.5518
20
42.4943
30
0
0
VERTEX
8
Visible
10
145.7049
20
42.4734
30
0
0
VERTEX
8
Visible
10
145.8581
20
42.4533
30
0
0
VERTEX
8
Visible
10
146.0114
20
42.4337
30
0
0
VERTEX
8
Visible
10
146.1647
20
42.4148
30
0
0
VERTEX
8
Visible
10
146.3182
20
42.3965
30
0
0
VERTEX
8
Visible
10
146.4717
20
42.3789
30
0
0
VERTEX
8
Visible
10
146.6252
20
42.3618
30
0
0
VERTEX
8
Visible
10
146.7788
20
42.3454
30
0
0
VERTEX
8
Visible
10
146.9324
20
42.3296
30
0
0
VERTEX
8
Visible
10
147.0860
20
42.3143
30
0
0
VERTEX
8
Visible
10
147.2397
20
42.2996
30
0
0
VERTEX
8
Visible
10
147.3934
20
42.2855
30
0
0
VERTEX
8
Visible
10
147.5470
20
42.2720
30
0
0
VERTEX
8
Visible
10
147.7007
20
42.2590
30
0
0
VERTEX
8
Visible
10
147.8544
20
42.2466
30
0
0
VERTEX
8
Visible
10
148.0081
20
42.2347
30
0
0
VERTEX
8
Visible
10
148.1617
20
42.2233
30
0
0
VERTEX
8
Visible
10
148.3154
20
42.2125
30
0
0
VERTEX
8
Visible
10
148.4690
20
42.2022
30
0
0
VERTEX
8
Visible
10
148.6225
20
42.1923
30
0
0
VERTEX
8
Visible
10
148.7760
20
42.1830
30
0
0
VERTEX
8
Visible
10
148.9295
20
42.1742
30
0
0
VERTEX
8
Visible
10
149.0828
20
42.1659
30
0
0
VERTEX
8
Visible
10
149.2362
20
42.1580
30
0
0
VERTEX
8
Visible
10
149.3894
20
42.1505
30
0
0
VERTEX
8
Visible
10
149.5426
20
42.1435
30
0
0
VERTEX
8
Visible
10
149.6957
20
42.1369
30
0
0
VERTEX
8
Visible
10
149.8487
20
42.1307
30
0
0
VERTEX
8
Visible
10
150.0017
20
42.1250
30
0
0
VERTEX
8
Visible
10
150.1547
20
42.1197
30
0
0
VERTEX
8
Visible
10
150.3076
20
42.1148
30
0
0
VERTEX
8
Visible
10
150.4604
20
42.1103
30
0
0
VERTEX
8
Visible
10
150.6132
20
42.1063
30
0
0
VERTEX
8
Visible
10
150.7660
20
42.1026
30
0
0
VERTEX
8
Visible
10
150.9188
20
42.0994
30
0
0
VERTEX
8
Visible
10
151.0715
20
42.0966
30
0
0
VERTEX
8
Visible
10
151.2242
20
42.0941
30
0
0
VERTEX
8
Visible
10
151.3768
20
42.0921
30
0
0
VERTEX
8
Visible
10
151.5295
20
42.0905
30
0
0
VERTEX
8
Visible
10
151.6821
20
42.0892
30
0
0
VERTEX
8
Visible
10
151.8347
20
42.0883
30
0
0
VERTEX
8
Visible
10
151.9874
20
42.0879
30
0
0
VERTEX
8
Visible
10
152.1400
20
42.0878
30
0
0
VERTEX
8
Visible
10
152.2926
20
42.0880
30
0
0
VERTEX
8
Visible
10
152.4452
20
42.0887
30
0
0
VERTEX
8
Visible
10
152.5978
20
42.0897
30
0
0
VERTEX
8
Visible
10
152.7505
20
42.0911
30
0
0
VERTEX
8
Visible
10
152.9031
20
42.0929
30
0
0
VERTEX
8
Visible
10
153.0558
20
42.0950
30
0
0
VERTEX
8
Visible
10
153.2085
20
42.0975
30
0
0
VERTEX
8
Visible
10
153.3612
20
42.1003
30
0
0
VERTEX
8
Visible
10
153.5140
20
42.1035
30
0
0
VERTEX
8
Visible
10
153.6668
20
42.1070
30
0
0
VERTEX
8
Visible
10
153.8197
20
42.1110
30
0
0
VERTEX
8
Visible
10
153.9727
20
42.1154
30
0
0
VERTEX
8
Visible
10
154.1257
20
42.1202
30
0
0
VERTEX
8
Visible
10
154.2788
20
42.1254
30
0
0
VERTEX
8
Visible
10
154.4320
20
42.1310
30
0
0
VERTEX
8
Visible
10
154.5852
20
42.1370
30
0
0
VERTEX
8
Visible
10
154.7384
20
42.1435
30
0
0
VERTEX
8
Visible
10
154.8917
20
42.1505
30
0
0
VERTEX
8
Visible
10
155.0450
20
42.1579
30
0
0
VERTEX
8
Visible
10
155.1984
20
42.1657
30
0
0
VERTEX
8
Visible
10
155.3518
20
42.1741
30
0
0
VERTEX
8
Visible
10
155.5053
20
42.1829
30
0
0
VERTEX
8
Visible
10
155.6588
20
42.1922
30
0
0
VERTEX
8
Visible
10
155.8123
20
42.2020
30
0
0
VERTEX
8
Visible
10
155.9658
20
42.2124
30
0
0
VERTEX
8
Visible
10
156.1193
20
42.2232
30
0
0
VERTEX
8
Visible
10
156.2729
20
42.2346
30
0
0
VERTEX
8
Visible
10
156.4265
20
42.2464
30
0
0
VERTEX
8
Visible
10
156.5800
20
42.2589
30
0
0
VERTEX
8
Visible
10
156.7336
20
42.2719
30
0
0
VERTEX
8
Visible
10
156.8872
20
42.2854
30
0
0
VERTEX
8
Visible
10
157.0408
20
42.2995
30
0
0
VERTEX
8
Visible
10
157.1944
20
42.3142
30
0
0
VERTEX
8
Visible
10
157.3480
20
42.3294
30
0
0
VERTEX
8
Visible
10
157.5015
20
42.3453
30
0
0
VERTEX
8
Visible
10
157.6551
20
42.3617
30
0
0
VERTEX
8
Visible
10
157.8086
20
42.3788
30
0
0
VERTEX
8
Visible
10
157.9621
20
42.3965
30
0
0
VERTEX
8
Visible
10
158.1156
20
42.4148
30
0
0
VERTEX
8
Visible
10
158.2690
20
42.4337
30
0
0
VERTEX
8
Visible
10
158.4223
20
42.4533
30
0
0
VERTEX
8
Visible
10
158.5755
20
42.4735
30
0
0
VERTEX
8
Visible
10
158.7287
20
42.4944
30
0
0
VERTEX
8
Visible
10
158.8817
20
42.5160
30
0
0
VERTEX
8
Visible
10
159.0346
20
42.5382
30
0
0
VERTEX
8
Visible
10
159.1875
20
42.5610
30
0
0
VERTEX
8
Visible
10
159.3402
20
42.5846
30
0
0
VERTEX
8
Visible
10
159.4927
20
42.6088
30
0
0
VERTEX
8
Visible
10
159.6452
20
42.6338
30
0
0
VERTEX
8
Visible
10
159.7974
20
42.6594
30
0
0
VERTEX
8
Visible
10
159.9496
20
42.6857
30
0
0
VERTEX
8
Visible
10
160.1015
20
42.7127
30
0
0
VERTEX
8
Visible
10
160.2533
20
42.7404
30
0
0
VERTEX
8
Visible
10
160.4049
20
42.7689
30
0
0
VERTEX
8
Visible
10
160.5563
20
42.7980
30
0
0
VERTEX
8
Visible
10
160.7076
20
42.8279
30
0
0
VERTEX
8
Visible
10
160.8586
20
42.8585
30
0
0
VERTEX
8
Visible
10
161.0094
20
42.8899
30
0
0
VERTEX
8
Visible
10
161.1599
20
42.9220
30
0
0
VERTEX
8
Visible
10
161.3103
20
42.9548
30
0
0
VERTEX
8
Visible
10
161.4604
20
42.9884
30
0
0
VERTEX
8
Visible
10
161.6102
20
43.0227
30
0
0
VERTEX
8
Visible
10
161.7598
20
43.0579
30
0
0
VERTEX
8
Visible
10
161.9092
20
43.0937
30
0
0
VERTEX
8
Visible
10
162.0582
20
43.1304
30
0
0
VERTEX
8
Visible
10
162.2070
20
43.1678
30
0
0
VERTEX
8
Visible
10
162.3555
20
43.2060
30
0
0
VERTEX
8
Visible
10
162.5037
20
43.2450
30
0
0
VERTEX
8
Visible
10
162.6516
20
43.2848
30
0
0
VERTEX
8
Visible
10
162.7992
20
43.3253
30
0
0
VERTEX
8
Visible
10
162.9464
20
43.3667
30
0
0
VERTEX
8
Visible
10
163.0933
20
43.4088
30
0
0
VERTEX
8
Visible
10
163.2399
20
43.4517
30
0
0
VERTEX
8
Visible
10
163.3862
20
43.4954
30
0
0
VERTEX
8
Visible
10
163.5321
20
43.5399
30
0
0
VERTEX
8
Visible
10
163.6777
20
43.5852
30
0
0
VERTEX
8
Visible
10
163.8229
20
43.6312
30
0
0
VERTEX
8
Visible
10
163.9677
20
43.6781
30
0
0
VERTEX
8
Visible
10
164.1122
20
43.7258
30
0
0
VERTEX
8
Visible
10
164.2562
20
43.7743
30
0
0
VERTEX
8
Visible
10
164.3999
20
43.8236
30
0
0
VERTEX
8
Visible
10
164.5432
20
43.8737
30
0
0
VERTEX
8
Visible
10
164.6861
20
43.9247
30
0
0
VERTEX
8
Visible
10
164.8285
20
43.9764
30
0
0
VERTEX
8
Visible
10
164.9706
20
44.0290
30
0
0
VERTEX
8
Visible
10
165.1122
20
44.0824
30
0
0
VERTEX
8
Visible
10
165.2534
20
44.1366
30
0
0
VERTEX
8
Visible
10
165.3941
20
44.1916
30
0
0
VERTEX
8
Visible
10
165.5344
20
44.2474
30
0
0
VERTEX
8
Visible
10
165.6743
20
44.3041
30
0
0
VERTEX
8
Visible
10
165.8137
20
44.3616
30
0
0
VERTEX
8
Visible
10
165.9526
20
44.4200
30
0
0
VERTEX
8
Visible
10
166.0910
20
44.4792
30
0
0
VERTEX
8
Visible
10
166.2290
20
44.5392
30
0
0
VERTEX
8
Visible
10
166.3665
20
44.6000
30
0
0
VERTEX
8
Visible
10
166.5034
20
44.6617
30
0
0
VERTEX
8
Visible
10
166.6399
20
44.7242
30
0
0
VERTEX
8
Visible
10
166.7759
20
44.7876
30
0
0
VERTEX
8
Visible
10
166.9114
20
44.8517
30
0
0
VERTEX
8
Visible
10
167.0463
20
44.9168
30
0
0
VERTEX
8
Visible
10
167.1808
20
44.9826
30
0
0
VERTEX
8
Visible
10
167.3147
20
45.0493
30
0
0
VERTEX
8
Visible
10
167.4481
20
45.1168
30
0
0
VERTEX
8
Visible
10
167.5809
20
45.1852
30
0
0
VERTEX
8
Visible
10
167.7132
20
45.2544
30
0
0
VERTEX
8
Visible
10
167.8449
20
45.3245
30
0
0
VERTEX
8
Visible
10
167.9760
20
45.3954
30
0
0
VERTEX
8
Visible
10
168.1066
20
45.4671
30
0
0
VERTEX
8
Visible
10
168.2367
20
45.5397
30
0
0
VERTEX
8
Visible
10
168.3661
20
45.6131
30
0
0
VERTEX
8
Visible
10
168.4949
20
45.6874
30
0
0
VERTEX
8
Visible
10
168.6232
20
45.7625
30
0
0
VERTEX
8
Visible
10
168.7509
20
45.8384
30
0
0
VERTEX
8
Visible
10
168.8779
20
45.9152
30
0
0
VERTEX
8
Visible
10
169.0044
20
45.9929
30
0
0
VERTEX
8
Visible
10
169.1302
20
46.0714
30
0
0
VERTEX
8
Visible
10
169.2554
20
46.1507
30
0
0
VERTEX
8
Visible
10
169.3800
20
46.2309
30
0
0
VERTEX
8
Visible
10
169.5039
20
46.3119
30
0
0
VERTEX
8
Visible
10
169.6272
20
46.3938
30
0
0
VERTEX
8
Visible
10
169.7498
20
46.4765
30
0
0
VERTEX
8
Visible
10
169.8718
20
46.5600
30
0
0
VERTEX
8
Visible
10
169.9932
20
46.6444
30
0
0
VERTEX
8
Visible
10
170.1138
20
46.7296
30
0
0
VERTEX
8
Visible
10
170.2338
20
46.8157
30
0
0
VERTEX
8
Visible
10
170.3532
20
46.9026
30
0
0
VERTEX
8
Visible
10
170.4718
20
46.9903
30
0
0
VERTEX
8
Visible
10
170.5898
20
47.0789
30
0
0
VERTEX
8
Visible
10
170.7071
20
47.1682
30
0
0
VERTEX
8
Visible
10
170.8236
20
47.2584
30
0
0
VERTEX
8
Visible
10
170.9395
20
47.3495
30
0
0
VERTEX
8
Visible
10
171.0547
20
47.4413
30
0
0
VERTEX
8
Visible
10
171.1691
20
47.5340
30
0
0
VERTEX
8
Visible
10
171.2828
20
47.6275
30
0
0
VERTEX
8
Visible
10
171.3958
20
47.7218
30
0
0
VERTEX
8
Visible
10
171.5081
20
47.8170
30
0
0
VERTEX
8
Visible
10
171.6197
20
47.9129
30
0
0
VERTEX
8
Visible
10
171.7305
20
48.0097
30
0
0
VERTEX
8
Visible
10
171.8405
20
48.1072
30
0
0
VERTEX
8
Visible
10
171.9498
20
48.2056
30
0
0
VERTEX
8
Visible
10
172.0584
20
48.3048
30
0
0
VERTEX
8
Visible
10
172.1661
20
48.4048
30
0
0
VERTEX
8
Visible
10
172.2731
20
48.5057
30
0
0
VERTEX
8
Visible
10
172.3794
20
48.6073
30
0
0
SEQEND
8
Visible
0
LINE
8
Visible
10
179.6400
20
64.6638
30
0
11
179.6400
21
66.3868
31
0
0
ARC
8
Visible
10
246.4811
20
179.2123
30
0
40
3.5248
50
44.9141
51
60.5327
0
ARC
8
Visible
10
237.3006
20
163.0632
30
0
40
22.1011
50
60.4064
51
70.7995
0
ARC
8
Visible
10
243.4572
20
180.7801
30
0
40
3.3449
50
70.5848
51
87.2797
0
LINE
8
Visible
10
264.4825
20
141.6925
30
0
11
262.3798
21
141.6925
31
0
0
LINE
8
Visible
10
264.6057
20
141.6925
30
0
11
264.4825
21
141.6925
31
0
0
LINE
8
Visible
10
264.7806
20
141.6925
30
0
11
264.6057
21
141.6925
31
0
0
LINE
8
Visible
10
209.9919
20
141.6925
30
0
11
209.8170
21
141.6925
31
0
0
LINE
8
Visible
10
210.1151
20
141.6925
30
0
11
209.9919
21
141.6925
31
0
0
LINE
8
Visible
10
212.2178
20
141.6925
30
0
11
210.1151
21
141.6925
31
0
0
POLYLINE
8
Visible
66
1
70
0
10
0
20
0
30
0
0
VERTEX
8
Visible
10
244.4607
20
183.6668
30
0
0
VERTEX
8
Visible
10
244.4420
20
183.6733
30
0
0
VERTEX
8
Visible
10
244.4233
20
183.6799
30
0
0
VERTEX
8
Visible
10
244.4047
20
183.6867
30
0
0
VERTEX
8
Visible
10
244.3861
20
183.6935
30
0
0
VERTEX
8
Visible
10
244.3675
20
183.7005
30
0
0
VERTEX
8
Visible
10
244.3491
20
183.7076
30
0
0
VERTEX
8
Visible
10
244.3306
20
183.7148
30
0
0
VERTEX
8
Visible
10
244.3123
20
183.7222
30
0
0
VERTEX
8
Visible
10
244.2940
20
183.7296
30
0
0
VERTEX
8
Visible
10
244.2757
20
183.7372
30
0
0
VERTEX
8
Visible
10
244.2575
20
183.7448
30
0
0
VERTEX
8
Visible
10
244.2394
20
183.7526
30
0
0
VERTEX
8
Visible
10
244.2214
20
183.7605
30
0
0
VERTEX
8
Visible
10
244.2034
20
183.7685
30
0
0
VERTEX
8
Visible
10
244.1855
20
183.7766
30
0
0
VERTEX
8
Visible
10
244.1677
20
183.7848
30
0
0
VERTEX
8
Visible
10
244.1500
20
183.7931
30
0
0
VERTEX
8
Visible
10
244.1323
20
183.8015
30
0
0
VERTEX
8
Visible
10
244.1148
20
183.8100
30
0
0
VERTEX
8
Visible
10
244.0973
20
183.8186
30
0
0
VERTEX
8
Visible
10
244.0799
20
183.8273
30
0
0
VERTEX
8
Visible
10
244.0626
20
183.8361
30
0
0
VERTEX
8
Visible
10
244.0454
20
183.8450
30
0
0
VERTEX
8
Visible
10
244.0283
20
183.8540
30
0
0
VERTEX
8
Visible
10
244.0113
20
183.8631
30
0
0
VERTEX
8
Visible
10
243.9944
20
183.8723
30
0
0
VERTEX
8
Visible
10
243.9777
20
183.8815
30
0
0
VERTEX
8
Visible
10
243.9610
20
183.8908
30
0
0
VERTEX
8
Visible
10
243.9444
20
183.9003
30
0
0
VERTEX
8
Visible
10
243.9280
20
183.9098
30
0
0
VERTEX
8
Visible
10
243.9116
20
183.9193
30
0
0
VERTEX
8
Visible
10
243.8954
20
183.9290
30
0
0
VERTEX
8
Visible
10
243.8793
20
183.9387
30
0
0
VERTEX
8
Visible
10
243.8633
20
183.9486
30
0
0
VERTEX
8
Visible
10
243.8474
20
183.9585
30
0
0
VERTEX
8
Visible
10
243.8316
20
183.9684
30
0
0
VERTEX
8
Visible
10
243.8159
20
183.9785
30
0
0
VERTEX
8
Visible
10
243.8004
20
183.9886
30
0
0
VERTEX
8
Visible
10
243.7849
20
183.9988
30
0
0
VERTEX
8
Visible
10
243.7696
20
184.0091
30
0
0
VERTEX
8
Visible
10
243.7544
20
184.0195
30
0
0
VERTEX
8
Visible
10
243.7393
20
184.0299
30
0
0
VERTEX
8
Visible
10
243.7243
20
184.0404
30
0
0
VERTEX
8
Visible
10
243.7095
20
184.0509
30
0
0
VERTEX
8
Visible
10
243.6947
20
184.0616
30
0
0
VERTEX
8
Visible
10
243.6801
20
184.0723
30
0
0
VERTEX
8
Visible
10
243.6656
20
184.0830
30
0
0
VERTEX
8
Visible
10
243.6512
20
184.0938
30
0
0
VERTEX
8
Visible
10
243.6370
20
184.1047
30
0
0
VERTEX
8
Visible
10
243.6228
20
184.1157
30
0
0
VERTEX
8
Visible
10
243.6088
20
184.1267
30
0
0
VERTEX
8
Visible
10
243.5950
20
184.1378
30
0
0
VERTEX
8
Visible
10
243.5812
20
184.1489
30
0
0
VERTEX
8
Visible
10
243.5676
20
184.1600
30
0
0
VERTEX
8
Visible
10
243.5542
20
184.1712
30
0
0
VERTEX
8
Visible
10
243.5409
20
184.1825
30
0
0
VERTEX
8
Visible
10
243.5277
20
184.1937
30
0
0
VERTEX
8
Visible
10
243.5147
20
184.2051
30
0
0
VERTEX
8
Visible
10
243.5018
20
184.2164
30
0
0
VERTEX
8
Visible
10
243.4890
20
184.2278
30
0
0
VERTEX
8
Visible
10
243.4764
20
184.2393
30
0
0
VERTEX
8
Visible
10
243.4639
20
184.2508
30
0
0
VERTEX
8
Visible
10
243.4516
20
184.2623
30
0
0
VERTEX
8
Visible
10
243.4394
20
184.2738
30
0
0
VERTEX
8
Visible
10
243.4273
20
184.2854
30
0
0
VERTEX
8
Visible
10
243.4154
20
184.2971
30
0
0
VERTEX
8
Visible
10
243.4036
20
184.3087
30
0
0
VERTEX
8
Visible
10
243.3920
20
184.3204
30
0
0
VERTEX
8
Visible
10
243.3805
20
184.3321
30
0
0
VERTEX
8
Visible
10
243.3692
20
184.3439
30
0
0
VERTEX
8
Visible
10
243.3579
20
184.3556
30
0
0
VERTEX
8
Visible
10
243.3469
20
184.3674
30
0
0
VERTEX
8
Visible
10
243.3359
20
184.3793
30
0
0
VERTEX
8
Visible
10
243.3251
20
184.3911
30
0
0
VERTEX
8
Visible
10
243.3145
20
184.4030
30
0
0
VERTEX
8
Visible
10
243.3040
20
184.4149
30
0
0
VERTEX
8
Visible
10
243.2936
20
184.4268
30
0
0
VERTEX
8
Visible
10
243.2834
20
184.4387
30
0
0
VERTEX
8
Visible
10
243.2733
20
184.4507
30
0
0
VERTEX
8
Visible
10
243.2633
20
184.4627
30
0
0
VERTEX
8
Visible
10
243.2535
20
184.4747
30
0
0
VERTEX
8
Visible
10
243.2439
20
184.4867
30
0
0
VERTEX
8
Visible
10
243.2343
20
184.4987
30
0
0
VERTEX
8
Visible
10
243.2250
20
184.5107
30
0
0
VERTEX
8
Visible
10
243.2157
20
184.5228
30
0
0
VERTEX
8
Visible
10
243.2066
20
184.5348
30
0
0
VERTEX
8
Visible
10
243.1977
20
184.5469
30
0
0
VERTEX
8
Visible
10
243.1889
20
184.5590
30
0
0
VERTEX
8
Visible
10
243.1802
20
184.5711
30
0
0
VERTEX
8
Visible
10
243.1717
20
184.5832
30
0
0
VERTEX
8
Visible
10
243.1633
20
184.5952
30
0
0
VERTEX
8
Visible
10
243.1551
20
184.6073
30
0
0
VERTEX
8
Visible
10
243.1470
20
184.6194
30
0
0
VERTEX
8
Visible
10
243.1390
20
184.6315
30
0
0
VERTEX
8
Visible
10
243.1312
20
184.6436
30
0
0
VERTEX
8
Visible
10
243.1236
20
184.6557
30
0
0
VERTEX
8
Visible
10
243.1161
20
184.6678
30
0
0
VERTEX
8
Visible
10
243.1087
20
184.6798
30
0
0
VERTEX
8
Visible
10
243.1015
20
184.6919
30
0
0
VERTEX
8
Visible
10
243.0944
20
184.7040
30
0
0
VERTEX
8
Visible
10
243.0874
20
184.7161
30
0
0
VERTEX
8
Visible
10
243.0806
20
184.7281
30
0
0
VERTEX
8
Visible
10
243.0740
20
184.7402
30
0
0
VERTEX
8
Visible
10
243.0675
20
184.7522
30
0
0
VERTEX
8
Visible
10
243.0611
20
184.7643
30
0
0
VERTEX
8
Visible
10
243.0549
20
184.7763
30
0
0
VERTEX
8
Visible
10
243.0488
20
184.7883
30
0
0
VERTEX
8
Visible
10
243.0428
20
184.8004
30
0
0
VERTEX
8
Visible
10
243.0370
20
184.8124
30
0
0
VERTEX
8
Visible
10
243.0313
20
184.8243
30
0
0
VERTEX
8
Visible
10
243.0258
20
184.8363
30
0
0
VERTEX
8
Visible
10
243.0204
20
184.8483
30
0
0
VERTEX
8
Visible
10
243.0152
20
184.8602
30
0
0
VERTEX
8
Visible
10
243.0101
20
184.8722
30
0
0
VERTEX
8
Visible
10
243.0051
20
184.8841
30
0
0
VERTEX
8
Visible
10
243.0003
20
184.8960
30
0
0
VERTEX
8
Visible
10
242.9956
20
184.9079
30
0
0
VERTEX
8
Visible
10
242.9910
20
184.9197
30
0
0
VERTEX
8
Visible
10
242.9866
20
184.9316
30
0
0
VERTEX
8
Visible
10
242.9824
20
184.9434
30
0
0
VERTEX
8
Visible
10
242.9782
20
184.9552
30
0
0
VERTEX
8
Visible
10
242.9742
20
184.9670
30
0
0
VERTEX
8
Visible
10
242.9704
20
184.9788
30
0
0
VERTEX
8
Visible
10
242.9667
20
184.9905
30
0
0
VERTEX
8
Visible
10
242.9631
20
185.0022
30
0
0
VERTEX
8
Visible
10
242.9597
20
185.0139
30
0
0
VERTEX
8
Visible
10
242.9564
20
185.0256
30
0
0
VERTEX
8
Visible
10
242.9532
20
185.0372
30
0
0
VERTEX
8
Visible
10
242.9502
20
185.0488
30
0
0
VERTEX
8
Visible
10
242.9473
20
185.0604
30
0
0
VERTEX
8
Visible
10
242.9445
20
185.0720
30
0
0
VERTEX
8
Visible
10
242.9419
20
185.0835
30
0
0
VERTEX
8
Visible
10
242.9394
20
185.0950
30
0
0
VERTEX
8
Visible
10
242.9371
20
185.1065
30
0
0
VERTEX
8
Visible
10
242.9349
20
185.1179
30
0
0
VERTEX
8
Visible
10
242.9328
20
185.1293
30
0
0
VERTEX
8
Visible
10
242.9309
20
185.1407
30
0
0
VERTEX
8
Visible
10
242.9291
20
185.1520
30
0
0
VERTEX
8
Visible
10
242.9274
20
185.1633
30
0
0
VERTEX
8
Visible
10
242.9259
20
185.1746
30
0
0
VERTEX
8
Visible
10
242.9245
20
185.1858
30
0
0
VERTEX
8
Visible
10
242.9232
20
185.1970
30
0
0
VERTEX
8
Visible
10
242.9221
20
185.2082
30
0
0
VERTEX
8
Visible
10
242.9211
20
185.2193
30
0
0
VERTEX
8
Visible
10
242.9202
20
185.2304
30
0
0
VERTEX
8
Visible
10
242.9195
20
185.2415
30
0
0
VERTEX
8
Visible
10
242.9189
20
185.2525
30
0
0
VERTEX
8
Visible
10
242.9185
20
185.2635
30
0
0
VERTEX
8
Visible
10
242.9182
20
185.2745
30
0
0
VERTEX
8
Visible
10
242.9180
20
185.2854
30
0
0
VERTEX
8
Visible
10
242.9179
20
185.2962
30
0
0
VERTEX
8
Visible
10
242.9180
20
185.3071
30
0
0
VERTEX
8
Visible
10
242.9182
20
185.3179
30
0
0
VERTEX
8
Visible
10
242.9185
20
185.3286
30
0
0
VERTEX
8
Visible
10
242.9190
20
185.3393
30
0
0
VERTEX
8
Visible
10
242.9196
20
185.3500
30
0
0
VERTEX
8
Visible
10
242.9204
20
185.3606
30
0
0
VERTEX
8
Visible
10
242.9213
20
185.3712
30
0
0
VERTEX
8
Visible
10
242.9223
20
185.3817
30
0
0
VERTEX
8
Visible
10
242.9234
20
185.3922
30
0
0
VERTEX
8
Visible
10
242.9247
20
185.4026
30
0
0
VERTEX
8
Visible
10
242.9261
20
185.4130
30
0
0
VERTEX
8
Visible
10
242.9276
20
185.4234
30
0
0
VERTEX
8
Visible
10
242.9293
20
185.4337
30
0
0
VERTEX
8
Visible
10
242.9311
20
185.4440
30
0
0
VERTEX
8
Visible
10
242.9330
20
185.4542
30
0
0
VERTEX
8
Visible
10
242.9351
20
185.4644
30
0
0
VERTEX
8
Visible
10
242.9372
20
185.4745
30
0
0
VERTEX
8
Visible
10
242.9396
20
185.4845
30
0
0
VERTEX
8
Visible
10
242.9420
20
185.4946
30
0
0
VERTEX
8
Visible
10
242.9446
20
185.5045
30
0
0
VERTEX
8
Visible
10
242.9473
20
185.5145
30
0
0
VERTEX
8
Visible
10
242.9501
20
185.5243
30
0
0
VERTEX
8
Visible
10
242.9531
20
185.5341
30
0
0
VERTEX
8
Visible
10
242.9562
20
185.5439
30
0
0
VERTEX
8
Visible
10
242.9594
20
185.5536
30
0
0
VERTEX
8
Visible
10
242.9628
20
185.5633
30
0
0
VERTEX
8
Visible
10
242.9663
20
185.5729
30
0
0
VERTEX
8
Visible
10
242.9699
20
185.5824
30
0
0
VERTEX
8
Visible
10
242.9736
20
185.5919
30
0
0
VERTEX
8
Visible
10
242.9775
20
185.6014
30
0
0
VERTEX
8
Visible
10
242.9815
20
185.6108
30
0
0
VERTEX
8
Visible
10
242.9856
20
185.6201
30
0
0
VERTEX
8
Visible
10
242.9899
20
185.6294
30
0
0
VERTEX
8
Visible
10
242.9943
20
185.6386
30
0
0
VERTEX
8
Visible
10
242.9988
20
185.6478
30
0
0
VERTEX
8
Visible
10
243.0034
20
185.6569
30
0
0
VERTEX
8
Visible
10
243.0082
20
185.6659
30
0
0
VERTEX
8
Visible
10
243.0131
20
185.6749
30
0
0
VERTEX
8
Visible
10
243.0181
20
185.6838
30
0
0
VERTEX
8
Visible
10
243.0233
20
185.6927
30
0
0
VERTEX
8
Visible
10
243.0285
20
185.7015
30
0
0
VERTEX
8
Visible
10
243.0339
20
185.7102
30
0
0
VERTEX
8
Visible
10
243.0395
20
185.7189
30
0
0
VERTEX
8
Visible
10
243.0451
20
185.7275
30
0
0
VERTEX
8
Visible
10
243.0509
20
185.7361
30
0
0
VERTEX
8
Visible
10
243.0568
20
185.7446
30
0
0
VERTEX
8
Visible
10
243.0628
20
185.7530
30
0
0
VERTEX
8
Visible
10
243.0690
20
185.7614
30
0
0
VERTEX
8
Visible
10
243.0753
20
185.7697
30
0
0
VERTEX
8
Visible
10
243.0817
20
185.7779
30
0
0
VERTEX
8
Visible
10
243.0882
20
185.7861
30
0
0
VERTEX
8
Visible
10
243.0949
20
185.7942
30
0
0
VERTEX
8
Visible
10
243.1016
20
185.8022
30
0
0
VERTEX
8
Visible
10
243.1085
20
185.8102
30
0
0
VERTEX
8
Visible
10
243.1156
20
185.8181
30
0
0
VERTEX
8
Visible
10
243.1227
20
185.8260
30
0
0
VERTEX
8
Visible
10
243.1300
20
185.8337
30
0
0
VERTEX
8
Visible
10
243.1374
20
185.8414
30
0
0
VERTEX
8
Visible
10
243.1449
20
185.8491
30
0
0
VERTEX
8
Visible
10
243.1526
20
185.8566
30
0
0
VERTEX
8
Visible
10
243.1603
20
185.8641
30
0
0
VERTEX
8
Visible
10
243.1682
20
185.8716
30
0
0
VERTEX
8
Visible
10
243.1762
20
185.8789
30
0
0
VERTEX
8
Visible
10
243.1844
20
185.8862
30
0
0
VERTEX
8
Visible
10
243.1926
20
185.8934
30
0
0
VERTEX
8
Visible
10
243.2010
20
185.9006
30
0
0
VERTEX
8
Visible
10
243.2095
20
185.9076
30
0
0
VERTEX
8
Visible
10
243.2182
20
185.9146
30
0
0
VERTEX
8
Visible
10
243.2269
20
185.9216
30
0
0
VERTEX
8
Visible
10
243.2358
20
185.9284
30
0
0
VERTEX
8
Visible
10
243.2448
20
185.9352
30
0
0
VERTEX
8
Visible
10
243.2539
20
185.9419
30
0
0
VERTEX
8
Visible
10
243.2631
20
185.9485
30
0
0
VERTEX
8
Visible
10
243.2725
20
185.9551
30
0
0
VERTEX
8
Visible
10
243.2819
20
185.9615
30
0
0
VERTEX
8
Visible
10
243.2915
20
185.9679
30
0
0
VERTEX
8
Visible
10
243.3013
20
185.9743
30
0
0
VERTEX
8
Visible
10
243.3111
20
185.9805
30
0
0
VERTEX
8
Visible
10
243.3211
20
185.9867
30
0
0
VERTEX
8
Visible
10
243.3311
20
185.9928
30
0
0
VERTEX
8
Visible
10
243.3413
20
185.9988
30
0
0
VERTEX
8
Visible
10
243.3517
20
186.0047
30
0
0
VERTEX
8
Visible
10
243.3621
20
186.0106
30
0
0
VERTEX
8
Visible
10
243.3727
20
186.0164
30
0
0
VERTEX
8
Visible
10
243.3833
20
186.0221
30
0
0
VERTEX
8
Visible
10
243.3941
20
186.0277
30
0
0
VERTEX
8
Visible
10
243.4050
20
186.0332
30
0
0
VERTEX
8
Visible
10
243.4161
20
186.0387
30
0
0
VERTEX
8
Visible
10
243.4272
20
186.0440
30
0
0
VERTEX
8
Visible
10
243.4385
20
186.0493
30
0
0
VERTEX
8
Visible
10
243.4498
20
186.0545
30
0
0
VERTEX
8
Visible
10
243.4613
20
186.0596
30
0
0
VERTEX
8
Visible
10
243.4729
20
186.0646
30
0
0
VERTEX
8
Visible
10
243.4846
20
186.0696
30
0
0
VERTEX
8
Visible
10
243.4964
20
186.0744
30
0
0
VERTEX
8
Visible
10
243.5084
20
186.0792
30
0
0
VERTEX
8
Visible
10
243.5204
20
186.0839
30
0
0
VERTEX
8
Visible
10
243.5326
20
186.0885
30
0
0
VERTEX
8
Visible
10
243.5449
20
186.0930
30
0
0
VERTEX
8
Visible
10
243.5573
20
186.0974
30
0
0
VERTEX
8
Visible
10
243.5697
20
186.1018
30
0
0
VERTEX
8
Visible
10
243.5824
20
186.1060
30
0
0
VERTEX
8
Visible
10
243.5951
20
186.1102
30
0
0
VERTEX
8
Visible
10
243.6079
20
186.1143
30
0
0
VERTEX
8
Visible
10
243.6208
20
186.1182
30
0
0
VERTEX
8
Visible
10
243.6339
20
186.1221
30
0
0
VERTEX
8
Visible
10
243.6470
20
186.1259
30
0
0
VERTEX
8
Visible
10
243.6603
20
186.1296
30
0
0
VERTEX
8
Visible
10
243.6737
20
186.1333
30
0
0
VERTEX
8
Visible
10
243.6871
20
186.1368
30
0
0
VERTEX
8
Visible
10
243.7007
20
186.1402
30
0
0
VERTEX
8
Visible
10
243.7144
20
186.1436
30
0
0
VERTEX
8
Visible
10
243.7282
20
186.1468
30
0
0
VERTEX
8
Visible
10
243.7421
20
186.1500
30
0
0
VERTEX
8
Visible
10
243.7561
20
186.1530
30
0
0
VERTEX
8
Visible
10
243.7702
20
186.1560
30
0
0
VERTEX
8
Visible
10
243.7845
20
186.1589
30
0
0
VERTEX
8
Visible
10
243.7988
20
186.1617
30
0
0
VERTEX
8
Visible
10
243.8132
20
186.1643
30
0
0
VERTEX
8
Visible
10
243.8278
20
186.1669
30
0
0
VERTEX
8
Visible
10
243.8424
20
186.1694
30
0
0
VERTEX
8
Visible
10
243.8571
20
186.1718
30
0
0
VERTEX
8
Visible
10
243.8720
20
186.1741
30
0
0
VERTEX
8
Visible
10
243.8869
20
186.1763
30
0
0
VERTEX
8
Visible
10
243.9020
20
186.1784
30
0
0
VERTEX
8
Visible
10
243.9171
20
186.1804
30
0
0
VERTEX
8
Visible
10
243.9324
20
186.1823
30
0
0
VERTEX
8
Visible
10
243.9477
20
186.1842
30
0
0
VERTEX
8
Visible
10
243.9631
20
186.1859
30
0
0
VERTEX
8
Visible
10
243.9787
20
186.1875
30
0
0
VERTEX
8
Visible
10
243.9943
20
186.1890
30
0
0
VERTEX
8
Visible
10
244.0100
20
186.1904
30
0
0
VERTEX
8
Visible
10
244.0257
20
186.1917
30
0
0
VERTEX
8
Visible
10
244.0416
20
186.1929
30
0
0
VERTEX
8
Visible
10
244.0576
20
186.1940
30
0
0
VERTEX
8
Visible
10
244.0736
20
186.1950
30
0
0
VERTEX
8
Visible
10
244.0898
20
186.1959
30
0
0
VERTEX
8
Visible
10
244.1060
20
186.1967
30
0
0
VERTEX
8
Visible
10
244.1223
20
186.1974
30
0
0
VERTEX
8
Visible
10
244.1387
20
186.1980
30
0
0
VERTEX
8
Visible
10
244.1551
20
186.1985
30
0
0
VERTEX
8
Visible
10
244.1717
20
186.1989
30
0
0
VERTEX
8
Visible
10
244.1883
20
186.1992
30
0
0
VERTEX
8
Visible
10
244.2050
20
186.1994
30
0
0
VERTEX
8
Visible
10
244.2218
20
186.1994
30
0
0
VERTEX
8
Visible
10
244.2387
20
186.1994
30
0
0
VERTEX
8
Visible
10
244.2556
20
186.1993
30
0
0
VERTEX
8
Visible
10
244.2726
20
186.1990
30
0
0
VERTEX
8
Visible
10
244.2897
20
186.1987
30
0
0
VERTEX
8
Visible
10
244.3069
20
186.1983
30
0
0
VERTEX
8
Visible
10
244.3242
20
186.1977
30
0
0
VERTEX
8
Visible
10
244.3415
20
186.1970
30
0
0
VERTEX
8
Visible
10
244.3589
20
186.1963
30
0
0
VERTEX
8
Visible
10
244.3764
20
186.1954
30
0
0
VERTEX
8
Visible
10
244.3939
20
186.1944
30
0
0
VERTEX
8
Visible
10
244.4116
20
186.1933
30
0
0
VERTEX
8
Visible
10
244.4293
20
186.1922
30
0
0
VERTEX
8
Visible
10
244.4470
20
186.1909
30
0
0
VERTEX
8
Visible
10
244.4649
20
186.1895
30
0
0
VERTEX
8
Visible
10
244.4827
20
186.1879
30
0
0
VERTEX
8
Visible
10
244.5007
20
186.1863
30
0
0
VERTEX
8
Visible
10
244.5187
20
186.1846
30
0
0
VERTEX
8
Visible
10
244.5367
20
186.1828
30
0
0
VERTEX
8
Visible
10
244.5548
20
186.1808
30
0
0
VERTEX
8
Visible
10
244.5729
20
186.1788
30
0
0
VERTEX
8
Visible
10
244.5911
20
186.1766
30
0
0
VERTEX
8
Visible
10
244.6093
20
186.1744
30
0
0
VERTEX
8
Visible
10
244.6276
20
186.1720
30
0
0
VERTEX
8
Visible
10
244.6459
20
186.1695
30
0
0
VERTEX
8
Visible
10
244.6642
20
186.1670
30
0
0
VERTEX
8
Visible
10
244.6826
20
186.1643
30
0
0
VERTEX
8
Visible
10
244.7011
20
186.1615
30
0
0
VERTEX
8
Visible
10
244.7195
20
186.1586
30
0
0
VERTEX
8
Visible
10
244.7380
20
186.1556
30
0
0
VERTEX
8
Visible
10
244.7566
20
186.1525
30
0
0
VERTEX
8
Visible
10
244.7752
20
186.1493
30
0
0
VERTEX
8
Visible
10
244.7938
20
186.1460
30
0
0
VERTEX
8
Visible
10
244.8124
20
186.1425
30
0
0
VERTEX
8
Visible
10
244.8311
20
186.1390
30
0
0
VERTEX
8
Visible
10
244.8498
20
186.1354
30
0
0
VERTEX
8
Visible
10
244.8685
20
186.1316
30
0
0
VERTEX
8
Visible
10
244.8873
20
186.1278
30
0
0
VERTEX
8
Visible
10
244.9061
20
186.1238
30
0
0
VERTEX
8
Visible
10
244.9249
20
186.1198
30
0
0
VERTEX
8
Visible
10
244.9438
20
186.1156
30
0
0
VERTEX
8
Visible
10
244.9626
20
186.1113
30
0
0
VERTEX
8
Visible
10
244.9815
20
186.1069
30
0
0
VERTEX
8
Visible
10
245.0004
20
186.1024
30
0
0
VERTEX
8
Visible
10
245.0194
20
186.0979
30
0
0
VERTEX
8
Visible
10
245.0383
20
186.0932
30
0
0
VERTEX
8
Visible
10
245.0573
20
186.0884
30
0
0
VERTEX
8
Visible
10
245.0762
20
186.0835
30
0
0
VERTEX
8
Visible
10
245.0952
20
186.0784
30
0
0
VERTEX
8
Visible
10
245.1142
20
186.0733
30
0
0
VERTEX
8
Visible
10
245.1331
20
186.0681
30
0
0
VERTEX
8
Visible
10
245.1521
20
186.0628
30
0
0
VERTEX
8
Visible
10
245.1710
20
186.0574
30
0
0
VERTEX
8
Visible
10
245.1900
20
186.0519
30
0
0
VERTEX
8
Visible
10
245.2089
20
186.0463
30
0
0
VERTEX
8
Visible
10
245.2278
20
186.0406
30
0
0
VERTEX
8
Visible
10
245.2467
20
186.0348
30
0
0
VERTEX
8
Visible
10
245.2656
20
186.0289
30
0
0
VERTEX
8
Visible
10
245.2845
20
186.0229
30
0
0
VERTEX
8
Visible
10
245.3034
20
186.0168
30
0
0
VERTEX
8
Visible
10
245.3222
20
186.0106
30
0
0
VERTEX
8
Visible
10
245.3410
20
186.0043
30
0
0
VERTEX
8
Visible
10
245.3598
20
185.9979
30
0
0
VERTEX
8
Visible
10
245.3786
20
185.9914
30
0
0
VERTEX
8
Visible
10
245.3973
20
185.9848
30
0
0
SEQEND
8
Visible
0
POLYLINE
8
Visible
66
1
70
0
10
0
20
0
30
0
0
VERTEX
8
Visible
10
249.0480
20
184.3427
30
0
0
VERTEX
8
Visible
10
249.0654
20
184.3331
30
0
0
VERTEX
8
Visible
10
249.0827
20
184.3233
30
0
0
VERTEX
8
Visible
10
249.1000
20
184.3135
30
0
0
VERTEX
8
Visible
10
249.1172
20
184.3035
30
0
0
VERTEX
8
Visible
10
249.1344
20
184.2936
30
0
0
VERTEX
8
Visible
10
249.1515
20
184.2835
30
0
0
VERTEX
8
Visible
10
249.1686
20
184.2733
30
0
0
VERTEX
8
Visible
10
249.1856
20
184.2631
30
0
0
VERTEX
8
Visible
10
249.2025
20
184.2528
30
0
0
VERTEX
8
Visible
10
249.2194
20
184.2424
30
0
0
VERTEX
8
Visible
10
249.2362
20
184.2319
30
0
0
VERTEX
8
Visible
10
249.2529
20
184.2214
30
0
0
VERTEX
8
Visible
10
249.2696
20
184.2108
30
0
0
VERTEX
8
Visible
10
249.2862
20
184.2002
30
0
0
VERTEX
8
Visible
10
249.3027
20
184.1894
30
0
0
VERTEX
8
Visible
10
249.3192
20
184.1786
30
0
0
VERTEX
8
Visible
10
249.3356
20
184.1678
30
0
0
VERTEX
8
Visible
10
249.3519
20
184.1568
30
0
0
VERTEX
8
Visible
10
249.3681
20
184.1459
30
0
0
VERTEX
8
Visible
10
249.3843
20
184.1348
30
0
0
VERTEX
8
Visible
10
249.4004
20
184.1237
30
0
0
VERTEX
8
Visible
10
249.4163
20
184.1125
30
0
0
VERTEX
8
Visible
10
249.4322
20
184.1013
30
0
0
VERTEX
8
Visible
10
249.4480
20
184.0901
30
0
0
VERTEX
8
Visible
10
249.4638
20
184.0787
30
0
0
VERTEX
8
Visible
10
249.4794
20
184.0674
30
0
0
VERTEX
8
Visible
10
249.4949
20
184.0559
30
0
0
VERTEX
8
Visible
10
249.5104
20
184.0445
30
0
0
VERTEX
8
Visible
10
249.5257
20
184.0329
30
0
0
VERTEX
8
Visible
10
249.5410
20
184.0213
30
0
0
VERTEX
8
Visible
10
249.5562
20
184.0097
30
0
0
VERTEX
8
Visible
10
249.5712
20
183.9980
30
0
0
VERTEX
8
Visible
10
249.5862
20
183.9863
30
0
0
VERTEX
8
Visible
10
249.6011
20
183.9746
30
0
0
VERTEX
8
Visible
10
249.6159
20
183.9628
30
0
0
VERTEX
8
Visible
10
249.6306
20
183.9509
30
0
0
VERTEX
8
Visible
10
249.6452
20
183.9390
30
0
0
VERTEX
8
Visible
10
249.6597
20
183.9271
30
0
0
VERTEX
8
Visible
10
249.6741
20
183.9151
30
0
0
VERTEX
8
Visible
10
249.6884
20
183.9031
30
0
0
VERTEX
8
Visible
10
249.7026
20
183.8910
30
0
0
VERTEX
8
Visible
10
249.7167
20
183.8789
30
0
0
VERTEX
8
Visible
10
249.7307
20
183.8668
30
0
0
VERTEX
8
Visible
10
249.7446
20
183.8546
30
0
0
VERTEX
8
Visible
10
249.7584
20
183.8424
30
0
0
VERTEX
8
Visible
10
249.7720
20
183.8302
30
0
0
VERTEX
8
Visible
10
249.7856
20
183.8179
30
0
0
VERTEX
8
Visible
10
249.7990
20
183.8056
30
0
0
VERTEX
8
Visible
10
249.8124
20
183.7933
30
0
0
VERTEX
8
Visible
10
249.8256
20
183.7810
30
0
0
VERTEX
8
Visible
10
249.8387
20
183.7687
30
0
0
VERTEX
8
Visible
10
249.8517
20
183.7563
30
0
0
VERTEX
8
Visible
10
249.8645
20
183.7439
30
0
0
VERTEX
8
Visible
10
249.8773
20
183.7315
30
0
0
VERTEX
8
Visible
10
249.8899
20
183.7190
30
0
0
VERTEX
8
Visible
10
249.9024
20
183.7066
30
0
0
VERTEX
8
Visible
10
249.9148
20
183.6941
30
0
0
VERTEX
8
Visible
10
249.9271
20
183.6816
30
0
0
VERTEX
8
Visible
10
249.9393
20
183.6691
30
0
0
VERTEX
8
Visible
10
249.9513
20
183.6566
30
0
0
VERTEX
8
Visible
10
249.9632
20
183.6440
30
0
0
VERTEX
8
Visible
10
249.9750
20
183.6315
30
0
0
VERTEX
8
Visible
10
249.9867
20
183.6189
30
0
0
VERTEX
8
Visible
10
249.9983
20
183.6063
30
0
0
VERTEX
8
Visible
10
250.0097
20
183.5937
30
0
0
VERTEX
8
Visible
10
250.0211
20
183.5811
30
0
0
VERTEX
8
Visible
10
250.0323
20
183.5685
30
0
0
VERTEX
8
Visible
10
250.0433
20
183.5559
30
0
0
VERTEX
8
Visible
10
250.0543
20
183.5432
30
0
0
VERTEX
8
Visible
10
250.0652
20
183.5306
30
0
0
VERTEX
8
Visible
10
250.0759
20
183.5179
30
0
0
VERTEX
8
Visible
10
250.0865
20
183.5052
30
0
0
VERTEX
8
Visible
10
250.0969
20
183.4926
30
0
0
VERTEX
8
Visible
10
250.1073
20
183.4799
30
0
0
VERTEX
8
Visible
10
250.1175
20
183.4672
30
0
0
VERTEX
8
Visible
10
250.1276
20
183.4545
30
0
0
VERTEX
8
Visible
10
250.1376
20
183.4418
30
0
0
VERTEX
8
Visible
10
250.1475
20
183.4291
30
0
0
VERTEX
8
Visible
10
250.1572
20
183.4164
30
0
0
VERTEX
8
Visible
10
250.1668
20
183.4037
30
0
0
VERTEX
8
Visible
10
250.1763
20
183.3909
30
0
0
VERTEX
8
Visible
10
250.1856
20
183.3782
30
0
0
VERTEX
8
Visible
10
250.1948
20
183.3655
30
0
0
VERTEX
8
Visible
10
250.2039
20
183.3528
30
0
0
VERTEX
8
Visible
10
250.2129
20
183.3401
30
0
0
VERTEX
8
Visible
10
250.2217
20
183.3274
30
0
0
VERTEX
8
Visible
10
250.2304
20
183.3147
30
0
0
VERTEX
8
Visible
10
250.2390
20
183.3020
30
0
0
VERTEX
8
Visible
10
250.2475
20
183.2894
30
0
0
VERTEX
8
Visible
10
250.2558
20
183.2767
30
0
0
VERTEX
8
Visible
10
250.2639
20
183.2641
30
0
0
VERTEX
8
Visible
10
250.2720
20
183.2514
30
0
0
VERTEX
8
Visible
10
250.2799
20
183.2388
30
0
0
VERTEX
8
Visible
10
250.2877
20
183.2262
30
0
0
VERTEX
8
Visible
10
250.2953
20
183.2136
30
0
0
VERTEX
8
Visible
10
250.3029
20
183.2010
30
0
0
VERTEX
8
Visible
10
250.3103
20
183.1884
30
0
0
VERTEX
8
Visible
10
250.3175
20
183.1759
30
0
0
VERTEX
8
Visible
10
250.3246
20
183.1633
30
0
0
VERTEX
8
Visible
10
250.3316
20
183.1508
30
0
0
VERTEX
8
Visible
10
250.3385
20
183.1383
30
0
0
VERTEX
8
Visible
10
250.3452
20
183.1258
30
0
0
VERTEX
8
Visible
10
250.3518
20
183.1133
30
0
0
VERTEX
8
Visible
10
250.3583
20
183.1008
30
0
0
VERTEX
8
Visible
10
250.3646
20
183.0884
30
0
0
VERTEX
8
Visible
10
250.3709
20
183.0759
30
0
0
VERTEX
8
Visible
10
250.3769
20
183.0635
30
0
0
VERTEX
8
Visible
10
250.3829
20
183.0511
30
0
0
VERTEX
8
Visible
10
250.3887
20
183.0388
30
0
0
VERTEX
8
Visible
10
250.3944
20
183.0264
30
0
0
VERTEX
8
Visible
10
250.3999
20
183.0141
30
0
0
VERTEX
8
Visible
10
250.4053
20
183.0018
30
0
0
VERTEX
8
Visible
10
250.4106
20
182.9895
30
0
0
VERTEX
8
Visible
10
250.4158
20
182.9772
30
0
0
VERTEX
8
Visible
10
250.4208
20
182.9649
30
0
0
VERTEX
8
Visible
10
250.4257
20
182.9527
30
0
0
VERTEX
8
Visible
10
250.4304
20
182.9405
30
0
0
VERTEX
8
Visible
10
250.4350
20
182.9284
30
0
0
VERTEX
8
Visible
10
250.4395
20
182.9162
30
0
0
VERTEX
8
Visible
10
250.4439
20
182.9041
30
0
0
VERTEX
8
Visible
10
250.4481
20
182.8920
30
0
0
VERTEX
8
Visible
10
250.4522
20
182.8799
30
0
0
VERTEX
8
Visible
10
250.4562
20
182.8679
30
0
0
VERTEX
8
Visible
10
250.4600
20
182.8558
30
0
0
VERTEX
8
Visible
10
250.4637
20
182.8438
30
0
0
VERTEX
8
Visible
10
250.4673
20
182.8319
30
0
0
VERTEX
8
Visible
10
250.4707
20
182.8200
30
0
0
VERTEX
8
Visible
10
250.4740
20
182.8081
30
0
0
VERTEX
8
Visible
10
250.4772
20
182.7962
30
0
0
VERTEX
8
Visible
10
250.4802
20
182.7843
30
0
0
VERTEX
8
Visible
10
250.4831
20
182.7725
30
0
0
VERTEX
8
Visible
10
250.4859
20
182.7607
30
0
0
VERTEX
8
Visible
10
250.4886
20
182.7490
30
0
0
VERTEX
8
Visible
10
250.4911
20
182.7373
30
0
0
VERTEX
8
Visible
10
250.4934
20
182.7256
30
0
0
VERTEX
8
Visible
10
250.4957
20
182.7140
30
0
0
VERTEX
8
Visible
10
250.4978
20
182.7024
30
0
0
VERTEX
8
Visible
10
250.4998
20
182.6908
30
0
0
VERTEX
8
Visible
10
250.5016
20
182.6793
30
0
0
VERTEX
8
Visible
10
250.5033
20
182.6678
30
0
0
VERTEX
8
Visible
10
250.5049
20
182.6563
30
0
0
VERTEX
8
Visible
10
250.5064
20
182.6449
30
0
0
VERTEX
8
Visible
10
250.5077
20
182.6335
30
0
0
VERTEX
8
Visible
10
250.5089
20
182.6222
30
0
0
VERTEX
8
Visible
10
250.5099
20
182.6109
30
0
0
VERTEX
8
Visible
10
250.5108
20
182.5996
30
0
0
VERTEX
8
Visible
10
250.5116
20
182.5884
30
0
0
VERTEX
8
Visible
10
250.5123
20
182.5772
30
0
0
VERTEX
8
Visible
10
250.5128
20
182.5660
30
0
0
VERTEX
8
Visible
10
250.5132
20
182.5549
30
0
0
VERTEX
8
Visible
10
250.5135
20
182.5439
30
0
0
VERTEX
8
Visible
10
250.5136
20
182.5329
30
0
0
VERTEX
8
Visible
10
250.5136
20
182.5219
30
0
0
VERTEX
8
Visible
10
250.5135
20
182.5110
30
0
0
VERTEX
8
Visible
10
250.5132
20
182.5001
30
0
0
VERTEX
8
Visible
10
250.5128
20
182.4893
30
0
0
VERTEX
8
Visible
10
250.5123
20
182.4785
30
0
0
VERTEX
8
Visible
10
250.5117
20
182.4677
30
0
0
VERTEX
8
Visible
10
250.5109
20
182.4570
30
0
0
VERTEX
8
Visible
10
250.5100
20
182.4464
30
0
0
VERTEX
8
Visible
10
250.5089
20
182.4358
30
0
0
VERTEX
8
Visible
10
250.5078
20
182.4252
30
0
0
VERTEX
8
Visible
10
250.5065
20
182.4147
30
0
0
VERTEX
8
Visible
10
250.5050
20
182.4042
30
0
0
VERTEX
8
Visible
10
250.5035
20
182.3938
30
0
0
VERTEX
8
Visible
10
250.5018
20
182.3835
30
0
0
VERTEX
8
Visible
10
250.5000
20
182.3731
30
0
0
VERTEX
8
Visible
10
250.4980
20
182.3629
30
0
0
VERTEX
8
Visible
10
250.4959
20
182.3527
30
0
0
VERTEX
8
Visible
10
250.4937
20
182.3425
30
0
0
VERTEX
8
Visible
10
250.4914
20
182.3324
30
0
0
VERTEX
8
Visible
10
250.4889
20
182.3223
30
0
0
VERTEX
8
Visible
10
250.4863
20
182.3123
30
0
0
VERTEX
8
Visible
10
250.4836
20
182.3024
30
0
0
VERTEX
8
Visible
10
250.4808
20
182.2925
30
0
0
VERTEX
8
Visible
10
250.4778
20
182.2826
30
0
0
VERTEX
8
Visible
10
250.4747
20
182.2728
30
0
0
VERTEX
8
Visible
10
250.4714
20
182.2631
30
0
0
VERTEX
8
Visible
10
250.4681
20
182.2534
30
0
0
VERTEX
8
Visible
10
250.4646
20
182.2438
30
0
0
VERTEX
8
Visible
10
250.4609
20
182.2342
30
0
0
VERTEX
8
Visible
10
250.4572
20
182.2247
30
0
0
VERTEX
8
Visible
10
250.4533
20
182.2153
30
0
0
VERTEX
8
Visible
10
250.4493
20
182.2059
30
0
0
VERTEX
8
Visible
10
250.4452
20
182.1965
30
0
0
VERTEX
8
Visible
10
250.4409
20
182.1873
30
0
0
VERTEX
8
Visible
10
250.4365
20
182.1780
30
0
0
VERTEX
8
Visible
10
250.4320
20
182.1689
30
0
0
VERTEX
8
Visible
10
250.4273
20
182.1598
30
0
0
VERTEX
8
Visible
10
250.4226
20
182.1507
30
0
0
VERTEX
8
Visible
10
250.4177
20
182.1417
30
0
0
VERTEX
8
Visible
10
250.4126
20
182.1328
30
0
0
VERTEX
8
Visible
10
250.4075
20
182.1240
30
0
0
VERTEX
8
Visible
10
250.4022
20
182.1152
30
0
0
VERTEX
8
Visible
10
250.3968
20
182.1065
30
0
0
VERTEX
8
Visible
10
250.3913
20
182.0978
30
0
0
VERTEX
8
Visible
10
250.3856
20
182.0892
30
0
0
VERTEX
8
Visible
10
250.3798
20
182.0807
30
0
0
VERTEX
8
Visible
10
250.3739
20
182.0722
30
0
0
VERTEX
8
Visible
10
250.3679
20
182.0638
30
0
0
VERTEX
8
Visible
10
250.3617
20
182.0555
30
0
0
VERTEX
8
Visible
10
250.3554
20
182.0472
30
0
0
VERTEX
8
Visible
10
250.3490
20
182.0390
30
0
0
VERTEX
8
Visible
10
250.3425
20
182.0309
30
0
0
VERTEX
8
Visible
10
250.3358
20
182.0228
30
0
0
VERTEX
8
Visible
10
250.3290
20
182.0148
30
0
0
VERTEX
8
Visible
10
250.3221
20
182.0069
30
0
0
VERTEX
8
Visible
10
250.3151
20
181.9991
30
0
0
VERTEX
8
Visible
10
250.3079
20
181.9913
30
0
0
VERTEX
8
Visible
10
250.3006
20
181.9836
30
0
0
VERTEX
8
Visible
10
250.2932
20
181.9760
30
0
0
VERTEX
8
Visible
10
250.2857
20
181.9684
30
0
0
VERTEX
8
Visible
10
250.2780
20
181.9609
30
0
0
VERTEX
8
Visible
10
250.2703
20
181.9535
30
0
0
VERTEX
8
Visible
10
250.2624
20
181.9462
30
0
0
VERTEX
8
Visible
10
250.2544
20
181.9389
30
0
0
VERTEX
8
Visible
10
250.2462
20
181.9318
30
0
0
VERTEX
8
Visible
10
250.2379
20
181.9247
30
0
0
VERTEX
8
Visible
10
250.2296
20
181.9176
30
0
0
VERTEX
8
Visible
10
250.2210
20
181.9107
30
0
0
VERTEX
8
Visible
10
250.2124
20
181.9038
30
0
0
VERTEX
8
Visible
10
250.2037
20
181.8971
30
0
0
VERTEX
8
Visible
10
250.1948
20
181.8904
30
0
0
VERTEX
8
Visible
10
250.1858
20
181.8837
30
0
0
VERTEX
8
Visible
10
250.1767
20
181.8772
30
0
0
VERTEX
8
Visible
10
250.1674
20
181.8707
30
0
0
VERTEX
8
Visible
10
250.1581
20
181.8644
30
0
0
VERTEX
8
Visible
10
250.1486
20
181.8581
30
0
0
VERTEX
8
Visible
10
250.1390
20
181.8518
30
0
0
VERTEX
8
Visible
10
250.1293
20
181.8457
30
0
0
VERTEX
8
Visible
10
250.1194
20
181.8397
30
0
0
VERTEX
8
Visible
10
250.1094
20
181.8337
30
0
0
VERTEX
8
Visible
10
250.0994
20
181.8279
30
0
0
VERTEX
8
Visible
10
250.0892
20
181.8221
30
0
0
VERTEX
8
Visible
10
250.0788
20
181.8164
30
0
0
VERTEX
8
Visible
10
250.0684
20
181.8108
30
0
0
VERTEX
8
Visible
10
250.0578
20
181.8053
30
0
0
VERTEX
8
Visible
10
250.0472
20
181.7998
30
0
0
VERTEX
8
Visible
10
250.0364
20
181.7945
30
0
0
VERTEX
8
Visible
10
250.0255
20
181.7892
30
0
0
VERTEX
8
Visible
10
250.0144
20
181.7841
30
0
0
VERTEX
8
Visible
10
250.0033
20
181.7790
30
0
0
VERTEX
8
Visible
10
249.9920
20
181.7741
30
0
0
VERTEX
8
Visible
10
249.9806
20
181.7692
30
0
0
VERTEX
8
Visible
10
249.9692
20
181.7644
30
0
0
VERTEX
8
Visible
10
249.9575
20
181.7597
30
0
0
VERTEX
8
Visible
10
249.9458
20
181.7552
30
0
0
VERTEX
8
Visible
10
249.9340
20
181.7507
30
0
0
VERTEX
8
Visible
10
249.9221
20
181.7463
30
0
0
VERTEX
8
Visible
10
249.9100
20
181.7420
30
0
0
VERTEX
8
Visible
10
249.8978
20
181.7378
30
0
0
VERTEX
8
Visible
10
249.8855
20
181.7337
30
0
0
VERTEX
8
Visible
10
249.8731
20
181.7298
30
0
0
VERTEX
8
Visible
10
249.8606
20
181.7259
30
0
0
VERTEX
8
Visible
10
249.8480
20
181.7221
30
0
0
VERTEX
8
Visible
10
249.8353
20
181.7184
30
0
0
VERTEX
8
Visible
10
249.8225
20
181.7149
30
0
0
VERTEX
8
Visible
10
249.8095
20
181.7114
30
0
0
VERTEX
8
Visible
10
249.7964
20
181.7080
30
0
0
VERTEX
8
Visible
10
249.7833
20
181.7048
30
0
0
VERTEX
8
Visible
10
249.7700
20
181.7017
30
0
0
VERTEX
8
Visible
10
249.7566
20
181.6986
30
0
0
VERTEX
8
Visible
10
249.7431
20
181.6957
30
0
0
VERTEX
8
Visible
10
249.7295
20
181.6929
30
0
0
VERTEX
8
Visible
10
249.7158
20
181.6902
30
0
0
VERTEX
8
Visible
10
249.7020
20
181.6876
30
0
0
VERTEX
8
Visible
10
249.6881
20
181.6851
30
0
0
VERTEX
8
Visible
10
249.6741
20
181.6828
30
0
0
VERTEX
8
Visible
10
249.6600
20
181.6805
30
0
0
VERTEX
8
Visible
10
249.6457
20
181.6784
30
0
0
VERTEX
8
Visible
10
249.6314
20
181.6763
30
0
0
VERTEX
8
Visible
10
249.6170
20
181.6744
30
0
0
VERTEX
8
Visible
10
249.6024
20
181.6727
30
0
0
VERTEX
8
Visible
10
249.5878
20
181.6710
30
0
0
VERTEX
8
Visible
10
249.5730
20
181.6694
30
0
0
VERTEX
8
Visible
10
249.5582
20
181.6680
30
0
0
VERTEX
8
Visible
10
249.5432
20
181.6667
30
0
0
VERTEX
8
Visible
10
249.5282
20
181.6655
30
0
0
VERTEX
8
Visible
10
249.5131
20
181.6645
30
0
0
VERTEX
8
Visible
10
249.4979
20
181.6635
30
0
0
VERTEX
8
Visible
10
249.4826
20
181.6627
30
0
0
VERTEX
8
Visible
10
249.4672
20
181.6620
30
0
0
VERTEX
8
Visible
10
249.4517
20
181.6614
30
0
0
VERTEX
8
Visible
10
249.4362
20
181.6610
30
0
0
VERTEX
8
Visible
10
249.4205
20
181.6607
30
0
0
VERTEX
8
Visible
10
249.4048
20
181.6605
30
0
0
VERTEX
8
Visible
10
249.3890
20
181.6605
30
0
0
VERTEX
8
Visible
10
249.3731
20
181.6605
30
0
0
VERTEX
8
Visible
10
249.3571
20
181.6607
30
0
0
VERTEX
8
Visible
10
249.3410
20
181.6611
30
0
0
VERTEX
8
Visible
10
249.3249
20
181.6615
30
0
0
VERTEX
8
Visible
10
249.3086
20
181.6621
30
0
0
VERTEX
8
Visible
10
249.2923
20
181.6628
30
0
0
VERTEX
8
Visible
10
249.2759
20
181.6637
30
0
0
VERTEX
8
Visible
10
249.2595
20
181.6647
30
0
0
VERTEX
8
Visible
10
249.2429
20
181.6658
30
0
0
VERTEX
8
Visible
10
249.2263
20
181.6671
30
0
0
VERTEX
8
Visible
10
249.2096
20
181.6685
30
0
0
VERTEX
8
Visible
10
249.1928
20
181.6700
30
0
0
VERTEX
8
Visible
10
249.1760
20
181.6717
30
0
0
VERTEX
8
Visible
10
249.1591
20
181.6735
30
0
0
VERTEX
8
Visible
10
249.1421
20
181.6755
30
0
0
VERTEX
8
Visible
10
249.1250
20
181.6775
30
0
0
VERTEX
8
Visible
10
249.1079
20
181.6798
30
0
0
VERTEX
8
Visible
10
249.0907
20
181.6821
30
0
0
VERTEX
8
Visible
10
249.0734
20
181.6846
30
0
0
VERTEX
8
Visible
10
249.0561
20
181.6873
30
0
0
VERTEX
8
Visible
10
249.0387
20
181.6901
30
0
0
VERTEX
8
Visible
10
249.0213
20
181.6930
30
0
0
VERTEX
8
Visible
10
249.0039
20
181.6961
30
0
0
VERTEX
8
Visible
10
248.9864
20
181.6993
30
0
0
VERTEX
8
Visible
10
248.9688
20
181.7026
30
0
0
VERTEX
8
Visible
10
248.9513
20
181.7061
30
0
0
VERTEX
8
Visible
10
248.9337
20
181.7097
30
0
0
VERTEX
8
Visible
10
248.9160
20
181.7135
30
0
0
VERTEX
8
Visible
10
248.8983
20
181.7174
30
0
0
VERTEX
8
Visible
10
248.8806
20
181.7214
30
0
0
VERTEX
8
Visible
10
248.8629
20
181.7256
30
0
0
VERTEX
8
Visible
10
248.8451
20
181.7299
30
0
0
VERTEX
8
Visible
10
248.8273
20
181.7344
30
0
0
VERTEX
8
Visible
10
248.8095
20
181.7390
30
0
0
VERTEX
8
Visible
10
248.7916
20
181.7438
30
0
0
VERTEX
8
Visible
10
248.7737
20
181.7486
30
0
0
VERTEX
8
Visible
10
248.7558
20
181.7537
30
0
0
VERTEX
8
Visible
10
248.7378
20
181.7588
30
0
0
VERTEX
8
Visible
10
248.7199
20
181.7642
30
0
0
VERTEX
8
Visible
10
248.7019
20
181.7696
30
0
0
VERTEX
8
Visible
10
248.6839
20
181.7752
30
0
0
VERTEX
8
Visible
10
248.6658
20
181.7809
30
0
0
VERTEX
8
Visible
10
248.6478
20
181.7868
30
0
0
VERTEX
8
Visible
10
248.6297
20
181.7928
30
0
0
VERTEX
8
Visible
10
248.6116
20
181.7990
30
0
0
VERTEX
8
Visible
10
248.5936
20
181.8053
30
0
0
VERTEX
8
Visible
10
248.5754
20
181.8117
30
0
0
VERTEX
8
Visible
10
248.5573
20
181.8183
30
0
0
VERTEX
8
Visible
10
248.5392
20
181.8251
30
0
0
VERTEX
8
Visible
10
248.5211
20
181.8319
30
0
0
VERTEX
8
Visible
10
248.5030
20
181.8389
30
0
0
VERTEX
8
Visible
10
248.4849
20
181.8460
30
0
0
VERTEX
8
Visible
10
248.4668
20
181.8533
30
0
0
VERTEX
8
Visible
10
248.4487
20
181.8607
30
0
0
VERTEX
8
Visible
10
248.4307
20
181.8682
30
0
0
VERTEX
8
Visible
10
248.4127
20
181.8759
30
0
0
VERTEX
8
Visible
10
248.3947
20
181.8837
30
0
0
VERTEX
8
Visible
10
248.3767
20
181.8916
30
0
0
VERTEX
8
Visible
10
248.3588
20
181.8996
30
0
0
VERTEX
8
Visible
10
248.3409
20
181.9078
30
0
0
VERTEX
8
Visible
10
248.3230
20
181.9161
30
0
0
VERTEX
8
Visible
10
248.3051
20
181.9245
30
0
0
VERTEX
8
Visible
10
248.2873
20
181.9330
30
0
0
VERTEX
8
Visible
10
248.2695
20
181.9417
30
0
0
VERTEX
8
Visible
10
248.2518
20
181.9505
30
0
0
VERTEX
8
Visible
10
248.2341
20
181.9594
30
0
0
VERTEX
8
Visible
10
248.2164
20
181.9684
30
0
0
VERTEX
8
Visible
10
248.1988
20
181.9776
30
0
0
VERTEX
8
Visible
10
248.1813
20
181.9869
30
0
0
VERTEX
8
Visible
10
248.1638
20
181.9962
30
0
0
VERTEX
8
Visible
10
248.1463
20
182.0057
30
0
0
VERTEX
8
Visible
10
248.1289
20
182.0153
30
0
0
VERTEX
8
Visible
10
248.1116
20
182.0250
30
0
0
SEQEND
8
Visible
0
ARC
8
Visible
10
237.2995
20
163.1029
30
0
40
24.2726
50
61.0515
51
70.5114
0
ARC
8
Visible
10
237.3046
20
162.8730
30
0
40
21.9907
50
60.5650
51
71.0090
0
ARC
8
Visible
10
235.7788
20
137.5225
30
0
40
1.4000
50
90.0000
51
180.0000
0
LINE
8
Visible
10
235.7788
20
138.9225
30
0
11
242.0788
21
138.9225
31
0
0
ARC
8
Visible
10
235.7788
20
137.0225
30
0
40
1.4000
50
268.0421
51
270.0000
0
ARC
8
Visible
10
235.7788
20
137.0225
30
0
40
1.4000
50
180.0000
51
243.8439
0
ARC
8
Visible
10
235.7788
20
137.0225
30
0
40
1.4000
50
243.8439
51
268.0421
0
LINE
8
Visible
10
234.3788
20
137.0225
30
0
11
234.3788
21
137.5225
31
0
0
ARC
8
Visible
10
242.0788
20
137.0225
30
0
40
1.4000
50
270.0000
51
0.0000
0
LINE
8
Visible
10
238.8627
20
135.6225
30
0
11
235.7788
21
135.6225
31
0
0
LINE
8
Visible
10
242.0788
20
135.6225
30
0
11
238.8627
21
135.6225
31
0
0
ARC
8
Visible
10
242.0788
20
137.5225
30
0
40
1.4000
50
33.8705
51
90.0000
0
ARC
8
Visible
10
242.0788
20
137.5225
30
0
40
1.4000
50
0.0000
51
33.8705
0
LINE
8
Visible
10
243.4788
20
137.5225
30
0
11
243.4788
21
137.0225
31
0
0
ARC
8
Visible
10
252.4988
20
144.1925
30
0
40
2.0000
50
180.8679
51
3.7682
0
ARC
8
Visible
10
222.0988
20
144.1925
30
0
40
2.0000
50
176.2318
51
359.1321
0
POLYLINE
8
Visible
66
1
70
0
10
0
20
0
30
0
0
VERTEX
8
Visible
10
212.4675
20
144.1550
30
0
0
VERTEX
8
Visible
10
212.4598
20
144.1040
30
0
0
VERTEX
8
Visible
10
212.4522
20
144.0530
30
0
0
VERTEX
8
Visible
10
212.4447
20
144.0019
30
0
0
VERTEX
8
Visible
10
212.4374
20
143.9508
30
0
0
VERTEX
8
Visible
10
212.4301
20
143.8998
30
0
0
VERTEX
8
Visible
10
212.4229
20
143.8487
30
0
0
VERTEX
8
Visible
10
212.4159
20
143.7976
30
0
0
VERTEX
8
Visible
10
212.4089
20
143.7464
30
0
0
VERTEX
8
Visible
10
212.4021
20
143.6953
30
0
0
VERTEX
8
Visible
10
212.3954
20
143.6441
30
0
0
VERTEX
8
Visible
10
212.3887
20
143.5930
30
0
0
VERTEX
8
Visible
10
212.3822
20
143.5418
30
0
0
VERTEX
8
Visible
10
212.3758
20
143.4906
30
0
0
VERTEX
8
Visible
10
212.3695
20
143.4394
30
0
0
VERTEX
8
Visible
10
212.3633
20
143.3882
30
0
0
VERTEX
8
Visible
10
212.3572
20
143.3370
30
0
0
VERTEX
8
Visible
10
212.3512
20
143.2857
30
0
0
VERTEX
8
Visible
10
212.3453
20
143.2345
30
0
0
VERTEX
8
Visible
10
212.3395
20
143.1832
30
0
0
VERTEX
8
Visible
10
212.3338
20
143.1320
30
0
0
VERTEX
8
Visible
10
212.3282
20
143.0807
30
0
0
VERTEX
8
Visible
10
212.3228
20
143.0294
30
0
0
VERTEX
8
Visible
10
212.3174
20
142.9781
30
0
0
VERTEX
8
Visible
10
212.3122
20
142.9268
30
0
0
VERTEX
8
Visible
10
212.3070
20
142.8754
30
0
0
VERTEX
8
Visible
10
212.3020
20
142.8241
30
0
0
VERTEX
8
Visible
10
212.2970
20
142.7728
30
0
0
VERTEX
8
Visible
10
212.2922
20
142.7214
30
0
0
VERTEX
8
Visible
10
212.2875
20
142.6700
30
0
0
VERTEX
8
Visible
10
212.2828
20
142.6187
30
0
0
VERTEX
8
Visible
10
212.2783
20
142.5673
30
0
0
VERTEX
8
Visible
10
212.2739
20
142.5159
30
0
0
VERTEX
8
Visible
10
212.2696
20
142.4645
30
0
0
VERTEX
8
Visible
10
212.2654
20
142.4131
30
0
0
VERTEX
8
Visible
10
212.2613
20
142.3617
30
0
0
VERTEX
8
Visible
10
212.2573
20
142.3102
30
0
0
VERTEX
8
Visible
10
212.2535
20
142.2588
30
0
0
VERTEX
8
Visible
10
212.2497
20
142.2073
30
0
0
VERTEX
8
Visible
10
212.2460
20
142.1559
30
0
0
VERTEX
8
Visible
10
212.2425
20
142.1044
30
0
0
VERTEX
8
Visible
10
212.2390
20
142.0530
30
0
0
VERTEX
8
Visible
10
212.2357
20
142.0015
30
0
0
VERTEX
8
Visible
10
212.2324
20
141.9500
30
0
0
VERTEX
8
Visible
10
212.2293
20
141.8985
30
0
0
VERTEX
8
Visible
10
212.2262
20
141.8470
30
0
0
VERTEX
8
Visible
10
212.2233
20
141.7955
30
0
0
VERTEX
8
Visible
10
212.2205
20
141.7440
30
0
0
VERTEX
8
Visible
10
212.2178
20
141.6925
30
0
0
SEQEND
8
Visible
0
POLYLINE
8
Visible
66
1
70
0
10
0
20
0
30
0
0
VERTEX
8
Visible
10
262.3798
20
141.6925
30
0
0
VERTEX
8
Visible
10
262.3771
20
141.7440
30
0
0
VERTEX
8
Visible
10
262.3743
20
141.7955
30
0
0
VERTEX
8
Visible
10
262.3713
20
141.8470
30
0
0
VERTEX
8
Visible
10
262.3683
20
141.8985
30
0
0
VERTEX
8
Visible
10
262.3652
20
141.9500
30
0
0
VERTEX
8
Visible
10
262.3619
20
142.0015
30
0
0
VERTEX
8
Visible
10
262.3586
20
142.0530
30
0
0
VERTEX
8
Visible
10
262.3551
20
142.1044
30
0
0
VERTEX
8
Visible
10
262.3516
20
142.1559
30
0
0
VERTEX
8
Visible
10
262.3479
20
142.2073
30
0
0
VERTEX
8
Visible
10
262.3441
20
142.2588
30
0
0
VERTEX
8
Visible
10
262.3402
20
142.3102
30
0
0
VERTEX
8
Visible
10
262.3362
20
142.3617
30
0
0
VERTEX
8
Visible
10
262.3322
20
142.4131
30
0
0
VERTEX
8
Visible
10
262.3280
20
142.4645
30
0
0
VERTEX
8
Visible
10
262.3237
20
142.5159
30
0
0
VERTEX
8
Visible
10
262.3192
20
142.5673
30
0
0
VERTEX
8
Visible
10
262.3147
20
142.6187
30
0
0
VERTEX
8
Visible
10
262.3101
20
142.6700
30
0
0
VERTEX
8
Visible
10
262.3054
20
142.7214
30
0
0
VERTEX
8
Visible
10
262.3005
20
142.7728
30
0
0
VERTEX
8
Visible
10
262.2956
20
142.8241
30
0
0
VERTEX
8
Visible
10
262.2906
20
142.8754
30
0
0
VERTEX
8
Visible
10
262.2854
20
142.9268
30
0
0
VERTEX
8
Visible
10
262.2802
20
142.9781
30
0
0
VERTEX
8
Visible
10
262.2748
20
143.0294
30
0
0
VERTEX
8
Visible
10
262.2693
20
143.0807
30
0
0
VERTEX
8
Visible
10
262.2638
20
143.1320
30
0
0
VERTEX
8
Visible
10
262.2581
20
143.1832
30
0
0
VERTEX
8
Visible
10
262.2523
20
143.2345
30
0
0
VERTEX
8
Visible
10
262.2464
20
143.2857
30
0
0
VERTEX
8
Visible
10
262.2404
20
143.3370
30
0
0
VERTEX
8
Visible
10
262.2343
20
143.3882
30
0
0
VERTEX
8
Visible
10
262.2281
20
143.4394
30
0
0
VERTEX
8
Visible
10
262.2218
20
143.4906
30
0
0
VERTEX
8
Visible
10
262.2154
20
143.5418
30
0
0
VERTEX
8
Visible
10
262.2088
20
143.5930
30
0
0
VERTEX
8
Visible
10
262.2022
20
143.6441
30
0
0
VERTEX
8
Visible
10
262.1955
20
143.6953
30
0
0
VERTEX
8
Visible
10
262.1886
20
143.7464
30
0
0
VERTEX
8
Visible
10
262.1817
20
143.7976
30
0
0
VERTEX
8
Visible
10
262.1746
20
143.8487
30
0
0
VERTEX
8
Visible
10
262.1675
20
143.8998
30
0
0
VERTEX
8
Visible
10
262.1602
20
143.9508
30
0
0
VERTEX
8
Visible
10
262.1529
20
144.0019
30
0
0
VERTEX
8
Visible
10
262.1454
20
144.0530
30
0
0
VERTEX
8
Visible
10
262.1378
20
144.1040
30
0
0
VERTEX
8
Visible
10
262.1301
20
144.1550
30
0
0
SEQEND
8
Visible
0
POLYLINE
8
Visible
66
1
70
0
10
0
20
0
30
0
0
VERTEX
8
Visible
10
262.4813
20
162.9425
30
0
0
VERTEX
8
Visible
10
262.4765
20
162.9846
30
0
0
VERTEX
8
Visible
10
262.4718
20
163.0267
30
0
0
VERTEX
8
Visible
10
262.4671
20
163.0689
30
0
0
VERTEX
8
Visible
10
262.4623
20
163.1110
30
0
0
VERTEX
8
Visible
10
262.4576
20
163.1531
30
0
0
VERTEX
8
Visible
10
262.4529
20
163.1952
30
0
0
VERTEX
8
Visible
10
262.4482
20
163.2374
30
0
0
VERTEX
8
Visible
10
262.4434
20
163.2795
30
0
0
VERTEX
8
Visible
10
262.4387
20
163.3216
30
0
0
VERTEX
8
Visible
10
262.4340
20
163.3638
30
0
0
VERTEX
8
Visible
10
262.4292
20
163.4059
30
0
0
VERTEX
8
Visible
10
262.4245
20
163.4480
30
0
0
VERTEX
8
Visible
10
262.4198
20
163.4902
30
0
0
VERTEX
8
Visible
10
262.4150
20
163.5323
30
0
0
VERTEX
8
Visible
10
262.4103
20
163.5744
30
0
0
VERTEX
8
Visible
10
262.4056
20
163.6165
30
0
0
VERTEX
8
Visible
10
262.4008
20
163.6587
30
0
0
VERTEX
8
Visible
10
262.3961
20
163.7008
30
0
0
VERTEX
8
Visible
10
262.3914
20
163.7429
30
0
0
VERTEX
8
Visible
10
262.3866
20
163.7851
30
0
0
VERTEX
8
Visible
10
262.3819
20
163.8272
30
0
0
VERTEX
8
Visible
10
262.3772
20
163.8693
30
0
0
VERTEX
8
Visible
10
262.3724
20
163.9115
30
0
0
VERTEX
8
Visible
10
262.3677
20
163.9536
30
0
0
VERTEX
8
Visible
10
262.3630
20
163.9957
30
0
0
VERTEX
8
Visible
10
262.3582
20
164.0378
30
0
0
VERTEX
8
Visible
10
262.3535
20
164.0800
30
0
0
VERTEX
8
Visible
10
262.3488
20
164.1221
30
0
0
VERTEX
8
Visible
10
262.3440
20
164.1642
30
0
0
VERTEX
8
Visible
10
262.3393
20
164.2064
30
0
0
VERTEX
8
Visible
10
262.3346
20
164.2485
30
0
0
VERTEX
8
Visible
10
262.3298
20
164.2906
30
0
0
VERTEX
8
Visible
10
262.3251
20
164.3327
30
0
0
VERTEX
8
Visible
10
262.3204
20
164.3749
30
0
0
VERTEX
8
Visible
10
262.3156
20
164.4170
30
0
0
VERTEX
8
Visible
10
262.3109
20
164.4591
30
0
0
VERTEX
8
Visible
10
262.3061
20
164.5013
30
0
0
VERTEX
8
Visible
10
262.3014
20
164.5434
30
0
0
VERTEX
8
Visible
10
262.2967
20
164.5855
30
0
0
VERTEX
8
Visible
10
262.2919
20
164.6277
30
0
0
VERTEX
8
Visible
10
262.2872
20
164.6698
30
0
0
VERTEX
8
Visible
10
262.2825
20
164.7119
30
0
0
VERTEX
8
Visible
10
262.2777
20
164.7540
30
0
0
VERTEX
8
Visible
10
262.2730
20
164.7962
30
0
0
VERTEX
8
Visible
10
262.2683
20
164.8383
30
0
0
VERTEX
8
Visible
10
262.2635
20
164.8804
30
0
0
VERTEX
8
Visible
10
262.2588
20
164.9226
30
0
0
VERTEX
8
Visible
10
262.2540
20
164.9647
30
0
0
VERTEX
8
Visible
10
262.2493
20
165.0068
30
0
0
VERTEX
8
Visible
10
262.2446
20
165.0489
30
0
0
VERTEX
8
Visible
10
262.2398
20
165.0911
30
0
0
VERTEX
8
Visible
10
262.2351
20
165.1332
30
0
0
VERTEX
8
Visible
10
262.2303
20
165.1753
30
0
0
VERTEX
8
Visible
10
262.2256
20
165.2175
30
0
0
VERTEX
8
Visible
10
262.2209
20
165.2596
30
0
0
VERTEX
8
Visible
10
262.2161
20
165.3017
30
0
0
VERTEX
8
Visible
10
262.2114
20
165.3438
30
0
0
VERTEX
8
Visible
10
262.2067
20
165.3860
30
0
0
VERTEX
8
Visible
10
262.2019
20
165.4281
30
0
0
VERTEX
8
Visible
10
262.1972
20
165.4702
30
0
0
VERTEX
8
Visible
10
262.1924
20
165.5124
30
0
0
VERTEX
8
Visible
10
262.1877
20
165.5545
30
0
0
VERTEX
8
Visible
10
262.1830
20
165.5966
30
0
0
VERTEX
8
Visible
10
262.1782
20
165.6388
30
0
0
VERTEX
8
Visible
10
262.1735
20
165.6809
30
0
0
VERTEX
8
Visible
10
262.1687
20
165.7230
30
0
0
VERTEX
8
Visible
10
262.1640
20
165.7651
30
0
0
VERTEX
8
Visible
10
262.1593
20
165.8073
30
0
0
VERTEX
8
Visible
10
262.1545
20
165.8494
30
0
0
VERTEX
8
Visible
10
262.1498
20
165.8915
30
0
0
VERTEX
8
Visible
10
262.1450
20
165.9337
30
0
0
VERTEX
8
Visible
10
262.1403
20
165.9758
30
0
0
SEQEND
8
Visible
0
POLYLINE
8
Visible
66
1
70
0
10
0
20
0
30
0
0
VERTEX
8
Visible
10
212.4573
20
165.9758
30
0
0
VERTEX
8
Visible
10
212.4525
20
165.9337
30
0
0
VERTEX
8
Visible
10
212.4478
20
165.8915
30
0
0
VERTEX
8
Visible
10
212.4431
20
165.8494
30
0
0
VERTEX
8
Visible
10
212.4383
20
165.8073
30
0
0
VERTEX
8
Visible
10
212.4336
20
165.7651
30
0
0
VERTEX
8
Visible
10
212.4288
20
165.7230
30
0
0
VERTEX
8
Visible
10
212.4241
20
165.6809
30
0
0
VERTEX
8
Visible
10
212.4194
20
165.6388
30
0
0
VERTEX
8
Visible
10
212.4146
20
165.5966
30
0
0
VERTEX
8
Visible
10
212.4099
20
165.5545
30
0
0
VERTEX
8
Visible
10
212.4051
20
165.5124
30
0
0
VERTEX
8
Visible
10
212.4004
20
165.4702
30
0
0
VERTEX
8
Visible
10
212.3957
20
165.4281
30
0
0
VERTEX
8
Visible
10
212.3909
20
165.3860
30
0
0
VERTEX
8
Visible
10
212.3862
20
165.3438
30
0
0
VERTEX
8
Visible
10
212.3814
20
165.3017
30
0
0
VERTEX
8
Visible
10
212.3767
20
165.2596
30
0
0
VERTEX
8
Visible
10
212.3720
20
165.2175
30
0
0
VERTEX
8
Visible
10
212.3672
20
165.1753
30
0
0
VERTEX
8
Visible
10
212.3625
20
165.1332
30
0
0
VERTEX
8
Visible
10
212.3578
20
165.0911
30
0
0
VERTEX
8
Visible
10
212.3530
20
165.0489
30
0
0
VERTEX
8
Visible
10
212.3483
20
165.0068
30
0
0
VERTEX
8
Visible
10
212.3435
20
164.9647
30
0
0
VERTEX
8
Visible
10
212.3388
20
164.9226
30
0
0
VERTEX
8
Visible
10
212.3341
20
164.8804
30
0
0
VERTEX
8
Visible
10
212.3293
20
164.8383
30
0
0
VERTEX
8
Visible
10
212.3246
20
164.7962
30
0
0
VERTEX
8
Visible
10
212.3198
20
164.7540
30
0
0
VERTEX
8
Visible
10
212.3151
20
164.7119
30
0
0
VERTEX
8
Visible
10
212.3104
20
164.6698
30
0
0
VERTEX
8
Visible
10
212.3056
20
164.6277
30
0
0
VERTEX
8
Visible
10
212.3009
20
164.5855
30
0
0
VERTEX
8
Visible
10
212.2962
20
164.5434
30
0
0
VERTEX
8
Visible
10
212.2914
20
164.5013
30
0
0
VERTEX
8
Visible
10
212.2867
20
164.4591
30
0
0
VERTEX
8
Visible
10
212.2820
20
164.4170
30
0
0
VERTEX
8
Visible
10
212.2772
20
164.3749
30
0
0
VERTEX
8
Visible
10
212.2725
20
164.3327
30
0
0
VERTEX
8
Visible
10
212.2678
20
164.2906
30
0
0
VERTEX
8
Visible
10
212.2630
20
164.2485
30
0
0
VERTEX
8
Visible
10
212.2583
20
164.2064
30
0
0
VERTEX
8
Visible
10
212.2535
20
164.1642
30
0
0
VERTEX
8
Visible
10
212.2488
20
164.1221
30
0
0
VERTEX
8
Visible
10
212.2441
20
164.0800
30
0
0
VERTEX
8
Visible
10
212.2393
20
164.0378
30
0
0
VERTEX
8
Visible
10
212.2346
20
163.9957
30
0
0
VERTEX
8
Visible
10
212.2299
20
163.9536
30
0
0
VERTEX
8
Visible
10
212.2251
20
163.9115
30
0
0
VERTEX
8
Visible
10
212.2204
20
163.8693
30
0
0
VERTEX
8
Visible
10
212.2157
20
163.8272
30
0
0
VERTEX
8
Visible
10
212.2109
20
163.7851
30
0
0
VERTEX
8
Visible
10
212.2062
20
163.7429
30
0
0
VERTEX
8
Visible
10
212.2015
20
163.7008
30
0
0
VERTEX
8
Visible
10
212.1967
20
163.6587
30
0
0
VERTEX
8
Visible
10
212.1920
20
163.6165
30
0
0
VERTEX
8
Visible
10
212.1873
20
163.5744
30
0
0
VERTEX
8
Visible
10
212.1825
20
163.5323
30
0
0
VERTEX
8
Visible
10
212.1778
20
163.4902
30
0
0
VERTEX
8
Visible
10
212.1731
20
163.4480
30
0
0
VERTEX
8
Visible
10
212.1683
20
163.4059
30
0
0
VERTEX
8
Visible
10
212.1636
20
163.3638
30
0
0
VERTEX
8
Visible
10
212.1589
20
163.3216
30
0
0
VERTEX
8
Visible
10
212.1542
20
163.2795
30
0
0
VERTEX
8
Visible
10
212.1494
20
163.2374
30
0
0
VERTEX
8
Visible
10
212.1447
20
163.1952
30
0
0
VERTEX
8
Visible
10
212.1400
20
163.1531
30
0
0
VERTEX
8
Visible
10
212.1352
20
163.1110
30
0
0
VERTEX
8
Visible
10
212.1305
20
163.0689
30
0
0
VERTEX
8
Visible
10
212.1258
20
163.0267
30
0
0
VERTEX
8
Visible
10
212.1210
20
162.9846
30
0
0
VERTEX
8
Visible
10
212.1163
20
162.9425
30
0
0
SEQEND
8
Visible
0
POLYLINE
8
Visible
66
1
70
0
10
0
20
0
30
0
0
VERTEX
8
Visible
10
212.4753
20
166.1318
30
0
0
VERTEX
8
Visible
10
212.4751
20
166.1296
30
0
0
VERTEX
8
Visible
10
212.4748
20
166.1275
30
0
0
VERTEX
8
Visible
10
212.4746
20
166.1253
30
0
0
VERTEX
8
Visible
10
212.4743
20
166.1231
30
0
0
VERTEX
8
Visible
10
212.4740
20
166.1210
30
0
0
VERTEX
8
Visible
10
212.4738
20
166.1188
30
0
0
VERTEX
8
Visible
10
212.4735
20
166.1166
30
0
0
VERTEX
8
Visible
10
212.4733
20
166.1145
30
0
0
VERTEX
8
Visible
10
212.4730
20
166.1123
30
0
0
VERTEX
8
Visible
10
212.4728
20
166.1101
30
0
0
VERTEX
8
Visible
10
212.4725
20
166.1080
30
0
0
VERTEX
8
Visible
10
212.4723
20
166.1058
30
0
0
VERTEX
8
Visible
10
212.4720
20
166.1036
30
0
0
VERTEX
8
Visible
10
212.4717
20
166.1015
30
0
0
VERTEX
8
Visible
10
212.4715
20
166.0993
30
0
0
VERTEX
8
Visible
10
212.4712
20
166.0971
30
0
0
VERTEX
8
Visible
10
212.4710
20
166.0950
30
0
0
VERTEX
8
Visible
10
212.4707
20
166.0928
30
0
0
VERTEX
8
Visible
10
212.4705
20
166.0906
30
0
0
VERTEX
8
Visible
10
212.4702
20
166.0885
30
0
0
VERTEX
8
Visible
10
212.4700
20
166.0863
30
0
0
VERTEX
8
Visible
10
212.4697
20
166.0841
30
0
0
VERTEX
8
Visible
10
212.4695
20
166.0820
30
0
0
VERTEX
8
Visible
10
212.4692
20
166.0798
30
0
0
VERTEX
8
Visible
10
212.4690
20
166.0776
30
0
0
VERTEX
8
Visible
10
212.4687
20
166.0755
30
0
0
VERTEX
8
Visible
10
212.4685
20
166.0733
30
0
0
VERTEX
8
Visible
10
212.4682
20
166.0711
30
0
0
VERTEX
8
Visible
10
212.4679
20
166.0690
30
0
0
VERTEX
8
Visible
10
212.4677
20
166.0668
30
0
0
VERTEX
8
Visible
10
212.4674
20
166.0646
30
0
0
VERTEX
8
Visible
10
212.4672
20
166.0625
30
0
0
VERTEX
8
Visible
10
212.4669
20
166.0603
30
0
0
VERTEX
8
Visible
10
212.4667
20
166.0581
30
0
0
VERTEX
8
Visible
10
212.4664
20
166.0560
30
0
0
VERTEX
8
Visible
10
212.4662
20
166.0538
30
0
0
VERTEX
8
Visible
10
212.4659
20
166.0516
30
0
0
VERTEX
8
Visible
10
212.4657
20
166.0495
30
0
0
VERTEX
8
Visible
10
212.4654
20
166.0473
30
0
0
VERTEX
8
Visible
10
212.4652
20
166.0451
30
0
0
VERTEX
8
Visible
10
212.4649
20
166.0430
30
0
0
VERTEX
8
Visible
10
212.4647
20
166.0408
30
0
0
VERTEX
8
Visible
10
212.4644
20
166.0386
30
0
0
VERTEX
8
Visible
10
212.4642
20
166.0365
30
0
0
VERTEX
8
Visible
10
212.4639
20
166.0343
30
0
0
VERTEX
8
Visible
10
212.4637
20
166.0321
30
0
0
VERTEX
8
Visible
10
212.4634
20
166.0300
30
0
0
VERTEX
8
Visible
10
212.4632
20
166.0278
30
0
0
VERTEX
8
Visible
10
212.4629
20
166.0256
30
0
0
VERTEX
8
Visible
10
212.4627
20
166.0235
30
0
0
VERTEX
8
Visible
10
212.4625
20
166.0213
30
0
0
VERTEX
8
Visible
10
212.4622
20
166.0191
30
0
0
VERTEX
8
Visible
10
212.4620
20
166.0170
30
0
0
VERTEX
8
Visible
10
212.4617
20
166.0148
30
0
0
VERTEX
8
Visible
10
212.4615
20
166.0126
30
0
0
VERTEX
8
Visible
10
212.4612
20
166.0105
30
0
0
VERTEX
8
Visible
10
212.4610
20
166.0083
30
0
0
VERTEX
8
Visible
10
212.4607
20
166.0061
30
0
0
VERTEX
8
Visible
10
212.4605
20
166.0040
30
0
0
VERTEX
8
Visible
10
212.4602
20
166.0018
30
0
0
VERTEX
8
Visible
10
212.4600
20
165.9996
30
0
0
VERTEX
8
Visible
10
212.4597
20
165.9975
30
0
0
VERTEX
8
Visible
10
212.4595
20
165.9953
30
0
0
VERTEX
8
Visible
10
212.4592
20
165.9931
30
0
0
VERTEX
8
Visible
10
212.4590
20
165.9910
30
0
0
VERTEX
8
Visible
10
212.4588
20
165.9888
30
0
0
VERTEX
8
Visible
10
212.4585
20
165.9866
30
0
0
VERTEX
8
Visible
10
212.4583
20
165.9845
30
0
0
VERTEX
8
Visible
10
212.4580
20
165.9823
30
0
0
VERTEX
8
Visible
10
212.4578
20
165.9801
30
0
0
VERTEX
8
Visible
10
212.4575
20
165.9779
30
0
0
VERTEX
8
Visible
10
212.4573
20
165.9758
30
0
0
SEQEND
8
Visible
0
ARC
8
Visible
10
237.2988
20
163.1867
30
0
40
24.9977
50
6.7660
51
173.2340
0
POLYLINE
8
Visible
66
1
70
0
10
0
20
0
30
0
0
VERTEX
8
Visible
10
262.1403
20
165.9758
30
0
0
VERTEX
8
Visible
10
262.1400
20
165.9779
30
0
0
VERTEX
8
Visible
10
262.1398
20
165.9801
30
0
0
VERTEX
8
Visible
10
262.1396
20
165.9823
30
0
0
VERTEX
8
Visible
10
262.1393
20
165.9845
30
0
0
VERTEX
8
Visible
10
262.1391
20
165.9866
30
0
0
VERTEX
8
Visible
10
262.1388
20
165.9888
30
0
0
VERTEX
8
Visible
10
262.1386
20
165.9910
30
0
0
VERTEX
8
Visible
10
262.1383
20
165.9931
30
0
0
VERTEX
8
Visible
10
262.1381
20
165.9953
30
0
0
VERTEX
8
Visible
10
262.1378
20
165.9975
30
0
0
VERTEX
8
Visible
10
262.1376
20
165.9996
30
0
0
VERTEX
8
Visible
10
262.1373
20
166.0018
30
0
0
VERTEX
8
Visible
10
262.1371
20
166.0040
30
0
0
VERTEX
8
Visible
10
262.1369
20
166.0061
30
0
0
VERTEX
8
Visible
10
262.1366
20
166.0083
30
0
0
VERTEX
8
Visible
10
262.1364
20
166.0105
30
0
0
VERTEX
8
Visible
10
262.1361
20
166.0126
30
0
0
VERTEX
8
Visible
10
262.1359
20
166.0148
30
0
0
VERTEX
8
Visible
10
262.1356
20
166.0170
30
0
0
VERTEX
8
Visible
10
262.1354
20
166.0191
30
0
0
VERTEX
8
Visible
10
262.1351
20
166.0213
30
0
0
VERTEX
8
Visible
10
262.1349
20
166.0235
30
0
0
VERTEX
8
Visible
10
262.1346
20
166.0256
30
0
0
VERTEX
8
Visible
10
262.1344
20
166.0278
30
0
0
VERTEX
8
Visible
10
262.1341
20
166.0300
30
0
0
VERTEX
8
Visible
10
262.1339
20
166.0321
30
0
0
VERTEX
8
Visible
10
262.1336
20
166.0343
30
0
0
VERTEX
8
Visible
10
262.1334
20
166.0365
30
0
0
VERTEX
8
Visible
10
262.1331
20
166.0386
30
0
0
VERTEX
8
Visible
10
262.1329
20
166.0408
30
0
0
VERTEX
8
Visible
10
262.1326
20
166.0430
30
0
0
VERTEX
8
Visible
10
262.1324
20
166.0451
30
0
0
VERTEX
8
Visible
10
262.1321
20
166.0473
30
0
0
VERTEX
8
Visible
10
262.1319
20
166.0495
30
0
0
VERTEX
8
Visible
10
262.1316
20
166.0516
30
0
0
VERTEX
8
Visible
10
262.1314
20
166.0538
30
0
0
VERTEX
8
Visible
10
262.1311
20
166.0560
30
0
0
VERTEX
8
Visible
10
262.1309
20
166.0581
30
0
0
VERTEX
8
Visible
10
262.1306
20
166.0603
30
0
0
VERTEX
8
Visible
10
262.1304
20
166.0625
30
0
0
VERTEX
8
Visible
10
262.1301
20
166.0646
30
0
0
VERTEX
8
Visible
10
262.1299
20
166.0668
30
0
0
VERTEX
8
Visible
10
262.1296
20
166.0690
30
0
0
VERTEX
8
Visible
10
262.1294
20
166.0711
30
0
0
VERTEX
8
Visible
10
262.1291
20
166.0733
30
0
0
VERTEX
8
Visible
10
262.1289
20
166.0755
30
0
0
VERTEX
8
Visible
10
262.1286
20
166.0776
30
0
0
VERTEX
8
Visible
10
262.1284
20
166.0798
30
0
0
VERTEX
8
Visible
10
262.1281
20
166.0820
30
0
0
VERTEX
8
Visible
10
262.1279
20
166.0841
30
0
0
VERTEX
8
Visible
10
262.1276
20
166.0863
30
0
0
VERTEX
8
Visible
10
262.1274
20
166.0885
30
0
0
VERTEX
8
Visible
10
262.1271
20
166.0906
30
0
0
VERTEX
8
Visible
10
262.1269
20
166.0928
30
0
0
VERTEX
8
Visible
10
262.1266
20
166.0950
30
0
0
VERTEX
8
Visible
10
262.1263
20
166.0971
30
0
0
VERTEX
8
Visible
10
262.1261
20
166.0993
30
0
0
VERTEX
8
Visible
10
262.1258
20
166.1015
30
0
0
VERTEX
8
Visible
10
262.1256
20
166.1036
30
0
0
VERTEX
8
Visible
10
262.1253
20
166.1058
30
0
0
VERTEX
8
Visible
10
262.1251
20
166.1080
30
0
0
VERTEX
8
Visible
10
262.1248
20
166.1101
30
0
0
VERTEX
8
Visible
10
262.1246
20
166.1123
30
0
0
VERTEX
8
Visible
10
262.1243
20
166.1145
30
0
0
VERTEX
8
Visible
10
262.1241
20
166.1166
30
0
0
VERTEX
8
Visible
10
262.1238
20
166.1188
30
0
0
VERTEX
8
Visible
10
262.1235
20
166.1210
30
0
0
VERTEX
8
Visible
10
262.1233
20
166.1231
30
0
0
VERTEX
8
Visible
10
262.1230
20
166.1253
30
0
0
VERTEX
8
Visible
10
262.1228
20
166.1275
30
0
0
VERTEX
8
Visible
10
262.1225
20
166.1296
30
0
0
VERTEX
8
Visible
10
262.1223
20
166.1318
30
0
0
SEQEND
8
Visible
0
LINE
8
Visible
10
262.0634
20
162.9425
30
0
11
262.4813
21
162.9425
31
0
0
POLYLINE
8
Visible
66
1
70
0
10
0
20
0
30
0
0
VERTEX
8
Visible
10
260.4368
20
162.9425
30
0
0
VERTEX
8
Visible
10
260.4779
20
162.9425
30
0
0
VERTEX
8
Visible
10
260.5187
20
162.9425
30
0
0
VERTEX
8
Visible
10
260.5592
20
162.9425
30
0
0
VERTEX
8
Visible
10
260.5994
20
162.9425
30
0
0
VERTEX
8
Visible
10
260.6393
20
162.9425
30
0
0
VERTEX
8
Visible
10
260.6789
20
162.9425
30
0
0
VERTEX
8
Visible
10
260.7182
20
162.9425
30
0
0
VERTEX
8
Visible
10
260.7572
20
162.9425
30
0
0
VERTEX
8
Visible
10
260.7958
20
162.9425
30
0
0
VERTEX
8
Visible
10
260.8342
20
162.9425
30
0
0
VERTEX
8
Visible
10
260.8723
20
162.9425
30
0
0
VERTEX
8
Visible
10
260.9101
20
162.9425
30
0
0
VERTEX
8
Visible
10
260.9475
20
162.9425
30
0
0
VERTEX
8
Visible
10
260.9847
20
162.9425
30
0
0
VERTEX
8
Visible
10
261.0215
20
162.9425
30
0
0
VERTEX
8
Visible
10
261.0581
20
162.9425
30
0
0
VERTEX
8
Visible
10
261.0943
20
162.9425
30
0
0
VERTEX
8
Visible
10
261.1302
20
162.9425
30
0
0
VERTEX
8
Visible
10
261.1659
20
162.9425
30
0
0
VERTEX
8
Visible
10
261.2012
20
162.9425
30
0
0
VERTEX
8
Visible
10
261.2362
20
162.9425
30
0
0
VERTEX
8
Visible
10
261.2709
20
162.9425
30
0
0
VERTEX
8
Visible
10
261.3053
20
162.9425
30
0
0
VERTEX
8
Visible
10
261.3394
20
162.9425
30
0
0
VERTEX
8
Visible
10
261.3731
20
162.9425
30
0
0
VERTEX
8
Visible
10
261.4066
20
162.9425
30
0
0
VERTEX
8
Visible
10
261.4397
20
162.9425
30
0
0
VERTEX
8
Visible
10
261.4726
20
162.9425
30
0
0
VERTEX
8
Visible
10
261.5051
20
162.9425
30
0
0
VERTEX
8
Visible
10
261.5373
20
162.9425
30
0
0
VERTEX
8
Visible
10
261.5692
20
162.9425
30
0
0
VERTEX
8
Visible
10
261.6008
20
162.9425
30
0
0
VERTEX
8
Visible
10
261.6321
20
162.9425
30
0
0
VERTEX
8
Visible
10
261.6630
20
162.9425
30
0
0
VERTEX
8
Visible
10
261.6937
20
162.9425
30
0
0
VERTEX
8
Visible
10
261.7240
20
162.9425
30
0
0
VERTEX
8
Visible
10
261.7541
20
162.9425
30
0
0
VERTEX
8
Visible
10
261.7838
20
162.9425
30
0
0
VERTEX
8
Visible
10
261.8132
20
162.9425
30
0
0
VERTEX
8
Visible
10
261.8422
20
162.9425
30
0
0
VERTEX
8
Visible
10
261.8710
20
162.9425
30
0
0
VERTEX
8
Visible
10
261.8994
20
162.9425
30
0
0
VERTEX
8
Visible
10
261.9276
20
162.9425
30
0
0
VERTEX
8
Visible
10
261.9554
20
162.9425
30
0
0
VERTEX
8
Visible
10
261.9829
20
162.9425
30
0
0
VERTEX
8
Visible
10
262.0100
20
162.9425
30
0
0
VERTEX
8
Visible
10
262.0369
20
162.9425
30
0
0
VERTEX
8
Visible
10
262.0634
20
162.9425
30
0
0
SEQEND
8
Visible
0
POLYLINE
8
Visible
66
1
70
0
10
0
20
0
30
0
0
VERTEX
8
Visible
10
227.9551
20
114.8285
30
0
0
VERTEX
8
Visible
10
227.9576
20
114.8276
30
0
0
VERTEX
8
Visible
10
227.9602
20
114.8267
30
0
0
VERTEX
8
Visible
10
227.9627
20
114.8257
30
0
0
VERTEX
8
Visible
10
227.9652
20
114.8248
30
0
0
VERTEX
8
Visible
10
227.9678
20
114.8239
30
0
0
VERTEX
8
Visible
10
227.9703
20
114.8230
30
0
0
VERTEX
8
Visible
10
227.9728
20
114.8221
30
0
0
VERTEX
8
Visible
10
227.9754
20
114.8212
30
0
0
VERTEX
8
Visible
10
227.9779
20
114.8203
30
0
0
VERTEX
8
Visible
10
227.9804
20
114.8193
30
0
0
VERTEX
8
Visible
10
227.9830
20
114.8184
30
0
0
VERTEX
8
Visible
10
227.9855
20
114.8175
30
0
0
VERTEX
8
Visible
10
227.9880
20
114.8166
30
0
0
VERTEX
8
Visible
10
227.9906
20
114.8157
30
0
0
VERTEX
8
Visible
10
227.9931
20
114.8148
30
0
0
VERTEX
8
Visible
10
227.9956
20
114.8139
30
0
0
VERTEX
8
Visible
10
227.9982
20
114.8130
30
0
0
VERTEX
8
Visible
10
228.0007
20
114.8121
30
0
0
VERTEX
8
Visible
10
228.0032
20
114.8111
30
0
0
VERTEX
8
Visible
10
228.0058
20
114.8102
30
0
0
VERTEX
8
Visible
10
228.0083
20
114.8093
30
0
0
VERTEX
8
Visible
10
228.0108
20
114.8084
30
0
0
VERTEX
8
Visible
10
228.0134
20
114.8075
30
0
0
VERTEX
8
Visible
10
228.0159
20
114.8066
30
0
0
VERTEX
8
Visible
10
228.0184
20
114.8057
30
0
0
VERTEX
8
Visible
10
228.0209
20
114.8048
30
0
0
VERTEX
8
Visible
10
228.0235
20
114.8039
30
0
0
VERTEX
8
Visible
10
228.0260
20
114.8030
30
0
0
VERTEX
8
Visible
10
228.0285
20
114.8021
30
0
0
VERTEX
8
Visible
10
228.0310
20
114.8012
30
0
0
VERTEX
8
Visible
10
228.0336
20
114.8003
30
0
0
VERTEX
8
Visible
10
228.0361
20
114.7994
30
0
0
VERTEX
8
Visible
10
228.0386
20
114.7985
30
0
0
VERTEX
8
Visible
10
228.0411
20
114.7976
30
0
0
VERTEX
8
Visible
10
228.0437
20
114.7967
30
0
0
VERTEX
8
Visible
10
228.0462
20
114.7958
30
0
0
VERTEX
8
Visible
10
228.0487
20
114.7949
30
0
0
VERTEX
8
Visible
10
228.0512
20
114.7940
30
0
0
VERTEX
8
Visible
10
228.0537
20
114.7931
30
0
0
VERTEX
8
Visible
10
228.0563
20
114.7922
30
0
0
VERTEX
8
Visible
10
228.0588
20
114.7913
30
0
0
VERTEX
8
Visible
10
228.0613
20
114.7904
30
0
0
VERTEX
8
Visible
10
228.0638
20
114.7895
30
0
0
VERTEX
8
Visible
10
228.0663
20
114.7886
30
0
0
VERTEX
8
Visible
10
228.0688
20
114.7877
30
0
0
VERTEX
8
Visible
10
228.0713
20
114.7868
30
0
0
VERTEX
8
Visible
10
228.0738
20
114.7859
30
0
0
VERTEX
8
Visible
10
228.0763
20
114.7850
30
0
0
VERTEX
8
Visible
10
228.0788
20
114.7841
30
0
0
VERTEX
8
Visible
10
228.0813
20
114.7832
30
0
0
VERTEX
8
Visible
10
228.0838
20
114.7823
30
0
0
VERTEX
8
Visible
10
228.0863
20
114.7815
30
0
0
VERTEX
8
Visible
10
228.0888
20
114.7806
30
0
0
VERTEX
8
Visible
10
228.0913
20
114.7797
30
0
0
VERTEX
8
Visible
10
228.0938
20
114.7788
30
0
0
VERTEX
8
Visible
10
228.0963
20
114.7779
30
0
0
VERTEX
8
Visible
10
228.0988
20
114.7770
30
0
0
VERTEX
8
Visible
10
228.1013
20
114.7761
30
0
0
VERTEX
8
Visible
10
228.1038
20
114.7753
30
0
0
VERTEX
8
Visible
10
228.1063
20
114.7744
30
0
0
VERTEX
8
Visible
10
228.1087
20
114.7735
30
0
0
VERTEX
8
Visible
10
228.1112
20
114.7726
30
0
0
VERTEX
8
Visible
10
228.1137
20
114.7717
30
0
0
VERTEX
8
Visible
10
228.1162
20
114.7709
30
0
0
VERTEX
8
Visible
10
228.1186
20
114.7700
30
0
0
VERTEX
8
Visible
10
228.1211
20
114.7691
30
0
0
VERTEX
8
Visible
10
228.1236
20
114.7682
30
0
0
VERTEX
8
Visible
10
228.1260
20
114.7674
30
0
0
VERTEX
8
Visible
10
228.1285
20
114.7665
30
0
0
VERTEX
8
Visible
10
228.1310
20
114.7656
30
0
0
VERTEX
8
Visible
10
228.1334
20
114.7648
30
0
0
VERTEX
8
Visible
10
228.1359
20
114.7639
30
0
0
SEQEND
8
Visible
0
ARC
8
Visible
10
237.2988
20
140.6925
30
0
40
27.5000
50
177.9161
51
250.1371
0
ARC
8
Visible
10
231.4678
20
124.1925
30
0
40
10.0000
50
250.5370
51
270.0000
0
LINE
8
Visible
10
242.3099
20
114.1925
30
0
11
243.1297
21
114.1925
31
0
0
LINE
8
Visible
10
232.2877
20
114.1925
30
0
11
242.3099
21
114.1925
31
0
0
LINE
8
Visible
10
231.4678
20
114.1925
30
0
11
232.2877
21
114.1925
31
0
0
ARC
8
Visible
10
243.1297
20
124.1925
30
0
40
10.0000
50
270.0000
51
289.4630
0
ARC
8
Visible
10
237.2988
20
140.6925
30
0
40
27.5000
50
289.8629
51
2.0839
0
POLYLINE
8
Visible
66
1
70
0
10
0
20
0
30
0
0
VERTEX
8
Visible
10
246.4617
20
114.7639
30
0
0
VERTEX
8
Visible
10
246.4642
20
114.7648
30
0
0
VERTEX
8
Visible
10
246.4666
20
114.7656
30
0
0
VERTEX
8
Visible
10
246.4691
20
114.7665
30
0
0
VERTEX
8
Visible
10
246.4715
20
114.7674
30
0
0
VERTEX
8
Visible
10
246.4740
20
114.7682
30
0
0
VERTEX
8
Visible
10
246.4765
20
114.7691
30
0
0
VERTEX
8
Visible
10
246.4789
20
114.7700
30
0
0
VERTEX
8
Visible
10
246.4814
20
114.7709
30
0
0
VERTEX
8
Visible
10
246.4839
20
114.7717
30
0
0
VERTEX
8
Visible
10
246.4864
20
114.7726
30
0
0
VERTEX
8
Visible
10
246.4888
20
114.7735
30
0
0
VERTEX
8
Visible
10
246.4913
20
114.7744
30
0
0
VERTEX
8
Visible
10
246.4938
20
114.7753
30
0
0
VERTEX
8
Visible
10
246.4963
20
114.7761
30
0
0
VERTEX
8
Visible
10
246.4988
20
114.7770
30
0
0
VERTEX
8
Visible
10
246.5013
20
114.7779
30
0
0
VERTEX
8
Visible
10
246.5038
20
114.7788
30
0
0
VERTEX
8
Visible
10
246.5063
20
114.7797
30
0
0
VERTEX
8
Visible
10
246.5087
20
114.7806
30
0
0
VERTEX
8
Visible
10
246.5112
20
114.7815
30
0
0
VERTEX
8
Visible
10
246.5137
20
114.7823
30
0
0
VERTEX
8
Visible
10
246.5162
20
114.7832
30
0
0
VERTEX
8
Visible
10
246.5187
20
114.7841
30
0
0
VERTEX
8
Visible
10
246.5212
20
114.7850
30
0
0
VERTEX
8
Visible
10
246.5238
20
114.7859
30
0
0
VERTEX
8
Visible
10
246.5263
20
114.7868
30
0
0
VERTEX
8
Visible
10
246.5288
20
114.7877
30
0
0
VERTEX
8
Visible
10
246.5313
20
114.7886
30
0
0
VERTEX
8
Visible
10
246.5338
20
114.7895
30
0
0
VERTEX
8
Visible
10
246.5363
20
114.7904
30
0
0
VERTEX
8
Visible
10
246.5388
20
114.7913
30
0
0
VERTEX
8
Visible
10
246.5413
20
114.7922
30
0
0
VERTEX
8
Visible
10
246.5438
20
114.7931
30
0
0
VERTEX
8
Visible
10
246.5464
20
114.7940
30
0
0
VERTEX
8
Visible
10
246.5489
20
114.7949
30
0
0
VERTEX
8
Visible
10
246.5514
20
114.7958
30
0
0
VERTEX
8
Visible
10
246.5539
20
114.7967
30
0
0
VERTEX
8
Visible
10
246.5564
20
114.7976
30
0
0
VERTEX
8
Visible
10
246.5590
20
114.7985
30
0
0
VERTEX
8
Visible
10
246.5615
20
114.7994
30
0
0
VERTEX
8
Visible
10
246.5640
20
114.8003
30
0
0
VERTEX
8
Visible
10
246.5665
20
114.8012
30
0
0
VERTEX
8
Visible
10
246.5691
20
114.8021
30
0
0
VERTEX
8
Visible
10
246.5716
20
114.8030
30
0
0
VERTEX
8
Visible
10
246.5741
20
114.8039
30
0
0
VERTEX
8
Visible
10
246.5766
20
114.8048
30
0
0
VERTEX
8
Visible
10
246.5792
20
114.8057
30
0
0
VERTEX
8
Visible
10
246.5817
20
114.8066
30
0
0
VERTEX
8
Visible
10
246.5842
20
114.8075
30
0
0
VERTEX
8
Visible
10
246.5867
20
114.8084
30
0
0
VERTEX
8
Visible
10
246.5893
20
114.8093
30
0
0
VERTEX
8
Visible
10
246.5918
20
114.8102
30
0
0
VERTEX
8
Visible
10
246.5943
20
114.8111
30
0
0
VERTEX
8
Visible
10
246.5969
20
114.8121
30
0
0
VERTEX
8
Visible
10
246.5994
20
114.8130
30
0
0
VERTEX
8
Visible
10
246.6019
20
114.8139
30
0
0
VERTEX
8
Visible
10
246.6045
20
114.8148
30
0
0
VERTEX
8
Visible
10
246.6070
20
114.8157
30
0
0
VERTEX
8
Visible
10
246.6095
20
114.8166
30
0
0
VERTEX
8
Visible
10
246.6121
20
114.8175
30
0
0
VERTEX
8
Visible
10
246.6146
20
114.8184
30
0
0
VERTEX
8
Visible
10
246.6171
20
114.8193
30
0
0
VERTEX
8
Visible
10
246.6197
20
114.8203
30
0
0
VERTEX
8
Visible
10
246.6222
20
114.8212
30
0
0
VERTEX
8
Visible
10
246.6247
20
114.8221
30
0
0
VERTEX
8
Visible
10
246.6273
20
114.8230
30
0
0
VERTEX
8
Visible
10
246.6298
20
114.8239
30
0
0
VERTEX
8
Visible
10
246.6323
20
114.8248
30
0
0
VERTEX
8
Visible
10
246.6349
20
114.8257
30
0
0
VERTEX
8
Visible
10
246.6374
20
114.8267
30
0
0
VERTEX
8
Visible
10
246.6399
20
114.8276
30
0
0
VERTEX
8
Visible
10
246.6425
20
114.8285
30
0
0
SEQEND
8
Visible
0
ARC
8
Visible
10
247.6408
20
167.1045
30
0
40
1.0000
50
231.0481
51
314.9890
0
ARC
8
Visible
10
247.6408
20
167.1045
30
0
40
1.0000
50
314.9890
51
231.0481
0
ARC
8
Visible
10
222.0988
20
144.1925
30
0
40
2.0000
50
359.1321
51
176.2318
0
CIRCLE
8
Visible
10
222.0988
20
144.1925
30
0
40
1.0000
0
ARC
8
Visible
10
252.4988
20
144.1925
30
0
40
2.0000
50
3.7682
51
180.8679
0
CIRCLE
8
Visible
10
252.4988
20
144.1925
30
0
40
1.0000
0
POLYLINE
8
Visible
66
1
70
0
10
0
20
0
30
0
0
VERTEX
8
Visible
10
213.1514
20
156.0738
30
0
0
VERTEX
8
Visible
10
213.0671
20
155.4955
30
0
0
VERTEX
8
Visible
10
212.9829
20
154.9161
30
0
0
VERTEX
8
Visible
10
212.8988
20
154.3356
30
0
0
VERTEX
8
Visible
10
212.8149
20
153.7540
30
0
0
VERTEX
8
Visible
10
212.7311
20
153.1713
30
0
0
VERTEX
8
Visible
10
212.6475
20
152.5876
30
0
0
VERTEX
8
Visible
10
212.5640
20
152.0028
30
0
0
VERTEX
8
Visible
10
212.4806
20
151.4169
30
0
0
VERTEX
8
Visible
10
212.3974
20
150.8299
30
0
0
VERTEX
8
Visible
10
212.3144
20
150.2420
30
0
0
VERTEX
8
Visible
10
212.2315
20
149.6529
30
0
0
VERTEX
8
Visible
10
212.1487
20
149.0629
30
0
0
VERTEX
8
Visible
10
212.0661
20
148.4718
30
0
0
VERTEX
8
Visible
10
211.9837
20
147.8797
30
0
0
VERTEX
8
Visible
10
211.9014
20
147.2866
30
0
0
VERTEX
8
Visible
10
211.8192
20
146.6925
30
0
0
SEQEND
8
Visible
0
LINE
8
Visible
10
212.8554
20
146.6925
30
0
11
211.8192
21
146.6925
31
0
0
POLYLINE
8
Visible
66
1
70
0
10
0
20
0
30
0
0
VERTEX
8
Visible
10
212.8554
20
146.6925
30
0
0
VERTEX
8
Visible
10
212.8311
20
146.5346
30
0
0
VERTEX
8
Visible
10
212.8068
20
146.3766
30
0
0
VERTEX
8
Visible
10
212.7825
20
146.2186
30
0
0
VERTEX
8
Visible
10
212.7582
20
146.0604
30
0
0
VERTEX
8
Visible
10
212.7339
20
145.9022
30
0
0
VERTEX
8
Visible
10
212.7096
20
145.7438
30
0
0
VERTEX
8
Visible
10
212.6854
20
145.5854
30
0
0
VERTEX
8
Visible
10
212.6611
20
145.4268
30
0
0
VERTEX
8
Visible
10
212.6369
20
145.2682
30
0
0
VERTEX
8
Visible
10
212.6126
20
145.1095
30
0
0
VERTEX
8
Visible
10
212.5884
20
144.9506
30
0
0
VERTEX
8
Visible
10
212.5642
20
144.7917
30
0
0
VERTEX
8
Visible
10
212.5400
20
144.6327
30
0
0
VERTEX
8
Visible
10
212.5158
20
144.4736
30
0
0
VERTEX
8
Visible
10
212.4916
20
144.3144
30
0
0
VERTEX
8
Visible
10
212.4675
20
144.1550
30
0
0
SEQEND
8
Visible
0
POLYLINE
8
Visible
66
1
70
0
10
0
20
0
30
0
0
VERTEX
8
Visible
10
262.1301
20
144.1550
30
0
0
VERTEX
8
Visible
10
262.1059
20
144.3144
30
0
0
VERTEX
8
Visible
10
262.0818
20
144.4736
30
0
0
VERTEX
8
Visible
10
262.0576
20
144.6327
30
0
0
VERTEX
8
Visible
10
262.0334
20
144.7917
30
0
0
VERTEX
8
Visible
10
262.0092
20
144.9506
30
0
0
VERTEX
8
Visible
10
261.9849
20
145.1095
30
0
0
VERTEX
8
Visible
10
261.9607
20
145.2682
30
0
0
VERTEX
8
Visible
10
261.9365
20
145.4268
30
0
0
VERTEX
8
Visible
10
261.9122
20
145.5854
30
0
0
VERTEX
8
Visible
10
261.8880
20
145.7438
30
0
0
VERTEX
8
Visible
10
261.8637
20
145.9022
30
0
0
VERTEX
8
Visible
10
261.8394
20
146.0604
30
0
0
VERTEX
8
Visible
10
261.8151
20
146.2186
30
0
0
VERTEX
8
Visible
10
261.7908
20
146.3766
30
0
0
VERTEX
8
Visible
10
261.7665
20
146.5346
30
0
0
VERTEX
8
Visible
10
261.7422
20
146.6925
30
0
0
SEQEND
8
Visible
0
LINE
8
Visible
10
262.7784
20
146.6925
30
0
11
261.7422
21
146.6925
31
0
0
POLYLINE
8
Visible
66
1
70
0
10
0
20
0
30
0
0
VERTEX
8
Visible
10
262.7784
20
146.6925
30
0
0
VERTEX
8
Visible
10
262.6962
20
147.2866
30
0
0
VERTEX
8
Visible
10
262.6139
20
147.8797
30
0
0
VERTEX
8
Visible
10
262.5315
20
148.4718
30
0
0
VERTEX
8
Visible
10
262.4489
20
149.0629
30
0
0
VERTEX
8
Visible
10
262.3661
20
149.6529
30
0
0
VERTEX
8
Visible
10
262.2832
20
150.2420
30
0
0
VERTEX
8
Visible
10
262.2001
20
150.8299
30
0
0
VERTEX
8
Visible
10
262.1169
20
151.4169
30
0
0
VERTEX
8
Visible
10
262.0336
20
152.0028
30
0
0
VERTEX
8
Visible
10
261.9501
20
152.5876
30
0
0
VERTEX
8
Visible
10
261.8665
20
153.1713
30
0
0
VERTEX
8
Visible
10
261.7827
20
153.7540
30
0
0
VERTEX
8
Visible
10
261.6988
20
154.3356
30
0
0
VERTEX
8
Visible
10
261.6147
20
154.9161
30
0
0
VERTEX
8
Visible
10
261.5305
20
155.4955
30
0
0
VERTEX
8
Visible
10
261.4462
20
156.0738
30
0
0
SEQEND
8
Visible
0
POLYLINE
8
Visible
66
1
70
0
10
0
20
0
30
0
0
VERTEX
8
Visible
10
261.4462
20
156.0738
30
0
0
VERTEX
8
Visible
10
261.4253
20
156.2168
30
0
0
VERTEX
8
Visible
10
261.4044
20
156.3597
30
0
0
VERTEX
8
Visible
10
261.3835
20
156.5027
30
0
0
VERTEX
8
Visible
10
261.3625
20
156.6458
30
0
0
VERTEX
8
Visible
10
261.3416
20
156.7888
30
0
0
VERTEX
8
Visible
10
261.3207
20
156.9318
30
0
0
VERTEX
8
Visible
10
261.2998
20
157.0749
30
0
0
VERTEX
8
Visible
10
261.2788
20
157.2180
30
0
0
VERTEX
8
Visible
10
261.2579
20
157.3610
30
0
0
VERTEX
8
Visible
10
261.2369
20
157.5041
30
0
0
VERTEX
8
Visible
10
261.2160
20
157.6472
30
0
0
VERTEX
8
Visible
10
261.1950
20
157.7903
30
0
0
VERTEX
8
Visible
10
261.1740
20
157.9334
30
0
0
VERTEX
8
Visible
10
261.1531
20
158.0765
30
0
0
VERTEX
8
Visible
10
261.1321
20
158.2196
30
0
0
VERTEX
8
Visible
10
261.1111
20
158.3628
30
0
0
VERTEX
8
Visible
10
261.0901
20
158.5059
30
0
0
VERTEX
8
Visible
10
261.0691
20
158.6491
30
0
0
VERTEX
8
Visible
10
261.0481
20
158.7922
30
0
0
VERTEX
8
Visible
10
261.0271
20
158.9353
30
0
0
VERTEX
8
Visible
10
261.0061
20
159.0785
30
0
0
VERTEX
8
Visible
10
260.9851
20
159.2216
30
0
0
VERTEX
8
Visible
10
260.9640
20
159.3648
30
0
0
VERTEX
8
Visible
10
260.9430
20
159.5080
30
0
0
VERTEX
8
Visible
10
260.9220
20
159.6511
30
0
0
VERTEX
8
Visible
10
260.9009
20
159.7943
30
0
0
VERTEX
8
Visible
10
260.8799
20
159.9374
30
0
0
VERTEX
8
Visible
10
260.8588
20
160.0806
30
0
0
VERTEX
8
Visible
10
260.8378
20
160.2237
30
0
0
VERTEX
8
Visible
10
260.8167
20
160.3669
30
0
0
VERTEX
8
Visible
10
260.7956
20
160.5100
30
0
0
VERTEX
8
Visible
10
260.7746
20
160.6532
30
0
0
VERTEX
8
Visible
10
260.7535
20
160.7963
30
0
0
VERTEX
8
Visible
10
260.7324
20
160.9394
30
0
0
VERTEX
8
Visible
10
260.7113
20
161.0826
30
0
0
VERTEX
8
Visible
10
260.6902
20
161.2257
30
0
0
VERTEX
8
Visible
10
260.6691
20
161.3688
30
0
0
VERTEX
8
Visible
10
260.6480
20
161.5119
30
0
0
VERTEX
8
Visible
10
260.6269
20
161.6550
30
0
0
VERTEX
8
Visible
10
260.6058
20
161.7981
30
0
0
VERTEX
8
Visible
10
260.5847
20
161.9412
30
0
0
VERTEX
8
Visible
10
260.5636
20
162.0843
30
0
0
VERTEX
8
Visible
10
260.5425
20
162.2273
30
0
0
VERTEX
8
Visible
10
260.5213
20
162.3704
30
0
0
VERTEX
8
Visible
10
260.5002
20
162.5134
30
0
0
VERTEX
8
Visible
10
260.4791
20
162.6564
30
0
0
VERTEX
8
Visible
10
260.4579
20
162.7995
30
0
0
VERTEX
8
Visible
10
260.4368
20
162.9425
30
0
0
SEQEND
8
Visible
0
POLYLINE
8
Visible
66
1
70
0
10
0
20
0
30
0
0
VERTEX
8
Visible
10
212.5341
20
162.9425
30
0
0
VERTEX
8
Visible
10
212.5607
20
162.9425
30
0
0
VERTEX
8
Visible
10
212.5875
20
162.9425
30
0
0
VERTEX
8
Visible
10
212.6147
20
162.9425
30
0
0
VERTEX
8
Visible
10
212.6422
20
162.9425
30
0
0
VERTEX
8
Visible
10
212.6700
20
162.9425
30
0
0
VERTEX
8
Visible
10
212.6981
20
162.9425
30
0
0
VERTEX
8
Visible
10
212.7266
20
162.9425
30
0
0
VERTEX
8
Visible
10
212.7553
20
162.9425
30
0
0
VERTEX
8
Visible
10
212.7844
20
162.9425
30
0
0
VERTEX
8
Visible
10
212.8138
20
162.9425
30
0
0
VERTEX
8
Visible
10
212.8435
20
162.9425
30
0
0
VERTEX
8
Visible
10
212.8735
20
162.9425
30
0
0
VERTEX
8
Visible
10
212.9039
20
162.9425
30
0
0
VERTEX
8
Visible
10
212.9345
20
162.9425
30
0
0
VERTEX
8
Visible
10
212.9655
20
162.9425
30
0
0
VERTEX
8
Visible
10
212.9968
20
162.9425
30
0
0
VERTEX
8
Visible
10
213.0284
20
162.9425
30
0
0
VERTEX
8
Visible
10
213.0603
20
162.9425
30
0
0
VERTEX
8
Visible
10
213.0925
20
162.9425
30
0
0
VERTEX
8
Visible
10
213.1250
20
162.9425
30
0
0
VERTEX
8
Visible
10
213.1578
20
162.9425
30
0
0
VERTEX
8
Visible
10
213.1910
20
162.9425
30
0
0
VERTEX
8
Visible
10
213.2244
20
162.9425
30
0
0
VERTEX
8
Visible
10
213.2582
20
162.9425
30
0
0
VERTEX
8
Visible
10
213.2923
20
162.9425
30
0
0
VERTEX
8
Visible
10
213.3267
20
162.9425
30
0
0
VERTEX
8
Visible
10
213.3614
20
162.9425
30
0
0
VERTEX
8
Visible
10
213.3964
20
162.9425
30
0
0
VERTEX
8
Visible
10
213.4317
20
162.9425
30
0
0
VERTEX
8
Visible
10
213.4673
20
162.9425
30
0
0
VERTEX
8
Visible
10
213.5033
20
162.9425
30
0
0
VERTEX
8
Visible
10
213.5395
20
162.9425
30
0
0
VERTEX
8
Visible
10
213.5760
20
162.9425
30
0
0
VERTEX
8
Visible
10
213.6129
20
162.9425
30
0
0
VERTEX
8
Visible
10
213.6501
20
162.9425
30
0
0
VERTEX
8
Visible
10
213.6875
20
162.9425
30
0
0
VERTEX
8
Visible
10
213.7253
20
162.9425
30
0
0
VERTEX
8
Visible
10
213.7634
20
162.9425
30
0
0
VERTEX
8
Visible
10
213.8017
20
162.9425
30
0
0
VERTEX
8
Visible
10
213.8404
20
162.9425
30
0
0
VERTEX
8
Visible
10
213.8794
20
162.9425
30
0
0
VERTEX
8
Visible
10
213.9187
20
162.9425
30
0
0
VERTEX
8
Visible
10
213.9583
20
162.9425
30
0
0
VERTEX
8
Visible
10
213.9982
20
162.9425
30
0
0
VERTEX
8
Visible
10
214.0384
20
162.9425
30
0
0
VERTEX
8
Visible
10
214.0789
20
162.9425
30
0
0
VERTEX
8
Visible
10
214.1197
20
162.9425
30
0
0
VERTEX
8
Visible
10
214.1608
20
162.9425
30
0
0
SEQEND
8
Visible
0
POLYLINE
8
Visible
66
1
70
0
10
0
20
0
30
0
0
VERTEX
8
Visible
10
214.1608
20
162.9425
30
0
0
VERTEX
8
Visible
10
214.1396
20
162.7995
30
0
0
VERTEX
8
Visible
10
214.1185
20
162.6564
30
0
0
VERTEX
8
Visible
10
214.0974
20
162.5134
30
0
0
VERTEX
8
Visible
10
214.0762
20
162.3704
30
0
0
VERTEX
8
Visible
10
214.0551
20
162.2273
30
0
0
VERTEX
8
Visible
10
214.0340
20
162.0843
30
0
0
VERTEX
8
Visible
10
214.0129
20
161.9412
30
0
0
VERTEX
8
Visible
10
213.9918
20
161.7981
30
0
0
VERTEX
8
Visible
10
213.9707
20
161.6550
30
0
0
VERTEX
8
Visible
10
213.9496
20
161.5119
30
0
0
VERTEX
8
Visible
10
213.9285
20
161.3688
30
0
0
VERTEX
8
Visible
10
213.9074
20
161.2257
30
0
0
VERTEX
8
Visible
10
213.8863
20
161.0826
30
0
0
VERTEX
8
Visible
10
213.8652
20
160.9394
30
0
0
VERTEX
8
Visible
10
213.8441
20
160.7963
30
0
0
VERTEX
8
Visible
10
213.8230
20
160.6532
30
0
0
VERTEX
8
Visible
10
213.8019
20
160.5100
30
0
0
VERTEX
8
Visible
10
213.7809
20
160.3669
30
0
0
VERTEX
8
Visible
10
213.7598
20
160.2237
30
0
0
VERTEX
8
Visible
10
213.7388
20
160.0806
30
0
0
VERTEX
8
Visible
10
213.7177
20
159.9374
30
0
0
VERTEX
8
Visible
10
213.6967
20
159.7943
30
0
0
VERTEX
8
Visible
10
213.6756
20
159.6511
30
0
0
VERTEX
8
Visible
10
213.6546
20
159.5080
30
0
0
VERTEX
8
Visible
10
213.6335
20
159.3648
30
0
0
VERTEX
8
Visible
10
213.6125
20
159.2216
30
0
0
VERTEX
8
Visible
10
213.5915
20
159.0785
30
0
0
VERTEX
8
Visible
10
213.5705
20
158.9353
30
0
0
VERTEX
8
Visible
10
213.5495
20
158.7922
30
0
0
VERTEX
8
Visible
10
213.5285
20
158.6491
30
0
0
VERTEX
8
Visible
10
213.5075
20
158.5059
30
0
0
VERTEX
8
Visible
10
213.4865
20
158.3628
30
0
0
VERTEX
8
Visible
10
213.4655
20
158.2196
30
0
0
VERTEX
8
Visible
10
213.4445
20
158.0765
30
0
0
VERTEX
8
Visible
10
213.4235
20
157.9334
30
0
0
VERTEX
8
Visible
10
213.4026
20
157.7903
30
0
0
VERTEX
8
Visible
10
213.3816
20
157.6472
30
0
0
VERTEX
8
Visible
10
213.3606
20
157.5041
30
0
0
VERTEX
8
Visible
10
213.3397
20
157.3610
30
0
0
VERTEX
8
Visible
10
213.3187
20
157.2180
30
0
0
VERTEX
8
Visible
10
213.2978
20
157.0749
30
0
0
VERTEX
8
Visible
10
213.2769
20
156.9318
30
0
0
VERTEX
8
Visible
10
213.2559
20
156.7888
30
0
0
VERTEX
8
Visible
10
213.2350
20
156.6458
30
0
0
VERTEX
8
Visible
10
213.2141
20
156.5027
30
0
0
VERTEX
8
Visible
10
213.1932
20
156.3597
30
0
0
VERTEX
8
Visible
10
213.1723
20
156.2168
30
0
0
VERTEX
8
Visible
10
213.1514
20
156.0738
30
0
0
SEQEND
8
Visible
0
LINE
8
Visible
10
212.1163
20
162.9425
30
0
11
212.5341
21
162.9425
31
0
0
LINE
8
Visible
10
214.1275
20
162.9425
30
0
11
214.0241
21
162.0169
31
0
0
LINE
8
Visible
10
212.3107
20
146.6925
30
0
11
211.9567
21
143.5258
31
0
0
LINE
8
Visible
10
262.6409
20
143.5258
30
0
11
262.2868
21
146.6925
31
0
0
LINE
8
Visible
10
260.5735
20
162.0169
30
0
11
260.4700
21
162.9425
31
0
0
ARC
8
Visible
10
237.2988
20
140.6925
30
0
40
25.5000
50
2.2475
51
6.3794
0
ARC
8
Visible
10
237.2988
20
140.6925
30
0
40
25.5000
50
173.6206
51
177.7525
0
ARC
8
Visible
10
237.2988
20
140.6925
30
0
40
27.5000
50
2.0839
51
6.3794
0
LINE
8
Visible
10
264.2993
20
146.6925
30
0
11
264.6285
21
143.7480
31
0
0
LINE
8
Visible
10
262.4825
20
162.9425
30
0
11
262.7061
21
160.9425
31
0
0
LINE
8
Visible
10
211.8915
20
160.9425
30
0
11
212.1151
21
162.9425
31
0
0
LINE
8
Visible
10
209.9691
20
143.7480
30
0
11
210.2983
21
146.6925
31
0
0
ARC
8
Visible
10
237.2988
20
140.6925
30
0
40
27.5000
50
173.6206
51
177.9161
0
LINE
8
Visible
10
262.4813
20
162.9425
30
0
11
262.4825
21
162.9425
31
0
0
LINE
8
Visible
10
262.4825
20
162.9425
30
0
11
262.1440
21
165.9702
31
0
0
ARC
8
Visible
10
237.2988
20
163.1925
30
0
40
25.0000
50
6.3794
51
173.6206
0
LINE
8
Visible
10
212.4536
20
165.9702
30
0
11
212.1151
21
162.9425
31
0
0
LINE
8
Visible
10
212.1151
20
162.9425
30
0
11
212.1163
21
162.9425
31
0
0
LINE
8
Visible
10
210.2983
20
146.6925
30
0
11
211.8076
21
146.6925
31
0
0
LINE
8
Visible
10
211.8915
20
160.9425
30
0
11
210.2983
21
146.6925
31
0
0
LINE
8
Visible
10
213.4008
20
160.9425
30
0
11
211.8915
21
160.9425
31
0
0
LINE
8
Visible
10
211.8076
20
146.6925
30
0
11
213.4008
21
160.9425
31
0
0
LINE
8
Visible
10
261.1968
20
160.9425
30
0
11
262.7900
21
146.6925
31
0
0
LINE
8
Visible
10
262.7061
20
160.9425
30
0
11
261.1968
21
160.9425
31
0
0
LINE
8
Visible
10
262.7900
20
146.6925
30
0
11
264.2993
21
146.6925
31
0
0
LINE
8
Visible
10
264.2993
20
146.6925
30
0
11
262.7061
21
160.9425
31
0
0
LINE
8
Visible
10
82.3727
20
49.2170
30
0
11
81.9837
21
48.9930
31
0
0
LINE
8
Visible
10
61.4557
20
77.5912
30
0
11
61.4557
21
75.8452
31
0
0
POLYLINE
8
Visible
66
1
70
0
10
0
20
0
30
0
0
VERTEX
8
Visible
10
62.0214
20
75.3846
30
0
0
VERTEX
8
Visible
10
62.0470
20
75.3653
30
0
0
VERTEX
8
Visible
10
62.0727
20
75.3456
30
0
0
VERTEX
8
Visible
10
62.0982
20
75.3255
30
0
0
VERTEX
8
Visible
10
62.1237
20
75.3051
30
0
0
VERTEX
8
Visible
10
62.1491
20
75.2843
30
0
0
VERTEX
8
Visible
10
62.1745
20
75.2631
30
0
0
VERTEX
8
Visible
10
62.1998
20
75.2416
30
0
0
VERTEX
8
Visible
10
62.2250
20
75.2198
30
0
0
VERTEX
8
Visible
10
62.2501
20
75.1977
30
0
0
VERTEX
8
Visible
10
62.2751
20
75.1752
30
0
0
VERTEX
8
Visible
10
62.3000
20
75.1523
30
0
0
VERTEX
8
Visible
10
62.3248
20
75.1292
30
0
0
VERTEX
8
Visible
10
62.3495
20
75.1057
30
0
0
VERTEX
8
Visible
10
62.3741
20
75.0819
30
0
0
VERTEX
8
Visible
10
62.3986
20
75.0578
30
0
0
VERTEX
8
Visible
10
62.4230
20
75.0334
30
0
0
SEQEND
8
Visible
0
LINE
8
Visible
10
62.0214
20
75.3846
30
0
11
62.0214
21
76.9715
31
0
0
LINE
8
Visible
10
83.5174
20
50.9917
30
0
11
83.5174
21
52.3829
31
0
0
LINE
8
Visible
10
82.9517
20
52.7086
30
0
11
82.9517
21
50.4820
31
0
0
LINE
8
Visible
10
81.8891
20
50.1918
30
0
11
82.2674
21
49.9739
31
0
0
LINE
8
Visible
10
82.9517
20
68.1916
30
0
11
82.9517
21
63.3316
31
0
0
POLYLINE
8
Visible
66
1
70
0
10
0
20
0
30
0
0
VERTEX
8
Visible
10
82.4245
20
59.3670
30
0
0
VERTEX
8
Visible
10
82.4054
20
59.3883
30
0
0
VERTEX
8
Visible
10
82.3865
20
59.4097
30
0
0
VERTEX
8
Visible
10
82.3676
20
59.4313
30
0
0
VERTEX
8
Visible
10
82.3488
20
59.4530
30
0
0
VERTEX
8
Visible
10
82.3302
20
59.4750
30
0
0
VERTEX
8
Visible
10
82.3116
20
59.4971
30
0
0
VERTEX
8
Visible
10
82.2932
20
59.5193
30
0
0
VERTEX
8
Visible
10
82.2748
20
59.5418
30
0
0
VERTEX
8
Visible
10
82.2566
20
59.5644
30
0
0
VERTEX
8
Visible
10
82.2385
20
59.5872
30
0
0
VERTEX
8
Visible
10
82.2205
20
59.6101
30
0
0
VERTEX
8
Visible
10
82.2026
20
59.6332
30
0
0
VERTEX
8
Visible
10
82.1848
20
59.6564
30
0
0
VERTEX
8
Visible
10
82.1672
20
59.6798
30
0
0
VERTEX
8
Visible
10
82.1497
20
59.7033
30
0
0
VERTEX
8
Visible
10
82.1323
20
59.7270
30
0
0
SEQEND
8
Visible
0
POLYLINE
8
Visible
66
1
70
0
10
0
20
0
30
0
0
VERTEX
8
Visible
10
81.8057
20
63.2922
30
0
0
VERTEX
8
Visible
10
81.8630
20
63.3280
30
0
0
VERTEX
8
Visible
10
81.9228
20
63.3594
30
0
0
VERTEX
8
Visible
10
81.9849
20
63.3866
30
0
0
VERTEX
8
Visible
10
82.0493
20
63.4093
30
0
0
VERTEX
8
Visible
10
82.1158
20
63.4275
30
0
0
VERTEX
8
Visible
10
82.1843
20
63.4413
30
0
0
VERTEX
8
Visible
10
82.2547
20
63.4506
30
0
0
VERTEX
8
Visible
10
82.3269
20
63.4554
30
0
0
VERTEX
8
Visible
10
82.4007
20
63.4557
30
0
0
VERTEX
8
Visible
10
82.4760
20
63.4514
30
0
0
VERTEX
8
Visible
10
82.5527
20
63.4426
30
0
0
VERTEX
8
Visible
10
82.6306
20
63.4293
30
0
0
VERTEX
8
Visible
10
82.7096
20
63.4115
30
0
0
VERTEX
8
Visible
10
82.7896
20
63.3893
30
0
0
VERTEX
8
Visible
10
82.8703
20
63.3626
30
0
0
VERTEX
8
Visible
10
82.9517
20
63.3316
30
0
0
SEQEND
8
Visible
0
LINE
8
Visible
10
84.0447
20
58.4340
30
0
11
82.4245
21
59.3670
31
0
0
POLYLINE
8
Visible
66
1
70
0
10
0
20
0
30
0
0
VERTEX
8
Visible
10
83.5174
20
63.0059
30
0
0
VERTEX
8
Visible
10
83.5521
20
62.9796
30
0
0
VERTEX
8
Visible
10
83.5868
20
62.9527
30
0
0
VERTEX
8
Visible
10
83.6213
20
62.9251
30
0
0
VERTEX
8
Visible
10
83.6556
20
62.8969
30
0
0
VERTEX
8
Visible
10
83.6899
20
62.8680
30
0
0
VERTEX
8
Visible
10
83.7239
20
62.8385
30
0
0
VERTEX
8
Visible
10
83.7579
20
62.8084
30
0
0
VERTEX
8
Visible
10
83.7916
20
62.7777
30
0
0
VERTEX
8
Visible
10
83.8252
20
62.7463
30
0
0
VERTEX
8
Visible
10
83.8586
20
62.7144
30
0
0
VERTEX
8
Visible
10
83.8918
20
62.6819
30
0
0
VERTEX
8
Visible
10
83.9247
20
62.6489
30
0
0
VERTEX
8
Visible
10
83.9575
20
62.6153
30
0
0
VERTEX
8
Visible
10
83.9900
20
62.5811
30
0
0
VERTEX
8
Visible
10
84.0222
20
62.5464
30
0
0
VERTEX
8
Visible
10
84.0542
20
62.5112
30
0
0
SEQEND
8
Visible
0
POLYLINE
8
Visible
66
1
70
0
10
0
20
0
30
0
0
VERTEX
8
Visible
10
84.5325
20
58.5228
30
0
0
VERTEX
8
Visible
10
84.5050
20
58.5107
30
0
0
VERTEX
8
Visible
10
84.4771
20
58.4995
30
0
0
VERTEX
8
Visible
10
84.4487
20
58.4891
30
0
0
VERTEX
8
Visible
10
84.4199
20
58.4796
30
0
0
VERTEX
8
Visible
10
84.3907
20
58.4709
30
0
0
VERTEX
8
Visible
10
84.3611
20
58.4631
30
0
0
VERTEX
8
Visible
10
84.3310
20
58.4562
30
0
0
VERTEX
8
Visible
10
84.3006
20
58.4502
30
0
0
VERTEX
8
Visible
10
84.2698
20
58.4451
30
0
0
VERTEX
8
Visible
10
84.2387
20
58.4409
30
0
0
VERTEX
8
Visible
10
84.2072
20
58.4375
30
0
0
VERTEX
8
Visible
10
84.1753
20
58.4350
30
0
0
VERTEX
8
Visible
10
84.1431
20
58.4335
30
0
0
VERTEX
8
Visible
10
84.1106
20
58.4328
30
0
0
VERTEX
8
Visible
10
84.0778
20
58.4330
30
0
0
VERTEX
8
Visible
10
84.0447
20
58.4340
30
0
0
SEQEND
8
Visible
0
LINE
8
Visible
10
83.5174
20
63.0059
30
0
11
83.5174
21
66.8565
31
0
0
POLYLINE
8
Visible
66
1
70
1
10
0
20
0
30
0
0
VERTEX
8
Visible
10
82.7355
20
61.8110
30
0
0
VERTEX
8
Visible
10
82.7579
20
61.8228
30
0
0
VERTEX
8
Visible
10
82.7811
20
61.8328
30
0
0
VERTEX
8
Visible
10
82.8052
20
61.8412
30
0
0
VERTEX
8
Visible
10
82.8301
20
61.8479
30
0
0
VERTEX
8
Visible
10
82.8558
20
61.8529
30
0
0
VERTEX
8
Visible
10
82.8822
20
61.8561
30
0
0
VERTEX
8
Visible
10
82.9093
20
61.8576
30
0
0
VERTEX
8
Visible
10
82.9370
20
61.8574
30
0
0
VERTEX
8
Visible
10
82.9652
20
61.8554
30
0
0
VERTEX
8
Visible
10
82.9940
20
61.8517
30
0
0
VERTEX
8
Visible
10
83.0232
20
61.8463
30
0
0
VERTEX
8
Visible
10
83.0529
20
61.8391
30
0
0
VERTEX
8
Visible
10
83.0829
20
61.8303
30
0
0
VERTEX
8
Visible
10
83.1131
20
61.8197
30
0
0
VERTEX
8
Visible
10
83.1436
20
61.8075
30
0
0
VERTEX
8
Visible
10
83.1743
20
61.7937
30
0
0
VERTEX
8
Visible
10
83.2051
20
61.7782
30
0
0
VERTEX
8
Visible
10
83.2359
20
61.7612
30
0
0
VERTEX
8
Visible
10
83.2668
20
61.7426
30
0
0
VERTEX
8
Visible
10
83.2976
20
61.7224
30
0
0
VERTEX
8
Visible
10
83.3282
20
61.7008
30
0
0
VERTEX
8
Visible
10
83.3587
20
61.6778
30
0
0
VERTEX
8
Visible
10
83.3890
20
61.6533
30
0
0
VERTEX
8
Visible
10
83.4189
20
61.6275
30
0
0
VERTEX
8
Visible
10
83.4485
20
61.6004
30
0
0
VERTEX
8
Visible
10
83.4777
20
61.5721
30
0
0
VERTEX
8
Visible
10
83.5064
20
61.5426
30
0
0
VERTEX
8
Visible
10
83.5347
20
61.5119
30
0
0
VERTEX
8
Visible
10
83.5623
20
61.4801
30
0
0
VERTEX
8
Visible
10
83.5893
20
61.4474
30
0
0
VERTEX
8
Visible
10
83.6157
20
61.4136
30
0
0
VERTEX
8
Visible
10
83.6413
20
61.3790
30
0
0
VERTEX
8
Visible
10
83.6661
20
61.3435
30
0
0
VERTEX
8
Visible
10
83.6901
20
61.3073
30
0
0
VERTEX
8
Visible
10
83.7133
20
61.2704
30
0
0
VERTEX
8
Visible
10
83.7355
20
61.2329
30
0
0
VERTEX
8
Visible
10
83.7568
20
61.1948
30
0
0
VERTEX
8
Visible
10
83.7771
20
61.1563
30
0
0
VERTEX
8
Visible
10
83.7964
20
61.1173
30
0
0
VERTEX
8
Visible
10
83.8146
20
61.0780
30
0
0
VERTEX
8
Visible
10
83.8317
20
61.0385
30
0
0
VERTEX
8
Visible
10
83.8476
20
60.9988
30
0
0
VERTEX
8
Visible
10
83.8624
20
60.9590
30
0
0
VERTEX
8
Visible
10
83.8760
20
60.9191
30
0
0
VERTEX
8
Visible
10
83.8884
20
60.8793
30
0
0
VERTEX
8
Visible
10
83.8995
20
60.8396
30
0
0
VERTEX
8
Visible
10
83.9094
20
60.8002
30
0
0
VERTEX
8
Visible
10
83.9179
20
60.7610
30
0
0
VERTEX
8
Visible
10
83.9252
20
60.7221
30
0
0
VERTEX
8
Visible
10
83.9312
20
60.6837
30
0
0
VERTEX
8
Visible
10
83.9358
20
60.6457
30
0
0
VERTEX
8
Visible
10
83.9391
20
60.6084
30
0
0
VERTEX
8
Visible
10
83.9411
20
60.5717
30
0
0
VERTEX
8
Visible
10
83.9417
20
60.5356
30
0
0
VERTEX
8
Visible
10
83.9409
20
60.5004
30
0
0
VERTEX
8
Visible
10
83.9389
20
60.4660
30
0
0
VERTEX
8
Visible
10
83.9355
20
60.4325
30
0
0
VERTEX
8
Visible
10
83.9307
20
60.4000
30
0
0
VERTEX
8
Visible
10
83.9246
20
60.3685
30
0
0
VERTEX
8
Visible
10
83.9172
20
60.3382
30
0
0
VERTEX
8
Visible
10
83.9085
20
60.3090
30
0
0
VERTEX
8
Visible
10
83.8986
20
60.2809
30
0
0
VERTEX
8
Visible
10
83.8873
20
60.2542
30
0
0
VERTEX
8
Visible
10
83.8749
20
60.2288
30
0
0
VERTEX
8
Visible
10
83.8612
20
60.2047
30
0
0
VERTEX
8
Visible
10
83.8463
20
60.1820
30
0
0
VERTEX
8
Visible
10
83.8302
20
60.1608
30
0
0
VERTEX
8
Visible
10
83.8130
20
60.1411
30
0
0
VERTEX
8
Visible
10
83.7947
20
60.1229
30
0
0
VERTEX
8
Visible
10
83.7754
20
60.1063
30
0
0
VERTEX
8
Visible
10
83.7550
20
60.0912
30
0
0
VERTEX
8
Visible
10
83.7336
20
60.0778
30
0
0
VERTEX
8
Visible
10
83.7113
20
60.0661
30
0
0
VERTEX
8
Visible
10
83.6880
20
60.0560
30
0
0
VERTEX
8
Visible
10
83.6639
20
60.0476
30
0
0
VERTEX
8
Visible
10
83.6390
20
60.0409
30
0
0
VERTEX
8
Visible
10
83.6134
20
60.0359
30
0
0
VERTEX
8
Visible
10
83.5869
20
60.0327
30
0
0
VERTEX
8
Visible
10
83.5599
20
60.0312
30
0
0
VERTEX
8
Visible
10
83.5322
20
60.0314
30
0
0
VERTEX
8
Visible
10
83.5039
20
60.0334
30
0
0
VERTEX
8
Visible
10
83.4751
20
60.0371
30
0
0
VERTEX
8
Visible
10
83.4459
20
60.0425
30
0
0
VERTEX
8
Visible
10
83.4163
20
60.0497
30
0
0
VERTEX
8
Visible
10
83.3863
20
60.0585
30
0
0
VERTEX
8
Visible
10
83.3560
20
60.0691
30
0
0
VERTEX
8
Visible
10
83.3255
20
60.0813
30
0
0
VERTEX
8
Visible
10
83.2948
20
60.0951
30
0
0
VERTEX
8
Visible
10
83.2641
20
60.1106
30
0
0
VERTEX
8
Visible
10
83.2332
20
60.1277
30
0
0
VERTEX
8
Visible
10
83.2024
20
60.1463
30
0
0
VERTEX
8
Visible
10
83.1716
20
60.1664
30
0
0
VERTEX
8
Visible
10
83.1409
20
60.1880
30
0
0
VERTEX
8
Visible
10
83.1104
20
60.2110
30
0
0
VERTEX
8
Visible
10
83.0802
20
60.2355
30
0
0
VERTEX
8
Visible
10
83.0502
20
60.2613
30
0
0
VERTEX
8
Visible
10
83.0206
20
60.2884
30
0
0
VERTEX
8
Visible
10
82.9914
20
60.3167
30
0
0
VERTEX
8
Visible
10
82.9627
20
60.3463
30
0
0
VERTEX
8
Visible
10
82.9345
20
60.3769
30
0
0
VERTEX
8
Visible
10
82.9069
20
60.4087
30
0
0
VERTEX
8
Visible
10
82.8798
20
60.4415
30
0
0
VERTEX
8
Visible
10
82.8535
20
60.4752
30
0
0
VERTEX
8
Visible
10
82.8279
20
60.5098
30
0
0
VERTEX
8
Visible
10
82.8030
20
60.5453
30
0
0
VERTEX
8
Visible
10
82.7790
20
60.5815
30
0
0
VERTEX
8
Visible
10
82.7559
20
60.6184
30
0
0
VERTEX
8
Visible
10
82.7336
20
60.6559
30
0
0
VERTEX
8
Visible
10
82.7123
20
60.6940
30
0
0
VERTEX
8
Visible
10
82.6920
20
60.7326
30
0
0
VERTEX
8
Visible
10
82.6728
20
60.7715
30
0
0
VERTEX
8
Visible
10
82.6546
20
60.8108
30
0
0
VERTEX
8
Visible
10
82.6375
20
60.8503
30
0
0
VERTEX
8
Visible
10
82.6215
20
60.8900
30
0
0
VERTEX
8
Visible
10
82.6067
20
60.9299
30
0
0
VERTEX
8
Visible
10
82.5931
20
60.9697
30
0
0
VERTEX
8
Visible
10
82.5808
20
61.0095
30
0
0
VERTEX
8
Visible
10
82.5696
20
61.0492
30
0
0
VERTEX
8
Visible
10
82.5598
20
61.0887
30
0
0
VERTEX
8
Visible
10
82.5512
20
61.1279
30
0
0
VERTEX
8
Visible
10
82.5439
20
61.1667
30
0
0
VERTEX
8
Visible
10
82.5380
20
61.2051
30
0
0
VERTEX
8
Visible
10
82.5333
20
61.2431
30
0
0
VERTEX
8
Visible
10
82.5300
20
61.2804
30
0
0
VERTEX
8
Visible
10
82.5281
20
61.3172
30
0
0
VERTEX
8
Visible
10
82.5275
20
61.3532
30
0
0
VERTEX
8
Visible
10
82.5282
20
61.3884
30
0
0
VERTEX
8
Visible
10
82.5303
20
61.4228
30
0
0
VERTEX
8
Visible
10
82.5337
20
61.4563
30
0
0
VERTEX
8
Visible
10
82.5385
20
61.4888
30
0
0
VERTEX
8
Visible
10
82.5445
20
61.5203
30
0
0
VERTEX
8
Visible
10
82.5519
20
61.5507
30
0
0
VERTEX
8
Visible
10
82.5606
20
61.5799
30
0
0
VERTEX
8
Visible
10
82.5706
20
61.6079
30
0
0
VERTEX
8
Visible
10
82.5818
20
61.6346
30
0
0
VERTEX
8
Visible
10
82.5943
20
61.6601
30
0
0
VERTEX
8
Visible
10
82.6080
20
61.6841
30
0
0
VERTEX
8
Visible
10
82.6229
20
61.7068
30
0
0
VERTEX
8
Visible
10
82.6389
20
61.7280
30
0
0
VERTEX
8
Visible
10
82.6561
20
61.7477
30
0
0
VERTEX
8
Visible
10
82.6744
20
61.7659
30
0
0
VERTEX
8
Visible
10
82.6938
20
61.7826
30
0
0
VERTEX
8
Visible
10
82.7142
20
61.7976
30
0
0
SEQEND
8
Visible
0
POLYLINE
8
Visible
66
1
70
0
10
0
20
0
30
0
0
VERTEX
8
Visible
10
61.2318
20
76.1855
30
0
0
VERTEX
8
Visible
10
61.2363
20
76.1873
30
0
0
VERTEX
8
Visible
10
61.2407
20
76.1892
30
0
0
VERTEX
8
Visible
10
61.2452
20
76.1911
30
0
0
VERTEX
8
Visible
10
61.2497
20
76.1929
30
0
0
VERTEX
8
Visible
10
61.2542
20
76.1948
30
0
0
VERTEX
8
Visible
10
61.2587
20
76.1966
30
0
0
VERTEX
8
Visible
10
61.2632
20
76.1984
30
0
0
VERTEX
8
Visible
10
61.2678
20
76.2003
30
0
0
VERTEX
8
Visible
10
61.2723
20
76.2021
30
0
0
VERTEX
8
Visible
10
61.2768
20
76.2039
30
0
0
VERTEX
8
Visible
10
61.2814
20
76.2057
30
0
0
VERTEX
8
Visible
10
61.2860
20
76.2075
30
0
0
VERTEX
8
Visible
10
61.2905
20
76.2093
30
0
0
VERTEX
8
Visible
10
61.2951
20
76.2111
30
0
0
VERTEX
8
Visible
10
61.2997
20
76.2128
30
0
0
VERTEX
8
Visible
10
61.3043
20
76.2146
30
0
0
VERTEX
8
Visible
10
61.3089
20
76.2163
30
0
0
VERTEX
8
Visible
10
61.3135
20
76.2181
30
0
0
VERTEX
8
Visible
10
61.3182
20
76.2198
30
0
0
VERTEX
8
Visible
10
61.3228
20
76.2216
30
0
0
VERTEX
8
Visible
10
61.3274
20
76.2233
30
0
0
VERTEX
8
Visible
10
61.3321
20
76.2250
30
0
0
VERTEX
8
Visible
10
61.3367
20
76.2267
30
0
0
VERTEX
8
Visible
10
61.3414
20
76.2284
30
0
0
VERTEX
8
Visible
10
61.3461
20
76.2301
30
0
0
VERTEX
8
Visible
10
61.3508
20
76.2318
30
0
0
VERTEX
8
Visible
10
61.3555
20
76.2335
30
0
0
VERTEX
8
Visible
10
61.3602
20
76.2352
30
0
0
VERTEX
8
Visible
10
61.3649
20
76.2368
30
0
0
VERTEX
8
Visible
10
61.3696
20
76.2385
30
0
0
VERTEX
8
Visible
10
61.3743
20
76.2401
30
0
0
VERTEX
8
Visible
10
61.3790
20
76.2418
30
0
0
VERTEX
8
Visible
10
61.3838
20
76.2434
30
0
0
VERTEX
8
Visible
10
61.3885
20
76.2450
30
0
0
VERTEX
8
Visible
10
61.3933
20
76.2467
30
0
0
VERTEX
8
Visible
10
61.3981
20
76.2483
30
0
0
VERTEX
8
Visible
10
61.4028
20
76.2499
30
0
0
VERTEX
8
Visible
10
61.4076
20
76.2515
30
0
0
VERTEX
8
Visible
10
61.4124
20
76.2530
30
0
0
VERTEX
8
Visible
10
61.4172
20
76.2546
30
0
0
VERTEX
8
Visible
10
61.4220
20
76.2562
30
0
0
VERTEX
8
Visible
10
61.4268
20
76.2578
30
0
0
VERTEX
8
Visible
10
61.4317
20
76.2593
30
0
0
VERTEX
8
Visible
10
61.4365
20
76.2609
30
0
0
VERTEX
8
Visible
10
61.4413
20
76.2624
30
0
0
VERTEX
8
Visible
10
61.4462
20
76.2639
30
0
0
VERTEX
8
Visible
10
61.4510
20
76.2655
30
0
0
VERTEX
8
Visible
10
61.4559
20
76.2670
30
0
0
SEQEND
8
Visible
0
POLYLINE
8
Visible
66
1
70
0
10
0
20
0
30
0
0
VERTEX
8
Visible
10
83.2415
20
50.7390
30
0
0
VERTEX
8
Visible
10
83.2773
20
50.7710
30
0
0
VERTEX
8
Visible
10
83.3130
20
50.8029
30
0
0
VERTEX
8
Visible
10
83.3484
20
50.8350
30
0
0
VERTEX
8
Visible
10
83.3836
20
50.8671
30
0
0
VERTEX
8
Visible
10
83.4186
20
50.8993
30
0
0
VERTEX
8
Visible
10
83.4534
20
50.9316
30
0
0
VERTEX
8
Visible
10
83.4880
20
50.9639
30
0
0
VERTEX
8
Visible
10
83.5224
20
50.9963
30
0
0
VERTEX
8
Visible
10
83.5565
20
51.0288
30
0
0
VERTEX
8
Visible
10
83.5905
20
51.0613
30
0
0
VERTEX
8
Visible
10
83.6242
20
51.0939
30
0
0
VERTEX
8
Visible
10
83.6577
20
51.1266
30
0
0
VERTEX
8
Visible
10
83.6910
20
51.1593
30
0
0
VERTEX
8
Visible
10
83.7241
20
51.1921
30
0
0
VERTEX
8
Visible
10
83.7570
20
51.2250
30
0
0
VERTEX
8
Visible
10
83.7897
20
51.2579
30
0
0
VERTEX
8
Visible
10
83.8222
20
51.2909
30
0
0
VERTEX
8
Visible
10
83.8544
20
51.3240
30
0
0
VERTEX
8
Visible
10
83.8864
20
51.3571
30
0
0
VERTEX
8
Visible
10
83.9183
20
51.3902
30
0
0
VERTEX
8
Visible
10
83.9499
20
51.4235
30
0
0
VERTEX
8
Visible
10
83.9813
20
51.4568
30
0
0
VERTEX
8
Visible
10
84.0124
20
51.4902
30
0
0
VERTEX
8
Visible
10
84.0434
20
51.5236
30
0
0
VERTEX
8
Visible
10
84.0741
20
51.5571
30
0
0
VERTEX
8
Visible
10
84.1047
20
51.5906
30
0
0
VERTEX
8
Visible
10
84.1350
20
51.6243
30
0
0
VERTEX
8
Visible
10
84.1651
20
51.6579
30
0
0
VERTEX
8
Visible
10
84.1950
20
51.6917
30
0
0
VERTEX
8
Visible
10
84.2247
20
51.7255
30
0
0
VERTEX
8
Visible
10
84.2541
20
51.7593
30
0
0
VERTEX
8
Visible
10
84.2834
20
51.7932
30
0
0
VERTEX
8
Visible
10
84.3124
20
51.8272
30
0
0
VERTEX
8
Visible
10
84.3412
20
51.8612
30
0
0
VERTEX
8
Visible
10
84.3698
20
51.8953
30
0
0
VERTEX
8
Visible
10
84.3981
20
51.9295
30
0
0
VERTEX
8
Visible
10
84.4263
20
51.9637
30
0
0
VERTEX
8
Visible
10
84.4542
20
51.9979
30
0
0
VERTEX
8
Visible
10
84.4819
20
52.0322
30
0
0
VERTEX
8
Visible
10
84.5094
20
52.0666
30
0
0
VERTEX
8
Visible
10
84.5367
20
52.1010
30
0
0
VERTEX
8
Visible
10
84.5638
20
52.1355
30
0
0
VERTEX
8
Visible
10
84.5906
20
52.1700
30
0
0
VERTEX
8
Visible
10
84.6172
20
52.2046
30
0
0
VERTEX
8
Visible
10
84.6436
20
52.2393
30
0
0
VERTEX
8
Visible
10
84.6698
20
52.2740
30
0
0
VERTEX
8
Visible
10
84.6958
20
52.3087
30
0
0
VERTEX
8
Visible
10
84.7215
20
52.3435
30
0
0
SEQEND
8
Visible
0
LINE
8
Visible
10
82.5119
20
52.9619
30
0
11
84.3679
21
51.8931
31
0
0
POLYLINE
8
Visible
66
1
70
0
10
0
20
0
30
0
0
VERTEX
8
Visible
10
83.7068
20
65.3359
30
0
0
VERTEX
8
Visible
10
83.6985
20
65.4033
30
0
0
VERTEX
8
Visible
10
83.6901
20
65.4707
30
0
0
VERTEX
8
Visible
10
83.6817
20
65.5381
30
0
0
VERTEX
8
Visible
10
83.6733
20
65.6055
30
0
0
VERTEX
8
Visible
10
83.6649
20
65.6729
30
0
0
VERTEX
8
Visible
10
83.6565
20
65.7404
30
0
0
VERTEX
8
Visible
10
83.6482
20
65.8078
30
0
0
VERTEX
8
Visible
10
83.6398
20
65.8752
30
0
0
VERTEX
8
Visible
10
83.6314
20
65.9427
30
0
0
VERTEX
8
Visible
10
83.6230
20
66.0101
30
0
0
VERTEX
8
Visible
10
83.6146
20
66.0776
30
0
0
VERTEX
8
Visible
10
83.6062
20
66.1450
30
0
0
VERTEX
8
Visible
10
83.5978
20
66.2125
30
0
0
VERTEX
8
Visible
10
83.5893
20
66.2800
30
0
0
VERTEX
8
Visible
10
83.5809
20
66.3474
30
0
0
VERTEX
8
Visible
10
83.5725
20
66.4149
30
0
0
VERTEX
8
Visible
10
83.5641
20
66.4824
30
0
0
VERTEX
8
Visible
10
83.5557
20
66.5499
30
0
0
VERTEX
8
Visible
10
83.5473
20
66.6174
30
0
0
VERTEX
8
Visible
10
83.5388
20
66.6849
30
0
0
VERTEX
8
Visible
10
83.5304
20
66.7524
30
0
0
VERTEX
8
Visible
10
83.5220
20
66.8199
30
0
0
VERTEX
8
Visible
10
83.5136
20
66.8874
30
0
0
VERTEX
8
Visible
10
83.5051
20
66.9549
30
0
0
VERTEX
8
Visible
10
83.4967
20
67.0224
30
0
0
VERTEX
8
Visible
10
83.4883
20
67.0899
30
0
0
VERTEX
8
Visible
10
83.4798
20
67.1574
30
0
0
VERTEX
8
Visible
10
83.4714
20
67.2249
30
0
0
VERTEX
8
Visible
10
83.4630
20
67.2925
30
0
0
VERTEX
8
Visible
10
83.4545
20
67.3600
30
0
0
VERTEX
8
Visible
10
83.4461
20
67.4275
30
0
0
VERTEX
8
Visible
10
83.4376
20
67.4951
30
0
0
VERTEX
8
Visible
10
83.4292
20
67.5626
30
0
0
VERTEX
8
Visible
10
83.4207
20
67.6301
30
0
0
VERTEX
8
Visible
10
83.4123
20
67.6977
30
0
0
VERTEX
8
Visible
10
83.4038
20
67.7652
30
0
0
VERTEX
8
Visible
10
83.3953
20
67.8327
30
0
0
VERTEX
8
Visible
10
83.3869
20
67.9003
30
0
0
VERTEX
8
Visible
10
83.3784
20
67.9678
30
0
0
VERTEX
8
Visible
10
83.3700
20
68.0354
30
0
0
VERTEX
8
Visible
10
83.3615
20
68.1029
30
0
0
VERTEX
8
Visible
10
83.3530
20
68.1705
30
0
0
VERTEX
8
Visible
10
83.3445
20
68.2381
30
0
0
VERTEX
8
Visible
10
83.3361
20
68.3056
30
0
0
VERTEX
8
Visible
10
83.3276
20
68.3732
30
0
0
VERTEX
8
Visible
10
83.3191
20
68.4407
30
0
0
VERTEX
8
Visible
10
83.3106
20
68.5083
30
0
0
VERTEX
8
Visible
10
83.3022
20
68.5758
30
0
0
SEQEND
8
Visible
0
LINE
8
Visible
10
82.7021
20
53.5064
30
0
11
84.7215
21
52.3435
31
0
0
LINE
8
Visible
10
82.9205
20
50.4543
30
0
11
83.2415
21
50.7390
31
0
0
ARC
8
Visible
10
79.9024
20
53.8621
30
0
40
4.5522
50
299.3151
51
311.5294
0
LINE
8
Visible
10
81.9268
20
49.7752
30
0
11
82.1312
21
49.8929
31
0
0
LINE
8
Visible
10
82.3727
20
49.2170
30
0
11
83.0803
21
48.8095
31
0
0
LINE
8
Visible
10
83.5464
20
49.0779
30
0
11
83.0803
21
48.8095
31
0
0
ARC
8
Visible
10
80.5743
20
54.3708
30
0
40
6.0703
50
299.3151
51
311.5281
0
LINE
8
Visible
10
84.9212
20
50.1124
30
0
11
84.5988
21
49.8264
31
0
0
POLYLINE
8
Visible
66
1
70
0
10
0
20
0
30
0
0
VERTEX
8
Visible
10
87.3931
20
53.2483
30
0
0
VERTEX
8
Visible
10
87.3585
20
53.1790
30
0
0
VERTEX
8
Visible
10
87.3232
20
53.1098
30
0
0
VERTEX
8
Visible
10
87.2872
20
53.0408
30
0
0
VERTEX
8
Visible
10
87.2504
20
52.9719
30
0
0
VERTEX
8
Visible
10
87.2129
20
52.9032
30
0
0
VERTEX
8
Visible
10
87.1747
20
52.8346
30
0
0
VERTEX
8
Visible
10
87.1357
20
52.7661
30
0
0
VERTEX
8
Visible
10
87.0960
20
52.6978
30
0
0
VERTEX
8
Visible
10
87.0555
20
52.6297
30
0
0
VERTEX
8
Visible
10
87.0143
20
52.5617
30
0
0
VERTEX
8
Visible
10
86.9724
20
52.4939
30
0
0
VERTEX
8
Visible
10
86.9298
20
52.4262
30
0
0
VERTEX
8
Visible
10
86.8864
20
52.3587
30
0
0
VERTEX
8
Visible
10
86.8423
20
52.2914
30
0
0
VERTEX
8
Visible
10
86.7975
20
52.2242
30
0
0
VERTEX
8
Visible
10
86.7519
20
52.1572
30
0
0
VERTEX
8
Visible
10
86.7057
20
52.0904
30
0
0
VERTEX
8
Visible
10
86.6587
20
52.0237
30
0
0
VERTEX
8
Visible
10
86.6110
20
51.9572
30
0
0
VERTEX
8
Visible
10
86.5625
20
51.8909
30
0
0
VERTEX
8
Visible
10
86.5134
20
51.8247
30
0
0
VERTEX
8
Visible
10
86.4635
20
51.7588
30
0
0
VERTEX
8
Visible
10
86.4130
20
51.6930
30
0
0
VERTEX
8
Visible
10
86.3617
20
51.6274
30
0
0
VERTEX
8
Visible
10
86.3097
20
51.5619
30
0
0
VERTEX
8
Visible
10
86.2570
20
51.4967
30
0
0
VERTEX
8
Visible
10
86.2036
20
51.4317
30
0
0
VERTEX
8
Visible
10
86.1495
20
51.3668
30
0
0
VERTEX
8
Visible
10
86.0946
20
51.3021
30
0
0
VERTEX
8
Visible
10
86.0391
20
51.2377
30
0
0
VERTEX
8
Visible
10
85.9829
20
51.1734
30
0
0
VERTEX
8
Visible
10
85.9260
20
51.1093
30
0
0
VERTEX
8
Visible
10
85.8684
20
51.0454
30
0
0
VERTEX
8
Visible
10
85.8100
20
50.9817
30
0
0
VERTEX
8
Visible
10
85.7510
20
50.9183
30
0
0
VERTEX
8
Visible
10
85.6913
20
50.8550
30
0
0
VERTEX
8
Visible
10
85.6309
20
50.7919
30
0
0
VERTEX
8
Visible
10
85.5698
20
50.7291
30
0
0
VERTEX
8
Visible
10
85.5080
20
50.6664
30
0
0
VERTEX
8
Visible
10
85.4456
20
50.6040
30
0
0
VERTEX
8
Visible
10
85.3824
20
50.5418
30
0
0
VERTEX
8
Visible
10
85.3186
20
50.4797
30
0
0
VERTEX
8
Visible
10
85.2540
20
50.4180
30
0
0
VERTEX
8
Visible
10
85.1888
20
50.3564
30
0
0
VERTEX
8
Visible
10
85.1229
20
50.2951
30
0
0
VERTEX
8
Visible
10
85.0564
20
50.2339
30
0
0
VERTEX
8
Visible
10
84.9891
20
50.1731
30
0
0
VERTEX
8
Visible
10
84.9212
20
50.1124
30
0
0
SEQEND
8
Visible
0
LINE
8
Visible
10
87.3931
20
53.2483
30
0
11
85.7426
21
54.1987
31
0
0
POLYLINE
8
Visible
66
1
70
0
10
0
20
0
30
0
0
VERTEX
8
Visible
10
85.5660
20
56.1460
30
0
0
VERTEX
8
Visible
10
85.5606
20
56.1875
30
0
0
VERTEX
8
Visible
10
85.5552
20
56.2290
30
0
0
VERTEX
8
Visible
10
85.5499
20
56.2705
30
0
0
VERTEX
8
Visible
10
85.5445
20
56.3119
30
0
0
VERTEX
8
Visible
10
85.5391
20
56.3534
30
0
0
VERTEX
8
Visible
10
85.5337
20
56.3948
30
0
0
VERTEX
8
Visible
10
85.5284
20
56.4363
30
0
0
VERTEX
8
Visible
10
85.5230
20
56.4777
30
0
0
VERTEX
8
Visible
10
85.5176
20
56.5191
30
0
0
VERTEX
8
Visible
10
85.5122
20
56.5606
30
0
0
VERTEX
8
Visible
10
85.5069
20
56.6020
30
0
0
VERTEX
8
Visible
10
85.5015
20
56.6434
30
0
0
VERTEX
8
Visible
10
85.4961
20
56.6848
30
0
0
VERTEX
8
Visible
10
85.4907
20
56.7261
30
0
0
VERTEX
8
Visible
10
85.4854
20
56.7675
30
0
0
VERTEX
8
Visible
10
85.4800
20
56.8089
30
0
0
SEQEND
8
Visible
0
POLYLINE
8
Visible
66
1
70
0
10
0
20
0
30
0
0
VERTEX
8
Visible
10
84.6799
20
57.2696
30
0
0
VERTEX
8
Visible
10
84.6199
20
57.7813
30
0
0
VERTEX
8
Visible
10
84.5597
20
58.2920
30
0
0
VERTEX
8
Visible
10
84.4995
20
58.8017
30
0
0
VERTEX
8
Visible
10
84.4391
20
59.3104
30
0
0
VERTEX
8
Visible
10
84.3787
20
59.8182
30
0
0
VERTEX
8
Visible
10
84.3181
20
60.3249
30
0
0
VERTEX
8
Visible
10
84.2575
20
60.8307
30
0
0
VERTEX
8
Visible
10
84.1967
20
61.3354
30
0
0
VERTEX
8
Visible
10
84.1358
20
61.8391
30
0
0
VERTEX
8
Visible
10
84.0748
20
62.3418
30
0
0
VERTEX
8
Visible
10
84.0137
20
62.8435
30
0
0
VERTEX
8
Visible
10
83.9526
20
63.3441
30
0
0
VERTEX
8
Visible
10
83.8913
20
63.8436
30
0
0
VERTEX
8
Visible
10
83.8299
20
64.3421
30
0
0
VERTEX
8
Visible
10
83.7684
20
64.8395
30
0
0
VERTEX
8
Visible
10
83.7068
20
65.3359
30
0
0
SEQEND
8
Visible
0
ARC
8
Visible
10
53.4551
20
39.3737
30
0
40
62.0317
50
79.6757
51
83.4550
0
ARC
8
Visible
10
58.5547
20
89.2599
30
0
40
11.9135
50
80.4726
51
90.2598
0
POLYLINE
8
Visible
66
1
70
0
10
0
20
0
30
0
0
VERTEX
8
Visible
10
87.2165
20
55.3632
30
0
0
VERTEX
8
Visible
10
87.2220
20
55.3184
30
0
0
VERTEX
8
Visible
10
87.2273
20
55.2735
30
0
0
VERTEX
8
Visible
10
87.2326
20
55.2288
30
0
0
VERTEX
8
Visible
10
87.2378
20
55.1840
30
0
0
VERTEX
8
Visible
10
87.2429
20
55.1393
30
0
0
VERTEX
8
Visible
10
87.2480
20
55.0946
30
0
0
VERTEX
8
Visible
10
87.2530
20
55.0499
30
0
0
VERTEX
8
Visible
10
87.2579
20
55.0053
30
0
0
VERTEX
8
Visible
10
87.2627
20
54.9607
30
0
0
VERTEX
8
Visible
10
87.2675
20
54.9162
30
0
0
VERTEX
8
Visible
10
87.2722
20
54.8716
30
0
0
VERTEX
8
Visible
10
87.2768
20
54.8271
30
0
0
VERTEX
8
Visible
10
87.2813
20
54.7827
30
0
0
VERTEX
8
Visible
10
87.2858
20
54.7382
30
0
0
VERTEX
8
Visible
10
87.2902
20
54.6938
30
0
0
VERTEX
8
Visible
10
87.2945
20
54.6495
30
0
0
VERTEX
8
Visible
10
87.2988
20
54.6052
30
0
0
VERTEX
8
Visible
10
87.3029
20
54.5609
30
0
0
VERTEX
8
Visible
10
87.3070
20
54.5166
30
0
0
VERTEX
8
Visible
10
87.3110
20
54.4724
30
0
0
VERTEX
8
Visible
10
87.3150
20
54.4282
30
0
0
VERTEX
8
Visible
10
87.3188
20
54.3840
30
0
0
VERTEX
8
Visible
10
87.3226
20
54.3399
30
0
0
VERTEX
8
Visible
10
87.3263
20
54.2958
30
0
0
VERTEX
8
Visible
10
87.3300
20
54.2517
30
0
0
VERTEX
8
Visible
10
87.3335
20
54.2077
30
0
0
VERTEX
8
Visible
10
87.3370
20
54.1637
30
0
0
VERTEX
8
Visible
10
87.3405
20
54.1198
30
0
0
VERTEX
8
Visible
10
87.3438
20
54.0759
30
0
0
VERTEX
8
Visible
10
87.3471
20
54.0320
30
0
0
VERTEX
8
Visible
10
87.3503
20
53.9881
30
0
0
VERTEX
8
Visible
10
87.3534
20
53.9443
30
0
0
VERTEX
8
Visible
10
87.3564
20
53.9005
30
0
0
VERTEX
8
Visible
10
87.3594
20
53.8568
30
0
0
VERTEX
8
Visible
10
87.3623
20
53.8131
30
0
0
VERTEX
8
Visible
10
87.3651
20
53.7694
30
0
0
VERTEX
8
Visible
10
87.3678
20
53.7258
30
0
0
VERTEX
8
Visible
10
87.3705
20
53.6822
30
0
0
VERTEX
8
Visible
10
87.3731
20
53.6386
30
0
0
VERTEX
8
Visible
10
87.3756
20
53.5951
30
0
0
VERTEX
8
Visible
10
87.3781
20
53.5516
30
0
0
VERTEX
8
Visible
10
87.3804
20
53.5082
30
0
0
VERTEX
8
Visible
10
87.3827
20
53.4648
30
0
0
VERTEX
8
Visible
10
87.3849
20
53.4214
30
0
0
VERTEX
8
Visible
10
87.3871
20
53.3780
30
0
0
VERTEX
8
Visible
10
87.3892
20
53.3347
30
0
0
VERTEX
8
Visible
10
87.3912
20
53.2915
30
0
0
VERTEX
8
Visible
10
87.3931
20
53.2483
30
0
0
SEQEND
8
Visible
0
POLYLINE
8
Visible
66
1
70
0
10
0
20
0
30
0
0
VERTEX
8
Visible
10
81.7704
20
52.5349
30
0
0
VERTEX
8
Visible
10
81.7667
20
52.5208
30
0
0
VERTEX
8
Visible
10
81.7628
20
52.5069
30
0
0
VERTEX
8
Visible
10
81.7588
20
52.4930
30
0
0
VERTEX
8
Visible
10
81.7546
20
52.4794
30
0
0
VERTEX
8
Visible
10
81.7503
20
52.4658
30
0
0
VERTEX
8
Visible
10
81.7458
20
52.4524
30
0
0
VERTEX
8
Visible
10
81.7412
20
52.4391
30
0
0
VERTEX
8
Visible
10
81.7365
20
52.4260
30
0
0
VERTEX
8
Visible
10
81.7316
20
52.4130
30
0
0
VERTEX
8
Visible
10
81.7266
20
52.4001
30
0
0
VERTEX
8
Visible
10
81.7215
20
52.3874
30
0
0
VERTEX
8
Visible
10
81.7162
20
52.3748
30
0
0
VERTEX
8
Visible
10
81.7108
20
52.3624
30
0
0
VERTEX
8
Visible
10
81.7052
20
52.3501
30
0
0
VERTEX
8
Visible
10
81.6995
20
52.3379
30
0
0
VERTEX
8
Visible
10
81.6936
20
52.3259
30
0
0
SEQEND
8
Visible
0
POLYLINE
8
Visible
66
1
70
0
10
0
20
0
30
0
0
VERTEX
8
Visible
10
83.0803
20
48.8095
30
0
0
VERTEX
8
Visible
10
83.0927
20
47.8279
30
0
0
VERTEX
8
Visible
10
83.0685
20
46.8676
30
0
0
VERTEX
8
Visible
10
83.0079
20
45.9304
30
0
0
VERTEX
8
Visible
10
82.9108
20
45.0182
30
0
0
VERTEX
8
Visible
10
82.7776
20
44.1325
30
0
0
VERTEX
8
Visible
10
82.6084
20
43.2752
30
0
0
VERTEX
8
Visible
10
82.4036
20
42.4477
30
0
0
VERTEX
8
Visible
10
82.1636
20
41.6517
30
0
0
VERTEX
8
Visible
10
81.8887
20
40.8886
30
0
0
VERTEX
8
Visible
10
81.5796
20
40.1599
30
0
0
VERTEX
8
Visible
10
81.2368
20
39.4670
30
0
0
VERTEX
8
Visible
10
80.8609
20
38.8111
30
0
0
VERTEX
8
Visible
10
80.4527
20
38.1935
30
0
0
VERTEX
8
Visible
10
80.0129
20
37.6153
30
0
0
VERTEX
8
Visible
10
79.5423
20
37.0777
30
0
0
VERTEX
8
Visible
10
79.0419
20
36.5815
30
0
0
VERTEX
8
Visible
10
78.5126
20
36.1279
30
0
0
VERTEX
8
Visible
10
77.9553
20
35.7176
30
0
0
VERTEX
8
Visible
10
77.3711
20
35.3514
30
0
0
SEQEND
8
Visible
0
POLYLINE
8
Visible
66
1
70
0
10
0
20
0
30
0
0
VERTEX
8
Visible
10
85.3187
20
64.5714
30
0
0
VERTEX
8
Visible
10
85.3783
20
64.0643
30
0
0
VERTEX
8
Visible
10
85.4379
20
63.5564
30
0
0
VERTEX
8
Visible
10
85.4973
20
63.0475
30
0
0
VERTEX
8
Visible
10
85.5566
20
62.5379
30
0
0
VERTEX
8
Visible
10
85.6159
20
62.0274
30
0
0
VERTEX
8
Visible
10
85.6750
20
61.5161
30
0
0
VERTEX
8
Visible
10
85.7341
20
61.0040
30
0
0
VERTEX
8
Visible
10
85.7930
20
60.4911
30
0
0
VERTEX
8
Visible
10
85.8518
20
59.9773
30
0
0
VERTEX
8
Visible
10
85.9106
20
59.4628
30
0
0
VERTEX
8
Visible
10
85.9692
20
58.9475
30
0
0
VERTEX
8
Visible
10
86.0277
20
58.4314
30
0
0
VERTEX
8
Visible
10
86.0861
20
57.9145
30
0
0
VERTEX
8
Visible
10
86.1444
20
57.3969
30
0
0
VERTEX
8
Visible
10
86.2026
20
56.8785
30
0
0
VERTEX
8
Visible
10
86.2607
20
56.3593
30
0
0
SEQEND
8
Visible
0
POLYLINE
8
Visible
66
1
70
0
10
0
20
0
30
0
0
VERTEX
8
Visible
10
86.2607
20
56.3593
30
0
0
VERTEX
8
Visible
10
86.3104
20
56.4352
30
0
0
VERTEX
8
Visible
10
86.3592
20
56.5114
30
0
0
VERTEX
8
Visible
10
86.4070
20
56.5877
30
0
0
VERTEX
8
Visible
10
86.4539
20
56.6642
30
0
0
VERTEX
8
Visible
10
86.4998
20
56.7409
30
0
0
VERTEX
8
Visible
10
86.5448
20
56.8178
30
0
0
VERTEX
8
Visible
10
86.5888
20
56.8948
30
0
0
VERTEX
8
Visible
10
86.6319
20
56.9720
30
0
0
VERTEX
8
Visible
10
86.6741
20
57.0494
30
0
0
VERTEX
8
Visible
10
86.7153
20
57.1270
30
0
0
VERTEX
8
Visible
10
86.7555
20
57.2047
30
0
0
VERTEX
8
Visible
10
86.7948
20
57.2826
30
0
0
VERTEX
8
Visible
10
86.8331
20
57.3606
30
0
0
VERTEX
8
Visible
10
86.8704
20
57.4388
30
0
0
VERTEX
8
Visible
10
86.9068
20
57.5171
30
0
0
VERTEX
8
Visible
10
86.9422
20
57.5956
30
0
0
SEQEND
8
Visible
0
POLYLINE
8
Visible
66
1
70
0
10
0
20
0
30
0
0
VERTEX
8
Visible
10
86.9422
20
57.5956
30
0
0
VERTEX
8
Visible
10
86.9594
20
57.4567
30
0
0
VERTEX
8
Visible
10
86.9766
20
57.3176
30
0
0
VERTEX
8
Visible
10
86.9938
20
57.1785
30
0
0
VERTEX
8
Visible
10
87.0110
20
57.0393
30
0
0
VERTEX
8
Visible
10
87.0281
20
56.9000
30
0
0
VERTEX
8
Visible
10
87.0453
20
56.7607
30
0
0
VERTEX
8
Visible
10
87.0625
20
56.6213
30
0
0
VERTEX
8
Visible
10
87.0796
20
56.4818
30
0
0
VERTEX
8
Visible
10
87.0967
20
56.3422
30
0
0
VERTEX
8
Visible
10
87.1139
20
56.2026
30
0
0
VERTEX
8
Visible
10
87.1310
20
56.0629
30
0
0
VERTEX
8
Visible
10
87.1481
20
55.9231
30
0
0
VERTEX
8
Visible
10
87.1652
20
55.7832
30
0
0
VERTEX
8
Visible
10
87.1823
20
55.6433
30
0
0
VERTEX
8
Visible
10
87.1994
20
55.5033
30
0
0
VERTEX
8
Visible
10
87.2165
20
55.3632
30
0
0
SEQEND
8
Visible
0
LINE
8
Visible
10
62.0214
20
75.3846
30
0
11
62.5566
21
75.6928
31
0
0
LINE
8
Visible
10
83.5174
20
63.0059
30
0
11
83.9626
21
63.2622
31
0
0
POLYLINE
8
Visible
66
1
70
0
10
0
20
0
30
0
0
VERTEX
8
Visible
10
85.7426
20
54.1987
30
0
0
VERTEX
8
Visible
10
85.7405
20
54.2385
30
0
0
VERTEX
8
Visible
10
85.7384
20
54.2784
30
0
0
VERTEX
8
Visible
10
85.7362
20
54.3183
30
0
0
VERTEX
8
Visible
10
85.7340
20
54.3582
30
0
0
VERTEX
8
Visible
10
85.7316
20
54.3981
30
0
0
VERTEX
8
Visible
10
85.7292
20
54.4381
30
0
0
VERTEX
8
Visible
10
85.7268
20
54.4781
30
0
0
VERTEX
8
Visible
10
85.7242
20
54.5181
30
0
0
VERTEX
8
Visible
10
85.7216
20
54.5582
30
0
0
VERTEX
8
Visible
10
85.7190
20
54.5983
30
0
0
VERTEX
8
Visible
10
85.7162
20
54.6385
30
0
0
VERTEX
8
Visible
10
85.7134
20
54.6787
30
0
0
VERTEX
8
Visible
10
85.7105
20
54.7189
30
0
0
VERTEX
8
Visible
10
85.7076
20
54.7591
30
0
0
VERTEX
8
Visible
10
85.7046
20
54.7994
30
0
0
VERTEX
8
Visible
10
85.7015
20
54.8397
30
0
0
VERTEX
8
Visible
10
85.6983
20
54.8800
30
0
0
VERTEX
8
Visible
10
85.6951
20
54.9204
30
0
0
VERTEX
8
Visible
10
85.6918
20
54.9608
30
0
0
VERTEX
8
Visible
10
85.6884
20
55.0013
30
0
0
VERTEX
8
Visible
10
85.6850
20
55.0417
30
0
0
VERTEX
8
Visible
10
85.6815
20
55.0822
30
0
0
VERTEX
8
Visible
10
85.6779
20
55.1228
30
0
0
VERTEX
8
Visible
10
85.6743
20
55.1633
30
0
0
VERTEX
8
Visible
10
85.6705
20
55.2039
30
0
0
VERTEX
8
Visible
10
85.6668
20
55.2446
30
0
0
VERTEX
8
Visible
10
85.6629
20
55.2852
30
0
0
VERTEX
8
Visible
10
85.6590
20
55.3259
30
0
0
VERTEX
8
Visible
10
85.6550
20
55.3666
30
0
0
VERTEX
8
Visible
10
85.6509
20
55.4074
30
0
0
VERTEX
8
Visible
10
85.6468
20
55.4482
30
0
0
VERTEX
8
Visible
10
85.6426
20
55.4890
30
0
0
VERTEX
8
Visible
10
85.6383
20
55.5298
30
0
0
VERTEX
8
Visible
10
85.6340
20
55.5707
30
0
0
VERTEX
8
Visible
10
85.6296
20
55.6116
30
0
0
VERTEX
8
Visible
10
85.6251
20
55.6525
30
0
0
VERTEX
8
Visible
10
85.6206
20
55.6935
30
0
0
VERTEX
8
Visible
10
85.6159
20
55.7345
30
0
0
VERTEX
8
Visible
10
85.6113
20
55.7755
30
0
0
VERTEX
8
Visible
10
85.6065
20
55.8165
30
0
0
VERTEX
8
Visible
10
85.6017
20
55.8576
30
0
0
VERTEX
8
Visible
10
85.5968
20
55.8987
30
0
0
VERTEX
8
Visible
10
85.5918
20
55.9399
30
0
0
VERTEX
8
Visible
10
85.5868
20
55.9810
30
0
0
VERTEX
8
Visible
10
85.5817
20
56.0222
30
0
0
VERTEX
8
Visible
10
85.5765
20
56.0635
30
0
0
VERTEX
8
Visible
10
85.5713
20
56.1047
30
0
0
VERTEX
8
Visible
10
85.5660
20
56.1460
30
0
0
SEQEND
8
Visible
0
POLYLINE
8
Visible
66
1
70
0
10
0
20
0
30
0
0
VERTEX
8
Visible
10
82.3441
20
52.5459
30
0
0
VERTEX
8
Visible
10
82.3577
20
52.5294
30
0
0
VERTEX
8
Visible
10
82.3713
20
52.5129
30
0
0
VERTEX
8
Visible
10
82.3849
20
52.4963
30
0
0
VERTEX
8
Visible
10
82.3984
20
52.4798
30
0
0
VERTEX
8
Visible
10
82.4119
20
52.4633
30
0
0
VERTEX
8
Visible
10
82.4253
20
52.4467
30
0
0
VERTEX
8
Visible
10
82.4387
20
52.4301
30
0
0
VERTEX
8
Visible
10
82.4521
20
52.4136
30
0
0
VERTEX
8
Visible
10
82.4654
20
52.3970
30
0
0
VERTEX
8
Visible
10
82.4786
20
52.3804
30
0
0
VERTEX
8
Visible
10
82.4919
20
52.3638
30
0
0
VERTEX
8
Visible
10
82.5051
20
52.3472
30
0
0
VERTEX
8
Visible
10
82.5182
20
52.3306
30
0
0
VERTEX
8
Visible
10
82.5313
20
52.3139
30
0
0
VERTEX
8
Visible
10
82.5444
20
52.2973
30
0
0
VERTEX
8
Visible
10
82.5574
20
52.2807
30
0
0
VERTEX
8
Visible
10
82.5704
20
52.2640
30
0
0
VERTEX
8
Visible
10
82.5833
20
52.2474
30
0
0
VERTEX
8
Visible
10
82.5962
20
52.2307
30
0
0
VERTEX
8
Visible
10
82.6091
20
52.2140
30
0
0
VERTEX
8
Visible
10
82.6219
20
52.1973
30
0
0
VERTEX
8
Visible
10
82.6347
20
52.1806
30
0
0
VERTEX
8
Visible
10
82.6474
20
52.1639
30
0
0
VERTEX
8
Visible
10
82.6601
20
52.1472
30
0
0
VERTEX
8
Visible
10
82.6727
20
52.1305
30
0
0
VERTEX
8
Visible
10
82.6853
20
52.1137
30
0
0
VERTEX
8
Visible
10
82.6979
20
52.0970
30
0
0
VERTEX
8
Visible
10
82.7104
20
52.0803
30
0
0
VERTEX
8
Visible
10
82.7229
20
52.0635
30
0
0
VERTEX
8
Visible
10
82.7353
20
52.0467
30
0
0
VERTEX
8
Visible
10
82.7477
20
52.0300
30
0
0
VERTEX
8
Visible
10
82.7601
20
52.0132
30
0
0
VERTEX
8
Visible
10
82.7724
20
51.9964
30
0
0
VERTEX
8
Visible
10
82.7846
20
51.9796
30
0
0
VERTEX
8
Visible
10
82.7968
20
51.9628
30
0
0
VERTEX
8
Visible
10
82.8090
20
51.9459
30
0
0
VERTEX
8
Visible
10
82.8212
20
51.9291
30
0
0
VERTEX
8
Visible
10
82.8333
20
51.9123
30
0
0
VERTEX
8
Visible
10
82.8453
20
51.8954
30
0
0
VERTEX
8
Visible
10
82.8573
20
51.8786
30
0
0
VERTEX
8
Visible
10
82.8693
20
51.8617
30
0
0
VERTEX
8
Visible
10
82.8812
20
51.8448
30
0
0
VERTEX
8
Visible
10
82.8931
20
51.8279
30
0
0
VERTEX
8
Visible
10
82.9049
20
51.8110
30
0
0
VERTEX
8
Visible
10
82.9167
20
51.7941
30
0
0
VERTEX
8
Visible
10
82.9285
20
51.7772
30
0
0
VERTEX
8
Visible
10
82.9402
20
51.7603
30
0
0
VERTEX
8
Visible
10
82.9518
20
51.7434
30
0
0
SEQEND
8
Visible
0
POLYLINE
8
Visible
66
1
70
0
10
0
20
0
30
0
0
VERTEX
8
Visible
10
83.2146
20
68.4725
30
0
0
VERTEX
8
Visible
10
83.2509
20
68.5151
30
0
0
VERTEX
8
Visible
10
83.2869
20
68.5577
30
0
0
VERTEX
8
Visible
10
83.3227
20
68.6004
30
0
0
VERTEX
8
Visible
10
83.3581
20
68.6432
30
0
0
VERTEX
8
Visible
10
83.3932
20
68.6860
30
0
0
VERTEX
8
Visible
10
83.4280
20
68.7290
30
0
0
VERTEX
8
Visible
10
83.4625
20
68.7720
30
0
0
VERTEX
8
Visible
10
83.4966
20
68.8151
30
0
0
VERTEX
8
Visible
10
83.5305
20
68.8583
30
0
0
VERTEX
8
Visible
10
83.5641
20
68.9016
30
0
0
VERTEX
8
Visible
10
83.5973
20
68.9449
30
0
0
VERTEX
8
Visible
10
83.6303
20
68.9883
30
0
0
VERTEX
8
Visible
10
83.6629
20
69.0318
30
0
0
VERTEX
8
Visible
10
83.6952
20
69.0754
30
0
0
VERTEX
8
Visible
10
83.7272
20
69.1190
30
0
0
VERTEX
8
Visible
10
83.7589
20
69.1627
30
0
0
VERTEX
8
Visible
10
83.7902
20
69.2065
30
0
0
VERTEX
8
Visible
10
83.8213
20
69.2504
30
0
0
VERTEX
8
Visible
10
83.8520
20
69.2943
30
0
0
VERTEX
8
Visible
10
83.8825
20
69.3383
30
0
0
VERTEX
8
Visible
10
83.9126
20
69.3824
30
0
0
VERTEX
8
Visible
10
83.9424
20
69.4266
30
0
0
VERTEX
8
Visible
10
83.9719
20
69.4708
30
0
0
VERTEX
8
Visible
10
84.0010
20
69.5151
30
0
0
VERTEX
8
Visible
10
84.0299
20
69.5595
30
0
0
VERTEX
8
Visible
10
84.0584
20
69.6039
30
0
0
VERTEX
8
Visible
10
84.0866
20
69.6484
30
0
0
VERTEX
8
Visible
10
84.1145
20
69.6930
30
0
0
VERTEX
8
Visible
10
84.1421
20
69.7376
30
0
0
VERTEX
8
Visible
10
84.1694
20
69.7823
30
0
0
VERTEX
8
Visible
10
84.1963
20
69.8271
30
0
0
VERTEX
8
Visible
10
84.2229
20
69.8720
30
0
0
VERTEX
8
Visible
10
84.2492
20
69.9169
30
0
0
VERTEX
8
Visible
10
84.2752
20
69.9618
30
0
0
VERTEX
8
Visible
10
84.3008
20
70.0069
30
0
0
VERTEX
8
Visible
10
84.3262
20
70.0520
30
0
0
VERTEX
8
Visible
10
84.3512
20
70.0971
30
0
0
VERTEX
8
Visible
10
84.3759
20
70.1423
30
0
0
VERTEX
8
Visible
10
84.4002
20
70.1876
30
0
0
VERTEX
8
Visible
10
84.4243
20
70.2330
30
0
0
VERTEX
8
Visible
10
84.4480
20
70.2784
30
0
0
VERTEX
8
Visible
10
84.4714
20
70.3239
30
0
0
VERTEX
8
Visible
10
84.4945
20
70.3694
30
0
0
VERTEX
8
Visible
10
84.5172
20
70.4150
30
0
0
VERTEX
8
Visible
10
84.5396
20
70.4606
30
0
0
VERTEX
8
Visible
10
84.5617
20
70.5063
30
0
0
VERTEX
8
Visible
10
84.5835
20
70.5521
30
0
0
VERTEX
8
Visible
10
84.6050
20
70.5979
30
0
0
SEQEND
8
Visible
0
POLYLINE
8
Visible
66
1
70
0
10
0
20
0
30
0
0
VERTEX
8
Visible
10
84.6050
20
70.5979
30
0
0
VERTEX
8
Visible
10
84.6199
20
70.4724
30
0
0
VERTEX
8
Visible
10
84.6348
20
70.3469
30
0
0
VERTEX
8
Visible
10
84.6498
20
70.2213
30
0
0
VERTEX
8
Visible
10
84.6647
20
70.0958
30
0
0
VERTEX
8
Visible
10
84.6797
20
69.9702
30
0
0
VERTEX
8
Visible
10
84.6946
20
69.8447
30
0
0
VERTEX
8
Visible
10
84.7095
20
69.7191
30
0
0
VERTEX
8
Visible
10
84.7245
20
69.5935
30
0
0
VERTEX
8
Visible
10
84.7394
20
69.4680
30
0
0
VERTEX
8
Visible
10
84.7543
20
69.3424
30
0
0
VERTEX
8
Visible
10
84.7692
20
69.2168
30
0
0
VERTEX
8
Visible
10
84.7842
20
69.0912
30
0
0
VERTEX
8
Visible
10
84.7991
20
68.9656
30
0
0
VERTEX
8
Visible
10
84.8140
20
68.8400
30
0
0
VERTEX
8
Visible
10
84.8289
20
68.7144
30
0
0
VERTEX
8
Visible
10
84.8438
20
68.5888
30
0
0
VERTEX
8
Visible
10
84.8587
20
68.4632
30
0
0
VERTEX
8
Visible
10
84.8736
20
68.3376
30
0
0
VERTEX
8
Visible
10
84.8885
20
68.2120
30
0
0
VERTEX
8
Visible
10
84.9034
20
68.0863
30
0
0
VERTEX
8
Visible
10
84.9183
20
67.9607
30
0
0
VERTEX
8
Visible
10
84.9331
20
67.8351
30
0
0
VERTEX
8
Visible
10
84.9480
20
67.7095
30
0
0
VERTEX
8
Visible
10
84.9629
20
67.5839
30
0
0
VERTEX
8
Visible
10
84.9778
20
67.4583
30
0
0
VERTEX
8
Visible
10
84.9926
20
67.3327
30
0
0
VERTEX
8
Visible
10
85.0075
20
67.2071
30
0
0
VERTEX
8
Visible
10
85.0224
20
67.0815
30
0
0
VERTEX
8
Visible
10
85.0372
20
66.9560
30
0
0
VERTEX
8
Visible
10
85.0521
20
66.8304
30
0
0
VERTEX
8
Visible
10
85.0669
20
66.7048
30
0
0
VERTEX
8
Visible
10
85.0818
20
66.5792
30
0
0
VERTEX
8
Visible
10
85.0966
20
66.4537
30
0
0
VERTEX
8
Visible
10
85.1114
20
66.3281
30
0
0
VERTEX
8
Visible
10
85.1263
20
66.2026
30
0
0
VERTEX
8
Visible
10
85.1411
20
66.0770
30
0
0
VERTEX
8
Visible
10
85.1559
20
65.9515
30
0
0
VERTEX
8
Visible
10
85.1707
20
65.8260
30
0
0
VERTEX
8
Visible
10
85.1856
20
65.7005
30
0
0
VERTEX
8
Visible
10
85.2004
20
65.5750
30
0
0
VERTEX
8
Visible
10
85.2152
20
65.4495
30
0
0
VERTEX
8
Visible
10
85.2300
20
65.3240
30
0
0
VERTEX
8
Visible
10
85.2448
20
65.1986
30
0
0
VERTEX
8
Visible
10
85.2596
20
65.0731
30
0
0
VERTEX
8
Visible
10
85.2743
20
64.9477
30
0
0
VERTEX
8
Visible
10
85.2891
20
64.8222
30
0
0
VERTEX
8
Visible
10
85.3039
20
64.6968
30
0
0
VERTEX
8
Visible
10
85.3187
20
64.5714
30
0
0
SEQEND
8
Visible
0
ARC
8
Visible
10
78.9497
20
72.2526
30
0
40
5.6990
50
300.1114
51
318.4485
0
LINE
8
Visible
10
86.2607
20
56.3593
30
0
11
84.6799
21
57.2696
31
0
0
POLYLINE
8
Visible
66
1
70
0
10
0
20
0
30
0
0
VERTEX
8
Visible
10
81.4831
20
38.5500
30
0
0
VERTEX
8
Visible
10
81.6372
20
38.7039
30
0
0
VERTEX
8
Visible
10
81.7893
20
38.8591
30
0
0
VERTEX
8
Visible
10
81.9394
20
39.0153
30
0
0
VERTEX
8
Visible
10
82.0876
20
39.1726
30
0
0
VERTEX
8
Visible
10
82.2339
20
39.3309
30
0
0
VERTEX
8
Visible
10
82.3782
20
39.4902
30
0
0
VERTEX
8
Visible
10
82.5206
20
39.6504
30
0
0
VERTEX
8
Visible
10
82.6610
20
39.8115
30
0
0
VERTEX
8
Visible
10
82.7994
20
39.9735
30
0
0
VERTEX
8
Visible
10
82.9359
20
40.1363
30
0
0
VERTEX
8
Visible
10
83.0704
20
40.2999
30
0
0
VERTEX
8
Visible
10
83.2029
20
40.4642
30
0
0
VERTEX
8
Visible
10
83.3334
20
40.6292
30
0
0
VERTEX
8
Visible
10
83.4620
20
40.7949
30
0
0
VERTEX
8
Visible
10
83.5885
20
40.9611
30
0
0
VERTEX
8
Visible
10
83.7131
20
41.1280
30
0
0
VERTEX
8
Visible
10
83.8357
20
41.2953
30
0
0
VERTEX
8
Visible
10
83.9563
20
41.4632
30
0
0
VERTEX
8
Visible
10
84.0748
20
41.6314
30
0
0
VERTEX
8
Visible
10
84.1914
20
41.8001
30
0
0
VERTEX
8
Visible
10
84.3060
20
41.9692
30
0
0
VERTEX
8
Visible
10
84.4185
20
42.1386
30
0
0
VERTEX
8
Visible
10
84.5291
20
42.3083
30
0
0
VERTEX
8
Visible
10
84.6376
20
42.4782
30
0
0
VERTEX
8
Visible
10
84.7441
20
42.6483
30
0
0
VERTEX
8
Visible
10
84.8486
20
42.8185
30
0
0
VERTEX
8
Visible
10
84.9510
20
42.9889
30
0
0
VERTEX
8
Visible
10
85.0515
20
43.1594
30
0
0
VERTEX
8
Visible
10
85.1498
20
43.3299
30
0
0
VERTEX
8
Visible
10
85.2462
20
43.5003
30
0
0
VERTEX
8
Visible
10
85.3406
20
43.6708
30
0
0
VERTEX
8
Visible
10
85.4331
20
43.8411
30
0
0
VERTEX
8
Visible
10
85.5237
20
44.0114
30
0
0
VERTEX
8
Visible
10
85.6123
20
44.1816
30
0
0
VERTEX
8
Visible
10
85.6990
20
44.3516
30
0
0
VERTEX
8
Visible
10
85.7839
20
44.5215
30
0
0
VERTEX
8
Visible
10
85.8669
20
44.6912
30
0
0
VERTEX
8
Visible
10
85.9481
20
44.8607
30
0
0
VERTEX
8
Visible
10
86.0275
20
45.0300
30
0
0
VERTEX
8
Visible
10
86.1050
20
45.1991
30
0
0
VERTEX
8
Visible
10
86.1808
20
45.3679
30
0
0
VERTEX
8
Visible
10
86.2549
20
45.5364
30
0
0
VERTEX
8
Visible
10
86.3271
20
45.7047
30
0
0
VERTEX
8
Visible
10
86.3977
20
45.8726
30
0
0
VERTEX
8
Visible
10
86.4666
20
46.0402
30
0
0
VERTEX
8
Visible
10
86.5337
20
46.2074
30
0
0
VERTEX
8
Visible
10
86.5992
20
46.3742
30
0
0
VERTEX
8
Visible
10
86.6631
20
46.5406
30
0
0
VERTEX
8
Visible
10
86.7253
20
46.7067
30
0
0
VERTEX
8
Visible
10
86.7859
20
46.8722
30
0
0
VERTEX
8
Visible
10
86.8449
20
47.0373
30
0
0
VERTEX
8
Visible
10
86.9023
20
47.2019
30
0
0
VERTEX
8
Visible
10
86.9582
20
47.3660
30
0
0
VERTEX
8
Visible
10
87.0126
20
47.5296
30
0
0
VERTEX
8
Visible
10
87.0654
20
47.6926
30
0
0
VERTEX
8
Visible
10
87.1167
20
47.8550
30
0
0
VERTEX
8
Visible
10
87.1665
20
48.0169
30
0
0
VERTEX
8
Visible
10
87.2149
20
48.1781
30
0
0
VERTEX
8
Visible
10
87.2618
20
48.3387
30
0
0
VERTEX
8
Visible
10
87.3074
20
48.4987
30
0
0
VERTEX
8
Visible
10
87.3515
20
48.6581
30
0
0
VERTEX
8
Visible
10
87.3943
20
48.8169
30
0
0
VERTEX
8
Visible
10
87.4358
20
48.9751
30
0
0
VERTEX
8
Visible
10
87.4759
20
49.1326
30
0
0
VERTEX
8
Visible
10
87.5147
20
49.2895
30
0
0
VERTEX
8
Visible
10
87.5522
20
49.4458
30
0
0
VERTEX
8
Visible
10
87.5884
20
49.6015
30
0
0
VERTEX
8
Visible
10
87.6234
20
49.7565
30
0
0
VERTEX
8
Visible
10
87.6572
20
49.9109
30
0
0
VERTEX
8
Visible
10
87.6897
20
50.0646
30
0
0
VERTEX
8
Visible
10
87.7211
20
50.2177
30
0
0
VERTEX
8
Visible
10
87.7513
20
50.3701
30
0
0
VERTEX
8
Visible
10
87.7803
20
50.5219
30
0
0
VERTEX
8
Visible
10
87.8081
20
50.6731
30
0
0
VERTEX
8
Visible
10
87.8349
20
50.8235
30
0
0
VERTEX
8
Visible
10
87.8605
20
50.9733
30
0
0
VERTEX
8
Visible
10
87.8851
20
51.1225
30
0
0
VERTEX
8
Visible
10
87.9085
20
51.2710
30
0
0
VERTEX
8
Visible
10
87.9310
20
51.4188
30
0
0
VERTEX
8
Visible
10
87.9524
20
51.5659
30
0
0
VERTEX
8
Visible
10
87.9727
20
51.7124
30
0
0
VERTEX
8
Visible
10
87.9921
20
51.8581
30
0
0
VERTEX
8
Visible
10
88.0105
20
52.0032
30
0
0
VERTEX
8
Visible
10
88.0280
20
52.1476
30
0
0
VERTEX
8
Visible
10
88.0445
20
52.2913
30
0
0
VERTEX
8
Visible
10
88.0601
20
52.4344
30
0
0
VERTEX
8
Visible
10
88.0748
20
52.5767
30
0
0
VERTEX
8
Visible
10
88.0886
20
52.7183
30
0
0
VERTEX
8
Visible
10
88.1016
20
52.8593
30
0
0
VERTEX
8
Visible
10
88.1136
20
52.9996
30
0
0
VERTEX
8
Visible
10
88.1249
20
53.1392
30
0
0
VERTEX
8
Visible
10
88.1353
20
53.2782
30
0
0
VERTEX
8
Visible
10
88.1448
20
53.4165
30
0
0
VERTEX
8
Visible
10
88.1536
20
53.5541
30
0
0
VERTEX
8
Visible
10
88.1615
20
53.6911
30
0
0
VERTEX
8
Visible
10
88.1687
20
53.8275
30
0
0
VERTEX
8
Visible
10
88.1750
20
53.9632
30
0
0
VERTEX
8
Visible
10
88.1806
20
54.0982
30
0
0
VERTEX
8
Visible
10
88.1855
20
54.2326
30
0
0
VERTEX
8
Visible
10
88.1896
20
54.3664
30
0
0
VERTEX
8
Visible
10
88.1930
20
54.4996
30
0
0
VERTEX
8
Visible
10
88.1956
20
54.6321
30
0
0
VERTEX
8
Visible
10
88.1976
20
54.7640
30
0
0
VERTEX
8
Visible
10
88.1988
20
54.8953
30
0
0
VERTEX
8
Visible
10
88.1994
20
55.0259
30
0
0
VERTEX
8
Visible
10
88.1993
20
55.1560
30
0
0
VERTEX
8
Visible
10
88.1986
20
55.2854
30
0
0
VERTEX
8
Visible
10
88.1972
20
55.4142
30
0
0
VERTEX
8
Visible
10
88.1951
20
55.5425
30
0
0
VERTEX
8
Visible
10
88.1925
20
55.6701
30
0
0
VERTEX
8
Visible
10
88.1892
20
55.7972
30
0
0
VERTEX
8
Visible
10
88.1853
20
55.9236
30
0
0
VERTEX
8
Visible
10
88.1809
20
56.0495
30
0
0
VERTEX
8
Visible
10
88.1758
20
56.1748
30
0
0
VERTEX
8
Visible
10
88.1702
20
56.2995
30
0
0
VERTEX
8
Visible
10
88.1641
20
56.4236
30
0
0
VERTEX
8
Visible
10
88.1574
20
56.5472
30
0
0
VERTEX
8
Visible
10
88.1501
20
56.6702
30
0
0
VERTEX
8
Visible
10
88.1423
20
56.7927
30
0
0
VERTEX
8
Visible
10
88.1340
20
56.9146
30
0
0
VERTEX
8
Visible
10
88.1252
20
57.0359
30
0
0
VERTEX
8
Visible
10
88.1158
20
57.1568
30
0
0
VERTEX
8
Visible
10
88.1060
20
57.2770
30
0
0
VERTEX
8
Visible
10
88.0956
20
57.3968
30
0
0
VERTEX
8
Visible
10
88.0848
20
57.5160
30
0
0
VERTEX
8
Visible
10
88.0734
20
57.6347
30
0
0
VERTEX
8
Visible
10
88.0616
20
57.7529
30
0
0
VERTEX
8
Visible
10
88.0493
20
57.8706
30
0
0
VERTEX
8
Visible
10
88.0365
20
57.9878
30
0
0
VERTEX
8
Visible
10
88.0233
20
58.1044
30
0
0
VERTEX
8
Visible
10
88.0096
20
58.2206
30
0
0
VERTEX
8
Visible
10
87.9954
20
58.3363
30
0
0
VERTEX
8
Visible
10
87.9808
20
58.4515
30
0
0
VERTEX
8
Visible
10
87.9658
20
58.5662
30
0
0
VERTEX
8
Visible
10
87.9504
20
58.6804
30
0
0
VERTEX
8
Visible
10
87.9345
20
58.7942
30
0
0
VERTEX
8
Visible
10
87.9182
20
58.9074
30
0
0
VERTEX
8
Visible
10
87.9015
20
59.0203
30
0
0
VERTEX
8
Visible
10
87.8844
20
59.1326
30
0
0
VERTEX
8
Visible
10
87.8668
20
59.2445
30
0
0
VERTEX
8
Visible
10
87.8489
20
59.3560
30
0
0
VERTEX
8
Visible
10
87.8307
20
59.4670
30
0
0
VERTEX
8
Visible
10
87.8120
20
59.5775
30
0
0
VERTEX
8
Visible
10
87.7930
20
59.6877
30
0
0
SEQEND
8
Visible
0
ARC
8
Visible
10
58.2699
20
87.0381
30
0
40
14.1239
50
92.5393
51
114.6996
0
LINE
8
Visible
10
77.3711
20
35.3514
30
0
11
77.8372
21
35.6198
31
0
0
POLYLINE
8
Visible
66
1
70
0
10
0
20
0
30
0
0
VERTEX
8
Visible
10
57.6441
20
101.1487
30
0
0
VERTEX
8
Visible
10
57.6977
20
101.1512
30
0
0
VERTEX
8
Visible
10
57.7512
20
101.1536
30
0
0
VERTEX
8
Visible
10
57.8047
20
101.1558
30
0
0
VERTEX
8
Visible
10
57.8582
20
101.1579
30
0
0
VERTEX
8
Visible
10
57.9117
20
101.1599
30
0
0
VERTEX
8
Visible
10
57.9653
20
101.1618
30
0
0
VERTEX
8
Visible
10
58.0188
20
101.1635
30
0
0
VERTEX
8
Visible
10
58.0723
20
101.1651
30
0
0
VERTEX
8
Visible
10
58.1259
20
101.1666
30
0
0
VERTEX
8
Visible
10
58.1794
20
101.1679
30
0
0
VERTEX
8
Visible
10
58.2329
20
101.1692
30
0
0
VERTEX
8
Visible
10
58.2865
20
101.1702
30
0
0
VERTEX
8
Visible
10
58.3400
20
101.1712
30
0
0
VERTEX
8
Visible
10
58.3936
20
101.1720
30
0
0
VERTEX
8
Visible
10
58.4471
20
101.1727
30
0
0
VERTEX
8
Visible
10
58.5006
20
101.1733
30
0
0
SEQEND
8
Visible
0
POLYLINE
8
Visible
66
1
70
0
10
0
20
0
30
0
0
VERTEX
8
Visible
10
64.5723
20
100.4007
30
0
0
VERTEX
8
Visible
10
64.8387
20
100.3282
30
0
0
VERTEX
8
Visible
10
65.1012
20
100.2537
30
0
0
VERTEX
8
Visible
10
65.3596
20
100.1773
30
0
0
VERTEX
8
Visible
10
65.6141
20
100.0990
30
0
0
VERTEX
8
Visible
10
65.8649
20
100.0189
30
0
0
VERTEX
8
Visible
10
66.1119
20
99.9370
30
0
0
VERTEX
8
Visible
10
66.3552
20
99.8534
30
0
0
VERTEX
8
Visible
10
66.5949
20
99.7681
30
0
0
VERTEX
8
Visible
10
66.8311
20
99.6812
30
0
0
VERTEX
8
Visible
10
67.0638
20
99.5928
30
0
0
VERTEX
8
Visible
10
67.2931
20
99.5028
30
0
0
VERTEX
8
Visible
10
67.5192
20
99.4115
30
0
0
VERTEX
8
Visible
10
67.7420
20
99.3187
30
0
0
VERTEX
8
Visible
10
67.9616
20
99.2246
30
0
0
VERTEX
8
Visible
10
68.1781
20
99.1293
30
0
0
VERTEX
8
Visible
10
68.3917
20
99.0327
30
0
0
VERTEX
8
Visible
10
68.6023
20
98.9350
30
0
0
VERTEX
8
Visible
10
68.8100
20
98.8362
30
0
0
VERTEX
8
Visible
10
69.0149
20
98.7363
30
0
0
VERTEX
8
Visible
10
69.2171
20
98.6354
30
0
0
VERTEX
8
Visible
10
69.4166
20
98.5336
30
0
0
VERTEX
8
Visible
10
69.6136
20
98.4309
30
0
0
VERTEX
8
Visible
10
69.8080
20
98.3274
30
0
0
VERTEX
8
Visible
10
70.0000
20
98.2231
30
0
0
VERTEX
8
Visible
10
70.1897
20
98.1181
30
0
0
VERTEX
8
Visible
10
70.3770
20
98.0124
30
0
0
VERTEX
8
Visible
10
70.5622
20
97.9061
30
0
0
VERTEX
8
Visible
10
70.7452
20
97.7993
30
0
0
VERTEX
8
Visible
10
70.9261
20
97.6918
30
0
0
VERTEX
8
Visible
10
71.1048
20
97.5837
30
0
0
VERTEX
8
Visible
10
71.2815
20
97.4751
30
0
0
VERTEX
8
Visible
10
71.4562
20
97.3658
30
0
0
VERTEX
8
Visible
10
71.6288
20
97.2560
30
0
0
VERTEX
8
Visible
10
71.7995
20
97.1456
30
0
0
VERTEX
8
Visible
10
71.9682
20
97.0347
30
0
0
VERTEX
8
Visible
10
72.1351
20
96.9232
30
0
0
VERTEX
8
Visible
10
72.3000
20
96.8111
30
0
0
VERTEX
8
Visible
10
72.4631
20
96.6986
30
0
0
VERTEX
8
Visible
10
72.6243
20
96.5855
30
0
0
VERTEX
8
Visible
10
72.7838
20
96.4719
30
0
0
VERTEX
8
Visible
10
72.9415
20
96.3578
30
0
0
VERTEX
8
Visible
10
73.0975
20
96.2432
30
0
0
VERTEX
8
Visible
10
73.2518
20
96.1282
30
0
0
VERTEX
8
Visible
10
73.4045
20
96.0126
30
0
0
VERTEX
8
Visible
10
73.5555
20
95.8966
30
0
0
VERTEX
8
Visible
10
73.7049
20
95.7802
30
0
0
VERTEX
8
Visible
10
73.8528
20
95.6633
30
0
0
VERTEX
8
Visible
10
73.9991
20
95.5459
30
0
0
VERTEX
8
Visible
10
74.1439
20
95.4282
30
0
0
VERTEX
8
Visible
10
74.2872
20
95.3100
30
0
0
VERTEX
8
Visible
10
74.4291
20
95.1914
30
0
0
VERTEX
8
Visible
10
74.5695
20
95.0725
30
0
0
VERTEX
8
Visible
10
74.7086
20
94.9531
30
0
0
VERTEX
8
Visible
10
74.8464
20
94.8334
30
0
0
VERTEX
8
Visible
10
74.9828
20
94.7133
30
0
0
VERTEX
8
Visible
10
75.1179
20
94.5928
30
0
0
VERTEX
8
Visible
10
75.2518
20
94.4720
30
0
0
VERTEX
8
Visible
10
75.3845
20
94.3508
30
0
0
VERTEX
8
Visible
10
75.5159
20
94.2294
30
0
0
VERTEX
8
Visible
10
75.6463
20
94.1076
30
0
0
VERTEX
8
Visible
10
75.7754
20
93.9854
30
0
0
VERTEX
8
Visible
10
75.9035
20
93.8629
30
0
0
VERTEX
8
Visible
10
76.0306
20
93.7400
30
0
0
VERTEX
8
Visible
10
76.1567
20
93.6166
30
0
0
VERTEX
8
Visible
10
76.2817
20
93.4927
30
0
0
VERTEX
8
Visible
10
76.4057
20
93.3685
30
0
0
VERTEX
8
Visible
10
76.5287
20
93.2437
30
0
0
VERTEX
8
Visible
10
76.6508
20
93.1186
30
0
0
VERTEX
8
Visible
10
76.7718
20
92.9930
30
0
0
VERTEX
8
Visible
10
76.8918
20
92.8670
30
0
0
VERTEX
8
Visible
10
77.0109
20
92.7405
30
0
0
VERTEX
8
Visible
10
77.1290
20
92.6136
30
0
0
VERTEX
8
Visible
10
77.2461
20
92.4863
30
0
0
VERTEX
8
Visible
10
77.3623
20
92.3586
30
0
0
VERTEX
8
Visible
10
77.4775
20
92.2305
30
0
0
VERTEX
8
Visible
10
77.5918
20
92.1019
30
0
0
VERTEX
8
Visible
10
77.7051
20
91.9730
30
0
0
VERTEX
8
Visible
10
77.8175
20
91.8436
30
0
0
VERTEX
8
Visible
10
77.9290
20
91.7138
30
0
0
VERTEX
8
Visible
10
78.0396
20
91.5836
30
0
0
VERTEX
8
Visible
10
78.1492
20
91.4530
30
0
0
VERTEX
8
Visible
10
78.2580
20
91.3220
30
0
0
VERTEX
8
Visible
10
78.3658
20
91.1906
30
0
0
VERTEX
8
Visible
10
78.4728
20
91.0588
30
0
0
VERTEX
8
Visible
10
78.5789
20
90.9266
30
0
0
VERTEX
8
Visible
10
78.6841
20
90.7940
30
0
0
VERTEX
8
Visible
10
78.7884
20
90.6610
30
0
0
VERTEX
8
Visible
10
78.8919
20
90.5277
30
0
0
VERTEX
8
Visible
10
78.9945
20
90.3939
30
0
0
VERTEX
8
Visible
10
79.0962
20
90.2598
30
0
0
VERTEX
8
Visible
10
79.1972
20
90.1253
30
0
0
VERTEX
8
Visible
10
79.2972
20
89.9904
30
0
0
VERTEX
8
Visible
10
79.3965
20
89.8551
30
0
0
VERTEX
8
Visible
10
79.4949
20
89.7195
30
0
0
VERTEX
8
Visible
10
79.5925
20
89.5835
30
0
0
VERTEX
8
Visible
10
79.6895
20
89.4469
30
0
0
VERTEX
8
Visible
10
79.7858
20
89.3096
30
0
0
VERTEX
8
Visible
10
79.8814
20
89.1718
30
0
0
VERTEX
8
Visible
10
79.9764
20
89.0334
30
0
0
VERTEX
8
Visible
10
80.0706
20
88.8944
30
0
0
VERTEX
8
Visible
10
80.1643
20
88.7547
30
0
0
VERTEX
8
Visible
10
80.2572
20
88.6145
30
0
0
VERTEX
8
Visible
10
80.3494
20
88.4736
30
0
0
VERTEX
8
Visible
10
80.4410
20
88.3321
30
0
0
VERTEX
8
Visible
10
80.5319
20
88.1900
30
0
0
VERTEX
8
Visible
10
80.6220
20
88.0473
30
0
0
VERTEX
8
Visible
10
80.7115
20
87.9039
30
0
0
VERTEX
8
Visible
10
80.8003
20
87.7599
30
0
0
VERTEX
8
Visible
10
80.8883
20
87.6153
30
0
0
VERTEX
8
Visible
10
80.9757
20
87.4701
30
0
0
VERTEX
8
Visible
10
81.0623
20
87.3243
30
0
0
VERTEX
8
Visible
10
81.1482
20
87.1778
30
0
0
VERTEX
8
Visible
10
81.2334
20
87.0307
30
0
0
VERTEX
8
Visible
10
81.3179
20
86.8829
30
0
0
VERTEX
8
Visible
10
81.4016
20
86.7346
30
0
0
VERTEX
8
Visible
10
81.4846
20
86.5856
30
0
0
VERTEX
8
Visible
10
81.5669
20
86.4359
30
0
0
VERTEX
8
Visible
10
81.6484
20
86.2856
30
0
0
VERTEX
8
Visible
10
81.7292
20
86.1347
30
0
0
VERTEX
8
Visible
10
81.8092
20
85.9831
30
0
0
VERTEX
8
Visible
10
81.8885
20
85.8309
30
0
0
VERTEX
8
Visible
10
81.9670
20
85.6781
30
0
0
VERTEX
8
Visible
10
82.0448
20
85.5246
30
0
0
VERTEX
8
Visible
10
82.1218
20
85.3704
30
0
0
VERTEX
8
Visible
10
82.1980
20
85.2156
30
0
0
VERTEX
8
Visible
10
82.2735
20
85.0602
30
0
0
VERTEX
8
Visible
10
82.3481
20
84.9041
30
0
0
VERTEX
8
Visible
10
82.4220
20
84.7473
30
0
0
VERTEX
8
Visible
10
82.4952
20
84.5898
30
0
0
VERTEX
8
Visible
10
82.5677
20
84.4314
30
0
0
VERTEX
8
Visible
10
82.6396
20
84.2721
30
0
0
VERTEX
8
Visible
10
82.7108
20
84.1119
30
0
0
VERTEX
8
Visible
10
82.7813
20
83.9507
30
0
0
VERTEX
8
Visible
10
82.8510
20
83.7886
30
0
0
VERTEX
8
Visible
10
82.9201
20
83.6255
30
0
0
VERTEX
8
Visible
10
82.9884
20
83.4614
30
0
0
VERTEX
8
Visible
10
83.0560
20
83.2963
30
0
0
VERTEX
8
Visible
10
83.1228
20
83.1301
30
0
0
VERTEX
8
Visible
10
83.1888
20
82.9629
30
0
0
VERTEX
8
Visible
10
83.2540
20
82.7946
30
0
0
VERTEX
8
Visible
10
83.3184
20
82.6252
30
0
0
VERTEX
8
Visible
10
83.3820
20
82.4547
30
0
0
VERTEX
8
Visible
10
83.4447
20
82.2830
30
0
0
VERTEX
8
Visible
10
83.5066
20
82.1102
30
0
0
VERTEX
8
Visible
10
83.5676
20
81.9362
30
0
0
VERTEX
8
Visible
10
83.6277
20
81.7611
30
0
0
VERTEX
8
Visible
10
83.6868
20
81.5847
30
0
0
VERTEX
8
Visible
10
83.7451
20
81.4071
30
0
0
VERTEX
8
Visible
10
83.8024
20
81.2282
30
0
0
VERTEX
8
Visible
10
83.8587
20
81.0481
30
0
0
VERTEX
8
Visible
10
83.9141
20
80.8667
30
0
0
VERTEX
8
Visible
10
83.9685
20
80.6839
30
0
0
VERTEX
8
Visible
10
84.0219
20
80.4999
30
0
0
VERTEX
8
Visible
10
84.0743
20
80.3145
30
0
0
VERTEX
8
Visible
10
84.1256
20
80.1278
30
0
0
VERTEX
8
Visible
10
84.1759
20
79.9396
30
0
0
VERTEX
8
Visible
10
84.2252
20
79.7501
30
0
0
VERTEX
8
Visible
10
84.2733
20
79.5591
30
0
0
VERTEX
8
Visible
10
84.3203
20
79.3667
30
0
0
VERTEX
8
Visible
10
84.3663
20
79.1729
30
0
0
VERTEX
8
Visible
10
84.4111
20
78.9775
30
0
0
VERTEX
8
Visible
10
84.4548
20
78.7807
30
0
0
VERTEX
8
Visible
10
84.4972
20
78.5824
30
0
0
VERTEX
8
Visible
10
84.5384
20
78.3825
30
0
0
VERTEX
8
Visible
10
84.5782
20
78.1811
30
0
0
VERTEX
8
Visible
10
84.6168
20
77.9780
30
0
0
VERTEX
8
Visible
10
84.6539
20
77.7734
30
0
0
VERTEX
8
Visible
10
84.6897
20
77.5672
30
0
0
SEQEND
8
Visible
0
LINE
8
Visible
10
81.7071
20
52.1791
30
0
11
82.7892
21
52.8022
31
0
0
LINE
8
Visible
10
87.7930
20
59.6877
30
0
11
86.1037
21
69.3492
31
0
0
LINE
8
Visible
10
82.9517
20
63.9549
30
0
11
81.8622
21
63.3275
31
0
0
POLYLINE
8
Visible
66
1
70
0
10
0
20
0
30
0
0
VERTEX
8
Visible
10
84.6897
20
77.5672
30
0
0
VERTEX
8
Visible
10
84.6993
20
77.5102
30
0
0
VERTEX
8
Visible
10
84.7090
20
77.4533
30
0
0
VERTEX
8
Visible
10
84.7186
20
77.3963
30
0
0
VERTEX
8
Visible
10
84.7283
20
77.3393
30
0
0
VERTEX
8
Visible
10
84.7379
20
77.2824
30
0
0
VERTEX
8
Visible
10
84.7476
20
77.2254
30
0
0
VERTEX
8
Visible
10
84.7572
20
77.1684
30
0
0
VERTEX
8
Visible
10
84.7669
20
77.1114
30
0
0
VERTEX
8
Visible
10
84.7766
20
77.0545
30
0
0
VERTEX
8
Visible
10
84.7862
20
76.9975
30
0
0
VERTEX
8
Visible
10
84.7959
20
76.9405
30
0
0
VERTEX
8
Visible
10
84.8056
20
76.8835
30
0
0
VERTEX
8
Visible
10
84.8152
20
76.8265
30
0
0
VERTEX
8
Visible
10
84.8249
20
76.7696
30
0
0
VERTEX
8
Visible
10
84.8346
20
76.7126
30
0
0
VERTEX
8
Visible
10
84.8443
20
76.6556
30
0
0
VERTEX
8
Visible
10
84.8539
20
76.5986
30
0
0
VERTEX
8
Visible
10
84.8636
20
76.5416
30
0
0
VERTEX
8
Visible
10
84.8733
20
76.4846
30
0
0
VERTEX
8
Visible
10
84.8830
20
76.4276
30
0
0
VERTEX
8
Visible
10
84.8927
20
76.3706
30
0
0
VERTEX
8
Visible
10
84.9024
20
76.3136
30
0
0
VERTEX
8
Visible
10
84.9121
20
76.2566
30
0
0
VERTEX
8
Visible
10
84.9218
20
76.1996
30
0
0
VERTEX
8
Visible
10
84.9315
20
76.1426
30
0
0
VERTEX
8
Visible
10
84.9412
20
76.0856
30
0
0
VERTEX
8
Visible
10
84.9509
20
76.0286
30
0
0
VERTEX
8
Visible
10
84.9606
20
75.9716
30
0
0
VERTEX
8
Visible
10
84.9703
20
75.9146
30
0
0
VERTEX
8
Visible
10
84.9800
20
75.8576
30
0
0
VERTEX
8
Visible
10
84.9898
20
75.8006
30
0
0
VERTEX
8
Visible
10
84.9995
20
75.7436
30
0
0
VERTEX
8
Visible
10
85.0092
20
75.6866
30
0
0
VERTEX
8
Visible
10
85.0189
20
75.6296
30
0
0
VERTEX
8
Visible
10
85.0286
20
75.5725
30
0
0
VERTEX
8
Visible
10
85.0384
20
75.5155
30
0
0
VERTEX
8
Visible
10
85.0481
20
75.4585
30
0
0
VERTEX
8
Visible
10
85.0578
20
75.4015
30
0
0
VERTEX
8
Visible
10
85.0676
20
75.3445
30
0
0
VERTEX
8
Visible
10
85.0773
20
75.2875
30
0
0
VERTEX
8
Visible
10
85.0871
20
75.2304
30
0
0
VERTEX
8
Visible
10
85.0968
20
75.1734
30
0
0
VERTEX
8
Visible
10
85.1066
20
75.1164
30
0
0
VERTEX
8
Visible
10
85.1163
20
75.0593
30
0
0
VERTEX
8
Visible
10
85.1261
20
75.0023
30
0
0
VERTEX
8
Visible
10
85.1358
20
74.9453
30
0
0
VERTEX
8
Visible
10
85.1456
20
74.8883
30
0
0
VERTEX
8
Visible
10
85.1553
20
74.8312
30
0
0
VERTEX
8
Visible
10
85.1651
20
74.7742
30
0
0
VERTEX
8
Visible
10
85.1749
20
74.7171
30
0
0
VERTEX
8
Visible
10
85.1846
20
74.6601
30
0
0
VERTEX
8
Visible
10
85.1944
20
74.6031
30
0
0
VERTEX
8
Visible
10
85.2042
20
74.5460
30
0
0
VERTEX
8
Visible
10
85.2139
20
74.4890
30
0
0
VERTEX
8
Visible
10
85.2237
20
74.4319
30
0
0
VERTEX
8
Visible
10
85.2335
20
74.3749
30
0
0
VERTEX
8
Visible
10
85.2433
20
74.3178
30
0
0
VERTEX
8
Visible
10
85.2531
20
74.2608
30
0
0
VERTEX
8
Visible
10
85.2628
20
74.2037
30
0
0
VERTEX
8
Visible
10
85.2726
20
74.1467
30
0
0
VERTEX
8
Visible
10
85.2824
20
74.0896
30
0
0
VERTEX
8
Visible
10
85.2922
20
74.0326
30
0
0
VERTEX
8
Visible
10
85.3020
20
73.9755
30
0
0
VERTEX
8
Visible
10
85.3118
20
73.9185
30
0
0
VERTEX
8
Visible
10
85.3216
20
73.8614
30
0
0
VERTEX
8
Visible
10
85.3314
20
73.8043
30
0
0
VERTEX
8
Visible
10
85.3412
20
73.7473
30
0
0
VERTEX
8
Visible
10
85.3510
20
73.6902
30
0
0
VERTEX
8
Visible
10
85.3609
20
73.6332
30
0
0
VERTEX
8
Visible
10
85.3707
20
73.5761
30
0
0
VERTEX
8
Visible
10
85.3805
20
73.5190
30
0
0
VERTEX
8
Visible
10
85.3903
20
73.4619
30
0
0
VERTEX
8
Visible
10
85.4001
20
73.4049
30
0
0
VERTEX
8
Visible
10
85.4100
20
73.3478
30
0
0
VERTEX
8
Visible
10
85.4198
20
73.2907
30
0
0
VERTEX
8
Visible
10
85.4296
20
73.2337
30
0
0
VERTEX
8
Visible
10
85.4394
20
73.1766
30
0
0
VERTEX
8
Visible
10
85.4493
20
73.1195
30
0
0
VERTEX
8
Visible
10
85.4591
20
73.0624
30
0
0
VERTEX
8
Visible
10
85.4689
20
73.0053
30
0
0
VERTEX
8
Visible
10
85.4788
20
72.9483
30
0
0
VERTEX
8
Visible
10
85.4886
20
72.8912
30
0
0
VERTEX
8
Visible
10
85.4985
20
72.8341
30
0
0
VERTEX
8
Visible
10
85.5083
20
72.7770
30
0
0
VERTEX
8
Visible
10
85.5182
20
72.7199
30
0
0
VERTEX
8
Visible
10
85.5280
20
72.6628
30
0
0
VERTEX
8
Visible
10
85.5379
20
72.6057
30
0
0
VERTEX
8
Visible
10
85.5477
20
72.5486
30
0
0
VERTEX
8
Visible
10
85.5576
20
72.4915
30
0
0
VERTEX
8
Visible
10
85.5675
20
72.4344
30
0
0
VERTEX
8
Visible
10
85.5773
20
72.3773
30
0
0
VERTEX
8
Visible
10
85.5872
20
72.3203
30
0
0
VERTEX
8
Visible
10
85.5971
20
72.2632
30
0
0
VERTEX
8
Visible
10
85.6070
20
72.2060
30
0
0
VERTEX
8
Visible
10
85.6168
20
72.1489
30
0
0
VERTEX
8
Visible
10
85.6267
20
72.0918
30
0
0
VERTEX
8
Visible
10
85.6366
20
72.0347
30
0
0
VERTEX
8
Visible
10
85.6465
20
71.9776
30
0
0
VERTEX
8
Visible
10
85.6564
20
71.9205
30
0
0
VERTEX
8
Visible
10
85.6662
20
71.8634
30
0
0
VERTEX
8
Visible
10
85.6761
20
71.8063
30
0
0
VERTEX
8
Visible
10
85.6860
20
71.7492
30
0
0
VERTEX
8
Visible
10
85.6959
20
71.6921
30
0
0
VERTEX
8
Visible
10
85.7058
20
71.6350
30
0
0
VERTEX
8
Visible
10
85.7157
20
71.5778
30
0
0
VERTEX
8
Visible
10
85.7256
20
71.5207
30
0
0
VERTEX
8
Visible
10
85.7355
20
71.4636
30
0
0
VERTEX
8
Visible
10
85.7454
20
71.4065
30
0
0
VERTEX
8
Visible
10
85.7553
20
71.3494
30
0
0
VERTEX
8
Visible
10
85.7653
20
71.2922
30
0
0
VERTEX
8
Visible
10
85.7752
20
71.2351
30
0
0
VERTEX
8
Visible
10
85.7851
20
71.1780
30
0
0
VERTEX
8
Visible
10
85.7950
20
71.1209
30
0
0
VERTEX
8
Visible
10
85.8049
20
71.0637
30
0
0
VERTEX
8
Visible
10
85.8149
20
71.0066
30
0
0
VERTEX
8
Visible
10
85.8248
20
70.9495
30
0
0
VERTEX
8
Visible
10
85.8347
20
70.8923
30
0
0
VERTEX
8
Visible
10
85.8446
20
70.8352
30
0
0
VERTEX
8
Visible
10
85.8546
20
70.7781
30
0
0
VERTEX
8
Visible
10
85.8645
20
70.7209
30
0
0
VERTEX
8
Visible
10
85.8745
20
70.6638
30
0
0
VERTEX
8
Visible
10
85.8844
20
70.6066
30
0
0
VERTEX
8
Visible
10
85.8943
20
70.5495
30
0
0
VERTEX
8
Visible
10
85.9043
20
70.4924
30
0
0
VERTEX
8
Visible
10
85.9142
20
70.4352
30
0
0
VERTEX
8
Visible
10
85.9242
20
70.3781
30
0
0
VERTEX
8
Visible
10
85.9341
20
70.3209
30
0
0
VERTEX
8
Visible
10
85.9441
20
70.2638
30
0
0
VERTEX
8
Visible
10
85.9541
20
70.2066
30
0
0
VERTEX
8
Visible
10
85.9640
20
70.1495
30
0
0
VERTEX
8
Visible
10
85.9740
20
70.0923
30
0
0
VERTEX
8
Visible
10
85.9839
20
70.0352
30
0
0
VERTEX
8
Visible
10
85.9939
20
69.9780
30
0
0
VERTEX
8
Visible
10
86.0039
20
69.9208
30
0
0
VERTEX
8
Visible
10
86.0139
20
69.8637
30
0
0
VERTEX
8
Visible
10
86.0238
20
69.8065
30
0
0
VERTEX
8
Visible
10
86.0338
20
69.7494
30
0
0
VERTEX
8
Visible
10
86.0438
20
69.6922
30
0
0
VERTEX
8
Visible
10
86.0538
20
69.6350
30
0
0
VERTEX
8
Visible
10
86.0638
20
69.5779
30
0
0
VERTEX
8
Visible
10
86.0737
20
69.5207
30
0
0
VERTEX
8
Visible
10
86.0837
20
69.4635
30
0
0
VERTEX
8
Visible
10
86.0937
20
69.4064
30
0
0
VERTEX
8
Visible
10
86.1037
20
69.3492
30
0
0
SEQEND
8
Visible
0
LINE
8
Visible
10
81.4831
20
38.5500
30
0
11
80.8320
21
37.9057
31
0
0
ARC
8
Visible
10
70.5208
20
48.3090
30
0
40
14.6474
50
299.9672
51
314.7454
0
POLYLINE
8
Visible
66
1
70
0
10
0
20
0
30
0
0
VERTEX
8
Visible
10
60.8564
20
77.9279
30
0
0
VERTEX
8
Visible
10
60.8438
20
77.8662
30
0
0
VERTEX
8
Visible
10
60.8338
20
77.8024
30
0
0
VERTEX
8
Visible
10
60.8264
20
77.7368
30
0
0
VERTEX
8
Visible
10
60.8216
20
77.6693
30
0
0
VERTEX
8
Visible
10
60.8194
20
77.6001
30
0
0
VERTEX
8
Visible
10
60.8199
20
77.5293
30
0
0
VERTEX
8
Visible
10
60.8230
20
77.4572
30
0
0
VERTEX
8
Visible
10
60.8287
20
77.3837
30
0
0
VERTEX
8
Visible
10
60.8370
20
77.3091
30
0
0
VERTEX
8
Visible
10
60.8479
20
77.2335
30
0
0
VERTEX
8
Visible
10
60.8614
20
77.1570
30
0
0
VERTEX
8
Visible
10
60.8774
20
77.0797
30
0
0
VERTEX
8
Visible
10
60.8960
20
77.0019
30
0
0
VERTEX
8
Visible
10
60.9170
20
76.9237
30
0
0
VERTEX
8
Visible
10
60.9405
20
76.8451
30
0
0
VERTEX
8
Visible
10
60.9664
20
76.7664
30
0
0
VERTEX
8
Visible
10
60.9946
20
76.6877
30
0
0
VERTEX
8
Visible
10
61.0252
20
76.6091
30
0
0
VERTEX
8
Visible
10
61.0580
20
76.5308
30
0
0
VERTEX
8
Visible
10
61.0929
20
76.4529
30
0
0
VERTEX
8
Visible
10
61.1300
20
76.3756
30
0
0
VERTEX
8
Visible
10
61.1692
20
76.2991
30
0
0
VERTEX
8
Visible
10
61.2103
20
76.2234
30
0
0
VERTEX
8
Visible
10
61.2533
20
76.1487
30
0
0
VERTEX
8
Visible
10
61.2982
20
76.0751
30
0
0
VERTEX
8
Visible
10
61.3447
20
76.0028
30
0
0
VERTEX
8
Visible
10
61.3930
20
75.9319
30
0
0
VERTEX
8
Visible
10
61.4428
20
75.8626
30
0
0
VERTEX
8
Visible
10
61.4940
20
75.7949
30
0
0
VERTEX
8
Visible
10
61.5467
20
75.7291
30
0
0
VERTEX
8
Visible
10
61.6006
20
75.6651
30
0
0
VERTEX
8
Visible
10
61.6557
20
75.6032
30
0
0
VERTEX
8
Visible
10
61.7118
20
75.5435
30
0
0
VERTEX
8
Visible
10
61.7689
20
75.4860
30
0
0
VERTEX
8
Visible
10
61.8269
20
75.4309
30
0
0
VERTEX
8
Visible
10
61.8857
20
75.3783
30
0
0
VERTEX
8
Visible
10
61.9451
20
75.3282
30
0
0
VERTEX
8
Visible
10
62.0050
20
75.2808
30
0
0
VERTEX
8
Visible
10
62.0654
20
75.2362
30
0
0
VERTEX
8
Visible
10
62.1260
20
75.1944
30
0
0
VERTEX
8
Visible
10
62.1869
20
75.1555
30
0
0
VERTEX
8
Visible
10
62.2479
20
75.1196
30
0
0
VERTEX
8
Visible
10
62.3088
20
75.0867
30
0
0
VERTEX
8
Visible
10
62.3696
20
75.0570
30
0
0
VERTEX
8
Visible
10
62.4301
20
75.0304
30
0
0
VERTEX
8
Visible
10
62.4903
20
75.0071
30
0
0
VERTEX
8
Visible
10
62.5500
20
74.9870
30
0
0
SEQEND
8
Visible
0
LINE
8
Visible
10
82.3727
20
49.2170
30
0
11
83.0803
21
48.8095
31
0
0
POLYLINE
8
Visible
66
1
70
0
10
0
20
0
30
0
0
VERTEX
8
Visible
10
83.0803
20
48.8095
30
0
0
VERTEX
8
Visible
10
83.0927
20
47.8279
30
0
0
VERTEX
8
Visible
10
83.0685
20
46.8676
30
0
0
VERTEX
8
Visible
10
83.0079
20
45.9304
30
0
0
VERTEX
8
Visible
10
82.9108
20
45.0182
30
0
0
VERTEX
8
Visible
10
82.7776
20
44.1325
30
0
0
VERTEX
8
Visible
10
82.6084
20
43.2752
30
0
0
VERTEX
8
Visible
10
82.4036
20
42.4477
30
0
0
VERTEX
8
Visible
10
82.1636
20
41.6517
30
0
0
VERTEX
8
Visible
10
81.8887
20
40.8886
30
0
0
VERTEX
8
Visible
10
81.5796
20
40.1599
30
0
0
VERTEX
8
Visible
10
81.2368
20
39.4670
30
0
0
VERTEX
8
Visible
10
80.8609
20
38.8111
30
0
0
VERTEX
8
Visible
10
80.4527
20
38.1935
30
0
0
VERTEX
8
Visible
10
80.0129
20
37.6153
30
0
0
VERTEX
8
Visible
10
79.5423
20
37.0777
30
0
0
VERTEX
8
Visible
10
79.0419
20
36.5815
30
0
0
VERTEX
8
Visible
10
78.5126
20
36.1279
30
0
0
VERTEX
8
Visible
10
77.9553
20
35.7176
30
0
0
VERTEX
8
Visible
10
77.3711
20
35.3514
30
0
0
SEQEND
8
Visible
0
LINE
8
Visible
10
80.5527
20
64.7812
30
0
11
80.3946
21
66.5074
31
0
0
LINE
8
Visible
10
81.9121
20
49.9411
30
0
11
81.6793
21
52.4824
31
0
0
POLYLINE
8
Visible
66
1
70
0
10
0
20
0
30
0
0
VERTEX
8
Visible
10
82.0196
20
48.1987
30
0
0
VERTEX
8
Visible
10
82.0161
20
48.3060
30
0
0
VERTEX
8
Visible
10
82.0122
20
48.4135
30
0
0
VERTEX
8
Visible
10
82.0078
20
48.5213
30
0
0
VERTEX
8
Visible
10
82.0030
20
48.6292
30
0
0
VERTEX
8
Visible
10
81.9977
20
48.7374
30
0
0
VERTEX
8
Visible
10
81.9921
20
48.8458
30
0
0
VERTEX
8
Visible
10
81.9860
20
48.9544
30
0
0
VERTEX
8
Visible
10
81.9795
20
49.0632
30
0
0
VERTEX
8
Visible
10
81.9725
20
49.1723
30
0
0
VERTEX
8
Visible
10
81.9652
20
49.2815
30
0
0
VERTEX
8
Visible
10
81.9574
20
49.3910
30
0
0
VERTEX
8
Visible
10
81.9492
20
49.5006
30
0
0
VERTEX
8
Visible
10
81.9405
20
49.6104
30
0
0
VERTEX
8
Visible
10
81.9315
20
49.7205
30
0
0
VERTEX
8
Visible
10
81.9220
20
49.8307
30
0
0
VERTEX
8
Visible
10
81.9121
20
49.9411
30
0
0
SEQEND
8
Visible
0
LINE
8
Visible
10
82.3727
20
49.2170
30
0
11
81.9837
21
48.9930
31
0
0
POLYLINE
8
Visible
66
1
70
0
10
0
20
0
30
0
0
VERTEX
8
Visible
10
51.5255
20
99.4454
30
0
0
VERTEX
8
Visible
10
52.0771
20
99.7363
30
0
0
VERTEX
8
Visible
10
52.6509
20
99.9863
30
0
0
VERTEX
8
Visible
10
53.2459
20
100.1949
30
0
0
VERTEX
8
Visible
10
53.8608
20
100.3619
30
0
0
VERTEX
8
Visible
10
54.4946
20
100.4869
30
0
0
VERTEX
8
Visible
10
55.1461
20
100.5697
30
0
0
VERTEX
8
Visible
10
55.8141
20
100.6100
30
0
0
VERTEX
8
Visible
10
56.4973
20
100.6079
30
0
0
VERTEX
8
Visible
10
57.1944
20
100.5634
30
0
0
VERTEX
8
Visible
10
57.9042
20
100.4764
30
0
0
VERTEX
8
Visible
10
58.6254
20
100.3473
30
0
0
VERTEX
8
Visible
10
59.3565
20
100.1761
30
0
0
VERTEX
8
Visible
10
60.0963
20
99.9633
30
0
0
VERTEX
8
Visible
10
60.8434
20
99.7093
30
0
0
VERTEX
8
Visible
10
61.5963
20
99.4144
30
0
0
VERTEX
8
Visible
10
62.3537
20
99.0793
30
0
0
VERTEX
8
Visible
10
63.1142
20
98.7046
30
0
0
VERTEX
8
Visible
10
63.8763
20
98.2910
30
0
0
VERTEX
8
Visible
10
64.6387
20
97.8392
30
0
0
VERTEX
8
Visible
10
65.3998
20
97.3501
30
0
0
VERTEX
8
Visible
10
66.1584
20
96.8246
30
0
0
VERTEX
8
Visible
10
66.9129
20
96.2636
30
0
0
VERTEX
8
Visible
10
67.6621
20
95.6683
30
0
0
VERTEX
8
Visible
10
68.4044
20
95.0398
30
0
0
VERTEX
8
Visible
10
69.1385
20
94.3791
30
0
0
VERTEX
8
Visible
10
69.8631
20
93.6875
30
0
0
VERTEX
8
Visible
10
70.5768
20
92.9663
30
0
0
VERTEX
8
Visible
10
71.2782
20
92.2169
30
0
0
VERTEX
8
Visible
10
71.9662
20
91.4407
30
0
0
VERTEX
8
Visible
10
72.6392
20
90.6390
30
0
0
VERTEX
8
Visible
10
73.2963
20
89.8134
30
0
0
VERTEX
8
Visible
10
73.9360
20
88.9655
30
0
0
VERTEX
8
Visible
10
74.5573
20
88.0967
30
0
0
VERTEX
8
Visible
10
75.1589
20
87.2088
30
0
0
VERTEX
8
Visible
10
75.7397
20
86.3033
30
0
0
VERTEX
8
Visible
10
76.2988
20
85.3819
30
0
0
VERTEX
8
Visible
10
76.8349
20
84.4464
30
0
0
VERTEX
8
Visible
10
77.3472
20
83.4985
30
0
0
VERTEX
8
Visible
10
77.8346
20
82.5400
30
0
0
VERTEX
8
Visible
10
78.2964
20
81.5726
30
0
0
VERTEX
8
Visible
10
78.7315
20
80.5982
30
0
0
VERTEX
8
Visible
10
79.1392
20
79.6185
30
0
0
VERTEX
8
Visible
10
79.5188
20
78.6354
30
0
0
VERTEX
8
Visible
10
79.8695
20
77.6508
30
0
0
VERTEX
8
Visible
10
80.1907
20
76.6663
30
0
0
VERTEX
8
Visible
10
80.4818
20
75.6840
30
0
0
VERTEX
8
Visible
10
80.7422
20
74.7055
30
0
0
VERTEX
8
Visible
10
80.9714
20
73.7327
30
0
0
VERTEX
8
Visible
10
81.1691
20
72.7675
30
0
0
VERTEX
8
Visible
10
81.3349
20
71.8116
30
0
0
VERTEX
8
Visible
10
81.4684
20
70.8669
30
0
0
VERTEX
8
Visible
10
81.5695
20
69.9349
30
0
0
SEQEND
8
Visible
0
LINE
8
Visible
10
81.5695
20
69.9349
30
0
11
81.8088
21
67.3217
31
0
0
LINE
8
Visible
10
81.6793
20
52.4824
30
0
11
82.7400
21
53.0932
31
0
0
LINE
8
Visible
10
81.6134
20
65.3920
30
0
11
80.5527
21
64.7812
31
0
0
LINE
8
Visible
10
80.3946
20
66.5074
30
0
11
81.8088
21
67.3217
31
0
0
LINE
8
Visible
10
80.0411
20
66.3038
30
0
11
79.8017
21
68.9170
31
0
0
LINE
8
Visible
10
80.0411
20
66.3038
30
0
11
80.2370
21
66.4166
31
0
0
LINE
8
Visible
10
81.6134
20
65.3920
30
0
11
82.7400
21
53.0932
31
0
0
LINE
8
Visible
10
82.0196
20
48.1987
30
0
11
83.0803
21
48.8095
31
0
0
LINE
8
Visible
10
80.5461
20
66.0066
30
0
11
81.6134
21
65.3920
31
0
0
LINE
8
Visible
10
80.5461
20
66.0066
30
0
11
80.4458
21
65.9488
31
0
0
POLYLINE
8
Visible
66
1
70
0
10
0
20
0
30
0
0
VERTEX
8
Visible
10
44.2596
20
88.8550
30
0
0
VERTEX
8
Visible
10
44.2588
20
88.8482
30
0
0
VERTEX
8
Visible
10
44.2581
20
88.8414
30
0
0
VERTEX
8
Visible
10
44.2575
20
88.8345
30
0
0
VERTEX
8
Visible
10
44.2570
20
88.8277
30
0
0
VERTEX
8
Visible
10
44.2565
20
88.8209
30
0
0
VERTEX
8
Visible
10
44.2562
20
88.8140
30
0
0
VERTEX
8
Visible
10
44.2559
20
88.8072
30
0
0
VERTEX
8
Visible
10
44.2556
20
88.8003
30
0
0
VERTEX
8
Visible
10
44.2555
20
88.7935
30
0
0
VERTEX
8
Visible
10
44.2554
20
88.7866
30
0
0
VERTEX
8
Visible
10
44.2554
20
88.7797
30
0
0
VERTEX
8
Visible
10
44.2555
20
88.7729
30
0
0
VERTEX
8
Visible
10
44.2556
20
88.7660
30
0
0
VERTEX
8
Visible
10
44.2558
20
88.7591
30
0
0
VERTEX
8
Visible
10
44.2561
20
88.7522
30
0
0
VERTEX
8
Visible
10
44.2565
20
88.7453
30
0
0
VERTEX
8
Visible
10
44.2570
20
88.7384
30
0
0
VERTEX
8
Visible
10
44.2575
20
88.7315
30
0
0
VERTEX
8
Visible
10
44.2581
20
88.7246
30
0
0
VERTEX
8
Visible
10
44.2588
20
88.7176
30
0
0
VERTEX
8
Visible
10
44.2596
20
88.7107
30
0
0
VERTEX
8
Visible
10
44.2604
20
88.7038
30
0
0
VERTEX
8
Visible
10
44.2613
20
88.6969
30
0
0
VERTEX
8
Visible
10
44.2623
20
88.6899
30
0
0
VERTEX
8
Visible
10
44.2634
20
88.6830
30
0
0
VERTEX
8
Visible
10
44.2645
20
88.6761
30
0
0
VERTEX
8
Visible
10
44.2657
20
88.6691
30
0
0
VERTEX
8
Visible
10
44.2670
20
88.6622
30
0
0
VERTEX
8
Visible
10
44.2684
20
88.6553
30
0
0
VERTEX
8
Visible
10
44.2698
20
88.6484
30
0
0
VERTEX
8
Visible
10
44.2713
20
88.6414
30
0
0
VERTEX
8
Visible
10
44.2729
20
88.6345
30
0
0
VERTEX
8
Visible
10
44.2746
20
88.6276
30
0
0
VERTEX
8
Visible
10
44.2763
20
88.6207
30
0
0
VERTEX
8
Visible
10
44.2782
20
88.6138
30
0
0
VERTEX
8
Visible
10
44.2801
20
88.6069
30
0
0
VERTEX
8
Visible
10
44.2820
20
88.6000
30
0
0
VERTEX
8
Visible
10
44.2841
20
88.5931
30
0
0
VERTEX
8
Visible
10
44.2862
20
88.5862
30
0
0
VERTEX
8
Visible
10
44.2884
20
88.5794
30
0
0
VERTEX
8
Visible
10
44.2907
20
88.5725
30
0
0
VERTEX
8
Visible
10
44.2930
20
88.5656
30
0
0
VERTEX
8
Visible
10
44.2954
20
88.5588
30
0
0
VERTEX
8
Visible
10
44.2979
20
88.5519
30
0
0
VERTEX
8
Visible
10
44.3005
20
88.5451
30
0
0
VERTEX
8
Visible
10
44.3031
20
88.5382
30
0
0
VERTEX
8
Visible
10
44.3058
20
88.5314
30
0
0
VERTEX
8
Visible
10
44.3086
20
88.5246
30
0
0
VERTEX
8
Visible
10
44.3114
20
88.5178
30
0
0
VERTEX
8
Visible
10
44.3144
20
88.5110
30
0
0
VERTEX
8
Visible
10
44.3174
20
88.5042
30
0
0
VERTEX
8
Visible
10
44.3205
20
88.4974
30
0
0
VERTEX
8
Visible
10
44.3236
20
88.4906
30
0
0
VERTEX
8
Visible
10
44.3268
20
88.4839
30
0
0
VERTEX
8
Visible
10
44.3301
20
88.4771
30
0
0
VERTEX
8
Visible
10
44.3335
20
88.4704
30
0
0
VERTEX
8
Visible
10
44.3369
20
88.4636
30
0
0
VERTEX
8
Visible
10
44.3404
20
88.4569
30
0
0
VERTEX
8
Visible
10
44.3440
20
88.4502
30
0
0
VERTEX
8
Visible
10
44.3477
20
88.4435
30
0
0
VERTEX
8
Visible
10
44.3514
20
88.4368
30
0
0
VERTEX
8
Visible
10
44.3552
20
88.4301
30
0
0
VERTEX
8
Visible
10
44.3591
20
88.4235
30
0
0
VERTEX
8
Visible
10
44.3630
20
88.4168
30
0
0
VERTEX
8
Visible
10
44.3670
20
88.4102
30
0
0
VERTEX
8
Visible
10
44.3711
20
88.4035
30
0
0
VERTEX
8
Visible
10
44.3753
20
88.3969
30
0
0
VERTEX
8
Visible
10
44.3795
20
88.3903
30
0
0
VERTEX
8
Visible
10
44.3838
20
88.3837
30
0
0
VERTEX
8
Visible
10
44.3882
20
88.3772
30
0
0
VERTEX
8
Visible
10
44.3926
20
88.3706
30
0
0
VERTEX
8
Visible
10
44.3971
20
88.3640
30
0
0
VERTEX
8
Visible
10
44.4017
20
88.3575
30
0
0
VERTEX
8
Visible
10
44.4064
20
88.3510
30
0
0
VERTEX
8
Visible
10
44.4111
20
88.3445
30
0
0
VERTEX
8
Visible
10
44.4159
20
88.3380
30
0
0
VERTEX
8
Visible
10
44.4207
20
88.3316
30
0
0
VERTEX
8
Visible
10
44.4256
20
88.3251
30
0
0
VERTEX
8
Visible
10
44.4306
20
88.3187
30
0
0
VERTEX
8
Visible
10
44.4357
20
88.3123
30
0
0
VERTEX
8
Visible
10
44.4408
20
88.3060
30
0
0
VERTEX
8
Visible
10
44.4460
20
88.2996
30
0
0
VERTEX
8
Visible
10
44.4512
20
88.2933
30
0
0
VERTEX
8
Visible
10
44.4565
20
88.2870
30
0
0
VERTEX
8
Visible
10
44.4619
20
88.2807
30
0
0
VERTEX
8
Visible
10
44.4673
20
88.2744
30
0
0
VERTEX
8
Visible
10
44.4729
20
88.2681
30
0
0
VERTEX
8
Visible
10
44.4784
20
88.2619
30
0
0
VERTEX
8
Visible
10
44.4841
20
88.2557
30
0
0
VERTEX
8
Visible
10
44.4898
20
88.2495
30
0
0
VERTEX
8
Visible
10
44.4955
20
88.2434
30
0
0
VERTEX
8
Visible
10
44.5014
20
88.2372
30
0
0
VERTEX
8
Visible
10
44.5073
20
88.2311
30
0
0
VERTEX
8
Visible
10
44.5132
20
88.2250
30
0
0
VERTEX
8
Visible
10
44.5192
20
88.2190
30
0
0
VERTEX
8
Visible
10
44.5253
20
88.2129
30
0
0
VERTEX
8
Visible
10
44.5315
20
88.2069
30
0
0
VERTEX
8
Visible
10
44.5377
20
88.2009
30
0
0
VERTEX
8
Visible
10
44.5439
20
88.1949
30
0
0
VERTEX
8
Visible
10
44.5503
20
88.1890
30
0
0
VERTEX
8
Visible
10
44.5567
20
88.1831
30
0
0
VERTEX
8
Visible
10
44.5631
20
88.1772
30
0
0
VERTEX
8
Visible
10
44.5696
20
88.1713
30
0
0
VERTEX
8
Visible
10
44.5762
20
88.1655
30
0
0
VERTEX
8
Visible
10
44.5828
20
88.1596
30
0
0
VERTEX
8
Visible
10
44.5895
20
88.1539
30
0
0
VERTEX
8
Visible
10
44.5963
20
88.1481
30
0
0
VERTEX
8
Visible
10
44.6031
20
88.1423
30
0
0
VERTEX
8
Visible
10
44.6100
20
88.1366
30
0
0
VERTEX
8
Visible
10
44.6169
20
88.1310
30
0
0
VERTEX
8
Visible
10
44.6239
20
88.1253
30
0
0
VERTEX
8
Visible
10
44.6309
20
88.1197
30
0
0
VERTEX
8
Visible
10
44.6381
20
88.1141
30
0
0
VERTEX
8
Visible
10
44.6452
20
88.1085
30
0
0
VERTEX
8
Visible
10
44.6524
20
88.1029
30
0
0
VERTEX
8
Visible
10
44.6597
20
88.0974
30
0
0
VERTEX
8
Visible
10
44.6671
20
88.0919
30
0
0
VERTEX
8
Visible
10
44.6745
20
88.0865
30
0
0
VERTEX
8
Visible
10
44.6819
20
88.0810
30
0
0
VERTEX
8
Visible
10
44.6894
20
88.0756
30
0
0
SEQEND
8
Visible
0
POLYLINE
8
Visible
66
1
70
0
10
0
20
0
30
0
0
VERTEX
8
Visible
10
77.6562
20
69.0913
30
0
0
VERTEX
8
Visible
10
77.6677
20
69.0864
30
0
0
VERTEX
8
Visible
10
77.6792
20
69.0815
30
0
0
VERTEX
8
Visible
10
77.6909
20
69.0767
30
0
0
VERTEX
8
Visible
10
77.7027
20
69.0720
30
0
0
VERTEX
8
Visible
10
77.7146
20
69.0674
30
0
0
VERTEX
8
Visible
10
77.7266
20
69.0628
30
0
0
VERTEX
8
Visible
10
77.7387
20
69.0583
30
0
0
VERTEX
8
Visible
10
77.7509
20
69.0539
30
0
0
VERTEX
8
Visible
10
77.7633
20
69.0495
30
0
0
VERTEX
8
Visible
10
77.7757
20
69.0453
30
0
0
VERTEX
8
Visible
10
77.7883
20
69.0411
30
0
0
VERTEX
8
Visible
10
77.8009
20
69.0370
30
0
0
VERTEX
8
Visible
10
77.8137
20
69.0330
30
0
0
VERTEX
8
Visible
10
77.8266
20
69.0290
30
0
0
VERTEX
8
Visible
10
77.8395
20
69.0251
30
0
0
VERTEX
8
Visible
10
77.8526
20
69.0213
30
0
0
VERTEX
8
Visible
10
77.8658
20
69.0176
30
0
0
VERTEX
8
Visible
10
77.8790
20
69.0140
30
0
0
VERTEX
8
Visible
10
77.8924
20
69.0104
30
0
0
VERTEX
8
Visible
10
77.9058
20
69.0070
30
0
0
VERTEX
8
Visible
10
77.9194
20
69.0036
30
0
0
VERTEX
8
Visible
10
77.9330
20
69.0002
30
0
0
VERTEX
8
Visible
10
77.9468
20
68.9970
30
0
0
VERTEX
8
Visible
10
77.9606
20
68.9939
30
0
0
VERTEX
8
Visible
10
77.9745
20
68.9908
30
0
0
VERTEX
8
Visible
10
77.9885
20
68.9878
30
0
0
VERTEX
8
Visible
10
78.0026
20
68.9849
30
0
0
VERTEX
8
Visible
10
78.0168
20
68.9821
30
0
0
VERTEX
8
Visible
10
78.0310
20
68.9793
30
0
0
VERTEX
8
Visible
10
78.0454
20
68.9766
30
0
0
VERTEX
8
Visible
10
78.0598
20
68.9741
30
0
0
VERTEX
8
Visible
10
78.0743
20
68.9716
30
0
0
VERTEX
8
Visible
10
78.0889
20
68.9692
30
0
0
VERTEX
8
Visible
10
78.1036
20
68.9668
30
0
0
VERTEX
8
Visible
10
78.1183
20
68.9646
30
0
0
VERTEX
8
Visible
10
78.1331
20
68.9624
30
0
0
VERTEX
8
Visible
10
78.1480
20
68.9604
30
0
0
VERTEX
8
Visible
10
78.1630
20
68.9584
30
0
0
VERTEX
8
Visible
10
78.1780
20
68.9565
30
0
0
VERTEX
8
Visible
10
78.1930
20
68.9547
30
0
0
VERTEX
8
Visible
10
78.2081
20
68.9530
30
0
0
VERTEX
8
Visible
10
78.2233
20
68.9513
30
0
0
VERTEX
8
Visible
10
78.2385
20
68.9498
30
0
0
VERTEX
8
Visible
10
78.2538
20
68.9483
30
0
0
VERTEX
8
Visible
10
78.2691
20
68.9470
30
0
0
VERTEX
8
Visible
10
78.2845
20
68.9457
30
0
0
VERTEX
8
Visible
10
78.2999
20
68.9445
30
0
0
VERTEX
8
Visible
10
78.3154
20
68.9434
30
0
0
VERTEX
8
Visible
10
78.3309
20
68.9424
30
0
0
VERTEX
8
Visible
10
78.3464
20
68.9414
30
0
0
VERTEX
8
Visible
10
78.3620
20
68.9406
30
0
0
VERTEX
8
Visible
10
78.3776
20
68.9398
30
0
0
VERTEX
8
Visible
10
78.3933
20
68.9392
30
0
0
VERTEX
8
Visible
10
78.4090
20
68.9386
30
0
0
VERTEX
8
Visible
10
78.4247
20
68.9381
30
0
0
VERTEX
8
Visible
10
78.4405
20
68.9377
30
0
0
VERTEX
8
Visible
10
78.4563
20
68.9374
30
0
0
VERTEX
8
Visible
10
78.4721
20
68.9372
30
0
0
VERTEX
8
Visible
10
78.4880
20
68.9370
30
0
0
VERTEX
8
Visible
10
78.5039
20
68.9370
30
0
0
VERTEX
8
Visible
10
78.5198
20
68.9370
30
0
0
VERTEX
8
Visible
10
78.5358
20
68.9371
30
0
0
VERTEX
8
Visible
10
78.5517
20
68.9374
30
0
0
VERTEX
8
Visible
10
78.5677
20
68.9377
30
0
0
VERTEX
8
Visible
10
78.5838
20
68.9381
30
0
0
VERTEX
8
Visible
10
78.5998
20
68.9385
30
0
0
VERTEX
8
Visible
10
78.6159
20
68.9391
30
0
0
VERTEX
8
Visible
10
78.6319
20
68.9398
30
0
0
VERTEX
8
Visible
10
78.6480
20
68.9405
30
0
0
VERTEX
8
Visible
10
78.6642
20
68.9414
30
0
0
VERTEX
8
Visible
10
78.6803
20
68.9423
30
0
0
VERTEX
8
Visible
10
78.6964
20
68.9433
30
0
0
VERTEX
8
Visible
10
78.7125
20
68.9444
30
0
0
VERTEX
8
Visible
10
78.7287
20
68.9456
30
0
0
VERTEX
8
Visible
10
78.7448
20
68.9469
30
0
0
VERTEX
8
Visible
10
78.7609
20
68.9482
30
0
0
VERTEX
8
Visible
10
78.7770
20
68.9497
30
0
0
VERTEX
8
Visible
10
78.7931
20
68.9512
30
0
0
VERTEX
8
Visible
10
78.8091
20
68.9529
30
0
0
VERTEX
8
Visible
10
78.8252
20
68.9546
30
0
0
VERTEX
8
Visible
10
78.8412
20
68.9564
30
0
0
VERTEX
8
Visible
10
78.8573
20
68.9583
30
0
0
VERTEX
8
Visible
10
78.8732
20
68.9602
30
0
0
VERTEX
8
Visible
10
78.8892
20
68.9623
30
0
0
VERTEX
8
Visible
10
78.9052
20
68.9644
30
0
0
VERTEX
8
Visible
10
78.9211
20
68.9667
30
0
0
VERTEX
8
Visible
10
78.9370
20
68.9690
30
0
0
VERTEX
8
Visible
10
78.9529
20
68.9714
30
0
0
VERTEX
8
Visible
10
78.9687
20
68.9738
30
0
0
VERTEX
8
Visible
10
78.9846
20
68.9764
30
0
0
VERTEX
8
Visible
10
79.0004
20
68.9791
30
0
0
VERTEX
8
Visible
10
79.0161
20
68.9818
30
0
0
VERTEX
8
Visible
10
79.0318
20
68.9846
30
0
0
VERTEX
8
Visible
10
79.0475
20
68.9875
30
0
0
VERTEX
8
Visible
10
79.0632
20
68.9905
30
0
0
VERTEX
8
Visible
10
79.0788
20
68.9936
30
0
0
VERTEX
8
Visible
10
79.0944
20
68.9967
30
0
0
VERTEX
8
Visible
10
79.1099
20
68.9999
30
0
0
VERTEX
8
Visible
10
79.1254
20
69.0032
30
0
0
VERTEX
8
Visible
10
79.1409
20
69.0066
30
0
0
VERTEX
8
Visible
10
79.1563
20
69.0101
30
0
0
VERTEX
8
Visible
10
79.1716
20
69.0137
30
0
0
VERTEX
8
Visible
10
79.1869
20
69.0173
30
0
0
VERTEX
8
Visible
10
79.2022
20
69.0210
30
0
0
VERTEX
8
Visible
10
79.2174
20
69.0248
30
0
0
VERTEX
8
Visible
10
79.2326
20
69.0287
30
0
0
VERTEX
8
Visible
10
79.2477
20
69.0326
30
0
0
VERTEX
8
Visible
10
79.2627
20
69.0367
30
0
0
VERTEX
8
Visible
10
79.2777
20
69.0408
30
0
0
VERTEX
8
Visible
10
79.2926
20
69.0450
30
0
0
VERTEX
8
Visible
10
79.3075
20
69.0493
30
0
0
VERTEX
8
Visible
10
79.3223
20
69.0536
30
0
0
VERTEX
8
Visible
10
79.3369
20
69.0580
30
0
0
VERTEX
8
Visible
10
79.3516
20
69.0625
30
0
0
VERTEX
8
Visible
10
79.3661
20
69.0671
30
0
0
VERTEX
8
Visible
10
79.3805
20
69.0717
30
0
0
VERTEX
8
Visible
10
79.3949
20
69.0764
30
0
0
VERTEX
8
Visible
10
79.4092
20
69.0812
30
0
0
VERTEX
8
Visible
10
79.4234
20
69.0860
30
0
0
VERTEX
8
Visible
10
79.4375
20
69.0909
30
0
0
VERTEX
8
Visible
10
79.4516
20
69.0959
30
0
0
VERTEX
8
Visible
10
79.4655
20
69.1010
30
0
0
VERTEX
8
Visible
10
79.4794
20
69.1061
30
0
0
VERTEX
8
Visible
10
79.4932
20
69.1113
30
0
0
VERTEX
8
Visible
10
79.5069
20
69.1165
30
0
0
VERTEX
8
Visible
10
79.5205
20
69.1219
30
0
0
VERTEX
8
Visible
10
79.5340
20
69.1273
30
0
0
VERTEX
8
Visible
10
79.5474
20
69.1327
30
0
0
VERTEX
8
Visible
10
79.5607
20
69.1383
30
0
0
VERTEX
8
Visible
10
79.5739
20
69.1438
30
0
0
VERTEX
8
Visible
10
79.5870
20
69.1495
30
0
0
VERTEX
8
Visible
10
79.6000
20
69.1552
30
0
0
VERTEX
8
Visible
10
79.6129
20
69.1610
30
0
0
VERTEX
8
Visible
10
79.6258
20
69.1669
30
0
0
VERTEX
8
Visible
10
79.6385
20
69.1728
30
0
0
VERTEX
8
Visible
10
79.6511
20
69.1788
30
0
0
VERTEX
8
Visible
10
79.6636
20
69.1848
30
0
0
VERTEX
8
Visible
10
79.6760
20
69.1909
30
0
0
VERTEX
8
Visible
10
79.6883
20
69.1971
30
0
0
VERTEX
8
Visible
10
79.7005
20
69.2033
30
0
0
VERTEX
8
Visible
10
79.7125
20
69.2096
30
0
0
VERTEX
8
Visible
10
79.7245
20
69.2159
30
0
0
VERTEX
8
Visible
10
79.7364
20
69.2223
30
0
0
VERTEX
8
Visible
10
79.7481
20
69.2288
30
0
0
SEQEND
8
Visible
0
POLYLINE
8
Visible
66
1
70
0
10
0
20
0
30
0
0
VERTEX
8
Visible
10
79.7481
20
69.2288
30
0
0
VERTEX
8
Visible
10
79.7484
20
69.2289
30
0
0
VERTEX
8
Visible
10
79.7487
20
69.2291
30
0
0
VERTEX
8
Visible
10
79.7489
20
69.2292
30
0
0
VERTEX
8
Visible
10
79.7492
20
69.2294
30
0
0
VERTEX
8
Visible
10
79.7495
20
69.2295
30
0
0
VERTEX
8
Visible
10
79.7498
20
69.2296
30
0
0
VERTEX
8
Visible
10
79.7501
20
69.2297
30
0
0
VERTEX
8
Visible
10
79.7503
20
69.2298
30
0
0
VERTEX
8
Visible
10
79.7506
20
69.2300
30
0
0
VERTEX
8
Visible
10
79.7509
20
69.2301
30
0
0
VERTEX
8
Visible
10
79.7512
20
69.2302
30
0
0
VERTEX
8
Visible
10
79.7515
20
69.2303
30
0
0
VERTEX
8
Visible
10
79.7517
20
69.2303
30
0
0
VERTEX
8
Visible
10
79.7520
20
69.2304
30
0
0
VERTEX
8
Visible
10
79.7523
20
69.2305
30
0
0
VERTEX
8
Visible
10
79.7526
20
69.2306
30
0
0
VERTEX
8
Visible
10
79.7528
20
69.2307
30
0
0
VERTEX
8
Visible
10
79.7531
20
69.2307
30
0
0
VERTEX
8
Visible
10
79.7534
20
69.2308
30
0
0
VERTEX
8
Visible
10
79.7537
20
69.2308
30
0
0
VERTEX
8
Visible
10
79.7540
20
69.2309
30
0
0
VERTEX
8
Visible
10
79.7542
20
69.2309
30
0
0
VERTEX
8
Visible
10
79.7545
20
69.2310
30
0
0
VERTEX
8
Visible
10
79.7548
20
69.2310
30
0
0
VERTEX
8
Visible
10
79.7550
20
69.2310
30
0
0
VERTEX
8
Visible
10
79.7553
20
69.2311
30
0
0
VERTEX
8
Visible
10
79.7556
20
69.2311
30
0
0
VERTEX
8
Visible
10
79.7559
20
69.2311
30
0
0
VERTEX
8
Visible
10
79.7561
20
69.2311
30
0
0
VERTEX
8
Visible
10
79.7564
20
69.2311
30
0
0
VERTEX
8
Visible
10
79.7567
20
69.2311
30
0
0
VERTEX
8
Visible
10
79.7569
20
69.2311
30
0
0
VERTEX
8
Visible
10
79.7572
20
69.2311
30
0
0
VERTEX
8
Visible
10
79.7575
20
69.2311
30
0
0
VERTEX
8
Visible
10
79.7577
20
69.2311
30
0
0
VERTEX
8
Visible
10
79.7580
20
69.2311
30
0
0
VERTEX
8
Visible
10
79.7583
20
69.2310
30
0
0
VERTEX
8
Visible
10
79.7585
20
69.2310
30
0
0
VERTEX
8
Visible
10
79.7588
20
69.2310
30
0
0
VERTEX
8
Visible
10
79.7591
20
69.2310
30
0
0
VERTEX
8
Visible
10
79.7593
20
69.2309
30
0
0
VERTEX
8
Visible
10
79.7596
20
69.2309
30
0
0
VERTEX
8
Visible
10
79.7598
20
69.2308
30
0
0
VERTEX
8
Visible
10
79.7601
20
69.2308
30
0
0
VERTEX
8
Visible
10
79.7603
20
69.2307
30
0
0
VERTEX
8
Visible
10
79.7606
20
69.2307
30
0
0
VERTEX
8
Visible
10
79.7608
20
69.2306
30
0
0
VERTEX
8
Visible
10
79.7611
20
69.2306
30
0
0
VERTEX
8
Visible
10
79.7613
20
69.2305
30
0
0
VERTEX
8
Visible
10
79.7616
20
69.2304
30
0
0
VERTEX
8
Visible
10
79.7618
20
69.2303
30
0
0
VERTEX
8
Visible
10
79.7621
20
69.2303
30
0
0
VERTEX
8
Visible
10
79.7623
20
69.2302
30
0
0
VERTEX
8
Visible
10
79.7626
20
69.2301
30
0
0
VERTEX
8
Visible
10
79.7628
20
69.2300
30
0
0
VERTEX
8
Visible
10
79.7631
20
69.2299
30
0
0
VERTEX
8
Visible
10
79.7633
20
69.2298
30
0
0
VERTEX
8
Visible
10
79.7635
20
69.2298
30
0
0
VERTEX
8
Visible
10
79.7638
20
69.2297
30
0
0
VERTEX
8
Visible
10
79.7640
20
69.2296
30
0
0
VERTEX
8
Visible
10
79.7642
20
69.2295
30
0
0
VERTEX
8
Visible
10
79.7645
20
69.2294
30
0
0
VERTEX
8
Visible
10
79.7647
20
69.2292
30
0
0
VERTEX
8
Visible
10
79.7649
20
69.2291
30
0
0
VERTEX
8
Visible
10
79.7652
20
69.2290
30
0
0
VERTEX
8
Visible
10
79.7654
20
69.2289
30
0
0
VERTEX
8
Visible
10
79.7656
20
69.2288
30
0
0
VERTEX
8
Visible
10
79.7659
20
69.2287
30
0
0
VERTEX
8
Visible
10
79.7661
20
69.2286
30
0
0
VERTEX
8
Visible
10
79.7663
20
69.2284
30
0
0
VERTEX
8
Visible
10
79.7665
20
69.2283
30
0
0
VERTEX
8
Visible
10
79.7668
20
69.2282
30
0
0
VERTEX
8
Visible
10
79.7670
20
69.2280
30
0
0
VERTEX
8
Visible
10
79.7672
20
69.2279
30
0
0
VERTEX
8
Visible
10
79.7674
20
69.2278
30
0
0
VERTEX
8
Visible
10
79.7676
20
69.2276
30
0
0
VERTEX
8
Visible
10
79.7679
20
69.2275
30
0
0
VERTEX
8
Visible
10
79.7681
20
69.2274
30
0
0
VERTEX
8
Visible
10
79.7683
20
69.2272
30
0
0
VERTEX
8
Visible
10
79.7685
20
69.2271
30
0
0
VERTEX
8
Visible
10
79.7687
20
69.2269
30
0
0
VERTEX
8
Visible
10
79.7689
20
69.2268
30
0
0
VERTEX
8
Visible
10
79.7692
20
69.2266
30
0
0
VERTEX
8
Visible
10
79.7694
20
69.2265
30
0
0
VERTEX
8
Visible
10
79.7696
20
69.2263
30
0
0
VERTEX
8
Visible
10
79.7698
20
69.2262
30
0
0
VERTEX
8
Visible
10
79.7700
20
69.2260
30
0
0
VERTEX
8
Visible
10
79.7702
20
69.2258
30
0
0
VERTEX
8
Visible
10
79.7704
20
69.2257
30
0
0
VERTEX
8
Visible
10
79.7706
20
69.2255
30
0
0
VERTEX
8
Visible
10
79.7708
20
69.2254
30
0
0
VERTEX
8
Visible
10
79.7710
20
69.2252
30
0
0
VERTEX
8
Visible
10
79.7712
20
69.2250
30
0
0
VERTEX
8
Visible
10
79.7714
20
69.2249
30
0
0
VERTEX
8
Visible
10
79.7716
20
69.2247
30
0
0
VERTEX
8
Visible
10
79.7718
20
69.2245
30
0
0
SEQEND
8
Visible
0
POLYLINE
8
Visible
66
1
70
0
10
0
20
0
30
0
0
VERTEX
8
Visible
10
79.7718
20
69.2245
30
0
0
VERTEX
8
Visible
10
79.7738
20
69.2053
30
0
0
VERTEX
8
Visible
10
79.7757
20
69.1860
30
0
0
VERTEX
8
Visible
10
79.7777
20
69.1667
30
0
0
VERTEX
8
Visible
10
79.7796
20
69.1475
30
0
0
VERTEX
8
Visible
10
79.7815
20
69.1282
30
0
0
VERTEX
8
Visible
10
79.7834
20
69.1090
30
0
0
VERTEX
8
Visible
10
79.7853
20
69.0898
30
0
0
VERTEX
8
Visible
10
79.7872
20
69.0705
30
0
0
VERTEX
8
Visible
10
79.7891
20
69.0513
30
0
0
VERTEX
8
Visible
10
79.7909
20
69.0321
30
0
0
VERTEX
8
Visible
10
79.7928
20
69.0129
30
0
0
VERTEX
8
Visible
10
79.7946
20
68.9937
30
0
0
VERTEX
8
Visible
10
79.7964
20
68.9745
30
0
0
VERTEX
8
Visible
10
79.7982
20
68.9553
30
0
0
VERTEX
8
Visible
10
79.8000
20
68.9361
30
0
0
VERTEX
8
Visible
10
79.8017
20
68.9169
30
0
0
SEQEND
8
Visible
0
POLYLINE
8
Visible
66
1
70
1
10
0
20
0
30
0
0
VERTEX
8
Visible
10
60.1748
20
77.8852
30
0
0
VERTEX
8
Visible
10
60.2194
20
77.9087
30
0
0
VERTEX
8
Visible
10
60.2659
20
77.9289
30
0
0
VERTEX
8
Visible
10
60.3141
20
77.9457
30
0
0
VERTEX
8
Visible
10
60.3639
20
77.9591
30
0
0
VERTEX
8
Visible
10
60.4153
20
77.9690
30
0
0
VERTEX
8
Visible
10
60.4681
20
77.9755
30
0
0
VERTEX
8
Visible
10
60.5223
20
77.9785
30
0
0
VERTEX
8
Visible
10
60.5777
20
77.9780
30
0
0
VERTEX
8
Visible
10
60.6342
20
77.9741
30
0
0
VERTEX
8
Visible
10
60.6917
20
77.9667
30
0
0
VERTEX
8
Visible
10
60.7502
20
77.9558
30
0
0
VERTEX
8
Visible
10
60.8095
20
77.9415
30
0
0
VERTEX
8
Visible
10
60.8694
20
77.9238
30
0
0
VERTEX
8
Visible
10
60.9300
20
77.9027
30
0
0
VERTEX
8
Visible
10
60.9910
20
77.8783
30
0
0
VERTEX
8
Visible
10
61.0523
20
77.8506
30
0
0
VERTEX
8
Visible
10
61.1139
20
77.8197
30
0
0
VERTEX
8
Visible
10
61.1756
20
77.7856
30
0
0
VERTEX
8
Visible
10
61.2373
20
77.7484
30
0
0
VERTEX
8
Visible
10
61.2988
20
77.7081
30
0
0
VERTEX
8
Visible
10
61.3601
20
77.6649
30
0
0
VERTEX
8
Visible
10
61.4211
20
77.6188
30
0
0
VERTEX
8
Visible
10
61.4816
20
77.5699
30
0
0
VERTEX
8
Visible
10
61.5415
20
77.5183
30
0
0
VERTEX
8
Visible
10
61.6007
20
77.4641
30
0
0
VERTEX
8
Visible
10
61.6591
20
77.4074
30
0
0
VERTEX
8
Visible
10
61.7166
20
77.3484
30
0
0
VERTEX
8
Visible
10
61.7730
20
77.2870
30
0
0
VERTEX
8
Visible
10
61.8283
20
77.2235
30
0
0
VERTEX
8
Visible
10
61.8823
20
77.1579
30
0
0
VERTEX
8
Visible
10
61.9350
20
77.0905
30
0
0
VERTEX
8
Visible
10
61.9862
20
77.0212
30
0
0
VERTEX
8
Visible
10
62.0359
20
76.9503
30
0
0
VERTEX
8
Visible
10
62.0840
20
76.8779
30
0
0
VERTEX
8
Visible
10
62.1303
20
76.8041
30
0
0
VERTEX
8
Visible
10
62.1748
20
76.7290
30
0
0
VERTEX
8
Visible
10
62.2174
20
76.6529
30
0
0
VERTEX
8
Visible
10
62.2580
20
76.5758
30
0
0
VERTEX
8
Visible
10
62.2965
20
76.4979
30
0
0
VERTEX
8
Visible
10
62.3329
20
76.4193
30
0
0
VERTEX
8
Visible
10
62.3670
20
76.3402
30
0
0
VERTEX
8
Visible
10
62.3990
20
76.2608
30
0
0
VERTEX
8
Visible
10
62.4285
20
76.1811
30
0
0
VERTEX
8
Visible
10
62.4557
20
76.1015
30
0
0
VERTEX
8
Visible
10
62.4805
20
76.0219
30
0
0
VERTEX
8
Visible
10
62.5027
20
75.9425
30
0
0
VERTEX
8
Visible
10
62.5224
20
75.8635
30
0
0
VERTEX
8
Visible
10
62.5396
20
75.7851
30
0
0
VERTEX
8
Visible
10
62.5541
20
75.7074
30
0
0
VERTEX
8
Visible
10
62.5660
20
75.6306
30
0
0
VERTEX
8
Visible
10
62.5753
20
75.5547
30
0
0
VERTEX
8
Visible
10
62.5819
20
75.4800
30
0
0
VERTEX
8
Visible
10
62.5858
20
75.4065
30
0
0
VERTEX
8
Visible
10
62.5871
20
75.3345
30
0
0
VERTEX
8
Visible
10
62.5856
20
75.2640
30
0
0
VERTEX
8
Visible
10
62.5814
20
75.1952
30
0
0
VERTEX
8
Visible
10
62.5746
20
75.1283
30
0
0
VERTEX
8
Visible
10
62.5651
20
75.0633
30
0
0
VERTEX
8
Visible
10
62.5529
20
75.0003
30
0
0
VERTEX
8
Visible
10
62.5382
20
74.9396
30
0
0
VERTEX
8
Visible
10
62.5208
20
74.8811
30
0
0
VERTEX
8
Visible
10
62.5008
20
74.8251
30
0
0
VERTEX
8
Visible
10
62.4784
20
74.7716
30
0
0
VERTEX
8
Visible
10
62.4534
20
74.7207
30
0
0
VERTEX
8
Visible
10
62.4260
20
74.6726
30
0
0
VERTEX
8
Visible
10
62.3962
20
74.6273
30
0
0
VERTEX
8
Visible
10
62.3641
20
74.5848
30
0
0
VERTEX
8
Visible
10
62.3297
20
74.5454
30
0
0
VERTEX
8
Visible
10
62.2931
20
74.5090
30
0
0
VERTEX
8
Visible
10
62.2544
20
74.4758
30
0
0
VERTEX
8
Visible
10
62.2137
20
74.4457
30
0
0
VERTEX
8
Visible
10
62.1709
20
74.4189
30
0
0
VERTEX
8
Visible
10
62.1263
20
74.3954
30
0
0
VERTEX
8
Visible
10
62.0798
20
74.3752
30
0
0
VERTEX
8
Visible
10
62.0316
20
74.3584
30
0
0
VERTEX
8
Visible
10
61.9818
20
74.3450
30
0
0
VERTEX
8
Visible
10
61.9304
20
74.3351
30
0
0
VERTEX
8
Visible
10
61.8776
20
74.3286
30
0
0
VERTEX
8
Visible
10
61.8234
20
74.3256
30
0
0
VERTEX
8
Visible
10
61.7680
20
74.3261
30
0
0
VERTEX
8
Visible
10
61.7115
20
74.3300
30
0
0
VERTEX
8
Visible
10
61.6540
20
74.3374
30
0
0
VERTEX
8
Visible
10
61.5955
20
74.3483
30
0
0
VERTEX
8
Visible
10
61.5362
20
74.3626
30
0
0
VERTEX
8
Visible
10
61.4763
20
74.3803
30
0
0
VERTEX
8
Visible
10
61.4157
20
74.4014
30
0
0
VERTEX
8
Visible
10
61.3547
20
74.4258
30
0
0
VERTEX
8
Visible
10
61.2934
20
74.4535
30
0
0
VERTEX
8
Visible
10
61.2318
20
74.4844
30
0
0
VERTEX
8
Visible
10
61.1701
20
74.5185
30
0
0
VERTEX
8
Visible
10
61.1084
20
74.5558
30
0
0
VERTEX
8
Visible
10
61.0469
20
74.5960
30
0
0
VERTEX
8
Visible
10
60.9855
20
74.6392
30
0
0
VERTEX
8
Visible
10
60.9246
20
74.6853
30
0
0
VERTEX
8
Visible
10
60.8641
20
74.7342
30
0
0
VERTEX
8
Visible
10
60.8042
20
74.7858
30
0
0
VERTEX
8
Visible
10
60.7450
20
74.8400
30
0
0
VERTEX
8
Visible
10
60.6866
20
74.8967
30
0
0
VERTEX
8
Visible
10
60.6291
20
74.9557
30
0
0
VERTEX
8
Visible
10
60.5727
20
75.0171
30
0
0
VERTEX
8
Visible
10
60.5174
20
75.0806
30
0
0
VERTEX
8
Visible
10
60.4634
20
75.1462
30
0
0
VERTEX
8
Visible
10
60.4107
20
75.2136
30
0
0
VERTEX
8
Visible
10
60.3594
20
75.2829
30
0
0
VERTEX
8
Visible
10
60.3098
20
75.3538
30
0
0
VERTEX
8
Visible
10
60.2617
20
75.4262
30
0
0
VERTEX
8
Visible
10
60.2154
20
75.5000
30
0
0
VERTEX
8
Visible
10
60.1709
20
75.5751
30
0
0
VERTEX
8
Visible
10
60.1283
20
75.6512
30
0
0
VERTEX
8
Visible
10
60.0877
20
75.7283
30
0
0
VERTEX
8
Visible
10
60.0492
20
75.8062
30
0
0
VERTEX
8
Visible
10
60.0128
20
75.8848
30
0
0
VERTEX
8
Visible
10
59.9786
20
75.9639
30
0
0
VERTEX
8
Visible
10
59.9467
20
76.0433
30
0
0
VERTEX
8
Visible
10
59.9172
20
76.1230
30
0
0
VERTEX
8
Visible
10
59.8900
20
76.2027
30
0
0
VERTEX
8
Visible
10
59.8652
20
76.2823
30
0
0
VERTEX
8
Visible
10
59.8430
20
76.3616
30
0
0
VERTEX
8
Visible
10
59.8233
20
76.4406
30
0
0
VERTEX
8
Visible
10
59.8061
20
76.5190
30
0
0
VERTEX
8
Visible
10
59.7916
20
76.5967
30
0
0
VERTEX
8
Visible
10
59.7796
20
76.6735
30
0
0
VERTEX
8
Visible
10
59.7704
20
76.7494
30
0
0
VERTEX
8
Visible
10
59.7638
20
76.8241
30
0
0
VERTEX
8
Visible
10
59.7599
20
76.8976
30
0
0
VERTEX
8
Visible
10
59.7586
20
76.9696
30
0
0
VERTEX
8
Visible
10
59.7601
20
77.0401
30
0
0
VERTEX
8
Visible
10
59.7643
20
77.1089
30
0
0
VERTEX
8
Visible
10
59.7711
20
77.1758
30
0
0
VERTEX
8
Visible
10
59.7806
20
77.2408
30
0
0
VERTEX
8
Visible
10
59.7927
20
77.3038
30
0
0
VERTEX
8
Visible
10
59.8075
20
77.3645
30
0
0
VERTEX
8
Visible
10
59.8249
20
77.4230
30
0
0
VERTEX
8
Visible
10
59.8449
20
77.4790
30
0
0
VERTEX
8
Visible
10
59.8673
20
77.5325
30
0
0
VERTEX
8
Visible
10
59.8923
20
77.5834
30
0
0
VERTEX
8
Visible
10
59.9197
20
77.6315
30
0
0
VERTEX
8
Visible
10
59.9495
20
77.6768
30
0
0
VERTEX
8
Visible
10
59.9816
20
77.7193
30
0
0
VERTEX
8
Visible
10
60.0160
20
77.7587
30
0
0
VERTEX
8
Visible
10
60.0525
20
77.7951
30
0
0
VERTEX
8
Visible
10
60.0913
20
77.8283
30
0
0
VERTEX
8
Visible
10
60.1320
20
77.8584
30
0
0
SEQEND
8
Visible
0
LINE
8
Visible
10
80.0393
20
66.3048
30
0
11
80.0411
21
66.3038
31
0
0
LINE
8
Visible
10
80.0393
20
66.3048
30
0
11
79.7718
21
69.2245
31
0
0
POLYLINE
8
Visible
66
1
70
0
10
0
20
0
30
0
0
VERTEX
8
Visible
10
49.7577
20
98.4274
30
0
0
VERTEX
8
Visible
10
49.6935
20
98.3901
30
0
0
VERTEX
8
Visible
10
49.6296
20
98.3523
30
0
0
VERTEX
8
Visible
10
49.5660
20
98.3140
30
0
0
VERTEX
8
Visible
10
49.5027
20
98.2751
30
0
0
VERTEX
8
Visible
10
49.4397
20
98.2358
30
0
0
VERTEX
8
Visible
10
49.3771
20
98.1960
30
0
0
VERTEX
8
Visible
10
49.3147
20
98.1556
30
0
0
VERTEX
8
Visible
10
49.2526
20
98.1148
30
0
0
VERTEX
8
Visible
10
49.1909
20
98.0734
30
0
0
VERTEX
8
Visible
10
49.1295
20
98.0316
30
0
0
VERTEX
8
Visible
10
49.0684
20
97.9893
30
0
0
VERTEX
8
Visible
10
49.0076
20
97.9465
30
0
0
VERTEX
8
Visible
10
48.9471
20
97.9032
30
0
0
VERTEX
8
Visible
10
48.8870
20
97.8594
30
0
0
VERTEX
8
Visible
10
48.8272
20
97.8151
30
0
0
VERTEX
8
Visible
10
48.7677
20
97.7703
30
0
0
VERTEX
8
Visible
10
48.7085
20
97.7251
30
0
0
VERTEX
8
Visible
10
48.6497
20
97.6794
30
0
0
VERTEX
8
Visible
10
48.5912
20
97.6332
30
0
0
VERTEX
8
Visible
10
48.5331
20
97.5865
30
0
0
VERTEX
8
Visible
10
48.4753
20
97.5394
30
0
0
VERTEX
8
Visible
10
48.4178
20
97.4917
30
0
0
VERTEX
8
Visible
10
48.3607
20
97.4437
30
0
0
VERTEX
8
Visible
10
48.3039
20
97.3951
30
0
0
VERTEX
8
Visible
10
48.2475
20
97.3461
30
0
0
VERTEX
8
Visible
10
48.1914
20
97.2966
30
0
0
VERTEX
8
Visible
10
48.1357
20
97.2467
30
0
0
VERTEX
8
Visible
10
48.0804
20
97.1963
30
0
0
VERTEX
8
Visible
10
48.0254
20
97.1455
30
0
0
VERTEX
8
Visible
10
47.9707
20
97.0942
30
0
0
VERTEX
8
Visible
10
47.9165
20
97.0424
30
0
0
VERTEX
8
Visible
10
47.8625
20
96.9902
30
0
0
VERTEX
8
Visible
10
47.8090
20
96.9376
30
0
0
VERTEX
8
Visible
10
47.7558
20
96.8845
30
0
0
VERTEX
8
Visible
10
47.7030
20
96.8309
30
0
0
VERTEX
8
Visible
10
47.6505
20
96.7770
30
0
0
VERTEX
8
Visible
10
47.5984
20
96.7226
30
0
0
VERTEX
8
Visible
10
47.5467
20
96.6677
30
0
0
VERTEX
8
Visible
10
47.4953
20
96.6125
30
0
0
VERTEX
8
Visible
10
47.4443
20
96.5568
30
0
0
VERTEX
8
Visible
10
47.3937
20
96.5007
30
0
0
VERTEX
8
Visible
10
47.3435
20
96.4441
30
0
0
VERTEX
8
Visible
10
47.2936
20
96.3871
30
0
0
VERTEX
8
Visible
10
47.2441
20
96.3298
30
0
0
VERTEX
8
Visible
10
47.1950
20
96.2720
30
0
0
VERTEX
8
Visible
10
47.1463
20
96.2137
30
0
0
VERTEX
8
Visible
10
47.0979
20
96.1551
30
0
0
VERTEX
8
Visible
10
47.0499
20
96.0961
30
0
0
VERTEX
8
Visible
10
47.0023
20
96.0366
30
0
0
VERTEX
8
Visible
10
46.9551
20
95.9768
30
0
0
VERTEX
8
Visible
10
46.9083
20
95.9165
30
0
0
VERTEX
8
Visible
10
46.8618
20
95.8559
30
0
0
VERTEX
8
Visible
10
46.8157
20
95.7949
30
0
0
VERTEX
8
Visible
10
46.7701
20
95.7334
30
0
0
VERTEX
8
Visible
10
46.7248
20
95.6716
30
0
0
VERTEX
8
Visible
10
46.6798
20
95.6094
30
0
0
VERTEX
8
Visible
10
46.6353
20
95.5468
30
0
0
VERTEX
8
Visible
10
46.5912
20
95.4838
30
0
0
VERTEX
8
Visible
10
46.5474
20
95.4204
30
0
0
VERTEX
8
Visible
10
46.5041
20
95.3566
30
0
0
VERTEX
8
Visible
10
46.4611
20
95.2925
30
0
0
VERTEX
8
Visible
10
46.4185
20
95.2280
30
0
0
VERTEX
8
Visible
10
46.3764
20
95.1631
30
0
0
VERTEX
8
Visible
10
46.3346
20
95.0978
30
0
0
VERTEX
8
Visible
10
46.2931
20
95.0322
30
0
0
VERTEX
8
Visible
10
46.2521
20
94.9662
30
0
0
VERTEX
8
Visible
10
46.2115
20
94.8999
30
0
0
VERTEX
8
Visible
10
46.1713
20
94.8332
30
0
0
VERTEX
8
Visible
10
46.1314
20
94.7661
30
0
0
VERTEX
8
Visible
10
46.0920
20
94.6987
30
0
0
VERTEX
8
Visible
10
46.0529
20
94.6309
30
0
0
VERTEX
8
Visible
10
46.0142
20
94.5627
30
0
0
VERTEX
8
Visible
10
45.9760
20
94.4942
30
0
0
VERTEX
8
Visible
10
45.9381
20
94.4254
30
0
0
VERTEX
8
Visible
10
45.9006
20
94.3562
30
0
0
VERTEX
8
Visible
10
45.8635
20
94.2866
30
0
0
VERTEX
8
Visible
10
45.8268
20
94.2168
30
0
0
VERTEX
8
Visible
10
45.7905
20
94.1465
30
0
0
VERTEX
8
Visible
10
45.7546
20
94.0760
30
0
0
VERTEX
8
Visible
10
45.7190
20
94.0051
30
0
0
VERTEX
8
Visible
10
45.6839
20
93.9338
30
0
0
VERTEX
8
Visible
10
45.6492
20
93.8623
30
0
0
VERTEX
8
Visible
10
45.6148
20
93.7904
30
0
0
VERTEX
8
Visible
10
45.5809
20
93.7182
30
0
0
VERTEX
8
Visible
10
45.5473
20
93.6456
30
0
0
VERTEX
8
Visible
10
45.5141
20
93.5727
30
0
0
VERTEX
8
Visible
10
45.4814
20
93.4995
30
0
0
VERTEX
8
Visible
10
45.4490
20
93.4260
30
0
0
VERTEX
8
Visible
10
45.4170
20
93.3522
30
0
0
VERTEX
8
Visible
10
45.3854
20
93.2781
30
0
0
VERTEX
8
Visible
10
45.3542
20
93.2036
30
0
0
VERTEX
8
Visible
10
45.3234
20
93.1288
30
0
0
VERTEX
8
Visible
10
45.2930
20
93.0537
30
0
0
VERTEX
8
Visible
10
45.2630
20
92.9783
30
0
0
VERTEX
8
Visible
10
45.2334
20
92.9026
30
0
0
VERTEX
8
Visible
10
45.2042
20
92.8266
30
0
0
VERTEX
8
Visible
10
45.1753
20
92.7503
30
0
0
VERTEX
8
Visible
10
45.1469
20
92.6737
30
0
0
VERTEX
8
Visible
10
45.1189
20
92.5968
30
0
0
VERTEX
8
Visible
10
45.0912
20
92.5196
30
0
0
VERTEX
8
Visible
10
45.0639
20
92.4421
30
0
0
VERTEX
8
Visible
10
45.0371
20
92.3643
30
0
0
VERTEX
8
Visible
10
45.0106
20
92.2862
30
0
0
VERTEX
8
Visible
10
44.9845
20
92.2079
30
0
0
VERTEX
8
Visible
10
44.9588
20
92.1292
30
0
0
VERTEX
8
Visible
10
44.9335
20
92.0502
30
0
0
VERTEX
8
Visible
10
44.9086
20
91.9710
30
0
0
VERTEX
8
Visible
10
44.8840
20
91.8915
30
0
0
VERTEX
8
Visible
10
44.8599
20
91.8117
30
0
0
VERTEX
8
Visible
10
44.8362
20
91.7316
30
0
0
VERTEX
8
Visible
10
44.8128
20
91.6512
30
0
0
VERTEX
8
Visible
10
44.7898
20
91.5706
30
0
0
VERTEX
8
Visible
10
44.7673
20
91.4897
30
0
0
VERTEX
8
Visible
10
44.7451
20
91.4085
30
0
0
VERTEX
8
Visible
10
44.7233
20
91.3271
30
0
0
VERTEX
8
Visible
10
44.7019
20
91.2454
30
0
0
VERTEX
8
Visible
10
44.6809
20
91.1634
30
0
0
VERTEX
8
Visible
10
44.6602
20
91.0811
30
0
0
VERTEX
8
Visible
10
44.6400
20
90.9986
30
0
0
VERTEX
8
Visible
10
44.6202
20
90.9158
30
0
0
VERTEX
8
Visible
10
44.6007
20
90.8328
30
0
0
VERTEX
8
Visible
10
44.5816
20
90.7495
30
0
0
VERTEX
8
Visible
10
44.5629
20
90.6660
30
0
0
VERTEX
8
Visible
10
44.5446
20
90.5821
30
0
0
VERTEX
8
Visible
10
44.5267
20
90.4981
30
0
0
VERTEX
8
Visible
10
44.5092
20
90.4138
30
0
0
VERTEX
8
Visible
10
44.4921
20
90.3292
30
0
0
VERTEX
8
Visible
10
44.4753
20
90.2444
30
0
0
VERTEX
8
Visible
10
44.4589
20
90.1593
30
0
0
VERTEX
8
Visible
10
44.4430
20
90.0740
30
0
0
VERTEX
8
Visible
10
44.4274
20
89.9885
30
0
0
VERTEX
8
Visible
10
44.4122
20
89.9027
30
0
0
VERTEX
8
Visible
10
44.3973
20
89.8167
30
0
0
VERTEX
8
Visible
10
44.3829
20
89.7304
30
0
0
VERTEX
8
Visible
10
44.3688
20
89.6439
30
0
0
VERTEX
8
Visible
10
44.3552
20
89.5572
30
0
0
VERTEX
8
Visible
10
44.3419
20
89.4702
30
0
0
VERTEX
8
Visible
10
44.3290
20
89.3830
30
0
0
VERTEX
8
Visible
10
44.3164
20
89.2955
30
0
0
VERTEX
8
Visible
10
44.3043
20
89.2079
30
0
0
VERTEX
8
Visible
10
44.2926
20
89.1200
30
0
0
VERTEX
8
Visible
10
44.2812
20
89.0319
30
0
0
VERTEX
8
Visible
10
44.2702
20
88.9435
30
0
0
VERTEX
8
Visible
10
44.2596
20
88.8550
30
0
0
SEQEND
8
Visible
0
LINE
8
Visible
10
43.1463
20
77.9843
30
0
11
44.2586
21
88.8459
31
0
0
LINE
8
Visible
10
49.7577
20
98.4274
30
0
11
51.5255
21
99.4454
31
0
0
ARC
8
Visible
10
37.3787
20
78.7657
30
0
40
5.8215
50
336.9538
51
352.2844
0
ARC
8
Visible
10
11.2324
20
91.3729
30
0
40
34.8878
50
329.4831
51
331.8698
0
ARC
8
Visible
10
27.8492
20
82.5690
30
0
40
16.0825
50
331.6190
51
337.7761
0
ARC
8
Visible
10
40.6673
20
74.0260
30
0
40
0.7218
50
319.9129
51
329.2637
0
ARC
8
Visible
10
74.0031
20
54.4851
30
0
40
0.6426
50
303.3006
51
314.9616
0
ARC
8
Visible
10
66.5664
20
51.2995
30
0
40
19.2123
50
290.3435
51
299.9319
0
POLYLINE
8
Visible
66
1
70
0
10
0
20
0
30
0
0
VERTEX
8
Visible
10
36.7638
20
60.8749
30
0
0
VERTEX
8
Visible
10
36.7606
20
60.5914
30
0
0
VERTEX
8
Visible
10
36.7602
20
60.3105
30
0
0
VERTEX
8
Visible
10
36.7625
20
60.0324
30
0
0
VERTEX
8
Visible
10
36.7675
20
59.7569
30
0
0
VERTEX
8
Visible
10
36.7751
20
59.4839
30
0
0
VERTEX
8
Visible
10
36.7853
20
59.2135
30
0
0
VERTEX
8
Visible
10
36.7980
20
58.9457
30
0
0
VERTEX
8
Visible
10
36.8131
20
58.6803
30
0
0
VERTEX
8
Visible
10
36.8306
20
58.4173
30
0
0
VERTEX
8
Visible
10
36.8505
20
58.1568
30
0
0
VERTEX
8
Visible
10
36.8727
20
57.8986
30
0
0
VERTEX
8
Visible
10
36.8972
20
57.6427
30
0
0
VERTEX
8
Visible
10
36.9238
20
57.3891
30
0
0
VERTEX
8
Visible
10
36.9526
20
57.1377
30
0
0
VERTEX
8
Visible
10
36.9835
20
56.8886
30
0
0
VERTEX
8
Visible
10
37.0165
20
56.6415
30
0
0
VERTEX
8
Visible
10
37.0515
20
56.3967
30
0
0
VERTEX
8
Visible
10
37.0884
20
56.1538
30
0
0
VERTEX
8
Visible
10
37.1272
20
55.9130
30
0
0
VERTEX
8
Visible
10
37.1678
20
55.6743
30
0
0
VERTEX
8
Visible
10
37.2103
20
55.4374
30
0
0
VERTEX
8
Visible
10
37.2545
20
55.2025
30
0
0
VERTEX
8
Visible
10
37.3004
20
54.9695
30
0
0
VERTEX
8
Visible
10
37.3479
20
54.7383
30
0
0
VERTEX
8
Visible
10
37.3970
20
54.5089
30
0
0
VERTEX
8
Visible
10
37.4477
20
54.2813
30
0
0
VERTEX
8
Visible
10
37.4999
20
54.0554
30
0
0
VERTEX
8
Visible
10
37.5534
20
53.8312
30
0
0
VERTEX
8
Visible
10
37.6084
20
53.6086
30
0
0
VERTEX
8
Visible
10
37.6647
20
53.3876
30
0
0
VERTEX
8
Visible
10
37.7223
20
53.1682
30
0
0
VERTEX
8
Visible
10
37.7812
20
52.9503
30
0
0
VERTEX
8
Visible
10
37.8414
20
52.7338
30
0
0
VERTEX
8
Visible
10
37.9029
20
52.5188
30
0
0
VERTEX
8
Visible
10
37.9657
20
52.3052
30
0
0
VERTEX
8
Visible
10
38.0298
20
52.0930
30
0
0
VERTEX
8
Visible
10
38.0951
20
51.8822
30
0
0
VERTEX
8
Visible
10
38.1618
20
51.6728
30
0
0
VERTEX
8
Visible
10
38.2297
20
51.4646
30
0
0
VERTEX
8
Visible
10
38.2989
20
51.2578
30
0
0
VERTEX
8
Visible
10
38.3693
20
51.0523
30
0
0
VERTEX
8
Visible
10
38.4410
20
50.8480
30
0
0
VERTEX
8
Visible
10
38.5140
20
50.6450
30
0
0
VERTEX
8
Visible
10
38.5882
20
50.4432
30
0
0
VERTEX
8
Visible
10
38.6637
20
50.2426
30
0
0
VERTEX
8
Visible
10
38.7404
20
50.0432
30
0
0
VERTEX
8
Visible
10
38.8184
20
49.8449
30
0
0
VERTEX
8
Visible
10
38.8976
20
49.6478
30
0
0
VERTEX
8
Visible
10
38.9781
20
49.4517
30
0
0
VERTEX
8
Visible
10
39.0598
20
49.2567
30
0
0
VERTEX
8
Visible
10
39.1427
20
49.0629
30
0
0
VERTEX
8
Visible
10
39.2268
20
48.8700
30
0
0
VERTEX
8
Visible
10
39.3122
20
48.6781
30
0
0
VERTEX
8
Visible
10
39.3987
20
48.4873
30
0
0
VERTEX
8
Visible
10
39.4865
20
48.2974
30
0
0
VERTEX
8
Visible
10
39.5755
20
48.1085
30
0
0
VERTEX
8
Visible
10
39.6657
20
47.9205
30
0
0
VERTEX
8
Visible
10
39.7571
20
47.7334
30
0
0
VERTEX
8
Visible
10
39.8497
20
47.5472
30
0
0
VERTEX
8
Visible
10
39.9435
20
47.3618
30
0
0
VERTEX
8
Visible
10
40.0385
20
47.1773
30
0
0
VERTEX
8
Visible
10
40.1346
20
46.9936
30
0
0
VERTEX
8
Visible
10
40.2320
20
46.8106
30
0
0
VERTEX
8
Visible
10
40.3305
20
46.6285
30
0
0
VERTEX
8
Visible
10
40.4302
20
46.4471
30
0
0
VERTEX
8
Visible
10
40.5310
20
46.2664
30
0
0
VERTEX
8
Visible
10
40.6330
20
46.0864
30
0
0
VERTEX
8
Visible
10
40.7362
20
45.9071
30
0
0
VERTEX
8
Visible
10
40.8405
20
45.7285
30
0
0
VERTEX
8
Visible
10
40.9460
20
45.5504
30
0
0
VERTEX
8
Visible
10
41.0527
20
45.3731
30
0
0
VERTEX
8
Visible
10
41.1605
20
45.1963
30
0
0
VERTEX
8
Visible
10
41.2695
20
45.0201
30
0
0
VERTEX
8
Visible
10
41.3798
20
44.8446
30
0
0
VERTEX
8
Visible
10
41.4914
20
44.6696
30
0
0
VERTEX
8
Visible
10
41.6042
20
44.4953
30
0
0
VERTEX
8
Visible
10
41.7183
20
44.3215
30
0
0
VERTEX
8
Visible
10
41.8338
20
44.1483
30
0
0
VERTEX
8
Visible
10
41.9506
20
43.9757
30
0
0
VERTEX
8
Visible
10
42.0688
20
43.8037
30
0
0
VERTEX
8
Visible
10
42.1884
20
43.6322
30
0
0
VERTEX
8
Visible
10
42.3094
20
43.4613
30
0
0
VERTEX
8
Visible
10
42.4319
20
43.2909
30
0
0
VERTEX
8
Visible
10
42.5558
20
43.1211
30
0
0
VERTEX
8
Visible
10
42.6813
20
42.9518
30
0
0
VERTEX
8
Visible
10
42.8083
20
42.7831
30
0
0
VERTEX
8
Visible
10
42.9368
20
42.6148
30
0
0
VERTEX
8
Visible
10
43.0669
20
42.4471
30
0
0
VERTEX
8
Visible
10
43.1986
20
42.2799
30
0
0
VERTEX
8
Visible
10
43.3319
20
42.1132
30
0
0
VERTEX
8
Visible
10
43.4668
20
41.9470
30
0
0
VERTEX
8
Visible
10
43.6035
20
41.7813
30
0
0
VERTEX
8
Visible
10
43.7418
20
41.6161
30
0
0
VERTEX
8
Visible
10
43.8818
20
41.4513
30
0
0
VERTEX
8
Visible
10
44.0236
20
41.2870
30
0
0
VERTEX
8
Visible
10
44.1671
20
41.1232
30
0
0
VERTEX
8
Visible
10
44.3125
20
40.9599
30
0
0
VERTEX
8
Visible
10
44.4596
20
40.7970
30
0
0
VERTEX
8
Visible
10
44.6086
20
40.6345
30
0
0
VERTEX
8
Visible
10
44.7594
20
40.4725
30
0
0
VERTEX
8
Visible
10
44.9122
20
40.3109
30
0
0
VERTEX
8
Visible
10
45.0668
20
40.1498
30
0
0
VERTEX
8
Visible
10
45.2234
20
39.9890
30
0
0
VERTEX
8
Visible
10
45.3819
20
39.8287
30
0
0
VERTEX
8
Visible
10
45.5424
20
39.6688
30
0
0
VERTEX
8
Visible
10
45.7049
20
39.5093
30
0
0
VERTEX
8
Visible
10
45.8694
20
39.3502
30
0
0
VERTEX
8
Visible
10
46.0360
20
39.1914
30
0
0
VERTEX
8
Visible
10
46.2047
20
39.0329
30
0
0
VERTEX
8
Visible
10
46.3755
20
38.8746
30
0
0
VERTEX
8
Visible
10
46.5484
20
38.7166
30
0
0
VERTEX
8
Visible
10
46.7237
20
38.5589
30
0
0
VERTEX
8
Visible
10
46.9012
20
38.4016
30
0
0
VERTEX
8
Visible
10
47.0812
20
38.2446
30
0
0
VERTEX
8
Visible
10
47.2636
20
38.0881
30
0
0
VERTEX
8
Visible
10
47.4486
20
37.9321
30
0
0
VERTEX
8
Visible
10
47.6361
20
37.7766
30
0
0
VERTEX
8
Visible
10
47.8263
20
37.6216
30
0
0
VERTEX
8
Visible
10
48.0193
20
37.4673
30
0
0
VERTEX
8
Visible
10
48.2151
20
37.3136
30
0
0
VERTEX
8
Visible
10
48.4137
20
37.1606
30
0
0
VERTEX
8
Visible
10
48.6153
20
37.0084
30
0
0
VERTEX
8
Visible
10
48.8199
20
36.8569
30
0
0
VERTEX
8
Visible
10
49.0276
20
36.7062
30
0
0
VERTEX
8
Visible
10
49.2384
20
36.5563
30
0
0
VERTEX
8
Visible
10
49.4524
20
36.4074
30
0
0
VERTEX
8
Visible
10
49.6698
20
36.2594
30
0
0
VERTEX
8
Visible
10
49.8904
20
36.1124
30
0
0
VERTEX
8
Visible
10
50.1145
20
35.9664
30
0
0
VERTEX
8
Visible
10
50.3421
20
35.8214
30
0
0
VERTEX
8
Visible
10
50.5732
20
35.6776
30
0
0
VERTEX
8
Visible
10
50.8080
20
35.5349
30
0
0
VERTEX
8
Visible
10
51.0464
20
35.3934
30
0
0
VERTEX
8
Visible
10
51.2886
20
35.2531
30
0
0
VERTEX
8
Visible
10
51.5347
20
35.1141
30
0
0
VERTEX
8
Visible
10
51.7846
20
34.9764
30
0
0
VERTEX
8
Visible
10
52.0385
20
34.8400
30
0
0
VERTEX
8
Visible
10
52.2964
20
34.7051
30
0
0
VERTEX
8
Visible
10
52.5585
20
34.5716
30
0
0
VERTEX
8
Visible
10
52.8247
20
34.4395
30
0
0
VERTEX
8
Visible
10
53.0951
20
34.3090
30
0
0
VERTEX
8
Visible
10
53.3699
20
34.1800
30
0
0
VERTEX
8
Visible
10
53.6490
20
34.0526
30
0
0
VERTEX
8
Visible
10
53.9325
20
33.9269
30
0
0
VERTEX
8
Visible
10
54.2206
20
33.8028
30
0
0
VERTEX
8
Visible
10
54.5132
20
33.6805
30
0
0
VERTEX
8
Visible
10
54.8108
20
33.5600
30
0
0
VERTEX
8
Visible
10
55.1135
20
33.4415
30
0
0
VERTEX
8
Visible
10
55.4214
20
33.3251
30
0
0
VERTEX
8
Visible
10
55.7345
20
33.2112
30
0
0
VERTEX
8
Visible
10
56.0528
20
33.0998
30
0
0
VERTEX
8
Visible
10
56.3763
20
32.9913
30
0
0
VERTEX
8
Visible
10
56.7050
20
32.8857
30
0
0
VERTEX
8
Visible
10
57.0389
20
32.7833
30
0
0
VERTEX
8
Visible
10
57.3780
20
32.6843
30
0
0
VERTEX
8
Visible
10
57.7224
20
32.5888
30
0
0
VERTEX
8
Visible
10
58.0719
20
32.4972
30
0
0
VERTEX
8
Visible
10
58.4268
20
32.4095
30
0
0
VERTEX
8
Visible
10
58.7868
20
32.3260
30
0
0
VERTEX
8
Visible
10
59.1522
20
32.2468
30
0
0
VERTEX
8
Visible
10
59.5227
20
32.1723
30
0
0
VERTEX
8
Visible
10
59.8986
20
32.1025
30
0
0
VERTEX
8
Visible
10
60.2797
20
32.0376
30
0
0
VERTEX
8
Visible
10
60.6661
20
31.9779
30
0
0
VERTEX
8
Visible
10
61.0578
20
31.9236
30
0
0
VERTEX
8
Visible
10
61.4548
20
31.8749
30
0
0
VERTEX
8
Visible
10
61.8571
20
31.8319
30
0
0
VERTEX
8
Visible
10
62.2647
20
31.7948
30
0
0
VERTEX
8
Visible
10
62.6776
20
31.7640
30
0
0
VERTEX
8
Visible
10
63.0959
20
31.7394
30
0
0
VERTEX
8
Visible
10
63.5195
20
31.7214
30
0
0
VERTEX
8
Visible
10
63.9484
20
31.7102
30
0
0
VERTEX
8
Visible
10
64.3826
20
31.7059
30
0
0
VERTEX
8
Visible
10
64.8221
20
31.7092
30
0
0
VERTEX
8
Visible
10
65.2664
20
31.7204
30
0
0
VERTEX
8
Visible
10
65.7153
20
31.7398
30
0
0
VERTEX
8
Visible
10
66.1684
20
31.7674
30
0
0
VERTEX
8
Visible
10
66.6254
20
31.8034
30
0
0
VERTEX
8
Visible
10
67.0859
20
31.8481
30
0
0
VERTEX
8
Visible
10
67.5496
20
31.9015
30
0
0
VERTEX
8
Visible
10
68.0163
20
31.9639
30
0
0
VERTEX
8
Visible
10
68.4855
20
32.0353
30
0
0
VERTEX
8
Visible
10
68.9569
20
32.1160
30
0
0
VERTEX
8
Visible
10
69.4302
20
32.2061
30
0
0
VERTEX
8
Visible
10
69.9051
20
32.3058
30
0
0
VERTEX
8
Visible
10
70.3813
20
32.4153
30
0
0
VERTEX
8
Visible
10
70.8583
20
32.5346
30
0
0
VERTEX
8
Visible
10
71.3359
20
32.6640
30
0
0
VERTEX
8
Visible
10
71.8138
20
32.8037
30
0
0
VERTEX
8
Visible
10
72.2916
20
32.9537
30
0
0
VERTEX
8
Visible
10
72.7689
20
33.1143
30
0
0
VERTEX
8
Visible
10
73.2455
20
33.2856
30
0
0
SEQEND
8
Visible
0
ARC
8
Visible
10
-3.6047
20
167.8534
30
0
40
138.0268
50
301.2598
51
304.3891
0
ARC
8
Visible
10
57.0040
20
61.0397
30
0
40
20.1527
50
141.5758
51
168.5970
0
ARC
8
Visible
10
57.7476
20
60.5501
30
0
40
20.9863
50
167.6882
51
179.1133
0
ARC
8
Visible
10
37.7525
20
100.9471
30
0
40
59.3745
50
299.9440
51
300.6479
0
LINE
8
Visible
10
76.1528
20
34.6498
30
0
11
77.3711
21
35.3514
31
0
0
POLYLINE
8
FRAME
66
1
70
1
10
0
20
0
30
0
0
VERTEX
8
FRAME
10
10.0000
20
200.0000
30
0
0
VERTEX
8
FRAME
10
287.0000
20
200.0000
30
0
0
VERTEX
8
FRAME
10
287.0000
20
10.0000
30
0
0
VERTEX
8
FRAME
10
10.0000
20
10.0000
30
0
0
SEQEND
8
FRAME
0
POLYLINE
8
FRAME
66
1
70
1
10
0
20
0
30
0
0
VERTEX
8
FRAME
10
117.0000
20
34.6800
30
0
0
VERTEX
8
FRAME
10
287.0000
20
34.6800
30
0
0
VERTEX
8
FRAME
10
287.0000
20
10.0000
30
0
0
VERTEX
8
FRAME
10
117.0000
20
10.0000
30
0
0
SEQEND
8
FRAME
0
LINE
8
FRAME
10
157.8680
20
34.6800
30
0
11
157.8680
21
10.0000
31
0
0
LINE
8
FRAME
10
198.6170
20
34.6800
30
0
11
198.6170
21
10.0000
31
0
0
LINE
8
FRAME
10
246.1320
20
34.6800
30
0
11
246.1320
21
10.0000
31
0
0
LINE
8
FRAME
10
141.5480
20
26.4542
30
0
11
141.5480
21
10.0000
31
0
0
LINE
8
FRAME
10
178.1830
20
22.3400
30
0
11
178.1830
21
14.2450
31
0
0
LINE
8
FRAME
10
214.4780
20
26.4542
30
0
11
214.4780
21
18.2925
31
0
0
LINE
8
FRAME
10
230.3390
20
26.4542
30
0
11
230.3390
21
18.2925
31
0
0
LINE
8
FRAME
10
222.3660
20
18.2925
30
0
11
222.3660
21
10.0000
31
0
0
LINE
8
FRAME
10
258.4060
20
18.2925
30
0
11
258.4060
21
10.0000
31
0
0
LINE
8
FRAME
10
270.6120
20
26.4542
30
0
11
270.6120
21
10.0000
31
0
0
LINE
8
FRAME
10
117.0000
20
26.4542
30
0
11
157.8680
21
26.4542
31
0
0
LINE
8
FRAME
10
198.6170
20
26.4542
30
0
11
287.0000
21
26.4542
31
0
0
LINE
8
FRAME
10
198.6170
20
18.2925
30
0
11
270.6120
21
18.2925
31
0
0
LINE
8
FRAME
10
117.0000
20
22.3400
30
0
11
198.6170
21
22.3400
31
0
0
LINE
8
FRAME
10
117.0000
20
18.2925
30
0
11
157.8680
21
18.2925
31
0
0
LINE
8
FRAME
10
117.0000
20
14.2450
30
0
11
198.6170
21
14.2450
31
0
0
TEXT
8
TITLE
10
137.4340
20
31.1014
30
0
40
1.6500
1
BREAK ALL SHARP EDGES AND REMOVE
72
1
73
0
11
137.4340
21
31.1014
31
0
7
STANDARD
0
TEXT
8
TITLE
10
137.4340
20
28.7074
30
0
40
1.6500
1
BURRS
72
1
73
0
11
137.4340
21
28.7074
31
0
7
STANDARD
0
TEXT
8
TITLE
10
129.2740
20
23.8064
30
0
40
1.6500
1
APPROVALS
72
1
73
0
11
129.2740
21
23.8064
31
0
7
STANDARD
0
TEXT
8
TITLE
10
149.7080
20
23.8064
30
0
40
1.6500
1
DATE
72
1
73
0
11
149.7080
21
23.8064
31
0
7
STANDARD
0
TEXT
8
TITLE
10
117.9000
20
19.7112
30
0
40
1.6900
1
DESIGN
72
0
73
0
11
117.9000
21
19.7112
31
0
7
STANDARD
0
TEXT
8
TITLE
10
135.6490
20
19.7255
30
0
40
1.6500
1
NAME
72
1
73
0
11
135.6490
21
19.7255
31
0
7
STANDARD
0
TEXT
8
TITLE
10
149.7080
20
19.7255
30
0
40
1.6500
1
YYYY/MM/DD
72
1
73
0
11
149.7080
21
19.7255
31
0
7
STANDARD
0
TEXT
8
TITLE
10
117.9000
20
15.6637
30
0
40
1.6900
1
DRAWN
72
0
73
0
11
117.9000
21
15.6637
31
0
7
STANDARD
0
TEXT
8
TITLE
10
135.6490
20
15.6780
30
0
40
1.6500
1
NAME
72
1
73
0
11
135.6490
21
15.6780
31
0
7
STANDARD
0
TEXT
8
TITLE
10
149.7080
20
15.6780
30
0
40
1.6500
1
YYYY/MM/DD
72
1
73
0
11
149.7080
21
15.6780
31
0
7
STANDARD
0
TEXT
8
TITLE
10
117.9000
20
11.5175
30
0
40
1.6900
1
APPROVED
72
0
73
0
11
117.9000
21
11.5175
31
0
7
STANDARD
0
TEXT
8
TITLE
10
135.6490
20
11.5318
30
0
40
1.6500
1
NAME
72
1
73
0
11
135.6490
21
11.5318
31
0
7
STANDARD
0
TEXT
8
TITLE
10
149.7080
20
11.5318
30
0
40
1.6500
1
YYYY/MM/DD
72
1
73
0
11
149.7080
21
11.5318
31
0
7
STANDARD
0
TEXT
8
TITLE
10
158.7680
20
32.1626
30
0
40
1.4800
1
UNLESS OTHERWISE SPECIFIED DIMENSIONS
72
0
73
0
11
158.7680
21
32.1626
31
0
7
STANDARD
0
TEXT
8
TITLE
10
158.7680
20
29.7687
30
0
40
1.4800
1
ARE IN MILLIMETERS TOLERANCES ARE:
72
0
73
0
11
158.7680
21
29.7687
31
0
7
STANDARD
0
TEXT
8
TITLE
10
172.5900
20
27.1279
30
0
40
1.2000
1
+-
72
0
73
0
11
172.5900
21
27.1279
31
0
7
STANDARD
0
TEXT
8
TITLE
10
174.9700
20
27.1279
30
0
40
1.2000
1
x.x
72
0
73
0
11
174.9700
21
27.1279
31
0
7
STANDARD
0
TEXT
8
TITLE
10
174.9700
20
25.2522
30
0
40
1.2000
1
x.xx
72
0
73
0
11
174.9700
21
25.2522
31
0
7
STANDARD
0
TEXT
8
TITLE
10
174.9700
20
23.5246
30
0
40
1.2000
1
x.xxx
72
0
73
0
11
174.9700
21
23.5246
31
0
7
STANDARD
0
TEXT
8
TITLE
10
180.2400
20
27.1279
30
0
40
1.2000
1
0.1
72
0
73
0
11
180.2400
21
27.1279
31
0
7
STANDARD
0
TEXT
8
TITLE
10
180.2400
20
25.2522
30
0
40
1.2000
1
0.05
72
0
73
0
11
180.2400
21
25.2522
31
0
7
STANDARD
0
TEXT
8
TITLE
10
180.2400
20
23.5246
30
0
40
1.2000
1
0.02
72
0
73
0
11
180.2400
21
23.5246
31
0
7
STANDARD
0
TEXT
8
TITLE
10
158.6680
20
19.8226
30
0
40
1.6500
1
SCALE
72
0
73
0
11
158.6680
21
19.8226
31
0
7
STANDARD
0
TEXT
8
TITLE
10
168.0255
20
16.2440
30
0
40
2.2100
1
1:1
72
1
73
0
11
168.0255
21
16.2440
31
0
7
STANDARD
0
LINE
8
FRAME
10
189.1853
20
18.3334
30
0
11
191.2464
21
18.3334
31
0
0
LINE
8
FRAME
10
194.2533
20
18.3334
30
0
11
196.2709
21
18.3334
31
0
0
LINE
8
FRAME
10
192.1533
20
18.3334
30
0
11
193.2442
21
18.3334
31
0
0
LINE
8
FRAME
10
192.6988
20
21.2130
30
0
11
192.6988
21
19.8478
31
0
0
LINE
8
FRAME
10
192.6988
20
16.8409
30
0
11
192.6988
21
15.4539
31
0
0
LINE
8
FRAME
10
192.6988
20
18.9407
30
0
11
192.6988
21
17.8499
31
0
0
LINE
8
FRAME
10
180.4816
20
18.3334
30
0
11
182.5427
21
18.3334
31
0
0
LINE
8
FRAME
10
185.5495
20
18.3334
30
0
11
187.5671
21
18.3334
31
0
0
LINE
8
FRAME
10
183.4496
20
18.3334
30
0
11
184.5405
21
18.3334
31
0
0
POLYLINE
8
FRAME
66
1
70
1
10
0
20
0
30
0
0
VERTEX
8
FRAME
10
186.1518
20
20.3789
30
0
0
VERTEX
8
FRAME
10
186.1518
20
16.2881
30
0
0
VERTEX
8
FRAME
10
181.8967
20
17.3108
30
0
0
VERTEX
8
FRAME
10
181.8967
20
19.3563
30
0
0
SEQEND
8
FRAME
0
TEXT
8
TITLE
10
178.2425
20
11.4602
30
0
40
1.8500
1
DO NOT SCALE DRAWING
72
1
73
0
11
178.2425
21
11.4602
31
0
7
STANDARD
0
TEXT
8
TITLE
10
199.4170
20
32.1800
30
0
40
1.6500
1
TITLE
72
0
73
0
11
199.4170
21
32.1800
31
0
7
STANDARD
0
TEXT
8
TITLE
10
222.3745
20
28.4695
30
0
40
3.3400
1
TITLE
72
1
73
0
11
222.3745
21
28.4695
31
0
7
STANDARD
0
TEXT
8
TITLE
10
246.9320
20
32.1800
30
0
40
1.6500
1
PROJECT
72
0
73
0
11
246.9320
21
32.1800
31
0
7
STANDARD
0
TEXT
8
TITLE
10
266.5660
20
28.4695
30
0
40
3.3400
1
PROJECT 1
72
1
73
0
11
266.5660
21
28.4695
31
0
7
STANDARD
0
TEXT
8
TITLE
10
199.4170
20
23.9542
30
0
40
1.6500
1
SIZE
72
0
73
0
11
199.4170
21
23.9542
31
0
7
STANDARD
0
TEXT
8
TITLE
10
206.5475
20
20.2921
30
0
40
2.2400
1
A4
72
1
73
0
11
206.5475
21
20.2921
31
0
7
STANDARD
0
TEXT
8
TITLE
10
215.2780
20
23.9542
30
0
40
1.6500
1
VERSION
72
0
73
0
11
215.2780
21
23.9542
31
0
7
STANDARD
0
TEXT
8
TITLE
10
222.4085
20
20.2921
30
0
40
2.2400
1
VER.
72
1
73
0
11
222.4085
21
20.2921
31
0
7
STANDARD
0
TEXT
8
TITLE
10
231.1390
20
23.9542
30
0
40
1.6500
1
PART NO.
72
0
73
0
11
231.1390
21
23.9542
31
0
7
STANDARD
0
TEXT
8
TITLE
10
238.2355
20
20.2921
30
0
40
2.2400
1
NO.
72
1
73
0
11
238.2355
21
20.2921
31
0
7
STANDARD
0
TEXT
8
TITLE
10
246.9320
20
23.9542
30
0
40
1.6500
1
DRAWING NO.
72
0
73
0
11
246.9320
21
23.9542
31
0
7
STANDARD
0
TEXT
8
TITLE
10
258.3720
20
20.2921
30
0
40
2.2400
1
PRJ-VER-PRT-XX
72
1
73
0
11
258.3720
21
20.2921
31
0
7
STANDARD
0
TEXT
8
TITLE
10
199.4170
20
15.7925
30
0
40
1.6500
1
MATERIAL
72
0
73
0
11
199.4170
21
15.7925
31
0
7
STANDARD
0
TEXT
8
TITLE
10
210.4915
20
12.0317
30
0
40
2.2400
1
MATERIAL
72
1
73
0
11
210.4915
21
12.0317
31
0
7
STANDARD
0
TEXT
8
TITLE
10
223.1660
20
15.7925
30
0
40
1.6500
1
FINISH
72
0
73
0
11
223.1660
21
15.7925
31
0
7
STANDARD
0
TEXT
8
TITLE
10
234.2490
20
12.0317
30
0
40
2.2400
1
FINISH
72
1
73
0
11
234.2490
21
12.0317
31
0
7
STANDARD
0
TEXT
8
TITLE
10
246.9320
20
15.7925
30
0
40
1.6500
1
COLOR
72
0
73
0
11
246.9320
21
15.7925
31
0
7
STANDARD
0
TEXT
8
TITLE
10
252.2690
20
12.0317
30
0
40
2.2400
1
COLOR
72
1
73
0
11
252.2690
21
12.0317
31
0
7
STANDARD
0
TEXT
8
TITLE
10
259.2060
20
15.7925
30
0
40
1.6500
1
SHEET
72
0
73
0
11
259.2060
21
15.7925
31
0
7
STANDARD
0
TEXT
8
TITLE
10
264.5090
20
12.0317
30
0
40
2.2400
1
1 OF 1
72
1
73
0
11
264.5090
21
12.0317
31
0
7
STANDARD
0
DIMENSION
8
DIMENSIONS
2
*D1
11
180.3443
21
194.3922
31
0
12
0
22
0
32
0
3
ISO-DM
10
152.1400
20
163.1925
30
0
70
164
15
167.1131
25
183.2126
35
0
42
25.0000
40
0
1
<>
1001
ACAD
1000
DSTYLE
1002
{
1070
41
1040
2.5000
1070
140
1040
3.5278
1070
147
1040
1.0583
1070
271
1070
2
1070
40
1040
1.0000
1070
174
1070
0
1070
172
1070
0
1070
141
1040
0.8750
1002
}
0
DIMENSION
8
DIMENSIONS
2
*D2
11
114.8705
21
116.4178
31
0
12
0
22
0
32
0
3
ISO-DM
10
152.1400
20
163.1925
30
0
70
164
15
137.7116
25
141.3233
35
0
42
26.2000
40
0
1
<>
1001
ACAD
1000
DSTYLE
1002
{
1070
41
1040
2.5000
1070
140
1040
3.5278
1070
147
1040
1.0583
1070
271
1070
2
1070
40
1040
1.0000
1070
174
1070
0
1070
172
1070
0
1070
141
1040
0.8750
1002
}
0
DIMENSION
8
DIMENSIONS
2
*D3
11
192.8175
21
124.7648
31
0
12
0
22
0
32
0
3
ISO-DM
10
152.1400
20
140.6925
30
0
70
164
15
176.8692
25
128.6626
35
0
42
27.5000
40
0
1
<>
1001
ACAD
1000
DSTYLE
1002
{
1070
41
1040
2.5000
1070
140
1040
3.5278
1070
147
1040
1.0583
1070
271
1070
2
1070
40
1040
1.0000
1070
174
1070
0
1070
172
1070
0
1070
141
1040
0.8750
1002
}
0
DIMENSION
8
DIMENSIONS
2
*D4
11
221.1863
21
103.1827
31
0
12
0
22
0
32
0
3
ISO-DM
10
231.4678
20
124.1925
30
0
70
164
15
229.4330
25
114.4017
35
0
42
10.0000
40
0
1
<>
1001
ACAD
1000
DSTYLE
1002
{
1070
41
1040
2.5000
1070
140
1040
3.5278
1070
147
1040
1.0583
1070
271
1070
2
1070
40
1040
1.0000
1070
174
1070
0
1070
172
1070
0
1070
141
1040
0.8750
1002
}
0
DIMENSION
8
DIMENSIONS
2
*D5
11
152.1400
21
35.9804
31
0
12
0
22
0
32
0
3
ISO-DM
10
124.6400
20
34.8868
30
0
70
160
13
124.6400
23
66.3868
33
0
14
179.6400
24
66.3868
34
0
50
0.0000
42
55.0000
1
<>
1001
ACAD
1000
DSTYLE
1002
{
1070
41
1040
2.5000
1070
140
1040
3.5278
1070
147
1040
1.0583
1070
271
1070
2
1070
40
1040
1.0000
1002
}
0
DIMENSION
8
DIMENSIONS
2
*D6
11
80.2670
21
193.0465
31
0
12
0
22
0
32
0
3
ISO-DM
10
67.8678
20
191.9529
30
0
70
160
13
67.8678
23
188.1925
33
0
14
92.6662
24
134.1925
34
0
50
0.0000
42
24.7984
1
<>
1001
ACAD
1000
DSTYLE
1002
{
1070
41
1040
2.5000
1070
140
1040
3.5278
1070
147
1040
1.0583
1070
271
1070
2
1070
40
1040
1.0000
1002
}
0
DIMENSION
8
DIMENSIONS
2
*D7
11
70.7127
21
201.7904
31
0
12
0
22
0
32
0
3
ISO-DM
10
48.7591
20
200.6968
30
0
70
160
13
48.7591
23
133.2373
33
0
14
92.6662
24
134.1925
34
0
50
0.0000
42
43.9071
1
<>
1001
ACAD
1000
DSTYLE
1002
{
1070
41
1040
2.5000
1070
140
1040
3.5278
1070
147
1040
1.0583
1070
271
1070
2
1070
40
1040
1.0000
1002
}
0
DIMENSION
8
DIMENSIONS
2
*D8
11
104.1645
21
118.7812
31
0
12
0
22
0
32
0
3
ISO-DM
10
68.8678
20
137.1090
30
0
70
164
15
88.9359
25
123.9457
35
0
42
24.0000
40
0
1
<>
1001
ACAD
1000
DSTYLE
1002
{
1070
41
1040
2.5000
1070
140
1040
3.5278
1070
147
1040
1.0583
1070
271
1070
2
1070
40
1040
1.0000
1070
174
1070
0
1070
172
1070
0
1070
141
1040
0.8750
1002
}
0
DIMENSION
8
DIMENSIONS
2
*D9
11
36.2990
21
117.9040
31
0
12
0
22
0
32
0
3
ISO-DM
10
68.7591
20
133.2373
30
0
70
164
15
51.7122
25
122.7777
35
0
42
20.0000
40
0
1
<>
1001
ACAD
1000
DSTYLE
1002
{
1070
41
1040
2.5000
1070
140
1040
3.5278
1070
147
1040
1.0583
1070
271
1070
2
1070
40
1040
1.0000
1070
174
1070
0
1070
172
1070
0
1070
141
1040
0.8750
1002
}
0
DIMENSION
8
DIMENSIONS
2
*D10
11
32.5040
21
183.3517
31
0
12
0
22
0
32
0
3
ISO-DM
10
72.7687
20
169.0828
30
0
70
164
15
54.0795
25
176.2042
35
0
42
20.0000
40
0
1
<>
1001
ACAD
1000
DSTYLE
1002
{
1070
41
1040
2.5000
1070
140
1040
3.5278
1070
147
1040
1.0583
1070
271
1070
2
1070
40
1040
1.0000
1070
174
1070
0
1070
172
1070
0
1070
141
1040
0.8750
1002
}
0
DIMENSION
8
DIMENSIONS
2
*D11
11
114.3694
21
58.5934
31
0
12
0
22
0
32
0
3
ISO-DM
10
128.8341
20
64.3808
30
0
70
164
15
127.6130
25
63.5197
35
0
42
1.4942
40
0
1
<>
1001
ACAD
1000
DSTYLE
1002
{
1070
41
1040
2.5000
1070
140
1040
3.5278
1070
147
1040
1.0583
1070
271
1070
2
1070
40
1040
1.0000
1070
174
1070
0
1070
172
1070
0
1070
141
1040
0.8750
1002
}
0
ENDSEC
0
EOF
