0
SECTION
2
HEADER
9
$ACADVER
1
AC1009
9
$INSUNITS
70
4
9
$MEASUREMENT
70
1
9
$DIMSTYLE
2
ISO-DM
0
ENDSEC
0
SECTION
2
TABLES
0
TABLE
2
LTYPE
70
4
0
LTYPE
2
CONTINUOUS
70
0
3
Solid line
72
65
73
0
40
0.0000
0
LTYPE
2
HIDDEN
70
0
3
Hidden __ __ __
72
65
73
2
40
4.5000
49
3.0000
49
-1.5000
0
LTYPE
2
CENTER
70
0
3
Center ____ _ ____
72
65
73
4
40
14.0000
49
9.5000
49
-1.5000
49
1.5000
49
-1.5000
0
LTYPE
2
PHANTOM
70
0
3
Phantom ___ _ _ ___
72
65
73
6
40
20.0000
49
12.5000
49
-1.5000
49
1.5000
49
-1.5000
49
1.5000
49
-1.5000
0
ENDTAB
0
TABLE
2
LAYER
70
11
0
LAYER
2
0
70
0
62
7
6
CONTINUOUS
0
LAYER
2
DIMENSIONS
70
0
62
7
6
CONTINUOUS
0
LAYER
2
Smart_Centers
70
0
62
7
6
CENTER
0
LAYER
2
Breakout_Section
70
0
62
7
6
CONTINUOUS
0
LAYER
2
Edge_Extensions
70
0
62
7
6
CONTINUOUS
0
LAYER
2
Visible
70
0
62
7
6
CONTINUOUS
0
LAYER
2
SECTION
70
0
62
7
6
CONTINUOUS
0
LAYER
2
HATCH
70
0
62
7
6
CONTINUOUS
0
LAYER
2
View_Labels
70
0
62
7
6
CONTINUOUS
0
LAYER
2
FRAME
70
0
62
7
6
CONTINUOUS
0
LAYER
2
TITLE
70
0
62
7
6
CONTINUOUS
0
ENDTAB
0
TABLE
2
STYLE
70
2
0
STYLE
2
STANDARD
70
0
40
0
41
1
50
0
71
0
42
2.5
3
txt
4

0
STYLE
2
BOLD
70
0
40
0
41
1
50
0
71
0
42
2.5
3
ARIALBD.TTF
4

0
ENDTAB
0
TABLE
2
DIMSTYLE
70
1
0
DIMSTYLE
2
ISO-DM
70
0
3

4

140
3.5000
141
2.5000
147
1.0000
41
2.5000
42
1.0000
44
2.5000
271
2
73
0
74
0
77
1
0
ENDTAB
0
ENDSEC
0
SECTION
2
BLOCKS
0
BLOCK
8
0
2
*D1
70
1
10
0
20
0
30
0
3
*D1
1

0
LINE
8
DIMENSIONS
10
35.4363
20
159.7463
30
0
11
35.4363
21
166.6463
31
0
0
LINE
8
DIMENSIONS
10
56.5450
20
105.7911
30
0
11
56.5450
21
166.6463
31
0
0
LINE
8
DIMENSIONS
10
35.4363
20
165.1463
30
0
11
56.5450
21
165.1463
31
0
0
SOLID
8
DIMENSIONS
10
35.4363
20
165.1463
30
0
11
37.9363
21
164.7297
31
0
12
37.9363
22
165.5630
32
0
13
37.9363
23
165.5630
33
0
0
SOLID
8
DIMENSIONS
10
56.5450
20
165.1463
30
0
11
54.0450
21
165.5630
31
0
12
54.0450
22
164.7297
32
0
13
54.0450
23
164.7297
33
0
0
TEXT
8
DIMENSIONS
10
45.9906
20
166.2047
30
0
40
3.5278
1
21.11
72
1
73
0
11
45.9906
21
166.2047
31
0
7
STANDARD
0
ENDBLK
8
0
0
BLOCK
8
0
2
*D2
70
1
10
0
20
0
30
0
3
*D2
1

0
LINE
8
DIMENSIONS
10
128.2182
20
137.9463
30
0
11
145.0403
21
137.9463
31
0
0
LINE
8
DIMENSIONS
10
128.5495
20
137.1463
30
0
11
145.0403
21
137.1463
31
0
0
LINE
8
DIMENSIONS
10
143.5403
20
137.1463
30
0
11
143.5403
21
137.9463
31
0
0
LINE
8
DIMENSIONS
10
143.5403
20
128.1636
30
0
11
143.5403
21
137.1463
31
0
0
LINE
8
DIMENSIONS
10
143.5403
20
142.9463
30
0
11
143.5403
21
137.9463
31
0
0
SOLID
8
DIMENSIONS
10
143.5403
20
137.1463
30
0
11
143.1236
21
134.6463
31
0
12
143.9570
22
134.6463
32
0
13
143.9570
23
134.6463
33
0
0
SOLID
8
DIMENSIONS
10
143.5403
20
137.9463
30
0
11
143.9570
21
140.4463
31
0
12
143.1236
22
140.4463
32
0
13
143.1236
23
140.4463
33
0
0
TEXT
8
DIMENSIONS
10
142.4467
20
132.6550
30
0
40
3.5278
1
0.80
50
90.0000
72
1
73
0
11
142.4467
21
132.6550
31
0
7
STANDARD
0
ENDBLK
8
0
0
BLOCK
8
0
2
*D3
70
1
10
0
20
0
30
0
3
*D3
1

0
LINE
8
DIMENSIONS
10
111.6112
20
133.6463
30
0
11
74.1376
21
133.6463
31
0
0
LINE
8
DIMENSIONS
10
107.0112
20
112.1463
30
0
11
74.1376
21
112.1463
31
0
0
LINE
8
DIMENSIONS
10
75.6376
20
112.1463
30
0
11
75.6376
21
133.6463
31
0
0
SOLID
8
DIMENSIONS
10
75.6376
20
112.1463
30
0
11
76.0542
21
114.6463
31
0
12
75.2209
22
114.6463
32
0
13
75.2209
23
114.6463
33
0
0
SOLID
8
DIMENSIONS
10
75.6376
20
133.6463
30
0
11
75.2209
21
131.1463
31
0
12
76.0542
22
131.1463
32
0
13
76.0542
23
131.1463
33
0
0
TEXT
8
DIMENSIONS
10
74.5439
20
122.8963
30
0
40
3.5278
1
21.50
50
90.0000
72
1
73
0
11
74.5439
21
122.8963
31
0
7
STANDARD
0
ENDBLK
8
0
0
BLOCK
8
0
2
*D4
70
1
10
0
20
0
30
0
3
*D4
1

0
LINE
8
DIMENSIONS
10
128.9112
20
112.5463
30
0
11
128.9112
21
81.4440
31
0
0
LINE
8
DIMENSIONS
10
125.9052
20
102.7293
30
0
11
125.9052
21
81.4440
31
0
0
LINE
8
DIMENSIONS
10
125.9052
20
82.9440
30
0
11
128.9112
21
82.9440
31
0
0
LINE
8
DIMENSIONS
10
120.9052
20
82.9440
30
0
11
125.9052
21
82.9440
31
0
0
LINE
8
DIMENSIONS
10
137.8940
20
82.9440
30
0
11
128.9112
21
82.9440
31
0
0
SOLID
8
DIMENSIONS
10
125.9052
20
82.9440
30
0
11
123.4052
21
83.3606
31
0
12
123.4052
22
82.5273
32
0
13
123.4052
23
82.5273
33
0
0
SOLID
8
DIMENSIONS
10
128.9112
20
82.9440
30
0
11
131.4112
21
82.5273
31
0
12
131.4112
22
83.3606
32
0
13
131.4112
23
83.3606
33
0
0
TEXT
8
DIMENSIONS
10
133.4026
20
84.0376
30
0
40
3.5278
1
3.01
72
1
73
0
11
133.4026
21
84.0376
31
0
7
STANDARD
0
ENDBLK
8
0
0
BLOCK
8
0
2
*D5
70
1
10
0
20
0
30
0
3
*D5
1

0
LINE
8
DIMENSIONS
10
128.0052
20
104.8293
30
0
11
146.0387
21
104.8293
31
0
0
LINE
8
DIMENSIONS
10
144.5387
20
117.1463
30
0
11
144.5387
21
112.1463
31
0
0
LINE
8
DIMENSIONS
10
127.3970
20
112.1463
30
0
11
146.0387
21
112.1463
31
0
0
LINE
8
DIMENSIONS
10
144.5387
20
104.8293
30
0
11
144.5387
21
112.1463
31
0
0
LINE
8
DIMENSIONS
10
144.5387
20
95.8466
30
0
11
144.5387
21
104.8293
31
0
0
SOLID
8
DIMENSIONS
10
144.5387
20
112.1463
30
0
11
144.9553
21
114.6463
31
0
12
144.1220
22
114.6463
32
0
13
144.1220
23
114.6463
33
0
0
SOLID
8
DIMENSIONS
10
144.5387
20
104.8293
30
0
11
144.1220
21
102.3293
31
0
12
144.9553
22
102.3293
32
0
13
144.9553
23
102.3293
33
0
0
TEXT
8
DIMENSIONS
10
143.4451
20
100.3380
30
0
40
3.5278
1
7.32
50
90.0000
72
1
73
0
11
143.4451
21
100.3380
31
0
7
STANDARD
0
ENDBLK
8
0
0
BLOCK
8
0
2
*D6
70
1
10
0
20
0
30
0
3
*D6
1

0
LINE
8
DIMENSIONS
10
103.3692
20
139.6583
30
0
11
103.3692
21
167.3484
31
0
0
LINE
8
DIMENSIONS
10
98.3692
20
165.8484
30
0
11
103.3692
21
165.8484
31
0
0
LINE
8
DIMENSIONS
10
124.6560
20
165.8484
30
0
11
113.7112
21
165.8484
31
0
0
LINE
8
DIMENSIONS
10
113.7112
20
135.7463
30
0
11
113.7112
21
167.3484
31
0
0
LINE
8
DIMENSIONS
10
103.3692
20
165.8484
30
0
11
113.7112
21
165.8484
31
0
0
SOLID
8
DIMENSIONS
10
103.3692
20
165.8484
30
0
11
100.8692
21
166.2651
31
0
12
100.8692
22
165.4318
32
0
13
100.8692
23
165.4318
33
0
0
SOLID
8
DIMENSIONS
10
113.7112
20
165.8484
30
0
11
116.2112
21
165.4318
31
0
12
116.2112
22
166.2651
32
0
13
116.2112
23
166.2651
33
0
0
TEXT
8
DIMENSIONS
10
119.1836
20
166.9421
30
0
40
3.5278
1
10.34
72
1
73
0
11
119.1836
21
166.9421
31
0
7
STANDARD
0
ENDBLK
8
0
0
BLOCK
8
0
2
*D7
70
1
10
0
20
0
30
0
3
*D7
1

0
LINE
8
DIMENSIONS
10
118.3112
20
147.0692
30
0
11
118.3112
21
165.5001
31
0
0
LINE
8
DIMENSIONS
10
119.1112
20
146.7674
30
0
11
119.1112
21
165.5001
31
0
0
LINE
8
DIMENSIONS
10
118.3112
20
164.0001
30
0
11
119.1112
21
164.0001
31
0
0
LINE
8
DIMENSIONS
10
113.3112
20
164.0001
30
0
11
118.3112
21
164.0001
31
0
0
LINE
8
DIMENSIONS
10
128.0940
20
164.0001
30
0
11
119.1112
21
164.0001
31
0
0
SOLID
8
DIMENSIONS
10
118.3112
20
164.0001
30
0
11
115.8112
21
164.4168
31
0
12
115.8112
22
163.5835
32
0
13
115.8112
23
163.5835
33
0
0
SOLID
8
DIMENSIONS
10
119.1112
20
164.0001
30
0
11
121.6112
21
163.5835
31
0
12
121.6112
22
164.4168
32
0
13
121.6112
23
164.4168
33
0
0
TEXT
8
DIMENSIONS
10
123.6026
20
165.0937
30
0
40
3.5278
1
0.80
72
1
73
0
11
123.6026
21
165.0937
31
0
7
STANDARD
0
ENDBLK
8
0
0
BLOCK
8
0
2
*D8
70
1
10
0
20
0
30
0
3
*D8
1

0
LINE
8
DIMENSIONS
10
101.2692
20
137.5583
30
0
11
85.1387
21
137.5583
31
0
0
LINE
8
DIMENSIONS
10
111.6112
20
133.6463
30
0
11
85.1387
21
133.6463
31
0
0
LINE
8
DIMENSIONS
10
86.6387
20
133.6463
30
0
11
86.6387
21
137.5583
31
0
0
LINE
8
DIMENSIONS
10
86.6387
20
124.6636
30
0
11
86.6387
21
133.6463
31
0
0
LINE
8
DIMENSIONS
10
86.6387
20
142.5583
30
0
11
86.6387
21
137.5583
31
0
0
SOLID
8
DIMENSIONS
10
86.6387
20
133.6463
30
0
11
86.2221
21
131.1463
31
0
12
87.0554
22
131.1463
32
0
13
87.0554
23
131.1463
33
0
0
SOLID
8
DIMENSIONS
10
86.6387
20
137.5583
30
0
11
87.0554
21
140.0583
31
0
12
86.2221
22
140.0583
32
0
13
86.2221
23
140.0583
33
0
0
TEXT
8
DIMENSIONS
10
85.5451
20
129.1550
30
0
40
3.5278
1
3.91
50
90.0000
72
1
73
0
11
85.5451
21
129.1550
31
0
7
STANDARD
0
ENDBLK
8
0
0
BLOCK
8
0
2
*D9
70
1
10
0
20
0
30
0
3
*D9
1

0
LINE
8
DIMENSIONS
10
87.7925
20
154.8317
30
0
11
102.0299
21
139.0436
31
0
0
LINE
8
DIMENSIONS
10
87.7925
20
154.8317
30
0
11
78.3788
21
154.8317
31
0
0
LINE
8
DIMENSIONS
10
103.3692
20
137.5583
30
0
11
102.0299
21
139.0436
31
0
0
LINE
8
DIMENSIONS
10
102.4692
20
137.5583
30
0
11
104.2692
21
137.5583
31
0
0
LINE
8
DIMENSIONS
10
103.3692
20
136.6583
30
0
11
103.3692
21
138.4583
31
0
0
SOLID
8
DIMENSIONS
10
102.0299
20
139.0436
30
0
11
100.6651
21
141.1792
31
0
12
100.0462
22
140.6212
32
0
13
100.0462
23
140.6212
33
0
0
TEXT
8
DIMENSIONS
10
83.0857
20
155.9253
30
0
40
3.5278
1
R2.00
72
1
73
0
11
83.0857
21
155.9253
31
0
7
STANDARD
0
ENDBLK
8
0
0
BLOCK
8
0
2
*D10
70
1
10
0
20
0
30
0
3
*D10
1

0
LINE
8
DIMENSIONS
10
229.8103
20
147.3333
30
0
11
211.0536
21
138.0037
31
0
0
LINE
8
DIMENSIONS
10
229.8103
20
147.3333
30
0
11
239.2240
21
147.3333
31
0
0
LINE
8
DIMENSIONS
10
210.1583
20
137.5583
30
0
11
211.0536
21
138.0037
31
0
0
LINE
8
DIMENSIONS
10
209.2583
20
137.5583
30
0
11
211.0583
21
137.5583
31
0
0
LINE
8
DIMENSIONS
10
210.1583
20
136.6583
30
0
11
210.1583
21
138.4583
31
0
0
SOLID
8
DIMENSIONS
10
211.0536
20
138.0037
30
0
11
213.4776
21
138.7440
31
0
12
213.1065
22
139.4901
32
0
13
213.1065
23
139.4901
33
0
0
TEXT
8
DIMENSIONS
10
234.5172
20
148.4269
30
0
40
3.5278
1
R1.00
72
1
73
0
11
234.5172
21
148.4269
31
0
7
STANDARD
0
ENDBLK
8
0
0
BLOCK
8
0
2
*D11
70
1
10
0
20
0
30
0
3
*D11
1

0
LINE
8
DIMENSIONS
10
98.5112
20
112.5463
30
0
11
98.5112
21
78.3308
31
0
0
LINE
8
DIMENSIONS
10
113.7112
20
131.5463
30
0
11
113.7112
21
78.3308
31
0
0
LINE
8
DIMENSIONS
10
98.5112
20
79.8308
30
0
11
113.7112
21
79.8308
31
0
0
SOLID
8
DIMENSIONS
10
98.5112
20
79.8308
30
0
11
101.0112
21
79.4141
31
0
12
101.0112
22
80.2474
32
0
13
101.0112
23
80.2474
33
0
0
SOLID
8
DIMENSIONS
10
113.7112
20
79.8308
30
0
11
111.2112
21
80.2474
31
0
12
111.2112
22
79.4141
32
0
13
111.2112
23
79.4141
33
0
0
TEXT
8
DIMENSIONS
10
106.1112
20
80.9244
30
0
40
3.5278
1
15.20
72
1
73
0
11
106.1112
21
80.9244
31
0
7
STANDARD
0
ENDBLK
8
0
0
BLOCK
8
0
2
*D12
70
1
10
0
20
0
30
0
3
*D12
1

0
LINE
8
DIMENSIONS
10
255.1214
20
135.7463
30
0
11
271.7693
21
135.7463
31
0
0
LINE
8
DIMENSIONS
10
255.1214
20
131.5463
30
0
11
271.7693
21
131.5463
31
0
0
LINE
8
DIMENSIONS
10
270.2693
20
131.5463
30
0
11
270.2693
21
135.7463
31
0
0
LINE
8
DIMENSIONS
10
270.2693
20
122.5636
30
0
11
270.2693
21
131.5463
31
0
0
LINE
8
DIMENSIONS
10
270.2693
20
140.7463
30
0
11
270.2693
21
135.7463
31
0
0
SOLID
8
DIMENSIONS
10
270.2693
20
131.5463
30
0
11
269.8526
21
129.0463
31
0
12
270.6860
22
129.0463
32
0
13
270.6860
23
129.0463
33
0
0
SOLID
8
DIMENSIONS
10
270.2693
20
135.7463
30
0
11
270.6860
21
138.2463
31
0
12
269.8526
22
138.2463
32
0
13
269.8526
23
138.2463
33
0
0
TEXT
8
DIMENSIONS
10
269.1757
20
127.0550
30
0
40
3.5278
1
4.20
50
90.0000
72
1
73
0
11
269.1757
21
127.0550
31
0
7
STANDARD
0
ENDBLK
8
0
0
BLOCK
8
0
2
*D13
70
1
10
0
20
0
30
0
3
*D13
1

0
LINE
8
DIMENSIONS
10
255.1214
20
138.3963
30
0
11
278.8401
21
138.3963
31
0
0
LINE
8
DIMENSIONS
10
277.3401
20
123.8963
30
0
11
277.3401
21
128.8963
31
0
0
LINE
8
DIMENSIONS
10
277.3401
20
147.3791
30
0
11
277.3401
21
138.3963
31
0
0
LINE
8
DIMENSIONS
10
255.1214
20
128.8963
30
0
11
278.8401
21
128.8963
31
0
0
LINE
8
DIMENSIONS
10
277.3401
20
128.8963
30
0
11
277.3401
21
138.3963
31
0
0
SOLID
8
DIMENSIONS
10
277.3401
20
128.8963
30
0
11
276.9235
21
126.3963
31
0
12
277.7568
22
126.3963
32
0
13
277.7568
23
126.3963
33
0
0
SOLID
8
DIMENSIONS
10
277.3401
20
138.3963
30
0
11
277.7568
21
140.8963
31
0
12
276.9235
22
140.8963
32
0
13
276.9235
23
140.8963
33
0
0
TEXT
8
DIMENSIONS
10
276.2465
20
142.8877
30
0
40
3.5278
1
9.50
50
90.0000
72
1
73
0
11
276.2465
21
142.8877
31
0
7
STANDARD
0
ENDBLK
8
0
0
BLOCK
8
0
2
*D14
70
1
10
0
20
0
30
0
3
*D14
1

0
LINE
8
DIMENSIONS
10
196.8963
20
105.3763
30
0
11
196.8963
21
78.0302
31
0
0
LINE
8
DIMENSIONS
10
199.8163
20
79.8314
30
0
11
199.8163
21
78.0302
31
0
0
LINE
8
DIMENSIONS
10
196.8963
20
79.5302
30
0
11
199.8163
21
79.5302
31
0
0
LINE
8
DIMENSIONS
10
191.8963
20
79.5302
30
0
11
196.8963
21
79.5302
31
0
0
LINE
8
DIMENSIONS
10
208.7990
20
79.5302
30
0
11
199.8163
21
79.5302
31
0
0
SOLID
8
DIMENSIONS
10
196.8963
20
79.5302
30
0
11
194.3963
21
79.9469
31
0
12
194.3963
22
79.1136
32
0
13
194.3963
23
79.1136
33
0
0
SOLID
8
DIMENSIONS
10
199.8163
20
79.5302
30
0
11
202.3163
21
79.1136
31
0
12
202.3163
22
79.9469
32
0
13
202.3163
23
79.9469
33
0
0
TEXT
8
DIMENSIONS
10
204.3077
20
80.6238
30
0
40
3.5278
1
2.92
72
1
73
0
11
204.3077
21
80.6238
31
0
7
STANDARD
0
ENDBLK
8
0
0
BLOCK
8
0
2
*D15
70
1
10
0
20
0
30
0
3
*D15
1

0
LINE
8
DIMENSIONS
10
196.1963
20
106.0763
30
0
11
166.7963
21
106.0763
31
0
0
LINE
8
DIMENSIONS
10
192.7052
20
84.6463
30
0
11
166.7963
21
84.6463
31
0
0
LINE
8
DIMENSIONS
10
168.2963
20
84.6463
30
0
11
168.2963
21
106.0763
31
0
0
SOLID
8
DIMENSIONS
10
168.2963
20
84.6463
30
0
11
168.7130
21
87.1463
31
0
12
167.8796
22
87.1463
32
0
13
167.8796
23
87.1463
33
0
0
SOLID
8
DIMENSIONS
10
168.2963
20
106.0763
30
0
11
167.8796
21
103.5763
31
0
12
168.7130
22
103.5763
32
0
13
168.7130
23
103.5763
33
0
0
TEXT
8
DIMENSIONS
10
167.2027
20
95.3613
30
0
40
3.5278
1
21.43
50
90.0000
72
1
73
0
11
167.2027
21
95.3613
31
0
7
STANDARD
0
ENDBLK
8
0
0
BLOCK
8
0
2
*D16
70
1
10
0
20
0
30
0
3
*D16
1

0
LINE
8
DIMENSIONS
10
206.6963
20
109.3763
30
0
11
211.7761
21
109.3763
31
0
0
LINE
8
DIMENSIONS
10
203.4802
20
106.0763
30
0
11
211.7761
21
106.0763
31
0
0
LINE
8
DIMENSIONS
10
210.2761
20
106.0763
30
0
11
210.2761
21
109.3763
31
0
0
LINE
8
DIMENSIONS
10
210.2761
20
97.0936
30
0
11
210.2761
21
106.0763
31
0
0
LINE
8
DIMENSIONS
10
210.2761
20
114.3763
30
0
11
210.2761
21
109.3763
31
0
0
SOLID
8
DIMENSIONS
10
210.2761
20
106.0763
30
0
11
209.8595
21
103.5763
31
0
12
210.6928
22
103.5763
32
0
13
210.6928
23
103.5763
33
0
0
SOLID
8
DIMENSIONS
10
210.2761
20
109.3763
30
0
11
210.6928
21
111.8763
31
0
12
209.8595
22
111.8763
32
0
13
209.8595
23
111.8763
33
0
0
TEXT
8
DIMENSIONS
10
209.1825
20
101.5850
30
0
40
3.5278
1
3.30
50
90.0000
72
1
73
0
11
209.1825
21
101.5850
31
0
7
STANDARD
0
ENDBLK
8
0
0
BLOCK
8
0
2
*D17
70
1
10
0
20
0
30
0
3
*D17
1

0
LINE
8
DIMENSIONS
10
97.5112
20
52.9971
30
0
11
97.5112
21
58.2638
31
0
0
LINE
8
DIMENSIONS
10
99.5112
20
52.9971
30
0
11
99.5112
21
58.2638
31
0
0
LINE
8
DIMENSIONS
10
97.5112
20
56.7638
30
0
11
99.5112
21
56.7638
31
0
0
LINE
8
DIMENSIONS
10
92.5112
20
56.7638
30
0
11
97.5112
21
56.7638
31
0
0
LINE
8
DIMENSIONS
10
108.4940
20
56.7638
30
0
11
99.5112
21
56.7638
31
0
0
SOLID
8
DIMENSIONS
10
97.5112
20
56.7638
30
0
11
95.0112
21
57.1804
31
0
12
95.0112
22
56.3471
32
0
13
95.0112
23
56.3471
33
0
0
SOLID
8
DIMENSIONS
10
99.5112
20
56.7638
30
0
11
102.0112
21
56.3471
31
0
12
102.0112
22
57.1804
32
0
13
102.0112
23
57.1804
33
0
0
TEXT
8
DIMENSIONS
10
104.0026
20
57.8574
30
0
40
3.5278
1
2.00
72
1
73
0
11
104.0026
21
57.8574
31
0
7
STANDARD
0
ENDBLK
8
0
0
BLOCK
8
0
2
*D18
70
1
10
0
20
0
30
0
3
*D18
1

0
LINE
8
DIMENSIONS
10
126.9112
20
52.9971
30
0
11
126.9112
21
58.1534
31
0
0
LINE
8
DIMENSIONS
10
130.9112
20
52.9971
30
0
11
130.9112
21
58.1534
31
0
0
LINE
8
DIMENSIONS
10
126.9112
20
56.6534
30
0
11
130.9112
21
56.6534
31
0
0
LINE
8
DIMENSIONS
10
121.9112
20
56.6534
30
0
11
126.9112
21
56.6534
31
0
0
LINE
8
DIMENSIONS
10
139.8940
20
56.6534
30
0
11
130.9112
21
56.6534
31
0
0
SOLID
8
DIMENSIONS
10
126.9112
20
56.6534
30
0
11
124.4112
21
57.0701
31
0
12
124.4112
22
56.2367
32
0
13
124.4112
23
56.2367
33
0
0
SOLID
8
DIMENSIONS
10
130.9112
20
56.6534
30
0
11
133.4112
21
56.2367
31
0
12
133.4112
22
57.0701
32
0
13
133.4112
23
57.0701
33
0
0
TEXT
8
DIMENSIONS
10
135.4026
20
57.7470
30
0
40
3.5278
1
4.00
72
1
73
0
11
135.4026
21
57.7470
31
0
7
STANDARD
0
ENDBLK
8
0
0
BLOCK
8
0
2
*D19
70
1
10
0
20
0
30
0
3
*D19
1

0
LINE
8
DIMENSIONS
10
102.7112
20
50.9971
30
0
11
102.7112
21
65.3971
31
0
0
LINE
8
DIMENSIONS
10
124.7112
20
50.9971
30
0
11
124.7112
21
65.3971
31
0
0
LINE
8
DIMENSIONS
10
102.7112
20
63.8971
30
0
11
124.7112
21
63.8971
31
0
0
SOLID
8
DIMENSIONS
10
102.7112
20
63.8971
30
0
11
105.2112
21
63.4804
31
0
12
105.2112
22
64.3138
32
0
13
105.2112
23
64.3138
33
0
0
SOLID
8
DIMENSIONS
10
124.7112
20
63.8971
30
0
11
122.2112
21
64.3138
31
0
12
122.2112
22
63.4804
32
0
13
122.2112
23
63.4804
33
0
0
TEXT
8
DIMENSIONS
10
113.7112
20
64.9907
30
0
40
3.5278
1
22.00
72
1
73
0
11
113.7112
21
64.9907
31
0
7
STANDARD
0
ENDBLK
8
0
0
BLOCK
8
0
2
*D20
70
1
10
0
20
0
30
0
3
*D20
1

0
LINE
8
DIMENSIONS
10
100.6112
20
48.8971
30
0
11
82.3828
21
48.8971
31
0
0
LINE
8
DIMENSIONS
10
83.8828
20
53.8971
30
0
11
83.8828
21
48.8971
31
0
0
LINE
8
DIMENSIONS
10
96.7828
20
41.8971
30
0
11
82.3828
21
41.8971
31
0
0
LINE
8
DIMENSIONS
10
83.8828
20
41.8971
30
0
11
83.8828
21
48.8971
31
0
0
LINE
8
DIMENSIONS
10
83.8828
20
32.9144
30
0
11
83.8828
21
41.8971
31
0
0
SOLID
8
DIMENSIONS
10
83.8828
20
48.8971
30
0
11
84.2995
21
51.3971
31
0
12
83.4661
22
51.3971
32
0
13
83.4661
23
51.3971
33
0
0
SOLID
8
DIMENSIONS
10
83.8828
20
41.8971
30
0
11
83.4661
21
39.3971
31
0
12
84.2995
22
39.3971
32
0
13
84.2995
23
39.3971
33
0
0
TEXT
8
DIMENSIONS
10
82.7892
20
37.4057
30
0
40
3.5278
1
7.00
50
90.0000
72
1
73
0
11
82.7892
21
37.4057
31
0
7
STANDARD
0
ENDBLK
8
0
0
BLOCK
8
0
2
*D21
70
1
10
0
20
0
30
0
3
*D21
1

0
LINE
8
DIMENSIONS
10
252.0214
20
89.5818
30
0
11
252.0214
21
64.6630
31
0
0
LINE
8
DIMENSIONS
10
266.0214
20
110.0463
30
0
11
266.0214
21
64.6630
31
0
0
LINE
8
DIMENSIONS
10
252.0214
20
66.1630
30
0
11
266.0214
21
66.1630
31
0
0
SOLID
8
DIMENSIONS
10
252.0214
20
66.1630
30
0
11
254.5214
21
65.7463
31
0
12
254.5214
22
66.5796
32
0
13
254.5214
23
66.5796
33
0
0
SOLID
8
DIMENSIONS
10
266.0214
20
66.1630
30
0
11
263.5214
21
66.5796
31
0
12
263.5214
22
65.7463
32
0
13
263.5214
23
65.7463
33
0
0
TEXT
8
DIMENSIONS
10
259.0214
20
67.2566
30
0
40
3.5278
1
14.00
72
1
73
0
11
259.0214
21
67.2566
31
0
7
STANDARD
0
ENDBLK
8
0
0
BLOCK
8
0
2
*D22
70
1
10
0
20
0
30
0
3
*D22
1

0
LINE
8
DIMENSIONS
10
255.1214
20
106.8293
30
0
11
272.7725
21
106.8293
31
0
0
LINE
8
DIMENSIONS
10
255.1214
20
102.8293
30
0
11
272.7725
21
102.8293
31
0
0
LINE
8
DIMENSIONS
10
271.2725
20
102.8293
30
0
11
271.2725
21
106.8293
31
0
0
LINE
8
DIMENSIONS
10
271.2725
20
93.8466
30
0
11
271.2725
21
102.8293
31
0
0
LINE
8
DIMENSIONS
10
271.2725
20
111.8293
30
0
11
271.2725
21
106.8293
31
0
0
SOLID
8
DIMENSIONS
10
271.2725
20
102.8293
30
0
11
270.8558
21
100.3293
31
0
12
271.6892
22
100.3293
32
0
13
271.6892
23
100.3293
33
0
0
SOLID
8
DIMENSIONS
10
271.2725
20
106.8293
30
0
11
271.6892
21
109.3293
31
0
12
270.8558
22
109.3293
32
0
13
270.8558
23
109.3293
33
0
0
TEXT
8
DIMENSIONS
10
270.1789
20
98.3380
30
0
40
3.5278
1
4.00
50
90.0000
72
1
73
0
11
270.1789
21
98.3380
31
0
7
STANDARD
0
ENDBLK
8
0
0
BLOCK
8
0
2
*D23
70
1
10
0
20
0
30
0
3
*D23
1

0
LINE
8
DIMENSIONS
10
33.3363
20
133.3963
30
0
11
18.9363
21
133.3963
31
0
0
LINE
8
DIMENSIONS
10
33.3363
20
112.1463
30
0
11
18.9363
21
112.1463
31
0
0
LINE
8
DIMENSIONS
10
20.4363
20
112.1463
30
0
11
20.4363
21
133.3963
31
0
0
SOLID
8
DIMENSIONS
10
20.4363
20
112.1463
30
0
11
20.8530
21
114.6463
31
0
12
20.0196
22
114.6463
32
0
13
20.0196
23
114.6463
33
0
0
SOLID
8
DIMENSIONS
10
20.4363
20
133.3963
30
0
11
20.0196
21
130.8963
31
0
12
20.8530
22
130.8963
32
0
13
20.8530
23
130.8963
33
0
0
TEXT
8
DIMENSIONS
10
19.3427
20
122.7713
30
0
40
3.5278
1
21.25
50
90.0000
72
1
73
0
11
19.3427
21
122.7713
31
0
7
STANDARD
0
ENDBLK
8
0
0
BLOCK
8
0
2
*D24
70
1
10
0
20
0
30
0
3
*D24
1

0
LINE
8
DIMENSIONS
10
43.3938
20
117.1463
30
0
11
28.9363
21
117.1463
31
0
0
LINE
8
DIMENSIONS
10
43.3363
20
112.1463
30
0
11
28.9363
21
112.1463
31
0
0
LINE
8
DIMENSIONS
10
30.4363
20
112.1463
30
0
11
30.4363
21
117.1463
31
0
0
LINE
8
DIMENSIONS
10
30.4363
20
103.1636
30
0
11
30.4363
21
112.1463
31
0
0
LINE
8
DIMENSIONS
10
30.4363
20
122.1463
30
0
11
30.4363
21
117.1463
31
0
0
SOLID
8
DIMENSIONS
10
30.4363
20
112.1463
30
0
11
30.0196
21
109.6463
31
0
12
30.8530
22
109.6463
32
0
13
30.8530
23
109.6463
33
0
0
SOLID
8
DIMENSIONS
10
30.4363
20
117.1463
30
0
11
30.8530
21
119.6463
31
0
12
30.0196
22
119.6463
32
0
13
30.0196
23
119.6463
33
0
0
TEXT
8
DIMENSIONS
10
29.3427
20
107.6550
30
0
40
3.5278
1
5.00
50
90.0000
72
1
73
0
11
29.3427
21
107.6550
31
0
7
STANDARD
0
ENDBLK
8
0
0
BLOCK
8
0
2
*D25
70
1
10
0
20
0
30
0
3
*D25
1

0
LINE
8
DIMENSIONS
10
54.5363
20
105.8293
30
0
11
61.4363
21
105.8293
31
0
0
LINE
8
DIMENSIONS
10
54.5363
20
103.8293
30
0
11
61.4363
21
103.8293
31
0
0
LINE
8
DIMENSIONS
10
59.9363
20
103.8293
30
0
11
59.9363
21
105.8293
31
0
0
LINE
8
DIMENSIONS
10
59.9363
20
94.8466
30
0
11
59.9363
21
103.8293
31
0
0
LINE
8
DIMENSIONS
10
59.9363
20
110.8293
30
0
11
59.9363
21
105.8293
31
0
0
SOLID
8
DIMENSIONS
10
59.9363
20
103.8293
30
0
11
59.5196
21
101.3293
31
0
12
60.3530
22
101.3293
32
0
13
60.3530
23
101.3293
33
0
0
SOLID
8
DIMENSIONS
10
59.9363
20
105.8293
30
0
11
60.3530
21
108.3293
31
0
12
59.5196
22
108.3293
32
0
13
59.5196
23
108.3293
33
0
0
TEXT
8
DIMENSIONS
10
58.8427
20
99.3380
30
0
40
3.5278
1
2.00
50
90.0000
72
1
73
0
11
58.8427
21
99.3380
31
0
7
STANDARD
0
ENDBLK
8
0
0
BLOCK
8
0
2
*D26
70
1
10
0
20
0
30
0
3
*D26
1

0
LINE
8
DIMENSIONS
10
48.4363
20
101.7293
30
0
11
48.4363
21
82.2562
31
0
0
LINE
8
DIMENSIONS
10
52.4363
20
101.7293
30
0
11
52.4363
21
82.2562
31
0
0
LINE
8
DIMENSIONS
10
48.4363
20
83.7562
30
0
11
52.4363
21
83.7562
31
0
0
LINE
8
DIMENSIONS
10
43.4363
20
83.7562
30
0
11
48.4363
21
83.7562
31
0
0
LINE
8
DIMENSIONS
10
61.4190
20
83.7562
30
0
11
52.4363
21
83.7562
31
0
0
SOLID
8
DIMENSIONS
10
48.4363
20
83.7562
30
0
11
45.9363
21
84.1729
31
0
12
45.9363
22
83.3396
32
0
13
45.9363
23
83.3396
33
0
0
SOLID
8
DIMENSIONS
10
52.4363
20
83.7562
30
0
11
54.9363
21
83.3396
31
0
12
54.9363
22
84.1729
32
0
13
54.9363
23
84.1729
33
0
0
TEXT
8
DIMENSIONS
10
56.9277
20
84.8499
30
0
40
3.5278
1
4.00
72
1
73
0
11
56.9277
21
84.8499
31
0
7
STANDARD
0
ENDBLK
8
0
0
BLOCK
8
0
2
*D27
70
1
10
0
20
0
30
0
3
*D27
1

0
LINE
8
DIMENSIONS
10
50.5363
20
106.8293
30
0
11
67.9744
21
106.8293
31
0
0
LINE
8
DIMENSIONS
10
50.5363
20
102.8293
30
0
11
67.9744
21
102.8293
31
0
0
LINE
8
DIMENSIONS
10
66.4744
20
102.8293
30
0
11
66.4744
21
106.8293
31
0
0
LINE
8
DIMENSIONS
10
66.4744
20
93.8466
30
0
11
66.4744
21
102.8293
31
0
0
LINE
8
DIMENSIONS
10
66.4744
20
111.8293
30
0
11
66.4744
21
106.8293
31
0
0
SOLID
8
DIMENSIONS
10
66.4744
20
102.8293
30
0
11
66.0577
21
100.3293
31
0
12
66.8910
22
100.3293
32
0
13
66.8910
23
100.3293
33
0
0
SOLID
8
DIMENSIONS
10
66.4744
20
106.8293
30
0
11
66.8910
21
109.3293
31
0
12
66.0577
22
109.3293
32
0
13
66.0577
23
109.3293
33
0
0
TEXT
8
DIMENSIONS
10
65.3808
20
98.3380
30
0
40
3.5278
1
4.00
50
90.0000
72
1
73
0
11
65.3808
21
98.3380
31
0
7
STANDARD
0
ENDBLK
8
0
0
BLOCK
8
0
2
*D28
70
1
10
0
20
0
30
0
3
*D28
1

0
LINE
8
DIMENSIONS
10
126.8112
20
44.8971
30
0
11
147.6210
21
44.8971
31
0
0
LINE
8
DIMENSIONS
10
129.8112
20
41.8971
30
0
11
147.6210
21
41.8971
31
0
0
LINE
8
DIMENSIONS
10
146.1210
20
41.8971
30
0
11
146.1210
21
44.8971
31
0
0
LINE
8
DIMENSIONS
10
146.1210
20
32.9144
30
0
11
146.1210
21
41.8971
31
0
0
LINE
8
DIMENSIONS
10
146.1210
20
49.8971
30
0
11
146.1210
21
44.8971
31
0
0
SOLID
8
DIMENSIONS
10
146.1210
20
41.8971
30
0
11
145.7043
21
39.3971
31
0
12
146.5376
22
39.3971
32
0
13
146.5376
23
39.3971
33
0
0
SOLID
8
DIMENSIONS
10
146.1210
20
44.8971
30
0
11
146.5376
21
47.3971
31
0
12
145.7043
22
47.3971
32
0
13
145.7043
23
47.3971
33
0
0
TEXT
8
DIMENSIONS
10
145.0274
20
37.4057
30
0
40
3.5278
1
3.00
50
90.0000
72
1
73
0
11
145.0274
21
37.4057
31
0
7
STANDARD
0
ENDBLK
8
0
0
BLOCK
8
0
2
*D29
70
1
10
0
20
0
30
0
3
*D29
1

0
LINE
8
DIMENSIONS
10
124.7112
20
42.7971
30
0
11
124.7112
21
28.0198
31
0
0
LINE
8
DIMENSIONS
10
127.7112
20
39.7971
30
0
11
127.7112
21
28.0198
31
0
0
LINE
8
DIMENSIONS
10
124.7112
20
29.5198
30
0
11
127.7112
21
29.5198
31
0
0
LINE
8
DIMENSIONS
10
119.7112
20
29.5198
30
0
11
124.7112
21
29.5198
31
0
0
LINE
8
DIMENSIONS
10
136.6940
20
29.5198
30
0
11
127.7112
21
29.5198
31
0
0
SOLID
8
DIMENSIONS
10
124.7112
20
29.5198
30
0
11
122.2112
21
29.9364
31
0
12
122.2112
22
29.1031
32
0
13
122.2112
23
29.1031
33
0
0
SOLID
8
DIMENSIONS
10
127.7112
20
29.5198
30
0
11
130.2112
21
29.1031
31
0
12
130.2112
22
29.9364
32
0
13
130.2112
23
29.9364
33
0
0
TEXT
8
DIMENSIONS
10
132.2026
20
30.6134
30
0
40
3.5278
1
3.00
72
1
73
0
11
132.2026
21
30.6134
31
0
7
STANDARD
0
ENDBLK
8
0
0
BLOCK
8
0
2
*D30
70
1
10
0
20
0
30
0
3
*D30
1

0
LINE
8
DIMENSIONS
10
253.0214
20
140.4963
30
0
11
253.0214
21
163.6030
31
0
0
LINE
8
DIMENSIONS
10
248.0214
20
162.1030
30
0
11
253.0214
21
162.1030
31
0
0
LINE
8
DIMENSIONS
10
276.9662
20
162.1030
30
0
11
266.0214
21
162.1030
31
0
0
LINE
8
DIMENSIONS
10
266.0214
20
159.7463
30
0
11
266.0214
21
163.6030
31
0
0
LINE
8
DIMENSIONS
10
253.0214
20
162.1030
30
0
11
266.0214
21
162.1030
31
0
0
SOLID
8
DIMENSIONS
10
253.0214
20
162.1030
30
0
11
250.5214
21
162.5197
31
0
12
250.5214
22
161.6864
32
0
13
250.5214
23
161.6864
33
0
0
SOLID
8
DIMENSIONS
10
266.0214
20
162.1030
30
0
11
268.5214
21
161.6864
31
0
12
268.5214
22
162.5197
32
0
13
268.5214
23
162.5197
33
0
0
TEXT
8
DIMENSIONS
10
271.4938
20
163.1966
30
0
40
3.5278
1
13.00
72
1
73
0
11
271.4938
21
163.1966
31
0
7
STANDARD
0
ENDBLK
8
0
0
BLOCK
8
0
2
*D31
70
1
10
0
20
0
30
0
3
*D31
1

0
LINE
8
DIMENSIONS
10
212.4445
20
162.3112
30
0
11
213.0064
21
163.7020
31
0
0
POLYLINE
8
DIMENSIONS
66
1
70
0
10
0
20
0
30
0
0
VERTEX
8
DIMENSIONS
10
212.0699
20
161.3840
30
0
0
VERTEX
8
DIMENSIONS
10
214.5734
20
160.2479
30
0
0
VERTEX
8
DIMENSIONS
10
216.9726
20
158.9056
30
0
0
SEQEND
8
DIMENSIONS
0
POLYLINE
8
DIMENSIONS
66
1
70
0
10
0
20
0
30
0
0
VERTEX
8
DIMENSIONS
10
199.8163
20
163.7659
30
0
0
VERTEX
8
DIMENSIONS
10
197.0695
20
163.6503
30
0
0
VERTEX
8
DIMENSIONS
10
194.3422
20
163.3046
30
0
0
SEQEND
8
DIMENSIONS
0
LINE
8
DIMENSIONS
10
199.8163
20
164.7659
30
0
11
199.8163
21
166.2659
31
0
0
POLYLINE
8
DIMENSIONS
66
1
70
0
10
0
20
0
30
0
0
VERTEX
8
DIMENSIONS
10
212.0699
20
161.3840
30
0
0
VERTEX
8
DIMENSIONS
10
209.1066
20
162.4188
30
0
0
VERTEX
8
DIMENSIONS
10
206.0578
20
163.1649
30
0
0
VERTEX
8
DIMENSIONS
10
202.9515
20
163.6153
30
0
0
VERTEX
8
DIMENSIONS
10
199.8163
20
163.7659
30
0
0
SEQEND
8
DIMENSIONS
0
SOLID
8
DIMENSIONS
10
212.0699
20
161.3840
30
0
11
214.1743
21
159.9715
31
0
12
214.5187
22
160.7303
32
0
13
214.5187
23
160.7303
33
0
0
SOLID
8
DIMENSIONS
10
199.8163
20
163.7659
30
0
11
197.3010
21
164.0771
31
0
12
197.3360
22
163.2445
32
0
13
197.3360
23
163.2445
33
0
0
TEXT
8
DIMENSIONS
10
206.5959
20
165.9330
30
0
40
3.5278
1
22.00%%d
50
-11.0000
72
1
73
0
11
206.5959
21
165.9330
31
0
7
STANDARD
0
ENDBLK
8
0
0
BLOCK
8
0
2
*D32
70
1
10
0
20
0
30
0
3
*D32
1

0
LINE
8
DIMENSIONS
10
112.6706
20
41.8122
30
0
11
102.6121
21
45.1035
31
0
0
LINE
8
DIMENSIONS
10
112.6706
20
41.8122
30
0
11
122.0843
21
41.8122
31
0
0
LINE
8
DIMENSIONS
10
100.7112
20
45.7255
30
0
11
102.6121
21
45.1035
31
0
0
LINE
8
DIMENSIONS
10
99.8112
20
45.7255
30
0
11
101.6112
21
45.7255
31
0
0
LINE
8
DIMENSIONS
10
100.7112
20
44.8255
30
0
11
100.7112
21
46.6255
31
0
0
SOLID
8
DIMENSIONS
10
102.6121
20
45.1035
30
0
11
104.8585
21
43.9300
31
0
12
105.1177
22
44.7221
32
0
13
105.1177
23
44.7221
33
0
0
TEXT
8
DIMENSIONS
10
117.3774
20
42.9058
30
0
40
3.5278
1
R2.00
72
1
73
0
11
117.3774
21
42.9058
31
0
7
STANDARD
0
ENDBLK
8
0
0
BLOCK
8
0
2
*D33
70
1
10
0
20
0
30
0
3
*D33
1

0
LINE
8
DIMENSIONS
10
106.3178
20
27.8848
30
0
11
99.7251
21
42.0831
31
0
0
LINE
8
DIMENSIONS
10
106.3178
20
27.8848
30
0
11
115.7315
21
27.8848
31
0
0
LINE
8
DIMENSIONS
10
98.8828
20
43.8971
30
0
11
99.7251
21
42.0831
31
0
0
LINE
8
DIMENSIONS
10
97.9828
20
43.8971
30
0
11
99.7828
21
43.8971
31
0
0
LINE
8
DIMENSIONS
10
98.8828
20
42.9971
30
0
11
98.8828
21
44.7971
31
0
0
SOLID
8
DIMENSIONS
10
99.7251
20
42.0831
30
0
11
100.4000
21
39.6402
31
0
12
101.1559
22
39.9911
32
0
13
101.1559
23
39.9911
33
0
0
TEXT
8
DIMENSIONS
10
111.0246
20
28.9784
30
0
40
3.5278
1
R2.00
72
1
73
0
11
111.0246
21
28.9784
31
0
7
STANDARD
0
ENDBLK
8
0
0
BLOCK
8
0
2
*D34
70
1
10
0
20
0
30
0
3
*D34
1

0
LINE
8
DIMENSIONS
10
35.4363
20
83.5463
30
0
11
35.4363
21
76.6463
31
0
0
LINE
8
DIMENSIONS
10
36.9363
20
83.5463
30
0
11
36.9363
21
76.6463
31
0
0
LINE
8
DIMENSIONS
10
35.4363
20
78.1463
30
0
11
36.9363
21
78.1463
31
0
0
LINE
8
DIMENSIONS
10
30.4363
20
78.1463
30
0
11
35.4363
21
78.1463
31
0
0
LINE
8
DIMENSIONS
10
45.9190
20
78.1463
30
0
11
36.9363
21
78.1463
31
0
0
SOLID
8
DIMENSIONS
10
35.4363
20
78.1463
30
0
11
32.9363
21
78.5630
31
0
12
32.9363
22
77.7297
32
0
13
32.9363
23
77.7297
33
0
0
SOLID
8
DIMENSIONS
10
36.9363
20
78.1463
30
0
11
39.4363
21
77.7297
31
0
12
39.4363
22
78.5630
32
0
13
39.4363
23
78.5630
33
0
0
TEXT
8
DIMENSIONS
10
41.4277
20
79.2399
30
0
40
3.5278
1
1.50
72
1
73
0
11
41.4277
21
79.2399
31
0
7
STANDARD
0
ENDBLK
8
0
0
BLOCK
8
0
2
*D35
70
1
10
0
20
0
30
0
3
*D35
1

0
LINE
8
DIMENSIONS
10
35.4363
20
159.7463
30
0
11
35.4363
21
161.8629
31
0
0
LINE
8
DIMENSIONS
10
37.4363
20
159.7463
30
0
11
37.4363
21
161.8629
31
0
0
LINE
8
DIMENSIONS
10
35.4363
20
160.3629
30
0
11
37.4363
21
160.3629
31
0
0
LINE
8
DIMENSIONS
10
30.4363
20
160.3629
30
0
11
35.4363
21
160.3629
31
0
0
LINE
8
DIMENSIONS
10
46.4190
20
160.3629
30
0
11
37.4363
21
160.3629
31
0
0
SOLID
8
DIMENSIONS
10
35.4363
20
160.3629
30
0
11
32.9363
21
160.7796
31
0
12
32.9363
22
159.9463
32
0
13
32.9363
23
159.9463
33
0
0
SOLID
8
DIMENSIONS
10
37.4363
20
160.3629
30
0
11
39.9363
21
159.9463
31
0
12
39.9363
22
160.7796
32
0
13
39.9363
23
160.7796
33
0
0
TEXT
8
DIMENSIONS
10
41.9277
20
161.4565
30
0
40
3.5278
1
2.00
72
1
73
0
11
41.9277
21
161.4565
31
0
7
STANDARD
0
ENDBLK
8
0
0
BLOCK
8
0
2
*D36
70
1
10
0
20
0
30
0
3
*D36
1

0
LINE
8
DIMENSIONS
10
268.1214
20
157.6463
30
0
11
272.4711
21
157.6463
31
0
0
LINE
8
DIMENSIONS
10
268.1214
20
156.6463
30
0
11
272.4711
21
156.6463
31
0
0
LINE
8
DIMENSIONS
10
270.9711
20
156.6463
30
0
11
270.9711
21
157.6463
31
0
0
LINE
8
DIMENSIONS
10
270.9711
20
147.6636
30
0
11
270.9711
21
156.6463
31
0
0
LINE
8
DIMENSIONS
10
270.9711
20
162.6463
30
0
11
270.9711
21
157.6463
31
0
0
SOLID
8
DIMENSIONS
10
270.9711
20
156.6463
30
0
11
270.5544
21
154.1463
31
0
12
271.3878
22
154.1463
32
0
13
271.3878
23
154.1463
33
0
0
SOLID
8
DIMENSIONS
10
270.9711
20
157.6463
30
0
11
271.3878
21
160.1463
31
0
12
270.5544
22
160.1463
32
0
13
270.5544
23
160.1463
33
0
0
TEXT
8
DIMENSIONS
10
269.8775
20
152.1550
30
0
40
3.5278
1
1.00
50
90.0000
72
1
73
0
11
269.8775
21
152.1550
31
0
7
STANDARD
0
ENDBLK
8
0
0
BLOCK
8
0
2
*D37
70
1
10
0
20
0
30
0
3
*D37
1

0
LINE
8
DIMENSIONS
10
196.8963
20
109.5763
30
0
11
196.8963
21
114.2803
31
0
0
LINE
8
DIMENSIONS
10
191.8963
20
112.7803
30
0
11
196.8963
21
112.7803
31
0
0
LINE
8
DIMENSIONS
10
214.9790
20
112.7803
30
0
11
205.9963
21
112.7803
31
0
0
LINE
8
DIMENSIONS
10
205.9963
20
109.5763
30
0
11
205.9963
21
114.2803
31
0
0
LINE
8
DIMENSIONS
10
196.8963
20
112.7803
30
0
11
205.9963
21
112.7803
31
0
0
SOLID
8
DIMENSIONS
10
196.8963
20
112.7803
30
0
11
194.3963
21
113.1970
31
0
12
194.3963
22
112.3637
32
0
13
194.3963
23
112.3637
33
0
0
SOLID
8
DIMENSIONS
10
205.9963
20
112.7803
30
0
11
208.4963
21
112.3637
31
0
12
208.4963
22
113.1970
32
0
13
208.4963
23
113.1970
33
0
0
TEXT
8
DIMENSIONS
10
210.4877
20
113.8739
30
0
40
3.5278
1
9.10
72
1
73
0
11
210.4877
21
113.8739
31
0
7
STANDARD
0
ENDBLK
8
0
0
BLOCK
8
0
2
*D38
70
1
10
0
20
0
30
0
3
*D38
1

0
LINE
8
DIMENSIONS
10
220.5220
20
193.2485
30
0
11
196.7642
21
202.8472
31
0
0
LINE
8
DIMENSIONS
10
201.1662
20
206.6605
30
0
11
198.7064
21
207.6543
31
0
0
LINE
8
DIMENSIONS
10
200.0972
20
207.0924
30
0
11
198.1550
21
202.2853
31
0
0
LINE
8
DIMENSIONS
10
201.9702
20
211.7283
30
0
11
200.0972
21
207.0924
31
0
0
LINE
8
DIMENSIONS
10
194.7900
20
193.9566
30
0
11
198.1550
21
202.2853
31
0
0
SOLID
8
DIMENSIONS
10
200.0972
20
207.0924
30
0
11
201.4200
21
209.2542
31
0
12
200.6474
22
209.5664
32
0
13
200.6474
23
209.5664
33
0
0
SOLID
8
DIMENSIONS
10
198.1550
20
202.2853
30
0
11
196.8322
21
200.1234
31
0
12
197.6048
22
199.8113
32
0
13
197.6048
23
199.8113
33
0
0
TEXT
8
DIMENSIONS
10
195.4585
20
198.5306
30
0
40
3.5278
1
5.18
50
68.0000
72
1
73
0
11
195.4585
21
198.5306
31
0
7
STANDARD
0
ENDBLK
8
0
0
BLOCK
8
0
2
*D39
70
1
10
0
20
0
30
0
3
*D39
1

0
LINE
8
DIMENSIONS
10
201.1562
20
183.8962
30
0
11
219.6837
21
189.8702
31
0
0
LINE
8
DIMENSIONS
10
201.1562
20
183.8962
30
0
11
191.7425
21
183.8962
31
0
0
LINE
8
DIMENSIONS
10
221.6824
20
190.5147
30
0
11
219.6837
21
189.8702
31
0
0
LINE
8
DIMENSIONS
10
220.7824
20
190.5147
30
0
11
222.5824
21
190.5147
31
0
0
LINE
8
DIMENSIONS
10
221.6824
20
189.6147
30
0
11
221.6824
21
191.4147
31
0
0
SOLID
8
DIMENSIONS
10
219.6837
20
189.8702
30
0
11
217.1765
21
189.4996
31
0
12
217.4322
22
188.7065
32
0
13
217.4322
23
188.7065
33
0
0
TEXT
8
DIMENSIONS
10
196.4493
20
184.9898
30
0
40
3.5278
1
R2.10
72
1
73
0
11
196.4493
21
184.9898
31
0
7
STANDARD
0
ENDBLK
8
0
0
BLOCK
8
0
2
*D40
70
1
10
0
20
0
30
0
3
*D40
1

0
LINE
8
DIMENSIONS
10
228.1249
20
190.1767
30
0
11
232.3039
21
188.4883
31
0
0
LINE
8
DIMENSIONS
10
226.5516
20
186.2825
30
0
11
230.7305
21
184.5941
31
0
0
LINE
8
DIMENSIONS
10
230.9131
20
189.0502
30
0
11
229.3397
21
185.1560
31
0
0
LINE
8
DIMENSIONS
10
232.7861
20
193.6861
30
0
11
230.9131
21
189.0502
31
0
0
LINE
8
DIMENSIONS
10
225.9747
20
176.8274
30
0
11
229.3397
21
185.1560
31
0
0
SOLID
8
DIMENSIONS
10
230.9131
20
189.0502
30
0
11
232.2359
21
191.2121
31
0
12
231.4633
22
191.5242
32
0
13
231.4633
23
191.5242
33
0
0
SOLID
8
DIMENSIONS
10
229.3397
20
185.1560
30
0
11
228.0169
21
182.9941
31
0
12
228.7895
22
182.6820
32
0
13
228.7895
23
182.6820
33
0
0
TEXT
8
DIMENSIONS
10
226.6433
20
181.4014
30
0
40
3.5278
1
4.20
50
68.0000
72
1
73
0
11
226.6433
21
181.4014
31
0
7
STANDARD
0
ENDBLK
8
0
0
BLOCK
8
0
2
*D41
70
1
10
0
20
0
30
0
3
*D41
1

0
LINE
8
DIMENSIONS
10
220.5220
20
193.2485
30
0
11
225.2190
21
204.8739
31
0
0
LINE
8
DIMENSIONS
10
220.0211
20
205.3561
30
0
11
224.6571
21
203.4831
31
0
0
LINE
8
DIMENSIONS
10
228.1249
20
190.1767
30
0
11
232.8219
21
201.8021
31
0
0
LINE
8
DIMENSIONS
10
224.6571
20
203.4831
30
0
11
232.2600
21
200.4113
31
0
0
LINE
8
DIMENSIONS
10
240.5886
20
197.0463
30
0
11
232.2600
21
200.4113
31
0
0
SOLID
8
DIMENSIONS
10
224.6571
20
203.4831
30
0
11
222.4952
21
204.8059
31
0
12
222.1830
22
204.0333
32
0
13
222.1830
23
204.0333
33
0
0
SOLID
8
DIMENSIONS
10
232.2600
20
200.4113
30
0
11
234.4218
21
199.0885
31
0
12
234.7340
22
199.8611
32
0
13
234.7340
23
199.8611
33
0
0
TEXT
8
DIMENSIONS
10
236.8340
20
199.7428
30
0
40
3.5278
1
8.20
50
-22.0000
72
1
73
0
11
236.8340
21
199.7428
31
0
7
STANDARD
0
ENDBLK
8
0
0
BLOCK
8
0
2
*D42
70
1
10
0
20
0
30
0
3
*D42
1

0
LINE
8
DIMENSIONS
10
115.8112
20
133.6463
30
0
11
155.6852
21
133.6463
31
0
0
LINE
8
DIMENSIONS
10
109.9803
20
84.6463
30
0
11
155.6852
21
84.6463
31
0
0
LINE
8
DIMENSIONS
10
154.1852
20
84.6463
30
0
11
154.1852
21
133.6463
31
0
0
SOLID
8
DIMENSIONS
10
154.1852
20
84.6463
30
0
11
154.6018
21
87.1463
31
0
12
153.7685
22
87.1463
32
0
13
153.7685
23
87.1463
33
0
0
SOLID
8
DIMENSIONS
10
154.1852
20
133.6463
30
0
11
153.7685
21
131.1463
31
0
12
154.6018
22
131.1463
32
0
13
154.6018
23
131.1463
33
0
0
TEXT
8
DIMENSIONS
10
153.0915
20
109.1463
30
0
40
3.5278
1
49.00
50
90.0000
72
1
73
0
11
153.0915
21
109.1463
31
0
7
STANDARD
0
ENDBLK
8
0
0
BLOCK
8
0
2
*D43
70
1
10
0
20
0
30
0
3
*D43
1

0
LINE
8
DIMENSIONS
10
96.4112
20
114.6463
30
0
11
81.9644
21
114.6463
31
0
0
LINE
8
DIMENSIONS
10
88.8644
20
112.1463
30
0
11
81.9644
21
112.1463
31
0
0
LINE
8
DIMENSIONS
10
83.4644
20
112.1463
30
0
11
83.4644
21
114.6463
31
0
0
LINE
8
DIMENSIONS
10
83.4644
20
103.1636
30
0
11
83.4644
21
112.1463
31
0
0
LINE
8
DIMENSIONS
10
83.4644
20
119.6463
30
0
11
83.4644
21
114.6463
31
0
0
SOLID
8
DIMENSIONS
10
83.4644
20
112.1463
30
0
11
83.0477
21
109.6463
31
0
12
83.8811
22
109.6463
32
0
13
83.8811
23
109.6463
33
0
0
SOLID
8
DIMENSIONS
10
83.4644
20
114.6463
30
0
11
83.8811
21
117.1463
31
0
12
83.0477
22
117.1463
32
0
13
83.0477
23
117.1463
33
0
0
TEXT
8
DIMENSIONS
10
82.3708
20
107.6550
30
0
40
3.5278
1
2.50
50
90.0000
72
1
73
0
11
82.3708
21
107.6550
31
0
7
STANDARD
0
ENDBLK
8
0
0
ENDSEC
0
SECTION
2
ENTITIES
0
LINE
8
Smart_Centers
6
CENTER
10
113.7112
20
81.4963
30
0
11
113.7112
21
161.7911
31
0
0
LINE
8
Smart_Centers
6
CENTER
10
199.8163
20
171.5923
30
0
11
199.8163
21
81.9314
31
0
0
LINE
8
Smart_Centers
6
CENTER
10
225.9363
20
195.7045
30
0
11
206.4639
21
147.5087
31
0
0
LINE
8
Smart_Centers
10
97.6183
20
114.6463
30
0
11
99.4042
21
114.6463
31
0
0
LINE
8
Smart_Centers
10
98.5112
20
113.7534
30
0
11
98.5112
21
115.5393
31
0
0
LINE
8
Smart_Centers
6
CENTER
10
83.4527
20
114.6463
30
0
11
95.8323
21
114.6463
31
0
0
LINE
8
Smart_Centers
6
CENTER
10
101.1901
20
114.6463
30
0
11
103.0112
21
114.6463
31
0
0
LINE
8
Smart_Centers
6
CENTER
10
98.5112
20
110.1463
30
0
11
98.5112
21
111.9674
31
0
0
LINE
8
Smart_Centers
6
CENTER
10
98.5112
20
117.3252
30
0
11
98.5112
21
119.1463
31
0
0
LINE
8
Smart_Centers
10
128.0183
20
114.6463
30
0
11
129.8042
21
114.6463
31
0
0
LINE
8
Smart_Centers
10
128.9112
20
113.7534
30
0
11
128.9112
21
115.5393
31
0
0
LINE
8
Smart_Centers
6
CENTER
10
124.4112
20
114.6463
30
0
11
126.2323
21
114.6463
31
0
0
LINE
8
Smart_Centers
6
CENTER
10
131.5901
20
114.6463
30
0
11
143.6277
21
114.6463
31
0
0
LINE
8
Smart_Centers
6
CENTER
10
128.9112
20
110.1463
30
0
11
128.9112
21
111.9674
31
0
0
LINE
8
Smart_Centers
6
CENTER
10
128.9112
20
117.3252
30
0
11
128.9112
21
119.1463
31
0
0
POLYLINE
8
Breakout_Section
66
1
70
1
10
0
20
0
30
0
0
VERTEX
8
Breakout_Section
10
59.1390
20
109.9769
30
0
0
VERTEX
8
Breakout_Section
10
58.6804
20
110.2330
30
0
0
VERTEX
8
Breakout_Section
10
58.1849
20
110.4415
30
0
0
VERTEX
8
Breakout_Section
10
57.6562
20
110.6040
30
0
0
VERTEX
8
Breakout_Section
10
57.0982
20
110.7223
30
0
0
VERTEX
8
Breakout_Section
10
56.5147
20
110.7982
30
0
0
VERTEX
8
Breakout_Section
10
55.9094
20
110.8334
30
0
0
VERTEX
8
Breakout_Section
10
55.2861
20
110.8296
30
0
0
VERTEX
8
Breakout_Section
10
54.6488
20
110.7885
30
0
0
VERTEX
8
Breakout_Section
10
54.0010
20
110.7119
30
0
0
VERTEX
8
Breakout_Section
10
53.3467
20
110.6016
30
0
0
VERTEX
8
Breakout_Section
10
52.6897
20
110.4592
30
0
0
VERTEX
8
Breakout_Section
10
52.0336
20
110.2865
30
0
0
VERTEX
8
Breakout_Section
10
51.3824
20
110.0852
30
0
0
VERTEX
8
Breakout_Section
10
50.7399
20
109.8572
30
0
0
VERTEX
8
Breakout_Section
10
50.1097
20
109.6040
30
0
0
VERTEX
8
Breakout_Section
10
49.4958
20
109.3274
30
0
0
VERTEX
8
Breakout_Section
10
48.9018
20
109.0292
30
0
0
VERTEX
8
Breakout_Section
10
48.3317
20
108.7111
30
0
0
VERTEX
8
Breakout_Section
10
47.7892
20
108.3749
30
0
0
VERTEX
8
Breakout_Section
10
47.2780
20
108.0222
30
0
0
VERTEX
8
Breakout_Section
10
46.8021
20
107.6549
30
0
0
VERTEX
8
Breakout_Section
10
46.3652
20
107.2746
30
0
0
VERTEX
8
Breakout_Section
10
45.9710
20
106.8831
30
0
0
VERTEX
8
Breakout_Section
10
45.6234
20
106.4821
30
0
0
VERTEX
8
Breakout_Section
10
45.3262
20
106.0733
30
0
0
VERTEX
8
Breakout_Section
10
45.0832
20
105.6586
30
0
0
VERTEX
8
Breakout_Section
10
44.8981
20
105.2395
30
0
0
VERTEX
8
Breakout_Section
10
44.7748
20
104.8180
30
0
0
VERTEX
8
Breakout_Section
10
44.7170
20
104.3956
30
0
0
VERTEX
8
Breakout_Section
10
44.7285
20
103.9741
30
0
0
VERTEX
8
Breakout_Section
10
44.8091
20
103.5551
30
0
0
VERTEX
8
Breakout_Section
10
44.9552
20
103.1400
30
0
0
VERTEX
8
Breakout_Section
10
45.1632
20
102.7299
30
0
0
VERTEX
8
Breakout_Section
10
45.4291
20
102.3264
30
0
0
VERTEX
8
Breakout_Section
10
45.7493
20
101.9308
30
0
0
VERTEX
8
Breakout_Section
10
46.1200
20
101.5443
30
0
0
VERTEX
8
Breakout_Section
10
46.5374
20
101.1684
30
0
0
VERTEX
8
Breakout_Section
10
46.9978
20
100.8044
30
0
0
VERTEX
8
Breakout_Section
10
47.4973
20
100.4537
30
0
0
VERTEX
8
Breakout_Section
10
48.0323
20
100.1175
30
0
0
VERTEX
8
Breakout_Section
10
48.5989
20
99.7973
30
0
0
VERTEX
8
Breakout_Section
10
49.1933
20
99.4943
30
0
0
VERTEX
8
Breakout_Section
10
49.8119
20
99.2100
30
0
0
VERTEX
8
Breakout_Section
10
50.4508
20
98.9456
30
0
0
VERTEX
8
Breakout_Section
10
51.1063
20
98.7026
30
0
0
VERTEX
8
Breakout_Section
10
51.7745
20
98.4823
30
0
0
VERTEX
8
Breakout_Section
10
52.4519
20
98.2860
30
0
0
VERTEX
8
Breakout_Section
10
53.1344
20
98.1150
30
0
0
VERTEX
8
Breakout_Section
10
53.8185
20
97.9707
30
0
0
VERTEX
8
Breakout_Section
10
54.5003
20
97.8546
30
0
0
VERTEX
8
Breakout_Section
10
55.1761
20
97.7678
30
0
0
VERTEX
8
Breakout_Section
10
55.8421
20
97.7117
30
0
0
VERTEX
8
Breakout_Section
10
56.4945
20
97.6878
30
0
0
VERTEX
8
Breakout_Section
10
57.1295
20
97.6973
30
0
0
VERTEX
8
Breakout_Section
10
57.7435
20
97.7416
30
0
0
VERTEX
8
Breakout_Section
10
58.3325
20
97.8221
30
0
0
VERTEX
8
Breakout_Section
10
58.8930
20
97.9400
30
0
0
VERTEX
8
Breakout_Section
10
59.4210
20
98.0968
30
0
0
VERTEX
8
Breakout_Section
10
59.9128
20
98.2938
30
0
0
VERTEX
8
Breakout_Section
10
60.3647
20
98.5322
30
0
0
VERTEX
8
Breakout_Section
10
60.7729
20
98.8136
30
0
0
VERTEX
8
Breakout_Section
10
61.1335
20
99.1392
30
0
0
VERTEX
8
Breakout_Section
10
61.4436
20
99.5097
30
0
0
VERTEX
8
Breakout_Section
10
61.7034
20
99.9222
30
0
0
VERTEX
8
Breakout_Section
10
61.9150
20
100.3719
30
0
0
VERTEX
8
Breakout_Section
10
62.0802
20
100.8545
30
0
0
VERTEX
8
Breakout_Section
10
62.2011
20
101.3653
30
0
0
VERTEX
8
Breakout_Section
10
62.2795
20
101.8997
30
0
0
VERTEX
8
Breakout_Section
10
62.3174
20
102.4533
30
0
0
VERTEX
8
Breakout_Section
10
62.3166
20
103.0214
30
0
0
VERTEX
8
Breakout_Section
10
62.2792
20
103.5995
30
0
0
VERTEX
8
Breakout_Section
10
62.2071
20
104.1830
30
0
0
VERTEX
8
Breakout_Section
10
62.1021
20
104.7674
30
0
0
VERTEX
8
Breakout_Section
10
61.9662
20
105.3481
30
0
0
VERTEX
8
Breakout_Section
10
61.8014
20
105.9205
30
0
0
VERTEX
8
Breakout_Section
10
61.6095
20
106.4801
30
0
0
VERTEX
8
Breakout_Section
10
61.3926
20
107.0224
30
0
0
VERTEX
8
Breakout_Section
10
61.1525
20
107.5428
30
0
0
VERTEX
8
Breakout_Section
10
60.8899
20
108.0368
30
0
0
VERTEX
8
Breakout_Section
10
60.6023
20
108.5006
30
0
0
VERTEX
8
Breakout_Section
10
60.2866
20
108.9304
30
0
0
VERTEX
8
Breakout_Section
10
59.9395
20
109.3222
30
0
0
VERTEX
8
Breakout_Section
10
59.5581
20
109.6723
30
0
0
SEQEND
8
Breakout_Section
0
LINE
8
Smart_Centers
10
198.9233
20
133.6406
30
0
11
200.7093
21
133.6406
31
0
0
LINE
8
Smart_Centers
10
199.8163
20
132.7476
30
0
11
199.8163
21
134.5335
31
0
0
LINE
8
Smart_Centers
6
CENTER
10
171.3187
20
133.6406
30
0
11
197.1374
21
133.6406
31
0
0
LINE
8
Smart_Centers
6
CENTER
10
202.4952
20
133.6406
30
0
11
228.3140
21
133.6406
31
0
0
LINE
8
Smart_Centers
6
CENTER
10
199.8163
20
105.1429
30
0
11
199.8163
21
130.9617
31
0
0
LINE
8
Smart_Centers
6
CENTER
10
199.8163
20
136.3195
30
0
11
199.8163
21
162.1382
31
0
0
LINE
8
Edge_Extensions
10
124.7112
20
45.7255
30
0
11
124.7112
21
43.3971
31
0
0
LINE
8
Edge_Extensions
10
125.2970
20
44.3113
30
0
11
123.6506
21
45.9578
31
0
0
LINE
8
Edge_Extensions
10
128.5397
20
41.8971
30
0
11
126.2112
21
41.8971
31
0
0
LINE
8
Edge_Extensions
10
127.1255
20
42.4829
30
0
11
128.7719
21
40.8364
31
0
0
LINE
8
Visible
10
89.8598
20
136.3130
30
0
11
89.5338
21
133.3963
31
0
0
LINE
8
Visible
10
89.5338
20
133.3963
30
0
11
90.5400
21
133.3963
31
0
0
LINE
8
Visible
10
90.5400
20
133.3963
30
0
11
90.8537
21
136.2019
31
0
0
ARC
8
Visible
10
113.7112
20
133.6463
30
0
40
23.0000
50
6.3794
51
173.6206
0
LINE
8
Visible
10
136.5688
20
136.2019
30
0
11
136.8825
21
133.3963
31
0
0
LINE
8
Visible
10
136.8825
20
133.3963
30
0
11
137.8887
21
133.3963
31
0
0
LINE
8
Visible
10
137.8887
20
133.3963
30
0
11
137.5626
21
136.3130
31
0
0
ARC
8
Visible
10
113.7112
20
133.6463
30
0
40
24.0000
50
6.3794
51
173.6206
0
LINE
8
Visible
10
107.8803
20
85.6463
30
0
11
119.5422
21
85.6463
31
0
0
ARC
8
Visible
10
107.8803
20
94.6463
30
0
40
9.0000
50
250.5370
51
270.0000
0
ARC
8
Visible
10
113.7112
20
111.1463
30
0
40
26.5000
50
177.8374
51
250.5370
0
ARC
8
Visible
10
113.7112
20
111.1463
30
0
40
26.5000
50
289.4630
51
2.1626
0
ARC
8
Visible
10
119.5422
20
94.6463
30
0
40
9.0000
50
270.0000
51
289.4630
0
LINE
8
Visible
10
140.1924
20
112.1463
30
0
11
139.1916
21
112.1463
31
0
0
ARC
8
Visible
10
113.7112
20
111.1463
30
0
40
25.5000
50
289.4630
51
2.2475
0
ARC
8
Visible
10
119.5422
20
94.6463
30
0
40
8.0000
50
270.0000
51
289.4630
0
LINE
8
Visible
10
119.5422
20
86.6463
30
0
11
107.8803
21
86.6463
31
0
0
ARC
8
Visible
10
107.8803
20
94.6463
30
0
40
8.0000
50
250.5370
51
270.0000
0
ARC
8
Visible
10
113.7112
20
111.1463
30
0
40
25.5000
50
177.7525
51
250.5370
0
LINE
8
Visible
10
88.2309
20
112.1463
30
0
11
87.2301
21
112.1463
31
0
0
POLYLINE
8
Visible
66
1
70
0
10
0
20
0
30
0
0
VERTEX
8
Visible
10
128.5112
20
130.5365
30
0
0
VERTEX
8
Visible
10
128.5355
20
130.4521
30
0
0
VERTEX
8
Visible
10
128.5598
20
130.3678
30
0
0
VERTEX
8
Visible
10
128.5840
20
130.2834
30
0
0
VERTEX
8
Visible
10
128.6082
20
130.1990
30
0
0
VERTEX
8
Visible
10
128.6323
20
130.1146
30
0
0
VERTEX
8
Visible
10
128.6565
20
130.0301
30
0
0
VERTEX
8
Visible
10
128.6806
20
129.9456
30
0
0
VERTEX
8
Visible
10
128.7046
20
129.8611
30
0
0
VERTEX
8
Visible
10
128.7287
20
129.7766
30
0
0
VERTEX
8
Visible
10
128.7527
20
129.6920
30
0
0
VERTEX
8
Visible
10
128.7767
20
129.6074
30
0
0
VERTEX
8
Visible
10
128.8006
20
129.5229
30
0
0
VERTEX
8
Visible
10
128.8245
20
129.4383
30
0
0
VERTEX
8
Visible
10
128.8484
20
129.3536
30
0
0
VERTEX
8
Visible
10
128.8722
20
129.2690
30
0
0
VERTEX
8
Visible
10
128.8960
20
129.1844
30
0
0
VERTEX
8
Visible
10
128.9198
20
129.0997
30
0
0
VERTEX
8
Visible
10
128.9435
20
129.0150
30
0
0
VERTEX
8
Visible
10
128.9673
20
128.9304
30
0
0
VERTEX
8
Visible
10
128.9909
20
128.8457
30
0
0
VERTEX
8
Visible
10
129.0146
20
128.7610
30
0
0
VERTEX
8
Visible
10
129.0382
20
128.6763
30
0
0
VERTEX
8
Visible
10
129.0618
20
128.5916
30
0
0
VERTEX
8
Visible
10
129.0853
20
128.5069
30
0
0
VERTEX
8
Visible
10
129.1088
20
128.4222
30
0
0
VERTEX
8
Visible
10
129.1323
20
128.3375
30
0
0
VERTEX
8
Visible
10
129.1557
20
128.2528
30
0
0
VERTEX
8
Visible
10
129.1791
20
128.1681
30
0
0
VERTEX
8
Visible
10
129.2025
20
128.0834
30
0
0
VERTEX
8
Visible
10
129.2259
20
127.9987
30
0
0
VERTEX
8
Visible
10
129.2492
20
127.9140
30
0
0
VERTEX
8
Visible
10
129.2724
20
127.8294
30
0
0
VERTEX
8
Visible
10
129.2957
20
127.7447
30
0
0
VERTEX
8
Visible
10
129.3189
20
127.6600
30
0
0
VERTEX
8
Visible
10
129.3420
20
127.5754
30
0
0
VERTEX
8
Visible
10
129.3652
20
127.4908
30
0
0
VERTEX
8
Visible
10
129.3883
20
127.4061
30
0
0
VERTEX
8
Visible
10
129.4113
20
127.3215
30
0
0
VERTEX
8
Visible
10
129.4343
20
127.2369
30
0
0
VERTEX
8
Visible
10
129.4573
20
127.1524
30
0
0
VERTEX
8
Visible
10
129.4803
20
127.0678
30
0
0
VERTEX
8
Visible
10
129.5032
20
126.9833
30
0
0
VERTEX
8
Visible
10
129.5261
20
126.8987
30
0
0
VERTEX
8
Visible
10
129.5489
20
126.8143
30
0
0
VERTEX
8
Visible
10
129.5717
20
126.7298
30
0
0
VERTEX
8
Visible
10
129.5945
20
126.6453
30
0
0
VERTEX
8
Visible
10
129.6172
20
126.5609
30
0
0
VERTEX
8
Visible
10
129.6399
20
126.4765
30
0
0
SEQEND
8
Visible
0
LINE
8
Visible
10
128.5112
20
130.5365
30
0
11
128.5112
21
124.5463
31
0
0
LINE
8
Visible
10
119.1112
20
124.5463
30
0
11
128.5112
21
124.5463
31
0
0
LINE
8
Visible
10
119.1112
20
124.5463
30
0
11
119.1112
21
137.1463
31
0
0
LINE
8
Visible
10
119.1112
20
137.1463
30
0
11
126.4495
21
137.1463
31
0
0
POLYLINE
8
Visible
66
1
70
0
10
0
20
0
30
0
0
VERTEX
8
Visible
10
126.1182
20
137.9463
30
0
0
VERTEX
8
Visible
10
126.1256
20
137.9299
30
0
0
VERTEX
8
Visible
10
126.1330
20
137.9134
30
0
0
VERTEX
8
Visible
10
126.1404
20
137.8970
30
0
0
VERTEX
8
Visible
10
126.1478
20
137.8805
30
0
0
VERTEX
8
Visible
10
126.1552
20
137.8640
30
0
0
VERTEX
8
Visible
10
126.1625
20
137.8476
30
0
0
VERTEX
8
Visible
10
126.1698
20
137.8311
30
0
0
VERTEX
8
Visible
10
126.1771
20
137.8146
30
0
0
VERTEX
8
Visible
10
126.1843
20
137.7980
30
0
0
VERTEX
8
Visible
10
126.1916
20
137.7815
30
0
0
VERTEX
8
Visible
10
126.1988
20
137.7650
30
0
0
VERTEX
8
Visible
10
126.2060
20
137.7484
30
0
0
VERTEX
8
Visible
10
126.2132
20
137.7319
30
0
0
VERTEX
8
Visible
10
126.2203
20
137.7153
30
0
0
VERTEX
8
Visible
10
126.2274
20
137.6987
30
0
0
VERTEX
8
Visible
10
126.2345
20
137.6821
30
0
0
VERTEX
8
Visible
10
126.2416
20
137.6655
30
0
0
VERTEX
8
Visible
10
126.2487
20
137.6489
30
0
0
VERTEX
8
Visible
10
126.2557
20
137.6323
30
0
0
VERTEX
8
Visible
10
126.2627
20
137.6157
30
0
0
VERTEX
8
Visible
10
126.2697
20
137.5991
30
0
0
VERTEX
8
Visible
10
126.2767
20
137.5824
30
0
0
VERTEX
8
Visible
10
126.2836
20
137.5658
30
0
0
VERTEX
8
Visible
10
126.2905
20
137.5491
30
0
0
VERTEX
8
Visible
10
126.2974
20
137.5324
30
0
0
VERTEX
8
Visible
10
126.3043
20
137.5157
30
0
0
VERTEX
8
Visible
10
126.3111
20
137.4990
30
0
0
VERTEX
8
Visible
10
126.3180
20
137.4823
30
0
0
VERTEX
8
Visible
10
126.3248
20
137.4656
30
0
0
VERTEX
8
Visible
10
126.3315
20
137.4489
30
0
0
VERTEX
8
Visible
10
126.3383
20
137.4322
30
0
0
VERTEX
8
Visible
10
126.3450
20
137.4154
30
0
0
VERTEX
8
Visible
10
126.3517
20
137.3987
30
0
0
VERTEX
8
Visible
10
126.3584
20
137.3819
30
0
0
VERTEX
8
Visible
10
126.3651
20
137.3652
30
0
0
VERTEX
8
Visible
10
126.3717
20
137.3484
30
0
0
VERTEX
8
Visible
10
126.3783
20
137.3316
30
0
0
VERTEX
8
Visible
10
126.3849
20
137.3148
30
0
0
VERTEX
8
Visible
10
126.3915
20
137.2980
30
0
0
VERTEX
8
Visible
10
126.3980
20
137.2812
30
0
0
VERTEX
8
Visible
10
126.4045
20
137.2644
30
0
0
VERTEX
8
Visible
10
126.4110
20
137.2475
30
0
0
VERTEX
8
Visible
10
126.4175
20
137.2307
30
0
0
VERTEX
8
Visible
10
126.4240
20
137.2138
30
0
0
VERTEX
8
Visible
10
126.4304
20
137.1970
30
0
0
VERTEX
8
Visible
10
126.4368
20
137.1801
30
0
0
VERTEX
8
Visible
10
126.4432
20
137.1632
30
0
0
VERTEX
8
Visible
10
126.4495
20
137.1463
30
0
0
SEQEND
8
Visible
0
LINE
8
Visible
10
119.1112
20
137.9463
30
0
11
126.1182
21
137.9463
31
0
0
LINE
8
Visible
10
119.1112
20
137.9463
30
0
11
119.1112
21
144.6674
31
0
0
ARC
8
Visible
10
113.8354
20
131.8937
30
0
40
13.8203
50
67.5583
51
71.1037
0
LINE
8
Visible
10
118.3112
20
144.9692
30
0
11
118.3112
21
137.9463
31
0
0
LINE
8
Visible
10
115.7293
20
137.9463
30
0
11
118.3112
21
137.9463
31
0
0
LINE
8
Visible
10
118.3112
20
132.4621
30
0
11
118.3112
21
124.5463
31
0
0
LINE
8
Visible
10
109.1112
20
124.5463
30
0
11
118.3112
21
124.5463
31
0
0
LINE
8
Visible
10
109.1112
20
124.5463
30
0
11
109.1112
21
132.4621
31
0
0
LINE
8
Visible
10
109.1112
20
137.9463
30
0
11
111.6932
21
137.9463
31
0
0
LINE
8
Visible
10
109.1112
20
137.9463
30
0
11
109.1112
21
144.9692
31
0
0
ARC
8
Visible
10
113.5871
20
131.8937
30
0
40
13.8203
50
108.8963
51
112.4417
0
LINE
8
Visible
10
108.3112
20
144.6674
30
0
11
108.3112
21
137.9463
31
0
0
LINE
8
Visible
10
105.3312
20
137.9463
30
0
11
108.3112
21
137.9463
31
0
0
LINE
8
Visible
10
105.3263
20
137.1463
30
0
11
108.3112
21
137.1463
31
0
0
LINE
8
Visible
10
108.3112
20
137.1463
30
0
11
108.3112
21
124.5463
31
0
0
LINE
8
Visible
10
98.9112
20
124.5463
30
0
11
108.3112
21
124.5463
31
0
0
LINE
8
Visible
10
98.9112
20
124.5463
30
0
11
98.9112
21
130.5365
31
0
0
POLYLINE
8
Visible
66
1
70
0
10
0
20
0
30
0
0
VERTEX
8
Visible
10
97.7826
20
126.4765
30
0
0
VERTEX
8
Visible
10
97.8052
20
126.5609
30
0
0
VERTEX
8
Visible
10
97.8280
20
126.6453
30
0
0
VERTEX
8
Visible
10
97.8507
20
126.7297
30
0
0
VERTEX
8
Visible
10
97.8735
20
126.8142
30
0
0
VERTEX
8
Visible
10
97.8964
20
126.8987
30
0
0
VERTEX
8
Visible
10
97.9193
20
126.9832
30
0
0
VERTEX
8
Visible
10
97.9422
20
127.0677
30
0
0
VERTEX
8
Visible
10
97.9651
20
127.1522
30
0
0
VERTEX
8
Visible
10
97.9881
20
127.2368
30
0
0
VERTEX
8
Visible
10
98.0111
20
127.3214
30
0
0
VERTEX
8
Visible
10
98.0342
20
127.4060
30
0
0
VERTEX
8
Visible
10
98.0573
20
127.4906
30
0
0
VERTEX
8
Visible
10
98.0804
20
127.5752
30
0
0
VERTEX
8
Visible
10
98.1036
20
127.6599
30
0
0
VERTEX
8
Visible
10
98.1268
20
127.7445
30
0
0
VERTEX
8
Visible
10
98.1500
20
127.8292
30
0
0
VERTEX
8
Visible
10
98.1733
20
127.9139
30
0
0
VERTEX
8
Visible
10
98.1966
20
127.9985
30
0
0
VERTEX
8
Visible
10
98.2199
20
128.0832
30
0
0
VERTEX
8
Visible
10
98.2433
20
128.1679
30
0
0
VERTEX
8
Visible
10
98.2667
20
128.2526
30
0
0
VERTEX
8
Visible
10
98.2901
20
128.3373
30
0
0
VERTEX
8
Visible
10
98.3136
20
128.4220
30
0
0
VERTEX
8
Visible
10
98.3371
20
128.5067
30
0
0
VERTEX
8
Visible
10
98.3607
20
128.5914
30
0
0
VERTEX
8
Visible
10
98.3842
20
128.6761
30
0
0
VERTEX
8
Visible
10
98.4078
20
128.7608
30
0
0
VERTEX
8
Visible
10
98.4315
20
128.8455
30
0
0
VERTEX
8
Visible
10
98.4552
20
128.9302
30
0
0
VERTEX
8
Visible
10
98.4789
20
129.0149
30
0
0
VERTEX
8
Visible
10
98.5026
20
129.0995
30
0
0
VERTEX
8
Visible
10
98.5264
20
129.1842
30
0
0
VERTEX
8
Visible
10
98.5502
20
129.2688
30
0
0
VERTEX
8
Visible
10
98.5741
20
129.3535
30
0
0
VERTEX
8
Visible
10
98.5979
20
129.4381
30
0
0
VERTEX
8
Visible
10
98.6218
20
129.5227
30
0
0
VERTEX
8
Visible
10
98.6458
20
129.6073
30
0
0
VERTEX
8
Visible
10
98.6698
20
129.6919
30
0
0
VERTEX
8
Visible
10
98.6938
20
129.7764
30
0
0
VERTEX
8
Visible
10
98.7178
20
129.8610
30
0
0
VERTEX
8
Visible
10
98.7419
20
129.9455
30
0
0
VERTEX
8
Visible
10
98.7660
20
130.0300
30
0
0
VERTEX
8
Visible
10
98.7901
20
130.1145
30
0
0
VERTEX
8
Visible
10
98.8143
20
130.1989
30
0
0
VERTEX
8
Visible
10
98.8385
20
130.2834
30
0
0
VERTEX
8
Visible
10
98.8627
20
130.3678
30
0
0
VERTEX
8
Visible
10
98.8869
20
130.4521
30
0
0
VERTEX
8
Visible
10
98.9112
20
130.5365
30
0
0
SEQEND
8
Visible
0
POLYLINE
8
Visible
66
1
70
0
10
0
20
0
30
0
0
VERTEX
8
Visible
10
97.0659
20
123.7463
30
0
0
VERTEX
8
Visible
10
97.1108
20
123.9209
30
0
0
VERTEX
8
Visible
10
97.1556
20
124.0950
30
0
0
VERTEX
8
Visible
10
97.2004
20
124.2685
30
0
0
VERTEX
8
Visible
10
97.2453
20
124.4415
30
0
0
VERTEX
8
Visible
10
97.2901
20
124.6140
30
0
0
VERTEX
8
Visible
10
97.3349
20
124.7860
30
0
0
VERTEX
8
Visible
10
97.3797
20
124.9574
30
0
0
VERTEX
8
Visible
10
97.4245
20
125.1283
30
0
0
VERTEX
8
Visible
10
97.4693
20
125.2987
30
0
0
VERTEX
8
Visible
10
97.5141
20
125.4686
30
0
0
VERTEX
8
Visible
10
97.5588
20
125.6379
30
0
0
VERTEX
8
Visible
10
97.6036
20
125.8067
30
0
0
VERTEX
8
Visible
10
97.6484
20
125.9749
30
0
0
VERTEX
8
Visible
10
97.6931
20
126.1427
30
0
0
VERTEX
8
Visible
10
97.7378
20
126.3099
30
0
0
VERTEX
8
Visible
10
97.7826
20
126.4765
30
0
0
SEQEND
8
Visible
0
LINE
8
Visible
10
97.0659
20
123.7463
30
0
11
98.1112
21
123.7463
31
0
0
LINE
8
Visible
10
98.1112
20
123.7463
30
0
11
98.1112
21
117.3671
31
0
0
ARC
8
Visible
10
98.5112
20
114.6463
30
0
40
2.7500
50
98.3636
51
245.3800
0
ARC
8
Visible
10
98.5112
20
114.6463
30
0
40
2.7500
50
294.6200
51
81.6364
0
LINE
8
Visible
10
98.9112
20
117.3671
30
0
11
98.9112
21
123.7463
31
0
0
LINE
8
Visible
10
98.9112
20
123.7463
30
0
11
108.3112
21
123.7463
31
0
0
LINE
8
Visible
10
108.3112
20
123.7463
30
0
11
108.3112
21
112.1463
31
0
0
LINE
8
Visible
10
102.7112
20
112.1463
30
0
11
108.3112
21
112.1463
31
0
0
LINE
8
Visible
10
108.3112
20
111.3463
30
0
11
102.7112
21
111.3463
31
0
0
LINE
8
Visible
10
108.3112
20
109.2316
30
0
11
108.3112
21
111.3463
31
0
0
ARC
8
Visible
10
108.9312
20
107.9763
30
0
40
1.4000
50
90.0000
51
116.2863
0
LINE
8
Visible
10
108.9312
20
109.3763
30
0
11
109.1112
21
109.3763
31
0
0
LINE
8
Visible
10
109.1112
20
109.3763
30
0
11
109.1112
21
111.3463
31
0
0
LINE
8
Visible
10
118.3112
20
111.3463
30
0
11
109.1112
21
111.3463
31
0
0
LINE
8
Visible
10
118.3112
20
111.3463
30
0
11
118.3112
21
100.5463
31
0
0
LINE
8
Visible
10
109.1112
20
100.5463
30
0
11
118.3112
21
100.5463
31
0
0
LINE
8
Visible
10
109.1112
20
100.5463
30
0
11
109.1112
21
106.0763
31
0
0
LINE
8
Visible
10
109.1112
20
106.0763
30
0
11
108.9312
21
106.0763
31
0
0
ARC
8
Visible
10
108.9312
20
107.4763
30
0
40
1.4000
50
243.7137
51
270.0000
0
LINE
8
Visible
10
108.3112
20
106.2211
30
0
11
108.3112
21
100.5463
31
0
0
LINE
8
Visible
10
98.9112
20
100.5463
30
0
11
108.3112
21
100.5463
31
0
0
LINE
8
Visible
10
98.9112
20
100.5463
30
0
11
98.9112
21
111.3463
31
0
0
LINE
8
Visible
10
98.1112
20
111.3463
30
0
11
98.1112
21
100.5463
31
0
0
LINE
8
Visible
10
97.0934
20
100.5463
30
0
11
98.1112
21
100.5463
31
0
0
ARC
8
Visible
10
113.6161
20
110.4012
30
0
40
19.2384
50
210.8139
51
220.1510
0
LINE
8
Visible
10
98.9112
20
97.9962
30
0
11
98.9112
21
99.7463
31
0
0
LINE
8
Visible
10
98.9112
20
99.7463
30
0
11
108.3112
21
99.7463
31
0
0
LINE
8
Visible
10
108.3112
20
99.7463
30
0
11
108.3112
21
91.8952
31
0
0
ARC
8
Visible
10
113.7087
20
110.5231
30
0
40
19.3941
50
253.8410
51
256.2873
0
LINE
8
Visible
10
109.1112
20
91.6818
30
0
11
109.1112
21
99.7463
31
0
0
LINE
8
Visible
10
109.1112
20
99.7463
30
0
11
118.3112
21
99.7463
31
0
0
LINE
8
Visible
10
118.3112
20
99.7463
30
0
11
118.3112
21
91.6818
31
0
0
ARC
8
Visible
10
113.7138
20
110.5231
30
0
40
19.3941
50
283.7127
51
286.1590
0
LINE
8
Visible
10
119.1112
20
91.8952
30
0
11
119.1112
21
99.7463
31
0
0
LINE
8
Visible
10
119.1112
20
99.7463
30
0
11
128.5112
21
99.7463
31
0
0
LINE
8
Visible
10
128.5112
20
99.7463
30
0
11
128.5112
21
97.9962
31
0
0
ARC
8
Visible
10
113.8147
20
110.3953
30
0
40
19.2282
50
319.8465
51
329.1886
0
LINE
8
Visible
10
129.3112
20
100.5463
30
0
11
130.3290
21
100.5463
31
0
0
LINE
8
Visible
10
129.3112
20
100.5463
30
0
11
129.3112
21
104.4293
31
0
0
LINE
8
Visible
10
132.0929
20
104.4293
30
0
11
129.3112
21
104.4293
31
0
0
POLYLINE
8
Visible
66
1
70
0
10
0
20
0
30
0
0
VERTEX
8
Visible
10
132.3343
20
105.2293
30
0
0
VERTEX
8
Visible
10
132.3296
20
105.2126
30
0
0
VERTEX
8
Visible
10
132.3249
20
105.1958
30
0
0
VERTEX
8
Visible
10
132.3202
20
105.1790
30
0
0
VERTEX
8
Visible
10
132.3155
20
105.1623
30
0
0
VERTEX
8
Visible
10
132.3108
20
105.1455
30
0
0
VERTEX
8
Visible
10
132.3060
20
105.1288
30
0
0
VERTEX
8
Visible
10
132.3013
20
105.1120
30
0
0
VERTEX
8
Visible
10
132.2965
20
105.0953
30
0
0
VERTEX
8
Visible
10
132.2917
20
105.0785
30
0
0
VERTEX
8
Visible
10
132.2869
20
105.0618
30
0
0
VERTEX
8
Visible
10
132.2821
20
105.0451
30
0
0
VERTEX
8
Visible
10
132.2772
20
105.0283
30
0
0
VERTEX
8
Visible
10
132.2724
20
105.0116
30
0
0
VERTEX
8
Visible
10
132.2675
20
104.9949
30
0
0
VERTEX
8
Visible
10
132.2626
20
104.9782
30
0
0
VERTEX
8
Visible
10
132.2577
20
104.9615
30
0
0
VERTEX
8
Visible
10
132.2528
20
104.9448
30
0
0
VERTEX
8
Visible
10
132.2479
20
104.9281
30
0
0
VERTEX
8
Visible
10
132.2429
20
104.9114
30
0
0
VERTEX
8
Visible
10
132.2380
20
104.8947
30
0
0
VERTEX
8
Visible
10
132.2330
20
104.8780
30
0
0
VERTEX
8
Visible
10
132.2280
20
104.8614
30
0
0
VERTEX
8
Visible
10
132.2230
20
104.8447
30
0
0
VERTEX
8
Visible
10
132.2180
20
104.8280
30
0
0
VERTEX
8
Visible
10
132.2129
20
104.8113
30
0
0
VERTEX
8
Visible
10
132.2079
20
104.7947
30
0
0
VERTEX
8
Visible
10
132.2028
20
104.7780
30
0
0
VERTEX
8
Visible
10
132.1977
20
104.7614
30
0
0
VERTEX
8
Visible
10
132.1926
20
104.7447
30
0
0
VERTEX
8
Visible
10
132.1875
20
104.7281
30
0
0
VERTEX
8
Visible
10
132.1824
20
104.7114
30
0
0
VERTEX
8
Visible
10
132.1773
20
104.6948
30
0
0
VERTEX
8
Visible
10
132.1721
20
104.6782
30
0
0
VERTEX
8
Visible
10
132.1669
20
104.6616
30
0
0
VERTEX
8
Visible
10
132.1617
20
104.6449
30
0
0
VERTEX
8
Visible
10
132.1565
20
104.6283
30
0
0
VERTEX
8
Visible
10
132.1513
20
104.6117
30
0
0
VERTEX
8
Visible
10
132.1461
20
104.5951
30
0
0
VERTEX
8
Visible
10
132.1408
20
104.5785
30
0
0
VERTEX
8
Visible
10
132.1356
20
104.5619
30
0
0
VERTEX
8
Visible
10
132.1303
20
104.5453
30
0
0
VERTEX
8
Visible
10
132.1250
20
104.5287
30
0
0
VERTEX
8
Visible
10
132.1197
20
104.5122
30
0
0
VERTEX
8
Visible
10
132.1144
20
104.4956
30
0
0
VERTEX
8
Visible
10
132.1090
20
104.4790
30
0
0
VERTEX
8
Visible
10
132.1037
20
104.4624
30
0
0
VERTEX
8
Visible
10
132.0983
20
104.4459
30
0
0
VERTEX
8
Visible
10
132.0929
20
104.4293
30
0
0
SEQEND
8
Visible
0
LINE
8
Visible
10
129.3112
20
105.2293
30
0
11
132.3343
21
105.2293
31
0
0
LINE
8
Visible
10
129.3112
20
105.2293
30
0
11
129.3112
21
111.3463
31
0
0
LINE
8
Visible
10
128.5112
20
111.3463
30
0
11
128.5112
21
105.2293
31
0
0
LINE
8
Visible
10
127.8648
20
105.2293
30
0
11
128.5112
21
105.2293
31
0
0
LINE
8
Visible
10
128.5112
20
104.4293
30
0
11
127.8648
21
104.4293
31
0
0
LINE
8
Visible
10
128.5112
20
104.4293
30
0
11
128.5112
21
100.5463
31
0
0
LINE
8
Visible
10
119.1112
20
100.5463
30
0
11
128.5112
21
100.5463
31
0
0
LINE
8
Visible
10
119.1112
20
100.5463
30
0
11
119.1112
21
111.3463
31
0
0
LINE
8
Visible
10
124.7112
20
111.3463
30
0
11
119.1112
21
111.3463
31
0
0
LINE
8
Visible
10
119.1112
20
112.1463
30
0
11
124.7112
21
112.1463
31
0
0
LINE
8
Visible
10
119.1112
20
112.1463
30
0
11
119.1112
21
123.7463
31
0
0
LINE
8
Visible
10
119.1112
20
123.7463
30
0
11
128.5112
21
123.7463
31
0
0
LINE
8
Visible
10
128.5112
20
123.7463
30
0
11
128.5112
21
117.3671
31
0
0
ARC
8
Visible
10
128.9112
20
114.6463
30
0
40
2.7500
50
98.3636
51
245.3800
0
ARC
8
Visible
10
128.9112
20
114.6463
30
0
40
2.7500
50
294.6200
51
81.6364
0
LINE
8
Visible
10
129.3112
20
117.3671
30
0
11
129.3112
21
123.7463
31
0
0
LINE
8
Visible
10
129.3112
20
123.7463
30
0
11
130.3566
21
123.7463
31
0
0
POLYLINE
8
Visible
66
1
70
0
10
0
20
0
30
0
0
VERTEX
8
Visible
10
129.6399
20
126.4765
30
0
0
VERTEX
8
Visible
10
129.6846
20
126.3099
30
0
0
VERTEX
8
Visible
10
129.7294
20
126.1427
30
0
0
VERTEX
8
Visible
10
129.7741
20
125.9749
30
0
0
VERTEX
8
Visible
10
129.8189
20
125.8067
30
0
0
VERTEX
8
Visible
10
129.8636
20
125.6379
30
0
0
VERTEX
8
Visible
10
129.9084
20
125.4686
30
0
0
VERTEX
8
Visible
10
129.9532
20
125.2987
30
0
0
VERTEX
8
Visible
10
129.9980
20
125.1283
30
0
0
VERTEX
8
Visible
10
130.0428
20
124.9574
30
0
0
VERTEX
8
Visible
10
130.0876
20
124.7860
30
0
0
VERTEX
8
Visible
10
130.1324
20
124.6140
30
0
0
VERTEX
8
Visible
10
130.1772
20
124.4415
30
0
0
VERTEX
8
Visible
10
130.2220
20
124.2685
30
0
0
VERTEX
8
Visible
10
130.2669
20
124.0950
30
0
0
VERTEX
8
Visible
10
130.3117
20
123.9209
30
0
0
VERTEX
8
Visible
10
130.3566
20
123.7463
30
0
0
SEQEND
8
Visible
0
CIRCLE
8
Visible
10
128.9112
20
114.6463
30
0
40
1.0000
0
LINE
8
Visible
10
109.1112
20
112.1463
30
0
11
118.3112
21
112.1463
31
0
0
LINE
8
Visible
10
109.1112
20
112.1463
30
0
11
109.1112
21
123.7463
31
0
0
LINE
8
Visible
10
109.1112
20
123.7463
30
0
11
118.3112
21
123.7463
31
0
0
LINE
8
Visible
10
118.3112
20
123.7463
30
0
11
118.3112
21
112.1463
31
0
0
CIRCLE
8
Visible
10
98.5112
20
114.6463
30
0
40
1.0000
0
POLYLINE
8
Visible
66
1
70
0
10
0
20
0
30
0
0
VERTEX
8
Visible
10
91.8433
20
126.3273
30
0
0
VERTEX
8
Visible
10
91.7563
20
125.7636
30
0
0
VERTEX
8
Visible
10
91.6693
20
125.1985
30
0
0
VERTEX
8
Visible
10
91.5825
20
124.6320
30
0
0
VERTEX
8
Visible
10
91.4959
20
124.0641
30
0
0
VERTEX
8
Visible
10
91.4093
20
123.4949
30
0
0
VERTEX
8
Visible
10
91.3230
20
122.9243
30
0
0
VERTEX
8
Visible
10
91.2367
20
122.3524
30
0
0
VERTEX
8
Visible
10
91.1506
20
121.7791
30
0
0
VERTEX
8
Visible
10
91.0647
20
121.2045
30
0
0
VERTEX
8
Visible
10
90.9789
20
120.6286
30
0
0
VERTEX
8
Visible
10
90.8932
20
120.0515
30
0
0
VERTEX
8
Visible
10
90.8077
20
119.4730
30
0
0
VERTEX
8
Visible
10
90.7224
20
118.8932
30
0
0
VERTEX
8
Visible
10
90.6372
20
118.3122
30
0
0
VERTEX
8
Visible
10
90.5521
20
117.7299
30
0
0
VERTEX
8
Visible
10
90.4672
20
117.1463
30
0
0
SEQEND
8
Visible
0
LINE
8
Visible
10
90.4672
20
117.1463
30
0
11
91.6620
21
117.1463
31
0
0
POLYLINE
8
Visible
66
1
70
0
10
0
20
0
30
0
0
VERTEX
8
Visible
10
91.6620
20
117.1463
30
0
0
VERTEX
8
Visible
10
91.6340
20
116.9761
30
0
0
VERTEX
8
Visible
10
91.6059
20
116.8056
30
0
0
VERTEX
8
Visible
10
91.5778
20
116.6351
30
0
0
VERTEX
8
Visible
10
91.5498
20
116.4643
30
0
0
VERTEX
8
Visible
10
91.5218
20
116.2934
30
0
0
VERTEX
8
Visible
10
91.4937
20
116.1224
30
0
0
VERTEX
8
Visible
10
91.4657
20
115.9512
30
0
0
VERTEX
8
Visible
10
91.4377
20
115.7799
30
0
0
VERTEX
8
Visible
10
91.4097
20
115.6084
30
0
0
VERTEX
8
Visible
10
91.3818
20
115.4368
30
0
0
VERTEX
8
Visible
10
91.3538
20
115.2650
30
0
0
VERTEX
8
Visible
10
91.3258
20
115.0930
30
0
0
VERTEX
8
Visible
10
91.2979
20
114.9209
30
0
0
VERTEX
8
Visible
10
91.2700
20
114.7487
30
0
0
VERTEX
8
Visible
10
91.2420
20
114.5763
30
0
0
VERTEX
8
Visible
10
91.2141
20
114.4038
30
0
0
SEQEND
8
Visible
0
POLYLINE
8
Visible
66
1
70
0
10
0
20
0
30
0
0
VERTEX
8
Visible
10
89.3833
20
111.3463
30
0
0
VERTEX
8
Visible
10
89.3836
20
111.3630
30
0
0
VERTEX
8
Visible
10
89.3838
20
111.3797
30
0
0
VERTEX
8
Visible
10
89.3841
20
111.3963
30
0
0
VERTEX
8
Visible
10
89.3844
20
111.4130
30
0
0
VERTEX
8
Visible
10
89.3847
20
111.4297
30
0
0
VERTEX
8
Visible
10
89.3850
20
111.4463
30
0
0
VERTEX
8
Visible
10
89.3853
20
111.4630
30
0
0
VERTEX
8
Visible
10
89.3857
20
111.4797
30
0
0
VERTEX
8
Visible
10
89.3860
20
111.4963
30
0
0
VERTEX
8
Visible
10
89.3864
20
111.5130
30
0
0
VERTEX
8
Visible
10
89.3867
20
111.5297
30
0
0
VERTEX
8
Visible
10
89.3871
20
111.5463
30
0
0
VERTEX
8
Visible
10
89.3875
20
111.5630
30
0
0
VERTEX
8
Visible
10
89.3879
20
111.5797
30
0
0
VERTEX
8
Visible
10
89.3883
20
111.5963
30
0
0
VERTEX
8
Visible
10
89.3888
20
111.6130
30
0
0
VERTEX
8
Visible
10
89.3892
20
111.6297
30
0
0
VERTEX
8
Visible
10
89.3896
20
111.6463
30
0
0
VERTEX
8
Visible
10
89.3901
20
111.6630
30
0
0
VERTEX
8
Visible
10
89.3906
20
111.6797
30
0
0
VERTEX
8
Visible
10
89.3911
20
111.6964
30
0
0
VERTEX
8
Visible
10
89.3915
20
111.7130
30
0
0
VERTEX
8
Visible
10
89.3921
20
111.7297
30
0
0
VERTEX
8
Visible
10
89.3926
20
111.7464
30
0
0
VERTEX
8
Visible
10
89.3931
20
111.7630
30
0
0
VERTEX
8
Visible
10
89.3936
20
111.7797
30
0
0
VERTEX
8
Visible
10
89.3942
20
111.7964
30
0
0
VERTEX
8
Visible
10
89.3948
20
111.8130
30
0
0
VERTEX
8
Visible
10
89.3953
20
111.8297
30
0
0
VERTEX
8
Visible
10
89.3959
20
111.8464
30
0
0
VERTEX
8
Visible
10
89.3965
20
111.8630
30
0
0
VERTEX
8
Visible
10
89.3971
20
111.8797
30
0
0
VERTEX
8
Visible
10
89.3977
20
111.8964
30
0
0
VERTEX
8
Visible
10
89.3984
20
111.9130
30
0
0
VERTEX
8
Visible
10
89.3990
20
111.9297
30
0
0
VERTEX
8
Visible
10
89.3997
20
111.9464
30
0
0
VERTEX
8
Visible
10
89.4003
20
111.9630
30
0
0
VERTEX
8
Visible
10
89.4010
20
111.9797
30
0
0
VERTEX
8
Visible
10
89.4017
20
111.9963
30
0
0
VERTEX
8
Visible
10
89.4024
20
112.0130
30
0
0
VERTEX
8
Visible
10
89.4031
20
112.0297
30
0
0
VERTEX
8
Visible
10
89.4038
20
112.0463
30
0
0
VERTEX
8
Visible
10
89.4046
20
112.0630
30
0
0
VERTEX
8
Visible
10
89.4053
20
112.0797
30
0
0
VERTEX
8
Visible
10
89.4061
20
112.0963
30
0
0
VERTEX
8
Visible
10
89.4069
20
112.1130
30
0
0
VERTEX
8
Visible
10
89.4076
20
112.1297
30
0
0
VERTEX
8
Visible
10
89.4084
20
112.1463
30
0
0
SEQEND
8
Visible
0
LINE
8
Visible
10
89.4084
20
112.1463
30
0
11
88.4847
21
112.1463
31
0
0
LINE
8
Visible
10
138.9377
20
112.1463
30
0
11
138.0141
21
112.1463
31
0
0
POLYLINE
8
Visible
66
1
70
0
10
0
20
0
30
0
0
VERTEX
8
Visible
10
138.0141
20
112.1463
30
0
0
VERTEX
8
Visible
10
138.0148
20
112.1297
30
0
0
VERTEX
8
Visible
10
138.0156
20
112.1130
30
0
0
VERTEX
8
Visible
10
138.0164
20
112.0963
30
0
0
VERTEX
8
Visible
10
138.0172
20
112.0797
30
0
0
VERTEX
8
Visible
10
138.0179
20
112.0630
30
0
0
VERTEX
8
Visible
10
138.0186
20
112.0464
30
0
0
VERTEX
8
Visible
10
138.0194
20
112.0297
30
0
0
VERTEX
8
Visible
10
138.0201
20
112.0130
30
0
0
VERTEX
8
Visible
10
138.0208
20
111.9964
30
0
0
VERTEX
8
Visible
10
138.0215
20
111.9797
30
0
0
VERTEX
8
Visible
10
138.0221
20
111.9630
30
0
0
VERTEX
8
Visible
10
138.0228
20
111.9464
30
0
0
VERTEX
8
Visible
10
138.0235
20
111.9297
30
0
0
VERTEX
8
Visible
10
138.0241
20
111.9130
30
0
0
VERTEX
8
Visible
10
138.0247
20
111.8964
30
0
0
VERTEX
8
Visible
10
138.0254
20
111.8797
30
0
0
VERTEX
8
Visible
10
138.0260
20
111.8630
30
0
0
VERTEX
8
Visible
10
138.0266
20
111.8464
30
0
0
VERTEX
8
Visible
10
138.0271
20
111.8297
30
0
0
VERTEX
8
Visible
10
138.0277
20
111.8130
30
0
0
VERTEX
8
Visible
10
138.0283
20
111.7964
30
0
0
VERTEX
8
Visible
10
138.0288
20
111.7797
30
0
0
VERTEX
8
Visible
10
138.0294
20
111.7630
30
0
0
VERTEX
8
Visible
10
138.0299
20
111.7464
30
0
0
VERTEX
8
Visible
10
138.0304
20
111.7297
30
0
0
VERTEX
8
Visible
10
138.0309
20
111.7130
30
0
0
VERTEX
8
Visible
10
138.0314
20
111.6964
30
0
0
VERTEX
8
Visible
10
138.0319
20
111.6797
30
0
0
VERTEX
8
Visible
10
138.0324
20
111.6630
30
0
0
VERTEX
8
Visible
10
138.0328
20
111.6464
30
0
0
VERTEX
8
Visible
10
138.0333
20
111.6297
30
0
0
VERTEX
8
Visible
10
138.0337
20
111.6130
30
0
0
VERTEX
8
Visible
10
138.0341
20
111.5964
30
0
0
VERTEX
8
Visible
10
138.0346
20
111.5797
30
0
0
VERTEX
8
Visible
10
138.0350
20
111.5630
30
0
0
VERTEX
8
Visible
10
138.0354
20
111.5464
30
0
0
VERTEX
8
Visible
10
138.0357
20
111.5297
30
0
0
VERTEX
8
Visible
10
138.0361
20
111.5130
30
0
0
VERTEX
8
Visible
10
138.0365
20
111.4964
30
0
0
VERTEX
8
Visible
10
138.0368
20
111.4797
30
0
0
VERTEX
8
Visible
10
138.0371
20
111.4630
30
0
0
VERTEX
8
Visible
10
138.0375
20
111.4463
30
0
0
VERTEX
8
Visible
10
138.0378
20
111.4297
30
0
0
VERTEX
8
Visible
10
138.0381
20
111.4130
30
0
0
VERTEX
8
Visible
10
138.0384
20
111.3963
30
0
0
VERTEX
8
Visible
10
138.0386
20
111.3797
30
0
0
VERTEX
8
Visible
10
138.0389
20
111.3630
30
0
0
VERTEX
8
Visible
10
138.0392
20
111.3463
30
0
0
SEQEND
8
Visible
0
ARC
8
Visible
10
103.3692
20
137.5583
30
0
40
2.0000
50
191.8880
51
168.8137
0
POLYLINE
8
Visible
66
1
70
0
10
0
20
0
30
0
0
VERTEX
8
Visible
10
102.7949
20
152.7351
30
0
0
VERTEX
8
Visible
10
102.7745
20
152.7234
30
0
0
VERTEX
8
Visible
10
102.7542
20
152.7116
30
0
0
VERTEX
8
Visible
10
102.7340
20
152.6997
30
0
0
VERTEX
8
Visible
10
102.7138
20
152.6876
30
0
0
VERTEX
8
Visible
10
102.6938
20
152.6755
30
0
0
VERTEX
8
Visible
10
102.6738
20
152.6632
30
0
0
VERTEX
8
Visible
10
102.6539
20
152.6508
30
0
0
VERTEX
8
Visible
10
102.6342
20
152.6382
30
0
0
VERTEX
8
Visible
10
102.6145
20
152.6256
30
0
0
VERTEX
8
Visible
10
102.5949
20
152.6128
30
0
0
VERTEX
8
Visible
10
102.5754
20
152.5999
30
0
0
VERTEX
8
Visible
10
102.5561
20
152.5869
30
0
0
VERTEX
8
Visible
10
102.5368
20
152.5739
30
0
0
VERTEX
8
Visible
10
102.5177
20
152.5607
30
0
0
VERTEX
8
Visible
10
102.4986
20
152.5474
30
0
0
VERTEX
8
Visible
10
102.4797
20
152.5340
30
0
0
VERTEX
8
Visible
10
102.4610
20
152.5205
30
0
0
VERTEX
8
Visible
10
102.4423
20
152.5069
30
0
0
VERTEX
8
Visible
10
102.4238
20
152.4932
30
0
0
VERTEX
8
Visible
10
102.4054
20
152.4795
30
0
0
VERTEX
8
Visible
10
102.3871
20
152.4656
30
0
0
VERTEX
8
Visible
10
102.3690
20
152.4517
30
0
0
VERTEX
8
Visible
10
102.3510
20
152.4377
30
0
0
VERTEX
8
Visible
10
102.3331
20
152.4236
30
0
0
VERTEX
8
Visible
10
102.3153
20
152.4094
30
0
0
VERTEX
8
Visible
10
102.2977
20
152.3952
30
0
0
VERTEX
8
Visible
10
102.2803
20
152.3809
30
0
0
VERTEX
8
Visible
10
102.2629
20
152.3664
30
0
0
VERTEX
8
Visible
10
102.2458
20
152.3520
30
0
0
VERTEX
8
Visible
10
102.2287
20
152.3374
30
0
0
VERTEX
8
Visible
10
102.2118
20
152.3228
30
0
0
VERTEX
8
Visible
10
102.1951
20
152.3081
30
0
0
VERTEX
8
Visible
10
102.1785
20
152.2934
30
0
0
VERTEX
8
Visible
10
102.1620
20
152.2786
30
0
0
VERTEX
8
Visible
10
102.1458
20
152.2637
30
0
0
VERTEX
8
Visible
10
102.1297
20
152.2489
30
0
0
VERTEX
8
Visible
10
102.1137
20
152.2339
30
0
0
VERTEX
8
Visible
10
102.0979
20
152.2189
30
0
0
VERTEX
8
Visible
10
102.0823
20
152.2039
30
0
0
VERTEX
8
Visible
10
102.0668
20
152.1888
30
0
0
VERTEX
8
Visible
10
102.0515
20
152.1737
30
0
0
VERTEX
8
Visible
10
102.0364
20
152.1585
30
0
0
VERTEX
8
Visible
10
102.0214
20
152.1433
30
0
0
VERTEX
8
Visible
10
102.0066
20
152.1281
30
0
0
VERTEX
8
Visible
10
101.9920
20
152.1128
30
0
0
VERTEX
8
Visible
10
101.9775
20
152.0974
30
0
0
VERTEX
8
Visible
10
101.9632
20
152.0821
30
0
0
VERTEX
8
Visible
10
101.9490
20
152.0667
30
0
0
VERTEX
8
Visible
10
101.9350
20
152.0512
30
0
0
VERTEX
8
Visible
10
101.9212
20
152.0358
30
0
0
VERTEX
8
Visible
10
101.9075
20
152.0203
30
0
0
VERTEX
8
Visible
10
101.8941
20
152.0047
30
0
0
VERTEX
8
Visible
10
101.8807
20
151.9892
30
0
0
VERTEX
8
Visible
10
101.8676
20
151.9736
30
0
0
VERTEX
8
Visible
10
101.8546
20
151.9580
30
0
0
VERTEX
8
Visible
10
101.8418
20
151.9423
30
0
0
VERTEX
8
Visible
10
101.8291
20
151.9267
30
0
0
VERTEX
8
Visible
10
101.8167
20
151.9110
30
0
0
VERTEX
8
Visible
10
101.8044
20
151.8953
30
0
0
VERTEX
8
Visible
10
101.7922
20
151.8796
30
0
0
VERTEX
8
Visible
10
101.7803
20
151.8638
30
0
0
VERTEX
8
Visible
10
101.7685
20
151.8480
30
0
0
VERTEX
8
Visible
10
101.7569
20
151.8323
30
0
0
VERTEX
8
Visible
10
101.7454
20
151.8165
30
0
0
VERTEX
8
Visible
10
101.7342
20
151.8006
30
0
0
VERTEX
8
Visible
10
101.7231
20
151.7848
30
0
0
VERTEX
8
Visible
10
101.7122
20
151.7690
30
0
0
VERTEX
8
Visible
10
101.7014
20
151.7531
30
0
0
VERTEX
8
Visible
10
101.6908
20
151.7373
30
0
0
VERTEX
8
Visible
10
101.6805
20
151.7214
30
0
0
VERTEX
8
Visible
10
101.6703
20
151.7056
30
0
0
VERTEX
8
Visible
10
101.6602
20
151.6897
30
0
0
VERTEX
8
Visible
10
101.6504
20
151.6739
30
0
0
VERTEX
8
Visible
10
101.6407
20
151.6581
30
0
0
VERTEX
8
Visible
10
101.6312
20
151.6422
30
0
0
VERTEX
8
Visible
10
101.6219
20
151.6264
30
0
0
VERTEX
8
Visible
10
101.6128
20
151.6106
30
0
0
VERTEX
8
Visible
10
101.6039
20
151.5948
30
0
0
VERTEX
8
Visible
10
101.5951
20
151.5790
30
0
0
VERTEX
8
Visible
10
101.5865
20
151.5632
30
0
0
VERTEX
8
Visible
10
101.5781
20
151.5474
30
0
0
VERTEX
8
Visible
10
101.5699
20
151.5316
30
0
0
VERTEX
8
Visible
10
101.5619
20
151.5159
30
0
0
VERTEX
8
Visible
10
101.5540
20
151.5001
30
0
0
VERTEX
8
Visible
10
101.5463
20
151.4844
30
0
0
VERTEX
8
Visible
10
101.5388
20
151.4687
30
0
0
VERTEX
8
Visible
10
101.5315
20
151.4530
30
0
0
VERTEX
8
Visible
10
101.5244
20
151.4373
30
0
0
VERTEX
8
Visible
10
101.5174
20
151.4217
30
0
0
VERTEX
8
Visible
10
101.5106
20
151.4060
30
0
0
VERTEX
8
Visible
10
101.5040
20
151.3904
30
0
0
VERTEX
8
Visible
10
101.4976
20
151.3748
30
0
0
VERTEX
8
Visible
10
101.4914
20
151.3592
30
0
0
VERTEX
8
Visible
10
101.4853
20
151.3436
30
0
0
VERTEX
8
Visible
10
101.4794
20
151.3281
30
0
0
VERTEX
8
Visible
10
101.4737
20
151.3126
30
0
0
VERTEX
8
Visible
10
101.4682
20
151.2971
30
0
0
VERTEX
8
Visible
10
101.4628
20
151.2816
30
0
0
VERTEX
8
Visible
10
101.4576
20
151.2662
30
0
0
VERTEX
8
Visible
10
101.4526
20
151.2507
30
0
0
VERTEX
8
Visible
10
101.4478
20
151.2354
30
0
0
VERTEX
8
Visible
10
101.4432
20
151.2200
30
0
0
VERTEX
8
Visible
10
101.4387
20
151.2047
30
0
0
VERTEX
8
Visible
10
101.4344
20
151.1894
30
0
0
VERTEX
8
Visible
10
101.4303
20
151.1741
30
0
0
VERTEX
8
Visible
10
101.4264
20
151.1589
30
0
0
VERTEX
8
Visible
10
101.4226
20
151.1437
30
0
0
VERTEX
8
Visible
10
101.4190
20
151.1285
30
0
0
VERTEX
8
Visible
10
101.4156
20
151.1133
30
0
0
VERTEX
8
Visible
10
101.4124
20
151.0982
30
0
0
VERTEX
8
Visible
10
101.4093
20
151.0832
30
0
0
VERTEX
8
Visible
10
101.4065
20
151.0682
30
0
0
VERTEX
8
Visible
10
101.4038
20
151.0532
30
0
0
VERTEX
8
Visible
10
101.4013
20
151.0382
30
0
0
VERTEX
8
Visible
10
101.3989
20
151.0233
30
0
0
VERTEX
8
Visible
10
101.3967
20
151.0084
30
0
0
VERTEX
8
Visible
10
101.3948
20
150.9936
30
0
0
VERTEX
8
Visible
10
101.3929
20
150.9788
30
0
0
VERTEX
8
Visible
10
101.3913
20
150.9641
30
0
0
VERTEX
8
Visible
10
101.3898
20
150.9494
30
0
0
VERTEX
8
Visible
10
101.3885
20
150.9347
30
0
0
VERTEX
8
Visible
10
101.3874
20
150.9201
30
0
0
VERTEX
8
Visible
10
101.3865
20
150.9055
30
0
0
VERTEX
8
Visible
10
101.3857
20
150.8910
30
0
0
VERTEX
8
Visible
10
101.3851
20
150.8766
30
0
0
VERTEX
8
Visible
10
101.3847
20
150.8621
30
0
0
VERTEX
8
Visible
10
101.3844
20
150.8478
30
0
0
VERTEX
8
Visible
10
101.3844
20
150.8334
30
0
0
VERTEX
8
Visible
10
101.3845
20
150.8192
30
0
0
VERTEX
8
Visible
10
101.3847
20
150.8049
30
0
0
VERTEX
8
Visible
10
101.3852
20
150.7908
30
0
0
VERTEX
8
Visible
10
101.3858
20
150.7766
30
0
0
VERTEX
8
Visible
10
101.3866
20
150.7626
30
0
0
VERTEX
8
Visible
10
101.3875
20
150.7486
30
0
0
VERTEX
8
Visible
10
101.3886
20
150.7346
30
0
0
VERTEX
8
Visible
10
101.3899
20
150.7207
30
0
0
VERTEX
8
Visible
10
101.3914
20
150.7069
30
0
0
VERTEX
8
Visible
10
101.3931
20
150.6931
30
0
0
VERTEX
8
Visible
10
101.3949
20
150.6793
30
0
0
VERTEX
8
Visible
10
101.3968
20
150.6657
30
0
0
VERTEX
8
Visible
10
101.3990
20
150.6520
30
0
0
VERTEX
8
Visible
10
101.4013
20
150.6385
30
0
0
VERTEX
8
Visible
10
101.4038
20
150.6250
30
0
0
VERTEX
8
Visible
10
101.4064
20
150.6115
30
0
0
VERTEX
8
Visible
10
101.4093
20
150.5982
30
0
0
VERTEX
8
Visible
10
101.4123
20
150.5849
30
0
0
VERTEX
8
Visible
10
101.4154
20
150.5716
30
0
0
VERTEX
8
Visible
10
101.4188
20
150.5584
30
0
0
VERTEX
8
Visible
10
101.4223
20
150.5453
30
0
0
VERTEX
8
Visible
10
101.4259
20
150.5322
30
0
0
VERTEX
8
Visible
10
101.4298
20
150.5193
30
0
0
VERTEX
8
Visible
10
101.4338
20
150.5063
30
0
0
VERTEX
8
Visible
10
101.4379
20
150.4935
30
0
0
VERTEX
8
Visible
10
101.4422
20
150.4807
30
0
0
VERTEX
8
Visible
10
101.4467
20
150.4680
30
0
0
VERTEX
8
Visible
10
101.4514
20
150.4553
30
0
0
VERTEX
8
Visible
10
101.4562
20
150.4427
30
0
0
VERTEX
8
Visible
10
101.4612
20
150.4302
30
0
0
VERTEX
8
Visible
10
101.4664
20
150.4178
30
0
0
VERTEX
8
Visible
10
101.4717
20
150.4054
30
0
0
VERTEX
8
Visible
10
101.4772
20
150.3932
30
0
0
VERTEX
8
Visible
10
101.4829
20
150.3809
30
0
0
VERTEX
8
Visible
10
101.4887
20
150.3688
30
0
0
VERTEX
8
Visible
10
101.4947
20
150.3567
30
0
0
VERTEX
8
Visible
10
101.5008
20
150.3447
30
0
0
VERTEX
8
Visible
10
101.5071
20
150.3328
30
0
0
VERTEX
8
Visible
10
101.5136
20
150.3210
30
0
0
VERTEX
8
Visible
10
101.5203
20
150.3092
30
0
0
VERTEX
8
Visible
10
101.5271
20
150.2975
30
0
0
VERTEX
8
Visible
10
101.5341
20
150.2859
30
0
0
VERTEX
8
Visible
10
101.5412
20
150.2744
30
0
0
VERTEX
8
Visible
10
101.5485
20
150.2629
30
0
0
VERTEX
8
Visible
10
101.5560
20
150.2515
30
0
0
VERTEX
8
Visible
10
101.5636
20
150.2402
30
0
0
VERTEX
8
Visible
10
101.5714
20
150.2290
30
0
0
VERTEX
8
Visible
10
101.5793
20
150.2179
30
0
0
VERTEX
8
Visible
10
101.5874
20
150.2069
30
0
0
VERTEX
8
Visible
10
101.5957
20
150.1960
30
0
0
VERTEX
8
Visible
10
101.6041
20
150.1851
30
0
0
VERTEX
8
Visible
10
101.6127
20
150.1743
30
0
0
VERTEX
8
Visible
10
101.6215
20
150.1637
30
0
0
VERTEX
8
Visible
10
101.6304
20
150.1531
30
0
0
VERTEX
8
Visible
10
101.6395
20
150.1426
30
0
0
VERTEX
8
Visible
10
101.6487
20
150.1322
30
0
0
VERTEX
8
Visible
10
101.6581
20
150.1219
30
0
0
VERTEX
8
Visible
10
101.6677
20
150.1117
30
0
0
VERTEX
8
Visible
10
101.6774
20
150.1016
30
0
0
VERTEX
8
Visible
10
101.6872
20
150.0916
30
0
0
VERTEX
8
Visible
10
101.6973
20
150.0816
30
0
0
VERTEX
8
Visible
10
101.7075
20
150.0718
30
0
0
VERTEX
8
Visible
10
101.7178
20
150.0621
30
0
0
VERTEX
8
Visible
10
101.7283
20
150.0525
30
0
0
VERTEX
8
Visible
10
101.7390
20
150.0430
30
0
0
VERTEX
8
Visible
10
101.7498
20
150.0336
30
0
0
VERTEX
8
Visible
10
101.7608
20
150.0243
30
0
0
VERTEX
8
Visible
10
101.7719
20
150.0151
30
0
0
VERTEX
8
Visible
10
101.7832
20
150.0060
30
0
0
VERTEX
8
Visible
10
101.7946
20
149.9970
30
0
0
VERTEX
8
Visible
10
101.8062
20
149.9881
30
0
0
VERTEX
8
Visible
10
101.8180
20
149.9794
30
0
0
VERTEX
8
Visible
10
101.8299
20
149.9707
30
0
0
VERTEX
8
Visible
10
101.8420
20
149.9622
30
0
0
VERTEX
8
Visible
10
101.8542
20
149.9538
30
0
0
VERTEX
8
Visible
10
101.8666
20
149.9454
30
0
0
VERTEX
8
Visible
10
101.8791
20
149.9372
30
0
0
VERTEX
8
Visible
10
101.8918
20
149.9291
30
0
0
VERTEX
8
Visible
10
101.9046
20
149.9212
30
0
0
VERTEX
8
Visible
10
101.9176
20
149.9133
30
0
0
VERTEX
8
Visible
10
101.9307
20
149.9056
30
0
0
VERTEX
8
Visible
10
101.9440
20
149.8980
30
0
0
VERTEX
8
Visible
10
101.9575
20
149.8905
30
0
0
VERTEX
8
Visible
10
101.9711
20
149.8831
30
0
0
VERTEX
8
Visible
10
101.9849
20
149.8759
30
0
0
VERTEX
8
Visible
10
101.9988
20
149.8688
30
0
0
VERTEX
8
Visible
10
102.0129
20
149.8618
30
0
0
VERTEX
8
Visible
10
102.0271
20
149.8549
30
0
0
VERTEX
8
Visible
10
102.0415
20
149.8482
30
0
0
VERTEX
8
Visible
10
102.0560
20
149.8416
30
0
0
VERTEX
8
Visible
10
102.0707
20
149.8351
30
0
0
VERTEX
8
Visible
10
102.0855
20
149.8288
30
0
0
VERTEX
8
Visible
10
102.1004
20
149.8226
30
0
0
VERTEX
8
Visible
10
102.1156
20
149.8166
30
0
0
VERTEX
8
Visible
10
102.1308
20
149.8107
30
0
0
VERTEX
8
Visible
10
102.1462
20
149.8049
30
0
0
VERTEX
8
Visible
10
102.1618
20
149.7993
30
0
0
VERTEX
8
Visible
10
102.1775
20
149.7939
30
0
0
VERTEX
8
Visible
10
102.1933
20
149.7885
30
0
0
VERTEX
8
Visible
10
102.2093
20
149.7834
30
0
0
VERTEX
8
Visible
10
102.2254
20
149.7783
30
0
0
VERTEX
8
Visible
10
102.2417
20
149.7735
30
0
0
VERTEX
8
Visible
10
102.2581
20
149.7687
30
0
0
VERTEX
8
Visible
10
102.2747
20
149.7642
30
0
0
VERTEX
8
Visible
10
102.2914
20
149.7598
30
0
0
VERTEX
8
Visible
10
102.3082
20
149.7555
30
0
0
VERTEX
8
Visible
10
102.3252
20
149.7515
30
0
0
VERTEX
8
Visible
10
102.3423
20
149.7475
30
0
0
VERTEX
8
Visible
10
102.3596
20
149.7438
30
0
0
VERTEX
8
Visible
10
102.3770
20
149.7402
30
0
0
VERTEX
8
Visible
10
102.3945
20
149.7367
30
0
0
VERTEX
8
Visible
10
102.4122
20
149.7335
30
0
0
VERTEX
8
Visible
10
102.4300
20
149.7304
30
0
0
VERTEX
8
Visible
10
102.4479
20
149.7275
30
0
0
VERTEX
8
Visible
10
102.4659
20
149.7247
30
0
0
VERTEX
8
Visible
10
102.4841
20
149.7222
30
0
0
VERTEX
8
Visible
10
102.5024
20
149.7198
30
0
0
VERTEX
8
Visible
10
102.5208
20
149.7176
30
0
0
VERTEX
8
Visible
10
102.5394
20
149.7156
30
0
0
VERTEX
8
Visible
10
102.5581
20
149.7137
30
0
0
VERTEX
8
Visible
10
102.5768
20
149.7121
30
0
0
VERTEX
8
Visible
10
102.5957
20
149.7106
30
0
0
VERTEX
8
Visible
10
102.6148
20
149.7094
30
0
0
VERTEX
8
Visible
10
102.6339
20
149.7083
30
0
0
VERTEX
8
Visible
10
102.6531
20
149.7074
30
0
0
VERTEX
8
Visible
10
102.6725
20
149.7067
30
0
0
VERTEX
8
Visible
10
102.6920
20
149.7062
30
0
0
VERTEX
8
Visible
10
102.7116
20
149.7059
30
0
0
VERTEX
8
Visible
10
102.7312
20
149.7058
30
0
0
VERTEX
8
Visible
10
102.7510
20
149.7059
30
0
0
VERTEX
8
Visible
10
102.7709
20
149.7062
30
0
0
VERTEX
8
Visible
10
102.7909
20
149.7067
30
0
0
VERTEX
8
Visible
10
102.8110
20
149.7074
30
0
0
VERTEX
8
Visible
10
102.8312
20
149.7083
30
0
0
VERTEX
8
Visible
10
102.8515
20
149.7095
30
0
0
VERTEX
8
Visible
10
102.8719
20
149.7108
30
0
0
VERTEX
8
Visible
10
102.8924
20
149.7124
30
0
0
VERTEX
8
Visible
10
102.9130
20
149.7142
30
0
0
VERTEX
8
Visible
10
102.9337
20
149.7162
30
0
0
VERTEX
8
Visible
10
102.9545
20
149.7184
30
0
0
VERTEX
8
Visible
10
102.9753
20
149.7208
30
0
0
VERTEX
8
Visible
10
102.9961
20
149.7234
30
0
0
VERTEX
8
Visible
10
103.0171
20
149.7263
30
0
0
VERTEX
8
Visible
10
103.0380
20
149.7294
30
0
0
VERTEX
8
Visible
10
103.0591
20
149.7327
30
0
0
VERTEX
8
Visible
10
103.0801
20
149.7362
30
0
0
VERTEX
8
Visible
10
103.1012
20
149.7400
30
0
0
VERTEX
8
Visible
10
103.1224
20
149.7439
30
0
0
VERTEX
8
Visible
10
103.1436
20
149.7481
30
0
0
VERTEX
8
Visible
10
103.1648
20
149.7526
30
0
0
VERTEX
8
Visible
10
103.1861
20
149.7572
30
0
0
VERTEX
8
Visible
10
103.2074
20
149.7621
30
0
0
VERTEX
8
Visible
10
103.2287
20
149.7672
30
0
0
VERTEX
8
Visible
10
103.2501
20
149.7725
30
0
0
VERTEX
8
Visible
10
103.2715
20
149.7780
30
0
0
VERTEX
8
Visible
10
103.2929
20
149.7838
30
0
0
VERTEX
8
Visible
10
103.3144
20
149.7898
30
0
0
VERTEX
8
Visible
10
103.3358
20
149.7960
30
0
0
VERTEX
8
Visible
10
103.3573
20
149.8025
30
0
0
VERTEX
8
Visible
10
103.3788
20
149.8092
30
0
0
VERTEX
8
Visible
10
103.4004
20
149.8161
30
0
0
VERTEX
8
Visible
10
103.4219
20
149.8233
30
0
0
VERTEX
8
Visible
10
103.4435
20
149.8307
30
0
0
VERTEX
8
Visible
10
103.4650
20
149.8383
30
0
0
VERTEX
8
Visible
10
103.4866
20
149.8462
30
0
0
VERTEX
8
Visible
10
103.5081
20
149.8542
30
0
0
VERTEX
8
Visible
10
103.5295
20
149.8625
30
0
0
VERTEX
8
Visible
10
103.5509
20
149.8710
30
0
0
VERTEX
8
Visible
10
103.5723
20
149.8797
30
0
0
VERTEX
8
Visible
10
103.5936
20
149.8887
30
0
0
VERTEX
8
Visible
10
103.6149
20
149.8978
30
0
0
VERTEX
8
Visible
10
103.6362
20
149.9072
30
0
0
VERTEX
8
Visible
10
103.6573
20
149.9167
30
0
0
VERTEX
8
Visible
10
103.6785
20
149.9265
30
0
0
VERTEX
8
Visible
10
103.6995
20
149.9365
30
0
0
VERTEX
8
Visible
10
103.7206
20
149.9467
30
0
0
VERTEX
8
Visible
10
103.7415
20
149.9571
30
0
0
VERTEX
8
Visible
10
103.7624
20
149.9677
30
0
0
VERTEX
8
Visible
10
103.7832
20
149.9785
30
0
0
VERTEX
8
Visible
10
103.8039
20
149.9895
30
0
0
VERTEX
8
Visible
10
103.8245
20
150.0007
30
0
0
VERTEX
8
Visible
10
103.8450
20
150.0120
30
0
0
VERTEX
8
Visible
10
103.8654
20
150.0236
30
0
0
VERTEX
8
Visible
10
103.8857
20
150.0353
30
0
0
SEQEND
8
Visible
0
ARC
8
Visible
10
113.7094
20
133.5171
30
0
40
22.1011
50
109.2005
51
119.5936
0
POLYLINE
8
Visible
66
1
70
0
10
0
20
0
30
0
0
VERTEX
8
Visible
10
107.5323
20
151.6875
30
0
0
VERTEX
8
Visible
10
107.5545
20
151.6950
30
0
0
VERTEX
8
Visible
10
107.5766
20
151.7027
30
0
0
VERTEX
8
Visible
10
107.5986
20
151.7106
30
0
0
VERTEX
8
Visible
10
107.6206
20
151.7187
30
0
0
VERTEX
8
Visible
10
107.6424
20
151.7270
30
0
0
VERTEX
8
Visible
10
107.6641
20
151.7355
30
0
0
VERTEX
8
Visible
10
107.6858
20
151.7442
30
0
0
VERTEX
8
Visible
10
107.7074
20
151.7531
30
0
0
VERTEX
8
Visible
10
107.7288
20
151.7622
30
0
0
VERTEX
8
Visible
10
107.7502
20
151.7715
30
0
0
VERTEX
8
Visible
10
107.7714
20
151.7809
30
0
0
VERTEX
8
Visible
10
107.7925
20
151.7906
30
0
0
VERTEX
8
Visible
10
107.8135
20
151.8004
30
0
0
VERTEX
8
Visible
10
107.8344
20
151.8104
30
0
0
VERTEX
8
Visible
10
107.8551
20
151.8206
30
0
0
VERTEX
8
Visible
10
107.8757
20
151.8309
30
0
0
VERTEX
8
Visible
10
107.8961
20
151.8414
30
0
0
VERTEX
8
Visible
10
107.9164
20
151.8521
30
0
0
VERTEX
8
Visible
10
107.9366
20
151.8629
30
0
0
VERTEX
8
Visible
10
107.9566
20
151.8739
30
0
0
VERTEX
8
Visible
10
107.9764
20
151.8851
30
0
0
VERTEX
8
Visible
10
107.9962
20
151.8964
30
0
0
VERTEX
8
Visible
10
108.0158
20
151.9079
30
0
0
VERTEX
8
Visible
10
108.0352
20
151.9195
30
0
0
VERTEX
8
Visible
10
108.0544
20
151.9313
30
0
0
VERTEX
8
Visible
10
108.0735
20
151.9432
30
0
0
VERTEX
8
Visible
10
108.0924
20
151.9553
30
0
0
VERTEX
8
Visible
10
108.1110
20
151.9674
30
0
0
VERTEX
8
Visible
10
108.1296
20
151.9797
30
0
0
VERTEX
8
Visible
10
108.1479
20
151.9922
30
0
0
VERTEX
8
Visible
10
108.1660
20
152.0047
30
0
0
VERTEX
8
Visible
10
108.1840
20
152.0174
30
0
0
VERTEX
8
Visible
10
108.2018
20
152.0302
30
0
0
VERTEX
8
Visible
10
108.2194
20
152.0431
30
0
0
VERTEX
8
Visible
10
108.2368
20
152.0561
30
0
0
VERTEX
8
Visible
10
108.2540
20
152.0693
30
0
0
VERTEX
8
Visible
10
108.2710
20
152.0825
30
0
0
VERTEX
8
Visible
10
108.2879
20
152.0959
30
0
0
VERTEX
8
Visible
10
108.3045
20
152.1094
30
0
0
VERTEX
8
Visible
10
108.3210
20
152.1229
30
0
0
VERTEX
8
Visible
10
108.3373
20
152.1366
30
0
0
VERTEX
8
Visible
10
108.3533
20
152.1504
30
0
0
VERTEX
8
Visible
10
108.3692
20
152.1642
30
0
0
VERTEX
8
Visible
10
108.3850
20
152.1782
30
0
0
VERTEX
8
Visible
10
108.4005
20
152.1923
30
0
0
VERTEX
8
Visible
10
108.4158
20
152.2064
30
0
0
VERTEX
8
Visible
10
108.4309
20
152.2206
30
0
0
VERTEX
8
Visible
10
108.4459
20
152.2350
30
0
0
VERTEX
8
Visible
10
108.4606
20
152.2493
30
0
0
VERTEX
8
Visible
10
108.4752
20
152.2638
30
0
0
VERTEX
8
Visible
10
108.4895
20
152.2783
30
0
0
VERTEX
8
Visible
10
108.5036
20
152.2929
30
0
0
VERTEX
8
Visible
10
108.5175
20
152.3075
30
0
0
VERTEX
8
Visible
10
108.5313
20
152.3222
30
0
0
VERTEX
8
Visible
10
108.5448
20
152.3370
30
0
0
VERTEX
8
Visible
10
108.5581
20
152.3518
30
0
0
VERTEX
8
Visible
10
108.5712
20
152.3667
30
0
0
VERTEX
8
Visible
10
108.5841
20
152.3816
30
0
0
VERTEX
8
Visible
10
108.5968
20
152.3966
30
0
0
VERTEX
8
Visible
10
108.6093
20
152.4116
30
0
0
VERTEX
8
Visible
10
108.6216
20
152.4266
30
0
0
VERTEX
8
Visible
10
108.6337
20
152.4417
30
0
0
VERTEX
8
Visible
10
108.6456
20
152.4568
30
0
0
VERTEX
8
Visible
10
108.6573
20
152.4720
30
0
0
VERTEX
8
Visible
10
108.6687
20
152.4872
30
0
0
VERTEX
8
Visible
10
108.6800
20
152.5025
30
0
0
VERTEX
8
Visible
10
108.6911
20
152.5177
30
0
0
VERTEX
8
Visible
10
108.7020
20
152.5330
30
0
0
VERTEX
8
Visible
10
108.7127
20
152.5484
30
0
0
VERTEX
8
Visible
10
108.7232
20
152.5637
30
0
0
VERTEX
8
Visible
10
108.7335
20
152.5791
30
0
0
VERTEX
8
Visible
10
108.7436
20
152.5945
30
0
0
VERTEX
8
Visible
10
108.7535
20
152.6099
30
0
0
VERTEX
8
Visible
10
108.7632
20
152.6253
30
0
0
VERTEX
8
Visible
10
108.7727
20
152.6408
30
0
0
VERTEX
8
Visible
10
108.7820
20
152.6563
30
0
0
VERTEX
8
Visible
10
108.7912
20
152.6717
30
0
0
VERTEX
8
Visible
10
108.8001
20
152.6872
30
0
0
VERTEX
8
Visible
10
108.8088
20
152.7027
30
0
0
VERTEX
8
Visible
10
108.8173
20
152.7182
30
0
0
VERTEX
8
Visible
10
108.8257
20
152.7337
30
0
0
VERTEX
8
Visible
10
108.8338
20
152.7492
30
0
0
VERTEX
8
Visible
10
108.8418
20
152.7647
30
0
0
VERTEX
8
Visible
10
108.8495
20
152.7802
30
0
0
VERTEX
8
Visible
10
108.8571
20
152.7957
30
0
0
VERTEX
8
Visible
10
108.8645
20
152.8112
30
0
0
VERTEX
8
Visible
10
108.8717
20
152.8267
30
0
0
VERTEX
8
Visible
10
108.8787
20
152.8422
30
0
0
VERTEX
8
Visible
10
108.8855
20
152.8577
30
0
0
VERTEX
8
Visible
10
108.8921
20
152.8732
30
0
0
VERTEX
8
Visible
10
108.8986
20
152.8886
30
0
0
VERTEX
8
Visible
10
108.9048
20
152.9041
30
0
0
VERTEX
8
Visible
10
108.9109
20
152.9195
30
0
0
VERTEX
8
Visible
10
108.9168
20
152.9350
30
0
0
VERTEX
8
Visible
10
108.9225
20
152.9504
30
0
0
VERTEX
8
Visible
10
108.9280
20
152.9658
30
0
0
VERTEX
8
Visible
10
108.9333
20
152.9811
30
0
0
VERTEX
8
Visible
10
108.9384
20
152.9965
30
0
0
VERTEX
8
Visible
10
108.9434
20
153.0119
30
0
0
VERTEX
8
Visible
10
108.9482
20
153.0272
30
0
0
VERTEX
8
Visible
10
108.9528
20
153.0425
30
0
0
VERTEX
8
Visible
10
108.9572
20
153.0578
30
0
0
VERTEX
8
Visible
10
108.9614
20
153.0730
30
0
0
VERTEX
8
Visible
10
108.9654
20
153.0883
30
0
0
VERTEX
8
Visible
10
108.9693
20
153.1035
30
0
0
VERTEX
8
Visible
10
108.9730
20
153.1186
30
0
0
VERTEX
8
Visible
10
108.9765
20
153.1338
30
0
0
VERTEX
8
Visible
10
108.9798
20
153.1489
30
0
0
VERTEX
8
Visible
10
108.9829
20
153.1640
30
0
0
VERTEX
8
Visible
10
108.9859
20
153.1791
30
0
0
VERTEX
8
Visible
10
108.9887
20
153.1941
30
0
0
VERTEX
8
Visible
10
108.9913
20
153.2091
30
0
0
VERTEX
8
Visible
10
108.9937
20
153.2240
30
0
0
VERTEX
8
Visible
10
108.9960
20
153.2389
30
0
0
VERTEX
8
Visible
10
108.9980
20
153.2538
30
0
0
VERTEX
8
Visible
10
108.9999
20
153.2687
30
0
0
VERTEX
8
Visible
10
109.0017
20
153.2835
30
0
0
VERTEX
8
Visible
10
109.0032
20
153.2982
30
0
0
VERTEX
8
Visible
10
109.0046
20
153.3129
30
0
0
VERTEX
8
Visible
10
109.0058
20
153.3276
30
0
0
VERTEX
8
Visible
10
109.0068
20
153.3422
30
0
0
VERTEX
8
Visible
10
109.0077
20
153.3568
30
0
0
VERTEX
8
Visible
10
109.0083
20
153.3713
30
0
0
VERTEX
8
Visible
10
109.0089
20
153.3858
30
0
0
VERTEX
8
Visible
10
109.0092
20
153.4003
30
0
0
VERTEX
8
Visible
10
109.0094
20
153.4146
30
0
0
VERTEX
8
Visible
10
109.0093
20
153.4290
30
0
0
VERTEX
8
Visible
10
109.0092
20
153.4432
30
0
0
VERTEX
8
Visible
10
109.0088
20
153.4575
30
0
0
VERTEX
8
Visible
10
109.0083
20
153.4716
30
0
0
VERTEX
8
Visible
10
109.0076
20
153.4857
30
0
0
VERTEX
8
Visible
10
109.0068
20
153.4998
30
0
0
VERTEX
8
Visible
10
109.0057
20
153.5138
30
0
0
VERTEX
8
Visible
10
109.0045
20
153.5278
30
0
0
VERTEX
8
Visible
10
109.0032
20
153.5417
30
0
0
VERTEX
8
Visible
10
109.0016
20
153.5555
30
0
0
VERTEX
8
Visible
10
108.9999
20
153.5693
30
0
0
VERTEX
8
Visible
10
108.9981
20
153.5830
30
0
0
VERTEX
8
Visible
10
108.9960
20
153.5967
30
0
0
VERTEX
8
Visible
10
108.9938
20
153.6103
30
0
0
VERTEX
8
Visible
10
108.9914
20
153.6239
30
0
0
VERTEX
8
Visible
10
108.9889
20
153.6374
30
0
0
VERTEX
8
Visible
10
108.9862
20
153.6508
30
0
0
VERTEX
8
Visible
10
108.9833
20
153.6642
30
0
0
VERTEX
8
Visible
10
108.9803
20
153.6775
30
0
0
VERTEX
8
Visible
10
108.9771
20
153.6907
30
0
0
VERTEX
8
Visible
10
108.9737
20
153.7039
30
0
0
VERTEX
8
Visible
10
108.9701
20
153.7170
30
0
0
VERTEX
8
Visible
10
108.9664
20
153.7301
30
0
0
VERTEX
8
Visible
10
108.9626
20
153.7430
30
0
0
VERTEX
8
Visible
10
108.9585
20
153.7560
30
0
0
VERTEX
8
Visible
10
108.9543
20
153.7688
30
0
0
VERTEX
8
Visible
10
108.9499
20
153.7816
30
0
0
VERTEX
8
Visible
10
108.9454
20
153.7943
30
0
0
VERTEX
8
Visible
10
108.9407
20
153.8069
30
0
0
VERTEX
8
Visible
10
108.9358
20
153.8195
30
0
0
VERTEX
8
Visible
10
108.9308
20
153.8320
30
0
0
VERTEX
8
Visible
10
108.9256
20
153.8444
30
0
0
VERTEX
8
Visible
10
108.9203
20
153.8567
30
0
0
VERTEX
8
Visible
10
108.9147
20
153.8690
30
0
0
VERTEX
8
Visible
10
108.9091
20
153.8811
30
0
0
VERTEX
8
Visible
10
108.9032
20
153.8933
30
0
0
VERTEX
8
Visible
10
108.8972
20
153.9053
30
0
0
VERTEX
8
Visible
10
108.8910
20
153.9172
30
0
0
VERTEX
8
Visible
10
108.8847
20
153.9291
30
0
0
VERTEX
8
Visible
10
108.8782
20
153.9409
30
0
0
VERTEX
8
Visible
10
108.8715
20
153.9526
30
0
0
VERTEX
8
Visible
10
108.8647
20
153.9642
30
0
0
VERTEX
8
Visible
10
108.8577
20
153.9758
30
0
0
VERTEX
8
Visible
10
108.8506
20
153.9872
30
0
0
VERTEX
8
Visible
10
108.8433
20
153.9986
30
0
0
VERTEX
8
Visible
10
108.8358
20
154.0099
30
0
0
VERTEX
8
Visible
10
108.8282
20
154.0211
30
0
0
VERTEX
8
Visible
10
108.8204
20
154.0322
30
0
0
VERTEX
8
Visible
10
108.8125
20
154.0432
30
0
0
VERTEX
8
Visible
10
108.8044
20
154.0542
30
0
0
VERTEX
8
Visible
10
108.7961
20
154.0650
30
0
0
VERTEX
8
Visible
10
108.7877
20
154.0758
30
0
0
VERTEX
8
Visible
10
108.7791
20
154.0864
30
0
0
VERTEX
8
Visible
10
108.7703
20
154.0970
30
0
0
VERTEX
8
Visible
10
108.7614
20
154.1075
30
0
0
VERTEX
8
Visible
10
108.7523
20
154.1179
30
0
0
VERTEX
8
Visible
10
108.7431
20
154.1282
30
0
0
VERTEX
8
Visible
10
108.7337
20
154.1384
30
0
0
VERTEX
8
Visible
10
108.7242
20
154.1485
30
0
0
VERTEX
8
Visible
10
108.7145
20
154.1585
30
0
0
VERTEX
8
Visible
10
108.7046
20
154.1684
30
0
0
VERTEX
8
Visible
10
108.6946
20
154.1782
30
0
0
VERTEX
8
Visible
10
108.6844
20
154.1880
30
0
0
VERTEX
8
Visible
10
108.6741
20
154.1976
30
0
0
VERTEX
8
Visible
10
108.6636
20
154.2071
30
0
0
VERTEX
8
Visible
10
108.6529
20
154.2165
30
0
0
VERTEX
8
Visible
10
108.6421
20
154.2258
30
0
0
VERTEX
8
Visible
10
108.6311
20
154.2350
30
0
0
VERTEX
8
Visible
10
108.6200
20
154.2442
30
0
0
VERTEX
8
Visible
10
108.6087
20
154.2532
30
0
0
VERTEX
8
Visible
10
108.5973
20
154.2621
30
0
0
VERTEX
8
Visible
10
108.5857
20
154.2709
30
0
0
VERTEX
8
Visible
10
108.5740
20
154.2796
30
0
0
VERTEX
8
Visible
10
108.5620
20
154.2882
30
0
0
VERTEX
8
Visible
10
108.5500
20
154.2966
30
0
0
VERTEX
8
Visible
10
108.5378
20
154.3050
30
0
0
VERTEX
8
Visible
10
108.5254
20
154.3133
30
0
0
VERTEX
8
Visible
10
108.5129
20
154.3214
30
0
0
VERTEX
8
Visible
10
108.5002
20
154.3295
30
0
0
VERTEX
8
Visible
10
108.4873
20
154.3374
30
0
0
VERTEX
8
Visible
10
108.4743
20
154.3452
30
0
0
VERTEX
8
Visible
10
108.4612
20
154.3529
30
0
0
VERTEX
8
Visible
10
108.4479
20
154.3605
30
0
0
VERTEX
8
Visible
10
108.4344
20
154.3680
30
0
0
VERTEX
8
Visible
10
108.4208
20
154.3753
30
0
0
VERTEX
8
Visible
10
108.4070
20
154.3826
30
0
0
VERTEX
8
Visible
10
108.3931
20
154.3897
30
0
0
VERTEX
8
Visible
10
108.3791
20
154.3967
30
0
0
VERTEX
8
Visible
10
108.3648
20
154.4036
30
0
0
VERTEX
8
Visible
10
108.3505
20
154.4104
30
0
0
VERTEX
8
Visible
10
108.3359
20
154.4170
30
0
0
VERTEX
8
Visible
10
108.3212
20
154.4235
30
0
0
VERTEX
8
Visible
10
108.3064
20
154.4299
30
0
0
VERTEX
8
Visible
10
108.2914
20
154.4362
30
0
0
VERTEX
8
Visible
10
108.2763
20
154.4424
30
0
0
VERTEX
8
Visible
10
108.2610
20
154.4484
30
0
0
VERTEX
8
Visible
10
108.2456
20
154.4543
30
0
0
VERTEX
8
Visible
10
108.2301
20
154.4601
30
0
0
VERTEX
8
Visible
10
108.2144
20
154.4657
30
0
0
VERTEX
8
Visible
10
108.1985
20
154.4712
30
0
0
VERTEX
8
Visible
10
108.1825
20
154.4766
30
0
0
VERTEX
8
Visible
10
108.1664
20
154.4819
30
0
0
VERTEX
8
Visible
10
108.1501
20
154.4870
30
0
0
VERTEX
8
Visible
10
108.1337
20
154.4920
30
0
0
VERTEX
8
Visible
10
108.1171
20
154.4968
30
0
0
VERTEX
8
Visible
10
108.1004
20
154.5016
30
0
0
VERTEX
8
Visible
10
108.0836
20
154.5061
30
0
0
VERTEX
8
Visible
10
108.0666
20
154.5106
30
0
0
VERTEX
8
Visible
10
108.0495
20
154.5149
30
0
0
VERTEX
8
Visible
10
108.0323
20
154.5191
30
0
0
VERTEX
8
Visible
10
108.0149
20
154.5231
30
0
0
VERTEX
8
Visible
10
107.9974
20
154.5270
30
0
0
VERTEX
8
Visible
10
107.9797
20
154.5308
30
0
0
VERTEX
8
Visible
10
107.9619
20
154.5344
30
0
0
VERTEX
8
Visible
10
107.9440
20
154.5379
30
0
0
VERTEX
8
Visible
10
107.9260
20
154.5412
30
0
0
VERTEX
8
Visible
10
107.9078
20
154.5444
30
0
0
VERTEX
8
Visible
10
107.8894
20
154.5475
30
0
0
VERTEX
8
Visible
10
107.8710
20
154.5504
30
0
0
VERTEX
8
Visible
10
107.8524
20
154.5531
30
0
0
VERTEX
8
Visible
10
107.8337
20
154.5558
30
0
0
VERTEX
8
Visible
10
107.8148
20
154.5582
30
0
0
VERTEX
8
Visible
10
107.7959
20
154.5606
30
0
0
VERTEX
8
Visible
10
107.7768
20
154.5627
30
0
0
VERTEX
8
Visible
10
107.7575
20
154.5648
30
0
0
VERTEX
8
Visible
10
107.7382
20
154.5666
30
0
0
VERTEX
8
Visible
10
107.7187
20
154.5684
30
0
0
VERTEX
8
Visible
10
107.6991
20
154.5699
30
0
0
VERTEX
8
Visible
10
107.6795
20
154.5714
30
0
0
VERTEX
8
Visible
10
107.6597
20
154.5726
30
0
0
VERTEX
8
Visible
10
107.6398
20
154.5737
30
0
0
VERTEX
8
Visible
10
107.6198
20
154.5747
30
0
0
VERTEX
8
Visible
10
107.5997
20
154.5755
30
0
0
VERTEX
8
Visible
10
107.5795
20
154.5762
30
0
0
VERTEX
8
Visible
10
107.5591
20
154.5766
30
0
0
VERTEX
8
Visible
10
107.5387
20
154.5770
30
0
0
VERTEX
8
Visible
10
107.5182
20
154.5772
30
0
0
VERTEX
8
Visible
10
107.4976
20
154.5772
30
0
0
VERTEX
8
Visible
10
107.4769
20
154.5771
30
0
0
VERTEX
8
Visible
10
107.4561
20
154.5768
30
0
0
VERTEX
8
Visible
10
107.4352
20
154.5763
30
0
0
VERTEX
8
Visible
10
107.4142
20
154.5757
30
0
0
VERTEX
8
Visible
10
107.3931
20
154.5749
30
0
0
VERTEX
8
Visible
10
107.3720
20
154.5740
30
0
0
VERTEX
8
Visible
10
107.3507
20
154.5729
30
0
0
VERTEX
8
Visible
10
107.3294
20
154.5717
30
0
0
VERTEX
8
Visible
10
107.3079
20
154.5702
30
0
0
VERTEX
8
Visible
10
107.2864
20
154.5687
30
0
0
VERTEX
8
Visible
10
107.2648
20
154.5669
30
0
0
VERTEX
8
Visible
10
107.2431
20
154.5650
30
0
0
VERTEX
8
Visible
10
107.2214
20
154.5630
30
0
0
VERTEX
8
Visible
10
107.1996
20
154.5607
30
0
0
VERTEX
8
Visible
10
107.1777
20
154.5583
30
0
0
VERTEX
8
Visible
10
107.1558
20
154.5558
30
0
0
VERTEX
8
Visible
10
107.1338
20
154.5531
30
0
0
VERTEX
8
Visible
10
107.1118
20
154.5502
30
0
0
VERTEX
8
Visible
10
107.0897
20
154.5471
30
0
0
VERTEX
8
Visible
10
107.0676
20
154.5439
30
0
0
VERTEX
8
Visible
10
107.0455
20
154.5406
30
0
0
VERTEX
8
Visible
10
107.0233
20
154.5370
30
0
0
VERTEX
8
Visible
10
107.0011
20
154.5333
30
0
0
VERTEX
8
Visible
10
106.9788
20
154.5295
30
0
0
VERTEX
8
Visible
10
106.9565
20
154.5255
30
0
0
VERTEX
8
Visible
10
106.9341
20
154.5213
30
0
0
VERTEX
8
Visible
10
106.9118
20
154.5169
30
0
0
VERTEX
8
Visible
10
106.8894
20
154.5124
30
0
0
VERTEX
8
Visible
10
106.8669
20
154.5078
30
0
0
VERTEX
8
Visible
10
106.8445
20
154.5029
30
0
0
VERTEX
8
Visible
10
106.8220
20
154.4979
30
0
0
VERTEX
8
Visible
10
106.7995
20
154.4928
30
0
0
VERTEX
8
Visible
10
106.7769
20
154.4874
30
0
0
VERTEX
8
Visible
10
106.7544
20
154.4819
30
0
0
VERTEX
8
Visible
10
106.7319
20
154.4763
30
0
0
VERTEX
8
Visible
10
106.7094
20
154.4705
30
0
0
VERTEX
8
Visible
10
106.6869
20
154.4645
30
0
0
VERTEX
8
Visible
10
106.6645
20
154.4584
30
0
0
VERTEX
8
Visible
10
106.6420
20
154.4522
30
0
0
VERTEX
8
Visible
10
106.6195
20
154.4457
30
0
0
VERTEX
8
Visible
10
106.5971
20
154.4392
30
0
0
VERTEX
8
Visible
10
106.5747
20
154.4324
30
0
0
VERTEX
8
Visible
10
106.5523
20
154.4255
30
0
0
VERTEX
8
Visible
10
106.5299
20
154.4185
30
0
0
VERTEX
8
Visible
10
106.5076
20
154.4113
30
0
0
VERTEX
8
Visible
10
106.4853
20
154.4039
30
0
0
VERTEX
8
Visible
10
106.4631
20
154.3964
30
0
0
VERTEX
8
Visible
10
106.4409
20
154.3888
30
0
0
SEQEND
8
Visible
0
POLYLINE
8
Visible
66
1
70
0
10
0
20
0
30
0
0
VERTEX
8
Visible
10
103.8857
20
150.0353
30
0
0
VERTEX
8
Visible
10
103.9582
20
150.0774
30
0
0
VERTEX
8
Visible
10
104.0308
20
150.1192
30
0
0
VERTEX
8
Visible
10
104.1035
20
150.1606
30
0
0
VERTEX
8
Visible
10
104.1765
20
150.2017
30
0
0
VERTEX
8
Visible
10
104.2496
20
150.2425
30
0
0
VERTEX
8
Visible
10
104.3229
20
150.2830
30
0
0
VERTEX
8
Visible
10
104.3963
20
150.3232
30
0
0
VERTEX
8
Visible
10
104.4699
20
150.3630
30
0
0
VERTEX
8
Visible
10
104.5436
20
150.4025
30
0
0
VERTEX
8
Visible
10
104.6175
20
150.4417
30
0
0
VERTEX
8
Visible
10
104.6916
20
150.4806
30
0
0
VERTEX
8
Visible
10
104.7658
20
150.5191
30
0
0
VERTEX
8
Visible
10
104.8402
20
150.5573
30
0
0
VERTEX
8
Visible
10
104.9147
20
150.5952
30
0
0
VERTEX
8
Visible
10
104.9894
20
150.6328
30
0
0
VERTEX
8
Visible
10
105.0642
20
150.6700
30
0
0
VERTEX
8
Visible
10
105.1392
20
150.7069
30
0
0
VERTEX
8
Visible
10
105.2143
20
150.7435
30
0
0
VERTEX
8
Visible
10
105.2896
20
150.7798
30
0
0
VERTEX
8
Visible
10
105.3651
20
150.8157
30
0
0
VERTEX
8
Visible
10
105.4406
20
150.8513
30
0
0
VERTEX
8
Visible
10
105.5163
20
150.8866
30
0
0
VERTEX
8
Visible
10
105.5922
20
150.9215
30
0
0
VERTEX
8
Visible
10
105.6682
20
150.9562
30
0
0
VERTEX
8
Visible
10
105.7444
20
150.9904
30
0
0
VERTEX
8
Visible
10
105.8206
20
151.0244
30
0
0
VERTEX
8
Visible
10
105.8971
20
151.0580
30
0
0
VERTEX
8
Visible
10
105.9736
20
151.0913
30
0
0
VERTEX
8
Visible
10
106.0503
20
151.1243
30
0
0
VERTEX
8
Visible
10
106.1272
20
151.1570
30
0
0
VERTEX
8
Visible
10
106.2042
20
151.1893
30
0
0
VERTEX
8
Visible
10
106.2813
20
151.2212
30
0
0
VERTEX
8
Visible
10
106.3585
20
151.2529
30
0
0
VERTEX
8
Visible
10
106.4359
20
151.2842
30
0
0
VERTEX
8
Visible
10
106.5134
20
151.3152
30
0
0
VERTEX
8
Visible
10
106.5910
20
151.3458
30
0
0
VERTEX
8
Visible
10
106.6688
20
151.3761
30
0
0
VERTEX
8
Visible
10
106.7467
20
151.4061
30
0
0
VERTEX
8
Visible
10
106.8247
20
151.4358
30
0
0
VERTEX
8
Visible
10
106.9028
20
151.4651
30
0
0
VERTEX
8
Visible
10
106.9811
20
151.4941
30
0
0
VERTEX
8
Visible
10
107.0595
20
151.5227
30
0
0
VERTEX
8
Visible
10
107.1380
20
151.5510
30
0
0
VERTEX
8
Visible
10
107.2166
20
151.5790
30
0
0
VERTEX
8
Visible
10
107.2954
20
151.6066
30
0
0
VERTEX
8
Visible
10
107.3743
20
151.6339
30
0
0
VERTEX
8
Visible
10
107.4532
20
151.6608
30
0
0
VERTEX
8
Visible
10
107.5323
20
151.6875
30
0
0
SEQEND
8
Visible
0
POLYLINE
8
Visible
66
1
70
0
10
0
20
0
30
0
0
VERTEX
8
Visible
10
99.0074
20
137.1463
30
0
0
VERTEX
8
Visible
10
99.0124
20
137.1631
30
0
0
VERTEX
8
Visible
10
99.0175
20
137.1800
30
0
0
VERTEX
8
Visible
10
99.0226
20
137.1968
30
0
0
VERTEX
8
Visible
10
99.0277
20
137.2136
30
0
0
VERTEX
8
Visible
10
99.0328
20
137.2303
30
0
0
VERTEX
8
Visible
10
99.0379
20
137.2471
30
0
0
VERTEX
8
Visible
10
99.0431
20
137.2639
30
0
0
VERTEX
8
Visible
10
99.0483
20
137.2807
30
0
0
VERTEX
8
Visible
10
99.0535
20
137.2974
30
0
0
VERTEX
8
Visible
10
99.0587
20
137.3142
30
0
0
VERTEX
8
Visible
10
99.0639
20
137.3310
30
0
0
VERTEX
8
Visible
10
99.0692
20
137.3477
30
0
0
VERTEX
8
Visible
10
99.0745
20
137.3644
30
0
0
VERTEX
8
Visible
10
99.0798
20
137.3812
30
0
0
VERTEX
8
Visible
10
99.0851
20
137.3979
30
0
0
VERTEX
8
Visible
10
99.0904
20
137.4146
30
0
0
VERTEX
8
Visible
10
99.0958
20
137.4313
30
0
0
VERTEX
8
Visible
10
99.1011
20
137.4481
30
0
0
VERTEX
8
Visible
10
99.1065
20
137.4648
30
0
0
VERTEX
8
Visible
10
99.1119
20
137.4815
30
0
0
VERTEX
8
Visible
10
99.1174
20
137.4981
30
0
0
VERTEX
8
Visible
10
99.1228
20
137.5148
30
0
0
VERTEX
8
Visible
10
99.1283
20
137.5315
30
0
0
VERTEX
8
Visible
10
99.1338
20
137.5482
30
0
0
VERTEX
8
Visible
10
99.1393
20
137.5648
30
0
0
VERTEX
8
Visible
10
99.1448
20
137.5815
30
0
0
VERTEX
8
Visible
10
99.1504
20
137.5982
30
0
0
VERTEX
8
Visible
10
99.1559
20
137.6148
30
0
0
VERTEX
8
Visible
10
99.1615
20
137.6314
30
0
0
VERTEX
8
Visible
10
99.1671
20
137.6481
30
0
0
VERTEX
8
Visible
10
99.1728
20
137.6647
30
0
0
VERTEX
8
Visible
10
99.1784
20
137.6813
30
0
0
VERTEX
8
Visible
10
99.1841
20
137.6979
30
0
0
VERTEX
8
Visible
10
99.1898
20
137.7145
30
0
0
VERTEX
8
Visible
10
99.1955
20
137.7311
30
0
0
VERTEX
8
Visible
10
99.2012
20
137.7477
30
0
0
VERTEX
8
Visible
10
99.2069
20
137.7643
30
0
0
VERTEX
8
Visible
10
99.2127
20
137.7809
30
0
0
VERTEX
8
Visible
10
99.2185
20
137.7975
30
0
0
VERTEX
8
Visible
10
99.2243
20
137.8140
30
0
0
VERTEX
8
Visible
10
99.2301
20
137.8306
30
0
0
VERTEX
8
Visible
10
99.2359
20
137.8472
30
0
0
VERTEX
8
Visible
10
99.2418
20
137.8637
30
0
0
VERTEX
8
Visible
10
99.2477
20
137.8802
30
0
0
VERTEX
8
Visible
10
99.2536
20
137.8968
30
0
0
VERTEX
8
Visible
10
99.2595
20
137.9133
30
0
0
VERTEX
8
Visible
10
99.2654
20
137.9298
30
0
0
VERTEX
8
Visible
10
99.2714
20
137.9463
30
0
0
SEQEND
8
Visible
0
LINE
8
Visible
10
128.5397
20
111.3463
30
0
11
138.0392
21
111.3463
31
0
0
LINE
8
Visible
10
128.5397
20
111.3463
30
0
11
127.1255
21
111.3463
31
0
0
LINE
8
Visible
10
125.2970
20
111.3463
30
0
11
127.1255
21
111.3463
31
0
0
LINE
8
Visible
10
125.2970
20
111.3463
30
0
11
124.7112
21
111.3463
31
0
0
LINE
8
Visible
10
102.7112
20
111.3463
30
0
11
102.1255
21
111.3463
31
0
0
LINE
8
Visible
10
100.2970
20
111.3463
30
0
11
102.1255
21
111.3463
31
0
0
LINE
8
Visible
10
100.2970
20
111.3463
30
0
11
98.8828
21
111.3463
31
0
0
LINE
8
Visible
10
89.3833
20
111.3463
30
0
11
98.8828
21
111.3463
31
0
0
LINE
8
Visible
10
86.2294
20
112.1463
30
0
11
87.2301
21
112.1463
31
0
0
LINE
8
Visible
10
88.3621
20
112.1463
30
0
11
88.2309
21
112.1463
31
0
0
LINE
8
Visible
10
88.4847
20
112.1463
30
0
11
88.3621
21
112.1463
31
0
0
LINE
8
Visible
10
89.4084
20
112.1463
30
0
11
98.8828
21
112.1463
31
0
0
LINE
8
Visible
10
98.8828
20
112.1463
30
0
11
100.2970
21
112.1463
31
0
0
LINE
8
Visible
10
102.1255
20
112.1463
30
0
11
100.2970
21
112.1463
31
0
0
LINE
8
Visible
10
102.1255
20
112.1463
30
0
11
102.7112
21
112.1463
31
0
0
POLYLINE
8
Visible
66
1
70
0
10
0
20
0
30
0
0
VERTEX
8
Visible
10
135.5791
20
126.3273
30
0
0
VERTEX
8
Visible
10
135.5564
20
126.4744
30
0
0
VERTEX
8
Visible
10
135.5336
20
126.6216
30
0
0
VERTEX
8
Visible
10
135.5108
20
126.7687
30
0
0
VERTEX
8
Visible
10
135.4880
20
126.9159
30
0
0
VERTEX
8
Visible
10
135.4651
20
127.0631
30
0
0
VERTEX
8
Visible
10
135.4423
20
127.2103
30
0
0
VERTEX
8
Visible
10
135.4194
20
127.3575
30
0
0
VERTEX
8
Visible
10
135.3966
20
127.5048
30
0
0
VERTEX
8
Visible
10
135.3737
20
127.6520
30
0
0
VERTEX
8
Visible
10
135.3508
20
127.7993
30
0
0
VERTEX
8
Visible
10
135.3279
20
127.9466
30
0
0
VERTEX
8
Visible
10
135.3050
20
128.0938
30
0
0
VERTEX
8
Visible
10
135.2821
20
128.2411
30
0
0
VERTEX
8
Visible
10
135.2592
20
128.3884
30
0
0
VERTEX
8
Visible
10
135.2362
20
128.5357
30
0
0
VERTEX
8
Visible
10
135.2133
20
128.6831
30
0
0
VERTEX
8
Visible
10
135.1903
20
128.8304
30
0
0
VERTEX
8
Visible
10
135.1673
20
128.9777
30
0
0
VERTEX
8
Visible
10
135.1444
20
129.1251
30
0
0
VERTEX
8
Visible
10
135.1214
20
129.2724
30
0
0
VERTEX
8
Visible
10
135.0984
20
129.4197
30
0
0
VERTEX
8
Visible
10
135.0753
20
129.5671
30
0
0
VERTEX
8
Visible
10
135.0523
20
129.7144
30
0
0
VERTEX
8
Visible
10
135.0293
20
129.8618
30
0
0
VERTEX
8
Visible
10
135.0062
20
130.0091
30
0
0
VERTEX
8
Visible
10
134.9832
20
130.1565
30
0
0
VERTEX
8
Visible
10
134.9601
20
130.3038
30
0
0
VERTEX
8
Visible
10
134.9370
20
130.4512
30
0
0
VERTEX
8
Visible
10
134.9139
20
130.5985
30
0
0
VERTEX
8
Visible
10
134.8908
20
130.7459
30
0
0
VERTEX
8
Visible
10
134.8677
20
130.8932
30
0
0
VERTEX
8
Visible
10
134.8446
20
131.0405
30
0
0
VERTEX
8
Visible
10
134.8215
20
131.1878
30
0
0
VERTEX
8
Visible
10
134.7983
20
131.3352
30
0
0
VERTEX
8
Visible
10
134.7752
20
131.4825
30
0
0
VERTEX
8
Visible
10
134.7520
20
131.6298
30
0
0
VERTEX
8
Visible
10
134.7288
20
131.7771
30
0
0
VERTEX
8
Visible
10
134.7057
20
131.9243
30
0
0
VERTEX
8
Visible
10
134.6825
20
132.0716
30
0
0
VERTEX
8
Visible
10
134.6593
20
132.2188
30
0
0
VERTEX
8
Visible
10
134.6361
20
132.3661
30
0
0
VERTEX
8
Visible
10
134.6129
20
132.5133
30
0
0
VERTEX
8
Visible
10
134.5896
20
132.6605
30
0
0
VERTEX
8
Visible
10
134.5664
20
132.8077
30
0
0
VERTEX
8
Visible
10
134.5432
20
132.9549
30
0
0
VERTEX
8
Visible
10
134.5199
20
133.1021
30
0
0
VERTEX
8
Visible
10
134.4967
20
133.2492
30
0
0
VERTEX
8
Visible
10
134.4734
20
133.3963
30
0
0
SEQEND
8
Visible
0
LINE
8
Visible
10
134.4734
20
133.3963
30
0
11
136.5649
21
133.3963
31
0
0
LINE
8
Visible
10
124.7112
20
112.1463
30
0
11
125.2970
21
112.1463
31
0
0
LINE
8
Visible
10
127.1255
20
112.1463
30
0
11
125.2970
21
112.1463
31
0
0
LINE
8
Visible
10
127.1255
20
112.1463
30
0
11
128.5397
21
112.1463
31
0
0
LINE
8
Visible
10
128.5397
20
112.1463
30
0
11
138.0141
21
112.1463
31
0
0
LINE
8
Visible
10
139.0604
20
112.1463
30
0
11
138.9377
21
112.1463
31
0
0
LINE
8
Visible
10
139.1916
20
112.1463
30
0
11
139.0604
21
112.1463
31
0
0
LINE
8
Visible
10
140.1924
20
112.1463
30
0
11
141.1930
21
112.1463
31
0
0
POLYLINE
8
Visible
66
1
70
0
10
0
20
0
30
0
0
VERTEX
8
Visible
10
136.2083
20
114.4038
30
0
0
VERTEX
8
Visible
10
136.1804
20
114.5763
30
0
0
VERTEX
8
Visible
10
136.1525
20
114.7487
30
0
0
VERTEX
8
Visible
10
136.1246
20
114.9209
30
0
0
VERTEX
8
Visible
10
136.0966
20
115.0930
30
0
0
VERTEX
8
Visible
10
136.0687
20
115.2650
30
0
0
VERTEX
8
Visible
10
136.0407
20
115.4368
30
0
0
VERTEX
8
Visible
10
136.0127
20
115.6084
30
0
0
VERTEX
8
Visible
10
135.9847
20
115.7799
30
0
0
VERTEX
8
Visible
10
135.9567
20
115.9512
30
0
0
VERTEX
8
Visible
10
135.9287
20
116.1224
30
0
0
VERTEX
8
Visible
10
135.9007
20
116.2934
30
0
0
VERTEX
8
Visible
10
135.8727
20
116.4643
30
0
0
VERTEX
8
Visible
10
135.8446
20
116.6351
30
0
0
VERTEX
8
Visible
10
135.8166
20
116.8056
30
0
0
VERTEX
8
Visible
10
135.7885
20
116.9761
30
0
0
VERTEX
8
Visible
10
135.7604
20
117.1463
30
0
0
SEQEND
8
Visible
0
LINE
8
Visible
10
135.7604
20
117.1463
30
0
11
136.9552
21
117.1463
31
0
0
POLYLINE
8
Visible
66
1
70
0
10
0
20
0
30
0
0
VERTEX
8
Visible
10
136.9552
20
117.1463
30
0
0
VERTEX
8
Visible
10
136.8703
20
117.7299
30
0
0
VERTEX
8
Visible
10
136.7853
20
118.3122
30
0
0
VERTEX
8
Visible
10
136.7001
20
118.8932
30
0
0
VERTEX
8
Visible
10
136.6148
20
119.4730
30
0
0
VERTEX
8
Visible
10
136.5293
20
120.0515
30
0
0
VERTEX
8
Visible
10
136.4436
20
120.6286
30
0
0
VERTEX
8
Visible
10
136.3578
20
121.2045
30
0
0
VERTEX
8
Visible
10
136.2719
20
121.7791
30
0
0
VERTEX
8
Visible
10
136.1858
20
122.3524
30
0
0
VERTEX
8
Visible
10
136.0995
20
122.9243
30
0
0
VERTEX
8
Visible
10
136.0131
20
123.4949
30
0
0
VERTEX
8
Visible
10
135.9266
20
124.0641
30
0
0
VERTEX
8
Visible
10
135.8400
20
124.6320
30
0
0
VERTEX
8
Visible
10
135.7532
20
125.1985
30
0
0
VERTEX
8
Visible
10
135.6662
20
125.7636
30
0
0
VERTEX
8
Visible
10
135.5791
20
126.3273
30
0
0
SEQEND
8
Visible
0
LINE
8
Visible
10
111.3199
20
106.0763
30
0
11
109.1112
21
106.0763
31
0
0
POLYLINE
8
Visible
66
1
70
0
10
0
20
0
30
0
0
VERTEX
8
Visible
10
91.2141
20
114.4038
30
0
0
VERTEX
8
Visible
10
91.2066
20
114.3570
30
0
0
VERTEX
8
Visible
10
91.1992
20
114.3103
30
0
0
VERTEX
8
Visible
10
91.1919
20
114.2635
30
0
0
VERTEX
8
Visible
10
91.1847
20
114.2167
30
0
0
VERTEX
8
Visible
10
91.1776
20
114.1699
30
0
0
VERTEX
8
Visible
10
91.1706
20
114.1230
30
0
0
VERTEX
8
Visible
10
91.1636
20
114.0762
30
0
0
VERTEX
8
Visible
10
91.1568
20
114.0294
30
0
0
VERTEX
8
Visible
10
91.1501
20
113.9825
30
0
0
VERTEX
8
Visible
10
91.1435
20
113.9356
30
0
0
VERTEX
8
Visible
10
91.1369
20
113.8887
30
0
0
VERTEX
8
Visible
10
91.1305
20
113.8418
30
0
0
VERTEX
8
Visible
10
91.1242
20
113.7949
30
0
0
VERTEX
8
Visible
10
91.1179
20
113.7480
30
0
0
VERTEX
8
Visible
10
91.1118
20
113.7011
30
0
0
VERTEX
8
Visible
10
91.1058
20
113.6541
30
0
0
VERTEX
8
Visible
10
91.0998
20
113.6071
30
0
0
VERTEX
8
Visible
10
91.0940
20
113.5602
30
0
0
VERTEX
8
Visible
10
91.0882
20
113.5132
30
0
0
VERTEX
8
Visible
10
91.0826
20
113.4662
30
0
0
VERTEX
8
Visible
10
91.0771
20
113.4192
30
0
0
VERTEX
8
Visible
10
91.0716
20
113.3722
30
0
0
VERTEX
8
Visible
10
91.0663
20
113.3251
30
0
0
VERTEX
8
Visible
10
91.0610
20
113.2781
30
0
0
VERTEX
8
Visible
10
91.0558
20
113.2311
30
0
0
VERTEX
8
Visible
10
91.0508
20
113.1840
30
0
0
VERTEX
8
Visible
10
91.0458
20
113.1369
30
0
0
VERTEX
8
Visible
10
91.0410
20
113.0898
30
0
0
VERTEX
8
Visible
10
91.0362
20
113.0427
30
0
0
VERTEX
8
Visible
10
91.0315
20
112.9956
30
0
0
VERTEX
8
Visible
10
91.0270
20
112.9485
30
0
0
VERTEX
8
Visible
10
91.0225
20
112.9014
30
0
0
VERTEX
8
Visible
10
91.0181
20
112.8543
30
0
0
VERTEX
8
Visible
10
91.0139
20
112.8071
30
0
0
VERTEX
8
Visible
10
91.0097
20
112.7600
30
0
0
VERTEX
8
Visible
10
91.0056
20
112.7128
30
0
0
VERTEX
8
Visible
10
91.0016
20
112.6657
30
0
0
VERTEX
8
Visible
10
90.9978
20
112.6185
30
0
0
VERTEX
8
Visible
10
90.9940
20
112.5713
30
0
0
VERTEX
8
Visible
10
90.9903
20
112.5241
30
0
0
VERTEX
8
Visible
10
90.9867
20
112.4769
30
0
0
VERTEX
8
Visible
10
90.9832
20
112.4297
30
0
0
VERTEX
8
Visible
10
90.9799
20
112.3825
30
0
0
VERTEX
8
Visible
10
90.9766
20
112.3353
30
0
0
VERTEX
8
Visible
10
90.9734
20
112.2881
30
0
0
VERTEX
8
Visible
10
90.9703
20
112.2408
30
0
0
VERTEX
8
Visible
10
90.9673
20
112.1936
30
0
0
VERTEX
8
Visible
10
90.9644
20
112.1463
30
0
0
SEQEND
8
Visible
0
CIRCLE
8
Visible
10
113.7112
20
133.6463
30
0
40
4.7500
0
ARC
8
Visible
10
105.6072
20
156.8858
30
0
40
2.9212
50
288.8142
51
307.7144
0
ARC
8
Visible
10
101.4659
20
154.9863
30
0
40
2.8876
50
281.3214
51
299.7403
0
ARC
8
Visible
10
113.7055
20
133.3269
30
0
40
21.9907
50
108.9910
51
119.4350
0
ARC
8
Visible
10
115.2312
20
107.9763
30
0
40
1.4000
50
0.0000
51
90.0000
0
LINE
8
Visible
10
109.1112
20
109.3763
30
0
11
115.2312
21
109.3763
31
0
0
ARC
8
Visible
10
115.2312
20
107.4763
30
0
40
1.4000
50
270.0000
51
0.0000
0
LINE
8
Visible
10
116.6312
20
107.9763
30
0
11
116.6312
21
107.4763
31
0
0
ARC
8
Visible
10
108.9312
20
107.4763
30
0
40
1.4000
50
180.0000
51
243.7137
0
LINE
8
Visible
10
115.2312
20
106.0763
30
0
11
111.3199
21
106.0763
31
0
0
ARC
8
Visible
10
108.9312
20
107.9763
30
0
40
1.4000
50
116.2863
51
152.1785
0
ARC
8
Visible
10
108.9312
20
107.9763
30
0
40
1.4000
50
152.1785
51
180.0000
0
LINE
8
Visible
10
107.5312
20
107.4763
30
0
11
107.5312
21
107.9763
31
0
0
POLYLINE
8
Visible
66
1
70
0
10
0
20
0
30
0
0
VERTEX
8
Visible
10
138.5426
20
114.6089
30
0
0
VERTEX
8
Visible
10
138.5502
20
114.5579
30
0
0
VERTEX
8
Visible
10
138.5578
20
114.5068
30
0
0
VERTEX
8
Visible
10
138.5653
20
114.4558
30
0
0
VERTEX
8
Visible
10
138.5727
20
114.4047
30
0
0
VERTEX
8
Visible
10
138.5799
20
114.3536
30
0
0
VERTEX
8
Visible
10
138.5871
20
114.3025
30
0
0
VERTEX
8
Visible
10
138.5941
20
114.2514
30
0
0
VERTEX
8
Visible
10
138.6011
20
114.2003
30
0
0
VERTEX
8
Visible
10
138.6079
20
114.1492
30
0
0
VERTEX
8
Visible
10
138.6147
20
114.0980
30
0
0
VERTEX
8
Visible
10
138.6213
20
114.0468
30
0
0
VERTEX
8
Visible
10
138.6278
20
113.9957
30
0
0
VERTEX
8
Visible
10
138.6342
20
113.9445
30
0
0
VERTEX
8
Visible
10
138.6405
20
113.8933
30
0
0
VERTEX
8
Visible
10
138.6468
20
113.8421
30
0
0
VERTEX
8
Visible
10
138.6529
20
113.7908
30
0
0
VERTEX
8
Visible
10
138.6589
20
113.7396
30
0
0
VERTEX
8
Visible
10
138.6647
20
113.6884
30
0
0
VERTEX
8
Visible
10
138.6705
20
113.6371
30
0
0
VERTEX
8
Visible
10
138.6762
20
113.5858
30
0
0
VERTEX
8
Visible
10
138.6818
20
113.5345
30
0
0
VERTEX
8
Visible
10
138.6872
20
113.4832
30
0
0
VERTEX
8
Visible
10
138.6926
20
113.4319
30
0
0
VERTEX
8
Visible
10
138.6979
20
113.3806
30
0
0
VERTEX
8
Visible
10
138.7030
20
113.3293
30
0
0
VERTEX
8
Visible
10
138.7081
20
113.2780
30
0
0
VERTEX
8
Visible
10
138.7130
20
113.2266
30
0
0
VERTEX
8
Visible
10
138.7178
20
113.1753
30
0
0
VERTEX
8
Visible
10
138.7226
20
113.1239
30
0
0
VERTEX
8
Visible
10
138.7272
20
113.0725
30
0
0
VERTEX
8
Visible
10
138.7317
20
113.0211
30
0
0
VERTEX
8
Visible
10
138.7361
20
112.9698
30
0
0
VERTEX
8
Visible
10
138.7404
20
112.9184
30
0
0
VERTEX
8
Visible
10
138.7446
20
112.8669
30
0
0
VERTEX
8
Visible
10
138.7487
20
112.8155
30
0
0
VERTEX
8
Visible
10
138.7527
20
112.7641
30
0
0
VERTEX
8
Visible
10
138.7566
20
112.7127
30
0
0
VERTEX
8
Visible
10
138.7603
20
112.6612
30
0
0
VERTEX
8
Visible
10
138.7640
20
112.6098
30
0
0
VERTEX
8
Visible
10
138.7676
20
112.5583
30
0
0
VERTEX
8
Visible
10
138.7710
20
112.5068
30
0
0
VERTEX
8
Visible
10
138.7744
20
112.4553
30
0
0
VERTEX
8
Visible
10
138.7776
20
112.4039
30
0
0
VERTEX
8
Visible
10
138.7808
20
112.3524
30
0
0
VERTEX
8
Visible
10
138.7838
20
112.3009
30
0
0
VERTEX
8
Visible
10
138.7867
20
112.2494
30
0
0
VERTEX
8
Visible
10
138.7895
20
112.1978
30
0
0
VERTEX
8
Visible
10
138.7922
20
112.1463
30
0
0
SEQEND
8
Visible
0
POLYLINE
8
Visible
66
1
70
0
10
0
20
0
30
0
0
VERTEX
8
Visible
10
88.6302
20
112.1463
30
0
0
VERTEX
8
Visible
10
88.6329
20
112.1978
30
0
0
VERTEX
8
Visible
10
88.6358
20
112.2494
30
0
0
VERTEX
8
Visible
10
88.6387
20
112.3009
30
0
0
VERTEX
8
Visible
10
88.6417
20
112.3524
30
0
0
VERTEX
8
Visible
10
88.6449
20
112.4039
30
0
0
VERTEX
8
Visible
10
88.6481
20
112.4553
30
0
0
VERTEX
8
Visible
10
88.6515
20
112.5068
30
0
0
VERTEX
8
Visible
10
88.6549
20
112.5583
30
0
0
VERTEX
8
Visible
10
88.6585
20
112.6098
30
0
0
VERTEX
8
Visible
10
88.6621
20
112.6612
30
0
0
VERTEX
8
Visible
10
88.6659
20
112.7127
30
0
0
VERTEX
8
Visible
10
88.6698
20
112.7641
30
0
0
VERTEX
8
Visible
10
88.6738
20
112.8155
30
0
0
VERTEX
8
Visible
10
88.6779
20
112.8669
30
0
0
VERTEX
8
Visible
10
88.6821
20
112.9184
30
0
0
VERTEX
8
Visible
10
88.6864
20
112.9698
30
0
0
VERTEX
8
Visible
10
88.6908
20
113.0211
30
0
0
VERTEX
8
Visible
10
88.6953
20
113.0725
30
0
0
VERTEX
8
Visible
10
88.6999
20
113.1239
30
0
0
VERTEX
8
Visible
10
88.7046
20
113.1753
30
0
0
VERTEX
8
Visible
10
88.7095
20
113.2266
30
0
0
VERTEX
8
Visible
10
88.7144
20
113.2780
30
0
0
VERTEX
8
Visible
10
88.7195
20
113.3293
30
0
0
VERTEX
8
Visible
10
88.7246
20
113.3806
30
0
0
VERTEX
8
Visible
10
88.7299
20
113.4319
30
0
0
VERTEX
8
Visible
10
88.7352
20
113.4832
30
0
0
VERTEX
8
Visible
10
88.7407
20
113.5345
30
0
0
VERTEX
8
Visible
10
88.7463
20
113.5858
30
0
0
VERTEX
8
Visible
10
88.7519
20
113.6371
30
0
0
VERTEX
8
Visible
10
88.7577
20
113.6884
30
0
0
VERTEX
8
Visible
10
88.7636
20
113.7396
30
0
0
VERTEX
8
Visible
10
88.7696
20
113.7908
30
0
0
VERTEX
8
Visible
10
88.7757
20
113.8421
30
0
0
VERTEX
8
Visible
10
88.7819
20
113.8933
30
0
0
VERTEX
8
Visible
10
88.7882
20
113.9445
30
0
0
VERTEX
8
Visible
10
88.7947
20
113.9957
30
0
0
VERTEX
8
Visible
10
88.8012
20
114.0468
30
0
0
VERTEX
8
Visible
10
88.8078
20
114.0980
30
0
0
VERTEX
8
Visible
10
88.8145
20
114.1492
30
0
0
VERTEX
8
Visible
10
88.8214
20
114.2003
30
0
0
VERTEX
8
Visible
10
88.8283
20
114.2514
30
0
0
VERTEX
8
Visible
10
88.8354
20
114.3025
30
0
0
VERTEX
8
Visible
10
88.8425
20
114.3536
30
0
0
VERTEX
8
Visible
10
88.8498
20
114.4047
30
0
0
VERTEX
8
Visible
10
88.8572
20
114.4558
30
0
0
VERTEX
8
Visible
10
88.8646
20
114.5068
30
0
0
VERTEX
8
Visible
10
88.8722
20
114.5579
30
0
0
VERTEX
8
Visible
10
88.8799
20
114.6089
30
0
0
SEQEND
8
Visible
0
CIRCLE
8
Visible
10
103.3692
20
137.5583
30
0
40
1.0000
0
LINE
8
Visible
10
99.2714
20
137.9463
30
0
11
101.4072
21
137.9463
31
0
0
LINE
8
Visible
10
99.0074
20
137.1463
30
0
11
101.4121
21
137.1463
31
0
0
CIRCLE
8
Visible
10
125.9052
20
104.8293
30
0
40
1.0000
0
CIRCLE
8
Visible
10
125.9052
20
104.8293
30
0
40
2.0000
0
CIRCLE
8
Visible
10
113.7112
20
133.6463
30
0
40
2.1000
0
POLYLINE
8
Visible
66
1
70
0
10
0
20
0
30
0
0
VERTEX
8
Visible
10
88.5288
20
133.3963
30
0
0
VERTEX
8
Visible
10
88.5335
20
133.4385
30
0
0
VERTEX
8
Visible
10
88.5382
20
133.4806
30
0
0
VERTEX
8
Visible
10
88.5429
20
133.5227
30
0
0
VERTEX
8
Visible
10
88.5477
20
133.5648
30
0
0
VERTEX
8
Visible
10
88.5524
20
133.6070
30
0
0
VERTEX
8
Visible
10
88.5571
20
133.6491
30
0
0
VERTEX
8
Visible
10
88.5619
20
133.6912
30
0
0
VERTEX
8
Visible
10
88.5666
20
133.7334
30
0
0
VERTEX
8
Visible
10
88.5713
20
133.7755
30
0
0
VERTEX
8
Visible
10
88.5761
20
133.8176
30
0
0
VERTEX
8
Visible
10
88.5808
20
133.8598
30
0
0
VERTEX
8
Visible
10
88.5855
20
133.9019
30
0
0
VERTEX
8
Visible
10
88.5903
20
133.9440
30
0
0
VERTEX
8
Visible
10
88.5950
20
133.9861
30
0
0
VERTEX
8
Visible
10
88.5997
20
134.0283
30
0
0
VERTEX
8
Visible
10
88.6045
20
134.0704
30
0
0
VERTEX
8
Visible
10
88.6092
20
134.1125
30
0
0
VERTEX
8
Visible
10
88.6139
20
134.1547
30
0
0
VERTEX
8
Visible
10
88.6187
20
134.1968
30
0
0
VERTEX
8
Visible
10
88.6234
20
134.2389
30
0
0
VERTEX
8
Visible
10
88.6281
20
134.2811
30
0
0
VERTEX
8
Visible
10
88.6329
20
134.3232
30
0
0
VERTEX
8
Visible
10
88.6376
20
134.3653
30
0
0
VERTEX
8
Visible
10
88.6423
20
134.4074
30
0
0
VERTEX
8
Visible
10
88.6471
20
134.4496
30
0
0
VERTEX
8
Visible
10
88.6518
20
134.4917
30
0
0
VERTEX
8
Visible
10
88.6565
20
134.5338
30
0
0
VERTEX
8
Visible
10
88.6613
20
134.5760
30
0
0
VERTEX
8
Visible
10
88.6660
20
134.6181
30
0
0
VERTEX
8
Visible
10
88.6707
20
134.6602
30
0
0
VERTEX
8
Visible
10
88.6755
20
134.7024
30
0
0
VERTEX
8
Visible
10
88.6802
20
134.7445
30
0
0
VERTEX
8
Visible
10
88.6849
20
134.7866
30
0
0
VERTEX
8
Visible
10
88.6897
20
134.8287
30
0
0
VERTEX
8
Visible
10
88.6944
20
134.8709
30
0
0
VERTEX
8
Visible
10
88.6991
20
134.9130
30
0
0
VERTEX
8
Visible
10
88.7039
20
134.9551
30
0
0
VERTEX
8
Visible
10
88.7086
20
134.9973
30
0
0
VERTEX
8
Visible
10
88.7134
20
135.0394
30
0
0
VERTEX
8
Visible
10
88.7181
20
135.0815
30
0
0
VERTEX
8
Visible
10
88.7228
20
135.1236
30
0
0
VERTEX
8
Visible
10
88.7276
20
135.1658
30
0
0
VERTEX
8
Visible
10
88.7323
20
135.2079
30
0
0
VERTEX
8
Visible
10
88.7370
20
135.2500
30
0
0
VERTEX
8
Visible
10
88.7418
20
135.2922
30
0
0
VERTEX
8
Visible
10
88.7465
20
135.3343
30
0
0
VERTEX
8
Visible
10
88.7512
20
135.3764
30
0
0
VERTEX
8
Visible
10
88.7560
20
135.4185
30
0
0
VERTEX
8
Visible
10
88.7607
20
135.4607
30
0
0
VERTEX
8
Visible
10
88.7655
20
135.5028
30
0
0
VERTEX
8
Visible
10
88.7702
20
135.5449
30
0
0
VERTEX
8
Visible
10
88.7749
20
135.5871
30
0
0
VERTEX
8
Visible
10
88.7797
20
135.6292
30
0
0
VERTEX
8
Visible
10
88.7844
20
135.6713
30
0
0
VERTEX
8
Visible
10
88.7892
20
135.7135
30
0
0
VERTEX
8
Visible
10
88.7939
20
135.7556
30
0
0
VERTEX
8
Visible
10
88.7986
20
135.7977
30
0
0
VERTEX
8
Visible
10
88.8034
20
135.8398
30
0
0
VERTEX
8
Visible
10
88.8081
20
135.8820
30
0
0
VERTEX
8
Visible
10
88.8129
20
135.9241
30
0
0
VERTEX
8
Visible
10
88.8176
20
135.9662
30
0
0
VERTEX
8
Visible
10
88.8223
20
136.0084
30
0
0
VERTEX
8
Visible
10
88.8271
20
136.0505
30
0
0
VERTEX
8
Visible
10
88.8318
20
136.0926
30
0
0
VERTEX
8
Visible
10
88.8366
20
136.1347
30
0
0
VERTEX
8
Visible
10
88.8413
20
136.1769
30
0
0
VERTEX
8
Visible
10
88.8460
20
136.2190
30
0
0
VERTEX
8
Visible
10
88.8508
20
136.2611
30
0
0
VERTEX
8
Visible
10
88.8555
20
136.3033
30
0
0
VERTEX
8
Visible
10
88.8603
20
136.3454
30
0
0
VERTEX
8
Visible
10
88.8650
20
136.3875
30
0
0
VERTEX
8
Visible
10
88.8697
20
136.4296
30
0
0
SEQEND
8
Visible
0
LINE
8
Visible
10
89.5338
20
133.3963
30
0
11
88.5288
21
133.3963
31
0
0
LINE
8
Visible
10
138.8937
20
133.3963
30
0
11
137.8887
21
133.3963
31
0
0
POLYLINE
8
Visible
66
1
70
0
10
0
20
0
30
0
0
VERTEX
8
Visible
10
138.5527
20
136.4296
30
0
0
VERTEX
8
Visible
10
138.5575
20
136.3875
30
0
0
VERTEX
8
Visible
10
138.5622
20
136.3454
30
0
0
VERTEX
8
Visible
10
138.5670
20
136.3033
30
0
0
VERTEX
8
Visible
10
138.5717
20
136.2611
30
0
0
VERTEX
8
Visible
10
138.5764
20
136.2190
30
0
0
VERTEX
8
Visible
10
138.5812
20
136.1769
30
0
0
VERTEX
8
Visible
10
138.5859
20
136.1347
30
0
0
VERTEX
8
Visible
10
138.5907
20
136.0926
30
0
0
VERTEX
8
Visible
10
138.5954
20
136.0505
30
0
0
VERTEX
8
Visible
10
138.6001
20
136.0084
30
0
0
VERTEX
8
Visible
10
138.6049
20
135.9662
30
0
0
VERTEX
8
Visible
10
138.6096
20
135.9241
30
0
0
VERTEX
8
Visible
10
138.6144
20
135.8820
30
0
0
VERTEX
8
Visible
10
138.6191
20
135.8398
30
0
0
VERTEX
8
Visible
10
138.6238
20
135.7977
30
0
0
VERTEX
8
Visible
10
138.6286
20
135.7556
30
0
0
VERTEX
8
Visible
10
138.6333
20
135.7135
30
0
0
VERTEX
8
Visible
10
138.6381
20
135.6713
30
0
0
VERTEX
8
Visible
10
138.6428
20
135.6292
30
0
0
VERTEX
8
Visible
10
138.6475
20
135.5871
30
0
0
VERTEX
8
Visible
10
138.6523
20
135.5449
30
0
0
VERTEX
8
Visible
10
138.6570
20
135.5028
30
0
0
VERTEX
8
Visible
10
138.6618
20
135.4607
30
0
0
VERTEX
8
Visible
10
138.6665
20
135.4185
30
0
0
VERTEX
8
Visible
10
138.6712
20
135.3764
30
0
0
VERTEX
8
Visible
10
138.6760
20
135.3343
30
0
0
VERTEX
8
Visible
10
138.6807
20
135.2922
30
0
0
VERTEX
8
Visible
10
138.6854
20
135.2500
30
0
0
VERTEX
8
Visible
10
138.6902
20
135.2079
30
0
0
VERTEX
8
Visible
10
138.6949
20
135.1658
30
0
0
VERTEX
8
Visible
10
138.6996
20
135.1236
30
0
0
VERTEX
8
Visible
10
138.7044
20
135.0815
30
0
0
VERTEX
8
Visible
10
138.7091
20
135.0394
30
0
0
VERTEX
8
Visible
10
138.7139
20
134.9973
30
0
0
VERTEX
8
Visible
10
138.7186
20
134.9551
30
0
0
VERTEX
8
Visible
10
138.7233
20
134.9130
30
0
0
VERTEX
8
Visible
10
138.7281
20
134.8709
30
0
0
VERTEX
8
Visible
10
138.7328
20
134.8287
30
0
0
VERTEX
8
Visible
10
138.7375
20
134.7866
30
0
0
VERTEX
8
Visible
10
138.7423
20
134.7445
30
0
0
VERTEX
8
Visible
10
138.7470
20
134.7024
30
0
0
VERTEX
8
Visible
10
138.7517
20
134.6602
30
0
0
VERTEX
8
Visible
10
138.7565
20
134.6181
30
0
0
VERTEX
8
Visible
10
138.7612
20
134.5760
30
0
0
VERTEX
8
Visible
10
138.7659
20
134.5338
30
0
0
VERTEX
8
Visible
10
138.7707
20
134.4917
30
0
0
VERTEX
8
Visible
10
138.7754
20
134.4496
30
0
0
VERTEX
8
Visible
10
138.7801
20
134.4074
30
0
0
VERTEX
8
Visible
10
138.7849
20
134.3653
30
0
0
VERTEX
8
Visible
10
138.7896
20
134.3232
30
0
0
VERTEX
8
Visible
10
138.7944
20
134.2811
30
0
0
VERTEX
8
Visible
10
138.7991
20
134.2389
30
0
0
VERTEX
8
Visible
10
138.8038
20
134.1968
30
0
0
VERTEX
8
Visible
10
138.8086
20
134.1547
30
0
0
VERTEX
8
Visible
10
138.8133
20
134.1125
30
0
0
VERTEX
8
Visible
10
138.8180
20
134.0704
30
0
0
VERTEX
8
Visible
10
138.8227
20
134.0283
30
0
0
VERTEX
8
Visible
10
138.8275
20
133.9861
30
0
0
VERTEX
8
Visible
10
138.8322
20
133.9440
30
0
0
VERTEX
8
Visible
10
138.8369
20
133.9019
30
0
0
VERTEX
8
Visible
10
138.8417
20
133.8598
30
0
0
VERTEX
8
Visible
10
138.8464
20
133.8176
30
0
0
VERTEX
8
Visible
10
138.8511
20
133.7755
30
0
0
VERTEX
8
Visible
10
138.8559
20
133.7334
30
0
0
VERTEX
8
Visible
10
138.8606
20
133.6912
30
0
0
VERTEX
8
Visible
10
138.8653
20
133.6491
30
0
0
VERTEX
8
Visible
10
138.8701
20
133.6070
30
0
0
VERTEX
8
Visible
10
138.8748
20
133.5648
30
0
0
VERTEX
8
Visible
10
138.8795
20
133.5227
30
0
0
VERTEX
8
Visible
10
138.8843
20
133.4806
30
0
0
VERTEX
8
Visible
10
138.8890
20
133.4385
30
0
0
VERTEX
8
Visible
10
138.8937
20
133.3963
30
0
0
SEQEND
8
Visible
0
POLYLINE
8
Visible
66
1
70
0
10
0
20
0
30
0
0
VERTEX
8
Visible
10
138.5347
20
136.5856
30
0
0
VERTEX
8
Visible
10
138.5350
20
136.5835
30
0
0
VERTEX
8
Visible
10
138.5352
20
136.5813
30
0
0
VERTEX
8
Visible
10
138.5355
20
136.5792
30
0
0
VERTEX
8
Visible
10
138.5357
20
136.5770
30
0
0
VERTEX
8
Visible
10
138.5360
20
136.5748
30
0
0
VERTEX
8
Visible
10
138.5362
20
136.5727
30
0
0
VERTEX
8
Visible
10
138.5365
20
136.5705
30
0
0
VERTEX
8
Visible
10
138.5368
20
136.5683
30
0
0
VERTEX
8
Visible
10
138.5370
20
136.5662
30
0
0
VERTEX
8
Visible
10
138.5373
20
136.5640
30
0
0
VERTEX
8
Visible
10
138.5375
20
136.5618
30
0
0
VERTEX
8
Visible
10
138.5378
20
136.5597
30
0
0
VERTEX
8
Visible
10
138.5380
20
136.5575
30
0
0
VERTEX
8
Visible
10
138.5383
20
136.5553
30
0
0
VERTEX
8
Visible
10
138.5385
20
136.5532
30
0
0
VERTEX
8
Visible
10
138.5388
20
136.5510
30
0
0
VERTEX
8
Visible
10
138.5390
20
136.5488
30
0
0
VERTEX
8
Visible
10
138.5393
20
136.5467
30
0
0
VERTEX
8
Visible
10
138.5396
20
136.5445
30
0
0
VERTEX
8
Visible
10
138.5398
20
136.5423
30
0
0
VERTEX
8
Visible
10
138.5401
20
136.5402
30
0
0
VERTEX
8
Visible
10
138.5403
20
136.5380
30
0
0
VERTEX
8
Visible
10
138.5406
20
136.5358
30
0
0
VERTEX
8
Visible
10
138.5408
20
136.5337
30
0
0
VERTEX
8
Visible
10
138.5411
20
136.5315
30
0
0
VERTEX
8
Visible
10
138.5413
20
136.5293
30
0
0
VERTEX
8
Visible
10
138.5416
20
136.5272
30
0
0
VERTEX
8
Visible
10
138.5418
20
136.5250
30
0
0
VERTEX
8
Visible
10
138.5421
20
136.5228
30
0
0
VERTEX
8
Visible
10
138.5423
20
136.5207
30
0
0
VERTEX
8
Visible
10
138.5426
20
136.5185
30
0
0
VERTEX
8
Visible
10
138.5428
20
136.5163
30
0
0
VERTEX
8
Visible
10
138.5431
20
136.5142
30
0
0
VERTEX
8
Visible
10
138.5433
20
136.5120
30
0
0
VERTEX
8
Visible
10
138.5436
20
136.5098
30
0
0
VERTEX
8
Visible
10
138.5438
20
136.5077
30
0
0
VERTEX
8
Visible
10
138.5441
20
136.5055
30
0
0
VERTEX
8
Visible
10
138.5443
20
136.5033
30
0
0
VERTEX
8
Visible
10
138.5446
20
136.5012
30
0
0
VERTEX
8
Visible
10
138.5448
20
136.4990
30
0
0
VERTEX
8
Visible
10
138.5451
20
136.4968
30
0
0
VERTEX
8
Visible
10
138.5453
20
136.4947
30
0
0
VERTEX
8
Visible
10
138.5456
20
136.4925
30
0
0
VERTEX
8
Visible
10
138.5458
20
136.4903
30
0
0
VERTEX
8
Visible
10
138.5461
20
136.4882
30
0
0
VERTEX
8
Visible
10
138.5463
20
136.4860
30
0
0
VERTEX
8
Visible
10
138.5466
20
136.4838
30
0
0
VERTEX
8
Visible
10
138.5468
20
136.4817
30
0
0
VERTEX
8
Visible
10
138.5471
20
136.4795
30
0
0
VERTEX
8
Visible
10
138.5473
20
136.4773
30
0
0
VERTEX
8
Visible
10
138.5476
20
136.4752
30
0
0
VERTEX
8
Visible
10
138.5478
20
136.4730
30
0
0
VERTEX
8
Visible
10
138.5481
20
136.4708
30
0
0
VERTEX
8
Visible
10
138.5483
20
136.4687
30
0
0
VERTEX
8
Visible
10
138.5486
20
136.4665
30
0
0
VERTEX
8
Visible
10
138.5488
20
136.4643
30
0
0
VERTEX
8
Visible
10
138.5491
20
136.4622
30
0
0
VERTEX
8
Visible
10
138.5493
20
136.4600
30
0
0
VERTEX
8
Visible
10
138.5495
20
136.4578
30
0
0
VERTEX
8
Visible
10
138.5498
20
136.4557
30
0
0
VERTEX
8
Visible
10
138.5500
20
136.4535
30
0
0
VERTEX
8
Visible
10
138.5503
20
136.4513
30
0
0
VERTEX
8
Visible
10
138.5505
20
136.4492
30
0
0
VERTEX
8
Visible
10
138.5508
20
136.4470
30
0
0
VERTEX
8
Visible
10
138.5510
20
136.4448
30
0
0
VERTEX
8
Visible
10
138.5513
20
136.4426
30
0
0
VERTEX
8
Visible
10
138.5515
20
136.4405
30
0
0
VERTEX
8
Visible
10
138.5518
20
136.4383
30
0
0
VERTEX
8
Visible
10
138.5520
20
136.4361
30
0
0
VERTEX
8
Visible
10
138.5522
20
136.4340
30
0
0
VERTEX
8
Visible
10
138.5525
20
136.4318
30
0
0
VERTEX
8
Visible
10
138.5527
20
136.4296
30
0
0
SEQEND
8
Visible
0
ARC
8
Visible
10
113.7112
20
133.6406
30
0
40
24.9977
50
6.7660
51
173.2340
0
POLYLINE
8
Visible
66
1
70
0
10
0
20
0
30
0
0
VERTEX
8
Visible
10
88.8697
20
136.4296
30
0
0
VERTEX
8
Visible
10
88.8700
20
136.4318
30
0
0
VERTEX
8
Visible
10
88.8702
20
136.4340
30
0
0
VERTEX
8
Visible
10
88.8705
20
136.4361
30
0
0
VERTEX
8
Visible
10
88.8707
20
136.4383
30
0
0
VERTEX
8
Visible
10
88.8710
20
136.4405
30
0
0
VERTEX
8
Visible
10
88.8712
20
136.4426
30
0
0
VERTEX
8
Visible
10
88.8715
20
136.4448
30
0
0
VERTEX
8
Visible
10
88.8717
20
136.4470
30
0
0
VERTEX
8
Visible
10
88.8719
20
136.4492
30
0
0
VERTEX
8
Visible
10
88.8722
20
136.4513
30
0
0
VERTEX
8
Visible
10
88.8724
20
136.4535
30
0
0
VERTEX
8
Visible
10
88.8727
20
136.4557
30
0
0
VERTEX
8
Visible
10
88.8729
20
136.4578
30
0
0
VERTEX
8
Visible
10
88.8732
20
136.4600
30
0
0
VERTEX
8
Visible
10
88.8734
20
136.4622
30
0
0
VERTEX
8
Visible
10
88.8737
20
136.4643
30
0
0
VERTEX
8
Visible
10
88.8739
20
136.4665
30
0
0
VERTEX
8
Visible
10
88.8742
20
136.4687
30
0
0
VERTEX
8
Visible
10
88.8744
20
136.4708
30
0
0
VERTEX
8
Visible
10
88.8747
20
136.4730
30
0
0
VERTEX
8
Visible
10
88.8749
20
136.4752
30
0
0
VERTEX
8
Visible
10
88.8752
20
136.4773
30
0
0
VERTEX
8
Visible
10
88.8754
20
136.4795
30
0
0
VERTEX
8
Visible
10
88.8756
20
136.4817
30
0
0
VERTEX
8
Visible
10
88.8759
20
136.4838
30
0
0
VERTEX
8
Visible
10
88.8761
20
136.4860
30
0
0
VERTEX
8
Visible
10
88.8764
20
136.4882
30
0
0
VERTEX
8
Visible
10
88.8766
20
136.4903
30
0
0
VERTEX
8
Visible
10
88.8769
20
136.4925
30
0
0
VERTEX
8
Visible
10
88.8771
20
136.4947
30
0
0
VERTEX
8
Visible
10
88.8774
20
136.4968
30
0
0
VERTEX
8
Visible
10
88.8776
20
136.4990
30
0
0
VERTEX
8
Visible
10
88.8779
20
136.5012
30
0
0
VERTEX
8
Visible
10
88.8781
20
136.5033
30
0
0
VERTEX
8
Visible
10
88.8784
20
136.5055
30
0
0
VERTEX
8
Visible
10
88.8786
20
136.5077
30
0
0
VERTEX
8
Visible
10
88.8789
20
136.5098
30
0
0
VERTEX
8
Visible
10
88.8791
20
136.5120
30
0
0
VERTEX
8
Visible
10
88.8794
20
136.5142
30
0
0
VERTEX
8
Visible
10
88.8796
20
136.5163
30
0
0
VERTEX
8
Visible
10
88.8799
20
136.5185
30
0
0
VERTEX
8
Visible
10
88.8801
20
136.5207
30
0
0
VERTEX
8
Visible
10
88.8804
20
136.5228
30
0
0
VERTEX
8
Visible
10
88.8806
20
136.5250
30
0
0
VERTEX
8
Visible
10
88.8809
20
136.5272
30
0
0
VERTEX
8
Visible
10
88.8812
20
136.5293
30
0
0
VERTEX
8
Visible
10
88.8814
20
136.5315
30
0
0
VERTEX
8
Visible
10
88.8817
20
136.5337
30
0
0
VERTEX
8
Visible
10
88.8819
20
136.5358
30
0
0
VERTEX
8
Visible
10
88.8822
20
136.5380
30
0
0
VERTEX
8
Visible
10
88.8824
20
136.5402
30
0
0
VERTEX
8
Visible
10
88.8827
20
136.5423
30
0
0
VERTEX
8
Visible
10
88.8829
20
136.5445
30
0
0
VERTEX
8
Visible
10
88.8832
20
136.5467
30
0
0
VERTEX
8
Visible
10
88.8834
20
136.5488
30
0
0
VERTEX
8
Visible
10
88.8837
20
136.5510
30
0
0
VERTEX
8
Visible
10
88.8839
20
136.5532
30
0
0
VERTEX
8
Visible
10
88.8842
20
136.5553
30
0
0
VERTEX
8
Visible
10
88.8844
20
136.5575
30
0
0
VERTEX
8
Visible
10
88.8847
20
136.5597
30
0
0
VERTEX
8
Visible
10
88.8850
20
136.5618
30
0
0
VERTEX
8
Visible
10
88.8852
20
136.5640
30
0
0
VERTEX
8
Visible
10
88.8855
20
136.5662
30
0
0
VERTEX
8
Visible
10
88.8857
20
136.5683
30
0
0
VERTEX
8
Visible
10
88.8860
20
136.5705
30
0
0
VERTEX
8
Visible
10
88.8862
20
136.5727
30
0
0
VERTEX
8
Visible
10
88.8865
20
136.5748
30
0
0
VERTEX
8
Visible
10
88.8867
20
136.5770
30
0
0
VERTEX
8
Visible
10
88.8870
20
136.5792
30
0
0
VERTEX
8
Visible
10
88.8873
20
136.5813
30
0
0
VERTEX
8
Visible
10
88.8875
20
136.5835
30
0
0
VERTEX
8
Visible
10
88.8878
20
136.5856
30
0
0
SEQEND
8
Visible
0
LINE
8
Visible
10
90.8576
20
133.3963
30
0
11
92.9491
21
133.3963
31
0
0
LINE
8
Visible
10
90.5400
20
133.3963
30
0
11
90.8576
21
133.3963
31
0
0
ARC
8
Visible
10
113.7112
20
111.1463
30
0
40
27.5000
50
177.9161
51
250.5370
0
ARC
8
Visible
10
107.8803
20
94.6463
30
0
40
10.0000
50
250.5370
51
270.0000
0
LINE
8
Visible
10
119.5422
20
84.6463
30
0
11
107.8803
21
84.6463
31
0
0
ARC
8
Visible
10
119.5422
20
94.6463
30
0
40
10.0000
50
270.0000
51
289.4630
0
ARC
8
Visible
10
113.7112
20
111.1463
30
0
40
27.5000
50
289.4630
51
2.0839
0
LINE
8
Visible
10
124.7112
20
112.1463
30
0
11
124.7112
21
111.3463
31
0
0
LINE
8
Visible
10
102.7112
20
111.3463
30
0
11
102.7112
21
112.1463
31
0
0
POLYLINE
8
Visible
66
1
70
0
10
0
20
0
30
0
0
VERTEX
8
Visible
10
137.8586
20
126.5276
30
0
0
VERTEX
8
Visible
10
137.9429
20
125.9494
30
0
0
VERTEX
8
Visible
10
138.0271
20
125.3700
30
0
0
VERTEX
8
Visible
10
138.1112
20
124.7895
30
0
0
VERTEX
8
Visible
10
138.1951
20
124.2079
30
0
0
VERTEX
8
Visible
10
138.2789
20
123.6252
30
0
0
VERTEX
8
Visible
10
138.3626
20
123.0415
30
0
0
VERTEX
8
Visible
10
138.4460
20
122.4566
30
0
0
VERTEX
8
Visible
10
138.5294
20
121.8707
30
0
0
VERTEX
8
Visible
10
138.6126
20
121.2838
30
0
0
VERTEX
8
Visible
10
138.6956
20
120.6958
30
0
0
VERTEX
8
Visible
10
138.7785
20
120.1068
30
0
0
VERTEX
8
Visible
10
138.8613
20
119.5167
30
0
0
VERTEX
8
Visible
10
138.9439
20
118.9256
30
0
0
VERTEX
8
Visible
10
139.0264
20
118.3335
30
0
0
VERTEX
8
Visible
10
139.1087
20
117.7404
30
0
0
VERTEX
8
Visible
10
139.1908
20
117.1463
30
0
0
SEQEND
8
Visible
0
POLYLINE
8
Visible
66
1
70
0
10
0
20
0
30
0
0
VERTEX
8
Visible
10
138.1546
20
117.1463
30
0
0
VERTEX
8
Visible
10
138.1790
20
116.9885
30
0
0
VERTEX
8
Visible
10
138.2033
20
116.8305
30
0
0
VERTEX
8
Visible
10
138.2276
20
116.6724
30
0
0
VERTEX
8
Visible
10
138.2519
20
116.5143
30
0
0
VERTEX
8
Visible
10
138.2761
20
116.3560
30
0
0
VERTEX
8
Visible
10
138.3004
20
116.1977
30
0
0
VERTEX
8
Visible
10
138.3247
20
116.0392
30
0
0
VERTEX
8
Visible
10
138.3489
20
115.8807
30
0
0
VERTEX
8
Visible
10
138.3732
20
115.7221
30
0
0
VERTEX
8
Visible
10
138.3974
20
115.5633
30
0
0
VERTEX
8
Visible
10
138.4216
20
115.4045
30
0
0
VERTEX
8
Visible
10
138.4458
20
115.2456
30
0
0
VERTEX
8
Visible
10
138.4700
20
115.0865
30
0
0
VERTEX
8
Visible
10
138.4942
20
114.9274
30
0
0
VERTEX
8
Visible
10
138.5184
20
114.7682
30
0
0
VERTEX
8
Visible
10
138.5426
20
114.6089
30
0
0
SEQEND
8
Visible
0
POLYLINE
8
Visible
66
1
70
0
10
0
20
0
30
0
0
VERTEX
8
Visible
10
136.4581
20
112.1463
30
0
0
VERTEX
8
Visible
10
136.4552
20
112.1936
30
0
0
VERTEX
8
Visible
10
136.4522
20
112.2408
30
0
0
VERTEX
8
Visible
10
136.4491
20
112.2881
30
0
0
VERTEX
8
Visible
10
136.4459
20
112.3353
30
0
0
VERTEX
8
Visible
10
136.4426
20
112.3825
30
0
0
VERTEX
8
Visible
10
136.4392
20
112.4297
30
0
0
VERTEX
8
Visible
10
136.4357
20
112.4769
30
0
0
VERTEX
8
Visible
10
136.4322
20
112.5241
30
0
0
VERTEX
8
Visible
10
136.4285
20
112.5713
30
0
0
VERTEX
8
Visible
10
136.4247
20
112.6185
30
0
0
VERTEX
8
Visible
10
136.4208
20
112.6657
30
0
0
VERTEX
8
Visible
10
136.4169
20
112.7128
30
0
0
VERTEX
8
Visible
10
136.4128
20
112.7600
30
0
0
VERTEX
8
Visible
10
136.4086
20
112.8071
30
0
0
VERTEX
8
Visible
10
136.4043
20
112.8543
30
0
0
VERTEX
8
Visible
10
136.4000
20
112.9014
30
0
0
VERTEX
8
Visible
10
136.3955
20
112.9485
30
0
0
VERTEX
8
Visible
10
136.3909
20
112.9956
30
0
0
VERTEX
8
Visible
10
136.3863
20
113.0427
30
0
0
VERTEX
8
Visible
10
136.3815
20
113.0898
30
0
0
VERTEX
8
Visible
10
136.3766
20
113.1369
30
0
0
VERTEX
8
Visible
10
136.3717
20
113.1840
30
0
0
VERTEX
8
Visible
10
136.3666
20
113.2311
30
0
0
VERTEX
8
Visible
10
136.3615
20
113.2781
30
0
0
VERTEX
8
Visible
10
136.3562
20
113.3251
30
0
0
VERTEX
8
Visible
10
136.3509
20
113.3722
30
0
0
VERTEX
8
Visible
10
136.3454
20
113.4192
30
0
0
VERTEX
8
Visible
10
136.3399
20
113.4662
30
0
0
VERTEX
8
Visible
10
136.3342
20
113.5132
30
0
0
VERTEX
8
Visible
10
136.3285
20
113.5602
30
0
0
VERTEX
8
Visible
10
136.3226
20
113.6071
30
0
0
VERTEX
8
Visible
10
136.3167
20
113.6541
30
0
0
VERTEX
8
Visible
10
136.3107
20
113.7011
30
0
0
VERTEX
8
Visible
10
136.3045
20
113.7480
30
0
0
VERTEX
8
Visible
10
136.2983
20
113.7949
30
0
0
VERTEX
8
Visible
10
136.2920
20
113.8418
30
0
0
VERTEX
8
Visible
10
136.2855
20
113.8887
30
0
0
VERTEX
8
Visible
10
136.2790
20
113.9356
30
0
0
VERTEX
8
Visible
10
136.2724
20
113.9825
30
0
0
VERTEX
8
Visible
10
136.2657
20
114.0294
30
0
0
VERTEX
8
Visible
10
136.2588
20
114.0762
30
0
0
VERTEX
8
Visible
10
136.2519
20
114.1230
30
0
0
VERTEX
8
Visible
10
136.2449
20
114.1699
30
0
0
VERTEX
8
Visible
10
136.2378
20
114.2167
30
0
0
VERTEX
8
Visible
10
136.2306
20
114.2635
30
0
0
VERTEX
8
Visible
10
136.2233
20
114.3103
30
0
0
VERTEX
8
Visible
10
136.2158
20
114.3570
30
0
0
VERTEX
8
Visible
10
136.2083
20
114.4038
30
0
0
SEQEND
8
Visible
0
POLYLINE
8
Visible
66
1
70
0
10
0
20
0
30
0
0
VERTEX
8
Visible
10
92.9491
20
133.3963
30
0
0
VERTEX
8
Visible
10
92.9258
20
133.2492
30
0
0
VERTEX
8
Visible
10
92.9026
20
133.1021
30
0
0
VERTEX
8
Visible
10
92.8793
20
132.9549
30
0
0
VERTEX
8
Visible
10
92.8561
20
132.8077
30
0
0
VERTEX
8
Visible
10
92.8328
20
132.6605
30
0
0
VERTEX
8
Visible
10
92.8096
20
132.5133
30
0
0
VERTEX
8
Visible
10
92.7864
20
132.3661
30
0
0
VERTEX
8
Visible
10
92.7632
20
132.2188
30
0
0
VERTEX
8
Visible
10
92.7400
20
132.0716
30
0
0
VERTEX
8
Visible
10
92.7168
20
131.9243
30
0
0
VERTEX
8
Visible
10
92.6936
20
131.7771
30
0
0
VERTEX
8
Visible
10
92.6705
20
131.6298
30
0
0
VERTEX
8
Visible
10
92.6473
20
131.4825
30
0
0
VERTEX
8
Visible
10
92.6242
20
131.3352
30
0
0
VERTEX
8
Visible
10
92.6010
20
131.1878
30
0
0
VERTEX
8
Visible
10
92.5779
20
131.0405
30
0
0
VERTEX
8
Visible
10
92.5548
20
130.8932
30
0
0
VERTEX
8
Visible
10
92.5317
20
130.7459
30
0
0
VERTEX
8
Visible
10
92.5086
20
130.5985
30
0
0
VERTEX
8
Visible
10
92.4855
20
130.4512
30
0
0
VERTEX
8
Visible
10
92.4624
20
130.3038
30
0
0
VERTEX
8
Visible
10
92.4393
20
130.1565
30
0
0
VERTEX
8
Visible
10
92.4163
20
130.0091
30
0
0
VERTEX
8
Visible
10
92.3932
20
129.8618
30
0
0
VERTEX
8
Visible
10
92.3702
20
129.7144
30
0
0
VERTEX
8
Visible
10
92.3471
20
129.5671
30
0
0
VERTEX
8
Visible
10
92.3241
20
129.4197
30
0
0
VERTEX
8
Visible
10
92.3011
20
129.2724
30
0
0
VERTEX
8
Visible
10
92.2781
20
129.1251
30
0
0
VERTEX
8
Visible
10
92.2551
20
128.9777
30
0
0
VERTEX
8
Visible
10
92.2322
20
128.8304
30
0
0
VERTEX
8
Visible
10
92.2092
20
128.6831
30
0
0
VERTEX
8
Visible
10
92.1862
20
128.5357
30
0
0
VERTEX
8
Visible
10
92.1633
20
128.3884
30
0
0
VERTEX
8
Visible
10
92.1404
20
128.2411
30
0
0
VERTEX
8
Visible
10
92.1174
20
128.0938
30
0
0
VERTEX
8
Visible
10
92.0945
20
127.9466
30
0
0
VERTEX
8
Visible
10
92.0716
20
127.7993
30
0
0
VERTEX
8
Visible
10
92.0488
20
127.6520
30
0
0
VERTEX
8
Visible
10
92.0259
20
127.5048
30
0
0
VERTEX
8
Visible
10
92.0030
20
127.3575
30
0
0
VERTEX
8
Visible
10
91.9802
20
127.2103
30
0
0
VERTEX
8
Visible
10
91.9573
20
127.0631
30
0
0
VERTEX
8
Visible
10
91.9345
20
126.9159
30
0
0
VERTEX
8
Visible
10
91.9117
20
126.7687
30
0
0
VERTEX
8
Visible
10
91.8889
20
126.6216
30
0
0
VERTEX
8
Visible
10
91.8661
20
126.4744
30
0
0
VERTEX
8
Visible
10
91.8433
20
126.3273
30
0
0
SEQEND
8
Visible
0
POLYLINE
8
Visible
66
1
70
0
10
0
20
0
30
0
0
VERTEX
8
Visible
10
88.8799
20
114.6089
30
0
0
VERTEX
8
Visible
10
88.9041
20
114.7682
30
0
0
VERTEX
8
Visible
10
88.9283
20
114.9274
30
0
0
VERTEX
8
Visible
10
88.9525
20
115.0865
30
0
0
VERTEX
8
Visible
10
88.9767
20
115.2456
30
0
0
VERTEX
8
Visible
10
89.0009
20
115.4045
30
0
0
VERTEX
8
Visible
10
89.0251
20
115.5633
30
0
0
VERTEX
8
Visible
10
89.0493
20
115.7221
30
0
0
VERTEX
8
Visible
10
89.0736
20
115.8807
30
0
0
VERTEX
8
Visible
10
89.0978
20
116.0392
30
0
0
VERTEX
8
Visible
10
89.1221
20
116.1977
30
0
0
VERTEX
8
Visible
10
89.1463
20
116.3560
30
0
0
VERTEX
8
Visible
10
89.1706
20
116.5143
30
0
0
VERTEX
8
Visible
10
89.1949
20
116.6724
30
0
0
VERTEX
8
Visible
10
89.2192
20
116.8305
30
0
0
VERTEX
8
Visible
10
89.2435
20
116.9885
30
0
0
VERTEX
8
Visible
10
89.2678
20
117.1463
30
0
0
SEQEND
8
Visible
0
POLYLINE
8
Visible
66
1
70
0
10
0
20
0
30
0
0
VERTEX
8
Visible
10
88.2317
20
117.1463
30
0
0
VERTEX
8
Visible
10
88.3138
20
117.7404
30
0
0
VERTEX
8
Visible
10
88.3961
20
118.3335
30
0
0
VERTEX
8
Visible
10
88.4786
20
118.9256
30
0
0
VERTEX
8
Visible
10
88.5612
20
119.5167
30
0
0
VERTEX
8
Visible
10
88.6439
20
120.1068
30
0
0
VERTEX
8
Visible
10
88.7268
20
120.6958
30
0
0
VERTEX
8
Visible
10
88.8099
20
121.2838
30
0
0
VERTEX
8
Visible
10
88.8931
20
121.8707
30
0
0
VERTEX
8
Visible
10
88.9764
20
122.4566
30
0
0
VERTEX
8
Visible
10
89.0599
20
123.0415
30
0
0
VERTEX
8
Visible
10
89.1436
20
123.6252
30
0
0
VERTEX
8
Visible
10
89.2273
20
124.2079
30
0
0
VERTEX
8
Visible
10
89.3113
20
124.7895
30
0
0
VERTEX
8
Visible
10
89.3953
20
125.3700
30
0
0
VERTEX
8
Visible
10
89.4795
20
125.9494
30
0
0
VERTEX
8
Visible
10
89.5639
20
126.5276
30
0
0
SEQEND
8
Visible
0
POLYLINE
8
Visible
66
1
70
0
10
0
20
0
30
0
0
VERTEX
8
Visible
10
89.5639
20
126.5276
30
0
0
VERTEX
8
Visible
10
89.5848
20
126.6706
30
0
0
VERTEX
8
Visible
10
89.6057
20
126.8136
30
0
0
VERTEX
8
Visible
10
89.6266
20
126.9566
30
0
0
VERTEX
8
Visible
10
89.6475
20
127.0996
30
0
0
VERTEX
8
Visible
10
89.6684
20
127.2427
30
0
0
VERTEX
8
Visible
10
89.6893
20
127.3857
30
0
0
VERTEX
8
Visible
10
89.7103
20
127.5287
30
0
0
VERTEX
8
Visible
10
89.7312
20
127.6718
30
0
0
VERTEX
8
Visible
10
89.7521
20
127.8149
30
0
0
VERTEX
8
Visible
10
89.7731
20
127.9580
30
0
0
VERTEX
8
Visible
10
89.7940
20
128.1011
30
0
0
VERTEX
8
Visible
10
89.8150
20
128.2442
30
0
0
VERTEX
8
Visible
10
89.8360
20
128.3873
30
0
0
VERTEX
8
Visible
10
89.8570
20
128.5304
30
0
0
VERTEX
8
Visible
10
89.8779
20
128.6735
30
0
0
VERTEX
8
Visible
10
89.8989
20
128.8166
30
0
0
VERTEX
8
Visible
10
89.9199
20
128.9598
30
0
0
VERTEX
8
Visible
10
89.9409
20
129.1029
30
0
0
VERTEX
8
Visible
10
89.9619
20
129.2461
30
0
0
VERTEX
8
Visible
10
89.9829
20
129.3892
30
0
0
VERTEX
8
Visible
10
90.0039
20
129.5324
30
0
0
VERTEX
8
Visible
10
90.0250
20
129.6755
30
0
0
VERTEX
8
Visible
10
90.0460
20
129.8187
30
0
0
VERTEX
8
Visible
10
90.0670
20
129.9618
30
0
0
VERTEX
8
Visible
10
90.0881
20
130.1050
30
0
0
VERTEX
8
Visible
10
90.1091
20
130.2481
30
0
0
VERTEX
8
Visible
10
90.1302
20
130.3913
30
0
0
VERTEX
8
Visible
10
90.1512
20
130.5344
30
0
0
VERTEX
8
Visible
10
90.1723
20
130.6776
30
0
0
VERTEX
8
Visible
10
90.1933
20
130.8207
30
0
0
VERTEX
8
Visible
10
90.2144
20
130.9639
30
0
0
VERTEX
8
Visible
10
90.2355
20
131.1070
30
0
0
VERTEX
8
Visible
10
90.2565
20
131.2502
30
0
0
VERTEX
8
Visible
10
90.2776
20
131.3933
30
0
0
VERTEX
8
Visible
10
90.2987
20
131.5364
30
0
0
VERTEX
8
Visible
10
90.3198
20
131.6795
30
0
0
VERTEX
8
Visible
10
90.3409
20
131.8227
30
0
0
VERTEX
8
Visible
10
90.3620
20
131.9658
30
0
0
VERTEX
8
Visible
10
90.3831
20
132.1089
30
0
0
VERTEX
8
Visible
10
90.4042
20
132.2520
30
0
0
VERTEX
8
Visible
10
90.4253
20
132.3950
30
0
0
VERTEX
8
Visible
10
90.4464
20
132.5381
30
0
0
VERTEX
8
Visible
10
90.4676
20
132.6812
30
0
0
VERTEX
8
Visible
10
90.4887
20
132.8242
30
0
0
VERTEX
8
Visible
10
90.5098
20
132.9673
30
0
0
VERTEX
8
Visible
10
90.5310
20
133.1103
30
0
0
VERTEX
8
Visible
10
90.5521
20
133.2533
30
0
0
VERTEX
8
Visible
10
90.5732
20
133.3963
30
0
0
SEQEND
8
Visible
0
POLYLINE
8
Visible
66
1
70
0
10
0
20
0
30
0
0
VERTEX
8
Visible
10
136.8492
20
133.3963
30
0
0
VERTEX
8
Visible
10
136.8704
20
133.2533
30
0
0
VERTEX
8
Visible
10
136.8915
20
133.1103
30
0
0
VERTEX
8
Visible
10
136.9127
20
132.9673
30
0
0
VERTEX
8
Visible
10
136.9338
20
132.8242
30
0
0
VERTEX
8
Visible
10
136.9549
20
132.6812
30
0
0
VERTEX
8
Visible
10
136.9760
20
132.5381
30
0
0
VERTEX
8
Visible
10
136.9971
20
132.3950
30
0
0
VERTEX
8
Visible
10
137.0183
20
132.2520
30
0
0
VERTEX
8
Visible
10
137.0394
20
132.1089
30
0
0
VERTEX
8
Visible
10
137.0605
20
131.9658
30
0
0
VERTEX
8
Visible
10
137.0816
20
131.8227
30
0
0
VERTEX
8
Visible
10
137.1027
20
131.6795
30
0
0
VERTEX
8
Visible
10
137.1238
20
131.5364
30
0
0
VERTEX
8
Visible
10
137.1448
20
131.3933
30
0
0
VERTEX
8
Visible
10
137.1659
20
131.2502
30
0
0
VERTEX
8
Visible
10
137.1870
20
131.1070
30
0
0
VERTEX
8
Visible
10
137.2081
20
130.9639
30
0
0
VERTEX
8
Visible
10
137.2291
20
130.8207
30
0
0
VERTEX
8
Visible
10
137.2502
20
130.6776
30
0
0
VERTEX
8
Visible
10
137.2713
20
130.5344
30
0
0
VERTEX
8
Visible
10
137.2923
20
130.3913
30
0
0
VERTEX
8
Visible
10
137.3134
20
130.2481
30
0
0
VERTEX
8
Visible
10
137.3344
20
130.1050
30
0
0
VERTEX
8
Visible
10
137.3554
20
129.9618
30
0
0
VERTEX
8
Visible
10
137.3765
20
129.8187
30
0
0
VERTEX
8
Visible
10
137.3975
20
129.6755
30
0
0
VERTEX
8
Visible
10
137.4185
20
129.5324
30
0
0
VERTEX
8
Visible
10
137.4395
20
129.3892
30
0
0
VERTEX
8
Visible
10
137.4606
20
129.2461
30
0
0
VERTEX
8
Visible
10
137.4816
20
129.1029
30
0
0
VERTEX
8
Visible
10
137.5026
20
128.9598
30
0
0
VERTEX
8
Visible
10
137.5236
20
128.8166
30
0
0
VERTEX
8
Visible
10
137.5445
20
128.6735
30
0
0
VERTEX
8
Visible
10
137.5655
20
128.5304
30
0
0
VERTEX
8
Visible
10
137.5865
20
128.3873
30
0
0
VERTEX
8
Visible
10
137.6075
20
128.2442
30
0
0
VERTEX
8
Visible
10
137.6284
20
128.1011
30
0
0
VERTEX
8
Visible
10
137.6494
20
127.9580
30
0
0
VERTEX
8
Visible
10
137.6703
20
127.8149
30
0
0
VERTEX
8
Visible
10
137.6913
20
127.6718
30
0
0
VERTEX
8
Visible
10
137.7122
20
127.5287
30
0
0
VERTEX
8
Visible
10
137.7332
20
127.3857
30
0
0
VERTEX
8
Visible
10
137.7541
20
127.2427
30
0
0
VERTEX
8
Visible
10
137.7750
20
127.0996
30
0
0
VERTEX
8
Visible
10
137.7959
20
126.9566
30
0
0
VERTEX
8
Visible
10
137.8168
20
126.8136
30
0
0
VERTEX
8
Visible
10
137.8377
20
126.6706
30
0
0
VERTEX
8
Visible
10
137.8586
20
126.5276
30
0
0
SEQEND
8
Visible
0
LINE
8
Visible
10
136.5649
20
133.3963
30
0
11
136.8825
21
133.3963
31
0
0
LINE
8
Visible
10
139.1908
20
117.1463
30
0
11
136.9552
21
117.1463
31
0
0
LINE
8
Visible
10
90.4672
20
117.1463
30
0
11
88.2317
21
117.1463
31
0
0
POLYLINE
8
Visible
66
1
70
0
10
0
20
0
30
0
0
VERTEX
8
Visible
10
55.2724
20
110.8291
30
0
0
VERTEX
8
Visible
10
55.2787
20
110.7200
30
0
0
VERTEX
8
Visible
10
55.2847
20
110.6109
30
0
0
VERTEX
8
Visible
10
55.2904
20
110.5018
30
0
0
VERTEX
8
Visible
10
55.2959
20
110.3926
30
0
0
VERTEX
8
Visible
10
55.3011
20
110.2835
30
0
0
VERTEX
8
Visible
10
55.3060
20
110.1743
30
0
0
VERTEX
8
Visible
10
55.3107
20
110.0651
30
0
0
VERTEX
8
Visible
10
55.3151
20
109.9560
30
0
0
VERTEX
8
Visible
10
55.3192
20
109.8468
30
0
0
VERTEX
8
Visible
10
55.3231
20
109.7377
30
0
0
VERTEX
8
Visible
10
55.3267
20
109.6286
30
0
0
VERTEX
8
Visible
10
55.3300
20
109.5195
30
0
0
VERTEX
8
Visible
10
55.3330
20
109.4105
30
0
0
VERTEX
8
Visible
10
55.3357
20
109.3014
30
0
0
VERTEX
8
Visible
10
55.3381
20
109.1924
30
0
0
VERTEX
8
Visible
10
55.3402
20
109.0832
30
0
0
VERTEX
8
Visible
10
55.3421
20
108.9741
30
0
0
VERTEX
8
Visible
10
55.3436
20
108.8649
30
0
0
VERTEX
8
Visible
10
55.3449
20
108.7558
30
0
0
VERTEX
8
Visible
10
55.3458
20
108.6466
30
0
0
VERTEX
8
Visible
10
55.3464
20
108.5373
30
0
0
VERTEX
8
Visible
10
55.3468
20
108.4281
30
0
0
VERTEX
8
Visible
10
55.3468
20
108.3188
30
0
0
VERTEX
8
Visible
10
55.3464
20
108.2096
30
0
0
VERTEX
8
Visible
10
55.3458
20
108.1003
30
0
0
VERTEX
8
Visible
10
55.3448
20
107.9910
30
0
0
VERTEX
8
Visible
10
55.3436
20
107.8817
30
0
0
VERTEX
8
Visible
10
55.3419
20
107.7724
30
0
0
VERTEX
8
Visible
10
55.3400
20
107.6631
30
0
0
VERTEX
8
Visible
10
55.3377
20
107.5538
30
0
0
VERTEX
8
Visible
10
55.3351
20
107.4445
30
0
0
VERTEX
8
Visible
10
55.3321
20
107.3352
30
0
0
VERTEX
8
Visible
10
55.3288
20
107.2259
30
0
0
VERTEX
8
Visible
10
55.3251
20
107.1166
30
0
0
VERTEX
8
Visible
10
55.3211
20
107.0073
30
0
0
VERTEX
8
Visible
10
55.3167
20
106.8980
30
0
0
VERTEX
8
Visible
10
55.3120
20
106.7888
30
0
0
VERTEX
8
Visible
10
55.3068
20
106.6796
30
0
0
VERTEX
8
Visible
10
55.3014
20
106.5704
30
0
0
VERTEX
8
Visible
10
55.2955
20
106.4612
30
0
0
VERTEX
8
Visible
10
55.2893
20
106.3520
30
0
0
VERTEX
8
Visible
10
55.2827
20
106.2428
30
0
0
VERTEX
8
Visible
10
55.2758
20
106.1337
30
0
0
VERTEX
8
Visible
10
55.2684
20
106.0246
30
0
0
VERTEX
8
Visible
10
55.2607
20
105.9156
30
0
0
VERTEX
8
Visible
10
55.2526
20
105.8066
30
0
0
VERTEX
8
Visible
10
55.2440
20
105.6976
30
0
0
VERTEX
8
Visible
10
55.2351
20
105.5886
30
0
0
VERTEX
8
Visible
10
55.2258
20
105.4798
30
0
0
VERTEX
8
Visible
10
55.2161
20
105.3710
30
0
0
VERTEX
8
Visible
10
55.2060
20
105.2623
30
0
0
VERTEX
8
Visible
10
55.1955
20
105.1537
30
0
0
VERTEX
8
Visible
10
55.1846
20
105.0452
30
0
0
VERTEX
8
Visible
10
55.1733
20
104.9368
30
0
0
VERTEX
8
Visible
10
55.1616
20
104.8285
30
0
0
VERTEX
8
Visible
10
55.1495
20
104.7203
30
0
0
VERTEX
8
Visible
10
55.1370
20
104.6122
30
0
0
VERTEX
8
Visible
10
55.1240
20
104.5042
30
0
0
VERTEX
8
Visible
10
55.1106
20
104.3963
30
0
0
VERTEX
8
Visible
10
55.0969
20
104.2885
30
0
0
VERTEX
8
Visible
10
55.0827
20
104.1809
30
0
0
VERTEX
8
Visible
10
55.0680
20
104.0733
30
0
0
VERTEX
8
Visible
10
55.0530
20
103.9658
30
0
0
VERTEX
8
Visible
10
55.0375
20
103.8584
30
0
0
VERTEX
8
Visible
10
55.0216
20
103.7511
30
0
0
VERTEX
8
Visible
10
55.0053
20
103.6439
30
0
0
VERTEX
8
Visible
10
54.9885
20
103.5368
30
0
0
VERTEX
8
Visible
10
54.9713
20
103.4298
30
0
0
VERTEX
8
Visible
10
54.9536
20
103.3229
30
0
0
VERTEX
8
Visible
10
54.9355
20
103.2161
30
0
0
VERTEX
8
Visible
10
54.9170
20
103.1095
30
0
0
VERTEX
8
Visible
10
54.8980
20
103.0029
30
0
0
VERTEX
8
Visible
10
54.8786
20
102.8964
30
0
0
VERTEX
8
Visible
10
54.8587
20
102.7901
30
0
0
VERTEX
8
Visible
10
54.8383
20
102.6838
30
0
0
VERTEX
8
Visible
10
54.8175
20
102.5776
30
0
0
VERTEX
8
Visible
10
54.7963
20
102.4716
30
0
0
VERTEX
8
Visible
10
54.7746
20
102.3656
30
0
0
VERTEX
8
Visible
10
54.7524
20
102.2598
30
0
0
VERTEX
8
Visible
10
54.7297
20
102.1541
30
0
0
VERTEX
8
Visible
10
54.7066
20
102.0485
30
0
0
VERTEX
8
Visible
10
54.6830
20
101.9429
30
0
0
VERTEX
8
Visible
10
54.6590
20
101.8375
30
0
0
VERTEX
8
Visible
10
54.6344
20
101.7322
30
0
0
VERTEX
8
Visible
10
54.6094
20
101.6270
30
0
0
VERTEX
8
Visible
10
54.5839
20
101.5219
30
0
0
VERTEX
8
Visible
10
54.5580
20
101.4169
30
0
0
VERTEX
8
Visible
10
54.5315
20
101.3121
30
0
0
VERTEX
8
Visible
10
54.5046
20
101.2073
30
0
0
VERTEX
8
Visible
10
54.4771
20
101.1027
30
0
0
VERTEX
8
Visible
10
54.4492
20
100.9981
30
0
0
VERTEX
8
Visible
10
54.4208
20
100.8937
30
0
0
VERTEX
8
Visible
10
54.3919
20
100.7894
30
0
0
VERTEX
8
Visible
10
54.3624
20
100.6851
30
0
0
VERTEX
8
Visible
10
54.3325
20
100.5810
30
0
0
VERTEX
8
Visible
10
54.3021
20
100.4770
30
0
0
VERTEX
8
Visible
10
54.2712
20
100.3732
30
0
0
VERTEX
8
Visible
10
54.2398
20
100.2694
30
0
0
VERTEX
8
Visible
10
54.2078
20
100.1657
30
0
0
VERTEX
8
Visible
10
54.1753
20
100.0622
30
0
0
VERTEX
8
Visible
10
54.1424
20
99.9588
30
0
0
VERTEX
8
Visible
10
54.1089
20
99.8555
30
0
0
VERTEX
8
Visible
10
54.0749
20
99.7522
30
0
0
VERTEX
8
Visible
10
54.0403
20
99.6492
30
0
0
VERTEX
8
Visible
10
54.0053
20
99.5462
30
0
0
VERTEX
8
Visible
10
53.9697
20
99.4433
30
0
0
VERTEX
8
Visible
10
53.9336
20
99.3407
30
0
0
VERTEX
8
Visible
10
53.8972
20
99.2386
30
0
0
VERTEX
8
Visible
10
53.8603
20
99.1370
30
0
0
VERTEX
8
Visible
10
53.8230
20
99.0358
30
0
0
VERTEX
8
Visible
10
53.7854
20
98.9351
30
0
0
VERTEX
8
Visible
10
53.7473
20
98.8348
30
0
0
VERTEX
8
Visible
10
53.7089
20
98.7351
30
0
0
VERTEX
8
Visible
10
53.6700
20
98.6357
30
0
0
VERTEX
8
Visible
10
53.6308
20
98.5369
30
0
0
VERTEX
8
Visible
10
53.5912
20
98.4385
30
0
0
VERTEX
8
Visible
10
53.5512
20
98.3406
30
0
0
VERTEX
8
Visible
10
53.5108
20
98.2431
30
0
0
VERTEX
8
Visible
10
53.4700
20
98.1461
30
0
0
VERTEX
8
Visible
10
53.4289
20
98.0496
30
0
0
SEQEND
8
Visible
0
ARC
8
Visible
10
19.4554
20
108.6577
30
0
40
33.8169
50
356.9006
51
3.2520
0
LINE
8
Visible
10
48.4363
20
106.8293
30
0
11
53.2229
21
106.8293
31
0
0
LINE
8
Visible
10
48.4363
20
105.8293
30
0
11
48.4363
21
106.8293
31
0
0
LINE
8
Visible
10
52.4363
20
105.8293
30
0
11
48.4363
21
105.8293
31
0
0
LINE
8
Visible
10
52.4363
20
103.8293
30
0
11
52.4363
21
105.8293
31
0
0
LINE
8
Visible
10
48.4363
20
103.8293
30
0
11
52.4363
21
103.8293
31
0
0
LINE
8
Visible
10
48.4363
20
102.8293
30
0
11
48.4363
21
103.8293
31
0
0
LINE
8
Visible
10
52.6989
20
102.8293
30
0
11
48.4363
21
102.8293
31
0
0
ARC
8
Visible
10
31.6481
20
107.3765
30
0
40
21.5364
50
341.5096
51
347.8109
0
LINE
8
Visible
10
49.4363
20
100.5463
30
0
11
52.0727
21
100.5463
31
0
0
LINE
8
Visible
10
49.4363
20
99.7463
30
0
11
49.4363
21
100.5463
31
0
0
LINE
8
Visible
10
51.7845
20
99.7463
30
0
11
49.4363
21
99.7463
31
0
0
POLYLINE
8
Visible
66
1
70
0
10
0
20
0
30
0
0
VERTEX
8
Visible
10
51.3147
20
98.6310
30
0
0
VERTEX
8
Visible
10
51.3253
20
98.6540
30
0
0
VERTEX
8
Visible
10
51.3358
20
98.6769
30
0
0
VERTEX
8
Visible
10
51.3462
20
98.6999
30
0
0
VERTEX
8
Visible
10
51.3566
20
98.7229
30
0
0
VERTEX
8
Visible
10
51.3670
20
98.7460
30
0
0
VERTEX
8
Visible
10
51.3774
20
98.7690
30
0
0
VERTEX
8
Visible
10
51.3877
20
98.7920
30
0
0
VERTEX
8
Visible
10
51.3980
20
98.8151
30
0
0
VERTEX
8
Visible
10
51.4083
20
98.8382
30
0
0
VERTEX
8
Visible
10
51.4186
20
98.8612
30
0
0
VERTEX
8
Visible
10
51.4288
20
98.8843
30
0
0
VERTEX
8
Visible
10
51.4389
20
98.9074
30
0
0
VERTEX
8
Visible
10
51.4491
20
98.9305
30
0
0
VERTEX
8
Visible
10
51.4592
20
98.9536
30
0
0
VERTEX
8
Visible
10
51.4693
20
98.9768
30
0
0
VERTEX
8
Visible
10
51.4793
20
98.9999
30
0
0
VERTEX
8
Visible
10
51.4893
20
99.0231
30
0
0
VERTEX
8
Visible
10
51.4993
20
99.0462
30
0
0
VERTEX
8
Visible
10
51.5093
20
99.0694
30
0
0
VERTEX
8
Visible
10
51.5192
20
99.0926
30
0
0
VERTEX
8
Visible
10
51.5291
20
99.1158
30
0
0
VERTEX
8
Visible
10
51.5390
20
99.1390
30
0
0
VERTEX
8
Visible
10
51.5488
20
99.1622
30
0
0
VERTEX
8
Visible
10
51.5586
20
99.1855
30
0
0
VERTEX
8
Visible
10
51.5684
20
99.2087
30
0
0
VERTEX
8
Visible
10
51.5781
20
99.2320
30
0
0
VERTEX
8
Visible
10
51.5878
20
99.2552
30
0
0
VERTEX
8
Visible
10
51.5975
20
99.2785
30
0
0
VERTEX
8
Visible
10
51.6071
20
99.3018
30
0
0
VERTEX
8
Visible
10
51.6167
20
99.3251
30
0
0
VERTEX
8
Visible
10
51.6263
20
99.3484
30
0
0
VERTEX
8
Visible
10
51.6359
20
99.3717
30
0
0
VERTEX
8
Visible
10
51.6454
20
99.3950
30
0
0
VERTEX
8
Visible
10
51.6549
20
99.4184
30
0
0
VERTEX
8
Visible
10
51.6643
20
99.4417
30
0
0
VERTEX
8
Visible
10
51.6738
20
99.4651
30
0
0
VERTEX
8
Visible
10
51.6831
20
99.4885
30
0
0
VERTEX
8
Visible
10
51.6925
20
99.5119
30
0
0
VERTEX
8
Visible
10
51.7018
20
99.5353
30
0
0
VERTEX
8
Visible
10
51.7111
20
99.5587
30
0
0
VERTEX
8
Visible
10
51.7204
20
99.5821
30
0
0
VERTEX
8
Visible
10
51.7297
20
99.6055
30
0
0
VERTEX
8
Visible
10
51.7389
20
99.6290
30
0
0
VERTEX
8
Visible
10
51.7480
20
99.6524
30
0
0
VERTEX
8
Visible
10
51.7572
20
99.6759
30
0
0
VERTEX
8
Visible
10
51.7663
20
99.6993
30
0
0
VERTEX
8
Visible
10
51.7754
20
99.7228
30
0
0
VERTEX
8
Visible
10
51.7845
20
99.7463
30
0
0
SEQEND
8
Visible
0
POLYLINE
8
Visible
66
1
70
0
10
0
20
0
30
0
0
VERTEX
8
Visible
10
53.4289
20
98.0496
30
0
0
VERTEX
8
Visible
10
53.3748
20
98.0612
30
0
0
VERTEX
8
Visible
10
53.3202
20
98.0731
30
0
0
VERTEX
8
Visible
10
53.2652
20
98.0854
30
0
0
VERTEX
8
Visible
10
53.2098
20
98.0979
30
0
0
VERTEX
8
Visible
10
53.1539
20
98.1106
30
0
0
VERTEX
8
Visible
10
53.0977
20
98.1237
30
0
0
VERTEX
8
Visible
10
53.0410
20
98.1371
30
0
0
VERTEX
8
Visible
10
52.9839
20
98.1507
30
0
0
VERTEX
8
Visible
10
52.9264
20
98.1646
30
0
0
VERTEX
8
Visible
10
52.8685
20
98.1788
30
0
0
VERTEX
8
Visible
10
52.8103
20
98.1933
30
0
0
VERTEX
8
Visible
10
52.7517
20
98.2081
30
0
0
VERTEX
8
Visible
10
52.6927
20
98.2232
30
0
0
VERTEX
8
Visible
10
52.6333
20
98.2386
30
0
0
VERTEX
8
Visible
10
52.5737
20
98.2543
30
0
0
VERTEX
8
Visible
10
52.5136
20
98.2702
30
0
0
VERTEX
8
Visible
10
52.4533
20
98.2865
30
0
0
VERTEX
8
Visible
10
52.3926
20
98.3031
30
0
0
VERTEX
8
Visible
10
52.3316
20
98.3199
30
0
0
VERTEX
8
Visible
10
52.2702
20
98.3371
30
0
0
VERTEX
8
Visible
10
52.2086
20
98.3546
30
0
0
VERTEX
8
Visible
10
52.1467
20
98.3723
30
0
0
VERTEX
8
Visible
10
52.0845
20
98.3904
30
0
0
VERTEX
8
Visible
10
52.0220
20
98.4088
30
0
0
VERTEX
8
Visible
10
51.9593
20
98.4274
30
0
0
VERTEX
8
Visible
10
51.8962
20
98.4464
30
0
0
VERTEX
8
Visible
10
51.8329
20
98.4657
30
0
0
VERTEX
8
Visible
10
51.7694
20
98.4853
30
0
0
VERTEX
8
Visible
10
51.7056
20
98.5052
30
0
0
VERTEX
8
Visible
10
51.6416
20
98.5255
30
0
0
VERTEX
8
Visible
10
51.5774
20
98.5460
30
0
0
VERTEX
8
Visible
10
51.5129
20
98.5668
30
0
0
VERTEX
8
Visible
10
51.4482
20
98.5880
30
0
0
VERTEX
8
Visible
10
51.3834
20
98.6095
30
0
0
VERTEX
8
Visible
10
51.3183
20
98.6313
30
0
0
VERTEX
8
Visible
10
51.2530
20
98.6534
30
0
0
VERTEX
8
Visible
10
51.1876
20
98.6758
30
0
0
VERTEX
8
Visible
10
51.1219
20
98.6986
30
0
0
VERTEX
8
Visible
10
51.0562
20
98.7216
30
0
0
VERTEX
8
Visible
10
50.9902
20
98.7450
30
0
0
VERTEX
8
Visible
10
50.9241
20
98.7687
30
0
0
VERTEX
8
Visible
10
50.8578
20
98.7928
30
0
0
VERTEX
8
Visible
10
50.7915
20
98.8172
30
0
0
VERTEX
8
Visible
10
50.7249
20
98.8418
30
0
0
VERTEX
8
Visible
10
50.6583
20
98.8669
30
0
0
VERTEX
8
Visible
10
50.5916
20
98.8922
30
0
0
VERTEX
8
Visible
10
50.5247
20
98.9179
30
0
0
VERTEX
8
Visible
10
50.4577
20
98.9439
30
0
0
VERTEX
8
Visible
10
50.3907
20
98.9702
30
0
0
VERTEX
8
Visible
10
50.3235
20
98.9969
30
0
0
VERTEX
8
Visible
10
50.2563
20
99.0239
30
0
0
VERTEX
8
Visible
10
50.1890
20
99.0513
30
0
0
VERTEX
8
Visible
10
50.1217
20
99.0790
30
0
0
VERTEX
8
Visible
10
50.0543
20
99.1070
30
0
0
VERTEX
8
Visible
10
49.9869
20
99.1353
30
0
0
VERTEX
8
Visible
10
49.9194
20
99.1640
30
0
0
VERTEX
8
Visible
10
49.8519
20
99.1931
30
0
0
VERTEX
8
Visible
10
49.7843
20
99.2225
30
0
0
VERTEX
8
Visible
10
49.7168
20
99.2522
30
0
0
VERTEX
8
Visible
10
49.6492
20
99.2823
30
0
0
VERTEX
8
Visible
10
49.5816
20
99.3127
30
0
0
VERTEX
8
Visible
10
49.5141
20
99.3434
30
0
0
VERTEX
8
Visible
10
49.4465
20
99.3745
30
0
0
VERTEX
8
Visible
10
49.3790
20
99.4060
30
0
0
VERTEX
8
Visible
10
49.3115
20
99.4378
30
0
0
VERTEX
8
Visible
10
49.2440
20
99.4700
30
0
0
VERTEX
8
Visible
10
49.1766
20
99.5025
30
0
0
VERTEX
8
Visible
10
49.1093
20
99.5353
30
0
0
VERTEX
8
Visible
10
49.0419
20
99.5686
30
0
0
VERTEX
8
Visible
10
48.9747
20
99.6021
30
0
0
VERTEX
8
Visible
10
48.9075
20
99.6361
30
0
0
VERTEX
8
Visible
10
48.8405
20
99.6704
30
0
0
VERTEX
8
Visible
10
48.7735
20
99.7050
30
0
0
VERTEX
8
Visible
10
48.7066
20
99.7400
30
0
0
VERTEX
8
Visible
10
48.6398
20
99.7754
30
0
0
VERTEX
8
Visible
10
48.5732
20
99.8111
30
0
0
VERTEX
8
Visible
10
48.5068
20
99.8470
30
0
0
VERTEX
8
Visible
10
48.4407
20
99.8833
30
0
0
VERTEX
8
Visible
10
48.3749
20
99.9199
30
0
0
VERTEX
8
Visible
10
48.3094
20
99.9567
30
0
0
VERTEX
8
Visible
10
48.2441
20
99.9939
30
0
0
VERTEX
8
Visible
10
48.1791
20
100.0313
30
0
0
VERTEX
8
Visible
10
48.1145
20
100.0690
30
0
0
VERTEX
8
Visible
10
48.0501
20
100.1069
30
0
0
VERTEX
8
Visible
10
47.9861
20
100.1452
30
0
0
VERTEX
8
Visible
10
47.9224
20
100.1837
30
0
0
VERTEX
8
Visible
10
47.8591
20
100.2225
30
0
0
VERTEX
8
Visible
10
47.7961
20
100.2616
30
0
0
VERTEX
8
Visible
10
47.7334
20
100.3009
30
0
0
VERTEX
8
Visible
10
47.6712
20
100.3405
30
0
0
VERTEX
8
Visible
10
47.6093
20
100.3804
30
0
0
VERTEX
8
Visible
10
47.5478
20
100.4205
30
0
0
VERTEX
8
Visible
10
47.4867
20
100.4609
30
0
0
VERTEX
8
Visible
10
47.4260
20
100.5016
30
0
0
VERTEX
8
Visible
10
47.3657
20
100.5425
30
0
0
VERTEX
8
Visible
10
47.3058
20
100.5836
30
0
0
VERTEX
8
Visible
10
47.2464
20
100.6250
30
0
0
VERTEX
8
Visible
10
47.1874
20
100.6667
30
0
0
VERTEX
8
Visible
10
47.1289
20
100.7086
30
0
0
VERTEX
8
Visible
10
47.0709
20
100.7507
30
0
0
VERTEX
8
Visible
10
47.0133
20
100.7931
30
0
0
VERTEX
8
Visible
10
46.9562
20
100.8357
30
0
0
VERTEX
8
Visible
10
46.8995
20
100.8786
30
0
0
VERTEX
8
Visible
10
46.8434
20
100.9217
30
0
0
VERTEX
8
Visible
10
46.7878
20
100.9650
30
0
0
VERTEX
8
Visible
10
46.7327
20
101.0086
30
0
0
VERTEX
8
Visible
10
46.6782
20
101.0524
30
0
0
VERTEX
8
Visible
10
46.6242
20
101.0964
30
0
0
VERTEX
8
Visible
10
46.5707
20
101.1407
30
0
0
VERTEX
8
Visible
10
46.5178
20
101.1851
30
0
0
VERTEX
8
Visible
10
46.4654
20
101.2298
30
0
0
VERTEX
8
Visible
10
46.4136
20
101.2747
30
0
0
VERTEX
8
Visible
10
46.3624
20
101.3199
30
0
0
VERTEX
8
Visible
10
46.3118
20
101.3652
30
0
0
VERTEX
8
Visible
10
46.2618
20
101.4107
30
0
0
VERTEX
8
Visible
10
46.2125
20
101.4565
30
0
0
VERTEX
8
Visible
10
46.1637
20
101.5025
30
0
0
VERTEX
8
Visible
10
46.1156
20
101.5487
30
0
0
VERTEX
8
Visible
10
46.0681
20
101.5950
30
0
0
VERTEX
8
Visible
10
46.0212
20
101.6416
30
0
0
VERTEX
8
Visible
10
45.9750
20
101.6884
30
0
0
VERTEX
8
Visible
10
45.9295
20
101.7354
30
0
0
VERTEX
8
Visible
10
45.8847
20
101.7825
30
0
0
VERTEX
8
Visible
10
45.8405
20
101.8299
30
0
0
VERTEX
8
Visible
10
45.7970
20
101.8775
30
0
0
VERTEX
8
Visible
10
45.7543
20
101.9252
30
0
0
VERTEX
8
Visible
10
45.7122
20
101.9731
30
0
0
VERTEX
8
Visible
10
45.6709
20
102.0212
30
0
0
VERTEX
8
Visible
10
45.6303
20
102.0695
30
0
0
VERTEX
8
Visible
10
45.5905
20
102.1180
30
0
0
VERTEX
8
Visible
10
45.5514
20
102.1666
30
0
0
VERTEX
8
Visible
10
45.5130
20
102.2154
30
0
0
VERTEX
8
Visible
10
45.4755
20
102.2644
30
0
0
VERTEX
8
Visible
10
45.4387
20
102.3135
30
0
0
VERTEX
8
Visible
10
45.4027
20
102.3628
30
0
0
VERTEX
8
Visible
10
45.3675
20
102.4123
30
0
0
VERTEX
8
Visible
10
45.3331
20
102.4619
30
0
0
VERTEX
8
Visible
10
45.2995
20
102.5117
30
0
0
VERTEX
8
Visible
10
45.2668
20
102.5616
30
0
0
VERTEX
8
Visible
10
45.2349
20
102.6116
30
0
0
VERTEX
8
Visible
10
45.2038
20
102.6618
30
0
0
VERTEX
8
Visible
10
45.1736
20
102.7122
30
0
0
VERTEX
8
Visible
10
45.1443
20
102.7627
30
0
0
VERTEX
8
Visible
10
45.1158
20
102.8133
30
0
0
VERTEX
8
Visible
10
45.0882
20
102.8640
30
0
0
VERTEX
8
Visible
10
45.0616
20
102.9149
30
0
0
VERTEX
8
Visible
10
45.0358
20
102.9659
30
0
0
VERTEX
8
Visible
10
45.0109
20
103.0173
30
0
0
VERTEX
8
Visible
10
44.9866
20
103.0692
30
0
0
VERTEX
8
Visible
10
44.9632
20
103.1217
30
0
0
VERTEX
8
Visible
10
44.9405
20
103.1747
30
0
0
VERTEX
8
Visible
10
44.9186
20
103.2284
30
0
0
VERTEX
8
Visible
10
44.8976
20
103.2827
30
0
0
VERTEX
8
Visible
10
44.8775
20
103.3375
30
0
0
VERTEX
8
Visible
10
44.8584
20
103.3928
30
0
0
VERTEX
8
Visible
10
44.8403
20
103.4488
30
0
0
VERTEX
8
Visible
10
44.8232
20
103.5052
30
0
0
VERTEX
8
Visible
10
44.8071
20
103.5622
30
0
0
VERTEX
8
Visible
10
44.7922
20
103.6197
30
0
0
VERTEX
8
Visible
10
44.7785
20
103.6777
30
0
0
VERTEX
8
Visible
10
44.7659
20
103.7362
30
0
0
VERTEX
8
Visible
10
44.7545
20
103.7952
30
0
0
VERTEX
8
Visible
10
44.7445
20
103.8547
30
0
0
VERTEX
8
Visible
10
44.7357
20
103.9147
30
0
0
VERTEX
8
Visible
10
44.7283
20
103.9751
30
0
0
VERTEX
8
Visible
10
44.7222
20
104.0377
30
0
0
VERTEX
8
Visible
10
44.7174
20
104.1046
30
0
0
VERTEX
8
Visible
10
44.7142
20
104.1758
30
0
0
VERTEX
8
Visible
10
44.7130
20
104.2513
30
0
0
VERTEX
8
Visible
10
44.7142
20
104.3310
30
0
0
VERTEX
8
Visible
10
44.7182
20
104.4148
30
0
0
VERTEX
8
Visible
10
44.7253
20
104.5026
30
0
0
VERTEX
8
Visible
10
44.7358
20
104.5943
30
0
0
VERTEX
8
Visible
10
44.7502
20
104.6899
30
0
0
VERTEX
8
Visible
10
44.7688
20
104.7894
30
0
0
VERTEX
8
Visible
10
44.7919
20
104.8925
30
0
0
VERTEX
8
Visible
10
44.8193
20
104.9970
30
0
0
VERTEX
8
Visible
10
44.8504
20
105.1005
30
0
0
VERTEX
8
Visible
10
44.8849
20
105.2030
30
0
0
VERTEX
8
Visible
10
44.9227
20
105.3044
30
0
0
VERTEX
8
Visible
10
44.9637
20
105.4047
30
0
0
VERTEX
8
Visible
10
45.0077
20
105.5039
30
0
0
VERTEX
8
Visible
10
45.0545
20
105.6018
30
0
0
VERTEX
8
Visible
10
45.1040
20
105.6985
30
0
0
VERTEX
8
Visible
10
45.1559
20
105.7938
30
0
0
VERTEX
8
Visible
10
45.2102
20
105.8878
30
0
0
VERTEX
8
Visible
10
45.2666
20
105.9804
30
0
0
VERTEX
8
Visible
10
45.3250
20
106.0716
30
0
0
VERTEX
8
Visible
10
45.3853
20
106.1614
30
0
0
VERTEX
8
Visible
10
45.4474
20
106.2497
30
0
0
VERTEX
8
Visible
10
45.5109
20
106.3365
30
0
0
VERTEX
8
Visible
10
45.5759
20
106.4218
30
0
0
VERTEX
8
Visible
10
45.6422
20
106.5055
30
0
0
VERTEX
8
Visible
10
45.7097
20
106.5879
30
0
0
VERTEX
8
Visible
10
45.7791
20
106.6697
30
0
0
VERTEX
8
Visible
10
45.8504
20
106.7511
30
0
0
VERTEX
8
Visible
10
45.9236
20
106.8320
30
0
0
VERTEX
8
Visible
10
45.9987
20
106.9125
30
0
0
VERTEX
8
Visible
10
46.0757
20
106.9925
30
0
0
VERTEX
8
Visible
10
46.1544
20
107.0721
30
0
0
VERTEX
8
Visible
10
46.2349
20
107.1511
30
0
0
VERTEX
8
Visible
10
46.3171
20
107.2296
30
0
0
VERTEX
8
Visible
10
46.4009
20
107.3076
30
0
0
VERTEX
8
Visible
10
46.4865
20
107.3851
30
0
0
VERTEX
8
Visible
10
46.5736
20
107.4620
30
0
0
VERTEX
8
Visible
10
46.6623
20
107.5383
30
0
0
VERTEX
8
Visible
10
46.7525
20
107.6140
30
0
0
VERTEX
8
Visible
10
46.8442
20
107.6892
30
0
0
VERTEX
8
Visible
10
46.9374
20
107.7637
30
0
0
VERTEX
8
Visible
10
47.0316
20
107.8373
30
0
0
VERTEX
8
Visible
10
47.1262
20
107.9097
30
0
0
VERTEX
8
Visible
10
47.2212
20
107.9807
30
0
0
VERTEX
8
Visible
10
47.3166
20
108.0504
30
0
0
VERTEX
8
Visible
10
47.4122
20
108.1189
30
0
0
VERTEX
8
Visible
10
47.5081
20
108.1861
30
0
0
VERTEX
8
Visible
10
47.6042
20
108.2520
30
0
0
VERTEX
8
Visible
10
47.7004
20
108.3167
30
0
0
VERTEX
8
Visible
10
47.7967
20
108.3802
30
0
0
VERTEX
8
Visible
10
47.8931
20
108.4425
30
0
0
VERTEX
8
Visible
10
47.9895
20
108.5036
30
0
0
VERTEX
8
Visible
10
48.0859
20
108.5635
30
0
0
VERTEX
8
Visible
10
48.1823
20
108.6223
30
0
0
VERTEX
8
Visible
10
48.2785
20
108.6799
30
0
0
VERTEX
8
Visible
10
48.3745
20
108.7364
30
0
0
VERTEX
8
Visible
10
48.4704
20
108.7917
30
0
0
VERTEX
8
Visible
10
48.5660
20
108.8460
30
0
0
VERTEX
8
Visible
10
48.6613
20
108.8991
30
0
0
VERTEX
8
Visible
10
48.7563
20
108.9512
30
0
0
VERTEX
8
Visible
10
48.8512
20
109.0023
30
0
0
VERTEX
8
Visible
10
48.9465
20
109.0528
30
0
0
VERTEX
8
Visible
10
49.0420
20
109.1025
30
0
0
VERTEX
8
Visible
10
49.1378
20
109.1515
30
0
0
VERTEX
8
Visible
10
49.2338
20
109.1998
30
0
0
VERTEX
8
Visible
10
49.3300
20
109.2473
30
0
0
VERTEX
8
Visible
10
49.4264
20
109.2942
30
0
0
VERTEX
8
Visible
10
49.5229
20
109.3403
30
0
0
VERTEX
8
Visible
10
49.6196
20
109.3857
30
0
0
VERTEX
8
Visible
10
49.7165
20
109.4304
30
0
0
VERTEX
8
Visible
10
49.8135
20
109.4743
30
0
0
VERTEX
8
Visible
10
49.9105
20
109.5176
30
0
0
VERTEX
8
Visible
10
50.0076
20
109.5601
30
0
0
VERTEX
8
Visible
10
50.1048
20
109.6018
30
0
0
VERTEX
8
Visible
10
50.2020
20
109.6429
30
0
0
VERTEX
8
Visible
10
50.2992
20
109.6832
30
0
0
VERTEX
8
Visible
10
50.3964
20
109.7228
30
0
0
VERTEX
8
Visible
10
50.4936
20
109.7617
30
0
0
VERTEX
8
Visible
10
50.5907
20
109.7999
30
0
0
VERTEX
8
Visible
10
50.6877
20
109.8373
30
0
0
VERTEX
8
Visible
10
50.7847
20
109.8740
30
0
0
VERTEX
8
Visible
10
50.8815
20
109.9100
30
0
0
VERTEX
8
Visible
10
50.9783
20
109.9452
30
0
0
VERTEX
8
Visible
10
51.0748
20
109.9797
30
0
0
VERTEX
8
Visible
10
51.1712
20
110.0135
30
0
0
VERTEX
8
Visible
10
51.2674
20
110.0466
30
0
0
VERTEX
8
Visible
10
51.3634
20
110.0789
30
0
0
VERTEX
8
Visible
10
51.4592
20
110.1105
30
0
0
VERTEX
8
Visible
10
51.5547
20
110.1414
30
0
0
VERTEX
8
Visible
10
51.6495
20
110.1714
30
0
0
VERTEX
8
Visible
10
51.7434
20
110.2005
30
0
0
VERTEX
8
Visible
10
51.8363
20
110.2287
30
0
0
VERTEX
8
Visible
10
51.9284
20
110.2561
30
0
0
VERTEX
8
Visible
10
52.0195
20
110.2826
30
0
0
VERTEX
8
Visible
10
52.1097
20
110.3082
30
0
0
VERTEX
8
Visible
10
52.1990
20
110.3330
30
0
0
VERTEX
8
Visible
10
52.2874
20
110.3571
30
0
0
VERTEX
8
Visible
10
52.3748
20
110.3803
30
0
0
VERTEX
8
Visible
10
52.4612
20
110.4027
30
0
0
VERTEX
8
Visible
10
52.5467
20
110.4244
30
0
0
VERTEX
8
Visible
10
52.6313
20
110.4453
30
0
0
VERTEX
8
Visible
10
52.7149
20
110.4655
30
0
0
VERTEX
8
Visible
10
52.7975
20
110.4849
30
0
0
VERTEX
8
Visible
10
52.8791
20
110.5037
30
0
0
VERTEX
8
Visible
10
52.9598
20
110.5217
30
0
0
VERTEX
8
Visible
10
53.0394
20
110.5391
30
0
0
VERTEX
8
Visible
10
53.1181
20
110.5558
30
0
0
VERTEX
8
Visible
10
53.1958
20
110.5718
30
0
0
VERTEX
8
Visible
10
53.2724
20
110.5872
30
0
0
VERTEX
8
Visible
10
53.3481
20
110.6020
30
0
0
VERTEX
8
Visible
10
53.4227
20
110.6161
30
0
0
VERTEX
8
Visible
10
53.4963
20
110.6297
30
0
0
VERTEX
8
Visible
10
53.5688
20
110.6427
30
0
0
VERTEX
8
Visible
10
53.6404
20
110.6551
30
0
0
VERTEX
8
Visible
10
53.7108
20
110.6670
30
0
0
VERTEX
8
Visible
10
53.7803
20
110.6783
30
0
0
VERTEX
8
Visible
10
53.8486
20
110.6891
30
0
0
VERTEX
8
Visible
10
53.9159
20
110.6994
30
0
0
VERTEX
8
Visible
10
53.9822
20
110.7092
30
0
0
VERTEX
8
Visible
10
54.0473
20
110.7185
30
0
0
VERTEX
8
Visible
10
54.1113
20
110.7273
30
0
0
VERTEX
8
Visible
10
54.1741
20
110.7357
30
0
0
VERTEX
8
Visible
10
54.2359
20
110.7436
30
0
0
VERTEX
8
Visible
10
54.2966
20
110.7511
30
0
0
VERTEX
8
Visible
10
54.3561
20
110.7582
30
0
0
VERTEX
8
Visible
10
54.4145
20
110.7648
30
0
0
VERTEX
8
Visible
10
54.4718
20
110.7711
30
0
0
VERTEX
8
Visible
10
54.5280
20
110.7769
30
0
0
VERTEX
8
Visible
10
54.5831
20
110.7824
30
0
0
VERTEX
8
Visible
10
54.6370
20
110.7876
30
0
0
VERTEX
8
Visible
10
54.6898
20
110.7923
30
0
0
VERTEX
8
Visible
10
54.7414
20
110.7968
30
0
0
VERTEX
8
Visible
10
54.7920
20
110.8009
30
0
0
VERTEX
8
Visible
10
54.8414
20
110.8048
30
0
0
VERTEX
8
Visible
10
54.8896
20
110.8083
30
0
0
VERTEX
8
Visible
10
54.9367
20
110.8116
30
0
0
VERTEX
8
Visible
10
54.9827
20
110.8145
30
0
0
VERTEX
8
Visible
10
55.0275
20
110.8173
30
0
0
VERTEX
8
Visible
10
55.0712
20
110.8198
30
0
0
VERTEX
8
Visible
10
55.1138
20
110.8220
30
0
0
VERTEX
8
Visible
10
55.1552
20
110.8241
30
0
0
VERTEX
8
Visible
10
55.1954
20
110.8259
30
0
0
VERTEX
8
Visible
10
55.2345
20
110.8276
30
0
0
VERTEX
8
Visible
10
55.2724
20
110.8291
30
0
0
SEQEND
8
Visible
0
LINE
8
Visible
10
49.4363
20
100.5463
30
0
11
49.4363
21
102.8293
31
0
0
LINE
8
Visible
10
49.4363
20
106.8293
30
0
11
49.4363
21
109.2990
31
0
0
LINE
8
Visible
10
49.4363
20
99.3791
30
0
11
49.4363
21
99.7463
31
0
0
LINE
8
Visible
10
48.4363
20
105.8293
30
0
11
48.4363
21
103.8293
31
0
0
LINE
8
Visible
10
35.4363
20
133.3963
30
0
11
35.4363
21
136.3130
31
0
0
LINE
8
Visible
10
35.4363
20
157.6463
30
0
11
35.4363
21
136.3130
31
0
0
LINE
8
Visible
10
36.9363
20
85.6463
30
0
11
35.4363
21
85.6463
31
0
0
LINE
8
Visible
10
36.9363
20
112.1463
30
0
11
35.4363
21
112.1463
31
0
0
LINE
8
Visible
10
35.4363
20
112.1463
30
0
11
35.4363
21
86.1606
31
0
0
LINE
8
Visible
10
35.4363
20
86.1606
30
0
11
35.4363
21
85.6463
31
0
0
LINE
8
Visible
10
37.5955
20
112.1463
30
0
11
36.9363
21
112.1463
31
0
0
LINE
8
Visible
10
39.2588
20
112.1463
30
0
11
37.5955
21
112.1463
31
0
0
LINE
8
Visible
10
39.8379
20
112.1463
30
0
11
39.2588
21
112.1463
31
0
0
LINE
8
Visible
10
45.4363
20
112.1463
30
0
11
39.8379
21
112.1463
31
0
0
POLYLINE
8
Visible
66
1
70
0
10
0
20
0
30
0
0
VERTEX
8
Visible
10
56.3868
20
106.2197
30
0
0
VERTEX
8
Visible
10
56.3872
20
106.2161
30
0
0
VERTEX
8
Visible
10
56.3876
20
106.2125
30
0
0
VERTEX
8
Visible
10
56.3880
20
106.2090
30
0
0
VERTEX
8
Visible
10
56.3884
20
106.2056
30
0
0
VERTEX
8
Visible
10
56.3888
20
106.2021
30
0
0
VERTEX
8
Visible
10
56.3892
20
106.1988
30
0
0
VERTEX
8
Visible
10
56.3896
20
106.1954
30
0
0
VERTEX
8
Visible
10
56.3899
20
106.1921
30
0
0
VERTEX
8
Visible
10
56.3903
20
106.1889
30
0
0
VERTEX
8
Visible
10
56.3906
20
106.1857
30
0
0
VERTEX
8
Visible
10
56.3910
20
106.1825
30
0
0
VERTEX
8
Visible
10
56.3913
20
106.1794
30
0
0
VERTEX
8
Visible
10
56.3917
20
106.1763
30
0
0
VERTEX
8
Visible
10
56.3920
20
106.1733
30
0
0
VERTEX
8
Visible
10
56.3924
20
106.1703
30
0
0
VERTEX
8
Visible
10
56.3927
20
106.1674
30
0
0
VERTEX
8
Visible
10
56.3930
20
106.1645
30
0
0
VERTEX
8
Visible
10
56.3933
20
106.1617
30
0
0
VERTEX
8
Visible
10
56.3936
20
106.1589
30
0
0
VERTEX
8
Visible
10
56.3939
20
106.1561
30
0
0
VERTEX
8
Visible
10
56.3942
20
106.1534
30
0
0
VERTEX
8
Visible
10
56.3945
20
106.1508
30
0
0
VERTEX
8
Visible
10
56.3948
20
106.1481
30
0
0
VERTEX
8
Visible
10
56.3951
20
106.1456
30
0
0
VERTEX
8
Visible
10
56.3954
20
106.1430
30
0
0
VERTEX
8
Visible
10
56.3957
20
106.1406
30
0
0
VERTEX
8
Visible
10
56.3960
20
106.1381
30
0
0
VERTEX
8
Visible
10
56.3962
20
106.1357
30
0
0
VERTEX
8
Visible
10
56.3965
20
106.1334
30
0
0
VERTEX
8
Visible
10
56.3967
20
106.1311
30
0
0
VERTEX
8
Visible
10
56.3970
20
106.1288
30
0
0
VERTEX
8
Visible
10
56.3972
20
106.1266
30
0
0
VERTEX
8
Visible
10
56.3975
20
106.1245
30
0
0
VERTEX
8
Visible
10
56.3977
20
106.1224
30
0
0
VERTEX
8
Visible
10
56.3979
20
106.1203
30
0
0
VERTEX
8
Visible
10
56.3982
20
106.1183
30
0
0
VERTEX
8
Visible
10
56.3984
20
106.1163
30
0
0
VERTEX
8
Visible
10
56.3986
20
106.1144
30
0
0
VERTEX
8
Visible
10
56.3988
20
106.1125
30
0
0
VERTEX
8
Visible
10
56.3990
20
106.1107
30
0
0
VERTEX
8
Visible
10
56.3992
20
106.1089
30
0
0
VERTEX
8
Visible
10
56.3994
20
106.1071
30
0
0
VERTEX
8
Visible
10
56.3996
20
106.1054
30
0
0
VERTEX
8
Visible
10
56.3998
20
106.1038
30
0
0
VERTEX
8
Visible
10
56.4000
20
106.1022
30
0
0
VERTEX
8
Visible
10
56.4001
20
106.1007
30
0
0
VERTEX
8
Visible
10
56.4003
20
106.0992
30
0
0
VERTEX
8
Visible
10
56.4005
20
106.0977
30
0
0
VERTEX
8
Visible
10
56.4006
20
106.0963
30
0
0
VERTEX
8
Visible
10
56.4008
20
106.0949
30
0
0
VERTEX
8
Visible
10
56.4009
20
106.0936
30
0
0
VERTEX
8
Visible
10
56.4011
20
106.0924
30
0
0
VERTEX
8
Visible
10
56.4012
20
106.0912
30
0
0
VERTEX
8
Visible
10
56.4013
20
106.0900
30
0
0
VERTEX
8
Visible
10
56.4015
20
106.0889
30
0
0
VERTEX
8
Visible
10
56.4016
20
106.0878
30
0
0
VERTEX
8
Visible
10
56.4017
20
106.0868
30
0
0
VERTEX
8
Visible
10
56.4018
20
106.0858
30
0
0
VERTEX
8
Visible
10
56.4019
20
106.0849
30
0
0
VERTEX
8
Visible
10
56.4020
20
106.0840
30
0
0
VERTEX
8
Visible
10
56.4021
20
106.0831
30
0
0
VERTEX
8
Visible
10
56.4022
20
106.0824
30
0
0
VERTEX
8
Visible
10
56.4023
20
106.0816
30
0
0
VERTEX
8
Visible
10
56.4024
20
106.0809
30
0
0
VERTEX
8
Visible
10
56.4024
20
106.0803
30
0
0
VERTEX
8
Visible
10
56.4025
20
106.0797
30
0
0
VERTEX
8
Visible
10
56.4026
20
106.0792
30
0
0
VERTEX
8
Visible
10
56.4026
20
106.0787
30
0
0
VERTEX
8
Visible
10
56.4027
20
106.0782
30
0
0
VERTEX
8
Visible
10
56.4027
20
106.0778
30
0
0
VERTEX
8
Visible
10
56.4028
20
106.0774
30
0
0
VERTEX
8
Visible
10
56.4028
20
106.0771
30
0
0
SEQEND
8
Visible
0
LINE
8
Visible
10
56.4210
20
105.9144
30
0
11
56.4029
21
106.0763
31
0
0
POLYLINE
8
Visible
66
1
70
0
10
0
20
0
30
0
0
VERTEX
8
Visible
10
56.4029
20
106.0763
30
0
0
VERTEX
8
Visible
10
56.4029
20
106.0763
30
0
0
VERTEX
8
Visible
10
56.4029
20
106.0764
30
0
0
VERTEX
8
Visible
10
56.4029
20
106.0764
30
0
0
VERTEX
8
Visible
10
56.4029
20
106.0764
30
0
0
VERTEX
8
Visible
10
56.4029
20
106.0764
30
0
0
VERTEX
8
Visible
10
56.4029
20
106.0764
30
0
0
VERTEX
8
Visible
10
56.4029
20
106.0764
30
0
0
VERTEX
8
Visible
10
56.4029
20
106.0765
30
0
0
VERTEX
8
Visible
10
56.4029
20
106.0765
30
0
0
VERTEX
8
Visible
10
56.4029
20
106.0765
30
0
0
VERTEX
8
Visible
10
56.4029
20
106.0765
30
0
0
VERTEX
8
Visible
10
56.4029
20
106.0765
30
0
0
VERTEX
8
Visible
10
56.4029
20
106.0765
30
0
0
VERTEX
8
Visible
10
56.4029
20
106.0766
30
0
0
VERTEX
8
Visible
10
56.4029
20
106.0766
30
0
0
VERTEX
8
Visible
10
56.4029
20
106.0766
30
0
0
VERTEX
8
Visible
10
56.4028
20
106.0766
30
0
0
VERTEX
8
Visible
10
56.4028
20
106.0766
30
0
0
VERTEX
8
Visible
10
56.4028
20
106.0767
30
0
0
VERTEX
8
Visible
10
56.4028
20
106.0767
30
0
0
VERTEX
8
Visible
10
56.4028
20
106.0767
30
0
0
VERTEX
8
Visible
10
56.4028
20
106.0767
30
0
0
VERTEX
8
Visible
10
56.4028
20
106.0767
30
0
0
VERTEX
8
Visible
10
56.4028
20
106.0767
30
0
0
VERTEX
8
Visible
10
56.4028
20
106.0768
30
0
0
VERTEX
8
Visible
10
56.4028
20
106.0768
30
0
0
VERTEX
8
Visible
10
56.4028
20
106.0768
30
0
0
VERTEX
8
Visible
10
56.4028
20
106.0768
30
0
0
VERTEX
8
Visible
10
56.4028
20
106.0768
30
0
0
VERTEX
8
Visible
10
56.4028
20
106.0768
30
0
0
VERTEX
8
Visible
10
56.4028
20
106.0769
30
0
0
VERTEX
8
Visible
10
56.4028
20
106.0769
30
0
0
VERTEX
8
Visible
10
56.4028
20
106.0769
30
0
0
VERTEX
8
Visible
10
56.4028
20
106.0769
30
0
0
VERTEX
8
Visible
10
56.4028
20
106.0769
30
0
0
VERTEX
8
Visible
10
56.4028
20
106.0769
30
0
0
VERTEX
8
Visible
10
56.4028
20
106.0770
30
0
0
VERTEX
8
Visible
10
56.4028
20
106.0770
30
0
0
VERTEX
8
Visible
10
56.4028
20
106.0770
30
0
0
VERTEX
8
Visible
10
56.4028
20
106.0770
30
0
0
VERTEX
8
Visible
10
56.4028
20
106.0770
30
0
0
VERTEX
8
Visible
10
56.4028
20
106.0770
30
0
0
VERTEX
8
Visible
10
56.4028
20
106.0771
30
0
0
VERTEX
8
Visible
10
56.4028
20
106.0771
30
0
0
VERTEX
8
Visible
10
56.4028
20
106.0771
30
0
0
VERTEX
8
Visible
10
56.4028
20
106.0771
30
0
0
VERTEX
8
Visible
10
56.4028
20
106.0771
30
0
0
VERTEX
8
Visible
10
56.4028
20
106.0771
30
0
0
SEQEND
8
Visible
0
LINE
8
Visible
10
56.3868
20
106.2197
30
0
11
56.3560
21
106.4950
31
0
0
LINE
8
Visible
10
56.3560
20
106.4950
30
0
11
55.4920
21
114.2199
31
0
0
POLYLINE
8
Visible
66
1
70
0
10
0
20
0
30
0
0
VERTEX
8
Visible
10
54.6379
20
114.6160
30
0
0
VERTEX
8
Visible
10
54.6412
20
114.5909
30
0
0
VERTEX
8
Visible
10
54.6444
20
114.5658
30
0
0
VERTEX
8
Visible
10
54.6475
20
114.5406
30
0
0
VERTEX
8
Visible
10
54.6504
20
114.5155
30
0
0
VERTEX
8
Visible
10
54.6533
20
114.4904
30
0
0
VERTEX
8
Visible
10
54.6561
20
114.4653
30
0
0
VERTEX
8
Visible
10
54.6587
20
114.4402
30
0
0
VERTEX
8
Visible
10
54.6612
20
114.4152
30
0
0
VERTEX
8
Visible
10
54.6637
20
114.3901
30
0
0
VERTEX
8
Visible
10
54.6660
20
114.3651
30
0
0
VERTEX
8
Visible
10
54.6682
20
114.3402
30
0
0
VERTEX
8
Visible
10
54.6703
20
114.3152
30
0
0
VERTEX
8
Visible
10
54.6722
20
114.2904
30
0
0
VERTEX
8
Visible
10
54.6741
20
114.2655
30
0
0
VERTEX
8
Visible
10
54.6758
20
114.2407
30
0
0
VERTEX
8
Visible
10
54.6775
20
114.2159
30
0
0
VERTEX
8
Visible
10
54.6790
20
114.1913
30
0
0
VERTEX
8
Visible
10
54.6804
20
114.1667
30
0
0
VERTEX
8
Visible
10
54.6817
20
114.1422
30
0
0
VERTEX
8
Visible
10
54.6828
20
114.1177
30
0
0
VERTEX
8
Visible
10
54.6839
20
114.0934
30
0
0
VERTEX
8
Visible
10
54.6848
20
114.0691
30
0
0
VERTEX
8
Visible
10
54.6856
20
114.0449
30
0
0
VERTEX
8
Visible
10
54.6863
20
114.0208
30
0
0
VERTEX
8
Visible
10
54.6869
20
113.9968
30
0
0
VERTEX
8
Visible
10
54.6873
20
113.9730
30
0
0
VERTEX
8
Visible
10
54.6877
20
113.9492
30
0
0
VERTEX
8
Visible
10
54.6879
20
113.9255
30
0
0
VERTEX
8
Visible
10
54.6880
20
113.9019
30
0
0
VERTEX
8
Visible
10
54.6880
20
113.8785
30
0
0
VERTEX
8
Visible
10
54.6878
20
113.8551
30
0
0
VERTEX
8
Visible
10
54.6875
20
113.8319
30
0
0
VERTEX
8
Visible
10
54.6871
20
113.8088
30
0
0
VERTEX
8
Visible
10
54.6866
20
113.7859
30
0
0
VERTEX
8
Visible
10
54.6860
20
113.7631
30
0
0
VERTEX
8
Visible
10
54.6852
20
113.7405
30
0
0
VERTEX
8
Visible
10
54.6844
20
113.7180
30
0
0
VERTEX
8
Visible
10
54.6834
20
113.6957
30
0
0
VERTEX
8
Visible
10
54.6822
20
113.6735
30
0
0
VERTEX
8
Visible
10
54.6810
20
113.6515
30
0
0
VERTEX
8
Visible
10
54.6796
20
113.6297
30
0
0
VERTEX
8
Visible
10
54.6781
20
113.6081
30
0
0
VERTEX
8
Visible
10
54.6765
20
113.5866
30
0
0
VERTEX
8
Visible
10
54.6748
20
113.5653
30
0
0
VERTEX
8
Visible
10
54.6730
20
113.5442
30
0
0
VERTEX
8
Visible
10
54.6710
20
113.5232
30
0
0
VERTEX
8
Visible
10
54.6689
20
113.5025
30
0
0
VERTEX
8
Visible
10
54.6666
20
113.4819
30
0
0
VERTEX
8
Visible
10
54.6643
20
113.4615
30
0
0
VERTEX
8
Visible
10
54.6618
20
113.4413
30
0
0
VERTEX
8
Visible
10
54.6592
20
113.4213
30
0
0
VERTEX
8
Visible
10
54.6565
20
113.4015
30
0
0
VERTEX
8
Visible
10
54.6537
20
113.3819
30
0
0
VERTEX
8
Visible
10
54.6507
20
113.3624
30
0
0
VERTEX
8
Visible
10
54.6476
20
113.3432
30
0
0
VERTEX
8
Visible
10
54.6444
20
113.3243
30
0
0
VERTEX
8
Visible
10
54.6411
20
113.3056
30
0
0
VERTEX
8
Visible
10
54.6377
20
113.2871
30
0
0
VERTEX
8
Visible
10
54.6341
20
113.2688
30
0
0
VERTEX
8
Visible
10
54.6305
20
113.2508
30
0
0
VERTEX
8
Visible
10
54.6267
20
113.2330
30
0
0
VERTEX
8
Visible
10
54.6228
20
113.2155
30
0
0
VERTEX
8
Visible
10
54.6187
20
113.1982
30
0
0
VERTEX
8
Visible
10
54.6146
20
113.1811
30
0
0
VERTEX
8
Visible
10
54.6104
20
113.1643
30
0
0
VERTEX
8
Visible
10
54.6060
20
113.1478
30
0
0
VERTEX
8
Visible
10
54.6015
20
113.1315
30
0
0
VERTEX
8
Visible
10
54.5969
20
113.1154
30
0
0
VERTEX
8
Visible
10
54.5922
20
113.0996
30
0
0
VERTEX
8
Visible
10
54.5874
20
113.0840
30
0
0
VERTEX
8
Visible
10
54.5825
20
113.0687
30
0
0
VERTEX
8
Visible
10
54.5774
20
113.0536
30
0
0
VERTEX
8
Visible
10
54.5723
20
113.0388
30
0
0
VERTEX
8
Visible
10
54.5670
20
113.0242
30
0
0
VERTEX
8
Visible
10
54.5616
20
113.0099
30
0
0
VERTEX
8
Visible
10
54.5561
20
112.9959
30
0
0
VERTEX
8
Visible
10
54.5505
20
112.9821
30
0
0
VERTEX
8
Visible
10
54.5448
20
112.9685
30
0
0
VERTEX
8
Visible
10
54.5390
20
112.9553
30
0
0
VERTEX
8
Visible
10
54.5331
20
112.9423
30
0
0
VERTEX
8
Visible
10
54.5271
20
112.9295
30
0
0
VERTEX
8
Visible
10
54.5209
20
112.9170
30
0
0
VERTEX
8
Visible
10
54.5147
20
112.9048
30
0
0
VERTEX
8
Visible
10
54.5083
20
112.8929
30
0
0
VERTEX
8
Visible
10
54.5018
20
112.8812
30
0
0
VERTEX
8
Visible
10
54.4953
20
112.8698
30
0
0
VERTEX
8
Visible
10
54.4886
20
112.8587
30
0
0
VERTEX
8
Visible
10
54.4819
20
112.8479
30
0
0
VERTEX
8
Visible
10
54.4750
20
112.8373
30
0
0
VERTEX
8
Visible
10
54.4681
20
112.8271
30
0
0
VERTEX
8
Visible
10
54.4611
20
112.8171
30
0
0
VERTEX
8
Visible
10
54.4539
20
112.8074
30
0
0
VERTEX
8
Visible
10
54.4467
20
112.7980
30
0
0
VERTEX
8
Visible
10
54.4394
20
112.7889
30
0
0
VERTEX
8
Visible
10
54.4320
20
112.7801
30
0
0
VERTEX
8
Visible
10
54.4245
20
112.7715
30
0
0
VERTEX
8
Visible
10
54.4170
20
112.7632
30
0
0
VERTEX
8
Visible
10
54.4093
20
112.7553
30
0
0
VERTEX
8
Visible
10
54.4016
20
112.7476
30
0
0
VERTEX
8
Visible
10
54.3938
20
112.7401
30
0
0
VERTEX
8
Visible
10
54.3859
20
112.7330
30
0
0
VERTEX
8
Visible
10
54.3779
20
112.7262
30
0
0
VERTEX
8
Visible
10
54.3698
20
112.7196
30
0
0
VERTEX
8
Visible
10
54.3617
20
112.7133
30
0
0
VERTEX
8
Visible
10
54.3534
20
112.7073
30
0
0
VERTEX
8
Visible
10
54.3451
20
112.7016
30
0
0
VERTEX
8
Visible
10
54.3367
20
112.6962
30
0
0
VERTEX
8
Visible
10
54.3283
20
112.6910
30
0
0
VERTEX
8
Visible
10
54.3197
20
112.6861
30
0
0
VERTEX
8
Visible
10
54.3111
20
112.6815
30
0
0
VERTEX
8
Visible
10
54.3024
20
112.6772
30
0
0
VERTEX
8
Visible
10
54.2936
20
112.6732
30
0
0
VERTEX
8
Visible
10
54.2848
20
112.6695
30
0
0
VERTEX
8
Visible
10
54.2759
20
112.6660
30
0
0
VERTEX
8
Visible
10
54.2669
20
112.6628
30
0
0
VERTEX
8
Visible
10
54.2578
20
112.6599
30
0
0
VERTEX
8
Visible
10
54.2487
20
112.6573
30
0
0
VERTEX
8
Visible
10
54.2395
20
112.6549
30
0
0
VERTEX
8
Visible
10
54.2303
20
112.6529
30
0
0
VERTEX
8
Visible
10
54.2210
20
112.6511
30
0
0
VERTEX
8
Visible
10
54.2116
20
112.6496
30
0
0
VERTEX
8
Visible
10
54.2022
20
112.6484
30
0
0
VERTEX
8
Visible
10
54.1927
20
112.6475
30
0
0
VERTEX
8
Visible
10
54.1832
20
112.6468
30
0
0
VERTEX
8
Visible
10
54.1736
20
112.6464
30
0
0
VERTEX
8
Visible
10
54.1640
20
112.6463
30
0
0
VERTEX
8
Visible
10
54.1543
20
112.6465
30
0
0
VERTEX
8
Visible
10
54.1446
20
112.6469
30
0
0
VERTEX
8
Visible
10
54.1348
20
112.6477
30
0
0
VERTEX
8
Visible
10
54.1250
20
112.6486
30
0
0
VERTEX
8
Visible
10
54.1151
20
112.6499
30
0
0
VERTEX
8
Visible
10
54.1052
20
112.6515
30
0
0
VERTEX
8
Visible
10
54.0952
20
112.6533
30
0
0
VERTEX
8
Visible
10
54.0852
20
112.6553
30
0
0
VERTEX
8
Visible
10
54.0752
20
112.6577
30
0
0
VERTEX
8
Visible
10
54.0651
20
112.6603
30
0
0
VERTEX
8
Visible
10
54.0550
20
112.6632
30
0
0
VERTEX
8
Visible
10
54.0448
20
112.6663
30
0
0
VERTEX
8
Visible
10
54.0346
20
112.6697
30
0
0
VERTEX
8
Visible
10
54.0244
20
112.6734
30
0
0
VERTEX
8
Visible
10
54.0141
20
112.6774
30
0
0
VERTEX
8
Visible
10
54.0038
20
112.6816
30
0
0
VERTEX
8
Visible
10
53.9935
20
112.6860
30
0
0
VERTEX
8
Visible
10
53.9832
20
112.6908
30
0
0
VERTEX
8
Visible
10
53.9728
20
112.6958
30
0
0
VERTEX
8
Visible
10
53.9623
20
112.7010
30
0
0
VERTEX
8
Visible
10
53.9519
20
112.7065
30
0
0
VERTEX
8
Visible
10
53.9414
20
112.7123
30
0
0
VERTEX
8
Visible
10
53.9309
20
112.7183
30
0
0
VERTEX
8
Visible
10
53.9204
20
112.7246
30
0
0
VERTEX
8
Visible
10
53.9099
20
112.7312
30
0
0
VERTEX
8
Visible
10
53.8993
20
112.7380
30
0
0
VERTEX
8
Visible
10
53.8887
20
112.7450
30
0
0
VERTEX
8
Visible
10
53.8781
20
112.7523
30
0
0
VERTEX
8
Visible
10
53.8675
20
112.7599
30
0
0
VERTEX
8
Visible
10
53.8568
20
112.7677
30
0
0
VERTEX
8
Visible
10
53.8462
20
112.7757
30
0
0
VERTEX
8
Visible
10
53.8355
20
112.7840
30
0
0
VERTEX
8
Visible
10
53.8249
20
112.7926
30
0
0
VERTEX
8
Visible
10
53.8142
20
112.8014
30
0
0
VERTEX
8
Visible
10
53.8035
20
112.8104
30
0
0
VERTEX
8
Visible
10
53.7928
20
112.8197
30
0
0
VERTEX
8
Visible
10
53.7821
20
112.8292
30
0
0
VERTEX
8
Visible
10
53.7715
20
112.8390
30
0
0
VERTEX
8
Visible
10
53.7608
20
112.8490
30
0
0
VERTEX
8
Visible
10
53.7501
20
112.8592
30
0
0
VERTEX
8
Visible
10
53.7394
20
112.8697
30
0
0
VERTEX
8
Visible
10
53.7287
20
112.8804
30
0
0
VERTEX
8
Visible
10
53.7180
20
112.8914
30
0
0
VERTEX
8
Visible
10
53.7073
20
112.9025
30
0
0
VERTEX
8
Visible
10
53.6967
20
112.9140
30
0
0
VERTEX
8
Visible
10
53.6860
20
112.9256
30
0
0
VERTEX
8
Visible
10
53.6753
20
112.9375
30
0
0
VERTEX
8
Visible
10
53.6647
20
112.9496
30
0
0
VERTEX
8
Visible
10
53.6541
20
112.9619
30
0
0
VERTEX
8
Visible
10
53.6434
20
112.9745
30
0
0
VERTEX
8
Visible
10
53.6328
20
112.9873
30
0
0
VERTEX
8
Visible
10
53.6222
20
113.0003
30
0
0
VERTEX
8
Visible
10
53.6117
20
113.0136
30
0
0
VERTEX
8
Visible
10
53.6011
20
113.0270
30
0
0
VERTEX
8
Visible
10
53.5906
20
113.0407
30
0
0
VERTEX
8
Visible
10
53.5801
20
113.0546
30
0
0
VERTEX
8
Visible
10
53.5696
20
113.0688
30
0
0
VERTEX
8
Visible
10
53.5591
20
113.0831
30
0
0
VERTEX
8
Visible
10
53.5487
20
113.0977
30
0
0
VERTEX
8
Visible
10
53.5382
20
113.1125
30
0
0
VERTEX
8
Visible
10
53.5278
20
113.1275
30
0
0
VERTEX
8
Visible
10
53.5175
20
113.1427
30
0
0
VERTEX
8
Visible
10
53.5072
20
113.1581
30
0
0
VERTEX
8
Visible
10
53.4969
20
113.1738
30
0
0
VERTEX
8
Visible
10
53.4866
20
113.1896
30
0
0
VERTEX
8
Visible
10
53.4764
20
113.2057
30
0
0
VERTEX
8
Visible
10
53.4662
20
113.2219
30
0
0
VERTEX
8
Visible
10
53.4561
20
113.2384
30
0
0
VERTEX
8
Visible
10
53.4460
20
113.2551
30
0
0
VERTEX
8
Visible
10
53.4359
20
113.2719
30
0
0
VERTEX
8
Visible
10
53.4259
20
113.2890
30
0
0
VERTEX
8
Visible
10
53.4159
20
113.3062
30
0
0
VERTEX
8
Visible
10
53.4060
20
113.3237
30
0
0
VERTEX
8
Visible
10
53.3962
20
113.3413
30
0
0
VERTEX
8
Visible
10
53.3864
20
113.3592
30
0
0
VERTEX
8
Visible
10
53.3766
20
113.3772
30
0
0
VERTEX
8
Visible
10
53.3669
20
113.3954
30
0
0
VERTEX
8
Visible
10
53.3572
20
113.4138
30
0
0
VERTEX
8
Visible
10
53.3476
20
113.4324
30
0
0
VERTEX
8
Visible
10
53.3381
20
113.4512
30
0
0
VERTEX
8
Visible
10
53.3286
20
113.4702
30
0
0
VERTEX
8
Visible
10
53.3192
20
113.4893
30
0
0
VERTEX
8
Visible
10
53.3099
20
113.5087
30
0
0
VERTEX
8
Visible
10
53.3006
20
113.5282
30
0
0
VERTEX
8
Visible
10
53.2914
20
113.5479
30
0
0
VERTEX
8
Visible
10
53.2822
20
113.5678
30
0
0
VERTEX
8
Visible
10
53.2731
20
113.5878
30
0
0
VERTEX
8
Visible
10
53.2641
20
113.6080
30
0
0
VERTEX
8
Visible
10
53.2552
20
113.6284
30
0
0
VERTEX
8
Visible
10
53.2463
20
113.6490
30
0
0
VERTEX
8
Visible
10
53.2375
20
113.6697
30
0
0
VERTEX
8
Visible
10
53.2288
20
113.6906
30
0
0
VERTEX
8
Visible
10
53.2202
20
113.7117
30
0
0
VERTEX
8
Visible
10
53.2117
20
113.7329
30
0
0
VERTEX
8
Visible
10
53.2032
20
113.7543
30
0
0
VERTEX
8
Visible
10
53.1948
20
113.7758
30
0
0
VERTEX
8
Visible
10
53.1866
20
113.7974
30
0
0
VERTEX
8
Visible
10
53.1784
20
113.8192
30
0
0
VERTEX
8
Visible
10
53.1703
20
113.8412
30
0
0
VERTEX
8
Visible
10
53.1623
20
113.8632
30
0
0
VERTEX
8
Visible
10
53.1544
20
113.8854
30
0
0
VERTEX
8
Visible
10
53.1466
20
113.9078
30
0
0
VERTEX
8
Visible
10
53.1389
20
113.9302
30
0
0
VERTEX
8
Visible
10
53.1313
20
113.9528
30
0
0
VERTEX
8
Visible
10
53.1238
20
113.9756
30
0
0
VERTEX
8
Visible
10
53.1164
20
113.9984
30
0
0
VERTEX
8
Visible
10
53.1091
20
114.0214
30
0
0
VERTEX
8
Visible
10
53.1020
20
114.0445
30
0
0
VERTEX
8
Visible
10
53.0949
20
114.0677
30
0
0
VERTEX
8
Visible
10
53.0879
20
114.0910
30
0
0
VERTEX
8
Visible
10
53.0811
20
114.1145
30
0
0
VERTEX
8
Visible
10
53.0744
20
114.1380
30
0
0
VERTEX
8
Visible
10
53.0677
20
114.1617
30
0
0
VERTEX
8
Visible
10
53.0612
20
114.1855
30
0
0
VERTEX
8
Visible
10
53.0549
20
114.2093
30
0
0
VERTEX
8
Visible
10
53.0486
20
114.2333
30
0
0
VERTEX
8
Visible
10
53.0425
20
114.2574
30
0
0
VERTEX
8
Visible
10
53.0364
20
114.2816
30
0
0
VERTEX
8
Visible
10
53.0305
20
114.3059
30
0
0
VERTEX
8
Visible
10
53.0248
20
114.3302
30
0
0
VERTEX
8
Visible
10
53.0191
20
114.3547
30
0
0
VERTEX
8
Visible
10
53.0136
20
114.3792
30
0
0
VERTEX
8
Visible
10
53.0083
20
114.4038
30
0
0
VERTEX
8
Visible
10
53.0030
20
114.4285
30
0
0
VERTEX
8
Visible
10
52.9979
20
114.4532
30
0
0
VERTEX
8
Visible
10
52.9930
20
114.4779
30
0
0
VERTEX
8
Visible
10
52.9882
20
114.5027
30
0
0
VERTEX
8
Visible
10
52.9835
20
114.5275
30
0
0
VERTEX
8
Visible
10
52.9790
20
114.5524
30
0
0
VERTEX
8
Visible
10
52.9746
20
114.5773
30
0
0
VERTEX
8
Visible
10
52.9703
20
114.6023
30
0
0
VERTEX
8
Visible
10
52.9662
20
114.6273
30
0
0
VERTEX
8
Visible
10
52.9623
20
114.6523
30
0
0
VERTEX
8
Visible
10
52.9585
20
114.6774
30
0
0
VERTEX
8
Visible
10
52.9548
20
114.7024
30
0
0
VERTEX
8
Visible
10
52.9513
20
114.7275
30
0
0
VERTEX
8
Visible
10
52.9480
20
114.7526
30
0
0
VERTEX
8
Visible
10
52.9448
20
114.7778
30
0
0
SEQEND
8
Visible
0
LINE
8
Visible
10
45.4363
20
114.6089
30
0
11
45.4363
21
112.1463
31
0
0
LINE
8
Visible
10
37.4363
20
136.4296
30
0
11
37.4363
21
133.3963
31
0
0
LINE
8
Visible
10
37.4363
20
136.5856
30
0
11
37.4363
21
136.4296
31
0
0
LINE
8
Visible
10
37.4363
20
158.6380
30
0
11
37.4363
21
136.5856
31
0
0
LINE
8
Visible
10
37.4363
20
133.3963
30
0
11
35.4363
21
133.3963
31
0
0
LINE
8
Visible
10
36.9363
20
84.6463
30
0
11
36.9363
21
85.2178
31
0
0
LINE
8
Visible
10
36.9363
20
85.2178
30
0
11
36.9363
21
112.1463
31
0
0
LINE
8
Visible
10
36.9363
20
84.6463
30
0
11
37.3853
21
84.6463
31
0
0
LINE
8
Visible
10
38.5889
20
84.6463
30
0
11
40.8104
21
84.6463
31
0
0
LINE
8
Visible
10
37.3853
20
84.6463
30
0
11
38.5889
21
84.6463
31
0
0
LINE
8
Visible
10
52.9992
20
136.5050
30
0
11
52.4114
21
141.7600
31
0
0
POLYLINE
8
Visible
66
1
70
0
10
0
20
0
30
0
0
VERTEX
8
Visible
10
52.9448
20
114.7778
30
0
0
VERTEX
8
Visible
10
52.9418
20
114.8022
30
0
0
VERTEX
8
Visible
10
52.9391
20
114.8266
30
0
0
VERTEX
8
Visible
10
52.9365
20
114.8511
30
0
0
VERTEX
8
Visible
10
52.9340
20
114.8755
30
0
0
VERTEX
8
Visible
10
52.9318
20
114.9001
30
0
0
VERTEX
8
Visible
10
52.9297
20
114.9247
30
0
0
VERTEX
8
Visible
10
52.9278
20
114.9494
30
0
0
VERTEX
8
Visible
10
52.9260
20
114.9741
30
0
0
VERTEX
8
Visible
10
52.9245
20
114.9988
30
0
0
VERTEX
8
Visible
10
52.9231
20
115.0236
30
0
0
VERTEX
8
Visible
10
52.9218
20
115.0483
30
0
0
VERTEX
8
Visible
10
52.9208
20
115.0731
30
0
0
VERTEX
8
Visible
10
52.9199
20
115.0979
30
0
0
VERTEX
8
Visible
10
52.9192
20
115.1226
30
0
0
VERTEX
8
Visible
10
52.9187
20
115.1474
30
0
0
VERTEX
8
Visible
10
52.9184
20
115.1721
30
0
0
VERTEX
8
Visible
10
52.9182
20
115.1968
30
0
0
VERTEX
8
Visible
10
52.9183
20
115.2214
30
0
0
VERTEX
8
Visible
10
52.9185
20
115.2460
30
0
0
VERTEX
8
Visible
10
52.9189
20
115.2705
30
0
0
VERTEX
8
Visible
10
52.9194
20
115.2949
30
0
0
VERTEX
8
Visible
10
52.9202
20
115.3192
30
0
0
VERTEX
8
Visible
10
52.9211
20
115.3435
30
0
0
VERTEX
8
Visible
10
52.9222
20
115.3677
30
0
0
VERTEX
8
Visible
10
52.9235
20
115.3918
30
0
0
VERTEX
8
Visible
10
52.9250
20
115.4157
30
0
0
VERTEX
8
Visible
10
52.9267
20
115.4395
30
0
0
VERTEX
8
Visible
10
52.9286
20
115.4632
30
0
0
VERTEX
8
Visible
10
52.9306
20
115.4868
30
0
0
VERTEX
8
Visible
10
52.9329
20
115.5102
30
0
0
VERTEX
8
Visible
10
52.9353
20
115.5334
30
0
0
VERTEX
8
Visible
10
52.9379
20
115.5565
30
0
0
VERTEX
8
Visible
10
52.9407
20
115.5794
30
0
0
VERTEX
8
Visible
10
52.9437
20
115.6022
30
0
0
VERTEX
8
Visible
10
52.9468
20
115.6247
30
0
0
VERTEX
8
Visible
10
52.9502
20
115.6471
30
0
0
VERTEX
8
Visible
10
52.9537
20
115.6693
30
0
0
VERTEX
8
Visible
10
52.9574
20
115.6912
30
0
0
VERTEX
8
Visible
10
52.9612
20
115.7130
30
0
0
VERTEX
8
Visible
10
52.9652
20
115.7346
30
0
0
VERTEX
8
Visible
10
52.9694
20
115.7560
30
0
0
VERTEX
8
Visible
10
52.9737
20
115.7771
30
0
0
VERTEX
8
Visible
10
52.9781
20
115.7980
30
0
0
VERTEX
8
Visible
10
52.9828
20
115.8187
30
0
0
VERTEX
8
Visible
10
52.9875
20
115.8392
30
0
0
VERTEX
8
Visible
10
52.9924
20
115.8594
30
0
0
VERTEX
8
Visible
10
52.9974
20
115.8794
30
0
0
VERTEX
8
Visible
10
53.0026
20
115.8992
30
0
0
VERTEX
8
Visible
10
53.0079
20
115.9187
30
0
0
VERTEX
8
Visible
10
53.0133
20
115.9379
30
0
0
VERTEX
8
Visible
10
53.0188
20
115.9569
30
0
0
VERTEX
8
Visible
10
53.0245
20
115.9756
30
0
0
VERTEX
8
Visible
10
53.0302
20
115.9941
30
0
0
VERTEX
8
Visible
10
53.0361
20
116.0123
30
0
0
VERTEX
8
Visible
10
53.0421
20
116.0302
30
0
0
VERTEX
8
Visible
10
53.0482
20
116.0478
30
0
0
VERTEX
8
Visible
10
53.0544
20
116.0651
30
0
0
VERTEX
8
Visible
10
53.0606
20
116.0822
30
0
0
VERTEX
8
Visible
10
53.0670
20
116.0989
30
0
0
VERTEX
8
Visible
10
53.0735
20
116.1154
30
0
0
VERTEX
8
Visible
10
53.0800
20
116.1315
30
0
0
VERTEX
8
Visible
10
53.0867
20
116.1474
30
0
0
VERTEX
8
Visible
10
53.0934
20
116.1629
30
0
0
VERTEX
8
Visible
10
53.1002
20
116.1783
30
0
0
VERTEX
8
Visible
10
53.1072
20
116.1935
30
0
0
VERTEX
8
Visible
10
53.1143
20
116.2084
30
0
0
VERTEX
8
Visible
10
53.1215
20
116.2232
30
0
0
VERTEX
8
Visible
10
53.1288
20
116.2378
30
0
0
VERTEX
8
Visible
10
53.1363
20
116.2522
30
0
0
VERTEX
8
Visible
10
53.1438
20
116.2664
30
0
0
VERTEX
8
Visible
10
53.1515
20
116.2803
30
0
0
VERTEX
8
Visible
10
53.1593
20
116.2941
30
0
0
VERTEX
8
Visible
10
53.1671
20
116.3076
30
0
0
VERTEX
8
Visible
10
53.1751
20
116.3209
30
0
0
VERTEX
8
Visible
10
53.1832
20
116.3340
30
0
0
VERTEX
8
Visible
10
53.1914
20
116.3468
30
0
0
VERTEX
8
Visible
10
53.1996
20
116.3594
30
0
0
VERTEX
8
Visible
10
53.2080
20
116.3718
30
0
0
VERTEX
8
Visible
10
53.2165
20
116.3840
30
0
0
VERTEX
8
Visible
10
53.2250
20
116.3959
30
0
0
VERTEX
8
Visible
10
53.2337
20
116.4075
30
0
0
VERTEX
8
Visible
10
53.2424
20
116.4189
30
0
0
VERTEX
8
Visible
10
53.2512
20
116.4301
30
0
0
VERTEX
8
Visible
10
53.2600
20
116.4410
30
0
0
VERTEX
8
Visible
10
53.2690
20
116.4517
30
0
0
VERTEX
8
Visible
10
53.2780
20
116.4620
30
0
0
VERTEX
8
Visible
10
53.2871
20
116.4722
30
0
0
VERTEX
8
Visible
10
53.2963
20
116.4820
30
0
0
VERTEX
8
Visible
10
53.3055
20
116.4916
30
0
0
VERTEX
8
Visible
10
53.3148
20
116.5009
30
0
0
VERTEX
8
Visible
10
53.3242
20
116.5099
30
0
0
VERTEX
8
Visible
10
53.3336
20
116.5187
30
0
0
VERTEX
8
Visible
10
53.3431
20
116.5271
30
0
0
VERTEX
8
Visible
10
53.3526
20
116.5353
30
0
0
VERTEX
8
Visible
10
53.3622
20
116.5432
30
0
0
VERTEX
8
Visible
10
53.3718
20
116.5507
30
0
0
VERTEX
8
Visible
10
53.3815
20
116.5580
30
0
0
VERTEX
8
Visible
10
53.3912
20
116.5650
30
0
0
VERTEX
8
Visible
10
53.4010
20
116.5717
30
0
0
VERTEX
8
Visible
10
53.4108
20
116.5781
30
0
0
VERTEX
8
Visible
10
53.4206
20
116.5842
30
0
0
VERTEX
8
Visible
10
53.4304
20
116.5900
30
0
0
VERTEX
8
Visible
10
53.4403
20
116.5955
30
0
0
VERTEX
8
Visible
10
53.4503
20
116.6007
30
0
0
VERTEX
8
Visible
10
53.4602
20
116.6056
30
0
0
VERTEX
8
Visible
10
53.4702
20
116.6103
30
0
0
VERTEX
8
Visible
10
53.4801
20
116.6146
30
0
0
VERTEX
8
Visible
10
53.4901
20
116.6187
30
0
0
VERTEX
8
Visible
10
53.5002
20
116.6225
30
0
0
VERTEX
8
Visible
10
53.5102
20
116.6259
30
0
0
VERTEX
8
Visible
10
53.5202
20
116.6292
30
0
0
VERTEX
8
Visible
10
53.5302
20
116.6321
30
0
0
VERTEX
8
Visible
10
53.5403
20
116.6347
30
0
0
VERTEX
8
Visible
10
53.5503
20
116.6371
30
0
0
VERTEX
8
Visible
10
53.5603
20
116.6392
30
0
0
VERTEX
8
Visible
10
53.5704
20
116.6410
30
0
0
VERTEX
8
Visible
10
53.5804
20
116.6425
30
0
0
VERTEX
8
Visible
10
53.5904
20
116.6438
30
0
0
VERTEX
8
Visible
10
53.6004
20
116.6448
30
0
0
VERTEX
8
Visible
10
53.6103
20
116.6455
30
0
0
VERTEX
8
Visible
10
53.6203
20
116.6459
30
0
0
VERTEX
8
Visible
10
53.6302
20
116.6461
30
0
0
VERTEX
8
Visible
10
53.6401
20
116.6460
30
0
0
VERTEX
8
Visible
10
53.6500
20
116.6456
30
0
0
VERTEX
8
Visible
10
53.6599
20
116.6450
30
0
0
VERTEX
8
Visible
10
53.6697
20
116.6441
30
0
0
VERTEX
8
Visible
10
53.6794
20
116.6429
30
0
0
VERTEX
8
Visible
10
53.6892
20
116.6414
30
0
0
VERTEX
8
Visible
10
53.6989
20
116.6397
30
0
0
VERTEX
8
Visible
10
53.7085
20
116.6378
30
0
0
VERTEX
8
Visible
10
53.7182
20
116.6355
30
0
0
VERTEX
8
Visible
10
53.7279
20
116.6330
30
0
0
VERTEX
8
Visible
10
53.7376
20
116.6302
30
0
0
VERTEX
8
Visible
10
53.7474
20
116.6271
30
0
0
VERTEX
8
Visible
10
53.7572
20
116.6238
30
0
0
VERTEX
8
Visible
10
53.7670
20
116.6201
30
0
0
VERTEX
8
Visible
10
53.7769
20
116.6162
30
0
0
VERTEX
8
Visible
10
53.7867
20
116.6120
30
0
0
VERTEX
8
Visible
10
53.7966
20
116.6075
30
0
0
VERTEX
8
Visible
10
53.8065
20
116.6028
30
0
0
VERTEX
8
Visible
10
53.8164
20
116.5977
30
0
0
VERTEX
8
Visible
10
53.8263
20
116.5924
30
0
0
VERTEX
8
Visible
10
53.8362
20
116.5868
30
0
0
VERTEX
8
Visible
10
53.8462
20
116.5809
30
0
0
VERTEX
8
Visible
10
53.8561
20
116.5748
30
0
0
VERTEX
8
Visible
10
53.8660
20
116.5683
30
0
0
VERTEX
8
Visible
10
53.8760
20
116.5616
30
0
0
VERTEX
8
Visible
10
53.8859
20
116.5546
30
0
0
VERTEX
8
Visible
10
53.8958
20
116.5473
30
0
0
VERTEX
8
Visible
10
53.9057
20
116.5397
30
0
0
VERTEX
8
Visible
10
53.9156
20
116.5319
30
0
0
VERTEX
8
Visible
10
53.9255
20
116.5237
30
0
0
VERTEX
8
Visible
10
53.9353
20
116.5153
30
0
0
VERTEX
8
Visible
10
53.9452
20
116.5066
30
0
0
VERTEX
8
Visible
10
53.9550
20
116.4976
30
0
0
VERTEX
8
Visible
10
53.9648
20
116.4884
30
0
0
VERTEX
8
Visible
10
53.9746
20
116.4788
30
0
0
VERTEX
8
Visible
10
53.9843
20
116.4690
30
0
0
VERTEX
8
Visible
10
53.9940
20
116.4589
30
0
0
VERTEX
8
Visible
10
54.0037
20
116.4485
30
0
0
VERTEX
8
Visible
10
54.0133
20
116.4378
30
0
0
VERTEX
8
Visible
10
54.0230
20
116.4269
30
0
0
VERTEX
8
Visible
10
54.0325
20
116.4156
30
0
0
VERTEX
8
Visible
10
54.0420
20
116.4041
30
0
0
VERTEX
8
Visible
10
54.0515
20
116.3923
30
0
0
VERTEX
8
Visible
10
54.0610
20
116.3802
30
0
0
VERTEX
8
Visible
10
54.0704
20
116.3679
30
0
0
VERTEX
8
Visible
10
54.0797
20
116.3553
30
0
0
VERTEX
8
Visible
10
54.0890
20
116.3424
30
0
0
VERTEX
8
Visible
10
54.0983
20
116.3293
30
0
0
VERTEX
8
Visible
10
54.1075
20
116.3159
30
0
0
VERTEX
8
Visible
10
54.1166
20
116.3023
30
0
0
VERTEX
8
Visible
10
54.1257
20
116.2884
30
0
0
VERTEX
8
Visible
10
54.1347
20
116.2743
30
0
0
VERTEX
8
Visible
10
54.1437
20
116.2600
30
0
0
VERTEX
8
Visible
10
54.1526
20
116.2455
30
0
0
VERTEX
8
Visible
10
54.1615
20
116.2307
30
0
0
VERTEX
8
Visible
10
54.1703
20
116.2157
30
0
0
VERTEX
8
Visible
10
54.1790
20
116.2005
30
0
0
VERTEX
8
Visible
10
54.1877
20
116.1851
30
0
0
VERTEX
8
Visible
10
54.1963
20
116.1695
30
0
0
VERTEX
8
Visible
10
54.2049
20
116.1537
30
0
0
VERTEX
8
Visible
10
54.2133
20
116.1376
30
0
0
VERTEX
8
Visible
10
54.2217
20
116.1215
30
0
0
VERTEX
8
Visible
10
54.2301
20
116.1051
30
0
0
VERTEX
8
Visible
10
54.2383
20
116.0885
30
0
0
VERTEX
8
Visible
10
54.2465
20
116.0718
30
0
0
VERTEX
8
Visible
10
54.2546
20
116.0549
30
0
0
VERTEX
8
Visible
10
54.2627
20
116.0378
30
0
0
VERTEX
8
Visible
10
54.2706
20
116.0206
30
0
0
VERTEX
8
Visible
10
54.2785
20
116.0032
30
0
0
VERTEX
8
Visible
10
54.2863
20
115.9857
30
0
0
VERTEX
8
Visible
10
54.2940
20
115.9680
30
0
0
VERTEX
8
Visible
10
54.3017
20
115.9502
30
0
0
VERTEX
8
Visible
10
54.3092
20
115.9322
30
0
0
VERTEX
8
Visible
10
54.3167
20
115.9142
30
0
0
VERTEX
8
Visible
10
54.3241
20
115.8959
30
0
0
VERTEX
8
Visible
10
54.3314
20
115.8773
30
0
0
VERTEX
8
Visible
10
54.3388
20
115.8585
30
0
0
VERTEX
8
Visible
10
54.3461
20
115.8394
30
0
0
VERTEX
8
Visible
10
54.3534
20
115.8200
30
0
0
VERTEX
8
Visible
10
54.3606
20
115.8004
30
0
0
VERTEX
8
Visible
10
54.3678
20
115.7805
30
0
0
VERTEX
8
Visible
10
54.3750
20
115.7604
30
0
0
VERTEX
8
Visible
10
54.3821
20
115.7400
30
0
0
VERTEX
8
Visible
10
54.3892
20
115.7194
30
0
0
VERTEX
8
Visible
10
54.3962
20
115.6986
30
0
0
VERTEX
8
Visible
10
54.4032
20
115.6776
30
0
0
VERTEX
8
Visible
10
54.4102
20
115.6563
30
0
0
VERTEX
8
Visible
10
54.4171
20
115.6348
30
0
0
VERTEX
8
Visible
10
54.4239
20
115.6131
30
0
0
VERTEX
8
Visible
10
54.4307
20
115.5912
30
0
0
VERTEX
8
Visible
10
54.4374
20
115.5691
30
0
0
VERTEX
8
Visible
10
54.4441
20
115.5468
30
0
0
VERTEX
8
Visible
10
54.4507
20
115.5244
30
0
0
VERTEX
8
Visible
10
54.4572
20
115.5017
30
0
0
VERTEX
8
Visible
10
54.4637
20
115.4789
30
0
0
VERTEX
8
Visible
10
54.4701
20
115.4559
30
0
0
VERTEX
8
Visible
10
54.4765
20
115.4327
30
0
0
VERTEX
8
Visible
10
54.4827
20
115.4094
30
0
0
VERTEX
8
Visible
10
54.4889
20
115.3859
30
0
0
VERTEX
8
Visible
10
54.4951
20
115.3622
30
0
0
VERTEX
8
Visible
10
54.5011
20
115.3385
30
0
0
VERTEX
8
Visible
10
54.5071
20
115.3145
30
0
0
VERTEX
8
Visible
10
54.5130
20
115.2905
30
0
0
VERTEX
8
Visible
10
54.5188
20
115.2663
30
0
0
VERTEX
8
Visible
10
54.5245
20
115.2420
30
0
0
VERTEX
8
Visible
10
54.5301
20
115.2176
30
0
0
VERTEX
8
Visible
10
54.5356
20
115.1931
30
0
0
VERTEX
8
Visible
10
54.5411
20
115.1684
30
0
0
VERTEX
8
Visible
10
54.5465
20
115.1437
30
0
0
VERTEX
8
Visible
10
54.5518
20
115.1189
30
0
0
VERTEX
8
Visible
10
54.5570
20
115.0940
30
0
0
VERTEX
8
Visible
10
54.5621
20
115.0690
30
0
0
VERTEX
8
Visible
10
54.5671
20
115.0440
30
0
0
VERTEX
8
Visible
10
54.5720
20
115.0189
30
0
0
VERTEX
8
Visible
10
54.5768
20
114.9938
30
0
0
VERTEX
8
Visible
10
54.5816
20
114.9686
30
0
0
VERTEX
8
Visible
10
54.5862
20
114.9434
30
0
0
VERTEX
8
Visible
10
54.5908
20
114.9181
30
0
0
VERTEX
8
Visible
10
54.5953
20
114.8929
30
0
0
VERTEX
8
Visible
10
54.5996
20
114.8676
30
0
0
VERTEX
8
Visible
10
54.6039
20
114.8424
30
0
0
VERTEX
8
Visible
10
54.6081
20
114.8171
30
0
0
VERTEX
8
Visible
10
54.6122
20
114.7918
30
0
0
VERTEX
8
Visible
10
54.6161
20
114.7666
30
0
0
VERTEX
8
Visible
10
54.6200
20
114.7414
30
0
0
VERTEX
8
Visible
10
54.6238
20
114.7162
30
0
0
VERTEX
8
Visible
10
54.6275
20
114.6911
30
0
0
VERTEX
8
Visible
10
54.6311
20
114.6660
30
0
0
VERTEX
8
Visible
10
54.6345
20
114.6410
30
0
0
VERTEX
8
Visible
10
54.6379
20
114.6160
30
0
0
SEQEND
8
Visible
0
LINE
8
Visible
10
55.4920
20
114.2199
30
0
11
54.1541
21
126.1804
31
0
0
LINE
8
Visible
10
43.4363
20
117.1463
30
0
11
43.4363
21
126.5276
31
0
0
LINE
8
Visible
10
45.4363
20
117.1463
30
0
11
43.4363
21
117.1463
31
0
0
LINE
8
Visible
10
45.4363
20
114.6089
30
0
11
45.4363
21
117.1463
31
0
0
LINE
8
Visible
10
54.1541
20
126.1804
30
0
11
52.9992
21
136.5050
31
0
0
POLYLINE
8
Visible
66
1
70
0
10
0
20
0
30
0
0
VERTEX
8
Visible
10
39.8434
20
133.3963
30
0
0
VERTEX
8
Visible
10
39.9213
20
133.3963
30
0
0
VERTEX
8
Visible
10
39.9991
20
133.3963
30
0
0
VERTEX
8
Visible
10
40.0768
20
133.3963
30
0
0
VERTEX
8
Visible
10
40.1544
20
133.3963
30
0
0
VERTEX
8
Visible
10
40.2318
20
133.3963
30
0
0
VERTEX
8
Visible
10
40.3092
20
133.3963
30
0
0
VERTEX
8
Visible
10
40.3864
20
133.3963
30
0
0
VERTEX
8
Visible
10
40.4635
20
133.3963
30
0
0
VERTEX
8
Visible
10
40.5405
20
133.3963
30
0
0
VERTEX
8
Visible
10
40.6173
20
133.3963
30
0
0
VERTEX
8
Visible
10
40.6940
20
133.3963
30
0
0
VERTEX
8
Visible
10
40.7706
20
133.3963
30
0
0
VERTEX
8
Visible
10
40.8471
20
133.3963
30
0
0
VERTEX
8
Visible
10
40.9234
20
133.3963
30
0
0
VERTEX
8
Visible
10
40.9997
20
133.3963
30
0
0
VERTEX
8
Visible
10
41.0758
20
133.3963
30
0
0
VERTEX
8
Visible
10
41.1517
20
133.3963
30
0
0
VERTEX
8
Visible
10
41.2275
20
133.3963
30
0
0
VERTEX
8
Visible
10
41.3032
20
133.3963
30
0
0
VERTEX
8
Visible
10
41.3788
20
133.3963
30
0
0
VERTEX
8
Visible
10
41.4542
20
133.3963
30
0
0
VERTEX
8
Visible
10
41.5295
20
133.3963
30
0
0
VERTEX
8
Visible
10
41.6047
20
133.3963
30
0
0
VERTEX
8
Visible
10
41.6797
20
133.3963
30
0
0
VERTEX
8
Visible
10
41.7545
20
133.3963
30
0
0
VERTEX
8
Visible
10
41.8293
20
133.3963
30
0
0
VERTEX
8
Visible
10
41.9039
20
133.3963
30
0
0
VERTEX
8
Visible
10
41.9783
20
133.3963
30
0
0
VERTEX
8
Visible
10
42.0526
20
133.3963
30
0
0
VERTEX
8
Visible
10
42.1268
20
133.3963
30
0
0
VERTEX
8
Visible
10
42.2008
20
133.3963
30
0
0
VERTEX
8
Visible
10
42.2747
20
133.3963
30
0
0
VERTEX
8
Visible
10
42.3485
20
133.3963
30
0
0
VERTEX
8
Visible
10
42.4221
20
133.3963
30
0
0
VERTEX
8
Visible
10
42.4955
20
133.3963
30
0
0
VERTEX
8
Visible
10
42.5688
20
133.3963
30
0
0
VERTEX
8
Visible
10
42.6419
20
133.3963
30
0
0
VERTEX
8
Visible
10
42.7149
20
133.3963
30
0
0
VERTEX
8
Visible
10
42.7878
20
133.3963
30
0
0
VERTEX
8
Visible
10
42.8604
20
133.3963
30
0
0
VERTEX
8
Visible
10
42.9330
20
133.3963
30
0
0
VERTEX
8
Visible
10
43.0053
20
133.3963
30
0
0
VERTEX
8
Visible
10
43.0776
20
133.3963
30
0
0
VERTEX
8
Visible
10
43.1496
20
133.3963
30
0
0
VERTEX
8
Visible
10
43.2215
20
133.3963
30
0
0
VERTEX
8
Visible
10
43.2933
20
133.3963
30
0
0
VERTEX
8
Visible
10
43.3649
20
133.3963
30
0
0
VERTEX
8
Visible
10
43.4363
20
133.3963
30
0
0
SEQEND
8
Visible
0
LINE
8
Visible
10
43.4363
20
133.3963
30
0
11
43.4363
21
126.5276
31
0
0
LINE
8
Visible
10
37.4363
20
133.3963
30
0
11
39.8434
21
133.3963
31
0
0
ARC
8
Visible
10
36.5450
20
103.6911
30
0
40
20.0000
50
295.2468
51
6.3824
0
LINE
8
Visible
10
35.4363
20
157.6463
30
0
11
37.4363
21
157.6463
31
0
0
ARC
8
Visible
10
37.0714
20
150.6463
30
0
40
8.0000
50
67.7901
51
87.3857
0
ARC
8
Visible
10
32.5354
20
139.5367
30
0
40
20.0000
50
6.3824
51
67.7901
0
ARC
8
Visible
10
40.8101
20
94.6463
30
0
40
10.0000
50
270.0000
51
295.2468
0
ARC
8
Visible
10
208.9986
20
149.6662
30
0
40
3.5248
50
44.9141
51
60.5327
0
ARC
8
Visible
10
199.8181
20
133.5171
30
0
40
22.1011
50
60.4064
51
70.7995
0
ARC
8
Visible
10
205.9747
20
151.2340
30
0
40
3.3449
50
70.5848
51
87.2797
0
LINE
8
Visible
10
227.0000
20
112.1463
30
0
11
224.8973
21
112.1463
31
0
0
LINE
8
Visible
10
227.1232
20
112.1463
30
0
11
227.0000
21
112.1463
31
0
0
LINE
8
Visible
10
227.2981
20
112.1463
30
0
11
227.1232
21
112.1463
31
0
0
LINE
8
Visible
10
172.5094
20
112.1463
30
0
11
172.3345
21
112.1463
31
0
0
LINE
8
Visible
10
172.6326
20
112.1463
30
0
11
172.5094
21
112.1463
31
0
0
LINE
8
Visible
10
174.7353
20
112.1463
30
0
11
172.6326
21
112.1463
31
0
0
POLYLINE
8
Visible
66
1
70
0
10
0
20
0
30
0
0
VERTEX
8
Visible
10
206.9783
20
154.1206
30
0
0
VERTEX
8
Visible
10
206.9595
20
154.1272
30
0
0
VERTEX
8
Visible
10
206.9408
20
154.1338
30
0
0
VERTEX
8
Visible
10
206.9222
20
154.1405
30
0
0
VERTEX
8
Visible
10
206.9036
20
154.1474
30
0
0
VERTEX
8
Visible
10
206.8851
20
154.1544
30
0
0
VERTEX
8
Visible
10
206.8666
20
154.1615
30
0
0
VERTEX
8
Visible
10
206.8481
20
154.1687
30
0
0
VERTEX
8
Visible
10
206.8298
20
154.1760
30
0
0
VERTEX
8
Visible
10
206.8115
20
154.1835
30
0
0
VERTEX
8
Visible
10
206.7932
20
154.1910
30
0
0
VERTEX
8
Visible
10
206.7750
20
154.1987
30
0
0
VERTEX
8
Visible
10
206.7569
20
154.2065
30
0
0
VERTEX
8
Visible
10
206.7389
20
154.2144
30
0
0
VERTEX
8
Visible
10
206.7209
20
154.2224
30
0
0
VERTEX
8
Visible
10
206.7030
20
154.2304
30
0
0
VERTEX
8
Visible
10
206.6852
20
154.2386
30
0
0
VERTEX
8
Visible
10
206.6675
20
154.2469
30
0
0
VERTEX
8
Visible
10
206.6499
20
154.2554
30
0
0
VERTEX
8
Visible
10
206.6323
20
154.2639
30
0
0
VERTEX
8
Visible
10
206.6148
20
154.2725
30
0
0
VERTEX
8
Visible
10
206.5974
20
154.2812
30
0
0
VERTEX
8
Visible
10
206.5801
20
154.2900
30
0
0
VERTEX
8
Visible
10
206.5629
20
154.2989
30
0
0
VERTEX
8
Visible
10
206.5458
20
154.3079
30
0
0
VERTEX
8
Visible
10
206.5288
20
154.3170
30
0
0
VERTEX
8
Visible
10
206.5119
20
154.3261
30
0
0
VERTEX
8
Visible
10
206.4952
20
154.3354
30
0
0
VERTEX
8
Visible
10
206.4785
20
154.3447
30
0
0
VERTEX
8
Visible
10
206.4619
20
154.3541
30
0
0
VERTEX
8
Visible
10
206.4455
20
154.3636
30
0
0
VERTEX
8
Visible
10
206.4291
20
154.3732
30
0
0
VERTEX
8
Visible
10
206.4129
20
154.3829
30
0
0
VERTEX
8
Visible
10
206.3968
20
154.3926
30
0
0
VERTEX
8
Visible
10
206.3808
20
154.4024
30
0
0
VERTEX
8
Visible
10
206.3649
20
154.4123
30
0
0
VERTEX
8
Visible
10
206.3491
20
154.4223
30
0
0
VERTEX
8
Visible
10
206.3334
20
154.4324
30
0
0
VERTEX
8
Visible
10
206.3179
20
154.4425
30
0
0
VERTEX
8
Visible
10
206.3024
20
154.4527
30
0
0
VERTEX
8
Visible
10
206.2871
20
154.4630
30
0
0
VERTEX
8
Visible
10
206.2719
20
154.4733
30
0
0
VERTEX
8
Visible
10
206.2568
20
154.4837
30
0
0
VERTEX
8
Visible
10
206.2418
20
154.4942
30
0
0
VERTEX
8
Visible
10
206.2270
20
154.5048
30
0
0
VERTEX
8
Visible
10
206.2122
20
154.5154
30
0
0
VERTEX
8
Visible
10
206.1976
20
154.5261
30
0
0
VERTEX
8
Visible
10
206.1831
20
154.5369
30
0
0
VERTEX
8
Visible
10
206.1687
20
154.5477
30
0
0
VERTEX
8
Visible
10
206.1545
20
154.5586
30
0
0
VERTEX
8
Visible
10
206.1403
20
154.5696
30
0
0
VERTEX
8
Visible
10
206.1263
20
154.5806
30
0
0
VERTEX
8
Visible
10
206.1125
20
154.5916
30
0
0
VERTEX
8
Visible
10
206.0987
20
154.6027
30
0
0
VERTEX
8
Visible
10
206.0851
20
154.6139
30
0
0
VERTEX
8
Visible
10
206.0717
20
154.6251
30
0
0
VERTEX
8
Visible
10
206.0584
20
154.6363
30
0
0
VERTEX
8
Visible
10
206.0452
20
154.6476
30
0
0
VERTEX
8
Visible
10
206.0322
20
154.6589
30
0
0
VERTEX
8
Visible
10
206.0193
20
154.6703
30
0
0
VERTEX
8
Visible
10
206.0065
20
154.6817
30
0
0
VERTEX
8
Visible
10
205.9939
20
154.6931
30
0
0
VERTEX
8
Visible
10
205.9814
20
154.7046
30
0
0
VERTEX
8
Visible
10
205.9691
20
154.7161
30
0
0
VERTEX
8
Visible
10
205.9569
20
154.7277
30
0
0
VERTEX
8
Visible
10
205.9448
20
154.7393
30
0
0
VERTEX
8
Visible
10
205.9329
20
154.7509
30
0
0
VERTEX
8
Visible
10
205.9212
20
154.7626
30
0
0
VERTEX
8
Visible
10
205.9095
20
154.7743
30
0
0
VERTEX
8
Visible
10
205.8980
20
154.7860
30
0
0
VERTEX
8
Visible
10
205.8867
20
154.7977
30
0
0
VERTEX
8
Visible
10
205.8754
20
154.8095
30
0
0
VERTEX
8
Visible
10
205.8644
20
154.8213
30
0
0
VERTEX
8
Visible
10
205.8534
20
154.8331
30
0
0
VERTEX
8
Visible
10
205.8426
20
154.8450
30
0
0
VERTEX
8
Visible
10
205.8320
20
154.8568
30
0
0
VERTEX
8
Visible
10
205.8215
20
154.8687
30
0
0
VERTEX
8
Visible
10
205.8111
20
154.8807
30
0
0
VERTEX
8
Visible
10
205.8009
20
154.8926
30
0
0
VERTEX
8
Visible
10
205.7908
20
154.9045
30
0
0
VERTEX
8
Visible
10
205.7808
20
154.9165
30
0
0
VERTEX
8
Visible
10
205.7710
20
154.9285
30
0
0
VERTEX
8
Visible
10
205.7614
20
154.9405
30
0
0
VERTEX
8
Visible
10
205.7518
20
154.9526
30
0
0
VERTEX
8
Visible
10
205.7425
20
154.9646
30
0
0
VERTEX
8
Visible
10
205.7332
20
154.9766
30
0
0
VERTEX
8
Visible
10
205.7241
20
154.9887
30
0
0
VERTEX
8
Visible
10
205.7152
20
155.0008
30
0
0
VERTEX
8
Visible
10
205.7064
20
155.0129
30
0
0
VERTEX
8
Visible
10
205.6977
20
155.0249
30
0
0
VERTEX
8
Visible
10
205.6892
20
155.0370
30
0
0
VERTEX
8
Visible
10
205.6808
20
155.0491
30
0
0
VERTEX
8
Visible
10
205.6726
20
155.0612
30
0
0
VERTEX
8
Visible
10
205.6645
20
155.0733
30
0
0
VERTEX
8
Visible
10
205.6565
20
155.0854
30
0
0
VERTEX
8
Visible
10
205.6487
20
155.0975
30
0
0
VERTEX
8
Visible
10
205.6411
20
155.1095
30
0
0
VERTEX
8
Visible
10
205.6336
20
155.1216
30
0
0
VERTEX
8
Visible
10
205.6262
20
155.1337
30
0
0
VERTEX
8
Visible
10
205.6190
20
155.1458
30
0
0
VERTEX
8
Visible
10
205.6119
20
155.1579
30
0
0
VERTEX
8
Visible
10
205.6050
20
155.1699
30
0
0
VERTEX
8
Visible
10
205.5982
20
155.1820
30
0
0
VERTEX
8
Visible
10
205.5915
20
155.1941
30
0
0
VERTEX
8
Visible
10
205.5850
20
155.2061
30
0
0
VERTEX
8
Visible
10
205.5786
20
155.2181
30
0
0
VERTEX
8
Visible
10
205.5724
20
155.2302
30
0
0
VERTEX
8
Visible
10
205.5663
20
155.2422
30
0
0
VERTEX
8
Visible
10
205.5603
20
155.2542
30
0
0
VERTEX
8
Visible
10
205.5545
20
155.2662
30
0
0
VERTEX
8
Visible
10
205.5489
20
155.2782
30
0
0
VERTEX
8
Visible
10
205.5433
20
155.2902
30
0
0
VERTEX
8
Visible
10
205.5379
20
155.3021
30
0
0
VERTEX
8
Visible
10
205.5327
20
155.3141
30
0
0
VERTEX
8
Visible
10
205.5276
20
155.3260
30
0
0
VERTEX
8
Visible
10
205.5226
20
155.3379
30
0
0
VERTEX
8
Visible
10
205.5178
20
155.3498
30
0
0
VERTEX
8
Visible
10
205.5131
20
155.3617
30
0
0
VERTEX
8
Visible
10
205.5086
20
155.3736
30
0
0
VERTEX
8
Visible
10
205.5041
20
155.3854
30
0
0
VERTEX
8
Visible
10
205.4999
20
155.3973
30
0
0
VERTEX
8
Visible
10
205.4957
20
155.4091
30
0
0
VERTEX
8
Visible
10
205.4917
20
155.4209
30
0
0
VERTEX
8
Visible
10
205.4879
20
155.4326
30
0
0
VERTEX
8
Visible
10
205.4842
20
155.4444
30
0
0
VERTEX
8
Visible
10
205.4806
20
155.4561
30
0
0
VERTEX
8
Visible
10
205.4772
20
155.4678
30
0
0
VERTEX
8
Visible
10
205.4739
20
155.4794
30
0
0
VERTEX
8
Visible
10
205.4707
20
155.4911
30
0
0
VERTEX
8
Visible
10
205.4677
20
155.5027
30
0
0
VERTEX
8
Visible
10
205.4648
20
155.5143
30
0
0
VERTEX
8
Visible
10
205.4620
20
155.5258
30
0
0
VERTEX
8
Visible
10
205.4594
20
155.5374
30
0
0
VERTEX
8
Visible
10
205.4569
20
155.5489
30
0
0
VERTEX
8
Visible
10
205.4546
20
155.5603
30
0
0
VERTEX
8
Visible
10
205.4524
20
155.5718
30
0
0
VERTEX
8
Visible
10
205.4503
20
155.5832
30
0
0
VERTEX
8
Visible
10
205.4484
20
155.5945
30
0
0
VERTEX
8
Visible
10
205.4466
20
155.6059
30
0
0
VERTEX
8
Visible
10
205.4449
20
155.6172
30
0
0
VERTEX
8
Visible
10
205.4434
20
155.6285
30
0
0
VERTEX
8
Visible
10
205.4420
20
155.6397
30
0
0
VERTEX
8
Visible
10
205.4407
20
155.6509
30
0
0
VERTEX
8
Visible
10
205.4396
20
155.6621
30
0
0
VERTEX
8
Visible
10
205.4386
20
155.6732
30
0
0
VERTEX
8
Visible
10
205.4377
20
155.6843
30
0
0
VERTEX
8
Visible
10
205.4370
20
155.6954
30
0
0
VERTEX
8
Visible
10
205.4364
20
155.7064
30
0
0
VERTEX
8
Visible
10
205.4360
20
155.7174
30
0
0
VERTEX
8
Visible
10
205.4357
20
155.7283
30
0
0
VERTEX
8
Visible
10
205.4355
20
155.7392
30
0
0
VERTEX
8
Visible
10
205.4354
20
155.7501
30
0
0
VERTEX
8
Visible
10
205.4355
20
155.7609
30
0
0
VERTEX
8
Visible
10
205.4357
20
155.7717
30
0
0
VERTEX
8
Visible
10
205.4361
20
155.7825
30
0
0
VERTEX
8
Visible
10
205.4365
20
155.7932
30
0
0
VERTEX
8
Visible
10
205.4371
20
155.8038
30
0
0
VERTEX
8
Visible
10
205.4379
20
155.8145
30
0
0
VERTEX
8
Visible
10
205.4388
20
155.8250
30
0
0
VERTEX
8
Visible
10
205.4398
20
155.8356
30
0
0
VERTEX
8
Visible
10
205.4409
20
155.8461
30
0
0
VERTEX
8
Visible
10
205.4422
20
155.8565
30
0
0
VERTEX
8
Visible
10
205.4436
20
155.8669
30
0
0
VERTEX
8
Visible
10
205.4451
20
155.8773
30
0
0
VERTEX
8
Visible
10
205.4468
20
155.8876
30
0
0
VERTEX
8
Visible
10
205.4486
20
155.8978
30
0
0
VERTEX
8
Visible
10
205.4505
20
155.9080
30
0
0
VERTEX
8
Visible
10
205.4526
20
155.9182
30
0
0
VERTEX
8
Visible
10
205.4548
20
155.9283
30
0
0
VERTEX
8
Visible
10
205.4571
20
155.9384
30
0
0
VERTEX
8
Visible
10
205.4595
20
155.9484
30
0
0
VERTEX
8
Visible
10
205.4621
20
155.9584
30
0
0
VERTEX
8
Visible
10
205.4648
20
155.9683
30
0
0
VERTEX
8
Visible
10
205.4677
20
155.9782
30
0
0
VERTEX
8
Visible
10
205.4706
20
155.9880
30
0
0
VERTEX
8
Visible
10
205.4737
20
155.9978
30
0
0
VERTEX
8
Visible
10
205.4769
20
156.0075
30
0
0
VERTEX
8
Visible
10
205.4803
20
156.0171
30
0
0
VERTEX
8
Visible
10
205.4838
20
156.0268
30
0
0
VERTEX
8
Visible
10
205.4874
20
156.0363
30
0
0
VERTEX
8
Visible
10
205.4911
20
156.0458
30
0
0
VERTEX
8
Visible
10
205.4950
20
156.0553
30
0
0
VERTEX
8
Visible
10
205.4990
20
156.0646
30
0
0
VERTEX
8
Visible
10
205.5032
20
156.0740
30
0
0
VERTEX
8
Visible
10
205.5074
20
156.0832
30
0
0
VERTEX
8
Visible
10
205.5118
20
156.0925
30
0
0
VERTEX
8
Visible
10
205.5163
20
156.1016
30
0
0
VERTEX
8
Visible
10
205.5209
20
156.1107
30
0
0
VERTEX
8
Visible
10
205.5257
20
156.1198
30
0
0
VERTEX
8
Visible
10
205.5306
20
156.1288
30
0
0
VERTEX
8
Visible
10
205.5356
20
156.1377
30
0
0
VERTEX
8
Visible
10
205.5408
20
156.1466
30
0
0
VERTEX
8
Visible
10
205.5460
20
156.1554
30
0
0
VERTEX
8
Visible
10
205.5514
20
156.1641
30
0
0
VERTEX
8
Visible
10
205.5570
20
156.1728
30
0
0
VERTEX
8
Visible
10
205.5626
20
156.1814
30
0
0
VERTEX
8
Visible
10
205.5684
20
156.1900
30
0
0
VERTEX
8
Visible
10
205.5743
20
156.1985
30
0
0
VERTEX
8
Visible
10
205.5803
20
156.2069
30
0
0
VERTEX
8
Visible
10
205.5865
20
156.2152
30
0
0
VERTEX
8
Visible
10
205.5928
20
156.2236
30
0
0
VERTEX
8
Visible
10
205.5992
20
156.2318
30
0
0
VERTEX
8
Visible
10
205.6057
20
156.2400
30
0
0
VERTEX
8
Visible
10
205.6124
20
156.2481
30
0
0
VERTEX
8
Visible
10
205.6191
20
156.2561
30
0
0
VERTEX
8
Visible
10
205.6260
20
156.2641
30
0
0
VERTEX
8
Visible
10
205.6331
20
156.2720
30
0
0
VERTEX
8
Visible
10
205.6402
20
156.2798
30
0
0
VERTEX
8
Visible
10
205.6475
20
156.2876
30
0
0
VERTEX
8
Visible
10
205.6549
20
156.2953
30
0
0
VERTEX
8
Visible
10
205.6624
20
156.3029
30
0
0
VERTEX
8
Visible
10
205.6701
20
156.3105
30
0
0
VERTEX
8
Visible
10
205.6778
20
156.3180
30
0
0
VERTEX
8
Visible
10
205.6857
20
156.3254
30
0
0
VERTEX
8
Visible
10
205.6937
20
156.3328
30
0
0
VERTEX
8
Visible
10
205.7019
20
156.3401
30
0
0
VERTEX
8
Visible
10
205.7101
20
156.3473
30
0
0
VERTEX
8
Visible
10
205.7185
20
156.3544
30
0
0
VERTEX
8
Visible
10
205.7270
20
156.3615
30
0
0
VERTEX
8
Visible
10
205.7357
20
156.3685
30
0
0
VERTEX
8
Visible
10
205.7444
20
156.3754
30
0
0
VERTEX
8
Visible
10
205.7533
20
156.3823
30
0
0
VERTEX
8
Visible
10
205.7623
20
156.3890
30
0
0
VERTEX
8
Visible
10
205.7714
20
156.3957
30
0
0
VERTEX
8
Visible
10
205.7806
20
156.4024
30
0
0
VERTEX
8
Visible
10
205.7900
20
156.4089
30
0
0
VERTEX
8
Visible
10
205.7995
20
156.4154
30
0
0
VERTEX
8
Visible
10
205.8090
20
156.4218
30
0
0
VERTEX
8
Visible
10
205.8188
20
156.4281
30
0
0
VERTEX
8
Visible
10
205.8286
20
156.4344
30
0
0
VERTEX
8
Visible
10
205.8386
20
156.4405
30
0
0
VERTEX
8
Visible
10
205.8486
20
156.4466
30
0
0
VERTEX
8
Visible
10
205.8588
20
156.4527
30
0
0
VERTEX
8
Visible
10
205.8692
20
156.4586
30
0
0
VERTEX
8
Visible
10
205.8796
20
156.4644
30
0
0
VERTEX
8
Visible
10
205.8902
20
156.4702
30
0
0
VERTEX
8
Visible
10
205.9008
20
156.4759
30
0
0
VERTEX
8
Visible
10
205.9116
20
156.4815
30
0
0
VERTEX
8
Visible
10
205.9225
20
156.4871
30
0
0
VERTEX
8
Visible
10
205.9336
20
156.4925
30
0
0
VERTEX
8
Visible
10
205.9447
20
156.4979
30
0
0
VERTEX
8
Visible
10
205.9560
20
156.5032
30
0
0
VERTEX
8
Visible
10
205.9673
20
156.5084
30
0
0
VERTEX
8
Visible
10
205.9788
20
156.5135
30
0
0
VERTEX
8
Visible
10
205.9904
20
156.5185
30
0
0
VERTEX
8
Visible
10
206.0021
20
156.5235
30
0
0
VERTEX
8
Visible
10
206.0140
20
156.5283
30
0
0
VERTEX
8
Visible
10
206.0259
20
156.5331
30
0
0
VERTEX
8
Visible
10
206.0379
20
156.5378
30
0
0
VERTEX
8
Visible
10
206.0501
20
156.5424
30
0
0
VERTEX
8
Visible
10
206.0624
20
156.5469
30
0
0
VERTEX
8
Visible
10
206.0748
20
156.5513
30
0
0
VERTEX
8
Visible
10
206.0873
20
156.5556
30
0
0
VERTEX
8
Visible
10
206.0999
20
156.5599
30
0
0
VERTEX
8
Visible
10
206.1126
20
156.5640
30
0
0
VERTEX
8
Visible
10
206.1254
20
156.5681
30
0
0
VERTEX
8
Visible
10
206.1383
20
156.5721
30
0
0
VERTEX
8
Visible
10
206.1514
20
156.5760
30
0
0
VERTEX
8
Visible
10
206.1645
20
156.5798
30
0
0
VERTEX
8
Visible
10
206.1778
20
156.5835
30
0
0
VERTEX
8
Visible
10
206.1912
20
156.5871
30
0
0
VERTEX
8
Visible
10
206.2046
20
156.5906
30
0
0
VERTEX
8
Visible
10
206.2182
20
156.5941
30
0
0
VERTEX
8
Visible
10
206.2319
20
156.5974
30
0
0
VERTEX
8
Visible
10
206.2457
20
156.6007
30
0
0
VERTEX
8
Visible
10
206.2596
20
156.6038
30
0
0
VERTEX
8
Visible
10
206.2736
20
156.6069
30
0
0
VERTEX
8
Visible
10
206.2877
20
156.6099
30
0
0
VERTEX
8
Visible
10
206.3020
20
156.6127
30
0
0
VERTEX
8
Visible
10
206.3163
20
156.6155
30
0
0
VERTEX
8
Visible
10
206.3307
20
156.6182
30
0
0
VERTEX
8
Visible
10
206.3453
20
156.6208
30
0
0
VERTEX
8
Visible
10
206.3599
20
156.6233
30
0
0
VERTEX
8
Visible
10
206.3746
20
156.6257
30
0
0
VERTEX
8
Visible
10
206.3895
20
156.6280
30
0
0
VERTEX
8
Visible
10
206.4044
20
156.6302
30
0
0
VERTEX
8
Visible
10
206.4195
20
156.6323
30
0
0
VERTEX
8
Visible
10
206.4346
20
156.6343
30
0
0
VERTEX
8
Visible
10
206.4499
20
156.6362
30
0
0
VERTEX
8
Visible
10
206.4652
20
156.6380
30
0
0
VERTEX
8
Visible
10
206.4806
20
156.6397
30
0
0
VERTEX
8
Visible
10
206.4962
20
156.6413
30
0
0
VERTEX
8
Visible
10
206.5118
20
156.6428
30
0
0
VERTEX
8
Visible
10
206.5275
20
156.6443
30
0
0
VERTEX
8
Visible
10
206.5432
20
156.6456
30
0
0
VERTEX
8
Visible
10
206.5591
20
156.6468
30
0
0
VERTEX
8
Visible
10
206.5751
20
156.6479
30
0
0
VERTEX
8
Visible
10
206.5911
20
156.6489
30
0
0
VERTEX
8
Visible
10
206.6073
20
156.6498
30
0
0
VERTEX
8
Visible
10
206.6235
20
156.6506
30
0
0
VERTEX
8
Visible
10
206.6398
20
156.6513
30
0
0
VERTEX
8
Visible
10
206.6562
20
156.6519
30
0
0
VERTEX
8
Visible
10
206.6726
20
156.6524
30
0
0
VERTEX
8
Visible
10
206.6892
20
156.6528
30
0
0
VERTEX
8
Visible
10
206.7058
20
156.6530
30
0
0
VERTEX
8
Visible
10
206.7225
20
156.6532
30
0
0
VERTEX
8
Visible
10
206.7393
20
156.6533
30
0
0
VERTEX
8
Visible
10
206.7562
20
156.6533
30
0
0
VERTEX
8
Visible
10
206.7731
20
156.6531
30
0
0
VERTEX
8
Visible
10
206.7902
20
156.6529
30
0
0
VERTEX
8
Visible
10
206.8073
20
156.6526
30
0
0
VERTEX
8
Visible
10
206.8244
20
156.6521
30
0
0
VERTEX
8
Visible
10
206.8417
20
156.6516
30
0
0
VERTEX
8
Visible
10
206.8590
20
156.6509
30
0
0
VERTEX
8
Visible
10
206.8764
20
156.6501
30
0
0
VERTEX
8
Visible
10
206.8939
20
156.6493
30
0
0
VERTEX
8
Visible
10
206.9115
20
156.6483
30
0
0
VERTEX
8
Visible
10
206.9291
20
156.6472
30
0
0
VERTEX
8
Visible
10
206.9468
20
156.6460
30
0
0
VERTEX
8
Visible
10
206.9645
20
156.6447
30
0
0
VERTEX
8
Visible
10
206.9824
20
156.6433
30
0
0
VERTEX
8
Visible
10
207.0003
20
156.6418
30
0
0
VERTEX
8
Visible
10
207.0182
20
156.6402
30
0
0
VERTEX
8
Visible
10
207.0362
20
156.6385
30
0
0
VERTEX
8
Visible
10
207.0542
20
156.6366
30
0
0
VERTEX
8
Visible
10
207.0723
20
156.6347
30
0
0
VERTEX
8
Visible
10
207.0904
20
156.6326
30
0
0
VERTEX
8
Visible
10
207.1086
20
156.6305
30
0
0
VERTEX
8
Visible
10
207.1268
20
156.6282
30
0
0
VERTEX
8
Visible
10
207.1451
20
156.6259
30
0
0
VERTEX
8
Visible
10
207.1634
20
156.6234
30
0
0
VERTEX
8
Visible
10
207.1817
20
156.6208
30
0
0
VERTEX
8
Visible
10
207.2001
20
156.6182
30
0
0
VERTEX
8
Visible
10
207.2186
20
156.6154
30
0
0
VERTEX
8
Visible
10
207.2370
20
156.6125
30
0
0
VERTEX
8
Visible
10
207.2555
20
156.6095
30
0
0
VERTEX
8
Visible
10
207.2741
20
156.6064
30
0
0
VERTEX
8
Visible
10
207.2927
20
156.6032
30
0
0
VERTEX
8
Visible
10
207.3113
20
156.5998
30
0
0
VERTEX
8
Visible
10
207.3299
20
156.5964
30
0
0
VERTEX
8
Visible
10
207.3486
20
156.5929
30
0
0
VERTEX
8
Visible
10
207.3673
20
156.5892
30
0
0
VERTEX
8
Visible
10
207.3860
20
156.5855
30
0
0
VERTEX
8
Visible
10
207.4048
20
156.5816
30
0
0
VERTEX
8
Visible
10
207.4236
20
156.5777
30
0
0
VERTEX
8
Visible
10
207.4424
20
156.5736
30
0
0
VERTEX
8
Visible
10
207.4613
20
156.5695
30
0
0
VERTEX
8
Visible
10
207.4801
20
156.5652
30
0
0
VERTEX
8
Visible
10
207.4990
20
156.5608
30
0
0
VERTEX
8
Visible
10
207.5179
20
156.5563
30
0
0
VERTEX
8
Visible
10
207.5369
20
156.5517
30
0
0
VERTEX
8
Visible
10
207.5558
20
156.5470
30
0
0
VERTEX
8
Visible
10
207.5748
20
156.5422
30
0
0
VERTEX
8
Visible
10
207.5938
20
156.5373
30
0
0
VERTEX
8
Visible
10
207.6127
20
156.5323
30
0
0
VERTEX
8
Visible
10
207.6317
20
156.5272
30
0
0
VERTEX
8
Visible
10
207.6506
20
156.5220
30
0
0
VERTEX
8
Visible
10
207.6696
20
156.5167
30
0
0
VERTEX
8
Visible
10
207.6885
20
156.5113
30
0
0
VERTEX
8
Visible
10
207.7075
20
156.5058
30
0
0
VERTEX
8
Visible
10
207.7264
20
156.5002
30
0
0
VERTEX
8
Visible
10
207.7453
20
156.4944
30
0
0
VERTEX
8
Visible
10
207.7642
20
156.4886
30
0
0
VERTEX
8
Visible
10
207.7831
20
156.4827
30
0
0
VERTEX
8
Visible
10
207.8020
20
156.4767
30
0
0
VERTEX
8
Visible
10
207.8209
20
156.4706
30
0
0
VERTEX
8
Visible
10
207.8397
20
156.4644
30
0
0
VERTEX
8
Visible
10
207.8585
20
156.4581
30
0
0
VERTEX
8
Visible
10
207.8773
20
156.4517
30
0
0
VERTEX
8
Visible
10
207.8961
20
156.4453
30
0
0
VERTEX
8
Visible
10
207.9148
20
156.4387
30
0
0
SEQEND
8
Visible
0
POLYLINE
8
Visible
66
1
70
0
10
0
20
0
30
0
0
VERTEX
8
Visible
10
211.5655
20
154.7966
30
0
0
VERTEX
8
Visible
10
211.5829
20
154.7869
30
0
0
VERTEX
8
Visible
10
211.6002
20
154.7772
30
0
0
VERTEX
8
Visible
10
211.6175
20
154.7673
30
0
0
VERTEX
8
Visible
10
211.6347
20
154.7574
30
0
0
VERTEX
8
Visible
10
211.6519
20
154.7474
30
0
0
VERTEX
8
Visible
10
211.6690
20
154.7373
30
0
0
VERTEX
8
Visible
10
211.6861
20
154.7272
30
0
0
VERTEX
8
Visible
10
211.7031
20
154.7169
30
0
0
VERTEX
8
Visible
10
211.7200
20
154.7066
30
0
0
VERTEX
8
Visible
10
211.7369
20
154.6963
30
0
0
VERTEX
8
Visible
10
211.7537
20
154.6858
30
0
0
VERTEX
8
Visible
10
211.7704
20
154.6753
30
0
0
VERTEX
8
Visible
10
211.7871
20
154.6647
30
0
0
VERTEX
8
Visible
10
211.8037
20
154.6540
30
0
0
VERTEX
8
Visible
10
211.8202
20
154.6433
30
0
0
VERTEX
8
Visible
10
211.8367
20
154.6325
30
0
0
VERTEX
8
Visible
10
211.8531
20
154.6216
30
0
0
VERTEX
8
Visible
10
211.8694
20
154.6107
30
0
0
VERTEX
8
Visible
10
211.8857
20
154.5997
30
0
0
VERTEX
8
Visible
10
211.9018
20
154.5887
30
0
0
VERTEX
8
Visible
10
211.9179
20
154.5776
30
0
0
VERTEX
8
Visible
10
211.9338
20
154.5664
30
0
0
VERTEX
8
Visible
10
211.9497
20
154.5552
30
0
0
VERTEX
8
Visible
10
211.9655
20
154.5439
30
0
0
VERTEX
8
Visible
10
211.9813
20
154.5326
30
0
0
VERTEX
8
Visible
10
211.9969
20
154.5212
30
0
0
VERTEX
8
Visible
10
212.0124
20
154.5098
30
0
0
VERTEX
8
Visible
10
212.0279
20
154.4983
30
0
0
VERTEX
8
Visible
10
212.0432
20
154.4868
30
0
0
VERTEX
8
Visible
10
212.0585
20
154.4752
30
0
0
VERTEX
8
Visible
10
212.0737
20
154.4636
30
0
0
VERTEX
8
Visible
10
212.0887
20
154.4519
30
0
0
VERTEX
8
Visible
10
212.1037
20
154.4402
30
0
0
VERTEX
8
Visible
10
212.1186
20
154.4284
30
0
0
VERTEX
8
Visible
10
212.1334
20
154.4166
30
0
0
VERTEX
8
Visible
10
212.1481
20
154.4048
30
0
0
VERTEX
8
Visible
10
212.1627
20
154.3929
30
0
0
VERTEX
8
Visible
10
212.1772
20
154.3809
30
0
0
VERTEX
8
Visible
10
212.1916
20
154.3690
30
0
0
VERTEX
8
Visible
10
212.2059
20
154.3569
30
0
0
VERTEX
8
Visible
10
212.2201
20
154.3449
30
0
0
VERTEX
8
Visible
10
212.2342
20
154.3328
30
0
0
VERTEX
8
Visible
10
212.2482
20
154.3206
30
0
0
VERTEX
8
Visible
10
212.2621
20
154.3085
30
0
0
VERTEX
8
Visible
10
212.2759
20
154.2963
30
0
0
VERTEX
8
Visible
10
212.2896
20
154.2840
30
0
0
VERTEX
8
Visible
10
212.3031
20
154.2718
30
0
0
VERTEX
8
Visible
10
212.3166
20
154.2595
30
0
0
VERTEX
8
Visible
10
212.3299
20
154.2472
30
0
0
VERTEX
8
Visible
10
212.3431
20
154.2349
30
0
0
VERTEX
8
Visible
10
212.3562
20
154.2225
30
0
0
VERTEX
8
Visible
10
212.3692
20
154.2101
30
0
0
VERTEX
8
Visible
10
212.3820
20
154.1977
30
0
0
VERTEX
8
Visible
10
212.3948
20
154.1853
30
0
0
VERTEX
8
Visible
10
212.4074
20
154.1729
30
0
0
VERTEX
8
Visible
10
212.4199
20
154.1604
30
0
0
VERTEX
8
Visible
10
212.4323
20
154.1480
30
0
0
VERTEX
8
Visible
10
212.4446
20
154.1355
30
0
0
VERTEX
8
Visible
10
212.4568
20
154.1230
30
0
0
VERTEX
8
Visible
10
212.4688
20
154.1104
30
0
0
VERTEX
8
Visible
10
212.4807
20
154.0979
30
0
0
VERTEX
8
Visible
10
212.4925
20
154.0853
30
0
0
VERTEX
8
Visible
10
212.5042
20
154.0728
30
0
0
VERTEX
8
Visible
10
212.5158
20
154.0602
30
0
0
VERTEX
8
Visible
10
212.5272
20
154.0476
30
0
0
VERTEX
8
Visible
10
212.5386
20
154.0350
30
0
0
VERTEX
8
Visible
10
212.5498
20
154.0224
30
0
0
VERTEX
8
Visible
10
212.5609
20
154.0097
30
0
0
VERTEX
8
Visible
10
212.5718
20
153.9971
30
0
0
VERTEX
8
Visible
10
212.5827
20
153.9844
30
0
0
VERTEX
8
Visible
10
212.5934
20
153.9718
30
0
0
VERTEX
8
Visible
10
212.6040
20
153.9591
30
0
0
VERTEX
8
Visible
10
212.6144
20
153.9464
30
0
0
VERTEX
8
Visible
10
212.6248
20
153.9337
30
0
0
VERTEX
8
Visible
10
212.6350
20
153.9210
30
0
0
VERTEX
8
Visible
10
212.6451
20
153.9083
30
0
0
VERTEX
8
Visible
10
212.6551
20
153.8956
30
0
0
VERTEX
8
Visible
10
212.6650
20
153.8829
30
0
0
VERTEX
8
Visible
10
212.6747
20
153.8702
30
0
0
VERTEX
8
Visible
10
212.6843
20
153.8575
30
0
0
VERTEX
8
Visible
10
212.6938
20
153.8448
30
0
0
VERTEX
8
Visible
10
212.7031
20
153.8321
30
0
0
VERTEX
8
Visible
10
212.7123
20
153.8194
30
0
0
VERTEX
8
Visible
10
212.7214
20
153.8067
30
0
0
VERTEX
8
Visible
10
212.7304
20
153.7940
30
0
0
VERTEX
8
Visible
10
212.7392
20
153.7813
30
0
0
VERTEX
8
Visible
10
212.7479
20
153.7686
30
0
0
VERTEX
8
Visible
10
212.7565
20
153.7559
30
0
0
VERTEX
8
Visible
10
212.7650
20
153.7432
30
0
0
VERTEX
8
Visible
10
212.7733
20
153.7306
30
0
0
VERTEX
8
Visible
10
212.7814
20
153.7179
30
0
0
VERTEX
8
Visible
10
212.7895
20
153.7053
30
0
0
VERTEX
8
Visible
10
212.7974
20
153.6927
30
0
0
VERTEX
8
Visible
10
212.8052
20
153.6801
30
0
0
VERTEX
8
Visible
10
212.8128
20
153.6675
30
0
0
VERTEX
8
Visible
10
212.8204
20
153.6549
30
0
0
VERTEX
8
Visible
10
212.8278
20
153.6423
30
0
0
VERTEX
8
Visible
10
212.8350
20
153.6297
30
0
0
VERTEX
8
Visible
10
212.8421
20
153.6172
30
0
0
VERTEX
8
Visible
10
212.8491
20
153.6046
30
0
0
VERTEX
8
Visible
10
212.8560
20
153.5921
30
0
0
VERTEX
8
Visible
10
212.8627
20
153.5796
30
0
0
VERTEX
8
Visible
10
212.8693
20
153.5671
30
0
0
VERTEX
8
Visible
10
212.8758
20
153.5547
30
0
0
VERTEX
8
Visible
10
212.8821
20
153.5422
30
0
0
VERTEX
8
Visible
10
212.8884
20
153.5298
30
0
0
VERTEX
8
Visible
10
212.8944
20
153.5174
30
0
0
VERTEX
8
Visible
10
212.9004
20
153.5050
30
0
0
VERTEX
8
Visible
10
212.9062
20
153.4926
30
0
0
VERTEX
8
Visible
10
212.9119
20
153.4803
30
0
0
VERTEX
8
Visible
10
212.9174
20
153.4679
30
0
0
VERTEX
8
Visible
10
212.9228
20
153.4556
30
0
0
VERTEX
8
Visible
10
212.9281
20
153.4433
30
0
0
VERTEX
8
Visible
10
212.9333
20
153.4311
30
0
0
VERTEX
8
Visible
10
212.9383
20
153.4188
30
0
0
VERTEX
8
Visible
10
212.9432
20
153.4066
30
0
0
VERTEX
8
Visible
10
212.9479
20
153.3944
30
0
0
VERTEX
8
Visible
10
212.9526
20
153.3822
30
0
0
VERTEX
8
Visible
10
212.9570
20
153.3701
30
0
0
VERTEX
8
Visible
10
212.9614
20
153.3579
30
0
0
VERTEX
8
Visible
10
212.9656
20
153.3458
30
0
0
VERTEX
8
Visible
10
212.9697
20
153.3338
30
0
0
VERTEX
8
Visible
10
212.9737
20
153.3217
30
0
0
VERTEX
8
Visible
10
212.9775
20
153.3097
30
0
0
VERTEX
8
Visible
10
212.9812
20
153.2977
30
0
0
VERTEX
8
Visible
10
212.9848
20
153.2857
30
0
0
VERTEX
8
Visible
10
212.9882
20
153.2738
30
0
0
VERTEX
8
Visible
10
212.9915
20
153.2619
30
0
0
VERTEX
8
Visible
10
212.9947
20
153.2500
30
0
0
VERTEX
8
Visible
10
212.9977
20
153.2382
30
0
0
VERTEX
8
Visible
10
213.0006
20
153.2264
30
0
0
VERTEX
8
Visible
10
213.0034
20
153.2146
30
0
0
VERTEX
8
Visible
10
213.0061
20
153.2029
30
0
0
VERTEX
8
Visible
10
213.0086
20
153.1911
30
0
0
VERTEX
8
Visible
10
213.0109
20
153.1795
30
0
0
VERTEX
8
Visible
10
213.0132
20
153.1678
30
0
0
VERTEX
8
Visible
10
213.0153
20
153.1562
30
0
0
VERTEX
8
Visible
10
213.0173
20
153.1446
30
0
0
VERTEX
8
Visible
10
213.0191
20
153.1331
30
0
0
VERTEX
8
Visible
10
213.0208
20
153.1216
30
0
0
VERTEX
8
Visible
10
213.0224
20
153.1102
30
0
0
VERTEX
8
Visible
10
213.0239
20
153.0987
30
0
0
VERTEX
8
Visible
10
213.0252
20
153.0874
30
0
0
VERTEX
8
Visible
10
213.0264
20
153.0760
30
0
0
VERTEX
8
Visible
10
213.0274
20
153.0647
30
0
0
VERTEX
8
Visible
10
213.0283
20
153.0535
30
0
0
VERTEX
8
Visible
10
213.0291
20
153.0422
30
0
0
VERTEX
8
Visible
10
213.0298
20
153.0310
30
0
0
VERTEX
8
Visible
10
213.0303
20
153.0199
30
0
0
VERTEX
8
Visible
10
213.0307
20
153.0088
30
0
0
VERTEX
8
Visible
10
213.0310
20
152.9978
30
0
0
VERTEX
8
Visible
10
213.0311
20
152.9867
30
0
0
VERTEX
8
Visible
10
213.0311
20
152.9758
30
0
0
VERTEX
8
Visible
10
213.0310
20
152.9648
30
0
0
VERTEX
8
Visible
10
213.0307
20
152.9540
30
0
0
VERTEX
8
Visible
10
213.0303
20
152.9431
30
0
0
VERTEX
8
Visible
10
213.0298
20
152.9323
30
0
0
VERTEX
8
Visible
10
213.0292
20
152.9216
30
0
0
VERTEX
8
Visible
10
213.0284
20
152.9109
30
0
0
VERTEX
8
Visible
10
213.0275
20
152.9002
30
0
0
VERTEX
8
Visible
10
213.0264
20
152.8896
30
0
0
VERTEX
8
Visible
10
213.0253
20
152.8791
30
0
0
VERTEX
8
Visible
10
213.0240
20
152.8686
30
0
0
VERTEX
8
Visible
10
213.0225
20
152.8581
30
0
0
VERTEX
8
Visible
10
213.0210
20
152.8477
30
0
0
VERTEX
8
Visible
10
213.0193
20
152.8373
30
0
0
VERTEX
8
Visible
10
213.0175
20
152.8270
30
0
0
VERTEX
8
Visible
10
213.0155
20
152.8167
30
0
0
VERTEX
8
Visible
10
213.0134
20
152.8065
30
0
0
VERTEX
8
Visible
10
213.0112
20
152.7964
30
0
0
VERTEX
8
Visible
10
213.0089
20
152.7863
30
0
0
VERTEX
8
Visible
10
213.0064
20
152.7762
30
0
0
VERTEX
8
Visible
10
213.0038
20
152.7662
30
0
0
VERTEX
8
Visible
10
213.0011
20
152.7562
30
0
0
VERTEX
8
Visible
10
212.9983
20
152.7463
30
0
0
VERTEX
8
Visible
10
212.9953
20
152.7365
30
0
0
VERTEX
8
Visible
10
212.9922
20
152.7267
30
0
0
VERTEX
8
Visible
10
212.9889
20
152.7170
30
0
0
VERTEX
8
Visible
10
212.9856
20
152.7073
30
0
0
VERTEX
8
Visible
10
212.9821
20
152.6977
30
0
0
VERTEX
8
Visible
10
212.9784
20
152.6881
30
0
0
VERTEX
8
Visible
10
212.9747
20
152.6786
30
0
0
VERTEX
8
Visible
10
212.9708
20
152.6691
30
0
0
VERTEX
8
Visible
10
212.9668
20
152.6597
30
0
0
VERTEX
8
Visible
10
212.9627
20
152.6504
30
0
0
VERTEX
8
Visible
10
212.9584
20
152.6411
30
0
0
VERTEX
8
Visible
10
212.9540
20
152.6319
30
0
0
VERTEX
8
Visible
10
212.9495
20
152.6227
30
0
0
VERTEX
8
Visible
10
212.9448
20
152.6136
30
0
0
VERTEX
8
Visible
10
212.9401
20
152.6046
30
0
0
VERTEX
8
Visible
10
212.9352
20
152.5956
30
0
0
VERTEX
8
Visible
10
212.9301
20
152.5867
30
0
0
VERTEX
8
Visible
10
212.9250
20
152.5778
30
0
0
VERTEX
8
Visible
10
212.9197
20
152.5690
30
0
0
VERTEX
8
Visible
10
212.9143
20
152.5603
30
0
0
VERTEX
8
Visible
10
212.9088
20
152.5517
30
0
0
VERTEX
8
Visible
10
212.9031
20
152.5431
30
0
0
VERTEX
8
Visible
10
212.8973
20
152.5345
30
0
0
VERTEX
8
Visible
10
212.8914
20
152.5261
30
0
0
VERTEX
8
Visible
10
212.8854
20
152.5177
30
0
0
VERTEX
8
Visible
10
212.8792
20
152.5093
30
0
0
VERTEX
8
Visible
10
212.8729
20
152.5011
30
0
0
VERTEX
8
Visible
10
212.8665
20
152.4929
30
0
0
VERTEX
8
Visible
10
212.8600
20
152.4847
30
0
0
VERTEX
8
Visible
10
212.8533
20
152.4767
30
0
0
VERTEX
8
Visible
10
212.8465
20
152.4687
30
0
0
VERTEX
8
Visible
10
212.8396
20
152.4608
30
0
0
VERTEX
8
Visible
10
212.8326
20
152.4529
30
0
0
VERTEX
8
Visible
10
212.8254
20
152.4452
30
0
0
VERTEX
8
Visible
10
212.8181
20
152.4375
30
0
0
VERTEX
8
Visible
10
212.8107
20
152.4298
30
0
0
VERTEX
8
Visible
10
212.8032
20
152.4223
30
0
0
VERTEX
8
Visible
10
212.7956
20
152.4148
30
0
0
VERTEX
8
Visible
10
212.7878
20
152.4074
30
0
0
VERTEX
8
Visible
10
212.7799
20
152.4001
30
0
0
VERTEX
8
Visible
10
212.7719
20
152.3928
30
0
0
VERTEX
8
Visible
10
212.7637
20
152.3856
30
0
0
VERTEX
8
Visible
10
212.7554
20
152.3785
30
0
0
VERTEX
8
Visible
10
212.7471
20
152.3715
30
0
0
VERTEX
8
Visible
10
212.7385
20
152.3646
30
0
0
VERTEX
8
Visible
10
212.7299
20
152.3577
30
0
0
VERTEX
8
Visible
10
212.7212
20
152.3509
30
0
0
VERTEX
8
Visible
10
212.7123
20
152.3442
30
0
0
VERTEX
8
Visible
10
212.7033
20
152.3376
30
0
0
VERTEX
8
Visible
10
212.6942
20
152.3311
30
0
0
VERTEX
8
Visible
10
212.6849
20
152.3246
30
0
0
VERTEX
8
Visible
10
212.6756
20
152.3182
30
0
0
VERTEX
8
Visible
10
212.6661
20
152.3119
30
0
0
VERTEX
8
Visible
10
212.6565
20
152.3057
30
0
0
VERTEX
8
Visible
10
212.6468
20
152.2996
30
0
0
VERTEX
8
Visible
10
212.6369
20
152.2935
30
0
0
VERTEX
8
Visible
10
212.6269
20
152.2876
30
0
0
VERTEX
8
Visible
10
212.6169
20
152.2817
30
0
0
VERTEX
8
Visible
10
212.6067
20
152.2759
30
0
0
VERTEX
8
Visible
10
212.5963
20
152.2702
30
0
0
VERTEX
8
Visible
10
212.5859
20
152.2646
30
0
0
VERTEX
8
Visible
10
212.5753
20
152.2591
30
0
0
VERTEX
8
Visible
10
212.5647
20
152.2537
30
0
0
VERTEX
8
Visible
10
212.5539
20
152.2483
30
0
0
VERTEX
8
Visible
10
212.5430
20
152.2431
30
0
0
VERTEX
8
Visible
10
212.5319
20
152.2379
30
0
0
VERTEX
8
Visible
10
212.5208
20
152.2329
30
0
0
VERTEX
8
Visible
10
212.5095
20
152.2279
30
0
0
VERTEX
8
Visible
10
212.4981
20
152.2231
30
0
0
VERTEX
8
Visible
10
212.4867
20
152.2183
30
0
0
VERTEX
8
Visible
10
212.4751
20
152.2136
30
0
0
VERTEX
8
Visible
10
212.4633
20
152.2090
30
0
0
VERTEX
8
Visible
10
212.4515
20
152.2045
30
0
0
VERTEX
8
Visible
10
212.4396
20
152.2002
30
0
0
VERTEX
8
Visible
10
212.4275
20
152.1959
30
0
0
VERTEX
8
Visible
10
212.4153
20
152.1917
30
0
0
VERTEX
8
Visible
10
212.4030
20
152.1876
30
0
0
VERTEX
8
Visible
10
212.3906
20
152.1836
30
0
0
VERTEX
8
Visible
10
212.3781
20
152.1797
30
0
0
VERTEX
8
Visible
10
212.3655
20
152.1760
30
0
0
VERTEX
8
Visible
10
212.3528
20
152.1723
30
0
0
VERTEX
8
Visible
10
212.3400
20
152.1687
30
0
0
VERTEX
8
Visible
10
212.3270
20
152.1653
30
0
0
VERTEX
8
Visible
10
212.3140
20
152.1619
30
0
0
VERTEX
8
Visible
10
212.3008
20
152.1587
30
0
0
VERTEX
8
Visible
10
212.2875
20
152.1555
30
0
0
VERTEX
8
Visible
10
212.2741
20
152.1525
30
0
0
VERTEX
8
Visible
10
212.2606
20
152.1496
30
0
0
VERTEX
8
Visible
10
212.2470
20
152.1467
30
0
0
VERTEX
8
Visible
10
212.2333
20
152.1440
30
0
0
VERTEX
8
Visible
10
212.2195
20
152.1415
30
0
0
VERTEX
8
Visible
10
212.2056
20
152.1390
30
0
0
VERTEX
8
Visible
10
212.1916
20
152.1366
30
0
0
VERTEX
8
Visible
10
212.1775
20
152.1344
30
0
0
VERTEX
8
Visible
10
212.1632
20
152.1322
30
0
0
VERTEX
8
Visible
10
212.1489
20
152.1302
30
0
0
VERTEX
8
Visible
10
212.1345
20
152.1283
30
0
0
VERTEX
8
Visible
10
212.1199
20
152.1265
30
0
0
VERTEX
8
Visible
10
212.1053
20
152.1249
30
0
0
VERTEX
8
Visible
10
212.0905
20
152.1233
30
0
0
VERTEX
8
Visible
10
212.0757
20
152.1219
30
0
0
VERTEX
8
Visible
10
212.0608
20
152.1206
30
0
0
VERTEX
8
Visible
10
212.0457
20
152.1194
30
0
0
VERTEX
8
Visible
10
212.0306
20
152.1183
30
0
0
VERTEX
8
Visible
10
212.0154
20
152.1174
30
0
0
VERTEX
8
Visible
10
212.0001
20
152.1166
30
0
0
VERTEX
8
Visible
10
211.9847
20
152.1159
30
0
0
VERTEX
8
Visible
10
211.9692
20
152.1153
30
0
0
VERTEX
8
Visible
10
211.9537
20
152.1149
30
0
0
VERTEX
8
Visible
10
211.9380
20
152.1146
30
0
0
VERTEX
8
Visible
10
211.9223
20
152.1144
30
0
0
VERTEX
8
Visible
10
211.9065
20
152.1143
30
0
0
VERTEX
8
Visible
10
211.8906
20
152.1144
30
0
0
VERTEX
8
Visible
10
211.8746
20
152.1146
30
0
0
VERTEX
8
Visible
10
211.8585
20
152.1149
30
0
0
VERTEX
8
Visible
10
211.8424
20
152.1154
30
0
0
VERTEX
8
Visible
10
211.8261
20
152.1160
30
0
0
VERTEX
8
Visible
10
211.8098
20
152.1167
30
0
0
VERTEX
8
Visible
10
211.7934
20
152.1176
30
0
0
VERTEX
8
Visible
10
211.7770
20
152.1186
30
0
0
VERTEX
8
Visible
10
211.7604
20
152.1197
30
0
0
VERTEX
8
Visible
10
211.7438
20
152.1210
30
0
0
VERTEX
8
Visible
10
211.7271
20
152.1224
30
0
0
VERTEX
8
Visible
10
211.7103
20
152.1239
30
0
0
VERTEX
8
Visible
10
211.6935
20
152.1256
30
0
0
VERTEX
8
Visible
10
211.6766
20
152.1274
30
0
0
VERTEX
8
Visible
10
211.6596
20
152.1293
30
0
0
VERTEX
8
Visible
10
211.6425
20
152.1314
30
0
0
VERTEX
8
Visible
10
211.6254
20
152.1336
30
0
0
VERTEX
8
Visible
10
211.6082
20
152.1360
30
0
0
VERTEX
8
Visible
10
211.5909
20
152.1385
30
0
0
VERTEX
8
Visible
10
211.5736
20
152.1412
30
0
0
VERTEX
8
Visible
10
211.5562
20
152.1439
30
0
0
VERTEX
8
Visible
10
211.5388
20
152.1469
30
0
0
VERTEX
8
Visible
10
211.5214
20
152.1499
30
0
0
VERTEX
8
Visible
10
211.5039
20
152.1531
30
0
0
VERTEX
8
Visible
10
211.4863
20
152.1565
30
0
0
VERTEX
8
Visible
10
211.4688
20
152.1600
30
0
0
VERTEX
8
Visible
10
211.4512
20
152.1636
30
0
0
VERTEX
8
Visible
10
211.4335
20
152.1674
30
0
0
VERTEX
8
Visible
10
211.4158
20
152.1713
30
0
0
VERTEX
8
Visible
10
211.3981
20
152.1753
30
0
0
VERTEX
8
Visible
10
211.3804
20
152.1795
30
0
0
VERTEX
8
Visible
10
211.3626
20
152.1838
30
0
0
VERTEX
8
Visible
10
211.3448
20
152.1883
30
0
0
VERTEX
8
Visible
10
211.3270
20
152.1929
30
0
0
VERTEX
8
Visible
10
211.3091
20
152.1976
30
0
0
VERTEX
8
Visible
10
211.2912
20
152.2025
30
0
0
VERTEX
8
Visible
10
211.2733
20
152.2075
30
0
0
VERTEX
8
Visible
10
211.2553
20
152.2127
30
0
0
VERTEX
8
Visible
10
211.2374
20
152.2180
30
0
0
VERTEX
8
Visible
10
211.2194
20
152.2235
30
0
0
VERTEX
8
Visible
10
211.2014
20
152.2291
30
0
0
VERTEX
8
Visible
10
211.1833
20
152.2348
30
0
0
VERTEX
8
Visible
10
211.1653
20
152.2407
30
0
0
VERTEX
8
Visible
10
211.1472
20
152.2467
30
0
0
VERTEX
8
Visible
10
211.1292
20
152.2528
30
0
0
VERTEX
8
Visible
10
211.1111
20
152.2592
30
0
0
VERTEX
8
Visible
10
211.0929
20
152.2656
30
0
0
VERTEX
8
Visible
10
211.0748
20
152.2722
30
0
0
VERTEX
8
Visible
10
211.0567
20
152.2789
30
0
0
VERTEX
8
Visible
10
211.0386
20
152.2858
30
0
0
VERTEX
8
Visible
10
211.0205
20
152.2928
30
0
0
VERTEX
8
Visible
10
211.0024
20
152.2999
30
0
0
VERTEX
8
Visible
10
210.9843
20
152.3072
30
0
0
VERTEX
8
Visible
10
210.9662
20
152.3146
30
0
0
VERTEX
8
Visible
10
210.9482
20
152.3221
30
0
0
VERTEX
8
Visible
10
210.9302
20
152.3297
30
0
0
VERTEX
8
Visible
10
210.9122
20
152.3375
30
0
0
VERTEX
8
Visible
10
210.8942
20
152.3454
30
0
0
VERTEX
8
Visible
10
210.8763
20
152.3535
30
0
0
VERTEX
8
Visible
10
210.8584
20
152.3616
30
0
0
VERTEX
8
Visible
10
210.8405
20
152.3699
30
0
0
VERTEX
8
Visible
10
210.8226
20
152.3784
30
0
0
VERTEX
8
Visible
10
210.8048
20
152.3869
30
0
0
VERTEX
8
Visible
10
210.7870
20
152.3956
30
0
0
VERTEX
8
Visible
10
210.7693
20
152.4044
30
0
0
VERTEX
8
Visible
10
210.7516
20
152.4133
30
0
0
VERTEX
8
Visible
10
210.7339
20
152.4223
30
0
0
VERTEX
8
Visible
10
210.7163
20
152.4315
30
0
0
VERTEX
8
Visible
10
210.6988
20
152.4407
30
0
0
VERTEX
8
Visible
10
210.6813
20
152.4501
30
0
0
VERTEX
8
Visible
10
210.6638
20
152.4596
30
0
0
VERTEX
8
Visible
10
210.6464
20
152.4692
30
0
0
VERTEX
8
Visible
10
210.6291
20
152.4789
30
0
0
SEQEND
8
Visible
0
ARC
8
Visible
10
199.8170
20
133.5568
30
0
40
24.2726
50
61.0515
51
70.5114
0
ARC
8
Visible
10
199.8221
20
133.3269
30
0
40
21.9907
50
60.5650
51
71.0090
0
ARC
8
Visible
10
198.2963
20
107.9763
30
0
40
1.4000
50
90.0000
51
180.0000
0
LINE
8
Visible
10
198.2963
20
109.3763
30
0
11
204.5963
21
109.3763
31
0
0
ARC
8
Visible
10
198.2963
20
107.4763
30
0
40
1.4000
50
268.0421
51
270.0000
0
ARC
8
Visible
10
198.2963
20
107.4763
30
0
40
1.4000
50
180.0000
51
243.8439
0
ARC
8
Visible
10
198.2963
20
107.4763
30
0
40
1.4000
50
243.8439
51
268.0421
0
LINE
8
Visible
10
196.8963
20
107.4763
30
0
11
196.8963
21
107.9763
31
0
0
ARC
8
Visible
10
204.5963
20
107.4763
30
0
40
1.4000
50
270.0000
51
0.0000
0
LINE
8
Visible
10
201.3802
20
106.0763
30
0
11
198.2963
21
106.0763
31
0
0
LINE
8
Visible
10
204.5963
20
106.0763
30
0
11
201.3802
21
106.0763
31
0
0
ARC
8
Visible
10
204.5963
20
107.9763
30
0
40
1.4000
50
33.8705
51
90.0000
0
ARC
8
Visible
10
204.5963
20
107.9763
30
0
40
1.4000
50
0.0000
51
33.8705
0
LINE
8
Visible
10
205.9963
20
107.9763
30
0
11
205.9963
21
107.4763
31
0
0
ARC
8
Visible
10
215.0163
20
114.6463
30
0
40
2.0000
50
180.8679
51
3.7682
0
ARC
8
Visible
10
184.6163
20
114.6463
30
0
40
2.0000
50
176.2318
51
359.1321
0
POLYLINE
8
Visible
66
1
70
0
10
0
20
0
30
0
0
VERTEX
8
Visible
10
174.9850
20
114.6089
30
0
0
VERTEX
8
Visible
10
174.9773
20
114.5579
30
0
0
VERTEX
8
Visible
10
174.9697
20
114.5068
30
0
0
VERTEX
8
Visible
10
174.9622
20
114.4558
30
0
0
VERTEX
8
Visible
10
174.9549
20
114.4047
30
0
0
VERTEX
8
Visible
10
174.9476
20
114.3536
30
0
0
VERTEX
8
Visible
10
174.9404
20
114.3025
30
0
0
VERTEX
8
Visible
10
174.9334
20
114.2514
30
0
0
VERTEX
8
Visible
10
174.9264
20
114.2003
30
0
0
VERTEX
8
Visible
10
174.9196
20
114.1492
30
0
0
VERTEX
8
Visible
10
174.9129
20
114.0980
30
0
0
VERTEX
8
Visible
10
174.9062
20
114.0468
30
0
0
VERTEX
8
Visible
10
174.8997
20
113.9957
30
0
0
VERTEX
8
Visible
10
174.8933
20
113.9445
30
0
0
VERTEX
8
Visible
10
174.8870
20
113.8933
30
0
0
VERTEX
8
Visible
10
174.8808
20
113.8421
30
0
0
VERTEX
8
Visible
10
174.8747
20
113.7908
30
0
0
VERTEX
8
Visible
10
174.8687
20
113.7396
30
0
0
VERTEX
8
Visible
10
174.8628
20
113.6884
30
0
0
VERTEX
8
Visible
10
174.8570
20
113.6371
30
0
0
VERTEX
8
Visible
10
174.8513
20
113.5858
30
0
0
VERTEX
8
Visible
10
174.8458
20
113.5345
30
0
0
VERTEX
8
Visible
10
174.8403
20
113.4832
30
0
0
VERTEX
8
Visible
10
174.8349
20
113.4319
30
0
0
VERTEX
8
Visible
10
174.8297
20
113.3806
30
0
0
VERTEX
8
Visible
10
174.8245
20
113.3293
30
0
0
VERTEX
8
Visible
10
174.8195
20
113.2780
30
0
0
VERTEX
8
Visible
10
174.8145
20
113.2266
30
0
0
VERTEX
8
Visible
10
174.8097
20
113.1753
30
0
0
VERTEX
8
Visible
10
174.8050
20
113.1239
30
0
0
VERTEX
8
Visible
10
174.8004
20
113.0725
30
0
0
VERTEX
8
Visible
10
174.7958
20
113.0211
30
0
0
VERTEX
8
Visible
10
174.7914
20
112.9698
30
0
0
VERTEX
8
Visible
10
174.7871
20
112.9184
30
0
0
VERTEX
8
Visible
10
174.7829
20
112.8669
30
0
0
VERTEX
8
Visible
10
174.7788
20
112.8155
30
0
0
VERTEX
8
Visible
10
174.7748
20
112.7641
30
0
0
VERTEX
8
Visible
10
174.7710
20
112.7127
30
0
0
VERTEX
8
Visible
10
174.7672
20
112.6612
30
0
0
VERTEX
8
Visible
10
174.7635
20
112.6098
30
0
0
VERTEX
8
Visible
10
174.7600
20
112.5583
30
0
0
VERTEX
8
Visible
10
174.7565
20
112.5068
30
0
0
VERTEX
8
Visible
10
174.7532
20
112.4553
30
0
0
VERTEX
8
Visible
10
174.7499
20
112.4039
30
0
0
VERTEX
8
Visible
10
174.7468
20
112.3524
30
0
0
VERTEX
8
Visible
10
174.7437
20
112.3009
30
0
0
VERTEX
8
Visible
10
174.7408
20
112.2494
30
0
0
VERTEX
8
Visible
10
174.7380
20
112.1978
30
0
0
VERTEX
8
Visible
10
174.7353
20
112.1463
30
0
0
SEQEND
8
Visible
0
POLYLINE
8
Visible
66
1
70
0
10
0
20
0
30
0
0
VERTEX
8
Visible
10
224.8973
20
112.1463
30
0
0
VERTEX
8
Visible
10
224.8946
20
112.1978
30
0
0
VERTEX
8
Visible
10
224.8918
20
112.2494
30
0
0
VERTEX
8
Visible
10
224.8888
20
112.3009
30
0
0
VERTEX
8
Visible
10
224.8858
20
112.3524
30
0
0
VERTEX
8
Visible
10
224.8827
20
112.4039
30
0
0
VERTEX
8
Visible
10
224.8794
20
112.4553
30
0
0
VERTEX
8
Visible
10
224.8761
20
112.5068
30
0
0
VERTEX
8
Visible
10
224.8726
20
112.5583
30
0
0
VERTEX
8
Visible
10
224.8691
20
112.6098
30
0
0
VERTEX
8
Visible
10
224.8654
20
112.6612
30
0
0
VERTEX
8
Visible
10
224.8616
20
112.7127
30
0
0
VERTEX
8
Visible
10
224.8577
20
112.7641
30
0
0
VERTEX
8
Visible
10
224.8538
20
112.8155
30
0
0
VERTEX
8
Visible
10
224.8497
20
112.8669
30
0
0
VERTEX
8
Visible
10
224.8455
20
112.9184
30
0
0
VERTEX
8
Visible
10
224.8412
20
112.9698
30
0
0
VERTEX
8
Visible
10
224.8367
20
113.0211
30
0
0
VERTEX
8
Visible
10
224.8322
20
113.0725
30
0
0
VERTEX
8
Visible
10
224.8276
20
113.1239
30
0
0
VERTEX
8
Visible
10
224.8229
20
113.1753
30
0
0
VERTEX
8
Visible
10
224.8181
20
113.2266
30
0
0
VERTEX
8
Visible
10
224.8131
20
113.2780
30
0
0
VERTEX
8
Visible
10
224.8081
20
113.3293
30
0
0
VERTEX
8
Visible
10
224.8029
20
113.3806
30
0
0
VERTEX
8
Visible
10
224.7977
20
113.4319
30
0
0
VERTEX
8
Visible
10
224.7923
20
113.4832
30
0
0
VERTEX
8
Visible
10
224.7868
20
113.5345
30
0
0
VERTEX
8
Visible
10
224.7813
20
113.5858
30
0
0
VERTEX
8
Visible
10
224.7756
20
113.6371
30
0
0
VERTEX
8
Visible
10
224.7698
20
113.6884
30
0
0
VERTEX
8
Visible
10
224.7639
20
113.7396
30
0
0
VERTEX
8
Visible
10
224.7579
20
113.7908
30
0
0
VERTEX
8
Visible
10
224.7518
20
113.8421
30
0
0
VERTEX
8
Visible
10
224.7456
20
113.8933
30
0
0
VERTEX
8
Visible
10
224.7393
20
113.9445
30
0
0
VERTEX
8
Visible
10
224.7329
20
113.9957
30
0
0
VERTEX
8
Visible
10
224.7263
20
114.0468
30
0
0
VERTEX
8
Visible
10
224.7197
20
114.0980
30
0
0
VERTEX
8
Visible
10
224.7130
20
114.1492
30
0
0
VERTEX
8
Visible
10
224.7061
20
114.2003
30
0
0
VERTEX
8
Visible
10
224.6992
20
114.2514
30
0
0
VERTEX
8
Visible
10
224.6921
20
114.3025
30
0
0
VERTEX
8
Visible
10
224.6850
20
114.3536
30
0
0
VERTEX
8
Visible
10
224.6777
20
114.4047
30
0
0
VERTEX
8
Visible
10
224.6704
20
114.4558
30
0
0
VERTEX
8
Visible
10
224.6629
20
114.5068
30
0
0
VERTEX
8
Visible
10
224.6553
20
114.5579
30
0
0
VERTEX
8
Visible
10
224.6476
20
114.6089
30
0
0
SEQEND
8
Visible
0
POLYLINE
8
Visible
66
1
70
0
10
0
20
0
30
0
0
VERTEX
8
Visible
10
224.9988
20
133.3963
30
0
0
VERTEX
8
Visible
10
224.9940
20
133.4385
30
0
0
VERTEX
8
Visible
10
224.9893
20
133.4806
30
0
0
VERTEX
8
Visible
10
224.9846
20
133.5227
30
0
0
VERTEX
8
Visible
10
224.9799
20
133.5648
30
0
0
VERTEX
8
Visible
10
224.9751
20
133.6070
30
0
0
VERTEX
8
Visible
10
224.9704
20
133.6491
30
0
0
VERTEX
8
Visible
10
224.9657
20
133.6912
30
0
0
VERTEX
8
Visible
10
224.9609
20
133.7334
30
0
0
VERTEX
8
Visible
10
224.9562
20
133.7755
30
0
0
VERTEX
8
Visible
10
224.9515
20
133.8176
30
0
0
VERTEX
8
Visible
10
224.9467
20
133.8598
30
0
0
VERTEX
8
Visible
10
224.9420
20
133.9019
30
0
0
VERTEX
8
Visible
10
224.9373
20
133.9440
30
0
0
VERTEX
8
Visible
10
224.9325
20
133.9861
30
0
0
VERTEX
8
Visible
10
224.9278
20
134.0283
30
0
0
VERTEX
8
Visible
10
224.9231
20
134.0704
30
0
0
VERTEX
8
Visible
10
224.9183
20
134.1125
30
0
0
VERTEX
8
Visible
10
224.9136
20
134.1547
30
0
0
VERTEX
8
Visible
10
224.9089
20
134.1968
30
0
0
VERTEX
8
Visible
10
224.9041
20
134.2389
30
0
0
VERTEX
8
Visible
10
224.8994
20
134.2811
30
0
0
VERTEX
8
Visible
10
224.8947
20
134.3232
30
0
0
VERTEX
8
Visible
10
224.8899
20
134.3653
30
0
0
VERTEX
8
Visible
10
224.8852
20
134.4074
30
0
0
VERTEX
8
Visible
10
224.8805
20
134.4496
30
0
0
VERTEX
8
Visible
10
224.8757
20
134.4917
30
0
0
VERTEX
8
Visible
10
224.8710
20
134.5338
30
0
0
VERTEX
8
Visible
10
224.8663
20
134.5760
30
0
0
VERTEX
8
Visible
10
224.8615
20
134.6181
30
0
0
VERTEX
8
Visible
10
224.8568
20
134.6602
30
0
0
VERTEX
8
Visible
10
224.8521
20
134.7024
30
0
0
VERTEX
8
Visible
10
224.8473
20
134.7445
30
0
0
VERTEX
8
Visible
10
224.8426
20
134.7866
30
0
0
VERTEX
8
Visible
10
224.8379
20
134.8287
30
0
0
VERTEX
8
Visible
10
224.8331
20
134.8709
30
0
0
VERTEX
8
Visible
10
224.8284
20
134.9130
30
0
0
VERTEX
8
Visible
10
224.8237
20
134.9551
30
0
0
VERTEX
8
Visible
10
224.8189
20
134.9973
30
0
0
VERTEX
8
Visible
10
224.8142
20
135.0394
30
0
0
VERTEX
8
Visible
10
224.8094
20
135.0815
30
0
0
VERTEX
8
Visible
10
224.8047
20
135.1236
30
0
0
VERTEX
8
Visible
10
224.8000
20
135.1658
30
0
0
VERTEX
8
Visible
10
224.7952
20
135.2079
30
0
0
VERTEX
8
Visible
10
224.7905
20
135.2500
30
0
0
VERTEX
8
Visible
10
224.7858
20
135.2922
30
0
0
VERTEX
8
Visible
10
224.7810
20
135.3343
30
0
0
VERTEX
8
Visible
10
224.7763
20
135.3764
30
0
0
VERTEX
8
Visible
10
224.7715
20
135.4185
30
0
0
VERTEX
8
Visible
10
224.7668
20
135.4607
30
0
0
VERTEX
8
Visible
10
224.7621
20
135.5028
30
0
0
VERTEX
8
Visible
10
224.7573
20
135.5449
30
0
0
VERTEX
8
Visible
10
224.7526
20
135.5871
30
0
0
VERTEX
8
Visible
10
224.7479
20
135.6292
30
0
0
VERTEX
8
Visible
10
224.7431
20
135.6713
30
0
0
VERTEX
8
Visible
10
224.7384
20
135.7135
30
0
0
VERTEX
8
Visible
10
224.7336
20
135.7556
30
0
0
VERTEX
8
Visible
10
224.7289
20
135.7977
30
0
0
VERTEX
8
Visible
10
224.7242
20
135.8398
30
0
0
VERTEX
8
Visible
10
224.7194
20
135.8820
30
0
0
VERTEX
8
Visible
10
224.7147
20
135.9241
30
0
0
VERTEX
8
Visible
10
224.7099
20
135.9662
30
0
0
VERTEX
8
Visible
10
224.7052
20
136.0084
30
0
0
VERTEX
8
Visible
10
224.7005
20
136.0505
30
0
0
VERTEX
8
Visible
10
224.6957
20
136.0926
30
0
0
VERTEX
8
Visible
10
224.6910
20
136.1347
30
0
0
VERTEX
8
Visible
10
224.6862
20
136.1769
30
0
0
VERTEX
8
Visible
10
224.6815
20
136.2190
30
0
0
VERTEX
8
Visible
10
224.6768
20
136.2611
30
0
0
VERTEX
8
Visible
10
224.6720
20
136.3033
30
0
0
VERTEX
8
Visible
10
224.6673
20
136.3454
30
0
0
VERTEX
8
Visible
10
224.6625
20
136.3875
30
0
0
VERTEX
8
Visible
10
224.6578
20
136.4296
30
0
0
SEQEND
8
Visible
0
POLYLINE
8
Visible
66
1
70
0
10
0
20
0
30
0
0
VERTEX
8
Visible
10
174.9748
20
136.4296
30
0
0
VERTEX
8
Visible
10
174.9701
20
136.3875
30
0
0
VERTEX
8
Visible
10
174.9653
20
136.3454
30
0
0
VERTEX
8
Visible
10
174.9606
20
136.3033
30
0
0
VERTEX
8
Visible
10
174.9558
20
136.2611
30
0
0
VERTEX
8
Visible
10
174.9511
20
136.2190
30
0
0
VERTEX
8
Visible
10
174.9463
20
136.1769
30
0
0
VERTEX
8
Visible
10
174.9416
20
136.1347
30
0
0
VERTEX
8
Visible
10
174.9369
20
136.0926
30
0
0
VERTEX
8
Visible
10
174.9321
20
136.0505
30
0
0
VERTEX
8
Visible
10
174.9274
20
136.0084
30
0
0
VERTEX
8
Visible
10
174.9226
20
135.9662
30
0
0
VERTEX
8
Visible
10
174.9179
20
135.9241
30
0
0
VERTEX
8
Visible
10
174.9132
20
135.8820
30
0
0
VERTEX
8
Visible
10
174.9084
20
135.8398
30
0
0
VERTEX
8
Visible
10
174.9037
20
135.7977
30
0
0
VERTEX
8
Visible
10
174.8989
20
135.7556
30
0
0
VERTEX
8
Visible
10
174.8942
20
135.7135
30
0
0
VERTEX
8
Visible
10
174.8895
20
135.6713
30
0
0
VERTEX
8
Visible
10
174.8847
20
135.6292
30
0
0
VERTEX
8
Visible
10
174.8800
20
135.5871
30
0
0
VERTEX
8
Visible
10
174.8753
20
135.5449
30
0
0
VERTEX
8
Visible
10
174.8705
20
135.5028
30
0
0
VERTEX
8
Visible
10
174.8658
20
135.4607
30
0
0
VERTEX
8
Visible
10
174.8610
20
135.4185
30
0
0
VERTEX
8
Visible
10
174.8563
20
135.3764
30
0
0
VERTEX
8
Visible
10
174.8516
20
135.3343
30
0
0
VERTEX
8
Visible
10
174.8468
20
135.2922
30
0
0
VERTEX
8
Visible
10
174.8421
20
135.2500
30
0
0
VERTEX
8
Visible
10
174.8374
20
135.2079
30
0
0
VERTEX
8
Visible
10
174.8326
20
135.1658
30
0
0
VERTEX
8
Visible
10
174.8279
20
135.1236
30
0
0
VERTEX
8
Visible
10
174.8231
20
135.0815
30
0
0
VERTEX
8
Visible
10
174.8184
20
135.0394
30
0
0
VERTEX
8
Visible
10
174.8137
20
134.9973
30
0
0
VERTEX
8
Visible
10
174.8089
20
134.9551
30
0
0
VERTEX
8
Visible
10
174.8042
20
134.9130
30
0
0
VERTEX
8
Visible
10
174.7995
20
134.8709
30
0
0
VERTEX
8
Visible
10
174.7947
20
134.8287
30
0
0
VERTEX
8
Visible
10
174.7900
20
134.7866
30
0
0
VERTEX
8
Visible
10
174.7853
20
134.7445
30
0
0
VERTEX
8
Visible
10
174.7805
20
134.7024
30
0
0
VERTEX
8
Visible
10
174.7758
20
134.6602
30
0
0
VERTEX
8
Visible
10
174.7711
20
134.6181
30
0
0
VERTEX
8
Visible
10
174.7663
20
134.5760
30
0
0
VERTEX
8
Visible
10
174.7616
20
134.5338
30
0
0
VERTEX
8
Visible
10
174.7568
20
134.4917
30
0
0
VERTEX
8
Visible
10
174.7521
20
134.4496
30
0
0
VERTEX
8
Visible
10
174.7474
20
134.4074
30
0
0
VERTEX
8
Visible
10
174.7426
20
134.3653
30
0
0
VERTEX
8
Visible
10
174.7379
20
134.3232
30
0
0
VERTEX
8
Visible
10
174.7332
20
134.2811
30
0
0
VERTEX
8
Visible
10
174.7284
20
134.2389
30
0
0
VERTEX
8
Visible
10
174.7237
20
134.1968
30
0
0
VERTEX
8
Visible
10
174.7190
20
134.1547
30
0
0
VERTEX
8
Visible
10
174.7142
20
134.1125
30
0
0
VERTEX
8
Visible
10
174.7095
20
134.0704
30
0
0
VERTEX
8
Visible
10
174.7048
20
134.0283
30
0
0
VERTEX
8
Visible
10
174.7000
20
133.9861
30
0
0
VERTEX
8
Visible
10
174.6953
20
133.9440
30
0
0
VERTEX
8
Visible
10
174.6906
20
133.9019
30
0
0
VERTEX
8
Visible
10
174.6859
20
133.8598
30
0
0
VERTEX
8
Visible
10
174.6811
20
133.8176
30
0
0
VERTEX
8
Visible
10
174.6764
20
133.7755
30
0
0
VERTEX
8
Visible
10
174.6717
20
133.7334
30
0
0
VERTEX
8
Visible
10
174.6669
20
133.6912
30
0
0
VERTEX
8
Visible
10
174.6622
20
133.6491
30
0
0
VERTEX
8
Visible
10
174.6575
20
133.6070
30
0
0
VERTEX
8
Visible
10
174.6527
20
133.5648
30
0
0
VERTEX
8
Visible
10
174.6480
20
133.5227
30
0
0
VERTEX
8
Visible
10
174.6433
20
133.4806
30
0
0
VERTEX
8
Visible
10
174.6385
20
133.4385
30
0
0
VERTEX
8
Visible
10
174.6338
20
133.3963
30
0
0
SEQEND
8
Visible
0
POLYLINE
8
Visible
66
1
70
0
10
0
20
0
30
0
0
VERTEX
8
Visible
10
174.9928
20
136.5856
30
0
0
VERTEX
8
Visible
10
174.9926
20
136.5835
30
0
0
VERTEX
8
Visible
10
174.9923
20
136.5813
30
0
0
VERTEX
8
Visible
10
174.9921
20
136.5792
30
0
0
VERTEX
8
Visible
10
174.9918
20
136.5770
30
0
0
VERTEX
8
Visible
10
174.9915
20
136.5748
30
0
0
VERTEX
8
Visible
10
174.9913
20
136.5727
30
0
0
VERTEX
8
Visible
10
174.9910
20
136.5705
30
0
0
VERTEX
8
Visible
10
174.9908
20
136.5683
30
0
0
VERTEX
8
Visible
10
174.9905
20
136.5662
30
0
0
VERTEX
8
Visible
10
174.9903
20
136.5640
30
0
0
VERTEX
8
Visible
10
174.9900
20
136.5618
30
0
0
VERTEX
8
Visible
10
174.9898
20
136.5597
30
0
0
VERTEX
8
Visible
10
174.9895
20
136.5575
30
0
0
VERTEX
8
Visible
10
174.9892
20
136.5553
30
0
0
VERTEX
8
Visible
10
174.9890
20
136.5532
30
0
0
VERTEX
8
Visible
10
174.9887
20
136.5510
30
0
0
VERTEX
8
Visible
10
174.9885
20
136.5488
30
0
0
VERTEX
8
Visible
10
174.9882
20
136.5467
30
0
0
VERTEX
8
Visible
10
174.9880
20
136.5445
30
0
0
VERTEX
8
Visible
10
174.9877
20
136.5423
30
0
0
VERTEX
8
Visible
10
174.9875
20
136.5402
30
0
0
VERTEX
8
Visible
10
174.9872
20
136.5380
30
0
0
VERTEX
8
Visible
10
174.9870
20
136.5358
30
0
0
VERTEX
8
Visible
10
174.9867
20
136.5337
30
0
0
VERTEX
8
Visible
10
174.9865
20
136.5315
30
0
0
VERTEX
8
Visible
10
174.9862
20
136.5293
30
0
0
VERTEX
8
Visible
10
174.9860
20
136.5272
30
0
0
VERTEX
8
Visible
10
174.9857
20
136.5250
30
0
0
VERTEX
8
Visible
10
174.9855
20
136.5228
30
0
0
VERTEX
8
Visible
10
174.9852
20
136.5207
30
0
0
VERTEX
8
Visible
10
174.9849
20
136.5185
30
0
0
VERTEX
8
Visible
10
174.9847
20
136.5163
30
0
0
VERTEX
8
Visible
10
174.9844
20
136.5142
30
0
0
VERTEX
8
Visible
10
174.9842
20
136.5120
30
0
0
VERTEX
8
Visible
10
174.9839
20
136.5098
30
0
0
VERTEX
8
Visible
10
174.9837
20
136.5077
30
0
0
VERTEX
8
Visible
10
174.9834
20
136.5055
30
0
0
VERTEX
8
Visible
10
174.9832
20
136.5033
30
0
0
VERTEX
8
Visible
10
174.9829
20
136.5012
30
0
0
VERTEX
8
Visible
10
174.9827
20
136.4990
30
0
0
VERTEX
8
Visible
10
174.9824
20
136.4968
30
0
0
VERTEX
8
Visible
10
174.9822
20
136.4947
30
0
0
VERTEX
8
Visible
10
174.9819
20
136.4925
30
0
0
VERTEX
8
Visible
10
174.9817
20
136.4903
30
0
0
VERTEX
8
Visible
10
174.9814
20
136.4882
30
0
0
VERTEX
8
Visible
10
174.9812
20
136.4860
30
0
0
VERTEX
8
Visible
10
174.9810
20
136.4838
30
0
0
VERTEX
8
Visible
10
174.9807
20
136.4817
30
0
0
VERTEX
8
Visible
10
174.9805
20
136.4795
30
0
0
VERTEX
8
Visible
10
174.9802
20
136.4773
30
0
0
VERTEX
8
Visible
10
174.9800
20
136.4752
30
0
0
VERTEX
8
Visible
10
174.9797
20
136.4730
30
0
0
VERTEX
8
Visible
10
174.9795
20
136.4708
30
0
0
VERTEX
8
Visible
10
174.9792
20
136.4687
30
0
0
VERTEX
8
Visible
10
174.9790
20
136.4665
30
0
0
VERTEX
8
Visible
10
174.9787
20
136.4643
30
0
0
VERTEX
8
Visible
10
174.9785
20
136.4622
30
0
0
VERTEX
8
Visible
10
174.9782
20
136.4600
30
0
0
VERTEX
8
Visible
10
174.9780
20
136.4578
30
0
0
VERTEX
8
Visible
10
174.9777
20
136.4557
30
0
0
VERTEX
8
Visible
10
174.9775
20
136.4535
30
0
0
VERTEX
8
Visible
10
174.9772
20
136.4513
30
0
0
VERTEX
8
Visible
10
174.9770
20
136.4492
30
0
0
VERTEX
8
Visible
10
174.9768
20
136.4470
30
0
0
VERTEX
8
Visible
10
174.9765
20
136.4448
30
0
0
VERTEX
8
Visible
10
174.9763
20
136.4426
30
0
0
VERTEX
8
Visible
10
174.9760
20
136.4405
30
0
0
VERTEX
8
Visible
10
174.9758
20
136.4383
30
0
0
VERTEX
8
Visible
10
174.9755
20
136.4361
30
0
0
VERTEX
8
Visible
10
174.9753
20
136.4340
30
0
0
VERTEX
8
Visible
10
174.9750
20
136.4318
30
0
0
VERTEX
8
Visible
10
174.9748
20
136.4296
30
0
0
SEQEND
8
Visible
0
ARC
8
Visible
10
199.8163
20
133.6406
30
0
40
24.9977
50
6.7660
51
173.2340
0
POLYLINE
8
Visible
66
1
70
0
10
0
20
0
30
0
0
VERTEX
8
Visible
10
224.6578
20
136.4296
30
0
0
VERTEX
8
Visible
10
224.6575
20
136.4318
30
0
0
VERTEX
8
Visible
10
224.6573
20
136.4340
30
0
0
VERTEX
8
Visible
10
224.6571
20
136.4361
30
0
0
VERTEX
8
Visible
10
224.6568
20
136.4383
30
0
0
VERTEX
8
Visible
10
224.6566
20
136.4405
30
0
0
VERTEX
8
Visible
10
224.6563
20
136.4426
30
0
0
VERTEX
8
Visible
10
224.6561
20
136.4448
30
0
0
VERTEX
8
Visible
10
224.6558
20
136.4470
30
0
0
VERTEX
8
Visible
10
224.6556
20
136.4492
30
0
0
VERTEX
8
Visible
10
224.6553
20
136.4513
30
0
0
VERTEX
8
Visible
10
224.6551
20
136.4535
30
0
0
VERTEX
8
Visible
10
224.6549
20
136.4557
30
0
0
VERTEX
8
Visible
10
224.6546
20
136.4578
30
0
0
VERTEX
8
Visible
10
224.6544
20
136.4600
30
0
0
VERTEX
8
Visible
10
224.6541
20
136.4622
30
0
0
VERTEX
8
Visible
10
224.6539
20
136.4643
30
0
0
VERTEX
8
Visible
10
224.6536
20
136.4665
30
0
0
VERTEX
8
Visible
10
224.6534
20
136.4687
30
0
0
VERTEX
8
Visible
10
224.6531
20
136.4708
30
0
0
VERTEX
8
Visible
10
224.6529
20
136.4730
30
0
0
VERTEX
8
Visible
10
224.6526
20
136.4752
30
0
0
VERTEX
8
Visible
10
224.6524
20
136.4773
30
0
0
VERTEX
8
Visible
10
224.6521
20
136.4795
30
0
0
VERTEX
8
Visible
10
224.6519
20
136.4817
30
0
0
VERTEX
8
Visible
10
224.6516
20
136.4838
30
0
0
VERTEX
8
Visible
10
224.6514
20
136.4860
30
0
0
VERTEX
8
Visible
10
224.6511
20
136.4882
30
0
0
VERTEX
8
Visible
10
224.6509
20
136.4903
30
0
0
VERTEX
8
Visible
10
224.6506
20
136.4925
30
0
0
VERTEX
8
Visible
10
224.6504
20
136.4947
30
0
0
VERTEX
8
Visible
10
224.6501
20
136.4968
30
0
0
VERTEX
8
Visible
10
224.6499
20
136.4990
30
0
0
VERTEX
8
Visible
10
224.6496
20
136.5012
30
0
0
VERTEX
8
Visible
10
224.6494
20
136.5033
30
0
0
VERTEX
8
Visible
10
224.6491
20
136.5055
30
0
0
VERTEX
8
Visible
10
224.6489
20
136.5077
30
0
0
VERTEX
8
Visible
10
224.6486
20
136.5098
30
0
0
VERTEX
8
Visible
10
224.6484
20
136.5120
30
0
0
VERTEX
8
Visible
10
224.6481
20
136.5142
30
0
0
VERTEX
8
Visible
10
224.6479
20
136.5163
30
0
0
VERTEX
8
Visible
10
224.6476
20
136.5185
30
0
0
VERTEX
8
Visible
10
224.6474
20
136.5207
30
0
0
VERTEX
8
Visible
10
224.6471
20
136.5228
30
0
0
VERTEX
8
Visible
10
224.6469
20
136.5250
30
0
0
VERTEX
8
Visible
10
224.6466
20
136.5272
30
0
0
VERTEX
8
Visible
10
224.6464
20
136.5293
30
0
0
VERTEX
8
Visible
10
224.6461
20
136.5315
30
0
0
VERTEX
8
Visible
10
224.6459
20
136.5337
30
0
0
VERTEX
8
Visible
10
224.6456
20
136.5358
30
0
0
VERTEX
8
Visible
10
224.6454
20
136.5380
30
0
0
VERTEX
8
Visible
10
224.6451
20
136.5402
30
0
0
VERTEX
8
Visible
10
224.6449
20
136.5423
30
0
0
VERTEX
8
Visible
10
224.6446
20
136.5445
30
0
0
VERTEX
8
Visible
10
224.6444
20
136.5467
30
0
0
VERTEX
8
Visible
10
224.6441
20
136.5488
30
0
0
VERTEX
8
Visible
10
224.6438
20
136.5510
30
0
0
VERTEX
8
Visible
10
224.6436
20
136.5532
30
0
0
VERTEX
8
Visible
10
224.6433
20
136.5553
30
0
0
VERTEX
8
Visible
10
224.6431
20
136.5575
30
0
0
VERTEX
8
Visible
10
224.6428
20
136.5597
30
0
0
VERTEX
8
Visible
10
224.6426
20
136.5618
30
0
0
VERTEX
8
Visible
10
224.6423
20
136.5640
30
0
0
VERTEX
8
Visible
10
224.6421
20
136.5662
30
0
0
VERTEX
8
Visible
10
224.6418
20
136.5683
30
0
0
VERTEX
8
Visible
10
224.6416
20
136.5705
30
0
0
VERTEX
8
Visible
10
224.6413
20
136.5727
30
0
0
VERTEX
8
Visible
10
224.6410
20
136.5748
30
0
0
VERTEX
8
Visible
10
224.6408
20
136.5770
30
0
0
VERTEX
8
Visible
10
224.6405
20
136.5792
30
0
0
VERTEX
8
Visible
10
224.6403
20
136.5813
30
0
0
VERTEX
8
Visible
10
224.6400
20
136.5835
30
0
0
VERTEX
8
Visible
10
224.6398
20
136.5856
30
0
0
SEQEND
8
Visible
0
LINE
8
Visible
10
224.5809
20
133.3963
30
0
11
224.9988
21
133.3963
31
0
0
POLYLINE
8
Visible
66
1
70
0
10
0
20
0
30
0
0
VERTEX
8
Visible
10
222.9543
20
133.3963
30
0
0
VERTEX
8
Visible
10
222.9954
20
133.3963
30
0
0
VERTEX
8
Visible
10
223.0362
20
133.3963
30
0
0
VERTEX
8
Visible
10
223.0767
20
133.3963
30
0
0
VERTEX
8
Visible
10
223.1169
20
133.3963
30
0
0
VERTEX
8
Visible
10
223.1568
20
133.3963
30
0
0
VERTEX
8
Visible
10
223.1964
20
133.3963
30
0
0
VERTEX
8
Visible
10
223.2357
20
133.3963
30
0
0
VERTEX
8
Visible
10
223.2747
20
133.3963
30
0
0
VERTEX
8
Visible
10
223.3133
20
133.3963
30
0
0
VERTEX
8
Visible
10
223.3517
20
133.3963
30
0
0
VERTEX
8
Visible
10
223.3898
20
133.3963
30
0
0
VERTEX
8
Visible
10
223.4276
20
133.3963
30
0
0
VERTEX
8
Visible
10
223.4650
20
133.3963
30
0
0
VERTEX
8
Visible
10
223.5022
20
133.3963
30
0
0
VERTEX
8
Visible
10
223.5390
20
133.3963
30
0
0
VERTEX
8
Visible
10
223.5756
20
133.3963
30
0
0
VERTEX
8
Visible
10
223.6118
20
133.3963
30
0
0
VERTEX
8
Visible
10
223.6478
20
133.3963
30
0
0
VERTEX
8
Visible
10
223.6834
20
133.3963
30
0
0
VERTEX
8
Visible
10
223.7187
20
133.3963
30
0
0
VERTEX
8
Visible
10
223.7537
20
133.3963
30
0
0
VERTEX
8
Visible
10
223.7884
20
133.3963
30
0
0
VERTEX
8
Visible
10
223.8228
20
133.3963
30
0
0
VERTEX
8
Visible
10
223.8569
20
133.3963
30
0
0
VERTEX
8
Visible
10
223.8906
20
133.3963
30
0
0
VERTEX
8
Visible
10
223.9241
20
133.3963
30
0
0
VERTEX
8
Visible
10
223.9572
20
133.3963
30
0
0
VERTEX
8
Visible
10
223.9901
20
133.3963
30
0
0
VERTEX
8
Visible
10
224.0226
20
133.3963
30
0
0
VERTEX
8
Visible
10
224.0548
20
133.3963
30
0
0
VERTEX
8
Visible
10
224.0867
20
133.3963
30
0
0
VERTEX
8
Visible
10
224.1183
20
133.3963
30
0
0
VERTEX
8
Visible
10
224.1496
20
133.3963
30
0
0
VERTEX
8
Visible
10
224.1806
20
133.3963
30
0
0
VERTEX
8
Visible
10
224.2112
20
133.3963
30
0
0
VERTEX
8
Visible
10
224.2415
20
133.3963
30
0
0
VERTEX
8
Visible
10
224.2716
20
133.3963
30
0
0
VERTEX
8
Visible
10
224.3013
20
133.3963
30
0
0
VERTEX
8
Visible
10
224.3307
20
133.3963
30
0
0
VERTEX
8
Visible
10
224.3597
20
133.3963
30
0
0
VERTEX
8
Visible
10
224.3885
20
133.3963
30
0
0
VERTEX
8
Visible
10
224.4169
20
133.3963
30
0
0
VERTEX
8
Visible
10
224.4451
20
133.3963
30
0
0
VERTEX
8
Visible
10
224.4729
20
133.3963
30
0
0
VERTEX
8
Visible
10
224.5004
20
133.3963
30
0
0
VERTEX
8
Visible
10
224.5275
20
133.3963
30
0
0
VERTEX
8
Visible
10
224.5544
20
133.3963
30
0
0
VERTEX
8
Visible
10
224.5809
20
133.3963
30
0
0
SEQEND
8
Visible
0
POLYLINE
8
Visible
66
1
70
0
10
0
20
0
30
0
0
VERTEX
8
Visible
10
190.4726
20
85.2823
30
0
0
VERTEX
8
Visible
10
190.4751
20
85.2814
30
0
0
VERTEX
8
Visible
10
190.4777
20
85.2805
30
0
0
VERTEX
8
Visible
10
190.4802
20
85.2796
30
0
0
VERTEX
8
Visible
10
190.4827
20
85.2787
30
0
0
VERTEX
8
Visible
10
190.4853
20
85.2778
30
0
0
VERTEX
8
Visible
10
190.4878
20
85.2769
30
0
0
VERTEX
8
Visible
10
190.4903
20
85.2759
30
0
0
VERTEX
8
Visible
10
190.4929
20
85.2750
30
0
0
VERTEX
8
Visible
10
190.4954
20
85.2741
30
0
0
VERTEX
8
Visible
10
190.4979
20
85.2732
30
0
0
VERTEX
8
Visible
10
190.5005
20
85.2723
30
0
0
VERTEX
8
Visible
10
190.5030
20
85.2714
30
0
0
VERTEX
8
Visible
10
190.5055
20
85.2705
30
0
0
VERTEX
8
Visible
10
190.5081
20
85.2696
30
0
0
VERTEX
8
Visible
10
190.5106
20
85.2686
30
0
0
VERTEX
8
Visible
10
190.5131
20
85.2677
30
0
0
VERTEX
8
Visible
10
190.5157
20
85.2668
30
0
0
VERTEX
8
Visible
10
190.5182
20
85.2659
30
0
0
VERTEX
8
Visible
10
190.5207
20
85.2650
30
0
0
VERTEX
8
Visible
10
190.5233
20
85.2641
30
0
0
VERTEX
8
Visible
10
190.5258
20
85.2632
30
0
0
VERTEX
8
Visible
10
190.5283
20
85.2623
30
0
0
VERTEX
8
Visible
10
190.5309
20
85.2614
30
0
0
VERTEX
8
Visible
10
190.5334
20
85.2605
30
0
0
VERTEX
8
Visible
10
190.5359
20
85.2596
30
0
0
VERTEX
8
Visible
10
190.5384
20
85.2587
30
0
0
VERTEX
8
Visible
10
190.5410
20
85.2577
30
0
0
VERTEX
8
Visible
10
190.5435
20
85.2568
30
0
0
VERTEX
8
Visible
10
190.5460
20
85.2559
30
0
0
VERTEX
8
Visible
10
190.5486
20
85.2550
30
0
0
VERTEX
8
Visible
10
190.5511
20
85.2541
30
0
0
VERTEX
8
Visible
10
190.5536
20
85.2532
30
0
0
VERTEX
8
Visible
10
190.5561
20
85.2523
30
0
0
VERTEX
8
Visible
10
190.5586
20
85.2514
30
0
0
VERTEX
8
Visible
10
190.5612
20
85.2505
30
0
0
VERTEX
8
Visible
10
190.5637
20
85.2496
30
0
0
VERTEX
8
Visible
10
190.5662
20
85.2487
30
0
0
VERTEX
8
Visible
10
190.5687
20
85.2478
30
0
0
VERTEX
8
Visible
10
190.5712
20
85.2469
30
0
0
VERTEX
8
Visible
10
190.5738
20
85.2460
30
0
0
VERTEX
8
Visible
10
190.5763
20
85.2451
30
0
0
VERTEX
8
Visible
10
190.5788
20
85.2442
30
0
0
VERTEX
8
Visible
10
190.5813
20
85.2433
30
0
0
VERTEX
8
Visible
10
190.5838
20
85.2424
30
0
0
VERTEX
8
Visible
10
190.5863
20
85.2415
30
0
0
VERTEX
8
Visible
10
190.5888
20
85.2407
30
0
0
VERTEX
8
Visible
10
190.5913
20
85.2398
30
0
0
VERTEX
8
Visible
10
190.5938
20
85.2389
30
0
0
VERTEX
8
Visible
10
190.5963
20
85.2380
30
0
0
VERTEX
8
Visible
10
190.5988
20
85.2371
30
0
0
VERTEX
8
Visible
10
190.6013
20
85.2362
30
0
0
VERTEX
8
Visible
10
190.6038
20
85.2353
30
0
0
VERTEX
8
Visible
10
190.6063
20
85.2344
30
0
0
VERTEX
8
Visible
10
190.6088
20
85.2335
30
0
0
VERTEX
8
Visible
10
190.6113
20
85.2327
30
0
0
VERTEX
8
Visible
10
190.6138
20
85.2318
30
0
0
VERTEX
8
Visible
10
190.6163
20
85.2309
30
0
0
VERTEX
8
Visible
10
190.6188
20
85.2300
30
0
0
VERTEX
8
Visible
10
190.6213
20
85.2291
30
0
0
VERTEX
8
Visible
10
190.6238
20
85.2282
30
0
0
VERTEX
8
Visible
10
190.6262
20
85.2274
30
0
0
VERTEX
8
Visible
10
190.6287
20
85.2265
30
0
0
VERTEX
8
Visible
10
190.6312
20
85.2256
30
0
0
VERTEX
8
Visible
10
190.6337
20
85.2247
30
0
0
VERTEX
8
Visible
10
190.6361
20
85.2239
30
0
0
VERTEX
8
Visible
10
190.6386
20
85.2230
30
0
0
VERTEX
8
Visible
10
190.6411
20
85.2221
30
0
0
VERTEX
8
Visible
10
190.6435
20
85.2212
30
0
0
VERTEX
8
Visible
10
190.6460
20
85.2204
30
0
0
VERTEX
8
Visible
10
190.6485
20
85.2195
30
0
0
VERTEX
8
Visible
10
190.6509
20
85.2186
30
0
0
VERTEX
8
Visible
10
190.6534
20
85.2178
30
0
0
SEQEND
8
Visible
0
ARC
8
Visible
10
199.8163
20
111.1463
30
0
40
27.5000
50
177.9161
51
250.1371
0
ARC
8
Visible
10
193.9853
20
94.6463
30
0
40
10.0000
50
250.5370
51
270.0000
0
LINE
8
Visible
10
204.8274
20
84.6463
30
0
11
205.6472
21
84.6463
31
0
0
LINE
8
Visible
10
194.8052
20
84.6463
30
0
11
204.8274
21
84.6463
31
0
0
LINE
8
Visible
10
193.9853
20
84.6463
30
0
11
194.8052
21
84.6463
31
0
0
ARC
8
Visible
10
205.6472
20
94.6463
30
0
40
10.0000
50
270.0000
51
289.4630
0
ARC
8
Visible
10
199.8163
20
111.1463
30
0
40
27.5000
50
289.8629
51
2.0839
0
POLYLINE
8
Visible
66
1
70
0
10
0
20
0
30
0
0
VERTEX
8
Visible
10
208.9792
20
85.2178
30
0
0
VERTEX
8
Visible
10
208.9817
20
85.2186
30
0
0
VERTEX
8
Visible
10
208.9841
20
85.2195
30
0
0
VERTEX
8
Visible
10
208.9866
20
85.2204
30
0
0
VERTEX
8
Visible
10
208.9890
20
85.2212
30
0
0
VERTEX
8
Visible
10
208.9915
20
85.2221
30
0
0
VERTEX
8
Visible
10
208.9940
20
85.2230
30
0
0
VERTEX
8
Visible
10
208.9964
20
85.2239
30
0
0
VERTEX
8
Visible
10
208.9989
20
85.2247
30
0
0
VERTEX
8
Visible
10
209.0014
20
85.2256
30
0
0
VERTEX
8
Visible
10
209.0039
20
85.2265
30
0
0
VERTEX
8
Visible
10
209.0063
20
85.2274
30
0
0
VERTEX
8
Visible
10
209.0088
20
85.2282
30
0
0
VERTEX
8
Visible
10
209.0113
20
85.2291
30
0
0
VERTEX
8
Visible
10
209.0138
20
85.2300
30
0
0
VERTEX
8
Visible
10
209.0163
20
85.2309
30
0
0
VERTEX
8
Visible
10
209.0188
20
85.2318
30
0
0
VERTEX
8
Visible
10
209.0213
20
85.2327
30
0
0
VERTEX
8
Visible
10
209.0238
20
85.2335
30
0
0
VERTEX
8
Visible
10
209.0263
20
85.2344
30
0
0
VERTEX
8
Visible
10
209.0287
20
85.2353
30
0
0
VERTEX
8
Visible
10
209.0312
20
85.2362
30
0
0
VERTEX
8
Visible
10
209.0337
20
85.2371
30
0
0
VERTEX
8
Visible
10
209.0362
20
85.2380
30
0
0
VERTEX
8
Visible
10
209.0388
20
85.2389
30
0
0
VERTEX
8
Visible
10
209.0413
20
85.2398
30
0
0
VERTEX
8
Visible
10
209.0438
20
85.2407
30
0
0
VERTEX
8
Visible
10
209.0463
20
85.2415
30
0
0
VERTEX
8
Visible
10
209.0488
20
85.2424
30
0
0
VERTEX
8
Visible
10
209.0513
20
85.2433
30
0
0
VERTEX
8
Visible
10
209.0538
20
85.2442
30
0
0
VERTEX
8
Visible
10
209.0563
20
85.2451
30
0
0
VERTEX
8
Visible
10
209.0588
20
85.2460
30
0
0
VERTEX
8
Visible
10
209.0613
20
85.2469
30
0
0
VERTEX
8
Visible
10
209.0639
20
85.2478
30
0
0
VERTEX
8
Visible
10
209.0664
20
85.2487
30
0
0
VERTEX
8
Visible
10
209.0689
20
85.2496
30
0
0
VERTEX
8
Visible
10
209.0714
20
85.2505
30
0
0
VERTEX
8
Visible
10
209.0739
20
85.2514
30
0
0
VERTEX
8
Visible
10
209.0765
20
85.2523
30
0
0
VERTEX
8
Visible
10
209.0790
20
85.2532
30
0
0
VERTEX
8
Visible
10
209.0815
20
85.2541
30
0
0
VERTEX
8
Visible
10
209.0840
20
85.2550
30
0
0
VERTEX
8
Visible
10
209.0866
20
85.2559
30
0
0
VERTEX
8
Visible
10
209.0891
20
85.2568
30
0
0
VERTEX
8
Visible
10
209.0916
20
85.2577
30
0
0
VERTEX
8
Visible
10
209.0941
20
85.2587
30
0
0
VERTEX
8
Visible
10
209.0967
20
85.2596
30
0
0
VERTEX
8
Visible
10
209.0992
20
85.2605
30
0
0
VERTEX
8
Visible
10
209.1017
20
85.2614
30
0
0
VERTEX
8
Visible
10
209.1043
20
85.2623
30
0
0
VERTEX
8
Visible
10
209.1068
20
85.2632
30
0
0
VERTEX
8
Visible
10
209.1093
20
85.2641
30
0
0
VERTEX
8
Visible
10
209.1118
20
85.2650
30
0
0
VERTEX
8
Visible
10
209.1144
20
85.2659
30
0
0
VERTEX
8
Visible
10
209.1169
20
85.2668
30
0
0
VERTEX
8
Visible
10
209.1194
20
85.2677
30
0
0
VERTEX
8
Visible
10
209.1220
20
85.2686
30
0
0
VERTEX
8
Visible
10
209.1245
20
85.2696
30
0
0
VERTEX
8
Visible
10
209.1270
20
85.2705
30
0
0
VERTEX
8
Visible
10
209.1296
20
85.2714
30
0
0
VERTEX
8
Visible
10
209.1321
20
85.2723
30
0
0
VERTEX
8
Visible
10
209.1346
20
85.2732
30
0
0
VERTEX
8
Visible
10
209.1372
20
85.2741
30
0
0
VERTEX
8
Visible
10
209.1397
20
85.2750
30
0
0
VERTEX
8
Visible
10
209.1422
20
85.2759
30
0
0
VERTEX
8
Visible
10
209.1448
20
85.2769
30
0
0
VERTEX
8
Visible
10
209.1473
20
85.2778
30
0
0
VERTEX
8
Visible
10
209.1498
20
85.2787
30
0
0
VERTEX
8
Visible
10
209.1524
20
85.2796
30
0
0
VERTEX
8
Visible
10
209.1549
20
85.2805
30
0
0
VERTEX
8
Visible
10
209.1575
20
85.2814
30
0
0
VERTEX
8
Visible
10
209.1600
20
85.2823
30
0
0
SEQEND
8
Visible
0
ARC
8
Visible
10
210.1583
20
137.5583
30
0
40
1.0000
50
231.0481
51
314.9890
0
ARC
8
Visible
10
210.1583
20
137.5583
30
0
40
1.0000
50
314.9890
51
231.0481
0
ARC
8
Visible
10
184.6163
20
114.6463
30
0
40
2.0000
50
359.1321
51
176.2318
0
CIRCLE
8
Visible
10
184.6163
20
114.6463
30
0
40
1.0000
0
ARC
8
Visible
10
215.0163
20
114.6463
30
0
40
2.0000
50
3.7682
51
180.8679
0
CIRCLE
8
Visible
10
215.0163
20
114.6463
30
0
40
1.0000
0
POLYLINE
8
Visible
66
1
70
0
10
0
20
0
30
0
0
VERTEX
8
Visible
10
175.6689
20
126.5276
30
0
0
VERTEX
8
Visible
10
175.5846
20
125.9494
30
0
0
VERTEX
8
Visible
10
175.5004
20
125.3700
30
0
0
VERTEX
8
Visible
10
175.4163
20
124.7895
30
0
0
VERTEX
8
Visible
10
175.3324
20
124.2079
30
0
0
VERTEX
8
Visible
10
175.2486
20
123.6252
30
0
0
VERTEX
8
Visible
10
175.1650
20
123.0415
30
0
0
VERTEX
8
Visible
10
175.0815
20
122.4566
30
0
0
VERTEX
8
Visible
10
174.9981
20
121.8707
30
0
0
VERTEX
8
Visible
10
174.9149
20
121.2838
30
0
0
VERTEX
8
Visible
10
174.8319
20
120.6958
30
0
0
VERTEX
8
Visible
10
174.7490
20
120.1068
30
0
0
VERTEX
8
Visible
10
174.6662
20
119.5167
30
0
0
VERTEX
8
Visible
10
174.5836
20
118.9256
30
0
0
VERTEX
8
Visible
10
174.5012
20
118.3335
30
0
0
VERTEX
8
Visible
10
174.4189
20
117.7404
30
0
0
VERTEX
8
Visible
10
174.3367
20
117.1463
30
0
0
SEQEND
8
Visible
0
LINE
8
Visible
10
175.3729
20
117.1463
30
0
11
174.3367
21
117.1463
31
0
0
POLYLINE
8
Visible
66
1
70
0
10
0
20
0
30
0
0
VERTEX
8
Visible
10
175.3729
20
117.1463
30
0
0
VERTEX
8
Visible
10
175.3486
20
116.9885
30
0
0
VERTEX
8
Visible
10
175.3243
20
116.8305
30
0
0
VERTEX
8
Visible
10
175.3000
20
116.6724
30
0
0
VERTEX
8
Visible
10
175.2757
20
116.5143
30
0
0
VERTEX
8
Visible
10
175.2514
20
116.3560
30
0
0
VERTEX
8
Visible
10
175.2271
20
116.1977
30
0
0
VERTEX
8
Visible
10
175.2029
20
116.0392
30
0
0
VERTEX
8
Visible
10
175.1786
20
115.8807
30
0
0
VERTEX
8
Visible
10
175.1544
20
115.7221
30
0
0
VERTEX
8
Visible
10
175.1301
20
115.5633
30
0
0
VERTEX
8
Visible
10
175.1059
20
115.4045
30
0
0
VERTEX
8
Visible
10
175.0817
20
115.2456
30
0
0
VERTEX
8
Visible
10
175.0575
20
115.0865
30
0
0
VERTEX
8
Visible
10
175.0333
20
114.9274
30
0
0
VERTEX
8
Visible
10
175.0091
20
114.7682
30
0
0
VERTEX
8
Visible
10
174.9850
20
114.6089
30
0
0
SEQEND
8
Visible
0
POLYLINE
8
Visible
66
1
70
0
10
0
20
0
30
0
0
VERTEX
8
Visible
10
224.6476
20
114.6089
30
0
0
VERTEX
8
Visible
10
224.6234
20
114.7682
30
0
0
VERTEX
8
Visible
10
224.5993
20
114.9274
30
0
0
VERTEX
8
Visible
10
224.5751
20
115.0865
30
0
0
VERTEX
8
Visible
10
224.5509
20
115.2456
30
0
0
VERTEX
8
Visible
10
224.5267
20
115.4045
30
0
0
VERTEX
8
Visible
10
224.5024
20
115.5633
30
0
0
VERTEX
8
Visible
10
224.4782
20
115.7221
30
0
0
VERTEX
8
Visible
10
224.4540
20
115.8807
30
0
0
VERTEX
8
Visible
10
224.4297
20
116.0392
30
0
0
VERTEX
8
Visible
10
224.4055
20
116.1977
30
0
0
VERTEX
8
Visible
10
224.3812
20
116.3560
30
0
0
VERTEX
8
Visible
10
224.3569
20
116.5143
30
0
0
VERTEX
8
Visible
10
224.3326
20
116.6724
30
0
0
VERTEX
8
Visible
10
224.3083
20
116.8305
30
0
0
VERTEX
8
Visible
10
224.2840
20
116.9885
30
0
0
VERTEX
8
Visible
10
224.2597
20
117.1463
30
0
0
SEQEND
8
Visible
0
LINE
8
Visible
10
225.2959
20
117.1463
30
0
11
224.2597
21
117.1463
31
0
0
POLYLINE
8
Visible
66
1
70
0
10
0
20
0
30
0
0
VERTEX
8
Visible
10
225.2959
20
117.1463
30
0
0
VERTEX
8
Visible
10
225.2137
20
117.7404
30
0
0
VERTEX
8
Visible
10
225.1314
20
118.3335
30
0
0
VERTEX
8
Visible
10
225.0490
20
118.9256
30
0
0
VERTEX
8
Visible
10
224.9664
20
119.5167
30
0
0
VERTEX
8
Visible
10
224.8836
20
120.1068
30
0
0
VERTEX
8
Visible
10
224.8007
20
120.6958
30
0
0
VERTEX
8
Visible
10
224.7176
20
121.2838
30
0
0
VERTEX
8
Visible
10
224.6344
20
121.8707
30
0
0
VERTEX
8
Visible
10
224.5511
20
122.4566
30
0
0
VERTEX
8
Visible
10
224.4676
20
123.0415
30
0
0
VERTEX
8
Visible
10
224.3840
20
123.6252
30
0
0
VERTEX
8
Visible
10
224.3002
20
124.2079
30
0
0
VERTEX
8
Visible
10
224.2163
20
124.7895
30
0
0
VERTEX
8
Visible
10
224.1322
20
125.3700
30
0
0
VERTEX
8
Visible
10
224.0480
20
125.9494
30
0
0
VERTEX
8
Visible
10
223.9637
20
126.5276
30
0
0
SEQEND
8
Visible
0
POLYLINE
8
Visible
66
1
70
0
10
0
20
0
30
0
0
VERTEX
8
Visible
10
223.9637
20
126.5276
30
0
0
VERTEX
8
Visible
10
223.9428
20
126.6706
30
0
0
VERTEX
8
Visible
10
223.9219
20
126.8136
30
0
0
VERTEX
8
Visible
10
223.9010
20
126.9566
30
0
0
VERTEX
8
Visible
10
223.8801
20
127.0996
30
0
0
VERTEX
8
Visible
10
223.8591
20
127.2427
30
0
0
VERTEX
8
Visible
10
223.8382
20
127.3857
30
0
0
VERTEX
8
Visible
10
223.8173
20
127.5287
30
0
0
VERTEX
8
Visible
10
223.7963
20
127.6718
30
0
0
VERTEX
8
Visible
10
223.7754
20
127.8149
30
0
0
VERTEX
8
Visible
10
223.7544
20
127.9580
30
0
0
VERTEX
8
Visible
10
223.7335
20
128.1011
30
0
0
VERTEX
8
Visible
10
223.7125
20
128.2442
30
0
0
VERTEX
8
Visible
10
223.6916
20
128.3873
30
0
0
VERTEX
8
Visible
10
223.6706
20
128.5304
30
0
0
VERTEX
8
Visible
10
223.6496
20
128.6735
30
0
0
VERTEX
8
Visible
10
223.6286
20
128.8166
30
0
0
VERTEX
8
Visible
10
223.6076
20
128.9598
30
0
0
VERTEX
8
Visible
10
223.5866
20
129.1029
30
0
0
VERTEX
8
Visible
10
223.5656
20
129.2461
30
0
0
VERTEX
8
Visible
10
223.5446
20
129.3892
30
0
0
VERTEX
8
Visible
10
223.5236
20
129.5324
30
0
0
VERTEX
8
Visible
10
223.5026
20
129.6755
30
0
0
VERTEX
8
Visible
10
223.4815
20
129.8187
30
0
0
VERTEX
8
Visible
10
223.4605
20
129.9618
30
0
0
VERTEX
8
Visible
10
223.4395
20
130.1050
30
0
0
VERTEX
8
Visible
10
223.4184
20
130.2481
30
0
0
VERTEX
8
Visible
10
223.3974
20
130.3913
30
0
0
VERTEX
8
Visible
10
223.3763
20
130.5344
30
0
0
VERTEX
8
Visible
10
223.3553
20
130.6776
30
0
0
VERTEX
8
Visible
10
223.3342
20
130.8207
30
0
0
VERTEX
8
Visible
10
223.3131
20
130.9639
30
0
0
VERTEX
8
Visible
10
223.2921
20
131.1070
30
0
0
VERTEX
8
Visible
10
223.2710
20
131.2502
30
0
0
VERTEX
8
Visible
10
223.2499
20
131.3933
30
0
0
VERTEX
8
Visible
10
223.2288
20
131.5364
30
0
0
VERTEX
8
Visible
10
223.2077
20
131.6795
30
0
0
VERTEX
8
Visible
10
223.1866
20
131.8227
30
0
0
VERTEX
8
Visible
10
223.1655
20
131.9658
30
0
0
VERTEX
8
Visible
10
223.1444
20
132.1089
30
0
0
VERTEX
8
Visible
10
223.1233
20
132.2520
30
0
0
VERTEX
8
Visible
10
223.1022
20
132.3950
30
0
0
VERTEX
8
Visible
10
223.0811
20
132.5381
30
0
0
VERTEX
8
Visible
10
223.0600
20
132.6812
30
0
0
VERTEX
8
Visible
10
223.0388
20
132.8242
30
0
0
VERTEX
8
Visible
10
223.0177
20
132.9673
30
0
0
VERTEX
8
Visible
10
222.9966
20
133.1103
30
0
0
VERTEX
8
Visible
10
222.9754
20
133.2533
30
0
0
VERTEX
8
Visible
10
222.9543
20
133.3963
30
0
0
SEQEND
8
Visible
0
POLYLINE
8
Visible
66
1
70
0
10
0
20
0
30
0
0
VERTEX
8
Visible
10
175.0516
20
133.3963
30
0
0
VERTEX
8
Visible
10
175.0782
20
133.3963
30
0
0
VERTEX
8
Visible
10
175.1050
20
133.3963
30
0
0
VERTEX
8
Visible
10
175.1322
20
133.3963
30
0
0
VERTEX
8
Visible
10
175.1597
20
133.3963
30
0
0
VERTEX
8
Visible
10
175.1875
20
133.3963
30
0
0
VERTEX
8
Visible
10
175.2156
20
133.3963
30
0
0
VERTEX
8
Visible
10
175.2441
20
133.3963
30
0
0
VERTEX
8
Visible
10
175.2729
20
133.3963
30
0
0
VERTEX
8
Visible
10
175.3019
20
133.3963
30
0
0
VERTEX
8
Visible
10
175.3313
20
133.3963
30
0
0
VERTEX
8
Visible
10
175.3610
20
133.3963
30
0
0
VERTEX
8
Visible
10
175.3910
20
133.3963
30
0
0
VERTEX
8
Visible
10
175.4214
20
133.3963
30
0
0
VERTEX
8
Visible
10
175.4520
20
133.3963
30
0
0
VERTEX
8
Visible
10
175.4830
20
133.3963
30
0
0
VERTEX
8
Visible
10
175.5143
20
133.3963
30
0
0
VERTEX
8
Visible
10
175.5459
20
133.3963
30
0
0
VERTEX
8
Visible
10
175.5778
20
133.3963
30
0
0
VERTEX
8
Visible
10
175.6100
20
133.3963
30
0
0
VERTEX
8
Visible
10
175.6425
20
133.3963
30
0
0
VERTEX
8
Visible
10
175.6753
20
133.3963
30
0
0
VERTEX
8
Visible
10
175.7085
20
133.3963
30
0
0
VERTEX
8
Visible
10
175.7420
20
133.3963
30
0
0
VERTEX
8
Visible
10
175.7757
20
133.3963
30
0
0
VERTEX
8
Visible
10
175.8098
20
133.3963
30
0
0
VERTEX
8
Visible
10
175.8442
20
133.3963
30
0
0
VERTEX
8
Visible
10
175.8789
20
133.3963
30
0
0
VERTEX
8
Visible
10
175.9139
20
133.3963
30
0
0
VERTEX
8
Visible
10
175.9492
20
133.3963
30
0
0
VERTEX
8
Visible
10
175.9848
20
133.3963
30
0
0
VERTEX
8
Visible
10
176.0208
20
133.3963
30
0
0
VERTEX
8
Visible
10
176.0570
20
133.3963
30
0
0
VERTEX
8
Visible
10
176.0935
20
133.3963
30
0
0
VERTEX
8
Visible
10
176.1304
20
133.3963
30
0
0
VERTEX
8
Visible
10
176.1676
20
133.3963
30
0
0
VERTEX
8
Visible
10
176.2050
20
133.3963
30
0
0
VERTEX
8
Visible
10
176.2428
20
133.3963
30
0
0
VERTEX
8
Visible
10
176.2809
20
133.3963
30
0
0
VERTEX
8
Visible
10
176.3192
20
133.3963
30
0
0
VERTEX
8
Visible
10
176.3579
20
133.3963
30
0
0
VERTEX
8
Visible
10
176.3969
20
133.3963
30
0
0
VERTEX
8
Visible
10
176.4362
20
133.3963
30
0
0
VERTEX
8
Visible
10
176.4758
20
133.3963
30
0
0
VERTEX
8
Visible
10
176.5157
20
133.3963
30
0
0
VERTEX
8
Visible
10
176.5559
20
133.3963
30
0
0
VERTEX
8
Visible
10
176.5964
20
133.3963
30
0
0
VERTEX
8
Visible
10
176.6372
20
133.3963
30
0
0
VERTEX
8
Visible
10
176.6783
20
133.3963
30
0
0
SEQEND
8
Visible
0
POLYLINE
8
Visible
66
1
70
0
10
0
20
0
30
0
0
VERTEX
8
Visible
10
176.6783
20
133.3963
30
0
0
VERTEX
8
Visible
10
176.6571
20
133.2533
30
0
0
VERTEX
8
Visible
10
176.6360
20
133.1103
30
0
0
VERTEX
8
Visible
10
176.6149
20
132.9673
30
0
0
VERTEX
8
Visible
10
176.5937
20
132.8242
30
0
0
VERTEX
8
Visible
10
176.5726
20
132.6812
30
0
0
VERTEX
8
Visible
10
176.5515
20
132.5381
30
0
0
VERTEX
8
Visible
10
176.5304
20
132.3950
30
0
0
VERTEX
8
Visible
10
176.5093
20
132.2520
30
0
0
VERTEX
8
Visible
10
176.4882
20
132.1089
30
0
0
VERTEX
8
Visible
10
176.4671
20
131.9658
30
0
0
VERTEX
8
Visible
10
176.4460
20
131.8227
30
0
0
VERTEX
8
Visible
10
176.4249
20
131.6795
30
0
0
VERTEX
8
Visible
10
176.4038
20
131.5364
30
0
0
VERTEX
8
Visible
10
176.3827
20
131.3933
30
0
0
VERTEX
8
Visible
10
176.3616
20
131.2502
30
0
0
VERTEX
8
Visible
10
176.3405
20
131.1070
30
0
0
VERTEX
8
Visible
10
176.3195
20
130.9639
30
0
0
VERTEX
8
Visible
10
176.2984
20
130.8207
30
0
0
VERTEX
8
Visible
10
176.2773
20
130.6776
30
0
0
VERTEX
8
Visible
10
176.2563
20
130.5344
30
0
0
VERTEX
8
Visible
10
176.2352
20
130.3913
30
0
0
VERTEX
8
Visible
10
176.2142
20
130.2481
30
0
0
VERTEX
8
Visible
10
176.1931
20
130.1050
30
0
0
VERTEX
8
Visible
10
176.1721
20
129.9618
30
0
0
VERTEX
8
Visible
10
176.1511
20
129.8187
30
0
0
VERTEX
8
Visible
10
176.1300
20
129.6755
30
0
0
VERTEX
8
Visible
10
176.1090
20
129.5324
30
0
0
VERTEX
8
Visible
10
176.0880
20
129.3892
30
0
0
VERTEX
8
Visible
10
176.0670
20
129.2461
30
0
0
VERTEX
8
Visible
10
176.0460
20
129.1029
30
0
0
VERTEX
8
Visible
10
176.0250
20
128.9598
30
0
0
VERTEX
8
Visible
10
176.0040
20
128.8166
30
0
0
VERTEX
8
Visible
10
175.9830
20
128.6735
30
0
0
VERTEX
8
Visible
10
175.9620
20
128.5304
30
0
0
VERTEX
8
Visible
10
175.9410
20
128.3873
30
0
0
VERTEX
8
Visible
10
175.9201
20
128.2442
30
0
0
VERTEX
8
Visible
10
175.8991
20
128.1011
30
0
0
VERTEX
8
Visible
10
175.8781
20
127.9580
30
0
0
VERTEX
8
Visible
10
175.8572
20
127.8149
30
0
0
VERTEX
8
Visible
10
175.8362
20
127.6718
30
0
0
VERTEX
8
Visible
10
175.8153
20
127.5287
30
0
0
VERTEX
8
Visible
10
175.7944
20
127.3857
30
0
0
VERTEX
8
Visible
10
175.7735
20
127.2427
30
0
0
VERTEX
8
Visible
10
175.7525
20
127.0996
30
0
0
VERTEX
8
Visible
10
175.7316
20
126.9566
30
0
0
VERTEX
8
Visible
10
175.7107
20
126.8136
30
0
0
VERTEX
8
Visible
10
175.6898
20
126.6706
30
0
0
VERTEX
8
Visible
10
175.6689
20
126.5276
30
0
0
SEQEND
8
Visible
0
LINE
8
Visible
10
174.6338
20
133.3963
30
0
11
175.0516
21
133.3963
31
0
0
LINE
8
Visible
10
264.0214
20
157.6463
30
0
11
264.0214
21
158.6380
31
0
0
ARC
8
Visible
10
264.3863
20
150.6463
30
0
40
8.0000
50
92.6143
51
112.2099
0
ARC
8
Visible
10
268.9223
20
139.5367
30
0
40
20.0000
50
112.2099
51
173.6176
0
LINE
8
Visible
10
249.0463
20
141.7599
30
0
11
245.4240
21
109.3763
31
0
0
LINE
8
Visible
10
245.4240
20
109.3763
30
0
11
247.4365
21
109.3763
31
0
0
LINE
8
Visible
10
247.4365
20
109.3763
30
0
11
247.6568
21
111.3463
31
0
0
LINE
8
Visible
10
247.6568
20
111.3463
30
0
11
252.0214
21
111.3463
31
0
0
LINE
8
Visible
10
252.0214
20
111.3463
30
0
11
252.0214
21
112.1463
31
0
0
LINE
8
Visible
10
252.0214
20
112.1463
30
0
11
247.7463
21
112.1463
31
0
0
LINE
8
Visible
10
247.7463
20
112.1463
30
0
11
249.0438
21
123.7463
31
0
0
LINE
8
Visible
10
249.0438
20
123.7463
30
0
11
252.0214
21
123.7463
31
0
0
LINE
8
Visible
10
252.0214
20
123.7463
30
0
11
252.0214
21
124.5463
31
0
0
LINE
8
Visible
10
252.0214
20
124.5463
30
0
11
249.1333
21
124.5463
31
0
0
LINE
8
Visible
10
249.1333
20
124.5463
30
0
11
249.6199
21
128.8963
31
0
0
LINE
8
Visible
10
249.6199
20
128.8963
30
0
11
253.0214
21
128.8963
31
0
0
LINE
8
Visible
10
253.0214
20
128.8963
30
0
11
253.0214
21
131.5463
31
0
0
LINE
8
Visible
10
253.0214
20
131.5463
30
0
11
249.9163
21
131.5463
31
0
0
LINE
8
Visible
10
249.9163
20
131.5463
30
0
11
250.3861
21
135.7463
31
0
0
LINE
8
Visible
10
250.3861
20
135.7463
30
0
11
253.0214
21
135.7463
31
0
0
LINE
8
Visible
10
253.0214
20
135.7463
30
0
11
253.0214
21
138.3963
31
0
0
LINE
8
Visible
10
253.0214
20
138.3963
30
0
11
250.6825
21
138.3963
31
0
0
LINE
8
Visible
10
250.6825
20
138.3963
30
0
11
251.0339
21
141.5376
31
0
0
ARC
8
Visible
10
268.9223
20
139.5367
30
0
40
18.0000
50
112.2099
51
173.6176
0
ARC
8
Visible
10
264.3863
20
150.6463
30
0
40
6.0000
50
90.0000
51
112.2099
0
LINE
8
Visible
10
264.3863
20
156.6463
30
0
11
266.0214
21
156.6463
31
0
0
LINE
8
Visible
10
266.0214
20
156.6463
30
0
11
266.0214
21
157.6463
31
0
0
LINE
8
Visible
10
266.0214
20
157.6463
30
0
11
264.0214
21
157.6463
31
0
0
ARC
8
Visible
10
264.9128
20
103.6911
30
0
40
20.0000
50
173.6176
51
244.7532
0
ARC
8
Visible
10
260.6476
20
94.6463
30
0
40
10.0000
50
244.7532
51
270.0000
0
LINE
8
Visible
10
260.6476
20
84.6463
30
0
11
264.5214
21
84.6463
31
0
0
LINE
8
Visible
10
264.5214
20
84.6463
30
0
11
264.5214
21
85.6463
31
0
0
LINE
8
Visible
10
264.5214
20
85.6463
30
0
11
266.0214
21
85.6463
31
0
0
LINE
8
Visible
10
266.0214
20
85.6463
30
0
11
266.0214
21
86.6463
31
0
0
LINE
8
Visible
10
266.0214
20
86.6463
30
0
11
260.6476
21
86.6463
31
0
0
ARC
8
Visible
10
260.6476
20
94.6463
30
0
40
8.0000
50
244.7532
51
270.0000
0
ARC
8
Visible
10
264.9128
20
103.6911
30
0
40
18.0000
50
192.6594
51
244.7532
0
LINE
8
Visible
10
247.3504
20
99.7463
30
0
11
252.0214
21
99.7463
31
0
0
LINE
8
Visible
10
252.0214
20
99.7463
30
0
11
252.0214
21
100.5463
31
0
0
LINE
8
Visible
10
252.0214
20
100.5463
30
0
11
247.1896
21
100.5463
31
0
0
ARC
8
Visible
10
264.9128
20
103.6911
30
0
40
18.0000
50
173.6176
51
190.0618
0
LINE
8
Visible
10
247.0243
20
105.6921
30
0
11
247.0673
21
106.0763
31
0
0
LINE
8
Visible
10
247.0673
20
106.0763
30
0
11
245.0549
21
106.0763
31
0
0
LINE
8
Visible
10
245.0549
20
106.0763
30
0
11
245.0367
21
105.9144
31
0
0
LINE
8
Visible
10
266.0214
20
112.1463
30
0
11
266.0214
21
87.1035
31
0
0
LINE
8
Visible
10
266.0214
20
87.1035
30
0
11
266.0214
21
86.6463
31
0
0
POLYLINE
8
Visible
66
1
70
0
10
0
20
0
30
0
0
VERTEX
8
Visible
10
245.0709
20
106.2197
30
0
0
VERTEX
8
Visible
10
245.0705
20
106.2161
30
0
0
VERTEX
8
Visible
10
245.0701
20
106.2125
30
0
0
VERTEX
8
Visible
10
245.0697
20
106.2090
30
0
0
VERTEX
8
Visible
10
245.0693
20
106.2056
30
0
0
VERTEX
8
Visible
10
245.0689
20
106.2021
30
0
0
VERTEX
8
Visible
10
245.0686
20
106.1988
30
0
0
VERTEX
8
Visible
10
245.0682
20
106.1954
30
0
0
VERTEX
8
Visible
10
245.0678
20
106.1921
30
0
0
VERTEX
8
Visible
10
245.0674
20
106.1889
30
0
0
VERTEX
8
Visible
10
245.0671
20
106.1857
30
0
0
VERTEX
8
Visible
10
245.0667
20
106.1825
30
0
0
VERTEX
8
Visible
10
245.0664
20
106.1794
30
0
0
VERTEX
8
Visible
10
245.0660
20
106.1763
30
0
0
VERTEX
8
Visible
10
245.0657
20
106.1733
30
0
0
VERTEX
8
Visible
10
245.0654
20
106.1703
30
0
0
VERTEX
8
Visible
10
245.0651
20
106.1674
30
0
0
VERTEX
8
Visible
10
245.0647
20
106.1645
30
0
0
VERTEX
8
Visible
10
245.0644
20
106.1617
30
0
0
VERTEX
8
Visible
10
245.0641
20
106.1589
30
0
0
VERTEX
8
Visible
10
245.0638
20
106.1561
30
0
0
VERTEX
8
Visible
10
245.0635
20
106.1534
30
0
0
VERTEX
8
Visible
10
245.0632
20
106.1508
30
0
0
VERTEX
8
Visible
10
245.0629
20
106.1481
30
0
0
VERTEX
8
Visible
10
245.0626
20
106.1456
30
0
0
VERTEX
8
Visible
10
245.0623
20
106.1430
30
0
0
VERTEX
8
Visible
10
245.0621
20
106.1406
30
0
0
VERTEX
8
Visible
10
245.0618
20
106.1381
30
0
0
VERTEX
8
Visible
10
245.0615
20
106.1357
30
0
0
VERTEX
8
Visible
10
245.0613
20
106.1334
30
0
0
VERTEX
8
Visible
10
245.0610
20
106.1311
30
0
0
VERTEX
8
Visible
10
245.0607
20
106.1288
30
0
0
VERTEX
8
Visible
10
245.0605
20
106.1266
30
0
0
VERTEX
8
Visible
10
245.0603
20
106.1245
30
0
0
VERTEX
8
Visible
10
245.0600
20
106.1224
30
0
0
VERTEX
8
Visible
10
245.0598
20
106.1203
30
0
0
VERTEX
8
Visible
10
245.0596
20
106.1183
30
0
0
VERTEX
8
Visible
10
245.0593
20
106.1163
30
0
0
VERTEX
8
Visible
10
245.0591
20
106.1144
30
0
0
VERTEX
8
Visible
10
245.0589
20
106.1125
30
0
0
VERTEX
8
Visible
10
245.0587
20
106.1107
30
0
0
VERTEX
8
Visible
10
245.0585
20
106.1089
30
0
0
VERTEX
8
Visible
10
245.0583
20
106.1071
30
0
0
VERTEX
8
Visible
10
245.0581
20
106.1054
30
0
0
VERTEX
8
Visible
10
245.0579
20
106.1038
30
0
0
VERTEX
8
Visible
10
245.0578
20
106.1022
30
0
0
VERTEX
8
Visible
10
245.0576
20
106.1007
30
0
0
VERTEX
8
Visible
10
245.0574
20
106.0992
30
0
0
VERTEX
8
Visible
10
245.0573
20
106.0977
30
0
0
VERTEX
8
Visible
10
245.0571
20
106.0963
30
0
0
VERTEX
8
Visible
10
245.0569
20
106.0949
30
0
0
VERTEX
8
Visible
10
245.0568
20
106.0936
30
0
0
VERTEX
8
Visible
10
245.0567
20
106.0924
30
0
0
VERTEX
8
Visible
10
245.0565
20
106.0912
30
0
0
VERTEX
8
Visible
10
245.0564
20
106.0900
30
0
0
VERTEX
8
Visible
10
245.0563
20
106.0889
30
0
0
VERTEX
8
Visible
10
245.0561
20
106.0878
30
0
0
VERTEX
8
Visible
10
245.0560
20
106.0868
30
0
0
VERTEX
8
Visible
10
245.0559
20
106.0858
30
0
0
VERTEX
8
Visible
10
245.0558
20
106.0849
30
0
0
VERTEX
8
Visible
10
245.0557
20
106.0840
30
0
0
VERTEX
8
Visible
10
245.0556
20
106.0831
30
0
0
VERTEX
8
Visible
10
245.0555
20
106.0824
30
0
0
VERTEX
8
Visible
10
245.0555
20
106.0816
30
0
0
VERTEX
8
Visible
10
245.0554
20
106.0809
30
0
0
VERTEX
8
Visible
10
245.0553
20
106.0803
30
0
0
VERTEX
8
Visible
10
245.0552
20
106.0797
30
0
0
VERTEX
8
Visible
10
245.0552
20
106.0792
30
0
0
VERTEX
8
Visible
10
245.0551
20
106.0787
30
0
0
VERTEX
8
Visible
10
245.0551
20
106.0782
30
0
0
VERTEX
8
Visible
10
245.0550
20
106.0778
30
0
0
VERTEX
8
Visible
10
245.0550
20
106.0774
30
0
0
VERTEX
8
Visible
10
245.0549
20
106.0771
30
0
0
SEQEND
8
Visible
0
LINE
8
Visible
10
245.2115
20
107.4763
30
0
11
245.0709
21
106.2197
31
0
0
LINE
8
Visible
10
245.2115
20
107.4763
30
0
11
245.2674
21
107.9763
31
0
0
LINE
8
Visible
10
245.4240
20
109.3763
30
0
11
245.2674
21
107.9763
31
0
0
LINE
8
Visible
10
266.0214
20
156.6463
30
0
11
266.0214
21
136.2019
31
0
0
LINE
8
Visible
10
266.0214
20
136.2019
30
0
11
266.0214
21
133.3963
31
0
0
LINE
8
Visible
10
252.0214
20
99.7463
30
0
11
252.0214
21
91.6818
31
0
0
LINE
8
Visible
10
252.0214
20
144.9692
30
0
11
252.0214
21
138.3963
31
0
0
LINE
8
Visible
10
252.0214
20
128.8963
30
0
11
252.0214
21
124.5463
31
0
0
LINE
8
Visible
10
252.0214
20
123.7463
30
0
11
252.0214
21
112.1463
31
0
0
LINE
8
Visible
10
252.0214
20
111.3463
30
0
11
252.0214
21
100.5463
31
0
0
LINE
8
Visible
10
262.0381
20
112.1463
30
0
11
259.0214
21
112.1463
31
0
0
ARC
8
Visible
10
265.2703
20
104.1373
30
0
40
18.1844
50
193.9734
51
223.2323
0
ARC
8
Visible
10
276.1561
20
136.7299
30
0
40
25.5025
50
161.1506
51
174.4446
0
LINE
8
Visible
10
259.0214
20
111.3463
30
0
11
258.4356
21
111.3463
31
0
0
LINE
8
Visible
10
256.6072
20
111.3463
30
0
11
258.4356
21
111.3463
31
0
0
LINE
8
Visible
10
256.6072
20
111.3463
30
0
11
255.1930
21
111.3463
31
0
0
LINE
8
Visible
10
255.1930
20
111.3463
30
0
11
252.0214
21
111.3463
31
0
0
LINE
8
Visible
10
258.0214
20
126.3273
30
0
11
258.0214
21
133.3963
31
0
0
LINE
8
Visible
10
258.0214
20
133.3963
30
0
11
262.2474
21
133.3963
31
0
0
LINE
8
Visible
10
252.0214
20
112.1463
30
0
11
255.1930
21
112.1463
31
0
0
LINE
8
Visible
10
255.1930
20
112.1463
30
0
11
256.6072
21
112.1463
31
0
0
LINE
8
Visible
10
258.4356
20
112.1463
30
0
11
256.6072
21
112.1463
31
0
0
LINE
8
Visible
10
258.4356
20
112.1463
30
0
11
259.0214
21
112.1463
31
0
0
LINE
8
Visible
10
262.6148
20
112.1463
30
0
11
262.0381
21
112.1463
31
0
0
LINE
8
Visible
10
263.8623
20
112.1463
30
0
11
262.6148
21
112.1463
31
0
0
LINE
8
Visible
10
266.0214
20
112.1463
30
0
11
263.8623
21
112.1463
31
0
0
LINE
8
Visible
10
256.0214
20
114.4038
30
0
11
256.0214
21
117.1463
31
0
0
LINE
8
Visible
10
256.0214
20
117.1463
30
0
11
258.0214
21
117.1463
31
0
0
LINE
8
Visible
10
258.0214
20
117.1463
30
0
11
258.0214
21
126.3273
31
0
0
ARC
8
Visible
10
267.6598
20
104.6345
30
0
40
20.6275
50
172.7606
51
191.4312
0
LINE
8
Visible
10
247.2799
20
107.9763
30
0
11
247.4365
21
109.3763
31
0
0
LINE
8
Visible
10
245.0549
20
106.0771
30
0
11
245.0549
21
106.0763
31
0
0
LINE
8
Visible
10
247.0673
20
106.0763
30
0
11
247.2239
21
107.4763
31
0
0
LINE
8
Visible
10
247.2799
20
107.9763
30
0
11
247.2239
21
107.4763
31
0
0
LINE
8
Visible
10
253.0214
20
106.8293
30
0
11
253.0214
21
102.8293
31
0
0
LINE
8
Visible
10
253.0214
20
135.7463
30
0
11
253.0214
21
131.5463
31
0
0
LINE
8
Visible
10
259.0214
20
111.3463
30
0
11
259.0214
21
112.1463
31
0
0
LINE
8
Visible
10
256.0214
20
112.1463
30
0
11
256.0214
21
114.4038
31
0
0
LINE
8
Visible
10
264.1676
20
133.3963
30
0
11
266.0214
21
133.3963
31
0
0
LINE
8
Visible
10
262.2474
20
133.3963
30
0
11
264.1676
21
133.3963
31
0
0
LINE
8
Visible
10
253.0214
20
102.8293
30
0
11
252.0214
21
102.8293
31
0
0
LINE
8
Visible
10
253.0214
20
106.8293
30
0
11
252.0214
21
106.8293
31
0
0
LINE
8
Visible
10
100.5112
20
54.0946
30
0
11
100.5112
21
50.8971
31
0
0
LINE
8
Visible
10
100.5112
20
50.8971
30
0
11
99.5112
21
50.8971
31
0
0
LINE
8
Visible
10
99.5112
20
50.8971
30
0
11
99.5112
21
48.8971
31
0
0
LINE
8
Visible
10
99.5112
20
48.8971
30
0
11
101.2612
21
48.8971
31
0
0
LINE
8
Visible
10
101.2612
20
48.8971
30
0
11
101.2612
21
52.2115
31
0
0
POLYLINE
8
Visible
66
1
70
0
10
0
20
0
30
0
0
VERTEX
8
Visible
10
101.2612
20
52.2115
30
0
0
VERTEX
8
Visible
10
101.5601
20
52.2935
30
0
0
VERTEX
8
Visible
10
101.8605
20
52.3704
30
0
0
VERTEX
8
Visible
10
102.1621
20
52.4420
30
0
0
VERTEX
8
Visible
10
102.4650
20
52.5084
30
0
0
VERTEX
8
Visible
10
102.7690
20
52.5696
30
0
0
VERTEX
8
Visible
10
103.0741
20
52.6255
30
0
0
VERTEX
8
Visible
10
103.3801
20
52.6762
30
0
0
VERTEX
8
Visible
10
103.6871
20
52.7215
30
0
0
VERTEX
8
Visible
10
103.9948
20
52.7616
30
0
0
VERTEX
8
Visible
10
104.3031
20
52.7963
30
0
0
VERTEX
8
Visible
10
104.6121
20
52.8257
30
0
0
VERTEX
8
Visible
10
104.9217
20
52.8498
30
0
0
VERTEX
8
Visible
10
105.2316
20
52.8685
30
0
0
VERTEX
8
Visible
10
105.5418
20
52.8819
30
0
0
VERTEX
8
Visible
10
105.8523
20
52.8899
30
0
0
VERTEX
8
Visible
10
106.1630
20
52.8926
30
0
0
SEQEND
8
Visible
0
LINE
8
Visible
10
106.1630
20
52.8926
30
0
11
108.3112
21
52.8926
31
0
0
LINE
8
Visible
10
108.3112
20
52.8926
30
0
11
108.3112
21
48.8971
31
0
0
LINE
8
Visible
10
108.3112
20
48.8971
30
0
11
109.1112
21
48.8971
31
0
0
LINE
8
Visible
10
109.1112
20
48.8971
30
0
11
109.1112
21
52.8926
31
0
0
LINE
8
Visible
10
109.1112
20
52.8926
30
0
11
118.3112
21
52.8926
31
0
0
LINE
8
Visible
10
118.3112
20
52.8926
30
0
11
118.3112
21
48.8971
31
0
0
LINE
8
Visible
10
118.3112
20
48.8971
30
0
11
119.1112
21
48.8971
31
0
0
LINE
8
Visible
10
119.1112
20
48.8971
30
0
11
119.1112
21
52.8926
31
0
0
LINE
8
Visible
10
119.1112
20
52.8926
30
0
11
121.2595
21
52.8926
31
0
0
POLYLINE
8
Visible
66
1
70
0
10
0
20
0
30
0
0
VERTEX
8
Visible
10
121.2595
20
52.8926
30
0
0
VERTEX
8
Visible
10
121.5701
20
52.8899
30
0
0
VERTEX
8
Visible
10
121.8806
20
52.8819
30
0
0
VERTEX
8
Visible
10
122.1909
20
52.8685
30
0
0
VERTEX
8
Visible
10
122.5008
20
52.8498
30
0
0
VERTEX
8
Visible
10
122.8103
20
52.8257
30
0
0
VERTEX
8
Visible
10
123.1193
20
52.7963
30
0
0
VERTEX
8
Visible
10
123.4277
20
52.7616
30
0
0
VERTEX
8
Visible
10
123.7354
20
52.7215
30
0
0
VERTEX
8
Visible
10
124.0423
20
52.6762
30
0
0
VERTEX
8
Visible
10
124.3484
20
52.6255
30
0
0
VERTEX
8
Visible
10
124.6535
20
52.5696
30
0
0
VERTEX
8
Visible
10
124.9575
20
52.5084
30
0
0
VERTEX
8
Visible
10
125.2604
20
52.4420
30
0
0
VERTEX
8
Visible
10
125.5620
20
52.3704
30
0
0
VERTEX
8
Visible
10
125.8623
20
52.2935
30
0
0
VERTEX
8
Visible
10
126.1612
20
52.2115
30
0
0
SEQEND
8
Visible
0
LINE
8
Visible
10
126.1612
20
52.2115
30
0
11
126.1612
21
48.8971
31
0
0
LINE
8
Visible
10
126.1612
20
48.8971
30
0
11
127.9112
21
48.8971
31
0
0
LINE
8
Visible
10
127.9112
20
48.8971
30
0
11
127.9112
21
50.8971
31
0
0
LINE
8
Visible
10
127.9112
20
50.8971
30
0
11
126.9112
21
50.8971
31
0
0
LINE
8
Visible
10
126.9112
20
50.8971
30
0
11
126.9112
21
54.0946
31
0
0
POLYLINE
8
Visible
66
1
70
0
10
0
20
0
30
0
0
VERTEX
8
Visible
10
126.9112
20
54.0946
30
0
0
VERTEX
8
Visible
10
126.5684
20
54.1922
30
0
0
VERTEX
8
Visible
10
126.2238
20
54.2836
30
0
0
VERTEX
8
Visible
10
125.8776
20
54.3688
30
0
0
VERTEX
8
Visible
10
125.5298
20
54.4478
30
0
0
VERTEX
8
Visible
10
125.1807
20
54.5206
30
0
0
VERTEX
8
Visible
10
124.8303
20
54.5872
30
0
0
VERTEX
8
Visible
10
124.4786
20
54.6474
30
0
0
VERTEX
8
Visible
10
124.1259
20
54.7014
30
0
0
VERTEX
8
Visible
10
123.7723
20
54.7491
30
0
0
VERTEX
8
Visible
10
123.4177
20
54.7904
30
0
0
VERTEX
8
Visible
10
123.0625
20
54.8254
30
0
0
VERTEX
8
Visible
10
122.7066
20
54.8541
30
0
0
VERTEX
8
Visible
10
122.3502
20
54.8764
30
0
0
VERTEX
8
Visible
10
121.9934
20
54.8923
30
0
0
VERTEX
8
Visible
10
121.6363
20
54.9019
30
0
0
VERTEX
8
Visible
10
121.2791
20
54.9051
30
0
0
SEQEND
8
Visible
0
LINE
8
Visible
10
121.2791
20
54.9051
30
0
11
106.1434
21
54.9051
31
0
0
POLYLINE
8
Visible
66
1
70
0
10
0
20
0
30
0
0
VERTEX
8
Visible
10
106.1434
20
54.9051
30
0
0
VERTEX
8
Visible
10
105.7862
20
54.9019
30
0
0
VERTEX
8
Visible
10
105.4291
20
54.8923
30
0
0
VERTEX
8
Visible
10
105.0723
20
54.8764
30
0
0
VERTEX
8
Visible
10
104.7159
20
54.8541
30
0
0
VERTEX
8
Visible
10
104.3600
20
54.8254
30
0
0
VERTEX
8
Visible
10
104.0047
20
54.7904
30
0
0
VERTEX
8
Visible
10
103.6502
20
54.7491
30
0
0
VERTEX
8
Visible
10
103.2965
20
54.7014
30
0
0
VERTEX
8
Visible
10
102.9438
20
54.6474
30
0
0
VERTEX
8
Visible
10
102.5922
20
54.5872
30
0
0
VERTEX
8
Visible
10
102.2418
20
54.5206
30
0
0
VERTEX
8
Visible
10
101.8926
20
54.4478
30
0
0
VERTEX
8
Visible
10
101.5449
20
54.3688
30
0
0
VERTEX
8
Visible
10
101.1987
20
54.2836
30
0
0
VERTEX
8
Visible
10
100.8541
20
54.1922
30
0
0
VERTEX
8
Visible
10
100.5112
20
54.0946
30
0
0
SEQEND
8
Visible
0
ARC
8
Visible
10
121.3197
20
35.0807
30
0
40
19.8189
50
31.8328
51
61.0558
0
LINE
8
Visible
10
130.9112
20
52.4240
30
0
11
130.9112
21
50.8971
31
0
0
LINE
8
Visible
10
130.9112
20
50.8971
30
0
11
129.9112
21
50.8971
31
0
0
LINE
8
Visible
10
129.9112
20
50.8971
30
0
11
129.9112
21
48.8971
31
0
0
LINE
8
Visible
10
129.9112
20
48.8971
30
0
11
131.6612
21
48.8971
31
0
0
LINE
8
Visible
10
131.6612
20
48.8971
30
0
11
131.6612
21
49.5674
31
0
0
POLYLINE
8
Visible
66
1
70
0
10
0
20
0
30
0
0
VERTEX
8
Visible
10
131.6612
20
49.5674
30
0
0
VERTEX
8
Visible
10
131.9904
20
49.3267
30
0
0
VERTEX
8
Visible
10
132.3140
20
49.0784
30
0
0
VERTEX
8
Visible
10
132.6318
20
48.8229
30
0
0
VERTEX
8
Visible
10
132.9437
20
48.5601
30
0
0
VERTEX
8
Visible
10
133.2495
20
48.2902
30
0
0
VERTEX
8
Visible
10
133.5491
20
48.0135
30
0
0
VERTEX
8
Visible
10
133.8423
20
47.7299
30
0
0
VERTEX
8
Visible
10
134.1289
20
47.4397
30
0
0
VERTEX
8
Visible
10
134.4088
20
47.1429
30
0
0
VERTEX
8
Visible
10
134.6819
20
46.8399
30
0
0
VERTEX
8
Visible
10
134.9480
20
46.5306
30
0
0
VERTEX
8
Visible
10
135.2070
20
46.2153
30
0
0
VERTEX
8
Visible
10
135.4587
20
45.8942
30
0
0
VERTEX
8
Visible
10
135.7030
20
45.5673
30
0
0
VERTEX
8
Visible
10
135.9399
20
45.2349
30
0
0
VERTEX
8
Visible
10
136.1691
20
44.8971
30
0
0
SEQEND
8
Visible
0
LINE
8
Visible
10
136.1691
20
44.8971
30
0
11
138.5369
21
44.8971
31
0
0
POLYLINE
8
Visible
66
1
70
0
10
0
20
0
30
0
0
VERTEX
8
Visible
10
138.5369
20
44.8971
30
0
0
VERTEX
8
Visible
10
138.5139
20
44.9373
30
0
0
VERTEX
8
Visible
10
138.4908
20
44.9775
30
0
0
VERTEX
8
Visible
10
138.4676
20
45.0176
30
0
0
VERTEX
8
Visible
10
138.4443
20
45.0577
30
0
0
VERTEX
8
Visible
10
138.4209
20
45.0977
30
0
0
VERTEX
8
Visible
10
138.3975
20
45.1376
30
0
0
VERTEX
8
Visible
10
138.3739
20
45.1775
30
0
0
VERTEX
8
Visible
10
138.3502
20
45.2173
30
0
0
VERTEX
8
Visible
10
138.3265
20
45.2571
30
0
0
VERTEX
8
Visible
10
138.3027
20
45.2968
30
0
0
VERTEX
8
Visible
10
138.2787
20
45.3365
30
0
0
VERTEX
8
Visible
10
138.2547
20
45.3761
30
0
0
VERTEX
8
Visible
10
138.2306
20
45.4157
30
0
0
VERTEX
8
Visible
10
138.2064
20
45.4552
30
0
0
VERTEX
8
Visible
10
138.1821
20
45.4946
30
0
0
VERTEX
8
Visible
10
138.1577
20
45.5340
30
0
0
SEQEND
8
Visible
0
ARC
8
Visible
10
106.1027
20
35.0807
30
0
40
19.8189
50
118.9442
51
148.1672
0
POLYLINE
8
Visible
66
1
70
0
10
0
20
0
30
0
0
VERTEX
8
Visible
10
89.2648
20
45.5340
30
0
0
VERTEX
8
Visible
10
89.2404
20
45.4946
30
0
0
VERTEX
8
Visible
10
89.2161
20
45.4552
30
0
0
VERTEX
8
Visible
10
89.1919
20
45.4157
30
0
0
VERTEX
8
Visible
10
89.1678
20
45.3761
30
0
0
VERTEX
8
Visible
10
89.1437
20
45.3365
30
0
0
VERTEX
8
Visible
10
89.1198
20
45.2968
30
0
0
VERTEX
8
Visible
10
89.0960
20
45.2571
30
0
0
VERTEX
8
Visible
10
89.0722
20
45.2173
30
0
0
VERTEX
8
Visible
10
89.0486
20
45.1775
30
0
0
VERTEX
8
Visible
10
89.0250
20
45.1376
30
0
0
VERTEX
8
Visible
10
89.0015
20
45.0977
30
0
0
VERTEX
8
Visible
10
88.9782
20
45.0577
30
0
0
VERTEX
8
Visible
10
88.9549
20
45.0176
30
0
0
VERTEX
8
Visible
10
88.9317
20
44.9775
30
0
0
VERTEX
8
Visible
10
88.9086
20
44.9373
30
0
0
VERTEX
8
Visible
10
88.8856
20
44.8971
30
0
0
SEQEND
8
Visible
0
LINE
8
Visible
10
88.8856
20
44.8971
30
0
11
91.2534
21
44.8971
31
0
0
POLYLINE
8
Visible
66
1
70
0
10
0
20
0
30
0
0
VERTEX
8
Visible
10
91.2534
20
44.8971
30
0
0
VERTEX
8
Visible
10
91.4826
20
45.2349
30
0
0
VERTEX
8
Visible
10
91.7194
20
45.5673
30
0
0
VERTEX
8
Visible
10
91.9638
20
45.8942
30
0
0
VERTEX
8
Visible
10
92.2155
20
46.2153
30
0
0
VERTEX
8
Visible
10
92.4745
20
46.5306
30
0
0
VERTEX
8
Visible
10
92.7406
20
46.8399
30
0
0
VERTEX
8
Visible
10
93.0137
20
47.1429
30
0
0
VERTEX
8
Visible
10
93.2936
20
47.4397
30
0
0
VERTEX
8
Visible
10
93.5802
20
47.7299
30
0
0
VERTEX
8
Visible
10
93.8734
20
48.0135
30
0
0
VERTEX
8
Visible
10
94.1729
20
48.2902
30
0
0
VERTEX
8
Visible
10
94.4787
20
48.5601
30
0
0
VERTEX
8
Visible
10
94.7906
20
48.8229
30
0
0
VERTEX
8
Visible
10
95.1085
20
49.0784
30
0
0
VERTEX
8
Visible
10
95.4320
20
49.3267
30
0
0
VERTEX
8
Visible
10
95.7612
20
49.5674
30
0
0
SEQEND
8
Visible
0
LINE
8
Visible
10
95.7612
20
49.5674
30
0
11
95.7612
21
48.8971
31
0
0
LINE
8
Visible
10
95.7612
20
48.8971
30
0
11
97.5112
21
48.8971
31
0
0
LINE
8
Visible
10
97.5112
20
48.8971
30
0
11
97.5112
21
50.8971
31
0
0
LINE
8
Visible
10
97.5112
20
50.8971
30
0
11
96.5112
21
50.8971
31
0
0
LINE
8
Visible
10
96.5112
20
50.8971
30
0
11
96.5112
21
52.4240
31
0
0
LINE
8
Visible
10
88.8856
20
44.8971
30
0
11
88.8799
21
44.8971
31
0
0
LINE
8
Visible
10
88.6302
20
44.8971
30
0
11
88.8799
21
44.8971
31
0
0
POLYLINE
8
Visible
66
1
70
0
10
0
20
0
30
0
0
VERTEX
8
Visible
10
96.5112
20
52.4240
30
0
0
VERTEX
8
Visible
10
96.5114
20
52.4279
30
0
0
VERTEX
8
Visible
10
96.5118
20
52.4320
30
0
0
VERTEX
8
Visible
10
96.5126
20
52.4362
30
0
0
VERTEX
8
Visible
10
96.5136
20
52.4405
30
0
0
VERTEX
8
Visible
10
96.5150
20
52.4449
30
0
0
VERTEX
8
Visible
10
96.5166
20
52.4495
30
0
0
VERTEX
8
Visible
10
96.5186
20
52.4543
30
0
0
VERTEX
8
Visible
10
96.5208
20
52.4591
30
0
0
VERTEX
8
Visible
10
96.5233
20
52.4641
30
0
0
VERTEX
8
Visible
10
96.5261
20
52.4693
30
0
0
VERTEX
8
Visible
10
96.5292
20
52.4746
30
0
0
VERTEX
8
Visible
10
96.5326
20
52.4800
30
0
0
VERTEX
8
Visible
10
96.5363
20
52.4855
30
0
0
VERTEX
8
Visible
10
96.5403
20
52.4911
30
0
0
VERTEX
8
Visible
10
96.5445
20
52.4969
30
0
0
VERTEX
8
Visible
10
96.5490
20
52.5028
30
0
0
VERTEX
8
Visible
10
96.5538
20
52.5088
30
0
0
VERTEX
8
Visible
10
96.5589
20
52.5149
30
0
0
VERTEX
8
Visible
10
96.5643
20
52.5212
30
0
0
VERTEX
8
Visible
10
96.5699
20
52.5275
30
0
0
VERTEX
8
Visible
10
96.5758
20
52.5340
30
0
0
VERTEX
8
Visible
10
96.5820
20
52.5406
30
0
0
VERTEX
8
Visible
10
96.5884
20
52.5473
30
0
0
VERTEX
8
Visible
10
96.5951
20
52.5541
30
0
0
VERTEX
8
Visible
10
96.6021
20
52.5610
30
0
0
VERTEX
8
Visible
10
96.6093
20
52.5680
30
0
0
VERTEX
8
Visible
10
96.6168
20
52.5751
30
0
0
VERTEX
8
Visible
10
96.6246
20
52.5823
30
0
0
VERTEX
8
Visible
10
96.6326
20
52.5896
30
0
0
VERTEX
8
Visible
10
96.6408
20
52.5971
30
0
0
VERTEX
8
Visible
10
96.6494
20
52.6046
30
0
0
VERTEX
8
Visible
10
96.6581
20
52.6122
30
0
0
VERTEX
8
Visible
10
96.6672
20
52.6199
30
0
0
VERTEX
8
Visible
10
96.6764
20
52.6277
30
0
0
VERTEX
8
Visible
10
96.6860
20
52.6356
30
0
0
VERTEX
8
Visible
10
96.6957
20
52.6436
30
0
0
VERTEX
8
Visible
10
96.7057
20
52.6517
30
0
0
VERTEX
8
Visible
10
96.7159
20
52.6599
30
0
0
VERTEX
8
Visible
10
96.7264
20
52.6681
30
0
0
VERTEX
8
Visible
10
96.7371
20
52.6764
30
0
0
VERTEX
8
Visible
10
96.7480
20
52.6848
30
0
0
VERTEX
8
Visible
10
96.7592
20
52.6933
30
0
0
VERTEX
8
Visible
10
96.7705
20
52.7018
30
0
0
VERTEX
8
Visible
10
96.7821
20
52.7105
30
0
0
VERTEX
8
Visible
10
96.7939
20
52.7191
30
0
0
VERTEX
8
Visible
10
96.8060
20
52.7279
30
0
0
VERTEX
8
Visible
10
96.8182
20
52.7368
30
0
0
VERTEX
8
Visible
10
96.8307
20
52.7457
30
0
0
VERTEX
8
Visible
10
96.8434
20
52.7546
30
0
0
VERTEX
8
Visible
10
96.8562
20
52.7637
30
0
0
VERTEX
8
Visible
10
96.8693
20
52.7728
30
0
0
VERTEX
8
Visible
10
96.8826
20
52.7819
30
0
0
VERTEX
8
Visible
10
96.8961
20
52.7912
30
0
0
VERTEX
8
Visible
10
96.9099
20
52.8005
30
0
0
VERTEX
8
Visible
10
96.9238
20
52.8098
30
0
0
VERTEX
8
Visible
10
96.9379
20
52.8192
30
0
0
VERTEX
8
Visible
10
96.9522
20
52.8287
30
0
0
VERTEX
8
Visible
10
96.9667
20
52.8382
30
0
0
VERTEX
8
Visible
10
96.9814
20
52.8477
30
0
0
VERTEX
8
Visible
10
96.9962
20
52.8574
30
0
0
VERTEX
8
Visible
10
97.0113
20
52.8670
30
0
0
VERTEX
8
Visible
10
97.0266
20
52.8767
30
0
0
VERTEX
8
Visible
10
97.0420
20
52.8865
30
0
0
VERTEX
8
Visible
10
97.0576
20
52.8963
30
0
0
VERTEX
8
Visible
10
97.0735
20
52.9062
30
0
0
VERTEX
8
Visible
10
97.0894
20
52.9160
30
0
0
VERTEX
8
Visible
10
97.1056
20
52.9260
30
0
0
VERTEX
8
Visible
10
97.1219
20
52.9360
30
0
0
VERTEX
8
Visible
10
97.1385
20
52.9460
30
0
0
VERTEX
8
Visible
10
97.1551
20
52.9560
30
0
0
VERTEX
8
Visible
10
97.1720
20
52.9661
30
0
0
VERTEX
8
Visible
10
97.1890
20
52.9762
30
0
0
VERTEX
8
Visible
10
97.2061
20
52.9864
30
0
0
VERTEX
8
Visible
10
97.2235
20
52.9965
30
0
0
VERTEX
8
Visible
10
97.2409
20
53.0067
30
0
0
VERTEX
8
Visible
10
97.2586
20
53.0169
30
0
0
VERTEX
8
Visible
10
97.2764
20
53.0272
30
0
0
VERTEX
8
Visible
10
97.2943
20
53.0375
30
0
0
VERTEX
8
Visible
10
97.3124
20
53.0478
30
0
0
VERTEX
8
Visible
10
97.3306
20
53.0581
30
0
0
VERTEX
8
Visible
10
97.3490
20
53.0684
30
0
0
VERTEX
8
Visible
10
97.3675
20
53.0787
30
0
0
VERTEX
8
Visible
10
97.3861
20
53.0891
30
0
0
VERTEX
8
Visible
10
97.4049
20
53.0995
30
0
0
VERTEX
8
Visible
10
97.4238
20
53.1099
30
0
0
VERTEX
8
Visible
10
97.4429
20
53.1203
30
0
0
VERTEX
8
Visible
10
97.4621
20
53.1307
30
0
0
VERTEX
8
Visible
10
97.4814
20
53.1412
30
0
0
VERTEX
8
Visible
10
97.5009
20
53.1516
30
0
0
VERTEX
8
Visible
10
97.5204
20
53.1621
30
0
0
VERTEX
8
Visible
10
97.5401
20
53.1725
30
0
0
VERTEX
8
Visible
10
97.5600
20
53.1830
30
0
0
VERTEX
8
Visible
10
97.5799
20
53.1935
30
0
0
VERTEX
8
Visible
10
97.6000
20
53.2039
30
0
0
VERTEX
8
Visible
10
97.6202
20
53.2144
30
0
0
VERTEX
8
Visible
10
97.6405
20
53.2249
30
0
0
VERTEX
8
Visible
10
97.6609
20
53.2354
30
0
0
VERTEX
8
Visible
10
97.6814
20
53.2458
30
0
0
VERTEX
8
Visible
10
97.7020
20
53.2563
30
0
0
VERTEX
8
Visible
10
97.7228
20
53.2668
30
0
0
VERTEX
8
Visible
10
97.7436
20
53.2773
30
0
0
VERTEX
8
Visible
10
97.7645
20
53.2877
30
0
0
VERTEX
8
Visible
10
97.7856
20
53.2982
30
0
0
VERTEX
8
Visible
10
97.8067
20
53.3086
30
0
0
VERTEX
8
Visible
10
97.8280
20
53.3190
30
0
0
VERTEX
8
Visible
10
97.8493
20
53.3295
30
0
0
VERTEX
8
Visible
10
97.8708
20
53.3399
30
0
0
VERTEX
8
Visible
10
97.8923
20
53.3503
30
0
0
VERTEX
8
Visible
10
97.9139
20
53.3606
30
0
0
VERTEX
8
Visible
10
97.9356
20
53.3710
30
0
0
VERTEX
8
Visible
10
97.9573
20
53.3813
30
0
0
VERTEX
8
Visible
10
97.9792
20
53.3916
30
0
0
VERTEX
8
Visible
10
98.0011
20
53.4019
30
0
0
VERTEX
8
Visible
10
98.0231
20
53.4122
30
0
0
VERTEX
8
Visible
10
98.0451
20
53.4224
30
0
0
VERTEX
8
Visible
10
98.0672
20
53.4326
30
0
0
VERTEX
8
Visible
10
98.0894
20
53.4428
30
0
0
VERTEX
8
Visible
10
98.1117
20
53.4530
30
0
0
VERTEX
8
Visible
10
98.1340
20
53.4631
30
0
0
VERTEX
8
Visible
10
98.1564
20
53.4732
30
0
0
VERTEX
8
Visible
10
98.1788
20
53.4833
30
0
0
VERTEX
8
Visible
10
98.2013
20
53.4933
30
0
0
VERTEX
8
Visible
10
98.2238
20
53.5033
30
0
0
VERTEX
8
Visible
10
98.2464
20
53.5133
30
0
0
VERTEX
8
Visible
10
98.2690
20
53.5232
30
0
0
VERTEX
8
Visible
10
98.2917
20
53.5331
30
0
0
VERTEX
8
Visible
10
98.3144
20
53.5430
30
0
0
VERTEX
8
Visible
10
98.3371
20
53.5528
30
0
0
VERTEX
8
Visible
10
98.3600
20
53.5626
30
0
0
VERTEX
8
Visible
10
98.3828
20
53.5723
30
0
0
VERTEX
8
Visible
10
98.4057
20
53.5820
30
0
0
VERTEX
8
Visible
10
98.4286
20
53.5916
30
0
0
VERTEX
8
Visible
10
98.4515
20
53.6012
30
0
0
VERTEX
8
Visible
10
98.4745
20
53.6108
30
0
0
VERTEX
8
Visible
10
98.4975
20
53.6203
30
0
0
VERTEX
8
Visible
10
98.5205
20
53.6298
30
0
0
VERTEX
8
Visible
10
98.5435
20
53.6392
30
0
0
VERTEX
8
Visible
10
98.5666
20
53.6486
30
0
0
VERTEX
8
Visible
10
98.5897
20
53.6579
30
0
0
VERTEX
8
Visible
10
98.6128
20
53.6672
30
0
0
VERTEX
8
Visible
10
98.6359
20
53.6764
30
0
0
VERTEX
8
Visible
10
98.6590
20
53.6855
30
0
0
VERTEX
8
Visible
10
98.6821
20
53.6946
30
0
0
VERTEX
8
Visible
10
98.7052
20
53.7037
30
0
0
VERTEX
8
Visible
10
98.7283
20
53.7126
30
0
0
VERTEX
8
Visible
10
98.7514
20
53.7216
30
0
0
VERTEX
8
Visible
10
98.7745
20
53.7304
30
0
0
VERTEX
8
Visible
10
98.7976
20
53.7392
30
0
0
VERTEX
8
Visible
10
98.8206
20
53.7479
30
0
0
VERTEX
8
Visible
10
98.8436
20
53.7565
30
0
0
VERTEX
8
Visible
10
98.8666
20
53.7651
30
0
0
VERTEX
8
Visible
10
98.8895
20
53.7736
30
0
0
VERTEX
8
Visible
10
98.9125
20
53.7821
30
0
0
VERTEX
8
Visible
10
98.9353
20
53.7904
30
0
0
VERTEX
8
Visible
10
98.9582
20
53.7987
30
0
0
VERTEX
8
Visible
10
98.9810
20
53.8069
30
0
0
VERTEX
8
Visible
10
99.0037
20
53.8151
30
0
0
VERTEX
8
Visible
10
99.0265
20
53.8231
30
0
0
VERTEX
8
Visible
10
99.0491
20
53.8311
30
0
0
VERTEX
8
Visible
10
99.0717
20
53.8390
30
0
0
VERTEX
8
Visible
10
99.0943
20
53.8469
30
0
0
VERTEX
8
Visible
10
99.1168
20
53.8546
30
0
0
VERTEX
8
Visible
10
99.1392
20
53.8623
30
0
0
VERTEX
8
Visible
10
99.1616
20
53.8699
30
0
0
VERTEX
8
Visible
10
99.1840
20
53.8774
30
0
0
VERTEX
8
Visible
10
99.2062
20
53.8849
30
0
0
VERTEX
8
Visible
10
99.2284
20
53.8922
30
0
0
VERTEX
8
Visible
10
99.2505
20
53.8995
30
0
0
VERTEX
8
Visible
10
99.2726
20
53.9066
30
0
0
VERTEX
8
Visible
10
99.2945
20
53.9137
30
0
0
VERTEX
8
Visible
10
99.3164
20
53.9208
30
0
0
VERTEX
8
Visible
10
99.3382
20
53.9277
30
0
0
VERTEX
8
Visible
10
99.3600
20
53.9345
30
0
0
VERTEX
8
Visible
10
99.3816
20
53.9413
30
0
0
VERTEX
8
Visible
10
99.4031
20
53.9479
30
0
0
VERTEX
8
Visible
10
99.4245
20
53.9544
30
0
0
VERTEX
8
Visible
10
99.4458
20
53.9609
30
0
0
VERTEX
8
Visible
10
99.4670
20
53.9672
30
0
0
VERTEX
8
Visible
10
99.4880
20
53.9735
30
0
0
VERTEX
8
Visible
10
99.5089
20
53.9796
30
0
0
VERTEX
8
Visible
10
99.5297
20
53.9857
30
0
0
VERTEX
8
Visible
10
99.5503
20
53.9916
30
0
0
VERTEX
8
Visible
10
99.5708
20
53.9975
30
0
0
VERTEX
8
Visible
10
99.5911
20
54.0032
30
0
0
VERTEX
8
Visible
10
99.6113
20
54.0088
30
0
0
VERTEX
8
Visible
10
99.6314
20
54.0144
30
0
0
VERTEX
8
Visible
10
99.6513
20
54.0198
30
0
0
VERTEX
8
Visible
10
99.6711
20
54.0251
30
0
0
VERTEX
8
Visible
10
99.6907
20
54.0303
30
0
0
VERTEX
8
Visible
10
99.7101
20
54.0354
30
0
0
VERTEX
8
Visible
10
99.7294
20
54.0404
30
0
0
VERTEX
8
Visible
10
99.7485
20
54.0453
30
0
0
VERTEX
8
Visible
10
99.7675
20
54.0501
30
0
0
VERTEX
8
Visible
10
99.7863
20
54.0548
30
0
0
VERTEX
8
Visible
10
99.8049
20
54.0594
30
0
0
VERTEX
8
Visible
10
99.8234
20
54.0638
30
0
0
VERTEX
8
Visible
10
99.8417
20
54.0682
30
0
0
VERTEX
8
Visible
10
99.8598
20
54.0725
30
0
0
VERTEX
8
Visible
10
99.8777
20
54.0766
30
0
0
VERTEX
8
Visible
10
99.8955
20
54.0806
30
0
0
VERTEX
8
Visible
10
99.9130
20
54.0845
30
0
0
VERTEX
8
Visible
10
99.9304
20
54.0884
30
0
0
VERTEX
8
Visible
10
99.9476
20
54.0920
30
0
0
VERTEX
8
Visible
10
99.9646
20
54.0956
30
0
0
VERTEX
8
Visible
10
99.9814
20
54.0991
30
0
0
VERTEX
8
Visible
10
99.9980
20
54.1025
30
0
0
VERTEX
8
Visible
10
100.0143
20
54.1057
30
0
0
VERTEX
8
Visible
10
100.0305
20
54.1088
30
0
0
VERTEX
8
Visible
10
100.0464
20
54.1118
30
0
0
VERTEX
8
Visible
10
100.0621
20
54.1147
30
0
0
VERTEX
8
Visible
10
100.0775
20
54.1175
30
0
0
VERTEX
8
Visible
10
100.0927
20
54.1201
30
0
0
VERTEX
8
Visible
10
100.1077
20
54.1227
30
0
0
VERTEX
8
Visible
10
100.1224
20
54.1251
30
0
0
VERTEX
8
Visible
10
100.1369
20
54.1274
30
0
0
VERTEX
8
Visible
10
100.1511
20
54.1296
30
0
0
VERTEX
8
Visible
10
100.1651
20
54.1316
30
0
0
VERTEX
8
Visible
10
100.1789
20
54.1336
30
0
0
VERTEX
8
Visible
10
100.1924
20
54.1354
30
0
0
VERTEX
8
Visible
10
100.2057
20
54.1371
30
0
0
VERTEX
8
Visible
10
100.2187
20
54.1387
30
0
0
VERTEX
8
Visible
10
100.2314
20
54.1402
30
0
0
VERTEX
8
Visible
10
100.2439
20
54.1416
30
0
0
VERTEX
8
Visible
10
100.2561
20
54.1428
30
0
0
VERTEX
8
Visible
10
100.2681
20
54.1439
30
0
0
VERTEX
8
Visible
10
100.2798
20
54.1449
30
0
0
VERTEX
8
Visible
10
100.2913
20
54.1458
30
0
0
VERTEX
8
Visible
10
100.3024
20
54.1466
30
0
0
VERTEX
8
Visible
10
100.3134
20
54.1473
30
0
0
VERTEX
8
Visible
10
100.3240
20
54.1478
30
0
0
VERTEX
8
Visible
10
100.3344
20
54.1482
30
0
0
VERTEX
8
Visible
10
100.3444
20
54.1485
30
0
0
VERTEX
8
Visible
10
100.3542
20
54.1487
30
0
0
VERTEX
8
Visible
10
100.3637
20
54.1488
30
0
0
VERTEX
8
Visible
10
100.3729
20
54.1487
30
0
0
VERTEX
8
Visible
10
100.3818
20
54.1486
30
0
0
VERTEX
8
Visible
10
100.3905
20
54.1483
30
0
0
VERTEX
8
Visible
10
100.3988
20
54.1479
30
0
0
VERTEX
8
Visible
10
100.4069
20
54.1474
30
0
0
VERTEX
8
Visible
10
100.4146
20
54.1468
30
0
0
VERTEX
8
Visible
10
100.4221
20
54.1461
30
0
0
VERTEX
8
Visible
10
100.4293
20
54.1452
30
0
0
VERTEX
8
Visible
10
100.4362
20
54.1443
30
0
0
VERTEX
8
Visible
10
100.4427
20
54.1432
30
0
0
VERTEX
8
Visible
10
100.4490
20
54.1420
30
0
0
VERTEX
8
Visible
10
100.4550
20
54.1407
30
0
0
VERTEX
8
Visible
10
100.4607
20
54.1393
30
0
0
VERTEX
8
Visible
10
100.4661
20
54.1378
30
0
0
VERTEX
8
Visible
10
100.4712
20
54.1361
30
0
0
VERTEX
8
Visible
10
100.4760
20
54.1344
30
0
0
VERTEX
8
Visible
10
100.4805
20
54.1325
30
0
0
VERTEX
8
Visible
10
100.4846
20
54.1306
30
0
0
VERTEX
8
Visible
10
100.4885
20
54.1285
30
0
0
VERTEX
8
Visible
10
100.4921
20
54.1263
30
0
0
VERTEX
8
Visible
10
100.4953
20
54.1240
30
0
0
VERTEX
8
Visible
10
100.4983
20
54.1216
30
0
0
VERTEX
8
Visible
10
100.5009
20
54.1191
30
0
0
VERTEX
8
Visible
10
100.5033
20
54.1165
30
0
0
VERTEX
8
Visible
10
100.5053
20
54.1138
30
0
0
VERTEX
8
Visible
10
100.5071
20
54.1110
30
0
0
VERTEX
8
Visible
10
100.5085
20
54.1081
30
0
0
VERTEX
8
Visible
10
100.5097
20
54.1051
30
0
0
VERTEX
8
Visible
10
100.5105
20
54.1019
30
0
0
VERTEX
8
Visible
10
100.5110
20
54.0987
30
0
0
SEQEND
8
Visible
0
POLYLINE
8
Visible
66
1
70
0
10
0
20
0
30
0
0
VERTEX
8
Visible
10
107.5312
20
55.6392
30
0
0
VERTEX
8
Visible
10
107.5313
20
55.6382
30
0
0
VERTEX
8
Visible
10
107.5314
20
55.6372
30
0
0
VERTEX
8
Visible
10
107.5317
20
55.6362
30
0
0
VERTEX
8
Visible
10
107.5320
20
55.6352
30
0
0
VERTEX
8
Visible
10
107.5324
20
55.6341
30
0
0
VERTEX
8
Visible
10
107.5329
20
55.6331
30
0
0
VERTEX
8
Visible
10
107.5335
20
55.6321
30
0
0
VERTEX
8
Visible
10
107.5342
20
55.6311
30
0
0
VERTEX
8
Visible
10
107.5350
20
55.6300
30
0
0
VERTEX
8
Visible
10
107.5359
20
55.6290
30
0
0
VERTEX
8
Visible
10
107.5369
20
55.6280
30
0
0
VERTEX
8
Visible
10
107.5380
20
55.6270
30
0
0
VERTEX
8
Visible
10
107.5392
20
55.6259
30
0
0
VERTEX
8
Visible
10
107.5405
20
55.6249
30
0
0
VERTEX
8
Visible
10
107.5418
20
55.6239
30
0
0
VERTEX
8
Visible
10
107.5433
20
55.6228
30
0
0
VERTEX
8
Visible
10
107.5448
20
55.6218
30
0
0
VERTEX
8
Visible
10
107.5465
20
55.6208
30
0
0
VERTEX
8
Visible
10
107.5482
20
55.6197
30
0
0
VERTEX
8
Visible
10
107.5501
20
55.6187
30
0
0
VERTEX
8
Visible
10
107.5520
20
55.6177
30
0
0
VERTEX
8
Visible
10
107.5540
20
55.6166
30
0
0
VERTEX
8
Visible
10
107.5561
20
55.6156
30
0
0
VERTEX
8
Visible
10
107.5583
20
55.6145
30
0
0
VERTEX
8
Visible
10
107.5606
20
55.6135
30
0
0
VERTEX
8
Visible
10
107.5630
20
55.6125
30
0
0
VERTEX
8
Visible
10
107.5655
20
55.6114
30
0
0
VERTEX
8
Visible
10
107.5681
20
55.6104
30
0
0
VERTEX
8
Visible
10
107.5708
20
55.6093
30
0
0
VERTEX
8
Visible
10
107.5735
20
55.6083
30
0
0
VERTEX
8
Visible
10
107.5764
20
55.6072
30
0
0
VERTEX
8
Visible
10
107.5793
20
55.6062
30
0
0
VERTEX
8
Visible
10
107.5824
20
55.6051
30
0
0
VERTEX
8
Visible
10
107.5855
20
55.6041
30
0
0
VERTEX
8
Visible
10
107.5887
20
55.6030
30
0
0
VERTEX
8
Visible
10
107.5920
20
55.6020
30
0
0
VERTEX
8
Visible
10
107.5954
20
55.6009
30
0
0
VERTEX
8
Visible
10
107.5989
20
55.5999
30
0
0
VERTEX
8
Visible
10
107.6025
20
55.5989
30
0
0
VERTEX
8
Visible
10
107.6061
20
55.5978
30
0
0
VERTEX
8
Visible
10
107.6099
20
55.5968
30
0
0
VERTEX
8
Visible
10
107.6137
20
55.5957
30
0
0
VERTEX
8
Visible
10
107.6176
20
55.5946
30
0
0
VERTEX
8
Visible
10
107.6216
20
55.5936
30
0
0
VERTEX
8
Visible
10
107.6257
20
55.5925
30
0
0
VERTEX
8
Visible
10
107.6299
20
55.5915
30
0
0
VERTEX
8
Visible
10
107.6342
20
55.5904
30
0
0
VERTEX
8
Visible
10
107.6386
20
55.5894
30
0
0
VERTEX
8
Visible
10
107.6430
20
55.5883
30
0
0
VERTEX
8
Visible
10
107.6476
20
55.5873
30
0
0
VERTEX
8
Visible
10
107.6522
20
55.5862
30
0
0
VERTEX
8
Visible
10
107.6569
20
55.5852
30
0
0
VERTEX
8
Visible
10
107.6617
20
55.5841
30
0
0
VERTEX
8
Visible
10
107.6666
20
55.5830
30
0
0
VERTEX
8
Visible
10
107.6715
20
55.5820
30
0
0
VERTEX
8
Visible
10
107.6766
20
55.5809
30
0
0
VERTEX
8
Visible
10
107.6817
20
55.5799
30
0
0
VERTEX
8
Visible
10
107.6869
20
55.5788
30
0
0
VERTEX
8
Visible
10
107.6922
20
55.5777
30
0
0
VERTEX
8
Visible
10
107.6976
20
55.5767
30
0
0
VERTEX
8
Visible
10
107.7031
20
55.5756
30
0
0
VERTEX
8
Visible
10
107.7087
20
55.5746
30
0
0
VERTEX
8
Visible
10
107.7143
20
55.5735
30
0
0
VERTEX
8
Visible
10
107.7200
20
55.5724
30
0
0
VERTEX
8
Visible
10
107.7258
20
55.5714
30
0
0
VERTEX
8
Visible
10
107.7317
20
55.5703
30
0
0
VERTEX
8
Visible
10
107.7377
20
55.5692
30
0
0
VERTEX
8
Visible
10
107.7438
20
55.5682
30
0
0
VERTEX
8
Visible
10
107.7499
20
55.5671
30
0
0
VERTEX
8
Visible
10
107.7561
20
55.5660
30
0
0
VERTEX
8
Visible
10
107.7624
20
55.5650
30
0
0
VERTEX
8
Visible
10
107.7688
20
55.5639
30
0
0
SEQEND
8
Visible
0
LINE
8
Visible
10
107.5312
20
55.6392
30
0
11
107.5312
21
55.6803
31
0
0
POLYLINE
8
Visible
66
1
70
0
10
0
20
0
30
0
0
VERTEX
8
Visible
10
108.9312
20
55.8251
30
0
0
VERTEX
8
Visible
10
108.9159
20
55.8246
30
0
0
VERTEX
8
Visible
10
108.9006
20
55.8240
30
0
0
VERTEX
8
Visible
10
108.8853
20
55.8235
30
0
0
VERTEX
8
Visible
10
108.8699
20
55.8229
30
0
0
VERTEX
8
Visible
10
108.8546
20
55.8223
30
0
0
VERTEX
8
Visible
10
108.8394
20
55.8217
30
0
0
VERTEX
8
Visible
10
108.8241
20
55.8211
30
0
0
VERTEX
8
Visible
10
108.8088
20
55.8205
30
0
0
VERTEX
8
Visible
10
108.7936
20
55.8199
30
0
0
VERTEX
8
Visible
10
108.7783
20
55.8192
30
0
0
VERTEX
8
Visible
10
108.7631
20
55.8186
30
0
0
VERTEX
8
Visible
10
108.7479
20
55.8179
30
0
0
VERTEX
8
Visible
10
108.7328
20
55.8172
30
0
0
VERTEX
8
Visible
10
108.7176
20
55.8165
30
0
0
VERTEX
8
Visible
10
108.7025
20
55.8158
30
0
0
VERTEX
8
Visible
10
108.6874
20
55.8151
30
0
0
VERTEX
8
Visible
10
108.6723
20
55.8144
30
0
0
VERTEX
8
Visible
10
108.6573
20
55.8137
30
0
0
VERTEX
8
Visible
10
108.6423
20
55.8129
30
0
0
VERTEX
8
Visible
10
108.6273
20
55.8121
30
0
0
VERTEX
8
Visible
10
108.6124
20
55.8114
30
0
0
VERTEX
8
Visible
10
108.5975
20
55.8106
30
0
0
VERTEX
8
Visible
10
108.5826
20
55.8098
30
0
0
VERTEX
8
Visible
10
108.5678
20
55.8090
30
0
0
VERTEX
8
Visible
10
108.5531
20
55.8082
30
0
0
VERTEX
8
Visible
10
108.5383
20
55.8074
30
0
0
VERTEX
8
Visible
10
108.5237
20
55.8065
30
0
0
VERTEX
8
Visible
10
108.5091
20
55.8057
30
0
0
VERTEX
8
Visible
10
108.4945
20
55.8048
30
0
0
VERTEX
8
Visible
10
108.4800
20
55.8040
30
0
0
VERTEX
8
Visible
10
108.4655
20
55.8031
30
0
0
VERTEX
8
Visible
10
108.4511
20
55.8022
30
0
0
VERTEX
8
Visible
10
108.4368
20
55.8014
30
0
0
VERTEX
8
Visible
10
108.4225
20
55.8005
30
0
0
VERTEX
8
Visible
10
108.4083
20
55.7996
30
0
0
VERTEX
8
Visible
10
108.3941
20
55.7987
30
0
0
VERTEX
8
Visible
10
108.3800
20
55.7977
30
0
0
VERTEX
8
Visible
10
108.3659
20
55.7968
30
0
0
VERTEX
8
Visible
10
108.3520
20
55.7959
30
0
0
VERTEX
8
Visible
10
108.3381
20
55.7949
30
0
0
VERTEX
8
Visible
10
108.3242
20
55.7940
30
0
0
VERTEX
8
Visible
10
108.3105
20
55.7931
30
0
0
VERTEX
8
Visible
10
108.2968
20
55.7921
30
0
0
VERTEX
8
Visible
10
108.2833
20
55.7911
30
0
0
VERTEX
8
Visible
10
108.2698
20
55.7902
30
0
0
VERTEX
8
Visible
10
108.2564
20
55.7892
30
0
0
VERTEX
8
Visible
10
108.2430
20
55.7882
30
0
0
VERTEX
8
Visible
10
108.2298
20
55.7872
30
0
0
VERTEX
8
Visible
10
108.2166
20
55.7862
30
0
0
VERTEX
8
Visible
10
108.2035
20
55.7852
30
0
0
VERTEX
8
Visible
10
108.1906
20
55.7842
30
0
0
VERTEX
8
Visible
10
108.1777
20
55.7832
30
0
0
VERTEX
8
Visible
10
108.1649
20
55.7822
30
0
0
VERTEX
8
Visible
10
108.1522
20
55.7812
30
0
0
VERTEX
8
Visible
10
108.1395
20
55.7802
30
0
0
VERTEX
8
Visible
10
108.1270
20
55.7791
30
0
0
VERTEX
8
Visible
10
108.1146
20
55.7781
30
0
0
VERTEX
8
Visible
10
108.1023
20
55.7770
30
0
0
VERTEX
8
Visible
10
108.0900
20
55.7760
30
0
0
VERTEX
8
Visible
10
108.0779
20
55.7750
30
0
0
VERTEX
8
Visible
10
108.0659
20
55.7739
30
0
0
VERTEX
8
Visible
10
108.0539
20
55.7728
30
0
0
VERTEX
8
Visible
10
108.0421
20
55.7718
30
0
0
VERTEX
8
Visible
10
108.0304
20
55.7707
30
0
0
VERTEX
8
Visible
10
108.0188
20
55.7697
30
0
0
VERTEX
8
Visible
10
108.0072
20
55.7686
30
0
0
VERTEX
8
Visible
10
107.9958
20
55.7675
30
0
0
VERTEX
8
Visible
10
107.9845
20
55.7664
30
0
0
VERTEX
8
Visible
10
107.9733
20
55.7653
30
0
0
VERTEX
8
Visible
10
107.9622
20
55.7643
30
0
0
VERTEX
8
Visible
10
107.9513
20
55.7632
30
0
0
VERTEX
8
Visible
10
107.9404
20
55.7621
30
0
0
VERTEX
8
Visible
10
107.9297
20
55.7610
30
0
0
VERTEX
8
Visible
10
107.9190
20
55.7599
30
0
0
VERTEX
8
Visible
10
107.9085
20
55.7588
30
0
0
VERTEX
8
Visible
10
107.8981
20
55.7577
30
0
0
VERTEX
8
Visible
10
107.8879
20
55.7566
30
0
0
VERTEX
8
Visible
10
107.8778
20
55.7555
30
0
0
VERTEX
8
Visible
10
107.8678
20
55.7543
30
0
0
VERTEX
8
Visible
10
107.8579
20
55.7532
30
0
0
VERTEX
8
Visible
10
107.8482
20
55.7521
30
0
0
VERTEX
8
Visible
10
107.8386
20
55.7510
30
0
0
VERTEX
8
Visible
10
107.8291
20
55.7499
30
0
0
VERTEX
8
Visible
10
107.8198
20
55.7488
30
0
0
VERTEX
8
Visible
10
107.8105
20
55.7477
30
0
0
VERTEX
8
Visible
10
107.8015
20
55.7465
30
0
0
VERTEX
8
Visible
10
107.7925
20
55.7454
30
0
0
VERTEX
8
Visible
10
107.7838
20
55.7443
30
0
0
VERTEX
8
Visible
10
107.7751
20
55.7432
30
0
0
VERTEX
8
Visible
10
107.7666
20
55.7421
30
0
0
VERTEX
8
Visible
10
107.7582
20
55.7409
30
0
0
VERTEX
8
Visible
10
107.7499
20
55.7398
30
0
0
VERTEX
8
Visible
10
107.7418
20
55.7387
30
0
0
VERTEX
8
Visible
10
107.7339
20
55.7375
30
0
0
VERTEX
8
Visible
10
107.7261
20
55.7364
30
0
0
VERTEX
8
Visible
10
107.7184
20
55.7353
30
0
0
VERTEX
8
Visible
10
107.7108
20
55.7341
30
0
0
VERTEX
8
Visible
10
107.7034
20
55.7330
30
0
0
VERTEX
8
Visible
10
107.6962
20
55.7319
30
0
0
VERTEX
8
Visible
10
107.6891
20
55.7307
30
0
0
VERTEX
8
Visible
10
107.6821
20
55.7296
30
0
0
VERTEX
8
Visible
10
107.6753
20
55.7285
30
0
0
VERTEX
8
Visible
10
107.6686
20
55.7273
30
0
0
VERTEX
8
Visible
10
107.6621
20
55.7262
30
0
0
VERTEX
8
Visible
10
107.6558
20
55.7250
30
0
0
VERTEX
8
Visible
10
107.6495
20
55.7239
30
0
0
VERTEX
8
Visible
10
107.6435
20
55.7228
30
0
0
VERTEX
8
Visible
10
107.6376
20
55.7216
30
0
0
VERTEX
8
Visible
10
107.6318
20
55.7205
30
0
0
VERTEX
8
Visible
10
107.6262
20
55.7193
30
0
0
VERTEX
8
Visible
10
107.6207
20
55.7182
30
0
0
VERTEX
8
Visible
10
107.6154
20
55.7170
30
0
0
VERTEX
8
Visible
10
107.6103
20
55.7159
30
0
0
VERTEX
8
Visible
10
107.6053
20
55.7147
30
0
0
VERTEX
8
Visible
10
107.6005
20
55.7136
30
0
0
VERTEX
8
Visible
10
107.5958
20
55.7124
30
0
0
VERTEX
8
Visible
10
107.5913
20
55.7113
30
0
0
VERTEX
8
Visible
10
107.5870
20
55.7101
30
0
0
VERTEX
8
Visible
10
107.5828
20
55.7090
30
0
0
VERTEX
8
Visible
10
107.5788
20
55.7079
30
0
0
VERTEX
8
Visible
10
107.5749
20
55.7067
30
0
0
VERTEX
8
Visible
10
107.5712
20
55.7056
30
0
0
VERTEX
8
Visible
10
107.5677
20
55.7044
30
0
0
VERTEX
8
Visible
10
107.5643
20
55.7033
30
0
0
VERTEX
8
Visible
10
107.5611
20
55.7021
30
0
0
VERTEX
8
Visible
10
107.5580
20
55.7010
30
0
0
VERTEX
8
Visible
10
107.5552
20
55.6998
30
0
0
VERTEX
8
Visible
10
107.5524
20
55.6987
30
0
0
VERTEX
8
Visible
10
107.5499
20
55.6976
30
0
0
VERTEX
8
Visible
10
107.5475
20
55.6964
30
0
0
VERTEX
8
Visible
10
107.5453
20
55.6953
30
0
0
VERTEX
8
Visible
10
107.5432
20
55.6941
30
0
0
VERTEX
8
Visible
10
107.5413
20
55.6930
30
0
0
VERTEX
8
Visible
10
107.5395
20
55.6918
30
0
0
VERTEX
8
Visible
10
107.5380
20
55.6907
30
0
0
VERTEX
8
Visible
10
107.5366
20
55.6895
30
0
0
VERTEX
8
Visible
10
107.5353
20
55.6884
30
0
0
VERTEX
8
Visible
10
107.5342
20
55.6872
30
0
0
VERTEX
8
Visible
10
107.5333
20
55.6861
30
0
0
VERTEX
8
Visible
10
107.5326
20
55.6849
30
0
0
VERTEX
8
Visible
10
107.5320
20
55.6838
30
0
0
VERTEX
8
Visible
10
107.5316
20
55.6826
30
0
0
VERTEX
8
Visible
10
107.5313
20
55.6815
30
0
0
VERTEX
8
Visible
10
107.5312
20
55.6803
30
0
0
SEQEND
8
Visible
0
ARC
8
Visible
10
111.5230
20
-26.1069
30
0
40
81.9730
50
89.5636
51
91.8118
0
ARC
8
Visible
10
115.2458
20
44.5044
30
0
40
11.3592
50
86.9592
51
89.8323
0
POLYLINE
8
Visible
66
1
70
0
10
0
20
0
30
0
0
VERTEX
8
Visible
10
126.9115
20
54.0987
30
0
0
VERTEX
8
Visible
10
126.9120
20
54.1019
30
0
0
VERTEX
8
Visible
10
126.9128
20
54.1051
30
0
0
VERTEX
8
Visible
10
126.9140
20
54.1081
30
0
0
VERTEX
8
Visible
10
126.9154
20
54.1110
30
0
0
VERTEX
8
Visible
10
126.9171
20
54.1138
30
0
0
VERTEX
8
Visible
10
126.9192
20
54.1165
30
0
0
VERTEX
8
Visible
10
126.9215
20
54.1191
30
0
0
VERTEX
8
Visible
10
126.9242
20
54.1216
30
0
0
VERTEX
8
Visible
10
126.9271
20
54.1240
30
0
0
VERTEX
8
Visible
10
126.9304
20
54.1263
30
0
0
VERTEX
8
Visible
10
126.9340
20
54.1285
30
0
0
VERTEX
8
Visible
10
126.9378
20
54.1306
30
0
0
VERTEX
8
Visible
10
126.9420
20
54.1325
30
0
0
VERTEX
8
Visible
10
126.9465
20
54.1344
30
0
0
VERTEX
8
Visible
10
126.9513
20
54.1361
30
0
0
VERTEX
8
Visible
10
126.9564
20
54.1378
30
0
0
VERTEX
8
Visible
10
126.9618
20
54.1393
30
0
0
VERTEX
8
Visible
10
126.9675
20
54.1407
30
0
0
VERTEX
8
Visible
10
126.9734
20
54.1420
30
0
0
VERTEX
8
Visible
10
126.9797
20
54.1432
30
0
0
VERTEX
8
Visible
10
126.9863
20
54.1443
30
0
0
VERTEX
8
Visible
10
126.9932
20
54.1452
30
0
0
VERTEX
8
Visible
10
127.0004
20
54.1461
30
0
0
VERTEX
8
Visible
10
127.0078
20
54.1468
30
0
0
VERTEX
8
Visible
10
127.0156
20
54.1474
30
0
0
VERTEX
8
Visible
10
127.0236
20
54.1479
30
0
0
VERTEX
8
Visible
10
127.0320
20
54.1483
30
0
0
VERTEX
8
Visible
10
127.0406
20
54.1486
30
0
0
VERTEX
8
Visible
10
127.0496
20
54.1487
30
0
0
VERTEX
8
Visible
10
127.0588
20
54.1488
30
0
0
VERTEX
8
Visible
10
127.0683
20
54.1487
30
0
0
VERTEX
8
Visible
10
127.0781
20
54.1485
30
0
0
VERTEX
8
Visible
10
127.0882
20
54.1482
30
0
0
VERTEX
8
Visible
10
127.0985
20
54.1478
30
0
0
VERTEX
8
Visible
10
127.1091
20
54.1473
30
0
0
VERTEX
8
Visible
10
127.1200
20
54.1466
30
0
0
VERTEX
8
Visible
10
127.1312
20
54.1458
30
0
0
VERTEX
8
Visible
10
127.1426
20
54.1449
30
0
0
VERTEX
8
Visible
10
127.1543
20
54.1439
30
0
0
VERTEX
8
Visible
10
127.1663
20
54.1428
30
0
0
VERTEX
8
Visible
10
127.1785
20
54.1416
30
0
0
VERTEX
8
Visible
10
127.1910
20
54.1402
30
0
0
VERTEX
8
Visible
10
127.2038
20
54.1387
30
0
0
VERTEX
8
Visible
10
127.2168
20
54.1371
30
0
0
VERTEX
8
Visible
10
127.2300
20
54.1354
30
0
0
VERTEX
8
Visible
10
127.2435
20
54.1336
30
0
0
VERTEX
8
Visible
10
127.2573
20
54.1316
30
0
0
VERTEX
8
Visible
10
127.2713
20
54.1296
30
0
0
VERTEX
8
Visible
10
127.2856
20
54.1274
30
0
0
VERTEX
8
Visible
10
127.3001
20
54.1251
30
0
0
VERTEX
8
Visible
10
127.3148
20
54.1227
30
0
0
VERTEX
8
Visible
10
127.3298
20
54.1201
30
0
0
VERTEX
8
Visible
10
127.3451
20
54.1175
30
0
0
VERTEX
8
Visible
10
127.3605
20
54.1147
30
0
0
VERTEX
8
Visible
10
127.3763
20
54.1118
30
0
0
VERTEX
8
Visible
10
127.3922
20
54.1088
30
0
0
VERTEX
8
Visible
10
127.4083
20
54.1057
30
0
0
VERTEX
8
Visible
10
127.4247
20
54.1024
30
0
0
VERTEX
8
Visible
10
127.4412
20
54.0991
30
0
0
VERTEX
8
Visible
10
127.4580
20
54.0956
30
0
0
VERTEX
8
Visible
10
127.4749
20
54.0920
30
0
0
VERTEX
8
Visible
10
127.4920
20
54.0884
30
0
0
VERTEX
8
Visible
10
127.5094
20
54.0846
30
0
0
VERTEX
8
Visible
10
127.5269
20
54.0806
30
0
0
VERTEX
8
Visible
10
127.5446
20
54.0766
30
0
0
VERTEX
8
Visible
10
127.5625
20
54.0725
30
0
0
VERTEX
8
Visible
10
127.5806
20
54.0683
30
0
0
VERTEX
8
Visible
10
127.5989
20
54.0639
30
0
0
VERTEX
8
Visible
10
127.6173
20
54.0594
30
0
0
VERTEX
8
Visible
10
127.6359
20
54.0549
30
0
0
VERTEX
8
Visible
10
127.6547
20
54.0502
30
0
0
VERTEX
8
Visible
10
127.6737
20
54.0454
30
0
0
VERTEX
8
Visible
10
127.6928
20
54.0405
30
0
0
VERTEX
8
Visible
10
127.7121
20
54.0355
30
0
0
VERTEX
8
Visible
10
127.7315
20
54.0304
30
0
0
VERTEX
8
Visible
10
127.7511
20
54.0252
30
0
0
VERTEX
8
Visible
10
127.7709
20
54.0199
30
0
0
VERTEX
8
Visible
10
127.7909
20
54.0144
30
0
0
VERTEX
8
Visible
10
127.8109
20
54.0089
30
0
0
VERTEX
8
Visible
10
127.8312
20
54.0033
30
0
0
VERTEX
8
Visible
10
127.8516
20
53.9975
30
0
0
VERTEX
8
Visible
10
127.8721
20
53.9917
30
0
0
VERTEX
8
Visible
10
127.8928
20
53.9857
30
0
0
VERTEX
8
Visible
10
127.9136
20
53.9796
30
0
0
VERTEX
8
Visible
10
127.9345
20
53.9735
30
0
0
VERTEX
8
Visible
10
127.9556
20
53.9672
30
0
0
VERTEX
8
Visible
10
127.9768
20
53.9609
30
0
0
VERTEX
8
Visible
10
127.9981
20
53.9544
30
0
0
VERTEX
8
Visible
10
128.0195
20
53.9479
30
0
0
VERTEX
8
Visible
10
128.0410
20
53.9412
30
0
0
VERTEX
8
Visible
10
128.0626
20
53.9345
30
0
0
VERTEX
8
Visible
10
128.0842
20
53.9277
30
0
0
VERTEX
8
Visible
10
128.1060
20
53.9208
30
0
0
VERTEX
8
Visible
10
128.1278
20
53.9138
30
0
0
VERTEX
8
Visible
10
128.1498
20
53.9067
30
0
0
VERTEX
8
Visible
10
128.1718
20
53.8995
30
0
0
VERTEX
8
Visible
10
128.1938
20
53.8923
30
0
0
VERTEX
8
Visible
10
128.2160
20
53.8849
30
0
0
VERTEX
8
Visible
10
128.2382
20
53.8775
30
0
0
VERTEX
8
Visible
10
128.2605
20
53.8700
30
0
0
VERTEX
8
Visible
10
128.2829
20
53.8624
30
0
0
VERTEX
8
Visible
10
128.3053
20
53.8548
30
0
0
VERTEX
8
Visible
10
128.3278
20
53.8470
30
0
0
VERTEX
8
Visible
10
128.3503
20
53.8392
30
0
0
VERTEX
8
Visible
10
128.3729
20
53.8313
30
0
0
VERTEX
8
Visible
10
128.3955
20
53.8233
30
0
0
VERTEX
8
Visible
10
128.4182
20
53.8152
30
0
0
VERTEX
8
Visible
10
128.4410
20
53.8071
30
0
0
VERTEX
8
Visible
10
128.4638
20
53.7989
30
0
0
VERTEX
8
Visible
10
128.4866
20
53.7906
30
0
0
VERTEX
8
Visible
10
128.5095
20
53.7823
30
0
0
VERTEX
8
Visible
10
128.5324
20
53.7738
30
0
0
VERTEX
8
Visible
10
128.5553
20
53.7653
30
0
0
VERTEX
8
Visible
10
128.5783
20
53.7567
30
0
0
VERTEX
8
Visible
10
128.6013
20
53.7481
30
0
0
VERTEX
8
Visible
10
128.6244
20
53.7394
30
0
0
VERTEX
8
Visible
10
128.6474
20
53.7306
30
0
0
VERTEX
8
Visible
10
128.6705
20
53.7218
30
0
0
VERTEX
8
Visible
10
128.6936
20
53.7128
30
0
0
VERTEX
8
Visible
10
128.7168
20
53.7039
30
0
0
VERTEX
8
Visible
10
128.7399
20
53.6948
30
0
0
VERTEX
8
Visible
10
128.7630
20
53.6857
30
0
0
VERTEX
8
Visible
10
128.7861
20
53.6766
30
0
0
VERTEX
8
Visible
10
128.8092
20
53.6674
30
0
0
VERTEX
8
Visible
10
128.8323
20
53.6581
30
0
0
VERTEX
8
Visible
10
128.8554
20
53.6488
30
0
0
VERTEX
8
Visible
10
128.8784
20
53.6394
30
0
0
VERTEX
8
Visible
10
128.9015
20
53.6300
30
0
0
VERTEX
8
Visible
10
128.9245
20
53.6205
30
0
0
VERTEX
8
Visible
10
128.9474
20
53.6110
30
0
0
VERTEX
8
Visible
10
128.9704
20
53.6015
30
0
0
VERTEX
8
Visible
10
128.9933
20
53.5919
30
0
0
VERTEX
8
Visible
10
129.0162
20
53.5822
30
0
0
VERTEX
8
Visible
10
129.0391
20
53.5725
30
0
0
VERTEX
8
Visible
10
129.0619
20
53.5628
30
0
0
VERTEX
8
Visible
10
129.0847
20
53.5530
30
0
0
VERTEX
8
Visible
10
129.1075
20
53.5432
30
0
0
VERTEX
8
Visible
10
129.1302
20
53.5334
30
0
0
VERTEX
8
Visible
10
129.1529
20
53.5235
30
0
0
VERTEX
8
Visible
10
129.1755
20
53.5135
30
0
0
VERTEX
8
Visible
10
129.1981
20
53.5036
30
0
0
VERTEX
8
Visible
10
129.2206
20
53.4936
30
0
0
VERTEX
8
Visible
10
129.2431
20
53.4835
30
0
0
VERTEX
8
Visible
10
129.2655
20
53.4735
30
0
0
VERTEX
8
Visible
10
129.2879
20
53.4634
30
0
0
VERTEX
8
Visible
10
129.3102
20
53.4533
30
0
0
VERTEX
8
Visible
10
129.3325
20
53.4431
30
0
0
VERTEX
8
Visible
10
129.3546
20
53.4329
30
0
0
VERTEX
8
Visible
10
129.3768
20
53.4227
30
0
0
VERTEX
8
Visible
10
129.3988
20
53.4125
30
0
0
VERTEX
8
Visible
10
129.4208
20
53.4022
30
0
0
VERTEX
8
Visible
10
129.4427
20
53.3919
30
0
0
VERTEX
8
Visible
10
129.4646
20
53.3816
30
0
0
VERTEX
8
Visible
10
129.4863
20
53.3713
30
0
0
VERTEX
8
Visible
10
129.5080
20
53.3609
30
0
0
VERTEX
8
Visible
10
129.5296
20
53.3505
30
0
0
VERTEX
8
Visible
10
129.5512
20
53.3401
30
0
0
VERTEX
8
Visible
10
129.5726
20
53.3297
30
0
0
VERTEX
8
Visible
10
129.5940
20
53.3193
30
0
0
VERTEX
8
Visible
10
129.6152
20
53.3089
30
0
0
VERTEX
8
Visible
10
129.6364
20
53.2984
30
0
0
VERTEX
8
Visible
10
129.6574
20
53.2880
30
0
0
VERTEX
8
Visible
10
129.6784
20
53.2775
30
0
0
VERTEX
8
Visible
10
129.6992
20
53.2670
30
0
0
VERTEX
8
Visible
10
129.7200
20
53.2566
30
0
0
VERTEX
8
Visible
10
129.7406
20
53.2461
30
0
0
VERTEX
8
Visible
10
129.7611
20
53.2356
30
0
0
VERTEX
8
Visible
10
129.7815
20
53.2251
30
0
0
VERTEX
8
Visible
10
129.8019
20
53.2147
30
0
0
VERTEX
8
Visible
10
129.8220
20
53.2042
30
0
0
VERTEX
8
Visible
10
129.8421
20
53.1937
30
0
0
VERTEX
8
Visible
10
129.8621
20
53.1832
30
0
0
VERTEX
8
Visible
10
129.8819
20
53.1728
30
0
0
VERTEX
8
Visible
10
129.9016
20
53.1623
30
0
0
VERTEX
8
Visible
10
129.9212
20
53.1518
30
0
0
VERTEX
8
Visible
10
129.9407
20
53.1414
30
0
0
VERTEX
8
Visible
10
129.9600
20
53.1309
30
0
0
VERTEX
8
Visible
10
129.9792
20
53.1205
30
0
0
VERTEX
8
Visible
10
129.9983
20
53.1101
30
0
0
VERTEX
8
Visible
10
130.0172
20
53.0997
30
0
0
VERTEX
8
Visible
10
130.0360
20
53.0893
30
0
0
VERTEX
8
Visible
10
130.0547
20
53.0789
30
0
0
VERTEX
8
Visible
10
130.0732
20
53.0686
30
0
0
VERTEX
8
Visible
10
130.0916
20
53.0582
30
0
0
VERTEX
8
Visible
10
130.1098
20
53.0479
30
0
0
VERTEX
8
Visible
10
130.1279
20
53.0376
30
0
0
VERTEX
8
Visible
10
130.1459
20
53.0273
30
0
0
VERTEX
8
Visible
10
130.1637
20
53.0171
30
0
0
VERTEX
8
Visible
10
130.1813
20
53.0069
30
0
0
VERTEX
8
Visible
10
130.1988
20
52.9967
30
0
0
VERTEX
8
Visible
10
130.2161
20
52.9865
30
0
0
VERTEX
8
Visible
10
130.2333
20
52.9763
30
0
0
VERTEX
8
Visible
10
130.2503
20
52.9662
30
0
0
VERTEX
8
Visible
10
130.2672
20
52.9561
30
0
0
VERTEX
8
Visible
10
130.2839
20
52.9461
30
0
0
VERTEX
8
Visible
10
130.3004
20
52.9361
30
0
0
VERTEX
8
Visible
10
130.3167
20
52.9261
30
0
0
VERTEX
8
Visible
10
130.3329
20
52.9161
30
0
0
VERTEX
8
Visible
10
130.3489
20
52.9063
30
0
0
VERTEX
8
Visible
10
130.3647
20
52.8964
30
0
0
VERTEX
8
Visible
10
130.3803
20
52.8866
30
0
0
VERTEX
8
Visible
10
130.3957
20
52.8768
30
0
0
VERTEX
8
Visible
10
130.4110
20
52.8671
30
0
0
VERTEX
8
Visible
10
130.4261
20
52.8574
30
0
0
VERTEX
8
Visible
10
130.4410
20
52.8478
30
0
0
VERTEX
8
Visible
10
130.4557
20
52.8382
30
0
0
VERTEX
8
Visible
10
130.4702
20
52.8287
30
0
0
VERTEX
8
Visible
10
130.4845
20
52.8193
30
0
0
VERTEX
8
Visible
10
130.4986
20
52.8099
30
0
0
VERTEX
8
Visible
10
130.5125
20
52.8005
30
0
0
VERTEX
8
Visible
10
130.5263
20
52.7912
30
0
0
VERTEX
8
Visible
10
130.5398
20
52.7820
30
0
0
VERTEX
8
Visible
10
130.5531
20
52.7728
30
0
0
VERTEX
8
Visible
10
130.5662
20
52.7637
30
0
0
VERTEX
8
Visible
10
130.5791
20
52.7546
30
0
0
VERTEX
8
Visible
10
130.5918
20
52.7456
30
0
0
VERTEX
8
Visible
10
130.6043
20
52.7367
30
0
0
VERTEX
8
Visible
10
130.6166
20
52.7279
30
0
0
VERTEX
8
Visible
10
130.6286
20
52.7191
30
0
0
VERTEX
8
Visible
10
130.6405
20
52.7104
30
0
0
VERTEX
8
Visible
10
130.6521
20
52.7017
30
0
0
VERTEX
8
Visible
10
130.6635
20
52.6931
30
0
0
VERTEX
8
Visible
10
130.6746
20
52.6847
30
0
0
VERTEX
8
Visible
10
130.6856
20
52.6762
30
0
0
VERTEX
8
Visible
10
130.6963
20
52.6679
30
0
0
VERTEX
8
Visible
10
130.7067
20
52.6597
30
0
0
VERTEX
8
Visible
10
130.7170
20
52.6515
30
0
0
VERTEX
8
Visible
10
130.7270
20
52.6435
30
0
0
VERTEX
8
Visible
10
130.7367
20
52.6355
30
0
0
VERTEX
8
Visible
10
130.7462
20
52.6276
30
0
0
VERTEX
8
Visible
10
130.7554
20
52.6198
30
0
0
VERTEX
8
Visible
10
130.7645
20
52.6121
30
0
0
VERTEX
8
Visible
10
130.7732
20
52.6045
30
0
0
VERTEX
8
Visible
10
130.7817
20
52.5970
30
0
0
VERTEX
8
Visible
10
130.7900
20
52.5896
30
0
0
VERTEX
8
Visible
10
130.7980
20
52.5823
30
0
0
VERTEX
8
Visible
10
130.8057
20
52.5751
30
0
0
VERTEX
8
Visible
10
130.8132
20
52.5679
30
0
0
VERTEX
8
Visible
10
130.8204
20
52.5609
30
0
0
VERTEX
8
Visible
10
130.8274
20
52.5540
30
0
0
VERTEX
8
Visible
10
130.8341
20
52.5472
30
0
0
VERTEX
8
Visible
10
130.8405
20
52.5406
30
0
0
VERTEX
8
Visible
10
130.8467
20
52.5340
30
0
0
VERTEX
8
Visible
10
130.8526
20
52.5275
30
0
0
VERTEX
8
Visible
10
130.8582
20
52.5212
30
0
0
VERTEX
8
Visible
10
130.8635
20
52.5149
30
0
0
VERTEX
8
Visible
10
130.8686
20
52.5088
30
0
0
VERTEX
8
Visible
10
130.8734
20
52.5028
30
0
0
VERTEX
8
Visible
10
130.8780
20
52.4969
30
0
0
VERTEX
8
Visible
10
130.8822
20
52.4911
30
0
0
VERTEX
8
Visible
10
130.8862
20
52.4855
30
0
0
VERTEX
8
Visible
10
130.8899
20
52.4799
30
0
0
VERTEX
8
Visible
10
130.8933
20
52.4745
30
0
0
VERTEX
8
Visible
10
130.8964
20
52.4693
30
0
0
VERTEX
8
Visible
10
130.8992
20
52.4641
30
0
0
VERTEX
8
Visible
10
130.9017
20
52.4591
30
0
0
VERTEX
8
Visible
10
130.9039
20
52.4543
30
0
0
VERTEX
8
Visible
10
130.9059
20
52.4495
30
0
0
VERTEX
8
Visible
10
130.9075
20
52.4449
30
0
0
VERTEX
8
Visible
10
130.9088
20
52.4405
30
0
0
VERTEX
8
Visible
10
130.9099
20
52.4362
30
0
0
VERTEX
8
Visible
10
130.9106
20
52.4320
30
0
0
VERTEX
8
Visible
10
130.9111
20
52.4279
30
0
0
VERTEX
8
Visible
10
130.9112
20
52.4240
30
0
0
SEQEND
8
Visible
0
LINE
8
Visible
10
138.5426
20
44.8971
30
0
11
138.7922
21
44.8971
31
0
0
POLYLINE
8
Visible
66
1
70
0
10
0
20
0
30
0
0
VERTEX
8
Visible
10
138.7922
20
44.8971
30
0
0
VERTEX
8
Visible
10
138.8529
20
44.7876
30
0
0
VERTEX
8
Visible
10
138.9129
20
44.6777
30
0
0
VERTEX
8
Visible
10
138.9722
20
44.5675
30
0
0
VERTEX
8
Visible
10
139.0307
20
44.4569
30
0
0
VERTEX
8
Visible
10
139.0886
20
44.3460
30
0
0
VERTEX
8
Visible
10
139.1458
20
44.2347
30
0
0
VERTEX
8
Visible
10
139.2023
20
44.1231
30
0
0
VERTEX
8
Visible
10
139.2580
20
44.0112
30
0
0
VERTEX
8
Visible
10
139.3131
20
43.8989
30
0
0
VERTEX
8
Visible
10
139.3674
20
43.7863
30
0
0
VERTEX
8
Visible
10
139.4211
20
43.6734
30
0
0
VERTEX
8
Visible
10
139.4740
20
43.5601
30
0
0
VERTEX
8
Visible
10
139.5262
20
43.4466
30
0
0
VERTEX
8
Visible
10
139.5777
20
43.3327
30
0
0
VERTEX
8
Visible
10
139.6285
20
43.2185
30
0
0
VERTEX
8
Visible
10
139.6786
20
43.1040
30
0
0
VERTEX
8
Visible
10
139.7279
20
42.9893
30
0
0
VERTEX
8
Visible
10
139.7766
20
42.8742
30
0
0
VERTEX
8
Visible
10
139.8245
20
42.7588
30
0
0
VERTEX
8
Visible
10
139.8717
20
42.6431
30
0
0
VERTEX
8
Visible
10
139.9182
20
42.5271
30
0
0
VERTEX
8
Visible
10
139.9639
20
42.4109
30
0
0
VERTEX
8
Visible
10
140.0089
20
42.2943
30
0
0
VERTEX
8
Visible
10
140.0532
20
42.1775
30
0
0
VERTEX
8
Visible
10
140.0968
20
42.0604
30
0
0
VERTEX
8
Visible
10
140.1397
20
41.9430
30
0
0
VERTEX
8
Visible
10
140.1818
20
41.8254
30
0
0
VERTEX
8
Visible
10
140.2231
20
41.7075
30
0
0
VERTEX
8
Visible
10
140.2638
20
41.5893
30
0
0
VERTEX
8
Visible
10
140.3037
20
41.4709
30
0
0
VERTEX
8
Visible
10
140.3429
20
41.3522
30
0
0
VERTEX
8
Visible
10
140.3813
20
41.2333
30
0
0
VERTEX
8
Visible
10
140.4190
20
41.1141
30
0
0
VERTEX
8
Visible
10
140.4560
20
40.9946
30
0
0
VERTEX
8
Visible
10
140.4922
20
40.8750
30
0
0
VERTEX
8
Visible
10
140.5277
20
40.7550
30
0
0
VERTEX
8
Visible
10
140.5624
20
40.6349
30
0
0
VERTEX
8
Visible
10
140.5964
20
40.5145
30
0
0
VERTEX
8
Visible
10
140.6296
20
40.3939
30
0
0
VERTEX
8
Visible
10
140.6621
20
40.2731
30
0
0
VERTEX
8
Visible
10
140.6938
20
40.1520
30
0
0
VERTEX
8
Visible
10
140.7248
20
40.0307
30
0
0
VERTEX
8
Visible
10
140.7551
20
39.9092
30
0
0
VERTEX
8
Visible
10
140.7846
20
39.7875
30
0
0
VERTEX
8
Visible
10
140.8133
20
39.6656
30
0
0
VERTEX
8
Visible
10
140.8413
20
39.5435
30
0
0
VERTEX
8
Visible
10
140.8685
20
39.4212
30
0
0
VERTEX
8
Visible
10
140.8949
20
39.2987
30
0
0
SEQEND
8
Visible
0
POLYLINE
8
Visible
66
1
70
0
10
0
20
0
30
0
0
VERTEX
8
Visible
10
86.5275
20
39.2987
30
0
0
VERTEX
8
Visible
10
86.5540
20
39.4212
30
0
0
VERTEX
8
Visible
10
86.5812
20
39.5435
30
0
0
VERTEX
8
Visible
10
86.6092
20
39.6656
30
0
0
VERTEX
8
Visible
10
86.6379
20
39.7875
30
0
0
VERTEX
8
Visible
10
86.6674
20
39.9092
30
0
0
VERTEX
8
Visible
10
86.6976
20
40.0307
30
0
0
VERTEX
8
Visible
10
86.7286
20
40.1520
30
0
0
VERTEX
8
Visible
10
86.7604
20
40.2731
30
0
0
VERTEX
8
Visible
10
86.7929
20
40.3939
30
0
0
VERTEX
8
Visible
10
86.8261
20
40.5145
30
0
0
VERTEX
8
Visible
10
86.8601
20
40.6349
30
0
0
VERTEX
8
Visible
10
86.8948
20
40.7550
30
0
0
VERTEX
8
Visible
10
86.9303
20
40.8750
30
0
0
VERTEX
8
Visible
10
86.9665
20
40.9946
30
0
0
VERTEX
8
Visible
10
87.0035
20
41.1141
30
0
0
VERTEX
8
Visible
10
87.0412
20
41.2333
30
0
0
VERTEX
8
Visible
10
87.0796
20
41.3522
30
0
0
VERTEX
8
Visible
10
87.1188
20
41.4709
30
0
0
VERTEX
8
Visible
10
87.1587
20
41.5893
30
0
0
VERTEX
8
Visible
10
87.1993
20
41.7075
30
0
0
VERTEX
8
Visible
10
87.2407
20
41.8254
30
0
0
VERTEX
8
Visible
10
87.2828
20
41.9430
30
0
0
VERTEX
8
Visible
10
87.3257
20
42.0604
30
0
0
VERTEX
8
Visible
10
87.3692
20
42.1775
30
0
0
VERTEX
8
Visible
10
87.4135
20
42.2943
30
0
0
VERTEX
8
Visible
10
87.4586
20
42.4109
30
0
0
VERTEX
8
Visible
10
87.5043
20
42.5271
30
0
0
VERTEX
8
Visible
10
87.5508
20
42.6431
30
0
0
VERTEX
8
Visible
10
87.5980
20
42.7588
30
0
0
VERTEX
8
Visible
10
87.6459
20
42.8742
30
0
0
VERTEX
8
Visible
10
87.6945
20
42.9893
30
0
0
VERTEX
8
Visible
10
87.7439
20
43.1040
30
0
0
VERTEX
8
Visible
10
87.7940
20
43.2185
30
0
0
VERTEX
8
Visible
10
87.8447
20
43.3327
30
0
0
VERTEX
8
Visible
10
87.8963
20
43.4466
30
0
0
VERTEX
8
Visible
10
87.9485
20
43.5601
30
0
0
VERTEX
8
Visible
10
88.0014
20
43.6734
30
0
0
VERTEX
8
Visible
10
88.0550
20
43.7863
30
0
0
VERTEX
8
Visible
10
88.1094
20
43.8989
30
0
0
VERTEX
8
Visible
10
88.1644
20
44.0112
30
0
0
VERTEX
8
Visible
10
88.2202
20
44.1231
30
0
0
VERTEX
8
Visible
10
88.2767
20
44.2347
30
0
0
VERTEX
8
Visible
10
88.3339
20
44.3460
30
0
0
VERTEX
8
Visible
10
88.3917
20
44.4569
30
0
0
VERTEX
8
Visible
10
88.4503
20
44.5675
30
0
0
VERTEX
8
Visible
10
88.5096
20
44.6777
30
0
0
VERTEX
8
Visible
10
88.5696
20
44.7876
30
0
0
VERTEX
8
Visible
10
88.6302
20
44.8971
30
0
0
SEQEND
8
Visible
0
LINE
8
Visible
10
129.9112
20
50.8971
30
0
11
127.9112
21
50.8971
31
0
0
LINE
8
Visible
10
129.9112
20
48.8971
30
0
11
127.9112
21
48.8971
31
0
0
POLYLINE
8
Visible
66
1
70
0
10
0
20
0
30
0
0
VERTEX
8
Visible
10
126.9112
20
54.0946
30
0
0
VERTEX
8
Visible
10
126.9112
20
54.0947
30
0
0
VERTEX
8
Visible
10
126.9112
20
54.0948
30
0
0
VERTEX
8
Visible
10
126.9112
20
54.0949
30
0
0
VERTEX
8
Visible
10
126.9112
20
54.0949
30
0
0
VERTEX
8
Visible
10
126.9112
20
54.0950
30
0
0
VERTEX
8
Visible
10
126.9112
20
54.0951
30
0
0
VERTEX
8
Visible
10
126.9112
20
54.0952
30
0
0
VERTEX
8
Visible
10
126.9112
20
54.0953
30
0
0
VERTEX
8
Visible
10
126.9112
20
54.0954
30
0
0
VERTEX
8
Visible
10
126.9112
20
54.0955
30
0
0
VERTEX
8
Visible
10
126.9112
20
54.0956
30
0
0
VERTEX
8
Visible
10
126.9113
20
54.0956
30
0
0
VERTEX
8
Visible
10
126.9113
20
54.0957
30
0
0
VERTEX
8
Visible
10
126.9113
20
54.0958
30
0
0
VERTEX
8
Visible
10
126.9113
20
54.0959
30
0
0
VERTEX
8
Visible
10
126.9113
20
54.0960
30
0
0
VERTEX
8
Visible
10
126.9113
20
54.0961
30
0
0
VERTEX
8
Visible
10
126.9113
20
54.0962
30
0
0
VERTEX
8
Visible
10
126.9113
20
54.0962
30
0
0
VERTEX
8
Visible
10
126.9113
20
54.0963
30
0
0
VERTEX
8
Visible
10
126.9113
20
54.0964
30
0
0
VERTEX
8
Visible
10
126.9113
20
54.0965
30
0
0
VERTEX
8
Visible
10
126.9113
20
54.0966
30
0
0
VERTEX
8
Visible
10
126.9113
20
54.0967
30
0
0
VERTEX
8
Visible
10
126.9113
20
54.0968
30
0
0
VERTEX
8
Visible
10
126.9113
20
54.0968
30
0
0
VERTEX
8
Visible
10
126.9113
20
54.0969
30
0
0
VERTEX
8
Visible
10
126.9113
20
54.0970
30
0
0
VERTEX
8
Visible
10
126.9113
20
54.0971
30
0
0
VERTEX
8
Visible
10
126.9113
20
54.0972
30
0
0
VERTEX
8
Visible
10
126.9113
20
54.0973
30
0
0
VERTEX
8
Visible
10
126.9113
20
54.0974
30
0
0
VERTEX
8
Visible
10
126.9113
20
54.0974
30
0
0
VERTEX
8
Visible
10
126.9114
20
54.0975
30
0
0
VERTEX
8
Visible
10
126.9114
20
54.0976
30
0
0
VERTEX
8
Visible
10
126.9114
20
54.0977
30
0
0
VERTEX
8
Visible
10
126.9114
20
54.0978
30
0
0
VERTEX
8
Visible
10
126.9114
20
54.0979
30
0
0
VERTEX
8
Visible
10
126.9114
20
54.0979
30
0
0
VERTEX
8
Visible
10
126.9114
20
54.0980
30
0
0
VERTEX
8
Visible
10
126.9114
20
54.0981
30
0
0
VERTEX
8
Visible
10
126.9114
20
54.0982
30
0
0
VERTEX
8
Visible
10
126.9114
20
54.0983
30
0
0
VERTEX
8
Visible
10
126.9114
20
54.0984
30
0
0
VERTEX
8
Visible
10
126.9114
20
54.0985
30
0
0
VERTEX
8
Visible
10
126.9114
20
54.0985
30
0
0
VERTEX
8
Visible
10
126.9115
20
54.0986
30
0
0
VERTEX
8
Visible
10
126.9115
20
54.0987
30
0
0
SEQEND
8
Visible
0
LINE
8
Visible
10
109.1112
20
48.8971
30
0
11
118.3112
21
48.8971
31
0
0
LINE
8
Visible
10
102.7112
20
48.8971
30
0
11
108.3112
21
48.8971
31
0
0
LINE
8
Visible
10
119.1112
20
48.8971
30
0
11
124.7112
21
48.8971
31
0
0
POLYLINE
8
Visible
66
1
70
0
10
0
20
0
30
0
0
VERTEX
8
Visible
10
100.5110
20
54.0987
30
0
0
VERTEX
8
Visible
10
100.5110
20
54.0986
30
0
0
VERTEX
8
Visible
10
100.5110
20
54.0985
30
0
0
VERTEX
8
Visible
10
100.5110
20
54.0985
30
0
0
VERTEX
8
Visible
10
100.5110
20
54.0984
30
0
0
VERTEX
8
Visible
10
100.5111
20
54.0983
30
0
0
VERTEX
8
Visible
10
100.5111
20
54.0982
30
0
0
VERTEX
8
Visible
10
100.5111
20
54.0981
30
0
0
VERTEX
8
Visible
10
100.5111
20
54.0980
30
0
0
VERTEX
8
Visible
10
100.5111
20
54.0979
30
0
0
VERTEX
8
Visible
10
100.5111
20
54.0979
30
0
0
VERTEX
8
Visible
10
100.5111
20
54.0978
30
0
0
VERTEX
8
Visible
10
100.5111
20
54.0977
30
0
0
VERTEX
8
Visible
10
100.5111
20
54.0976
30
0
0
VERTEX
8
Visible
10
100.5111
20
54.0975
30
0
0
VERTEX
8
Visible
10
100.5111
20
54.0974
30
0
0
VERTEX
8
Visible
10
100.5111
20
54.0974
30
0
0
VERTEX
8
Visible
10
100.5111
20
54.0973
30
0
0
VERTEX
8
Visible
10
100.5111
20
54.0972
30
0
0
VERTEX
8
Visible
10
100.5112
20
54.0971
30
0
0
VERTEX
8
Visible
10
100.5112
20
54.0970
30
0
0
VERTEX
8
Visible
10
100.5112
20
54.0969
30
0
0
VERTEX
8
Visible
10
100.5112
20
54.0968
30
0
0
VERTEX
8
Visible
10
100.5112
20
54.0968
30
0
0
VERTEX
8
Visible
10
100.5112
20
54.0967
30
0
0
VERTEX
8
Visible
10
100.5112
20
54.0966
30
0
0
VERTEX
8
Visible
10
100.5112
20
54.0965
30
0
0
VERTEX
8
Visible
10
100.5112
20
54.0964
30
0
0
VERTEX
8
Visible
10
100.5112
20
54.0963
30
0
0
VERTEX
8
Visible
10
100.5112
20
54.0962
30
0
0
VERTEX
8
Visible
10
100.5112
20
54.0962
30
0
0
VERTEX
8
Visible
10
100.5112
20
54.0961
30
0
0
VERTEX
8
Visible
10
100.5112
20
54.0960
30
0
0
VERTEX
8
Visible
10
100.5112
20
54.0959
30
0
0
VERTEX
8
Visible
10
100.5112
20
54.0958
30
0
0
VERTEX
8
Visible
10
100.5112
20
54.0957
30
0
0
VERTEX
8
Visible
10
100.5112
20
54.0956
30
0
0
VERTEX
8
Visible
10
100.5112
20
54.0956
30
0
0
VERTEX
8
Visible
10
100.5112
20
54.0955
30
0
0
VERTEX
8
Visible
10
100.5112
20
54.0954
30
0
0
VERTEX
8
Visible
10
100.5112
20
54.0953
30
0
0
VERTEX
8
Visible
10
100.5112
20
54.0952
30
0
0
VERTEX
8
Visible
10
100.5112
20
54.0951
30
0
0
VERTEX
8
Visible
10
100.5112
20
54.0950
30
0
0
VERTEX
8
Visible
10
100.5112
20
54.0949
30
0
0
VERTEX
8
Visible
10
100.5112
20
54.0949
30
0
0
VERTEX
8
Visible
10
100.5112
20
54.0948
30
0
0
VERTEX
8
Visible
10
100.5112
20
54.0947
30
0
0
VERTEX
8
Visible
10
100.5112
20
54.0946
30
0
0
SEQEND
8
Visible
0
LINE
8
Visible
10
87.2112
20
34.8971
30
0
11
87.2301
21
34.8971
31
0
0
LINE
8
Visible
10
87.2301
20
36.3971
30
0
11
87.2301
21
34.8971
31
0
0
LINE
8
Visible
10
140.1924
20
36.3971
30
0
11
140.1924
21
34.8971
31
0
0
LINE
8
Visible
10
140.1924
20
34.8971
30
0
11
140.2112
21
34.8971
31
0
0
LINE
8
Visible
10
140.1924
20
34.8971
30
0
11
139.1916
21
34.8971
31
0
0
LINE
8
Visible
10
139.1916
20
34.8971
30
0
11
122.2078
21
34.8971
31
0
0
LINE
8
Visible
10
122.2078
20
34.8971
30
0
11
119.5422
21
34.8971
31
0
0
LINE
8
Visible
10
119.5422
20
34.8971
30
0
11
107.8803
21
34.8971
31
0
0
LINE
8
Visible
10
107.8803
20
34.8971
30
0
11
105.2147
21
34.8971
31
0
0
LINE
8
Visible
10
105.2147
20
34.8971
30
0
11
88.2309
21
34.8971
31
0
0
LINE
8
Visible
10
88.2309
20
34.8971
30
0
11
87.2301
21
34.8971
31
0
0
LINE
8
Visible
10
99.5112
20
48.8971
30
0
11
97.5112
21
48.8971
31
0
0
POLYLINE
8
Visible
66
1
70
0
10
0
20
0
30
0
0
VERTEX
8
Visible
10
89.4084
20
41.8971
30
0
0
VERTEX
8
Visible
10
89.3839
20
41.8362
30
0
0
VERTEX
8
Visible
10
89.3596
20
41.7751
30
0
0
VERTEX
8
Visible
10
89.3355
20
41.7140
30
0
0
VERTEX
8
Visible
10
89.3116
20
41.6528
30
0
0
VERTEX
8
Visible
10
89.2879
20
41.5915
30
0
0
VERTEX
8
Visible
10
89.2645
20
41.5301
30
0
0
VERTEX
8
Visible
10
89.2413
20
41.4686
30
0
0
VERTEX
8
Visible
10
89.2183
20
41.4071
30
0
0
VERTEX
8
Visible
10
89.1955
20
41.3454
30
0
0
VERTEX
8
Visible
10
89.1730
20
41.2837
30
0
0
VERTEX
8
Visible
10
89.1507
20
41.2219
30
0
0
VERTEX
8
Visible
10
89.1286
20
41.1600
30
0
0
VERTEX
8
Visible
10
89.1067
20
41.0980
30
0
0
VERTEX
8
Visible
10
89.0851
20
41.0359
30
0
0
VERTEX
8
Visible
10
89.0637
20
40.9738
30
0
0
VERTEX
8
Visible
10
89.0425
20
40.9115
30
0
0
VERTEX
8
Visible
10
89.0215
20
40.8492
30
0
0
VERTEX
8
Visible
10
89.0008
20
40.7868
30
0
0
VERTEX
8
Visible
10
88.9803
20
40.7244
30
0
0
VERTEX
8
Visible
10
88.9600
20
40.6618
30
0
0
VERTEX
8
Visible
10
88.9399
20
40.5992
30
0
0
VERTEX
8
Visible
10
88.9201
20
40.5365
30
0
0
VERTEX
8
Visible
10
88.9005
20
40.4737
30
0
0
VERTEX
8
Visible
10
88.8811
20
40.4108
30
0
0
VERTEX
8
Visible
10
88.8619
20
40.3479
30
0
0
VERTEX
8
Visible
10
88.8430
20
40.2848
30
0
0
VERTEX
8
Visible
10
88.8243
20
40.2217
30
0
0
VERTEX
8
Visible
10
88.8058
20
40.1586
30
0
0
VERTEX
8
Visible
10
88.7876
20
40.0953
30
0
0
VERTEX
8
Visible
10
88.7696
20
40.0320
30
0
0
VERTEX
8
Visible
10
88.7518
20
39.9686
30
0
0
VERTEX
8
Visible
10
88.7342
20
39.9052
30
0
0
VERTEX
8
Visible
10
88.7169
20
39.8416
30
0
0
VERTEX
8
Visible
10
88.6998
20
39.7780
30
0
0
VERTEX
8
Visible
10
88.6829
20
39.7143
30
0
0
VERTEX
8
Visible
10
88.6663
20
39.6506
30
0
0
VERTEX
8
Visible
10
88.6499
20
39.5868
30
0
0
VERTEX
8
Visible
10
88.6337
20
39.5229
30
0
0
VERTEX
8
Visible
10
88.6178
20
39.4589
30
0
0
VERTEX
8
Visible
10
88.6021
20
39.3949
30
0
0
VERTEX
8
Visible
10
88.5866
20
39.3308
30
0
0
VERTEX
8
Visible
10
88.5713
20
39.2667
30
0
0
VERTEX
8
Visible
10
88.5563
20
39.2025
30
0
0
VERTEX
8
Visible
10
88.5415
20
39.1382
30
0
0
VERTEX
8
Visible
10
88.5270
20
39.0738
30
0
0
VERTEX
8
Visible
10
88.5127
20
39.0094
30
0
0
VERTEX
8
Visible
10
88.4986
20
38.9449
30
0
0
VERTEX
8
Visible
10
88.4847
20
38.8804
30
0
0
SEQEND
8
Visible
0
POLYLINE
8
Visible
66
1
70
0
10
0
20
0
30
0
0
VERTEX
8
Visible
10
138.9377
20
38.8804
30
0
0
VERTEX
8
Visible
10
138.9239
20
38.9449
30
0
0
VERTEX
8
Visible
10
138.9098
20
39.0094
30
0
0
VERTEX
8
Visible
10
138.8955
20
39.0738
30
0
0
VERTEX
8
Visible
10
138.8809
20
39.1382
30
0
0
VERTEX
8
Visible
10
138.8661
20
39.2025
30
0
0
VERTEX
8
Visible
10
138.8511
20
39.2667
30
0
0
VERTEX
8
Visible
10
138.8359
20
39.3308
30
0
0
VERTEX
8
Visible
10
138.8204
20
39.3949
30
0
0
VERTEX
8
Visible
10
138.8047
20
39.4589
30
0
0
VERTEX
8
Visible
10
138.7887
20
39.5229
30
0
0
VERTEX
8
Visible
10
138.7726
20
39.5868
30
0
0
VERTEX
8
Visible
10
138.7562
20
39.6506
30
0
0
VERTEX
8
Visible
10
138.7395
20
39.7143
30
0
0
VERTEX
8
Visible
10
138.7227
20
39.7780
30
0
0
VERTEX
8
Visible
10
138.7056
20
39.8416
30
0
0
VERTEX
8
Visible
10
138.6882
20
39.9052
30
0
0
VERTEX
8
Visible
10
138.6707
20
39.9686
30
0
0
VERTEX
8
Visible
10
138.6529
20
40.0320
30
0
0
VERTEX
8
Visible
10
138.6349
20
40.0953
30
0
0
VERTEX
8
Visible
10
138.6166
20
40.1586
30
0
0
VERTEX
8
Visible
10
138.5982
20
40.2217
30
0
0
VERTEX
8
Visible
10
138.5795
20
40.2848
30
0
0
VERTEX
8
Visible
10
138.5605
20
40.3479
30
0
0
VERTEX
8
Visible
10
138.5414
20
40.4108
30
0
0
VERTEX
8
Visible
10
138.5220
20
40.4737
30
0
0
VERTEX
8
Visible
10
138.5024
20
40.5365
30
0
0
VERTEX
8
Visible
10
138.4826
20
40.5992
30
0
0
VERTEX
8
Visible
10
138.4625
20
40.6618
30
0
0
VERTEX
8
Visible
10
138.4422
20
40.7244
30
0
0
VERTEX
8
Visible
10
138.4217
20
40.7868
30
0
0
VERTEX
8
Visible
10
138.4010
20
40.8492
30
0
0
VERTEX
8
Visible
10
138.3800
20
40.9115
30
0
0
VERTEX
8
Visible
10
138.3588
20
40.9738
30
0
0
VERTEX
8
Visible
10
138.3374
20
41.0359
30
0
0
VERTEX
8
Visible
10
138.3157
20
41.0980
30
0
0
VERTEX
8
Visible
10
138.2939
20
41.1600
30
0
0
VERTEX
8
Visible
10
138.2718
20
41.2219
30
0
0
VERTEX
8
Visible
10
138.2495
20
41.2837
30
0
0
VERTEX
8
Visible
10
138.2269
20
41.3454
30
0
0
VERTEX
8
Visible
10
138.2042
20
41.4071
30
0
0
VERTEX
8
Visible
10
138.1812
20
41.4686
30
0
0
VERTEX
8
Visible
10
138.1580
20
41.5301
30
0
0
VERTEX
8
Visible
10
138.1345
20
41.5915
30
0
0
VERTEX
8
Visible
10
138.1109
20
41.6528
30
0
0
VERTEX
8
Visible
10
138.0870
20
41.7140
30
0
0
VERTEX
8
Visible
10
138.0629
20
41.7751
30
0
0
VERTEX
8
Visible
10
138.0386
20
41.8362
30
0
0
VERTEX
8
Visible
10
138.0141
20
41.8971
30
0
0
SEQEND
8
Visible
0
LINE
8
Visible
10
86.4044
20
38.7196
30
0
11
86.5275
21
39.2987
31
0
0
ARC
8
Visible
10
94.2244
20
37.0563
30
0
40
7.9949
50
167.9922
51
179.9999
0
LINE
8
Visible
10
86.2294
20
36.3971
30
0
11
86.2294
21
37.0563
31
0
0
LINE
8
Visible
10
86.2294
20
36.3971
30
0
11
87.2301
21
36.3971
31
0
0
LINE
8
Visible
10
88.2309
20
37.0563
30
0
11
88.2309
21
34.8971
31
0
0
ARC
8
Visible
10
94.2265
20
37.0563
30
0
40
5.9956
50
167.9909
51
179.9999
0
LINE
8
Visible
10
88.4847
20
38.8804
30
0
11
88.3621
21
38.3037
31
0
0
LINE
8
Visible
10
89.4084
20
41.8971
30
0
11
98.8828
21
41.8971
31
0
0
ARC
8
Visible
10
98.8828
20
43.8971
30
0
40
2.0000
50
270.0000
51
315.0000
0
LINE
8
Visible
10
102.1255
20
44.3113
30
0
11
100.2970
21
42.4829
31
0
0
ARC
8
Visible
10
100.7112
20
45.7255
30
0
40
2.0000
50
315.0000
51
0.0000
0
LINE
8
Visible
10
102.7112
20
45.7255
30
0
11
102.7112
21
48.8971
31
0
0
LINE
8
Visible
10
124.7112
20
48.8971
30
0
11
124.7112
21
45.7255
31
0
0
ARC
8
Visible
10
126.7112
20
45.7255
30
0
40
2.0000
50
180.0000
51
225.0000
0
LINE
8
Visible
10
127.1255
20
42.4829
30
0
11
125.2970
21
44.3113
31
0
0
ARC
8
Visible
10
128.5397
20
43.8971
30
0
40
2.0000
50
225.0000
51
270.0000
0
LINE
8
Visible
10
128.5397
20
41.8971
30
0
11
138.0141
21
41.8971
31
0
0
LINE
8
Visible
10
139.0604
20
38.3037
30
0
11
138.9377
21
38.8804
31
0
0
ARC
8
Visible
10
133.1960
20
37.0563
30
0
40
5.9956
50
0.0001
51
12.0091
0
LINE
8
Visible
10
139.1916
20
34.8971
30
0
11
139.1916
21
37.0563
31
0
0
LINE
8
Visible
10
140.1924
20
36.3971
30
0
11
141.1930
21
36.3971
31
0
0
LINE
8
Visible
10
141.1930
20
37.0563
30
0
11
141.1930
21
36.3971
31
0
0
ARC
8
Visible
10
133.1981
20
37.0563
30
0
40
7.9949
50
0.0001
51
12.0078
0
LINE
8
Visible
10
140.8949
20
39.2987
30
0
11
141.0181
21
38.7196
31
0
0
POLYLINE
8
Visible
66
1
70
0
10
0
20
0
30
0
0
VERTEX
8
Visible
10
115.2312
20
55.4946
30
0
0
VERTEX
8
Visible
10
115.2923
20
55.4947
30
0
0
VERTEX
8
Visible
10
115.3533
20
55.4952
30
0
0
VERTEX
8
Visible
10
115.4140
20
55.4959
30
0
0
VERTEX
8
Visible
10
115.4743
20
55.4969
30
0
0
VERTEX
8
Visible
10
115.5343
20
55.4983
30
0
0
VERTEX
8
Visible
10
115.5936
20
55.4999
30
0
0
VERTEX
8
Visible
10
115.6522
20
55.5018
30
0
0
VERTEX
8
Visible
10
115.7101
20
55.5040
30
0
0
VERTEX
8
Visible
10
115.7670
20
55.5065
30
0
0
VERTEX
8
Visible
10
115.8229
20
55.5092
30
0
0
VERTEX
8
Visible
10
115.8777
20
55.5123
30
0
0
VERTEX
8
Visible
10
115.9312
20
55.5155
30
0
0
VERTEX
8
Visible
10
115.9835
20
55.5191
30
0
0
VERTEX
8
Visible
10
116.0342
20
55.5229
30
0
0
VERTEX
8
Visible
10
116.0835
20
55.5269
30
0
0
VERTEX
8
Visible
10
116.1311
20
55.5312
30
0
0
VERTEX
8
Visible
10
116.1771
20
55.5357
30
0
0
VERTEX
8
Visible
10
116.2212
20
55.5404
30
0
0
VERTEX
8
Visible
10
116.2634
20
55.5454
30
0
0
VERTEX
8
Visible
10
116.3037
20
55.5505
30
0
0
VERTEX
8
Visible
10
116.3419
20
55.5558
30
0
0
VERTEX
8
Visible
10
116.3780
20
55.5613
30
0
0
VERTEX
8
Visible
10
116.4120
20
55.5670
30
0
0
VERTEX
8
Visible
10
116.4437
20
55.5729
30
0
0
VERTEX
8
Visible
10
116.4731
20
55.5788
30
0
0
VERTEX
8
Visible
10
116.5001
20
55.5850
30
0
0
VERTEX
8
Visible
10
116.5247
20
55.5912
30
0
0
VERTEX
8
Visible
10
116.5468
20
55.5976
30
0
0
VERTEX
8
Visible
10
116.5664
20
55.6041
30
0
0
VERTEX
8
Visible
10
116.5835
20
55.6106
30
0
0
VERTEX
8
Visible
10
116.5981
20
55.6173
30
0
0
VERTEX
8
Visible
10
116.6100
20
55.6240
30
0
0
VERTEX
8
Visible
10
116.6193
20
55.6307
30
0
0
VERTEX
8
Visible
10
116.6259
20
55.6375
30
0
0
VERTEX
8
Visible
10
116.6299
20
55.6443
30
0
0
VERTEX
8
Visible
10
116.6312
20
55.6512
30
0
0
SEQEND
8
Visible
0
LINE
8
Visible
10
115.2312
20
55.4946
30
0
11
108.9312
21
55.4946
31
0
0
POLYLINE
8
Visible
66
1
70
0
10
0
20
0
30
0
0
VERTEX
8
Visible
10
115.2791
20
55.8636
30
0
0
VERTEX
8
Visible
10
115.2761
20
55.8636
30
0
0
VERTEX
8
Visible
10
115.2731
20
55.8636
30
0
0
VERTEX
8
Visible
10
115.2701
20
55.8636
30
0
0
VERTEX
8
Visible
10
115.2671
20
55.8636
30
0
0
VERTEX
8
Visible
10
115.2641
20
55.8636
30
0
0
VERTEX
8
Visible
10
115.2611
20
55.8636
30
0
0
VERTEX
8
Visible
10
115.2581
20
55.8637
30
0
0
VERTEX
8
Visible
10
115.2552
20
55.8637
30
0
0
VERTEX
8
Visible
10
115.2522
20
55.8637
30
0
0
VERTEX
8
Visible
10
115.2492
20
55.8637
30
0
0
VERTEX
8
Visible
10
115.2462
20
55.8637
30
0
0
VERTEX
8
Visible
10
115.2432
20
55.8637
30
0
0
VERTEX
8
Visible
10
115.2402
20
55.8637
30
0
0
VERTEX
8
Visible
10
115.2372
20
55.8637
30
0
0
VERTEX
8
Visible
10
115.2342
20
55.8637
30
0
0
VERTEX
8
Visible
10
115.2312
20
55.8637
30
0
0
SEQEND
8
Visible
0
POLYLINE
8
Visible
66
1
70
0
10
0
20
0
30
0
0
VERTEX
8
Visible
10
116.6312
20
55.7071
30
0
0
VERTEX
8
Visible
10
116.6300
20
55.7138
30
0
0
VERTEX
8
Visible
10
116.6261
20
55.7205
30
0
0
VERTEX
8
Visible
10
116.6197
20
55.7272
30
0
0
VERTEX
8
Visible
10
116.6107
20
55.7338
30
0
0
VERTEX
8
Visible
10
116.5992
20
55.7404
30
0
0
VERTEX
8
Visible
10
116.5852
20
55.7469
30
0
0
VERTEX
8
Visible
10
116.5687
20
55.7534
30
0
0
VERTEX
8
Visible
10
116.5498
20
55.7597
30
0
0
VERTEX
8
Visible
10
116.5284
20
55.7660
30
0
0
VERTEX
8
Visible
10
116.5046
20
55.7722
30
0
0
VERTEX
8
Visible
10
116.4785
20
55.7782
30
0
0
VERTEX
8
Visible
10
116.4501
20
55.7841
30
0
0
VERTEX
8
Visible
10
116.4195
20
55.7899
30
0
0
VERTEX
8
Visible
10
116.3867
20
55.7955
30
0
0
VERTEX
8
Visible
10
116.3518
20
55.8010
30
0
0
VERTEX
8
Visible
10
116.3148
20
55.8062
30
0
0
VERTEX
8
Visible
10
116.2758
20
55.8113
30
0
0
VERTEX
8
Visible
10
116.2349
20
55.8163
30
0
0
VERTEX
8
Visible
10
116.1922
20
55.8210
30
0
0
VERTEX
8
Visible
10
116.1477
20
55.8255
30
0
0
VERTEX
8
Visible
10
116.1015
20
55.8298
30
0
0
VERTEX
8
Visible
10
116.0537
20
55.8338
30
0
0
VERTEX
8
Visible
10
116.0044
20
55.8376
30
0
0
VERTEX
8
Visible
10
115.9537
20
55.8412
30
0
0
VERTEX
8
Visible
10
115.9017
20
55.8446
30
0
0
VERTEX
8
Visible
10
115.8484
20
55.8476
30
0
0
SEQEND
8
Visible
0
LINE
8
Visible
10
116.6312
20
55.7071
30
0
11
116.6312
21
55.6512
31
0
0
LINE
8
Visible
10
112.1473
20
55.8637
30
0
11
115.2312
21
55.8637
31
0
0
POLYLINE
8
Visible
66
1
70
0
10
0
20
0
30
0
0
VERTEX
8
Visible
10
107.7688
20
55.5639
30
0
0
VERTEX
8
Visible
10
107.8031
20
55.5584
30
0
0
VERTEX
8
Visible
10
107.8394
20
55.5531
30
0
0
VERTEX
8
Visible
10
107.8777
20
55.5480
30
0
0
VERTEX
8
Visible
10
107.9179
20
55.5431
30
0
0
VERTEX
8
Visible
10
107.9600
20
55.5384
30
0
0
VERTEX
8
Visible
10
108.0038
20
55.5338
30
0
0
VERTEX
8
Visible
10
108.0493
20
55.5295
30
0
0
VERTEX
8
Visible
10
108.0964
20
55.5254
30
0
0
VERTEX
8
Visible
10
108.1450
20
55.5216
30
0
0
VERTEX
8
Visible
10
108.1950
20
55.5180
30
0
0
VERTEX
8
Visible
10
108.2464
20
55.5146
30
0
0
VERTEX
8
Visible
10
108.2990
20
55.5114
30
0
0
VERTEX
8
Visible
10
108.3528
20
55.5085
30
0
0
VERTEX
8
Visible
10
108.4076
20
55.5059
30
0
0
VERTEX
8
Visible
10
108.4634
20
55.5036
30
0
0
VERTEX
8
Visible
10
108.5200
20
55.5015
30
0
0
VERTEX
8
Visible
10
108.5773
20
55.4996
30
0
0
VERTEX
8
Visible
10
108.6353
20
55.4981
30
0
0
VERTEX
8
Visible
10
108.6939
20
55.4968
30
0
0
VERTEX
8
Visible
10
108.7528
20
55.4958
30
0
0
VERTEX
8
Visible
10
108.8121
20
55.4951
30
0
0
VERTEX
8
Visible
10
108.8716
20
55.4947
30
0
0
VERTEX
8
Visible
10
108.9312
20
55.4946
30
0
0
SEQEND
8
Visible
0
LINE
8
Visible
10
124.7112
20
47.8971
30
0
11
123.9052
21
47.8971
31
0
0
LINE
8
Visible
10
86.2294
20
36.3971
30
0
11
86.2112
21
36.3971
31
0
0
LINE
8
Visible
10
141.2112
20
36.3971
30
0
11
141.1930
21
36.3971
31
0
0
LINE
8
Visible
10
99.5112
20
50.8971
30
0
11
97.5112
21
50.8971
31
0
0
LINE
8
Visible
10
138.5426
20
44.8971
30
0
11
138.5369
21
44.8971
31
0
0
POLYLINE
8
Visible
66
1
70
0
10
0
20
0
30
0
0
VERTEX
8
Visible
10
86.5158
20
39.3301
30
0
0
VERTEX
8
Visible
10
86.8299
20
40.6001
30
0
0
VERTEX
8
Visible
10
87.2109
20
41.8037
30
0
0
VERTEX
8
Visible
10
87.6466
20
42.9357
30
0
0
VERTEX
8
Visible
10
88.1248
20
43.9903
30
0
0
VERTEX
8
Visible
10
88.6332
20
44.9623
30
0
0
VERTEX
8
Visible
10
89.1590
20
45.8512
30
0
0
VERTEX
8
Visible
10
89.6946
20
46.6619
30
0
0
VERTEX
8
Visible
10
90.2338
20
47.3993
30
0
0
VERTEX
8
Visible
10
90.7709
20
48.0682
30
0
0
VERTEX
8
Visible
10
91.2999
20
48.6734
30
0
0
VERTEX
8
Visible
10
91.8149
20
49.2198
30
0
0
VERTEX
8
Visible
10
92.3124
20
49.7142
30
0
0
VERTEX
8
Visible
10
92.7924
20
50.1617
30
0
0
VERTEX
8
Visible
10
93.2547
20
50.5661
30
0
0
VERTEX
8
Visible
10
93.6993
20
50.9312
30
0
0
VERTEX
8
Visible
10
94.1262
20
51.2607
30
0
0
VERTEX
8
Visible
10
94.5354
20
51.5585
30
0
0
VERTEX
8
Visible
10
94.9268
20
51.8285
30
0
0
VERTEX
8
Visible
10
95.3004
20
52.0743
30
0
0
VERTEX
8
Visible
10
95.6564
20
52.2997
30
0
0
VERTEX
8
Visible
10
95.9964
20
52.5077
30
0
0
VERTEX
8
Visible
10
96.3215
20
52.6993
30
0
0
VERTEX
8
Visible
10
96.6322
20
52.8756
30
0
0
VERTEX
8
Visible
10
96.9293
20
53.0376
30
0
0
VERTEX
8
Visible
10
97.2134
20
53.1863
30
0
0
VERTEX
8
Visible
10
97.4852
20
53.3227
30
0
0
VERTEX
8
Visible
10
97.7453
20
53.4478
30
0
0
VERTEX
8
Visible
10
97.9943
20
53.5626
30
0
0
VERTEX
8
Visible
10
98.2330
20
53.6682
30
0
0
VERTEX
8
Visible
10
98.4620
20
53.7655
30
0
0
VERTEX
8
Visible
10
98.6819
20
53.8556
30
0
0
VERTEX
8
Visible
10
98.8934
20
53.9395
30
0
0
VERTEX
8
Visible
10
99.0971
20
54.0182
30
0
0
VERTEX
8
Visible
10
99.2937
20
54.0926
30
0
0
VERTEX
8
Visible
10
99.4839
20
54.1637
30
0
0
VERTEX
8
Visible
10
99.6682
20
54.2313
30
0
0
VERTEX
8
Visible
10
99.8468
20
54.2953
30
0
0
VERTEX
8
Visible
10
100.0200
20
54.3560
30
0
0
VERTEX
8
Visible
10
100.1878
20
54.4134
30
0
0
VERTEX
8
Visible
10
100.3505
20
54.4677
30
0
0
VERTEX
8
Visible
10
100.5084
20
54.5191
30
0
0
VERTEX
8
Visible
10
100.6615
20
54.5677
30
0
0
VERTEX
8
Visible
10
100.8102
20
54.6136
30
0
0
VERTEX
8
Visible
10
100.9545
20
54.6570
30
0
0
VERTEX
8
Visible
10
101.0948
20
54.6980
30
0
0
VERTEX
8
Visible
10
101.2312
20
54.7368
30
0
0
VERTEX
8
Visible
10
101.3638
20
54.7734
30
0
0
VERTEX
8
Visible
10
101.4930
20
54.8081
30
0
0
VERTEX
8
Visible
10
101.6188
20
54.8410
30
0
0
VERTEX
8
Visible
10
101.7415
20
54.8722
30
0
0
VERTEX
8
Visible
10
101.8614
20
54.9018
30
0
0
VERTEX
8
Visible
10
101.9785
20
54.9300
30
0
0
VERTEX
8
Visible
10
102.0931
20
54.9570
30
0
0
VERTEX
8
Visible
10
102.2054
20
54.9828
30
0
0
VERTEX
8
Visible
10
102.3155
20
55.0076
30
0
0
VERTEX
8
Visible
10
102.4238
20
55.0316
30
0
0
VERTEX
8
Visible
10
102.5303
20
55.0549
30
0
0
VERTEX
8
Visible
10
102.6353
20
55.0776
30
0
0
VERTEX
8
Visible
10
102.7390
20
55.0999
30
0
0
VERTEX
8
Visible
10
102.8414
20
55.1218
30
0
0
VERTEX
8
Visible
10
102.9426
20
55.1431
30
0
0
VERTEX
8
Visible
10
103.0426
20
55.1638
30
0
0
VERTEX
8
Visible
10
103.1414
20
55.1840
30
0
0
VERTEX
8
Visible
10
103.2391
20
55.2037
30
0
0
VERTEX
8
Visible
10
103.3356
20
55.2228
30
0
0
VERTEX
8
Visible
10
103.4310
20
55.2415
30
0
0
VERTEX
8
Visible
10
103.5253
20
55.2596
30
0
0
VERTEX
8
Visible
10
103.6186
20
55.2772
30
0
0
VERTEX
8
Visible
10
103.7108
20
55.2944
30
0
0
VERTEX
8
Visible
10
103.8021
20
55.3111
30
0
0
VERTEX
8
Visible
10
103.8924
20
55.3273
30
0
0
VERTEX
8
Visible
10
103.9817
20
55.3431
30
0
0
VERTEX
8
Visible
10
104.0701
20
55.3585
30
0
0
VERTEX
8
Visible
10
104.1577
20
55.3734
30
0
0
VERTEX
8
Visible
10
104.2444
20
55.3879
30
0
0
VERTEX
8
Visible
10
104.3302
20
55.4020
30
0
0
VERTEX
8
Visible
10
104.4153
20
55.4158
30
0
0
VERTEX
8
Visible
10
104.4996
20
55.4291
30
0
0
VERTEX
8
Visible
10
104.5831
20
55.4421
30
0
0
VERTEX
8
Visible
10
104.6659
20
55.4547
30
0
0
VERTEX
8
Visible
10
104.7481
20
55.4670
30
0
0
VERTEX
8
Visible
10
104.8295
20
55.4789
30
0
0
VERTEX
8
Visible
10
104.9103
20
55.4905
30
0
0
VERTEX
8
Visible
10
104.9906
20
55.5018
30
0
0
VERTEX
8
Visible
10
105.0702
20
55.5128
30
0
0
VERTEX
8
Visible
10
105.1493
20
55.5235
30
0
0
VERTEX
8
Visible
10
105.2278
20
55.5339
30
0
0
VERTEX
8
Visible
10
105.3059
20
55.5440
30
0
0
VERTEX
8
Visible
10
105.3835
20
55.5539
30
0
0
VERTEX
8
Visible
10
105.4606
20
55.5635
30
0
0
VERTEX
8
Visible
10
105.5374
20
55.5729
30
0
0
VERTEX
8
Visible
10
105.6137
20
55.5821
30
0
0
VERTEX
8
Visible
10
105.6897
20
55.5910
30
0
0
VERTEX
8
Visible
10
105.7654
20
55.5997
30
0
0
VERTEX
8
Visible
10
105.8407
20
55.6083
30
0
0
VERTEX
8
Visible
10
105.9158
20
55.6166
30
0
0
VERTEX
8
Visible
10
105.9906
20
55.6248
30
0
0
VERTEX
8
Visible
10
106.0652
20
55.6328
30
0
0
VERTEX
8
Visible
10
106.1397
20
55.6407
30
0
0
VERTEX
8
Visible
10
106.2139
20
55.6484
30
0
0
VERTEX
8
Visible
10
106.2880
20
55.6560
30
0
0
VERTEX
8
Visible
10
106.3620
20
55.6634
30
0
0
VERTEX
8
Visible
10
106.4359
20
55.6708
30
0
0
VERTEX
8
Visible
10
106.5098
20
55.6781
30
0
0
VERTEX
8
Visible
10
106.5836
20
55.6852
30
0
0
VERTEX
8
Visible
10
106.6575
20
55.6923
30
0
0
VERTEX
8
Visible
10
106.7313
20
55.6993
30
0
0
VERTEX
8
Visible
10
106.8052
20
55.7063
30
0
0
VERTEX
8
Visible
10
106.8792
20
55.7132
30
0
0
VERTEX
8
Visible
10
106.9533
20
55.7201
30
0
0
VERTEX
8
Visible
10
107.0276
20
55.7270
30
0
0
VERTEX
8
Visible
10
107.1018
20
55.7338
30
0
0
VERTEX
8
Visible
10
107.1761
20
55.7405
30
0
0
VERTEX
8
Visible
10
107.2502
20
55.7470
30
0
0
VERTEX
8
Visible
10
107.3244
20
55.7535
30
0
0
VERTEX
8
Visible
10
107.3985
20
55.7599
30
0
0
VERTEX
8
Visible
10
107.4726
20
55.7661
30
0
0
VERTEX
8
Visible
10
107.5467
20
55.7723
30
0
0
VERTEX
8
Visible
10
107.6207
20
55.7784
30
0
0
VERTEX
8
Visible
10
107.6948
20
55.7843
30
0
0
VERTEX
8
Visible
10
107.7688
20
55.7902
30
0
0
VERTEX
8
Visible
10
107.8428
20
55.7960
30
0
0
VERTEX
8
Visible
10
107.9168
20
55.8016
30
0
0
VERTEX
8
Visible
10
107.9908
20
55.8072
30
0
0
VERTEX
8
Visible
10
108.0648
20
55.8127
30
0
0
VERTEX
8
Visible
10
108.1388
20
55.8181
30
0
0
VERTEX
8
Visible
10
108.2128
20
55.8234
30
0
0
VERTEX
8
Visible
10
108.2868
20
55.8286
30
0
0
VERTEX
8
Visible
10
108.3608
20
55.8337
30
0
0
VERTEX
8
Visible
10
108.4348
20
55.8387
30
0
0
VERTEX
8
Visible
10
108.5088
20
55.8437
30
0
0
VERTEX
8
Visible
10
108.5829
20
55.8485
30
0
0
VERTEX
8
Visible
10
108.6569
20
55.8533
30
0
0
VERTEX
8
Visible
10
108.7310
20
55.8579
30
0
0
VERTEX
8
Visible
10
108.8051
20
55.8625
30
0
0
VERTEX
8
Visible
10
108.8792
20
55.8670
30
0
0
VERTEX
8
Visible
10
108.9534
20
55.8715
30
0
0
VERTEX
8
Visible
10
109.0276
20
55.8758
30
0
0
VERTEX
8
Visible
10
109.1018
20
55.8801
30
0
0
VERTEX
8
Visible
10
109.1760
20
55.8843
30
0
0
VERTEX
8
Visible
10
109.2503
20
55.8884
30
0
0
VERTEX
8
Visible
10
109.3247
20
55.8924
30
0
0
VERTEX
8
Visible
10
109.3990
20
55.8963
30
0
0
VERTEX
8
Visible
10
109.4735
20
55.9002
30
0
0
VERTEX
8
Visible
10
109.5479
20
55.9040
30
0
0
VERTEX
8
Visible
10
109.6225
20
55.9077
30
0
0
VERTEX
8
Visible
10
109.6971
20
55.9114
30
0
0
VERTEX
8
Visible
10
109.7717
20
55.9150
30
0
0
VERTEX
8
Visible
10
109.8464
20
55.9185
30
0
0
VERTEX
8
Visible
10
109.9212
20
55.9219
30
0
0
VERTEX
8
Visible
10
109.9960
20
55.9253
30
0
0
VERTEX
8
Visible
10
110.0709
20
55.9286
30
0
0
VERTEX
8
Visible
10
110.1458
20
55.9318
30
0
0
VERTEX
8
Visible
10
110.2208
20
55.9350
30
0
0
VERTEX
8
Visible
10
110.2959
20
55.9381
30
0
0
VERTEX
8
Visible
10
110.3710
20
55.9411
30
0
0
VERTEX
8
Visible
10
110.4462
20
55.9440
30
0
0
VERTEX
8
Visible
10
110.5214
20
55.9469
30
0
0
VERTEX
8
Visible
10
110.5966
20
55.9497
30
0
0
VERTEX
8
Visible
10
110.6720
20
55.9525
30
0
0
VERTEX
8
Visible
10
110.7473
20
55.9551
30
0
0
VERTEX
8
Visible
10
110.8227
20
55.9577
30
0
0
VERTEX
8
Visible
10
110.8982
20
55.9603
30
0
0
VERTEX
8
Visible
10
110.9737
20
55.9627
30
0
0
VERTEX
8
Visible
10
111.0492
20
55.9651
30
0
0
VERTEX
8
Visible
10
111.1248
20
55.9674
30
0
0
VERTEX
8
Visible
10
111.2004
20
55.9697
30
0
0
VERTEX
8
Visible
10
111.2761
20
55.9719
30
0
0
VERTEX
8
Visible
10
111.3518
20
55.9740
30
0
0
VERTEX
8
Visible
10
111.4275
20
55.9760
30
0
0
VERTEX
8
Visible
10
111.5033
20
55.9780
30
0
0
VERTEX
8
Visible
10
111.5791
20
55.9799
30
0
0
VERTEX
8
Visible
10
111.6550
20
55.9817
30
0
0
VERTEX
8
Visible
10
111.7308
20
55.9835
30
0
0
VERTEX
8
Visible
10
111.8067
20
55.9852
30
0
0
VERTEX
8
Visible
10
111.8827
20
55.9868
30
0
0
VERTEX
8
Visible
10
111.9586
20
55.9884
30
0
0
VERTEX
8
Visible
10
112.0346
20
55.9899
30
0
0
VERTEX
8
Visible
10
112.1107
20
55.9913
30
0
0
VERTEX
8
Visible
10
112.1867
20
55.9927
30
0
0
VERTEX
8
Visible
10
112.2628
20
55.9940
30
0
0
VERTEX
8
Visible
10
112.3389
20
55.9952
30
0
0
VERTEX
8
Visible
10
112.4150
20
55.9964
30
0
0
VERTEX
8
Visible
10
112.4912
20
55.9975
30
0
0
VERTEX
8
Visible
10
112.5673
20
55.9985
30
0
0
VERTEX
8
Visible
10
112.6435
20
55.9994
30
0
0
VERTEX
8
Visible
10
112.7197
20
56.0003
30
0
0
VERTEX
8
Visible
10
112.7959
20
56.0011
30
0
0
VERTEX
8
Visible
10
112.8722
20
56.0019
30
0
0
VERTEX
8
Visible
10
112.9484
20
56.0026
30
0
0
VERTEX
8
Visible
10
113.0247
20
56.0032
30
0
0
VERTEX
8
Visible
10
113.1009
20
56.0038
30
0
0
VERTEX
8
Visible
10
113.1772
20
56.0042
30
0
0
VERTEX
8
Visible
10
113.2535
20
56.0047
30
0
0
VERTEX
8
Visible
10
113.3298
20
56.0050
30
0
0
VERTEX
8
Visible
10
113.4061
20
56.0053
30
0
0
VERTEX
8
Visible
10
113.4824
20
56.0055
30
0
0
VERTEX
8
Visible
10
113.5588
20
56.0057
30
0
0
VERTEX
8
Visible
10
113.6351
20
56.0058
30
0
0
VERTEX
8
Visible
10
113.7114
20
56.0058
30
0
0
VERTEX
8
Visible
10
113.7877
20
56.0058
30
0
0
VERTEX
8
Visible
10
113.8641
20
56.0057
30
0
0
VERTEX
8
Visible
10
113.9404
20
56.0055
30
0
0
VERTEX
8
Visible
10
114.0167
20
56.0052
30
0
0
VERTEX
8
Visible
10
114.0931
20
56.0049
30
0
0
VERTEX
8
Visible
10
114.1694
20
56.0046
30
0
0
VERTEX
8
Visible
10
114.2457
20
56.0041
30
0
0
VERTEX
8
Visible
10
114.3220
20
56.0036
30
0
0
VERTEX
8
Visible
10
114.3983
20
56.0031
30
0
0
VERTEX
8
Visible
10
114.4746
20
56.0024
30
0
0
VERTEX
8
Visible
10
114.5509
20
56.0018
30
0
0
VERTEX
8
Visible
10
114.6271
20
56.0010
30
0
0
VERTEX
8
Visible
10
114.7034
20
56.0002
30
0
0
VERTEX
8
Visible
10
114.7796
20
55.9993
30
0
0
VERTEX
8
Visible
10
114.8557
20
55.9983
30
0
0
VERTEX
8
Visible
10
114.9319
20
55.9973
30
0
0
VERTEX
8
Visible
10
115.0080
20
55.9962
30
0
0
VERTEX
8
Visible
10
115.0841
20
55.9951
30
0
0
VERTEX
8
Visible
10
115.1601
20
55.9939
30
0
0
VERTEX
8
Visible
10
115.2362
20
55.9926
30
0
0
VERTEX
8
Visible
10
115.3121
20
55.9912
30
0
0
VERTEX
8
Visible
10
115.3881
20
55.9898
30
0
0
VERTEX
8
Visible
10
115.4641
20
55.9883
30
0
0
VERTEX
8
Visible
10
115.5400
20
55.9868
30
0
0
VERTEX
8
Visible
10
115.6158
20
55.9852
30
0
0
VERTEX
8
Visible
10
115.6917
20
55.9835
30
0
0
VERTEX
8
Visible
10
115.7675
20
55.9817
30
0
0
VERTEX
8
Visible
10
115.8433
20
55.9799
30
0
0
VERTEX
8
Visible
10
115.9190
20
55.9780
30
0
0
VERTEX
8
Visible
10
115.9947
20
55.9761
30
0
0
VERTEX
8
Visible
10
116.0704
20
55.9740
30
0
0
VERTEX
8
Visible
10
116.1460
20
55.9719
30
0
0
VERTEX
8
Visible
10
116.2216
20
55.9698
30
0
0
VERTEX
8
Visible
10
116.2972
20
55.9675
30
0
0
VERTEX
8
Visible
10
116.3727
20
55.9652
30
0
0
VERTEX
8
Visible
10
116.4482
20
55.9628
30
0
0
VERTEX
8
Visible
10
116.5236
20
55.9604
30
0
0
VERTEX
8
Visible
10
116.5990
20
55.9579
30
0
0
VERTEX
8
Visible
10
116.6744
20
55.9553
30
0
0
VERTEX
8
Visible
10
116.7497
20
55.9526
30
0
0
VERTEX
8
Visible
10
116.8250
20
55.9499
30
0
0
VERTEX
8
Visible
10
116.9003
20
55.9471
30
0
0
VERTEX
8
Visible
10
116.9755
20
55.9442
30
0
0
VERTEX
8
Visible
10
117.0507
20
55.9413
30
0
0
VERTEX
8
Visible
10
117.1258
20
55.9382
30
0
0
VERTEX
8
Visible
10
117.2008
20
55.9352
30
0
0
VERTEX
8
Visible
10
117.2759
20
55.9320
30
0
0
VERTEX
8
Visible
10
117.3509
20
55.9287
30
0
0
VERTEX
8
Visible
10
117.4258
20
55.9254
30
0
0
VERTEX
8
Visible
10
117.5007
20
55.9221
30
0
0
VERTEX
8
Visible
10
117.5756
20
55.9186
30
0
0
VERTEX
8
Visible
10
117.6504
20
55.9151
30
0
0
VERTEX
8
Visible
10
117.7251
20
55.9115
30
0
0
VERTEX
8
Visible
10
117.7998
20
55.9078
30
0
0
VERTEX
8
Visible
10
117.8745
20
55.9040
30
0
0
VERTEX
8
Visible
10
117.9491
20
55.9002
30
0
0
VERTEX
8
Visible
10
118.0237
20
55.8963
30
0
0
VERTEX
8
Visible
10
118.0982
20
55.8923
30
0
0
VERTEX
8
Visible
10
118.1726
20
55.8882
30
0
0
VERTEX
8
Visible
10
118.2470
20
55.8841
30
0
0
VERTEX
8
Visible
10
118.3214
20
55.8799
30
0
0
VERTEX
8
Visible
10
118.3957
20
55.8756
30
0
0
VERTEX
8
Visible
10
118.4699
20
55.8713
30
0
0
VERTEX
8
Visible
10
118.5440
20
55.8669
30
0
0
VERTEX
8
Visible
10
118.6180
20
55.8624
30
0
0
VERTEX
8
Visible
10
118.6918
20
55.8579
30
0
0
VERTEX
8
Visible
10
118.7654
20
55.8534
30
0
0
VERTEX
8
Visible
10
118.8390
20
55.8488
30
0
0
VERTEX
8
Visible
10
118.9124
20
55.8442
30
0
0
VERTEX
8
Visible
10
118.9858
20
55.8395
30
0
0
VERTEX
8
Visible
10
119.0591
20
55.8347
30
0
0
VERTEX
8
Visible
10
119.1323
20
55.8299
30
0
0
VERTEX
8
Visible
10
119.2054
20
55.8249
30
0
0
VERTEX
8
Visible
10
119.2785
20
55.8200
30
0
0
VERTEX
8
Visible
10
119.3516
20
55.8149
30
0
0
VERTEX
8
Visible
10
119.4246
20
55.8097
30
0
0
VERTEX
8
Visible
10
119.4976
20
55.8045
30
0
0
VERTEX
8
Visible
10
119.5706
20
55.7992
30
0
0
VERTEX
8
Visible
10
119.6436
20
55.7938
30
0
0
VERTEX
8
Visible
10
119.7167
20
55.7882
30
0
0
VERTEX
8
Visible
10
119.7897
20
55.7826
30
0
0
VERTEX
8
Visible
10
119.8628
20
55.7769
30
0
0
VERTEX
8
Visible
10
119.9360
20
55.7711
30
0
0
VERTEX
8
Visible
10
120.0092
20
55.7651
30
0
0
VERTEX
8
Visible
10
120.0824
20
55.7591
30
0
0
VERTEX
8
Visible
10
120.1558
20
55.7529
30
0
0
VERTEX
8
Visible
10
120.2292
20
55.7466
30
0
0
VERTEX
8
Visible
10
120.3028
20
55.7401
30
0
0
VERTEX
8
Visible
10
120.3765
20
55.7336
30
0
0
VERTEX
8
Visible
10
120.4503
20
55.7269
30
0
0
VERTEX
8
Visible
10
120.5242
20
55.7200
30
0
0
VERTEX
8
Visible
10
120.5983
20
55.7131
30
0
0
VERTEX
8
Visible
10
120.6725
20
55.7059
30
0
0
VERTEX
8
Visible
10
120.7469
20
55.6987
30
0
0
VERTEX
8
Visible
10
120.8215
20
55.6912
30
0
0
VERTEX
8
Visible
10
120.8963
20
55.6836
30
0
0
VERTEX
8
Visible
10
120.9712
20
55.6759
30
0
0
VERTEX
8
Visible
10
121.0464
20
55.6680
30
0
0
VERTEX
8
Visible
10
121.1218
20
55.6599
30
0
0
VERTEX
8
Visible
10
121.1975
20
55.6516
30
0
0
VERTEX
8
Visible
10
121.2734
20
55.6432
30
0
0
VERTEX
8
Visible
10
121.3495
20
55.6346
30
0
0
VERTEX
8
Visible
10
121.4260
20
55.6258
30
0
0
VERTEX
8
Visible
10
121.5027
20
55.6168
30
0
0
VERTEX
8
Visible
10
121.5797
20
55.6077
30
0
0
VERTEX
8
Visible
10
121.6569
20
55.5983
30
0
0
VERTEX
8
Visible
10
121.7345
20
55.5888
30
0
0
VERTEX
8
Visible
10
121.8125
20
55.5790
30
0
0
VERTEX
8
Visible
10
121.8907
20
55.5690
30
0
0
VERTEX
8
Visible
10
121.9693
20
55.5589
30
0
0
VERTEX
8
Visible
10
122.0483
20
55.5485
30
0
0
VERTEX
8
Visible
10
122.1276
20
55.5379
30
0
0
VERTEX
8
Visible
10
122.2073
20
55.5271
30
0
0
VERTEX
8
Visible
10
122.2874
20
55.5160
30
0
0
VERTEX
8
Visible
10
122.3679
20
55.5047
30
0
0
VERTEX
8
Visible
10
122.4488
20
55.4932
30
0
0
VERTEX
8
Visible
10
122.5301
20
55.4815
30
0
0
VERTEX
8
Visible
10
122.6119
20
55.4695
30
0
0
VERTEX
8
Visible
10
122.6941
20
55.4573
30
0
0
VERTEX
8
Visible
10
122.7767
20
55.4448
30
0
0
VERTEX
8
Visible
10
122.8598
20
55.4321
30
0
0
VERTEX
8
Visible
10
122.9434
20
55.4192
30
0
0
VERTEX
8
Visible
10
123.0275
20
55.4059
30
0
0
VERTEX
8
Visible
10
123.1121
20
55.3924
30
0
0
VERTEX
8
Visible
10
123.1972
20
55.3787
30
0
0
VERTEX
8
Visible
10
123.2828
20
55.3647
30
0
0
VERTEX
8
Visible
10
123.3687
20
55.3506
30
0
0
VERTEX
8
Visible
10
123.4548
20
55.3366
30
0
0
VERTEX
8
Visible
10
123.5413
20
55.3226
30
0
0
VERTEX
8
Visible
10
123.6283
20
55.3084
30
0
0
VERTEX
8
Visible
10
123.7159
20
55.2941
30
0
0
VERTEX
8
Visible
10
123.8042
20
55.2796
30
0
0
VERTEX
8
Visible
10
123.8933
20
55.2647
30
0
0
VERTEX
8
Visible
10
123.9835
20
55.2493
30
0
0
VERTEX
8
Visible
10
124.0748
20
55.2336
30
0
0
VERTEX
8
Visible
10
124.1672
20
55.2172
30
0
0
VERTEX
8
Visible
10
124.2611
20
55.2003
30
0
0
VERTEX
8
Visible
10
124.3564
20
55.1826
30
0
0
VERTEX
8
Visible
10
124.4532
20
55.1641
30
0
0
VERTEX
8
Visible
10
124.5519
20
55.1449
30
0
0
VERTEX
8
Visible
10
124.6523
20
55.1246
30
0
0
VERTEX
8
Visible
10
124.7547
20
55.1034
30
0
0
VERTEX
8
Visible
10
124.8592
20
55.0811
30
0
0
VERTEX
8
Visible
10
124.9659
20
55.0576
30
0
0
VERTEX
8
Visible
10
125.0750
20
55.0329
30
0
0
VERTEX
8
Visible
10
125.1865
20
55.0070
30
0
0
VERTEX
8
Visible
10
125.3006
20
54.9796
30
0
0
VERTEX
8
Visible
10
125.4174
20
54.9508
30
0
0
VERTEX
8
Visible
10
125.5370
20
54.9204
30
0
0
VERTEX
8
Visible
10
125.6596
20
54.8885
30
0
0
VERTEX
8
Visible
10
125.7852
20
54.8548
30
0
0
VERTEX
8
Visible
10
125.9140
20
54.8195
30
0
0
VERTEX
8
Visible
10
126.0462
20
54.7823
30
0
0
VERTEX
8
Visible
10
126.1818
20
54.7432
30
0
0
VERTEX
8
Visible
10
126.3210
20
54.7021
30
0
0
VERTEX
8
Visible
10
126.4638
20
54.6589
30
0
0
VERTEX
8
Visible
10
126.6105
20
54.6137
30
0
0
VERTEX
8
Visible
10
126.7611
20
54.5662
30
0
0
VERTEX
8
Visible
10
126.9158
20
54.5165
30
0
0
VERTEX
8
Visible
10
127.0747
20
54.4644
30
0
0
VERTEX
8
Visible
10
127.2378
20
54.4099
30
0
0
VERTEX
8
Visible
10
127.4054
20
54.3529
30
0
0
VERTEX
8
Visible
10
127.5776
20
54.2933
30
0
0
VERTEX
8
Visible
10
127.7548
20
54.2309
30
0
0
VERTEX
8
Visible
10
127.9380
20
54.1651
30
0
0
VERTEX
8
Visible
10
128.1275
20
54.0952
30
0
0
VERTEX
8
Visible
10
128.3240
20
54.0205
30
0
0
VERTEX
8
Visible
10
128.5280
20
53.9405
30
0
0
VERTEX
8
Visible
10
128.7401
20
53.8544
30
0
0
VERTEX
8
Visible
10
128.9608
20
53.7616
30
0
0
VERTEX
8
Visible
10
129.1906
20
53.6614
30
0
0
VERTEX
8
Visible
10
129.4301
20
53.5532
30
0
0
VERTEX
8
Visible
10
129.6798
20
53.4362
30
0
0
VERTEX
8
Visible
10
129.9402
20
53.3099
30
0
0
VERTEX
8
Visible
10
130.2121
20
53.1736
30
0
0
VERTEX
8
Visible
10
130.4957
20
53.0266
30
0
0
VERTEX
8
Visible
10
130.7921
20
52.8682
30
0
0
VERTEX
8
Visible
10
131.1024
20
52.6965
30
0
0
VERTEX
8
Visible
10
131.4271
20
52.5093
30
0
0
VERTEX
8
Visible
10
131.7670
20
52.3042
30
0
0
VERTEX
8
Visible
10
132.1228
20
52.0786
30
0
0
VERTEX
8
Visible
10
132.4952
20
51.8304
30
0
0
VERTEX
8
Visible
10
132.8847
20
51.5570
30
0
0
VERTEX
8
Visible
10
133.2923
20
51.2561
30
0
0
VERTEX
8
Visible
10
133.7184
20
50.9253
30
0
0
VERTEX
8
Visible
10
134.1640
20
50.5614
30
0
0
VERTEX
8
Visible
10
134.6286
20
50.1592
30
0
0
VERTEX
8
Visible
10
135.1107
20
49.7139
30
0
0
VERTEX
8
Visible
10
135.6090
20
49.2204
30
0
0
VERTEX
8
Visible
10
136.1220
20
48.6739
30
0
0
VERTEX
8
Visible
10
136.6484
20
48.0691
30
0
0
VERTEX
8
Visible
10
137.1880
20
47.3967
30
0
0
VERTEX
8
Visible
10
137.7331
20
46.6526
30
0
0
VERTEX
8
Visible
10
138.2745
20
45.8355
30
0
0
VERTEX
8
Visible
10
138.8025
20
44.9437
30
0
0
VERTEX
8
Visible
10
139.3079
20
43.9759
30
0
0
VERTEX
8
Visible
10
139.7810
20
42.9305
30
0
0
VERTEX
8
Visible
10
140.2126
20
41.8062
30
0
0
VERTEX
8
Visible
10
140.5926
20
40.6021
30
0
0
VERTEX
8
Visible
10
140.9066
20
39.3301
30
0
0
SEQEND
8
Visible
0
LINE
8
Visible
10
87.2112
20
36.3971
30
0
11
87.2112
21
34.8971
31
0
0
LINE
8
Visible
10
140.2112
20
36.3971
30
0
11
140.2112
21
34.8971
31
0
0
LINE
8
Visible
10
141.2112
20
36.3971
30
0
11
141.2112
21
37.0563
31
0
0
LINE
8
Visible
10
86.2112
20
36.3971
30
0
11
86.2112
21
37.0563
31
0
0
LINE
8
Visible
10
123.9052
20
47.8971
30
0
11
123.9052
21
48.8971
31
0
0
ARC
8
Visible
10
94.2112
20
37.0563
30
0
40
8.0000
50
168.0000
51
180.0000
0
LINE
8
Visible
10
86.5158
20
39.3301
30
0
11
86.3861
21
38.7196
31
0
0
LINE
8
Visible
10
140.9067
20
39.3301
30
0
11
141.0364
21
38.7196
31
0
0
ARC
8
Visible
10
133.2112
20
37.0563
30
0
40
8.0000
50
0.0000
51
12.0000
0
LINE
8
Visible
10
244.9438
20
188.9732
30
0
11
246.2372
21
188.4506
31
0
0
LINE
8
Visible
10
244.9438
20
188.9732
30
0
11
203.1133
21
205.8738
31
0
0
LINE
8
Visible
10
257.7509
20
183.7987
30
0
11
255.5983
21
184.6685
31
0
0
LINE
8
Visible
10
255.0364
20
183.2777
30
0
11
255.5983
21
184.6685
31
0
0
LINE
8
Visible
10
246.2372
20
188.4506
30
0
11
246.7028
21
188.2625
31
0
0
LINE
8
Visible
10
246.7028
20
188.2625
30
0
11
248.8356
21
187.4008
31
0
0
LINE
8
Visible
10
248.8356
20
187.4008
30
0
11
254.7380
21
185.0160
31
0
0
LINE
8
Visible
10
254.7380
20
185.0160
30
0
11
255.5983
21
184.6685
31
0
0
POLYLINE
8
Visible
66
1
70
0
10
0
20
0
30
0
0
VERTEX
8
Visible
10
251.1034
20
178.9348
30
0
0
VERTEX
8
Visible
10
251.1473
20
178.9827
30
0
0
VERTEX
8
Visible
10
251.1911
20
179.0309
30
0
0
VERTEX
8
Visible
10
251.2347
20
179.0792
30
0
0
VERTEX
8
Visible
10
251.2782
20
179.1276
30
0
0
VERTEX
8
Visible
10
251.3215
20
179.1763
30
0
0
VERTEX
8
Visible
10
251.3646
20
179.2250
30
0
0
VERTEX
8
Visible
10
251.4076
20
179.2740
30
0
0
VERTEX
8
Visible
10
251.4504
20
179.3231
30
0
0
VERTEX
8
Visible
10
251.4931
20
179.3723
30
0
0
VERTEX
8
Visible
10
251.5356
20
179.4217
30
0
0
VERTEX
8
Visible
10
251.5779
20
179.4713
30
0
0
VERTEX
8
Visible
10
251.6201
20
179.5210
30
0
0
VERTEX
8
Visible
10
251.6621
20
179.5709
30
0
0
VERTEX
8
Visible
10
251.7040
20
179.6209
30
0
0
VERTEX
8
Visible
10
251.7456
20
179.6711
30
0
0
VERTEX
8
Visible
10
251.7872
20
179.7215
30
0
0
VERTEX
8
Visible
10
251.8285
20
179.7720
30
0
0
VERTEX
8
Visible
10
251.8697
20
179.8226
30
0
0
VERTEX
8
Visible
10
251.9108
20
179.8734
30
0
0
VERTEX
8
Visible
10
251.9517
20
179.9244
30
0
0
VERTEX
8
Visible
10
251.9924
20
179.9755
30
0
0
VERTEX
8
Visible
10
252.0329
20
180.0267
30
0
0
VERTEX
8
Visible
10
252.0733
20
180.0781
30
0
0
VERTEX
8
Visible
10
252.1135
20
180.1297
30
0
0
VERTEX
8
Visible
10
252.1536
20
180.1814
30
0
0
VERTEX
8
Visible
10
252.1934
20
180.2333
30
0
0
VERTEX
8
Visible
10
252.2331
20
180.2853
30
0
0
VERTEX
8
Visible
10
252.2727
20
180.3374
30
0
0
VERTEX
8
Visible
10
252.3121
20
180.3897
30
0
0
VERTEX
8
Visible
10
252.3513
20
180.4422
30
0
0
VERTEX
8
Visible
10
252.3903
20
180.4948
30
0
0
VERTEX
8
Visible
10
252.4292
20
180.5475
30
0
0
VERTEX
8
Visible
10
252.4679
20
180.6004
30
0
0
VERTEX
8
Visible
10
252.5064
20
180.6534
30
0
0
VERTEX
8
Visible
10
252.5447
20
180.7066
30
0
0
VERTEX
8
Visible
10
252.5829
20
180.7599
30
0
0
VERTEX
8
Visible
10
252.6209
20
180.8134
30
0
0
VERTEX
8
Visible
10
252.6588
20
180.8670
30
0
0
VERTEX
8
Visible
10
252.6964
20
180.9208
30
0
0
VERTEX
8
Visible
10
252.7339
20
180.9747
30
0
0
VERTEX
8
Visible
10
252.7712
20
181.0287
30
0
0
VERTEX
8
Visible
10
252.8084
20
181.0829
30
0
0
VERTEX
8
Visible
10
252.8453
20
181.1372
30
0
0
VERTEX
8
Visible
10
252.8821
20
181.1917
30
0
0
VERTEX
8
Visible
10
252.9187
20
181.2463
30
0
0
VERTEX
8
Visible
10
252.9552
20
181.3011
30
0
0
VERTEX
8
Visible
10
252.9914
20
181.3560
30
0
0
VERTEX
8
Visible
10
253.0275
20
181.4110
30
0
0
SEQEND
8
Visible
0
POLYLINE
8
Visible
66
1
70
0
10
0
20
0
30
0
0
VERTEX
8
Visible
10
254.5534
20
180.3434
30
0
0
VERTEX
8
Visible
10
254.4848
20
180.2390
30
0
0
VERTEX
8
Visible
10
254.4155
20
180.1350
30
0
0
VERTEX
8
Visible
10
254.3457
20
180.0315
30
0
0
VERTEX
8
Visible
10
254.2754
20
179.9285
30
0
0
VERTEX
8
Visible
10
254.2044
20
179.8259
30
0
0
VERTEX
8
Visible
10
254.1329
20
179.7237
30
0
0
VERTEX
8
Visible
10
254.0609
20
179.6220
30
0
0
VERTEX
8
Visible
10
253.9882
20
179.5208
30
0
0
VERTEX
8
Visible
10
253.9150
20
179.4201
30
0
0
VERTEX
8
Visible
10
253.8413
20
179.3198
30
0
0
VERTEX
8
Visible
10
253.7669
20
179.2200
30
0
0
VERTEX
8
Visible
10
253.6921
20
179.1206
30
0
0
VERTEX
8
Visible
10
253.6167
20
179.0218
30
0
0
VERTEX
8
Visible
10
253.5407
20
178.9234
30
0
0
VERTEX
8
Visible
10
253.4642
20
178.8255
30
0
0
VERTEX
8
Visible
10
253.3871
20
178.7281
30
0
0
VERTEX
8
Visible
10
253.3095
20
178.6311
30
0
0
VERTEX
8
Visible
10
253.2314
20
178.5347
30
0
0
VERTEX
8
Visible
10
253.1527
20
178.4388
30
0
0
VERTEX
8
Visible
10
253.0735
20
178.3433
30
0
0
VERTEX
8
Visible
10
252.9938
20
178.2484
30
0
0
VERTEX
8
Visible
10
252.9135
20
178.1539
30
0
0
VERTEX
8
Visible
10
252.8327
20
178.0600
30
0
0
VERTEX
8
Visible
10
252.7514
20
177.9665
30
0
0
VERTEX
8
Visible
10
252.6695
20
177.8736
30
0
0
VERTEX
8
Visible
10
252.5872
20
177.7812
30
0
0
VERTEX
8
Visible
10
252.5043
20
177.6893
30
0
0
VERTEX
8
Visible
10
252.4209
20
177.5979
30
0
0
VERTEX
8
Visible
10
252.3370
20
177.5070
30
0
0
VERTEX
8
Visible
10
252.2526
20
177.4167
30
0
0
VERTEX
8
Visible
10
252.1677
20
177.3269
30
0
0
VERTEX
8
Visible
10
252.0822
20
177.2376
30
0
0
VERTEX
8
Visible
10
251.9963
20
177.1488
30
0
0
VERTEX
8
Visible
10
251.9098
20
177.0606
30
0
0
VERTEX
8
Visible
10
251.8229
20
176.9729
30
0
0
VERTEX
8
Visible
10
251.7355
20
176.8857
30
0
0
VERTEX
8
Visible
10
251.6476
20
176.7991
30
0
0
VERTEX
8
Visible
10
251.5592
20
176.7131
30
0
0
VERTEX
8
Visible
10
251.4703
20
176.6275
30
0
0
VERTEX
8
Visible
10
251.3809
20
176.5426
30
0
0
VERTEX
8
Visible
10
251.2910
20
176.4582
30
0
0
VERTEX
8
Visible
10
251.2006
20
176.3743
30
0
0
VERTEX
8
Visible
10
251.1098
20
176.2910
30
0
0
VERTEX
8
Visible
10
251.0185
20
176.2082
30
0
0
VERTEX
8
Visible
10
250.9267
20
176.1261
30
0
0
VERTEX
8
Visible
10
250.8345
20
176.0444
30
0
0
VERTEX
8
Visible
10
250.7417
20
175.9634
30
0
0
VERTEX
8
Visible
10
250.6486
20
175.8829
30
0
0
SEQEND
8
Visible
0
LINE
8
Visible
10
254.8762
20
180.8375
30
0
11
254.5534
21
180.3434
31
0
0
ARC
8
Visible
10
247.6882
20
185.5331
30
0
40
8.5858
50
326.8453
51
338.0154
0
LINE
8
Visible
10
255.8966
20
182.9301
30
0
11
255.6497
21
182.3189
31
0
0
LINE
8
Visible
10
255.8966
20
182.9301
30
0
11
255.0364
21
183.2777
31
0
0
LINE
8
Visible
10
253.9291
20
183.0141
30
0
11
254.7380
21
185.0160
31
0
0
ARC
8
Visible
10
247.9586
20
185.4245
30
0
40
6.4387
50
326.8442
51
338.0154
0
LINE
8
Visible
10
253.0275
20
181.4110
30
0
11
253.3490
21
181.9030
31
0
0
LINE
8
Visible
10
251.1034
20
178.9348
30
0
11
243.1861
21
182.1335
31
0
0
ARC
8
Visible
10
221.6824
20
190.5147
30
0
40
2.1000
50
68.0000
51
248.0000
0
ARC
8
Visible
10
225.3911
20
189.0163
30
0
40
2.1000
50
248.0000
51
68.0000
0
POLYLINE
8
Visible
66
1
70
0
10
0
20
0
30
0
0
VERTEX
8
Visible
10
222.4691
20
192.4618
30
0
0
VERTEX
8
Visible
10
222.5207
20
192.4409
30
0
0
VERTEX
8
Visible
10
222.5723
20
192.4201
30
0
0
VERTEX
8
Visible
10
222.6240
20
192.3992
30
0
0
VERTEX
8
Visible
10
222.6756
20
192.3783
30
0
0
VERTEX
8
Visible
10
222.7273
20
192.3574
30
0
0
VERTEX
8
Visible
10
222.7790
20
192.3366
30
0
0
VERTEX
8
Visible
10
222.8307
20
192.3157
30
0
0
VERTEX
8
Visible
10
222.8824
20
192.2948
30
0
0
VERTEX
8
Visible
10
222.9341
20
192.2739
30
0
0
VERTEX
8
Visible
10
222.9858
20
192.2530
30
0
0
VERTEX
8
Visible
10
223.0375
20
192.2321
30
0
0
VERTEX
8
Visible
10
223.0892
20
192.2112
30
0
0
VERTEX
8
Visible
10
223.1409
20
192.1903
30
0
0
VERTEX
8
Visible
10
223.1926
20
192.1695
30
0
0
VERTEX
8
Visible
10
223.2443
20
192.1486
30
0
0
VERTEX
8
Visible
10
223.2960
20
192.1277
30
0
0
VERTEX
8
Visible
10
223.3477
20
192.1068
30
0
0
VERTEX
8
Visible
10
223.3994
20
192.0859
30
0
0
VERTEX
8
Visible
10
223.4511
20
192.0650
30
0
0
VERTEX
8
Visible
10
223.5027
20
192.0442
30
0
0
VERTEX
8
Visible
10
223.5544
20
192.0233
30
0
0
VERTEX
8
Visible
10
223.6061
20
192.0024
30
0
0
VERTEX
8
Visible
10
223.6577
20
191.9815
30
0
0
VERTEX
8
Visible
10
223.7094
20
191.9607
30
0
0
VERTEX
8
Visible
10
223.7610
20
191.9398
30
0
0
VERTEX
8
Visible
10
223.8127
20
191.9189
30
0
0
VERTEX
8
Visible
10
223.8643
20
191.8981
30
0
0
VERTEX
8
Visible
10
223.9159
20
191.8772
30
0
0
VERTEX
8
Visible
10
223.9676
20
191.8564
30
0
0
VERTEX
8
Visible
10
224.0192
20
191.8355
30
0
0
VERTEX
8
Visible
10
224.0708
20
191.8147
30
0
0
VERTEX
8
Visible
10
224.1224
20
191.7938
30
0
0
VERTEX
8
Visible
10
224.1740
20
191.7730
30
0
0
VERTEX
8
Visible
10
224.2255
20
191.7521
30
0
0
VERTEX
8
Visible
10
224.2771
20
191.7313
30
0
0
VERTEX
8
Visible
10
224.3287
20
191.7105
30
0
0
VERTEX
8
Visible
10
224.3802
20
191.6896
30
0
0
VERTEX
8
Visible
10
224.4318
20
191.6688
30
0
0
VERTEX
8
Visible
10
224.4833
20
191.6480
30
0
0
VERTEX
8
Visible
10
224.5349
20
191.6271
30
0
0
VERTEX
8
Visible
10
224.5864
20
191.6063
30
0
0
VERTEX
8
Visible
10
224.6379
20
191.5855
30
0
0
VERTEX
8
Visible
10
224.6894
20
191.5647
30
0
0
VERTEX
8
Visible
10
224.7409
20
191.5439
30
0
0
VERTEX
8
Visible
10
224.7924
20
191.5231
30
0
0
VERTEX
8
Visible
10
224.8438
20
191.5023
30
0
0
VERTEX
8
Visible
10
224.8953
20
191.4815
30
0
0
VERTEX
8
Visible
10
224.9468
20
191.4607
30
0
0
VERTEX
8
Visible
10
224.9982
20
191.4400
30
0
0
VERTEX
8
Visible
10
225.0496
20
191.4192
30
0
0
VERTEX
8
Visible
10
225.1010
20
191.3984
30
0
0
VERTEX
8
Visible
10
225.1524
20
191.3776
30
0
0
VERTEX
8
Visible
10
225.2038
20
191.3569
30
0
0
VERTEX
8
Visible
10
225.2552
20
191.3361
30
0
0
VERTEX
8
Visible
10
225.3066
20
191.3154
30
0
0
VERTEX
8
Visible
10
225.3579
20
191.2946
30
0
0
VERTEX
8
Visible
10
225.4093
20
191.2739
30
0
0
VERTEX
8
Visible
10
225.4606
20
191.2531
30
0
0
VERTEX
8
Visible
10
225.5119
20
191.2324
30
0
0
VERTEX
8
Visible
10
225.5632
20
191.2117
30
0
0
VERTEX
8
Visible
10
225.6145
20
191.1909
30
0
0
VERTEX
8
Visible
10
225.6658
20
191.1702
30
0
0
VERTEX
8
Visible
10
225.7171
20
191.1495
30
0
0
VERTEX
8
Visible
10
225.7683
20
191.1288
30
0
0
VERTEX
8
Visible
10
225.8196
20
191.1081
30
0
0
VERTEX
8
Visible
10
225.8708
20
191.0874
30
0
0
VERTEX
8
Visible
10
225.9220
20
191.0667
30
0
0
VERTEX
8
Visible
10
225.9732
20
191.0460
30
0
0
VERTEX
8
Visible
10
226.0244
20
191.0253
30
0
0
VERTEX
8
Visible
10
226.0755
20
191.0047
30
0
0
VERTEX
8
Visible
10
226.1267
20
190.9840
30
0
0
VERTEX
8
Visible
10
226.1778
20
190.9634
30
0
0
SEQEND
8
Visible
0
POLYLINE
8
Visible
66
1
70
0
10
0
20
0
30
0
0
VERTEX
8
Visible
10
224.6045
20
187.0692
30
0
0
VERTEX
8
Visible
10
224.5532
20
187.0899
30
0
0
VERTEX
8
Visible
10
224.5018
20
187.1107
30
0
0
VERTEX
8
Visible
10
224.4504
20
187.1314
30
0
0
VERTEX
8
Visible
10
224.3991
20
187.1522
30
0
0
VERTEX
8
Visible
10
224.3477
20
187.1729
30
0
0
VERTEX
8
Visible
10
224.2963
20
187.1937
30
0
0
VERTEX
8
Visible
10
224.2448
20
187.2145
30
0
0
VERTEX
8
Visible
10
224.1934
20
187.2353
30
0
0
VERTEX
8
Visible
10
224.1420
20
187.2560
30
0
0
VERTEX
8
Visible
10
224.0905
20
187.2768
30
0
0
VERTEX
8
Visible
10
224.0391
20
187.2976
30
0
0
VERTEX
8
Visible
10
223.9876
20
187.3184
30
0
0
VERTEX
8
Visible
10
223.9362
20
187.3392
30
0
0
VERTEX
8
Visible
10
223.8847
20
187.3600
30
0
0
VERTEX
8
Visible
10
223.8332
20
187.3808
30
0
0
VERTEX
8
Visible
10
223.7817
20
187.4016
30
0
0
VERTEX
8
Visible
10
223.7302
20
187.4224
30
0
0
VERTEX
8
Visible
10
223.6788
20
187.4432
30
0
0
VERTEX
8
Visible
10
223.6272
20
187.4640
30
0
0
VERTEX
8
Visible
10
223.5757
20
187.4848
30
0
0
VERTEX
8
Visible
10
223.5242
20
187.5056
30
0
0
VERTEX
8
Visible
10
223.4727
20
187.5264
30
0
0
VERTEX
8
Visible
10
223.4212
20
187.5473
30
0
0
VERTEX
8
Visible
10
223.3697
20
187.5681
30
0
0
VERTEX
8
Visible
10
223.3181
20
187.5889
30
0
0
VERTEX
8
Visible
10
223.2666
20
187.6097
30
0
0
VERTEX
8
Visible
10
223.2150
20
187.6305
30
0
0
VERTEX
8
Visible
10
223.1635
20
187.6514
30
0
0
VERTEX
8
Visible
10
223.1120
20
187.6722
30
0
0
VERTEX
8
Visible
10
223.0604
20
187.6930
30
0
0
VERTEX
8
Visible
10
223.0088
20
187.7139
30
0
0
VERTEX
8
Visible
10
222.9573
20
187.7347
30
0
0
VERTEX
8
Visible
10
222.9057
20
187.7555
30
0
0
VERTEX
8
Visible
10
222.8542
20
187.7763
30
0
0
VERTEX
8
Visible
10
222.8026
20
187.7972
30
0
0
VERTEX
8
Visible
10
222.7510
20
187.8180
30
0
0
VERTEX
8
Visible
10
222.6995
20
187.8388
30
0
0
VERTEX
8
Visible
10
222.6479
20
187.8597
30
0
0
VERTEX
8
Visible
10
222.5963
20
187.8805
30
0
0
VERTEX
8
Visible
10
222.5448
20
187.9013
30
0
0
VERTEX
8
Visible
10
222.4932
20
187.9222
30
0
0
VERTEX
8
Visible
10
222.4416
20
187.9430
30
0
0
VERTEX
8
Visible
10
222.3901
20
187.9639
30
0
0
VERTEX
8
Visible
10
222.3385
20
187.9847
30
0
0
VERTEX
8
Visible
10
222.2869
20
188.0055
30
0
0
VERTEX
8
Visible
10
222.2354
20
188.0264
30
0
0
VERTEX
8
Visible
10
222.1838
20
188.0472
30
0
0
VERTEX
8
Visible
10
222.1322
20
188.0680
30
0
0
VERTEX
8
Visible
10
222.0807
20
188.0889
30
0
0
VERTEX
8
Visible
10
222.0291
20
188.1097
30
0
0
VERTEX
8
Visible
10
221.9776
20
188.1305
30
0
0
VERTEX
8
Visible
10
221.9260
20
188.1514
30
0
0
VERTEX
8
Visible
10
221.8744
20
188.1722
30
0
0
VERTEX
8
Visible
10
221.8229
20
188.1930
30
0
0
VERTEX
8
Visible
10
221.7713
20
188.2138
30
0
0
VERTEX
8
Visible
10
221.7198
20
188.2347
30
0
0
VERTEX
8
Visible
10
221.6683
20
188.2555
30
0
0
VERTEX
8
Visible
10
221.6167
20
188.2763
30
0
0
VERTEX
8
Visible
10
221.5652
20
188.2971
30
0
0
VERTEX
8
Visible
10
221.5137
20
188.3179
30
0
0
VERTEX
8
Visible
10
221.4621
20
188.3388
30
0
0
VERTEX
8
Visible
10
221.4106
20
188.3596
30
0
0
VERTEX
8
Visible
10
221.3591
20
188.3804
30
0
0
VERTEX
8
Visible
10
221.3076
20
188.4012
30
0
0
VERTEX
8
Visible
10
221.2561
20
188.4220
30
0
0
VERTEX
8
Visible
10
221.2046
20
188.4428
30
0
0
VERTEX
8
Visible
10
221.1531
20
188.4636
30
0
0
VERTEX
8
Visible
10
221.1016
20
188.4844
30
0
0
VERTEX
8
Visible
10
221.0501
20
188.5052
30
0
0
VERTEX
8
Visible
10
220.9987
20
188.5260
30
0
0
VERTEX
8
Visible
10
220.9472
20
188.5468
30
0
0
VERTEX
8
Visible
10
220.8957
20
188.5676
30
0
0
SEQEND
8
Visible
0
POLYLINE
8
Visible
66
1
70
0
10
0
20
0
30
0
0
VERTEX
8
Visible
10
224.7727
20
174.9077
30
0
0
VERTEX
8
Visible
10
224.7206
20
174.9286
30
0
0
VERTEX
8
Visible
10
224.6694
20
174.9488
30
0
0
VERTEX
8
Visible
10
224.6193
20
174.9683
30
0
0
VERTEX
8
Visible
10
224.5702
20
174.9870
30
0
0
VERTEX
8
Visible
10
224.5223
20
175.0049
30
0
0
VERTEX
8
Visible
10
224.4758
20
175.0219
30
0
0
VERTEX
8
Visible
10
224.4306
20
175.0381
30
0
0
VERTEX
8
Visible
10
224.3869
20
175.0534
30
0
0
VERTEX
8
Visible
10
224.3447
20
175.0678
30
0
0
VERTEX
8
Visible
10
224.3041
20
175.0812
30
0
0
VERTEX
8
Visible
10
224.2653
20
175.0937
30
0
0
VERTEX
8
Visible
10
224.2282
20
175.1051
30
0
0
VERTEX
8
Visible
10
224.1930
20
175.1155
30
0
0
VERTEX
8
Visible
10
224.1597
20
175.1249
30
0
0
VERTEX
8
Visible
10
224.1284
20
175.1331
30
0
0
VERTEX
8
Visible
10
224.0991
20
175.1404
30
0
0
VERTEX
8
Visible
10
224.0719
20
175.1465
30
0
0
VERTEX
8
Visible
10
224.0469
20
175.1515
30
0
0
VERTEX
8
Visible
10
224.0241
20
175.1554
30
0
0
VERTEX
8
Visible
10
224.0035
20
175.1582
30
0
0
VERTEX
8
Visible
10
223.9852
20
175.1598
30
0
0
VERTEX
8
Visible
10
223.9692
20
175.1604
30
0
0
VERTEX
8
Visible
10
223.9555
20
175.1598
30
0
0
VERTEX
8
Visible
10
223.9442
20
175.1580
30
0
0
VERTEX
8
Visible
10
223.9353
20
175.1552
30
0
0
VERTEX
8
Visible
10
223.9288
20
175.1512
30
0
0
VERTEX
8
Visible
10
223.9247
20
175.1461
30
0
0
VERTEX
8
Visible
10
223.9231
20
175.1399
30
0
0
VERTEX
8
Visible
10
223.9239
20
175.1326
30
0
0
VERTEX
8
Visible
10
223.9271
20
175.1242
30
0
0
VERTEX
8
Visible
10
223.9327
20
175.1148
30
0
0
VERTEX
8
Visible
10
223.9408
20
175.1043
30
0
0
VERTEX
8
Visible
10
223.9512
20
175.0928
30
0
0
VERTEX
8
Visible
10
223.9641
20
175.0803
30
0
0
VERTEX
8
Visible
10
223.9793
20
175.0668
30
0
0
VERTEX
8
Visible
10
223.9968
20
175.0523
30
0
0
SEQEND
8
Visible
0
LINE
8
Visible
10
224.7727
20
174.9077
30
0
11
230.1886
21
172.7196
31
0
0
POLYLINE
8
Visible
66
1
70
0
10
0
20
0
30
0
0
VERTEX
8
Visible
10
225.7392
20
174.1192
30
0
0
VERTEX
8
Visible
10
225.7418
20
174.1181
30
0
0
VERTEX
8
Visible
10
225.7444
20
174.1171
30
0
0
VERTEX
8
Visible
10
225.7470
20
174.1160
30
0
0
VERTEX
8
Visible
10
225.7496
20
174.1150
30
0
0
VERTEX
8
Visible
10
225.7522
20
174.1139
30
0
0
VERTEX
8
Visible
10
225.7548
20
174.1129
30
0
0
VERTEX
8
Visible
10
225.7574
20
174.1118
30
0
0
VERTEX
8
Visible
10
225.7600
20
174.1108
30
0
0
VERTEX
8
Visible
10
225.7626
20
174.1097
30
0
0
VERTEX
8
Visible
10
225.7652
20
174.1087
30
0
0
VERTEX
8
Visible
10
225.7677
20
174.1076
30
0
0
VERTEX
8
Visible
10
225.7703
20
174.1066
30
0
0
VERTEX
8
Visible
10
225.7729
20
174.1055
30
0
0
VERTEX
8
Visible
10
225.7755
20
174.1045
30
0
0
VERTEX
8
Visible
10
225.7780
20
174.1034
30
0
0
VERTEX
8
Visible
10
225.7806
20
174.1024
30
0
0
SEQEND
8
Visible
0
POLYLINE
8
Visible
66
1
70
0
10
0
20
0
30
0
0
VERTEX
8
Visible
10
224.1495
20
174.9303
30
0
0
VERTEX
8
Visible
10
224.1689
20
174.9152
30
0
0
VERTEX
8
Visible
10
224.1905
20
174.8993
30
0
0
VERTEX
8
Visible
10
224.2142
20
174.8825
30
0
0
VERTEX
8
Visible
10
224.2401
20
174.8649
30
0
0
VERTEX
8
Visible
10
224.2679
20
174.8465
30
0
0
VERTEX
8
Visible
10
224.2978
20
174.8274
30
0
0
VERTEX
8
Visible
10
224.3296
20
174.8076
30
0
0
VERTEX
8
Visible
10
224.3633
20
174.7872
30
0
0
VERTEX
8
Visible
10
224.3988
20
174.7660
30
0
0
VERTEX
8
Visible
10
224.4360
20
174.7444
30
0
0
VERTEX
8
Visible
10
224.4750
20
174.7221
30
0
0
VERTEX
8
Visible
10
224.5155
20
174.6993
30
0
0
VERTEX
8
Visible
10
224.5576
20
174.6761
30
0
0
VERTEX
8
Visible
10
224.6011
20
174.6525
30
0
0
VERTEX
8
Visible
10
224.6461
20
174.6284
30
0
0
VERTEX
8
Visible
10
224.6923
20
174.6041
30
0
0
VERTEX
8
Visible
10
224.7397
20
174.5794
30
0
0
VERTEX
8
Visible
10
224.7883
20
174.5545
30
0
0
VERTEX
8
Visible
10
224.8379
20
174.5293
30
0
0
VERTEX
8
Visible
10
224.8884
20
174.5041
30
0
0
VERTEX
8
Visible
10
224.9398
20
174.4787
30
0
0
VERTEX
8
Visible
10
224.9920
20
174.4532
30
0
0
VERTEX
8
Visible
10
225.0448
20
174.4278
30
0
0
VERTEX
8
Visible
10
225.0982
20
174.4023
30
0
0
VERTEX
8
Visible
10
225.1521
20
174.3770
30
0
0
VERTEX
8
Visible
10
225.2063
20
174.3517
30
0
0
SEQEND
8
Visible
0
ARC
8
Visible
10
230.6888
20
186.1908
30
0
40
13.0469
50
245.1518
51
247.7056
0
LINE
8
Visible
10
224.1495
20
174.9303
30
0
11
223.9968
21
175.0523
31
0
0
POLYLINE
8
Visible
66
1
70
0
10
0
20
0
30
0
0
VERTEX
8
Visible
10
231.2110
20
171.9500
30
0
0
VERTEX
8
Visible
10
231.2243
20
171.9452
30
0
0
VERTEX
8
Visible
10
231.2376
20
171.9404
30
0
0
VERTEX
8
Visible
10
231.2509
20
171.9356
30
0
0
VERTEX
8
Visible
10
231.2640
20
171.9309
30
0
0
VERTEX
8
Visible
10
231.2771
20
171.9263
30
0
0
VERTEX
8
Visible
10
231.2902
20
171.9216
30
0
0
VERTEX
8
Visible
10
231.3032
20
171.9170
30
0
0
VERTEX
8
Visible
10
231.3161
20
171.9125
30
0
0
VERTEX
8
Visible
10
231.3289
20
171.9080
30
0
0
VERTEX
8
Visible
10
231.3417
20
171.9035
30
0
0
VERTEX
8
Visible
10
231.3544
20
171.8991
30
0
0
VERTEX
8
Visible
10
231.3671
20
171.8947
30
0
0
VERTEX
8
Visible
10
231.3796
20
171.8903
30
0
0
VERTEX
8
Visible
10
231.3921
20
171.8860
30
0
0
VERTEX
8
Visible
10
231.4046
20
171.8818
30
0
0
VERTEX
8
Visible
10
231.4169
20
171.8776
30
0
0
VERTEX
8
Visible
10
231.4292
20
171.8734
30
0
0
VERTEX
8
Visible
10
231.4414
20
171.8693
30
0
0
VERTEX
8
Visible
10
231.4535
20
171.8652
30
0
0
VERTEX
8
Visible
10
231.4655
20
171.8611
30
0
0
VERTEX
8
Visible
10
231.4775
20
171.8571
30
0
0
VERTEX
8
Visible
10
231.4893
20
171.8532
30
0
0
VERTEX
8
Visible
10
231.5011
20
171.8493
30
0
0
VERTEX
8
Visible
10
231.5128
20
171.8454
30
0
0
VERTEX
8
Visible
10
231.5244
20
171.8416
30
0
0
VERTEX
8
Visible
10
231.5358
20
171.8379
30
0
0
VERTEX
8
Visible
10
231.5472
20
171.8342
30
0
0
VERTEX
8
Visible
10
231.5585
20
171.8305
30
0
0
VERTEX
8
Visible
10
231.5698
20
171.8269
30
0
0
VERTEX
8
Visible
10
231.5809
20
171.8233
30
0
0
VERTEX
8
Visible
10
231.5919
20
171.8198
30
0
0
VERTEX
8
Visible
10
231.6028
20
171.8163
30
0
0
VERTEX
8
Visible
10
231.6136
20
171.8129
30
0
0
VERTEX
8
Visible
10
231.6243
20
171.8096
30
0
0
VERTEX
8
Visible
10
231.6349
20
171.8062
30
0
0
VERTEX
8
Visible
10
231.6454
20
171.8030
30
0
0
VERTEX
8
Visible
10
231.6558
20
171.7998
30
0
0
VERTEX
8
Visible
10
231.6661
20
171.7966
30
0
0
VERTEX
8
Visible
10
231.6763
20
171.7935
30
0
0
VERTEX
8
Visible
10
231.6864
20
171.7904
30
0
0
VERTEX
8
Visible
10
231.6964
20
171.7874
30
0
0
VERTEX
8
Visible
10
231.7062
20
171.7845
30
0
0
VERTEX
8
Visible
10
231.7159
20
171.7816
30
0
0
VERTEX
8
Visible
10
231.7255
20
171.7787
30
0
0
VERTEX
8
Visible
10
231.7350
20
171.7760
30
0
0
VERTEX
8
Visible
10
231.7444
20
171.7732
30
0
0
VERTEX
8
Visible
10
231.7536
20
171.7705
30
0
0
VERTEX
8
Visible
10
231.7628
20
171.7679
30
0
0
VERTEX
8
Visible
10
231.7718
20
171.7654
30
0
0
VERTEX
8
Visible
10
231.7807
20
171.7628
30
0
0
VERTEX
8
Visible
10
231.7894
20
171.7604
30
0
0
VERTEX
8
Visible
10
231.7980
20
171.7580
30
0
0
VERTEX
8
Visible
10
231.8066
20
171.7556
30
0
0
VERTEX
8
Visible
10
231.8149
20
171.7534
30
0
0
VERTEX
8
Visible
10
231.8232
20
171.7511
30
0
0
VERTEX
8
Visible
10
231.8313
20
171.7489
30
0
0
VERTEX
8
Visible
10
231.8393
20
171.7468
30
0
0
VERTEX
8
Visible
10
231.8472
20
171.7448
30
0
0
VERTEX
8
Visible
10
231.8550
20
171.7428
30
0
0
VERTEX
8
Visible
10
231.8626
20
171.7408
30
0
0
VERTEX
8
Visible
10
231.8701
20
171.7389
30
0
0
VERTEX
8
Visible
10
231.8774
20
171.7371
30
0
0
VERTEX
8
Visible
10
231.8847
20
171.7353
30
0
0
VERTEX
8
Visible
10
231.8918
20
171.7336
30
0
0
VERTEX
8
Visible
10
231.8987
20
171.7319
30
0
0
VERTEX
8
Visible
10
231.9055
20
171.7303
30
0
0
VERTEX
8
Visible
10
231.9122
20
171.7288
30
0
0
VERTEX
8
Visible
10
231.9188
20
171.7273
30
0
0
VERTEX
8
Visible
10
231.9252
20
171.7259
30
0
0
VERTEX
8
Visible
10
231.9315
20
171.7245
30
0
0
VERTEX
8
Visible
10
231.9376
20
171.7232
30
0
0
VERTEX
8
Visible
10
231.9437
20
171.7220
30
0
0
VERTEX
8
Visible
10
231.9495
20
171.7208
30
0
0
VERTEX
8
Visible
10
231.9553
20
171.7196
30
0
0
VERTEX
8
Visible
10
231.9608
20
171.7186
30
0
0
VERTEX
8
Visible
10
231.9663
20
171.7176
30
0
0
VERTEX
8
Visible
10
231.9716
20
171.7166
30
0
0
VERTEX
8
Visible
10
231.9767
20
171.7157
30
0
0
VERTEX
8
Visible
10
231.9817
20
171.7149
30
0
0
VERTEX
8
Visible
10
231.9866
20
171.7141
30
0
0
VERTEX
8
Visible
10
231.9913
20
171.7134
30
0
0
VERTEX
8
Visible
10
231.9958
20
171.7128
30
0
0
VERTEX
8
Visible
10
232.0002
20
171.7122
30
0
0
VERTEX
8
Visible
10
232.0045
20
171.7117
30
0
0
VERTEX
8
Visible
10
232.0086
20
171.7113
30
0
0
VERTEX
8
Visible
10
232.0126
20
171.7109
30
0
0
VERTEX
8
Visible
10
232.0164
20
171.7105
30
0
0
VERTEX
8
Visible
10
232.0200
20
171.7103
30
0
0
VERTEX
8
Visible
10
232.0235
20
171.7101
30
0
0
VERTEX
8
Visible
10
232.0269
20
171.7099
30
0
0
VERTEX
8
Visible
10
232.0301
20
171.7098
30
0
0
VERTEX
8
Visible
10
232.0332
20
171.7098
30
0
0
VERTEX
8
Visible
10
232.0361
20
171.7098
30
0
0
VERTEX
8
Visible
10
232.0388
20
171.7100
30
0
0
VERTEX
8
Visible
10
232.0415
20
171.7101
30
0
0
VERTEX
8
Visible
10
232.0439
20
171.7103
30
0
0
VERTEX
8
Visible
10
232.0462
20
171.7106
30
0
0
VERTEX
8
Visible
10
232.0484
20
171.7110
30
0
0
VERTEX
8
Visible
10
232.0504
20
171.7114
30
0
0
VERTEX
8
Visible
10
232.0522
20
171.7119
30
0
0
VERTEX
8
Visible
10
232.0539
20
171.7124
30
0
0
VERTEX
8
Visible
10
232.0555
20
171.7130
30
0
0
VERTEX
8
Visible
10
232.0569
20
171.7137
30
0
0
VERTEX
8
Visible
10
232.0581
20
171.7144
30
0
0
VERTEX
8
Visible
10
232.0592
20
171.7152
30
0
0
VERTEX
8
Visible
10
232.0601
20
171.7161
30
0
0
VERTEX
8
Visible
10
232.0609
20
171.7170
30
0
0
VERTEX
8
Visible
10
232.0615
20
171.7180
30
0
0
VERTEX
8
Visible
10
232.0620
20
171.7190
30
0
0
VERTEX
8
Visible
10
232.0623
20
171.7201
30
0
0
VERTEX
8
Visible
10
232.0624
20
171.7213
30
0
0
VERTEX
8
Visible
10
232.0625
20
171.7225
30
0
0
VERTEX
8
Visible
10
232.0623
20
171.7238
30
0
0
VERTEX
8
Visible
10
232.0620
20
171.7252
30
0
0
VERTEX
8
Visible
10
232.0615
20
171.7266
30
0
0
VERTEX
8
Visible
10
232.0609
20
171.7281
30
0
0
VERTEX
8
Visible
10
232.0602
20
171.7296
30
0
0
VERTEX
8
Visible
10
232.0592
20
171.7313
30
0
0
VERTEX
8
Visible
10
232.0582
20
171.7329
30
0
0
VERTEX
8
Visible
10
232.0569
20
171.7347
30
0
0
VERTEX
8
Visible
10
232.0556
20
171.7364
30
0
0
VERTEX
8
Visible
10
232.0540
20
171.7383
30
0
0
VERTEX
8
Visible
10
232.0524
20
171.7402
30
0
0
VERTEX
8
Visible
10
232.0505
20
171.7422
30
0
0
VERTEX
8
Visible
10
232.0485
20
171.7442
30
0
0
VERTEX
8
Visible
10
232.0464
20
171.7463
30
0
0
VERTEX
8
Visible
10
232.0441
20
171.7485
30
0
0
VERTEX
8
Visible
10
232.0417
20
171.7507
30
0
0
VERTEX
8
Visible
10
232.0391
20
171.7530
30
0
0
VERTEX
8
Visible
10
232.0364
20
171.7553
30
0
0
VERTEX
8
Visible
10
232.0335
20
171.7577
30
0
0
VERTEX
8
Visible
10
232.0304
20
171.7602
30
0
0
VERTEX
8
Visible
10
232.0273
20
171.7627
30
0
0
VERTEX
8
Visible
10
232.0239
20
171.7653
30
0
0
VERTEX
8
Visible
10
232.0205
20
171.7679
30
0
0
VERTEX
8
Visible
10
232.0168
20
171.7706
30
0
0
VERTEX
8
Visible
10
232.0130
20
171.7734
30
0
0
VERTEX
8
Visible
10
232.0091
20
171.7762
30
0
0
VERTEX
8
Visible
10
232.0051
20
171.7791
30
0
0
VERTEX
8
Visible
10
232.0008
20
171.7821
30
0
0
VERTEX
8
Visible
10
231.9965
20
171.7851
30
0
0
VERTEX
8
Visible
10
231.9920
20
171.7881
30
0
0
VERTEX
8
Visible
10
231.9873
20
171.7912
30
0
0
VERTEX
8
Visible
10
231.9825
20
171.7944
30
0
0
SEQEND
8
Visible
0
LINE
8
Visible
10
228.4318
20
173.0313
30
0
11
225.7806
21
174.1024
31
0
0
ARC
8
Visible
10
255.3681
20
238.1558
30
0
40
70.4753
50
247.5294
51
249.9541
0
POLYLINE
8
Visible
66
1
70
0
10
0
20
0
30
0
0
VERTEX
8
Visible
10
231.3772
20
172.1646
30
0
0
VERTEX
8
Visible
10
231.3328
20
172.1884
30
0
0
VERTEX
8
Visible
10
231.2872
20
172.2125
30
0
0
VERTEX
8
Visible
10
231.2403
20
172.2370
30
0
0
VERTEX
8
Visible
10
231.1923
20
172.2617
30
0
0
VERTEX
8
Visible
10
231.1432
20
172.2866
30
0
0
VERTEX
8
Visible
10
231.0932
20
172.3117
30
0
0
VERTEX
8
Visible
10
231.0423
20
172.3369
30
0
0
VERTEX
8
Visible
10
230.9906
20
172.3622
30
0
0
VERTEX
8
Visible
10
230.9383
20
172.3875
30
0
0
VERTEX
8
Visible
10
230.8854
20
172.4128
30
0
0
VERTEX
8
Visible
10
230.8320
20
172.4380
30
0
0
VERTEX
8
Visible
10
230.7782
20
172.4632
30
0
0
VERTEX
8
Visible
10
230.7241
20
172.4881
30
0
0
VERTEX
8
Visible
10
230.6698
20
172.5129
30
0
0
VERTEX
8
Visible
10
230.6154
20
172.5374
30
0
0
VERTEX
8
Visible
10
230.5610
20
172.5616
30
0
0
VERTEX
8
Visible
10
230.5067
20
172.5855
30
0
0
VERTEX
8
Visible
10
230.4527
20
172.6091
30
0
0
VERTEX
8
Visible
10
230.3989
20
172.6322
30
0
0
VERTEX
8
Visible
10
230.3455
20
172.6548
30
0
0
VERTEX
8
Visible
10
230.2926
20
172.6769
30
0
0
VERTEX
8
Visible
10
230.2403
20
172.6985
30
0
0
VERTEX
8
Visible
10
230.1886
20
172.7196
30
0
0
SEQEND
8
Visible
0
ARC
8
Visible
10
229.4102
20
168.2944
30
0
40
4.3413
50
56.2162
51
63.0577
0
POLYLINE
8
Visible
66
1
70
0
10
0
20
0
30
0
0
VERTEX
8
Visible
10
231.8242
20
171.9027
30
0
0
VERTEX
8
Visible
10
231.8275
20
171.9004
30
0
0
VERTEX
8
Visible
10
231.8308
20
171.8981
30
0
0
VERTEX
8
Visible
10
231.8340
20
171.8958
30
0
0
VERTEX
8
Visible
10
231.8373
20
171.8935
30
0
0
VERTEX
8
Visible
10
231.8406
20
171.8912
30
0
0
VERTEX
8
Visible
10
231.8438
20
171.8889
30
0
0
VERTEX
8
Visible
10
231.8471
20
171.8866
30
0
0
VERTEX
8
Visible
10
231.8504
20
171.8843
30
0
0
VERTEX
8
Visible
10
231.8537
20
171.8820
30
0
0
VERTEX
8
Visible
10
231.8569
20
171.8797
30
0
0
VERTEX
8
Visible
10
231.8602
20
171.8774
30
0
0
VERTEX
8
Visible
10
231.8635
20
171.8751
30
0
0
VERTEX
8
Visible
10
231.8668
20
171.8728
30
0
0
VERTEX
8
Visible
10
231.8701
20
171.8705
30
0
0
VERTEX
8
Visible
10
231.8733
20
171.8683
30
0
0
VERTEX
8
Visible
10
231.8766
20
171.8660
30
0
0
VERTEX
8
Visible
10
231.8799
20
171.8637
30
0
0
VERTEX
8
Visible
10
231.8832
20
171.8614
30
0
0
VERTEX
8
Visible
10
231.8865
20
171.8592
30
0
0
VERTEX
8
Visible
10
231.8898
20
171.8569
30
0
0
VERTEX
8
Visible
10
231.8931
20
171.8546
30
0
0
VERTEX
8
Visible
10
231.8964
20
171.8524
30
0
0
VERTEX
8
Visible
10
231.8997
20
171.8501
30
0
0
VERTEX
8
Visible
10
231.9030
20
171.8479
30
0
0
VERTEX
8
Visible
10
231.9063
20
171.8456
30
0
0
VERTEX
8
Visible
10
231.9096
20
171.8434
30
0
0
VERTEX
8
Visible
10
231.9129
20
171.8411
30
0
0
VERTEX
8
Visible
10
231.9162
20
171.8389
30
0
0
VERTEX
8
Visible
10
231.9195
20
171.8366
30
0
0
VERTEX
8
Visible
10
231.9228
20
171.8344
30
0
0
VERTEX
8
Visible
10
231.9261
20
171.8321
30
0
0
VERTEX
8
Visible
10
231.9294
20
171.8299
30
0
0
VERTEX
8
Visible
10
231.9327
20
171.8277
30
0
0
VERTEX
8
Visible
10
231.9360
20
171.8254
30
0
0
VERTEX
8
Visible
10
231.9393
20
171.8232
30
0
0
VERTEX
8
Visible
10
231.9426
20
171.8210
30
0
0
VERTEX
8
Visible
10
231.9459
20
171.8187
30
0
0
VERTEX
8
Visible
10
231.9492
20
171.8165
30
0
0
VERTEX
8
Visible
10
231.9526
20
171.8143
30
0
0
VERTEX
8
Visible
10
231.9559
20
171.8121
30
0
0
VERTEX
8
Visible
10
231.9592
20
171.8099
30
0
0
VERTEX
8
Visible
10
231.9625
20
171.8077
30
0
0
VERTEX
8
Visible
10
231.9659
20
171.8054
30
0
0
VERTEX
8
Visible
10
231.9692
20
171.8032
30
0
0
VERTEX
8
Visible
10
231.9725
20
171.8010
30
0
0
VERTEX
8
Visible
10
231.9758
20
171.7988
30
0
0
VERTEX
8
Visible
10
231.9792
20
171.7966
30
0
0
VERTEX
8
Visible
10
231.9825
20
171.7944
30
0
0
SEQEND
8
Visible
0
POLYLINE
8
Visible
66
1
70
0
10
0
20
0
30
0
0
VERTEX
8
Visible
10
240.1431
20
172.0292
30
0
0
VERTEX
8
Visible
10
240.1519
20
172.0222
30
0
0
VERTEX
8
Visible
10
240.1604
20
172.0152
30
0
0
VERTEX
8
Visible
10
240.1685
20
172.0081
30
0
0
VERTEX
8
Visible
10
240.1763
20
172.0010
30
0
0
VERTEX
8
Visible
10
240.1838
20
171.9939
30
0
0
VERTEX
8
Visible
10
240.1909
20
171.9868
30
0
0
VERTEX
8
Visible
10
240.1977
20
171.9796
30
0
0
VERTEX
8
Visible
10
240.2042
20
171.9724
30
0
0
VERTEX
8
Visible
10
240.2104
20
171.9652
30
0
0
VERTEX
8
Visible
10
240.2162
20
171.9580
30
0
0
VERTEX
8
Visible
10
240.2216
20
171.9507
30
0
0
VERTEX
8
Visible
10
240.2268
20
171.9435
30
0
0
VERTEX
8
Visible
10
240.2316
20
171.9362
30
0
0
VERTEX
8
Visible
10
240.2361
20
171.9289
30
0
0
VERTEX
8
Visible
10
240.2402
20
171.9216
30
0
0
VERTEX
8
Visible
10
240.2440
20
171.9142
30
0
0
VERTEX
8
Visible
10
240.2475
20
171.9069
30
0
0
VERTEX
8
Visible
10
240.2507
20
171.8995
30
0
0
VERTEX
8
Visible
10
240.2535
20
171.8922
30
0
0
VERTEX
8
Visible
10
240.2560
20
171.8848
30
0
0
VERTEX
8
Visible
10
240.2581
20
171.8774
30
0
0
VERTEX
8
Visible
10
240.2599
20
171.8701
30
0
0
VERTEX
8
Visible
10
240.2614
20
171.8627
30
0
0
VERTEX
8
Visible
10
240.2626
20
171.8554
30
0
0
VERTEX
8
Visible
10
240.2635
20
171.8480
30
0
0
VERTEX
8
Visible
10
240.2640
20
171.8406
30
0
0
VERTEX
8
Visible
10
240.2642
20
171.8333
30
0
0
VERTEX
8
Visible
10
240.2641
20
171.8260
30
0
0
VERTEX
8
Visible
10
240.2637
20
171.8186
30
0
0
VERTEX
8
Visible
10
240.2629
20
171.8113
30
0
0
VERTEX
8
Visible
10
240.2618
20
171.8040
30
0
0
VERTEX
8
Visible
10
240.2605
20
171.7967
30
0
0
VERTEX
8
Visible
10
240.2588
20
171.7894
30
0
0
VERTEX
8
Visible
10
240.2568
20
171.7821
30
0
0
VERTEX
8
Visible
10
240.2544
20
171.7748
30
0
0
VERTEX
8
Visible
10
240.2518
20
171.7676
30
0
0
VERTEX
8
Visible
10
240.2489
20
171.7603
30
0
0
VERTEX
8
Visible
10
240.2456
20
171.7531
30
0
0
VERTEX
8
Visible
10
240.2421
20
171.7459
30
0
0
VERTEX
8
Visible
10
240.2382
20
171.7387
30
0
0
VERTEX
8
Visible
10
240.2341
20
171.7316
30
0
0
VERTEX
8
Visible
10
240.2296
20
171.7244
30
0
0
VERTEX
8
Visible
10
240.2249
20
171.7173
30
0
0
VERTEX
8
Visible
10
240.2199
20
171.7102
30
0
0
VERTEX
8
Visible
10
240.2145
20
171.7032
30
0
0
VERTEX
8
Visible
10
240.2089
20
171.6962
30
0
0
VERTEX
8
Visible
10
240.2030
20
171.6892
30
0
0
VERTEX
8
Visible
10
240.1968
20
171.6822
30
0
0
VERTEX
8
Visible
10
240.1903
20
171.6753
30
0
0
VERTEX
8
Visible
10
240.1836
20
171.6684
30
0
0
VERTEX
8
Visible
10
240.1765
20
171.6616
30
0
0
VERTEX
8
Visible
10
240.1692
20
171.6547
30
0
0
VERTEX
8
Visible
10
240.1616
20
171.6480
30
0
0
VERTEX
8
Visible
10
240.1537
20
171.6412
30
0
0
VERTEX
8
Visible
10
240.1456
20
171.6345
30
0
0
VERTEX
8
Visible
10
240.1372
20
171.6278
30
0
0
VERTEX
8
Visible
10
240.1285
20
171.6212
30
0
0
VERTEX
8
Visible
10
240.1195
20
171.6146
30
0
0
VERTEX
8
Visible
10
240.1103
20
171.6081
30
0
0
VERTEX
8
Visible
10
240.1008
20
171.6016
30
0
0
VERTEX
8
Visible
10
240.0911
20
171.5951
30
0
0
VERTEX
8
Visible
10
240.0811
20
171.5887
30
0
0
VERTEX
8
Visible
10
240.0708
20
171.5823
30
0
0
VERTEX
8
Visible
10
240.0603
20
171.5760
30
0
0
VERTEX
8
Visible
10
240.0495
20
171.5697
30
0
0
VERTEX
8
Visible
10
240.0385
20
171.5635
30
0
0
VERTEX
8
Visible
10
240.0272
20
171.5573
30
0
0
VERTEX
8
Visible
10
240.0157
20
171.5512
30
0
0
VERTEX
8
Visible
10
240.0039
20
171.5451
30
0
0
VERTEX
8
Visible
10
239.9919
20
171.5390
30
0
0
VERTEX
8
Visible
10
239.9796
20
171.5331
30
0
0
VERTEX
8
Visible
10
239.9671
20
171.5271
30
0
0
VERTEX
8
Visible
10
239.9543
20
171.5213
30
0
0
VERTEX
8
Visible
10
239.9413
20
171.5154
30
0
0
VERTEX
8
Visible
10
239.9281
20
171.5097
30
0
0
VERTEX
8
Visible
10
239.9147
20
171.5040
30
0
0
VERTEX
8
Visible
10
239.9010
20
171.4983
30
0
0
VERTEX
8
Visible
10
239.8871
20
171.4928
30
0
0
VERTEX
8
Visible
10
239.8730
20
171.4872
30
0
0
VERTEX
8
Visible
10
239.8586
20
171.4818
30
0
0
VERTEX
8
Visible
10
239.8440
20
171.4764
30
0
0
VERTEX
8
Visible
10
239.8293
20
171.4711
30
0
0
VERTEX
8
Visible
10
239.8143
20
171.4658
30
0
0
VERTEX
8
Visible
10
239.7990
20
171.4606
30
0
0
VERTEX
8
Visible
10
239.7836
20
171.4554
30
0
0
VERTEX
8
Visible
10
239.7680
20
171.4504
30
0
0
VERTEX
8
Visible
10
239.7521
20
171.4454
30
0
0
VERTEX
8
Visible
10
239.7361
20
171.4404
30
0
0
VERTEX
8
Visible
10
239.7198
20
171.4355
30
0
0
VERTEX
8
Visible
10
239.7033
20
171.4307
30
0
0
VERTEX
8
Visible
10
239.6866
20
171.4260
30
0
0
VERTEX
8
Visible
10
239.6698
20
171.4213
30
0
0
VERTEX
8
Visible
10
239.6527
20
171.4167
30
0
0
VERTEX
8
Visible
10
239.6355
20
171.4122
30
0
0
VERTEX
8
Visible
10
239.6180
20
171.4077
30
0
0
VERTEX
8
Visible
10
239.6003
20
171.4033
30
0
0
VERTEX
8
Visible
10
239.5825
20
171.3990
30
0
0
VERTEX
8
Visible
10
239.5645
20
171.3948
30
0
0
VERTEX
8
Visible
10
239.5463
20
171.3906
30
0
0
VERTEX
8
Visible
10
239.5279
20
171.3865
30
0
0
VERTEX
8
Visible
10
239.5093
20
171.3825
30
0
0
VERTEX
8
Visible
10
239.4905
20
171.3785
30
0
0
VERTEX
8
Visible
10
239.4716
20
171.3747
30
0
0
VERTEX
8
Visible
10
239.4525
20
171.3709
30
0
0
VERTEX
8
Visible
10
239.4332
20
171.3672
30
0
0
VERTEX
8
Visible
10
239.4137
20
171.3635
30
0
0
VERTEX
8
Visible
10
239.3941
20
171.3600
30
0
0
VERTEX
8
Visible
10
239.3743
20
171.3565
30
0
0
VERTEX
8
Visible
10
239.3543
20
171.3531
30
0
0
VERTEX
8
Visible
10
239.3341
20
171.3498
30
0
0
VERTEX
8
Visible
10
239.3138
20
171.3465
30
0
0
VERTEX
8
Visible
10
239.2934
20
171.3434
30
0
0
VERTEX
8
Visible
10
239.2728
20
171.3403
30
0
0
VERTEX
8
Visible
10
239.2520
20
171.3373
30
0
0
VERTEX
8
Visible
10
239.2311
20
171.3344
30
0
0
VERTEX
8
Visible
10
239.2100
20
171.3316
30
0
0
VERTEX
8
Visible
10
239.1889
20
171.3289
30
0
0
VERTEX
8
Visible
10
239.1675
20
171.3262
30
0
0
VERTEX
8
Visible
10
239.1460
20
171.3237
30
0
0
VERTEX
8
Visible
10
239.1244
20
171.3212
30
0
0
VERTEX
8
Visible
10
239.1027
20
171.3188
30
0
0
VERTEX
8
Visible
10
239.0808
20
171.3165
30
0
0
VERTEX
8
Visible
10
239.0588
20
171.3143
30
0
0
VERTEX
8
Visible
10
239.0366
20
171.3122
30
0
0
VERTEX
8
Visible
10
239.0143
20
171.3101
30
0
0
VERTEX
8
Visible
10
238.9919
20
171.3082
30
0
0
VERTEX
8
Visible
10
238.9694
20
171.3063
30
0
0
VERTEX
8
Visible
10
238.9468
20
171.3046
30
0
0
VERTEX
8
Visible
10
238.9240
20
171.3029
30
0
0
VERTEX
8
Visible
10
238.9011
20
171.3013
30
0
0
VERTEX
8
Visible
10
238.8781
20
171.2998
30
0
0
VERTEX
8
Visible
10
238.8550
20
171.2984
30
0
0
VERTEX
8
Visible
10
238.8318
20
171.2971
30
0
0
VERTEX
8
Visible
10
238.8085
20
171.2959
30
0
0
VERTEX
8
Visible
10
238.7850
20
171.2947
30
0
0
VERTEX
8
Visible
10
238.7615
20
171.2937
30
0
0
VERTEX
8
Visible
10
238.7378
20
171.2927
30
0
0
VERTEX
8
Visible
10
238.7141
20
171.2919
30
0
0
VERTEX
8
Visible
10
238.6903
20
171.2911
30
0
0
VERTEX
8
Visible
10
238.6663
20
171.2905
30
0
0
VERTEX
8
Visible
10
238.6423
20
171.2899
30
0
0
VERTEX
8
Visible
10
238.6182
20
171.2894
30
0
0
VERTEX
8
Visible
10
238.5939
20
171.2890
30
0
0
VERTEX
8
Visible
10
238.5696
20
171.2887
30
0
0
VERTEX
8
Visible
10
238.5453
20
171.2886
30
0
0
VERTEX
8
Visible
10
238.5208
20
171.2885
30
0
0
VERTEX
8
Visible
10
238.4963
20
171.2885
30
0
0
VERTEX
8
Visible
10
238.4717
20
171.2886
30
0
0
VERTEX
8
Visible
10
238.4470
20
171.2888
30
0
0
VERTEX
8
Visible
10
238.4224
20
171.2891
30
0
0
VERTEX
8
Visible
10
238.3976
20
171.2894
30
0
0
VERTEX
8
Visible
10
238.3728
20
171.2899
30
0
0
VERTEX
8
Visible
10
238.3480
20
171.2905
30
0
0
VERTEX
8
Visible
10
238.3231
20
171.2912
30
0
0
VERTEX
8
Visible
10
238.2982
20
171.2920
30
0
0
VERTEX
8
Visible
10
238.2732
20
171.2928
30
0
0
VERTEX
8
Visible
10
238.2482
20
171.2938
30
0
0
VERTEX
8
Visible
10
238.2232
20
171.2949
30
0
0
VERTEX
8
Visible
10
238.1981
20
171.2960
30
0
0
VERTEX
8
Visible
10
238.1730
20
171.2973
30
0
0
VERTEX
8
Visible
10
238.1479
20
171.2986
30
0
0
VERTEX
8
Visible
10
238.1227
20
171.3001
30
0
0
VERTEX
8
Visible
10
238.0976
20
171.3016
30
0
0
VERTEX
8
Visible
10
238.0724
20
171.3032
30
0
0
VERTEX
8
Visible
10
238.0472
20
171.3050
30
0
0
VERTEX
8
Visible
10
238.0220
20
171.3068
30
0
0
VERTEX
8
Visible
10
237.9967
20
171.3087
30
0
0
VERTEX
8
Visible
10
237.9715
20
171.3107
30
0
0
VERTEX
8
Visible
10
237.9463
20
171.3129
30
0
0
VERTEX
8
Visible
10
237.9210
20
171.3151
30
0
0
VERTEX
8
Visible
10
237.8958
20
171.3174
30
0
0
VERTEX
8
Visible
10
237.8705
20
171.3198
30
0
0
VERTEX
8
Visible
10
237.8453
20
171.3223
30
0
0
VERTEX
8
Visible
10
237.8201
20
171.3249
30
0
0
VERTEX
8
Visible
10
237.7949
20
171.3276
30
0
0
VERTEX
8
Visible
10
237.7697
20
171.3303
30
0
0
VERTEX
8
Visible
10
237.7445
20
171.3332
30
0
0
VERTEX
8
Visible
10
237.7194
20
171.3362
30
0
0
VERTEX
8
Visible
10
237.6944
20
171.3392
30
0
0
VERTEX
8
Visible
10
237.6694
20
171.3424
30
0
0
VERTEX
8
Visible
10
237.6444
20
171.3456
30
0
0
VERTEX
8
Visible
10
237.6196
20
171.3489
30
0
0
VERTEX
8
Visible
10
237.5948
20
171.3523
30
0
0
VERTEX
8
Visible
10
237.5701
20
171.3558
30
0
0
VERTEX
8
Visible
10
237.5454
20
171.3594
30
0
0
VERTEX
8
Visible
10
237.5208
20
171.3631
30
0
0
VERTEX
8
Visible
10
237.4964
20
171.3668
30
0
0
VERTEX
8
Visible
10
237.4719
20
171.3706
30
0
0
VERTEX
8
Visible
10
237.4476
20
171.3746
30
0
0
VERTEX
8
Visible
10
237.4234
20
171.3785
30
0
0
VERTEX
8
Visible
10
237.3992
20
171.3826
30
0
0
VERTEX
8
Visible
10
237.3752
20
171.3868
30
0
0
VERTEX
8
Visible
10
237.3512
20
171.3910
30
0
0
VERTEX
8
Visible
10
237.3273
20
171.3953
30
0
0
VERTEX
8
Visible
10
237.3036
20
171.3997
30
0
0
VERTEX
8
Visible
10
237.2799
20
171.4042
30
0
0
VERTEX
8
Visible
10
237.2563
20
171.4088
30
0
0
VERTEX
8
Visible
10
237.2329
20
171.4134
30
0
0
VERTEX
8
Visible
10
237.2096
20
171.4181
30
0
0
VERTEX
8
Visible
10
237.1864
20
171.4229
30
0
0
VERTEX
8
Visible
10
237.1633
20
171.4278
30
0
0
VERTEX
8
Visible
10
237.1403
20
171.4327
30
0
0
VERTEX
8
Visible
10
237.1174
20
171.4377
30
0
0
VERTEX
8
Visible
10
237.0947
20
171.4428
30
0
0
VERTEX
8
Visible
10
237.0721
20
171.4480
30
0
0
VERTEX
8
Visible
10
237.0497
20
171.4532
30
0
0
VERTEX
8
Visible
10
237.0273
20
171.4585
30
0
0
VERTEX
8
Visible
10
237.0052
20
171.4639
30
0
0
VERTEX
8
Visible
10
236.9832
20
171.4693
30
0
0
VERTEX
8
Visible
10
236.9614
20
171.4748
30
0
0
VERTEX
8
Visible
10
236.9398
20
171.4803
30
0
0
VERTEX
8
Visible
10
236.9184
20
171.4859
30
0
0
VERTEX
8
Visible
10
236.8972
20
171.4916
30
0
0
VERTEX
8
Visible
10
236.8762
20
171.4973
30
0
0
VERTEX
8
Visible
10
236.8553
20
171.5030
30
0
0
VERTEX
8
Visible
10
236.8346
20
171.5089
30
0
0
VERTEX
8
Visible
10
236.8142
20
171.5147
30
0
0
VERTEX
8
Visible
10
236.7939
20
171.5206
30
0
0
VERTEX
8
Visible
10
236.7739
20
171.5266
30
0
0
VERTEX
8
Visible
10
236.7540
20
171.5326
30
0
0
VERTEX
8
Visible
10
236.7344
20
171.5387
30
0
0
VERTEX
8
Visible
10
236.7150
20
171.5448
30
0
0
VERTEX
8
Visible
10
236.6957
20
171.5510
30
0
0
VERTEX
8
Visible
10
236.6767
20
171.5572
30
0
0
VERTEX
8
Visible
10
236.6579
20
171.5634
30
0
0
VERTEX
8
Visible
10
236.6394
20
171.5697
30
0
0
VERTEX
8
Visible
10
236.6210
20
171.5761
30
0
0
VERTEX
8
Visible
10
236.6029
20
171.5824
30
0
0
VERTEX
8
Visible
10
236.5850
20
171.5889
30
0
0
VERTEX
8
Visible
10
236.5673
20
171.5953
30
0
0
VERTEX
8
Visible
10
236.5499
20
171.6018
30
0
0
VERTEX
8
Visible
10
236.5328
20
171.6083
30
0
0
VERTEX
8
Visible
10
236.5159
20
171.6148
30
0
0
VERTEX
8
Visible
10
236.4992
20
171.6214
30
0
0
VERTEX
8
Visible
10
236.4828
20
171.6280
30
0
0
VERTEX
8
Visible
10
236.4667
20
171.6346
30
0
0
VERTEX
8
Visible
10
236.4509
20
171.6412
30
0
0
VERTEX
8
Visible
10
236.4353
20
171.6479
30
0
0
VERTEX
8
Visible
10
236.4199
20
171.6546
30
0
0
VERTEX
8
Visible
10
236.4049
20
171.6613
30
0
0
VERTEX
8
Visible
10
236.3901
20
171.6680
30
0
0
VERTEX
8
Visible
10
236.3756
20
171.6747
30
0
0
VERTEX
8
Visible
10
236.3614
20
171.6815
30
0
0
VERTEX
8
Visible
10
236.3474
20
171.6883
30
0
0
VERTEX
8
Visible
10
236.3338
20
171.6950
30
0
0
VERTEX
8
Visible
10
236.3204
20
171.7018
30
0
0
VERTEX
8
Visible
10
236.3073
20
171.7086
30
0
0
VERTEX
8
Visible
10
236.2944
20
171.7155
30
0
0
VERTEX
8
Visible
10
236.2819
20
171.7223
30
0
0
VERTEX
8
Visible
10
236.2697
20
171.7291
30
0
0
VERTEX
8
Visible
10
236.2577
20
171.7359
30
0
0
VERTEX
8
Visible
10
236.2461
20
171.7428
30
0
0
VERTEX
8
Visible
10
236.2348
20
171.7496
30
0
0
VERTEX
8
Visible
10
236.2237
20
171.7564
30
0
0
VERTEX
8
Visible
10
236.2130
20
171.7632
30
0
0
VERTEX
8
Visible
10
236.2026
20
171.7701
30
0
0
VERTEX
8
Visible
10
236.1925
20
171.7769
30
0
0
VERTEX
8
Visible
10
236.1827
20
171.7837
30
0
0
VERTEX
8
Visible
10
236.1731
20
171.7905
30
0
0
VERTEX
8
Visible
10
236.1639
20
171.7973
30
0
0
VERTEX
8
Visible
10
236.1551
20
171.8041
30
0
0
VERTEX
8
Visible
10
236.1465
20
171.8109
30
0
0
VERTEX
8
Visible
10
236.1382
20
171.8177
30
0
0
VERTEX
8
Visible
10
236.1302
20
171.8245
30
0
0
SEQEND
8
Visible
0
ARC
8
Visible
10
205.6633
20
172.3874
30
0
40
11.5961
50
47.2173
51
47.9204
0
LINE
8
Visible
10
250.6486
20
175.8829
30
0
11
249.5786
21
176.3152
31
0
0
LINE
8
Visible
10
246.3519
20
186.2472
30
0
11
245.0052
21
186.7913
31
0
0
LINE
8
Visible
10
244.9355
20
186.8194
30
0
11
201.4409
21
204.3924
31
0
0
LINE
8
Visible
10
245.0052
20
186.7913
30
0
11
244.9355
21
186.8194
31
0
0
LINE
8
Visible
10
246.2372
20
188.4506
30
0
11
245.4879
21
186.5962
31
0
0
ARC
8
Visible
10
238.5083
20
189.5625
30
0
40
8.5155
50
320.6264
51
337.0871
0
POLYLINE
8
Visible
66
1
70
0
10
0
20
0
30
0
0
VERTEX
8
Visible
10
242.3467
20
181.3942
30
0
0
VERTEX
8
Visible
10
242.4088
20
181.4461
30
0
0
VERTEX
8
Visible
10
242.4707
20
181.4983
30
0
0
VERTEX
8
Visible
10
242.5324
20
181.5508
30
0
0
VERTEX
8
Visible
10
242.5939
20
181.6035
30
0
0
VERTEX
8
Visible
10
242.6552
20
181.6564
30
0
0
VERTEX
8
Visible
10
242.7162
20
181.7097
30
0
0
VERTEX
8
Visible
10
242.7771
20
181.7631
30
0
0
VERTEX
8
Visible
10
242.8378
20
181.8168
30
0
0
VERTEX
8
Visible
10
242.8983
20
181.8708
30
0
0
VERTEX
8
Visible
10
242.9586
20
181.9250
30
0
0
VERTEX
8
Visible
10
243.0187
20
181.9794
30
0
0
VERTEX
8
Visible
10
243.0785
20
182.0341
30
0
0
VERTEX
8
Visible
10
243.1382
20
182.0891
30
0
0
VERTEX
8
Visible
10
243.1976
20
182.1443
30
0
0
VERTEX
8
Visible
10
243.2569
20
182.1997
30
0
0
VERTEX
8
Visible
10
243.3159
20
182.2554
30
0
0
VERTEX
8
Visible
10
243.3748
20
182.3113
30
0
0
VERTEX
8
Visible
10
243.4334
20
182.3674
30
0
0
VERTEX
8
Visible
10
243.4918
20
182.4238
30
0
0
VERTEX
8
Visible
10
243.5500
20
182.4805
30
0
0
VERTEX
8
Visible
10
243.6080
20
182.5374
30
0
0
VERTEX
8
Visible
10
243.6657
20
182.5945
30
0
0
VERTEX
8
Visible
10
243.7233
20
182.6518
30
0
0
VERTEX
8
Visible
10
243.7806
20
182.7094
30
0
0
VERTEX
8
Visible
10
243.8378
20
182.7672
30
0
0
VERTEX
8
Visible
10
243.8947
20
182.8253
30
0
0
VERTEX
8
Visible
10
243.9514
20
182.8836
30
0
0
VERTEX
8
Visible
10
244.0079
20
182.9421
30
0
0
VERTEX
8
Visible
10
244.0641
20
183.0009
30
0
0
VERTEX
8
Visible
10
244.1202
20
183.0599
30
0
0
VERTEX
8
Visible
10
244.1760
20
183.1191
30
0
0
VERTEX
8
Visible
10
244.2316
20
183.1785
30
0
0
VERTEX
8
Visible
10
244.2870
20
183.2382
30
0
0
VERTEX
8
Visible
10
244.3422
20
183.2981
30
0
0
VERTEX
8
Visible
10
244.3971
20
183.3583
30
0
0
VERTEX
8
Visible
10
244.4519
20
183.4186
30
0
0
VERTEX
8
Visible
10
244.5064
20
183.4792
30
0
0
VERTEX
8
Visible
10
244.5607
20
183.5401
30
0
0
VERTEX
8
Visible
10
244.6147
20
183.6011
30
0
0
VERTEX
8
Visible
10
244.6685
20
183.6624
30
0
0
VERTEX
8
Visible
10
244.7221
20
183.7239
30
0
0
VERTEX
8
Visible
10
244.7755
20
183.7856
30
0
0
VERTEX
8
Visible
10
244.8287
20
183.8475
30
0
0
VERTEX
8
Visible
10
244.8816
20
183.9097
30
0
0
VERTEX
8
Visible
10
244.9343
20
183.9721
30
0
0
VERTEX
8
Visible
10
244.9868
20
184.0347
30
0
0
VERTEX
8
Visible
10
245.0390
20
184.0975
30
0
0
VERTEX
8
Visible
10
245.0910
20
184.1605
30
0
0
SEQEND
8
Visible
0
LINE
8
Visible
10
255.8966
20
182.9301
30
0
11
258.1162
21
182.0333
31
0
0
POLYLINE
8
Visible
66
1
70
0
10
0
20
0
30
0
0
VERTEX
8
Visible
10
227.4645
20
177.9357
30
0
0
VERTEX
8
Visible
10
227.4604
20
177.9346
30
0
0
VERTEX
8
Visible
10
227.4563
20
177.9336
30
0
0
VERTEX
8
Visible
10
227.4520
20
177.9325
30
0
0
VERTEX
8
Visible
10
227.4477
20
177.9315
30
0
0
VERTEX
8
Visible
10
227.4434
20
177.9305
30
0
0
VERTEX
8
Visible
10
227.4390
20
177.9296
30
0
0
VERTEX
8
Visible
10
227.4345
20
177.9286
30
0
0
VERTEX
8
Visible
10
227.4299
20
177.9277
30
0
0
VERTEX
8
Visible
10
227.4253
20
177.9268
30
0
0
VERTEX
8
Visible
10
227.4207
20
177.9259
30
0
0
VERTEX
8
Visible
10
227.4160
20
177.9251
30
0
0
VERTEX
8
Visible
10
227.4112
20
177.9242
30
0
0
VERTEX
8
Visible
10
227.4063
20
177.9234
30
0
0
VERTEX
8
Visible
10
227.4014
20
177.9226
30
0
0
VERTEX
8
Visible
10
227.3965
20
177.9218
30
0
0
VERTEX
8
Visible
10
227.3914
20
177.9211
30
0
0
VERTEX
8
Visible
10
227.3863
20
177.9204
30
0
0
VERTEX
8
Visible
10
227.3812
20
177.9197
30
0
0
VERTEX
8
Visible
10
227.3760
20
177.9190
30
0
0
VERTEX
8
Visible
10
227.3707
20
177.9183
30
0
0
VERTEX
8
Visible
10
227.3654
20
177.9177
30
0
0
VERTEX
8
Visible
10
227.3601
20
177.9171
30
0
0
VERTEX
8
Visible
10
227.3546
20
177.9165
30
0
0
VERTEX
8
Visible
10
227.3491
20
177.9159
30
0
0
VERTEX
8
Visible
10
227.3436
20
177.9154
30
0
0
VERTEX
8
Visible
10
227.3380
20
177.9149
30
0
0
VERTEX
8
Visible
10
227.3323
20
177.9144
30
0
0
VERTEX
8
Visible
10
227.3266
20
177.9139
30
0
0
VERTEX
8
Visible
10
227.3208
20
177.9134
30
0
0
VERTEX
8
Visible
10
227.3150
20
177.9130
30
0
0
VERTEX
8
Visible
10
227.3091
20
177.9126
30
0
0
VERTEX
8
Visible
10
227.3032
20
177.9122
30
0
0
VERTEX
8
Visible
10
227.2972
20
177.9119
30
0
0
VERTEX
8
Visible
10
227.2912
20
177.9115
30
0
0
VERTEX
8
Visible
10
227.2851
20
177.9112
30
0
0
VERTEX
8
Visible
10
227.2790
20
177.9109
30
0
0
VERTEX
8
Visible
10
227.2728
20
177.9107
30
0
0
VERTEX
8
Visible
10
227.2665
20
177.9105
30
0
0
VERTEX
8
Visible
10
227.2603
20
177.9102
30
0
0
VERTEX
8
Visible
10
227.2539
20
177.9101
30
0
0
VERTEX
8
Visible
10
227.2475
20
177.9099
30
0
0
VERTEX
8
Visible
10
227.2411
20
177.9098
30
0
0
VERTEX
8
Visible
10
227.2346
20
177.9096
30
0
0
VERTEX
8
Visible
10
227.2281
20
177.9096
30
0
0
VERTEX
8
Visible
10
227.2215
20
177.9095
30
0
0
VERTEX
8
Visible
10
227.2149
20
177.9094
30
0
0
VERTEX
8
Visible
10
227.2082
20
177.9094
30
0
0
VERTEX
8
Visible
10
227.2015
20
177.9094
30
0
0
VERTEX
8
Visible
10
227.1947
20
177.9095
30
0
0
VERTEX
8
Visible
10
227.1879
20
177.9095
30
0
0
VERTEX
8
Visible
10
227.1810
20
177.9096
30
0
0
VERTEX
8
Visible
10
227.1741
20
177.9097
30
0
0
VERTEX
8
Visible
10
227.1672
20
177.9098
30
0
0
VERTEX
8
Visible
10
227.1602
20
177.9100
30
0
0
VERTEX
8
Visible
10
227.1532
20
177.9102
30
0
0
VERTEX
8
Visible
10
227.1461
20
177.9104
30
0
0
VERTEX
8
Visible
10
227.1389
20
177.9106
30
0
0
VERTEX
8
Visible
10
227.1318
20
177.9109
30
0
0
VERTEX
8
Visible
10
227.1246
20
177.9111
30
0
0
VERTEX
8
Visible
10
227.1173
20
177.9115
30
0
0
VERTEX
8
Visible
10
227.1100
20
177.9118
30
0
0
VERTEX
8
Visible
10
227.1027
20
177.9121
30
0
0
VERTEX
8
Visible
10
227.0953
20
177.9125
30
0
0
VERTEX
8
Visible
10
227.0879
20
177.9129
30
0
0
VERTEX
8
Visible
10
227.0804
20
177.9134
30
0
0
VERTEX
8
Visible
10
227.0730
20
177.9138
30
0
0
VERTEX
8
Visible
10
227.0654
20
177.9143
30
0
0
VERTEX
8
Visible
10
227.0579
20
177.9148
30
0
0
VERTEX
8
Visible
10
227.0503
20
177.9153
30
0
0
VERTEX
8
Visible
10
227.0426
20
177.9159
30
0
0
VERTEX
8
Visible
10
227.0350
20
177.9165
30
0
0
VERTEX
8
Visible
10
227.0273
20
177.9171
30
0
0
VERTEX
8
Visible
10
227.0195
20
177.9177
30
0
0
VERTEX
8
Visible
10
227.0117
20
177.9183
30
0
0
VERTEX
8
Visible
10
227.0039
20
177.9190
30
0
0
VERTEX
8
Visible
10
226.9961
20
177.9197
30
0
0
VERTEX
8
Visible
10
226.9882
20
177.9205
30
0
0
VERTEX
8
Visible
10
226.9803
20
177.9212
30
0
0
VERTEX
8
Visible
10
226.9724
20
177.9220
30
0
0
VERTEX
8
Visible
10
226.9644
20
177.9228
30
0
0
VERTEX
8
Visible
10
226.9564
20
177.9236
30
0
0
VERTEX
8
Visible
10
226.9484
20
177.9245
30
0
0
VERTEX
8
Visible
10
226.9403
20
177.9254
30
0
0
VERTEX
8
Visible
10
226.9322
20
177.9263
30
0
0
VERTEX
8
Visible
10
226.9241
20
177.9272
30
0
0
VERTEX
8
Visible
10
226.9160
20
177.9281
30
0
0
VERTEX
8
Visible
10
226.9078
20
177.9291
30
0
0
VERTEX
8
Visible
10
226.8996
20
177.9301
30
0
0
VERTEX
8
Visible
10
226.8914
20
177.9311
30
0
0
VERTEX
8
Visible
10
226.8831
20
177.9322
30
0
0
VERTEX
8
Visible
10
226.8748
20
177.9333
30
0
0
VERTEX
8
Visible
10
226.8665
20
177.9344
30
0
0
VERTEX
8
Visible
10
226.8582
20
177.9355
30
0
0
VERTEX
8
Visible
10
226.8499
20
177.9366
30
0
0
VERTEX
8
Visible
10
226.8415
20
177.9378
30
0
0
VERTEX
8
Visible
10
226.8331
20
177.9390
30
0
0
VERTEX
8
Visible
10
226.8247
20
177.9402
30
0
0
VERTEX
8
Visible
10
226.8163
20
177.9414
30
0
0
VERTEX
8
Visible
10
226.8079
20
177.9427
30
0
0
VERTEX
8
Visible
10
226.7994
20
177.9440
30
0
0
VERTEX
8
Visible
10
226.7909
20
177.9453
30
0
0
VERTEX
8
Visible
10
226.7824
20
177.9466
30
0
0
VERTEX
8
Visible
10
226.7739
20
177.9480
30
0
0
VERTEX
8
Visible
10
226.7653
20
177.9494
30
0
0
VERTEX
8
Visible
10
226.7567
20
177.9508
30
0
0
VERTEX
8
Visible
10
226.7482
20
177.9522
30
0
0
VERTEX
8
Visible
10
226.7396
20
177.9537
30
0
0
VERTEX
8
Visible
10
226.7310
20
177.9551
30
0
0
VERTEX
8
Visible
10
226.7224
20
177.9566
30
0
0
VERTEX
8
Visible
10
226.7138
20
177.9582
30
0
0
VERTEX
8
Visible
10
226.7051
20
177.9597
30
0
0
VERTEX
8
Visible
10
226.6965
20
177.9613
30
0
0
VERTEX
8
Visible
10
226.6878
20
177.9628
30
0
0
VERTEX
8
Visible
10
226.6792
20
177.9644
30
0
0
VERTEX
8
Visible
10
226.6705
20
177.9661
30
0
0
VERTEX
8
Visible
10
226.6618
20
177.9677
30
0
0
VERTEX
8
Visible
10
226.6531
20
177.9694
30
0
0
VERTEX
8
Visible
10
226.6444
20
177.9711
30
0
0
VERTEX
8
Visible
10
226.6357
20
177.9728
30
0
0
VERTEX
8
Visible
10
226.6270
20
177.9745
30
0
0
VERTEX
8
Visible
10
226.6183
20
177.9763
30
0
0
VERTEX
8
Visible
10
226.6095
20
177.9781
30
0
0
VERTEX
8
Visible
10
226.6008
20
177.9799
30
0
0
VERTEX
8
Visible
10
226.5921
20
177.9817
30
0
0
VERTEX
8
Visible
10
226.5833
20
177.9835
30
0
0
VERTEX
8
Visible
10
226.5746
20
177.9854
30
0
0
VERTEX
8
Visible
10
226.5658
20
177.9873
30
0
0
VERTEX
8
Visible
10
226.5571
20
177.9892
30
0
0
VERTEX
8
Visible
10
226.5483
20
177.9911
30
0
0
VERTEX
8
Visible
10
226.5396
20
177.9930
30
0
0
VERTEX
8
Visible
10
226.5308
20
177.9950
30
0
0
VERTEX
8
Visible
10
226.5221
20
177.9970
30
0
0
VERTEX
8
Visible
10
226.5134
20
177.9990
30
0
0
VERTEX
8
Visible
10
226.5046
20
178.0010
30
0
0
VERTEX
8
Visible
10
226.4959
20
178.0030
30
0
0
VERTEX
8
Visible
10
226.4872
20
178.0051
30
0
0
VERTEX
8
Visible
10
226.4785
20
178.0071
30
0
0
VERTEX
8
Visible
10
226.4698
20
178.0092
30
0
0
VERTEX
8
Visible
10
226.4611
20
178.0113
30
0
0
VERTEX
8
Visible
10
226.4524
20
178.0135
30
0
0
VERTEX
8
Visible
10
226.4438
20
178.0156
30
0
0
VERTEX
8
Visible
10
226.4351
20
178.0177
30
0
0
VERTEX
8
Visible
10
226.4265
20
178.0199
30
0
0
VERTEX
8
Visible
10
226.4178
20
178.0221
30
0
0
VERTEX
8
Visible
10
226.4092
20
178.0243
30
0
0
VERTEX
8
Visible
10
226.4006
20
178.0265
30
0
0
VERTEX
8
Visible
10
226.3920
20
178.0288
30
0
0
VERTEX
8
Visible
10
226.3834
20
178.0310
30
0
0
VERTEX
8
Visible
10
226.3748
20
178.0333
30
0
0
VERTEX
8
Visible
10
226.3663
20
178.0356
30
0
0
VERTEX
8
Visible
10
226.3577
20
178.0379
30
0
0
VERTEX
8
Visible
10
226.3492
20
178.0402
30
0
0
VERTEX
8
Visible
10
226.3407
20
178.0425
30
0
0
VERTEX
8
Visible
10
226.3322
20
178.0448
30
0
0
VERTEX
8
Visible
10
226.3237
20
178.0472
30
0
0
VERTEX
8
Visible
10
226.3153
20
178.0496
30
0
0
VERTEX
8
Visible
10
226.3068
20
178.0520
30
0
0
VERTEX
8
Visible
10
226.2984
20
178.0544
30
0
0
VERTEX
8
Visible
10
226.2900
20
178.0568
30
0
0
VERTEX
8
Visible
10
226.2816
20
178.0592
30
0
0
VERTEX
8
Visible
10
226.2733
20
178.0616
30
0
0
VERTEX
8
Visible
10
226.2649
20
178.0641
30
0
0
VERTEX
8
Visible
10
226.2566
20
178.0666
30
0
0
VERTEX
8
Visible
10
226.2483
20
178.0691
30
0
0
VERTEX
8
Visible
10
226.2400
20
178.0715
30
0
0
VERTEX
8
Visible
10
226.2317
20
178.0741
30
0
0
VERTEX
8
Visible
10
226.2235
20
178.0766
30
0
0
VERTEX
8
Visible
10
226.2153
20
178.0791
30
0
0
SEQEND
8
Visible
0
POLYLINE
8
Visible
66
1
70
0
10
0
20
0
30
0
0
VERTEX
8
Visible
10
226.2153
20
178.0791
30
0
0
VERTEX
8
Visible
10
226.2028
20
178.0830
30
0
0
VERTEX
8
Visible
10
226.1905
20
178.0869
30
0
0
VERTEX
8
Visible
10
226.1782
20
178.0908
30
0
0
VERTEX
8
Visible
10
226.1660
20
178.0947
30
0
0
VERTEX
8
Visible
10
226.1538
20
178.0987
30
0
0
VERTEX
8
Visible
10
226.1418
20
178.1027
30
0
0
VERTEX
8
Visible
10
226.1298
20
178.1067
30
0
0
VERTEX
8
Visible
10
226.1179
20
178.1107
30
0
0
VERTEX
8
Visible
10
226.1061
20
178.1148
30
0
0
VERTEX
8
Visible
10
226.0944
20
178.1188
30
0
0
VERTEX
8
Visible
10
226.0827
20
178.1229
30
0
0
VERTEX
8
Visible
10
226.0712
20
178.1270
30
0
0
VERTEX
8
Visible
10
226.0597
20
178.1311
30
0
0
VERTEX
8
Visible
10
226.0484
20
178.1353
30
0
0
VERTEX
8
Visible
10
226.0371
20
178.1394
30
0
0
VERTEX
8
Visible
10
226.0259
20
178.1436
30
0
0
VERTEX
8
Visible
10
226.0149
20
178.1478
30
0
0
VERTEX
8
Visible
10
226.0039
20
178.1520
30
0
0
VERTEX
8
Visible
10
225.9930
20
178.1562
30
0
0
VERTEX
8
Visible
10
225.9823
20
178.1604
30
0
0
VERTEX
8
Visible
10
225.9716
20
178.1646
30
0
0
VERTEX
8
Visible
10
225.9611
20
178.1688
30
0
0
VERTEX
8
Visible
10
225.9507
20
178.1731
30
0
0
VERTEX
8
Visible
10
225.9404
20
178.1773
30
0
0
VERTEX
8
Visible
10
225.9302
20
178.1815
30
0
0
VERTEX
8
Visible
10
225.9202
20
178.1858
30
0
0
VERTEX
8
Visible
10
225.9103
20
178.1900
30
0
0
VERTEX
8
Visible
10
225.9005
20
178.1943
30
0
0
VERTEX
8
Visible
10
225.8908
20
178.1985
30
0
0
VERTEX
8
Visible
10
225.8813
20
178.2028
30
0
0
VERTEX
8
Visible
10
225.8719
20
178.2070
30
0
0
VERTEX
8
Visible
10
225.8626
20
178.2113
30
0
0
VERTEX
8
Visible
10
225.8535
20
178.2155
30
0
0
VERTEX
8
Visible
10
225.8445
20
178.2197
30
0
0
VERTEX
8
Visible
10
225.8356
20
178.2240
30
0
0
VERTEX
8
Visible
10
225.8269
20
178.2282
30
0
0
VERTEX
8
Visible
10
225.8183
20
178.2324
30
0
0
VERTEX
8
Visible
10
225.8098
20
178.2366
30
0
0
VERTEX
8
Visible
10
225.8015
20
178.2409
30
0
0
VERTEX
8
Visible
10
225.7934
20
178.2451
30
0
0
VERTEX
8
Visible
10
225.7853
20
178.2493
30
0
0
VERTEX
8
Visible
10
225.7774
20
178.2535
30
0
0
VERTEX
8
Visible
10
225.7697
20
178.2576
30
0
0
VERTEX
8
Visible
10
225.7621
20
178.2618
30
0
0
VERTEX
8
Visible
10
225.7547
20
178.2659
30
0
0
VERTEX
8
Visible
10
225.7475
20
178.2701
30
0
0
VERTEX
8
Visible
10
225.7404
20
178.2742
30
0
0
VERTEX
8
Visible
10
225.7334
20
178.2783
30
0
0
VERTEX
8
Visible
10
225.7266
20
178.2824
30
0
0
VERTEX
8
Visible
10
225.7200
20
178.2864
30
0
0
VERTEX
8
Visible
10
225.7135
20
178.2905
30
0
0
VERTEX
8
Visible
10
225.7072
20
178.2945
30
0
0
VERTEX
8
Visible
10
225.7011
20
178.2985
30
0
0
VERTEX
8
Visible
10
225.6951
20
178.3025
30
0
0
VERTEX
8
Visible
10
225.6893
20
178.3064
30
0
0
VERTEX
8
Visible
10
225.6836
20
178.3104
30
0
0
VERTEX
8
Visible
10
225.6781
20
178.3143
30
0
0
VERTEX
8
Visible
10
225.6728
20
178.3182
30
0
0
VERTEX
8
Visible
10
225.6676
20
178.3221
30
0
0
VERTEX
8
Visible
10
225.6626
20
178.3259
30
0
0
VERTEX
8
Visible
10
225.6578
20
178.3298
30
0
0
VERTEX
8
Visible
10
225.6532
20
178.3336
30
0
0
VERTEX
8
Visible
10
225.6487
20
178.3374
30
0
0
VERTEX
8
Visible
10
225.6443
20
178.3411
30
0
0
VERTEX
8
Visible
10
225.6402
20
178.3449
30
0
0
VERTEX
8
Visible
10
225.6362
20
178.3485
30
0
0
VERTEX
8
Visible
10
225.6324
20
178.3522
30
0
0
VERTEX
8
Visible
10
225.6288
20
178.3558
30
0
0
VERTEX
8
Visible
10
225.6254
20
178.3594
30
0
0
VERTEX
8
Visible
10
225.6221
20
178.3630
30
0
0
VERTEX
8
Visible
10
225.6190
20
178.3666
30
0
0
VERTEX
8
Visible
10
225.6161
20
178.3701
30
0
0
VERTEX
8
Visible
10
225.6133
20
178.3735
30
0
0
VERTEX
8
Visible
10
225.6107
20
178.3770
30
0
0
VERTEX
8
Visible
10
225.6083
20
178.3804
30
0
0
VERTEX
8
Visible
10
225.6061
20
178.3838
30
0
0
VERTEX
8
Visible
10
225.6041
20
178.3871
30
0
0
VERTEX
8
Visible
10
225.6022
20
178.3904
30
0
0
VERTEX
8
Visible
10
225.6005
20
178.3937
30
0
0
VERTEX
8
Visible
10
225.5990
20
178.3969
30
0
0
VERTEX
8
Visible
10
225.5977
20
178.4001
30
0
0
VERTEX
8
Visible
10
225.5965
20
178.4033
30
0
0
VERTEX
8
Visible
10
225.5955
20
178.4064
30
0
0
VERTEX
8
Visible
10
225.5947
20
178.4095
30
0
0
VERTEX
8
Visible
10
225.5941
20
178.4125
30
0
0
VERTEX
8
Visible
10
225.5936
20
178.4155
30
0
0
VERTEX
8
Visible
10
225.5933
20
178.4185
30
0
0
VERTEX
8
Visible
10
225.5932
20
178.4215
30
0
0
VERTEX
8
Visible
10
225.5933
20
178.4244
30
0
0
VERTEX
8
Visible
10
225.5935
20
178.4272
30
0
0
VERTEX
8
Visible
10
225.5940
20
178.4300
30
0
0
VERTEX
8
Visible
10
225.5946
20
178.4328
30
0
0
VERTEX
8
Visible
10
225.5954
20
178.4355
30
0
0
VERTEX
8
Visible
10
225.5963
20
178.4382
30
0
0
VERTEX
8
Visible
10
225.5974
20
178.4409
30
0
0
VERTEX
8
Visible
10
225.5987
20
178.4435
30
0
0
VERTEX
8
Visible
10
225.6002
20
178.4460
30
0
0
VERTEX
8
Visible
10
225.6019
20
178.4485
30
0
0
VERTEX
8
Visible
10
225.6037
20
178.4510
30
0
0
VERTEX
8
Visible
10
225.6057
20
178.4534
30
0
0
VERTEX
8
Visible
10
225.6078
20
178.4558
30
0
0
VERTEX
8
Visible
10
225.6102
20
178.4582
30
0
0
VERTEX
8
Visible
10
225.6127
20
178.4605
30
0
0
VERTEX
8
Visible
10
225.6154
20
178.4627
30
0
0
VERTEX
8
Visible
10
225.6182
20
178.4650
30
0
0
VERTEX
8
Visible
10
225.6212
20
178.4671
30
0
0
VERTEX
8
Visible
10
225.6244
20
178.4693
30
0
0
VERTEX
8
Visible
10
225.6277
20
178.4713
30
0
0
VERTEX
8
Visible
10
225.6313
20
178.4734
30
0
0
VERTEX
8
Visible
10
225.6350
20
178.4754
30
0
0
VERTEX
8
Visible
10
225.6388
20
178.4773
30
0
0
VERTEX
8
Visible
10
225.6428
20
178.4792
30
0
0
VERTEX
8
Visible
10
225.6470
20
178.4811
30
0
0
VERTEX
8
Visible
10
225.6514
20
178.4829
30
0
0
VERTEX
8
Visible
10
225.6559
20
178.4846
30
0
0
VERTEX
8
Visible
10
225.6606
20
178.4864
30
0
0
VERTEX
8
Visible
10
225.6654
20
178.4880
30
0
0
VERTEX
8
Visible
10
225.6704
20
178.4897
30
0
0
VERTEX
8
Visible
10
225.6756
20
178.4913
30
0
0
VERTEX
8
Visible
10
225.6809
20
178.4928
30
0
0
VERTEX
8
Visible
10
225.6863
20
178.4943
30
0
0
VERTEX
8
Visible
10
225.6920
20
178.4957
30
0
0
VERTEX
8
Visible
10
225.6977
20
178.4971
30
0
0
VERTEX
8
Visible
10
225.7036
20
178.4984
30
0
0
VERTEX
8
Visible
10
225.7097
20
178.4997
30
0
0
VERTEX
8
Visible
10
225.7159
20
178.5010
30
0
0
VERTEX
8
Visible
10
225.7223
20
178.5022
30
0
0
VERTEX
8
Visible
10
225.7288
20
178.5033
30
0
0
VERTEX
8
Visible
10
225.7355
20
178.5044
30
0
0
VERTEX
8
Visible
10
225.7423
20
178.5055
30
0
0
VERTEX
8
Visible
10
225.7493
20
178.5065
30
0
0
VERTEX
8
Visible
10
225.7564
20
178.5075
30
0
0
VERTEX
8
Visible
10
225.7636
20
178.5084
30
0
0
VERTEX
8
Visible
10
225.7710
20
178.5093
30
0
0
VERTEX
8
Visible
10
225.7786
20
178.5101
30
0
0
VERTEX
8
Visible
10
225.7862
20
178.5109
30
0
0
VERTEX
8
Visible
10
225.7940
20
178.5116
30
0
0
VERTEX
8
Visible
10
225.8020
20
178.5123
30
0
0
VERTEX
8
Visible
10
225.8101
20
178.5129
30
0
0
VERTEX
8
Visible
10
225.8183
20
178.5135
30
0
0
VERTEX
8
Visible
10
225.8267
20
178.5140
30
0
0
VERTEX
8
Visible
10
225.8352
20
178.5145
30
0
0
VERTEX
8
Visible
10
225.8438
20
178.5149
30
0
0
VERTEX
8
Visible
10
225.8525
20
178.5153
30
0
0
VERTEX
8
Visible
10
225.8614
20
178.5157
30
0
0
VERTEX
8
Visible
10
225.8705
20
178.5160
30
0
0
VERTEX
8
Visible
10
225.8796
20
178.5162
30
0
0
VERTEX
8
Visible
10
225.8889
20
178.5164
30
0
0
VERTEX
8
Visible
10
225.8983
20
178.5166
30
0
0
VERTEX
8
Visible
10
225.9078
20
178.5167
30
0
0
VERTEX
8
Visible
10
225.9174
20
178.5167
30
0
0
VERTEX
8
Visible
10
225.9271
20
178.5168
30
0
0
VERTEX
8
Visible
10
225.9370
20
178.5167
30
0
0
VERTEX
8
Visible
10
225.9469
20
178.5166
30
0
0
VERTEX
8
Visible
10
225.9570
20
178.5165
30
0
0
VERTEX
8
Visible
10
225.9672
20
178.5163
30
0
0
VERTEX
8
Visible
10
225.9775
20
178.5161
30
0
0
VERTEX
8
Visible
10
225.9879
20
178.5158
30
0
0
VERTEX
8
Visible
10
225.9984
20
178.5155
30
0
0
VERTEX
8
Visible
10
226.0090
20
178.5151
30
0
0
VERTEX
8
Visible
10
226.0197
20
178.5147
30
0
0
VERTEX
8
Visible
10
226.0305
20
178.5143
30
0
0
VERTEX
8
Visible
10
226.0414
20
178.5137
30
0
0
VERTEX
8
Visible
10
226.0524
20
178.5132
30
0
0
VERTEX
8
Visible
10
226.0635
20
178.5126
30
0
0
VERTEX
8
Visible
10
226.0746
20
178.5119
30
0
0
VERTEX
8
Visible
10
226.0859
20
178.5112
30
0
0
VERTEX
8
Visible
10
226.0973
20
178.5105
30
0
0
VERTEX
8
Visible
10
226.1088
20
178.5097
30
0
0
VERTEX
8
Visible
10
226.1203
20
178.5089
30
0
0
VERTEX
8
Visible
10
226.1320
20
178.5080
30
0
0
VERTEX
8
Visible
10
226.1437
20
178.5071
30
0
0
VERTEX
8
Visible
10
226.1555
20
178.5061
30
0
0
VERTEX
8
Visible
10
226.1674
20
178.5050
30
0
0
VERTEX
8
Visible
10
226.1794
20
178.5040
30
0
0
VERTEX
8
Visible
10
226.1914
20
178.5029
30
0
0
VERTEX
8
Visible
10
226.2036
20
178.5017
30
0
0
VERTEX
8
Visible
10
226.2158
20
178.5005
30
0
0
VERTEX
8
Visible
10
226.2281
20
178.4992
30
0
0
VERTEX
8
Visible
10
226.2404
20
178.4979
30
0
0
VERTEX
8
Visible
10
226.2528
20
178.4966
30
0
0
VERTEX
8
Visible
10
226.2652
20
178.4952
30
0
0
VERTEX
8
Visible
10
226.2778
20
178.4938
30
0
0
VERTEX
8
Visible
10
226.2903
20
178.4923
30
0
0
VERTEX
8
Visible
10
226.3030
20
178.4908
30
0
0
VERTEX
8
Visible
10
226.3156
20
178.4892
30
0
0
VERTEX
8
Visible
10
226.3284
20
178.4876
30
0
0
VERTEX
8
Visible
10
226.3411
20
178.4860
30
0
0
VERTEX
8
Visible
10
226.3540
20
178.4843
30
0
0
VERTEX
8
Visible
10
226.3668
20
178.4825
30
0
0
VERTEX
8
Visible
10
226.3798
20
178.4807
30
0
0
VERTEX
8
Visible
10
226.3927
20
178.4789
30
0
0
VERTEX
8
Visible
10
226.4057
20
178.4770
30
0
0
VERTEX
8
Visible
10
226.4188
20
178.4751
30
0
0
VERTEX
8
Visible
10
226.4318
20
178.4732
30
0
0
VERTEX
8
Visible
10
226.4449
20
178.4712
30
0
0
VERTEX
8
Visible
10
226.4581
20
178.4691
30
0
0
VERTEX
8
Visible
10
226.4713
20
178.4670
30
0
0
VERTEX
8
Visible
10
226.4845
20
178.4649
30
0
0
VERTEX
8
Visible
10
226.4977
20
178.4627
30
0
0
VERTEX
8
Visible
10
226.5110
20
178.4605
30
0
0
VERTEX
8
Visible
10
226.5243
20
178.4583
30
0
0
VERTEX
8
Visible
10
226.5376
20
178.4560
30
0
0
VERTEX
8
Visible
10
226.5510
20
178.4536
30
0
0
VERTEX
8
Visible
10
226.5643
20
178.4513
30
0
0
VERTEX
8
Visible
10
226.5777
20
178.4488
30
0
0
VERTEX
8
Visible
10
226.5911
20
178.4464
30
0
0
VERTEX
8
Visible
10
226.6044
20
178.4439
30
0
0
VERTEX
8
Visible
10
226.6178
20
178.4414
30
0
0
VERTEX
8
Visible
10
226.6312
20
178.4388
30
0
0
VERTEX
8
Visible
10
226.6445
20
178.4362
30
0
0
VERTEX
8
Visible
10
226.6579
20
178.4335
30
0
0
VERTEX
8
Visible
10
226.6712
20
178.4308
30
0
0
VERTEX
8
Visible
10
226.6846
20
178.4281
30
0
0
VERTEX
8
Visible
10
226.6979
20
178.4253
30
0
0
VERTEX
8
Visible
10
226.7112
20
178.4225
30
0
0
VERTEX
8
Visible
10
226.7245
20
178.4197
30
0
0
VERTEX
8
Visible
10
226.7378
20
178.4168
30
0
0
VERTEX
8
Visible
10
226.7510
20
178.4139
30
0
0
VERTEX
8
Visible
10
226.7642
20
178.4110
30
0
0
VERTEX
8
Visible
10
226.7774
20
178.4080
30
0
0
VERTEX
8
Visible
10
226.7906
20
178.4050
30
0
0
VERTEX
8
Visible
10
226.8038
20
178.4020
30
0
0
VERTEX
8
Visible
10
226.8169
20
178.3989
30
0
0
VERTEX
8
Visible
10
226.8300
20
178.3958
30
0
0
VERTEX
8
Visible
10
226.8430
20
178.3926
30
0
0
VERTEX
8
Visible
10
226.8561
20
178.3894
30
0
0
VERTEX
8
Visible
10
226.8690
20
178.3862
30
0
0
VERTEX
8
Visible
10
226.8820
20
178.3830
30
0
0
VERTEX
8
Visible
10
226.8949
20
178.3797
30
0
0
VERTEX
8
Visible
10
226.9077
20
178.3764
30
0
0
VERTEX
8
Visible
10
226.9205
20
178.3730
30
0
0
VERTEX
8
Visible
10
226.9333
20
178.3696
30
0
0
VERTEX
8
Visible
10
226.9460
20
178.3662
30
0
0
VERTEX
8
Visible
10
226.9586
20
178.3628
30
0
0
VERTEX
8
Visible
10
226.9711
20
178.3594
30
0
0
VERTEX
8
Visible
10
226.9836
20
178.3559
30
0
0
VERTEX
8
Visible
10
226.9960
20
178.3524
30
0
0
VERTEX
8
Visible
10
227.0083
20
178.3488
30
0
0
VERTEX
8
Visible
10
227.0205
20
178.3453
30
0
0
VERTEX
8
Visible
10
227.0327
20
178.3417
30
0
0
VERTEX
8
Visible
10
227.0448
20
178.3381
30
0
0
VERTEX
8
Visible
10
227.0568
20
178.3345
30
0
0
VERTEX
8
Visible
10
227.0687
20
178.3308
30
0
0
VERTEX
8
Visible
10
227.0805
20
178.3271
30
0
0
VERTEX
8
Visible
10
227.0923
20
178.3234
30
0
0
VERTEX
8
Visible
10
227.1039
20
178.3197
30
0
0
VERTEX
8
Visible
10
227.1155
20
178.3160
30
0
0
VERTEX
8
Visible
10
227.1269
20
178.3122
30
0
0
VERTEX
8
Visible
10
227.1383
20
178.3084
30
0
0
VERTEX
8
Visible
10
227.1496
20
178.3046
30
0
0
VERTEX
8
Visible
10
227.1607
20
178.3008
30
0
0
VERTEX
8
Visible
10
227.1718
20
178.2969
30
0
0
VERTEX
8
Visible
10
227.1828
20
178.2931
30
0
0
VERTEX
8
Visible
10
227.1937
20
178.2892
30
0
0
VERTEX
8
Visible
10
227.2044
20
178.2853
30
0
0
VERTEX
8
Visible
10
227.2151
20
178.2814
30
0
0
VERTEX
8
Visible
10
227.2256
20
178.2774
30
0
0
VERTEX
8
Visible
10
227.2361
20
178.2735
30
0
0
VERTEX
8
Visible
10
227.2464
20
178.2695
30
0
0
VERTEX
8
Visible
10
227.2565
20
178.2656
30
0
0
VERTEX
8
Visible
10
227.2666
20
178.2616
30
0
0
VERTEX
8
Visible
10
227.2765
20
178.2576
30
0
0
VERTEX
8
Visible
10
227.2863
20
178.2536
30
0
0
VERTEX
8
Visible
10
227.2959
20
178.2496
30
0
0
VERTEX
8
Visible
10
227.3054
20
178.2456
30
0
0
VERTEX
8
Visible
10
227.3148
20
178.2416
30
0
0
VERTEX
8
Visible
10
227.3240
20
178.2375
30
0
0
VERTEX
8
Visible
10
227.3331
20
178.2335
30
0
0
VERTEX
8
Visible
10
227.3420
20
178.2295
30
0
0
VERTEX
8
Visible
10
227.3509
20
178.2254
30
0
0
VERTEX
8
Visible
10
227.3595
20
178.2214
30
0
0
VERTEX
8
Visible
10
227.3681
20
178.2173
30
0
0
VERTEX
8
Visible
10
227.3764
20
178.2133
30
0
0
VERTEX
8
Visible
10
227.3847
20
178.2092
30
0
0
VERTEX
8
Visible
10
227.3928
20
178.2051
30
0
0
VERTEX
8
Visible
10
227.4007
20
178.2011
30
0
0
VERTEX
8
Visible
10
227.4085
20
178.1970
30
0
0
VERTEX
8
Visible
10
227.4161
20
178.1930
30
0
0
VERTEX
8
Visible
10
227.4236
20
178.1889
30
0
0
VERTEX
8
Visible
10
227.4309
20
178.1848
30
0
0
VERTEX
8
Visible
10
227.4381
20
178.1808
30
0
0
VERTEX
8
Visible
10
227.4451
20
178.1767
30
0
0
VERTEX
8
Visible
10
227.4519
20
178.1727
30
0
0
VERTEX
8
Visible
10
227.4586
20
178.1687
30
0
0
VERTEX
8
Visible
10
227.4651
20
178.1646
30
0
0
VERTEX
8
Visible
10
227.4714
20
178.1606
30
0
0
VERTEX
8
Visible
10
227.4776
20
178.1566
30
0
0
VERTEX
8
Visible
10
227.4836
20
178.1526
30
0
0
VERTEX
8
Visible
10
227.4894
20
178.1487
30
0
0
VERTEX
8
Visible
10
227.4950
20
178.1447
30
0
0
VERTEX
8
Visible
10
227.5005
20
178.1407
30
0
0
VERTEX
8
Visible
10
227.5058
20
178.1368
30
0
0
VERTEX
8
Visible
10
227.5110
20
178.1328
30
0
0
VERTEX
8
Visible
10
227.5160
20
178.1289
30
0
0
VERTEX
8
Visible
10
227.5208
20
178.1250
30
0
0
VERTEX
8
Visible
10
227.5254
20
178.1211
30
0
0
VERTEX
8
Visible
10
227.5298
20
178.1173
30
0
0
VERTEX
8
Visible
10
227.5341
20
178.1134
30
0
0
VERTEX
8
Visible
10
227.5382
20
178.1095
30
0
0
VERTEX
8
Visible
10
227.5422
20
178.1057
30
0
0
VERTEX
8
Visible
10
227.5459
20
178.1019
30
0
0
VERTEX
8
Visible
10
227.5495
20
178.0981
30
0
0
VERTEX
8
Visible
10
227.5529
20
178.0943
30
0
0
VERTEX
8
Visible
10
227.5561
20
178.0906
30
0
0
VERTEX
8
Visible
10
227.5592
20
178.0869
30
0
0
VERTEX
8
Visible
10
227.5621
20
178.0832
30
0
0
VERTEX
8
Visible
10
227.5647
20
178.0795
30
0
0
VERTEX
8
Visible
10
227.5672
20
178.0759
30
0
0
VERTEX
8
Visible
10
227.5696
20
178.0722
30
0
0
VERTEX
8
Visible
10
227.5717
20
178.0686
30
0
0
VERTEX
8
Visible
10
227.5737
20
178.0651
30
0
0
VERTEX
8
Visible
10
227.5755
20
178.0615
30
0
0
VERTEX
8
Visible
10
227.5771
20
178.0580
30
0
0
VERTEX
8
Visible
10
227.5785
20
178.0545
30
0
0
VERTEX
8
Visible
10
227.5798
20
178.0511
30
0
0
VERTEX
8
Visible
10
227.5808
20
178.0477
30
0
0
VERTEX
8
Visible
10
227.5817
20
178.0443
30
0
0
VERTEX
8
Visible
10
227.5825
20
178.0409
30
0
0
VERTEX
8
Visible
10
227.5830
20
178.0376
30
0
0
VERTEX
8
Visible
10
227.5834
20
178.0343
30
0
0
VERTEX
8
Visible
10
227.5836
20
178.0310
30
0
0
VERTEX
8
Visible
10
227.5836
20
178.0277
30
0
0
VERTEX
8
Visible
10
227.5834
20
178.0245
30
0
0
VERTEX
8
Visible
10
227.5831
20
178.0214
30
0
0
VERTEX
8
Visible
10
227.5826
20
178.0182
30
0
0
VERTEX
8
Visible
10
227.5819
20
178.0151
30
0
0
VERTEX
8
Visible
10
227.5810
20
178.0120
30
0
0
VERTEX
8
Visible
10
227.5799
20
178.0090
30
0
0
VERTEX
8
Visible
10
227.5787
20
178.0060
30
0
0
VERTEX
8
Visible
10
227.5773
20
178.0030
30
0
0
VERTEX
8
Visible
10
227.5758
20
178.0001
30
0
0
VERTEX
8
Visible
10
227.5740
20
177.9972
30
0
0
VERTEX
8
Visible
10
227.5721
20
177.9944
30
0
0
VERTEX
8
Visible
10
227.5700
20
177.9916
30
0
0
VERTEX
8
Visible
10
227.5678
20
177.9888
30
0
0
VERTEX
8
Visible
10
227.5654
20
177.9861
30
0
0
VERTEX
8
Visible
10
227.5628
20
177.9834
30
0
0
VERTEX
8
Visible
10
227.5600
20
177.9808
30
0
0
VERTEX
8
Visible
10
227.5571
20
177.9782
30
0
0
VERTEX
8
Visible
10
227.5540
20
177.9756
30
0
0
VERTEX
8
Visible
10
227.5507
20
177.9731
30
0
0
VERTEX
8
Visible
10
227.5473
20
177.9707
30
0
0
VERTEX
8
Visible
10
227.5437
20
177.9682
30
0
0
VERTEX
8
Visible
10
227.5400
20
177.9659
30
0
0
VERTEX
8
Visible
10
227.5360
20
177.9635
30
0
0
VERTEX
8
Visible
10
227.5320
20
177.9612
30
0
0
VERTEX
8
Visible
10
227.5277
20
177.9590
30
0
0
VERTEX
8
Visible
10
227.5233
20
177.9568
30
0
0
VERTEX
8
Visible
10
227.5188
20
177.9546
30
0
0
VERTEX
8
Visible
10
227.5141
20
177.9525
30
0
0
VERTEX
8
Visible
10
227.5092
20
177.9505
30
0
0
VERTEX
8
Visible
10
227.5041
20
177.9485
30
0
0
VERTEX
8
Visible
10
227.4989
20
177.9465
30
0
0
VERTEX
8
Visible
10
227.4936
20
177.9446
30
0
0
VERTEX
8
Visible
10
227.4881
20
177.9427
30
0
0
VERTEX
8
Visible
10
227.4824
20
177.9409
30
0
0
VERTEX
8
Visible
10
227.4766
20
177.9391
30
0
0
VERTEX
8
Visible
10
227.4707
20
177.9374
30
0
0
VERTEX
8
Visible
10
227.4645
20
177.9357
30
0
0
SEQEND
8
Visible
0
ARC
8
Visible
10
250.9846
20
224.1520
30
0
40
57.2061
50
227.4418
51
228.9747
0
POLYLINE
8
Visible
66
1
70
0
10
0
20
0
30
0
0
VERTEX
8
Visible
10
236.1302
20
171.8245
30
0
0
VERTEX
8
Visible
10
236.1226
20
171.8312
30
0
0
VERTEX
8
Visible
10
236.1153
20
171.8379
30
0
0
VERTEX
8
Visible
10
236.1083
20
171.8446
30
0
0
VERTEX
8
Visible
10
236.1016
20
171.8512
30
0
0
VERTEX
8
Visible
10
236.0952
20
171.8579
30
0
0
VERTEX
8
Visible
10
236.0891
20
171.8646
30
0
0
VERTEX
8
Visible
10
236.0833
20
171.8712
30
0
0
VERTEX
8
Visible
10
236.0778
20
171.8778
30
0
0
VERTEX
8
Visible
10
236.0726
20
171.8844
30
0
0
VERTEX
8
Visible
10
236.0677
20
171.8910
30
0
0
VERTEX
8
Visible
10
236.0632
20
171.8976
30
0
0
VERTEX
8
Visible
10
236.0589
20
171.9041
30
0
0
VERTEX
8
Visible
10
236.0550
20
171.9106
30
0
0
VERTEX
8
Visible
10
236.0513
20
171.9171
30
0
0
VERTEX
8
Visible
10
236.0480
20
171.9235
30
0
0
VERTEX
8
Visible
10
236.0451
20
171.9299
30
0
0
VERTEX
8
Visible
10
236.0424
20
171.9363
30
0
0
VERTEX
8
Visible
10
236.0401
20
171.9427
30
0
0
VERTEX
8
Visible
10
236.0381
20
171.9490
30
0
0
VERTEX
8
Visible
10
236.0364
20
171.9553
30
0
0
VERTEX
8
Visible
10
236.0351
20
171.9615
30
0
0
VERTEX
8
Visible
10
236.0341
20
171.9677
30
0
0
VERTEX
8
Visible
10
236.0334
20
171.9739
30
0
0
VERTEX
8
Visible
10
236.0331
20
171.9800
30
0
0
VERTEX
8
Visible
10
236.0331
20
171.9860
30
0
0
VERTEX
8
Visible
10
236.0335
20
171.9921
30
0
0
VERTEX
8
Visible
10
236.0342
20
171.9980
30
0
0
VERTEX
8
Visible
10
236.0353
20
172.0039
30
0
0
VERTEX
8
Visible
10
236.0367
20
172.0098
30
0
0
VERTEX
8
Visible
10
236.0384
20
172.0156
30
0
0
VERTEX
8
Visible
10
236.0405
20
172.0214
30
0
0
VERTEX
8
Visible
10
236.0429
20
172.0271
30
0
0
VERTEX
8
Visible
10
236.0456
20
172.0328
30
0
0
VERTEX
8
Visible
10
236.0487
20
172.0384
30
0
0
VERTEX
8
Visible
10
236.0520
20
172.0439
30
0
0
VERTEX
8
Visible
10
236.0557
20
172.0494
30
0
0
VERTEX
8
Visible
10
236.0597
20
172.0549
30
0
0
VERTEX
8
Visible
10
236.0640
20
172.0603
30
0
0
VERTEX
8
Visible
10
236.0686
20
172.0656
30
0
0
VERTEX
8
Visible
10
236.0734
20
172.0709
30
0
0
VERTEX
8
Visible
10
236.0786
20
172.0761
30
0
0
VERTEX
8
Visible
10
236.0841
20
172.0813
30
0
0
VERTEX
8
Visible
10
236.0899
20
172.0864
30
0
0
VERTEX
8
Visible
10
236.0959
20
172.0914
30
0
0
VERTEX
8
Visible
10
236.1022
20
172.0964
30
0
0
VERTEX
8
Visible
10
236.1088
20
172.1013
30
0
0
VERTEX
8
Visible
10
236.1157
20
172.1062
30
0
0
VERTEX
8
Visible
10
236.1228
20
172.1110
30
0
0
VERTEX
8
Visible
10
236.1302
20
172.1158
30
0
0
VERTEX
8
Visible
10
236.1379
20
172.1204
30
0
0
VERTEX
8
Visible
10
236.1458
20
172.1251
30
0
0
VERTEX
8
Visible
10
236.1540
20
172.1296
30
0
0
VERTEX
8
Visible
10
236.1624
20
172.1341
30
0
0
VERTEX
8
Visible
10
236.1710
20
172.1385
30
0
0
VERTEX
8
Visible
10
236.1800
20
172.1429
30
0
0
VERTEX
8
Visible
10
236.1891
20
172.1471
30
0
0
VERTEX
8
Visible
10
236.1985
20
172.1514
30
0
0
VERTEX
8
Visible
10
236.2082
20
172.1556
30
0
0
VERTEX
8
Visible
10
236.2183
20
172.1598
30
0
0
VERTEX
8
Visible
10
236.2286
20
172.1639
30
0
0
VERTEX
8
Visible
10
236.2393
20
172.1680
30
0
0
VERTEX
8
Visible
10
236.2502
20
172.1721
30
0
0
VERTEX
8
Visible
10
236.2614
20
172.1761
30
0
0
VERTEX
8
Visible
10
236.2730
20
172.1802
30
0
0
VERTEX
8
Visible
10
236.2848
20
172.1841
30
0
0
VERTEX
8
Visible
10
236.2969
20
172.1881
30
0
0
VERTEX
8
Visible
10
236.3093
20
172.1920
30
0
0
VERTEX
8
Visible
10
236.3220
20
172.1958
30
0
0
VERTEX
8
Visible
10
236.3349
20
172.1997
30
0
0
VERTEX
8
Visible
10
236.3482
20
172.2035
30
0
0
VERTEX
8
Visible
10
236.3617
20
172.2072
30
0
0
VERTEX
8
Visible
10
236.3755
20
172.2109
30
0
0
VERTEX
8
Visible
10
236.3895
20
172.2146
30
0
0
VERTEX
8
Visible
10
236.4039
20
172.2182
30
0
0
VERTEX
8
Visible
10
236.4185
20
172.2218
30
0
0
VERTEX
8
Visible
10
236.4333
20
172.2254
30
0
0
VERTEX
8
Visible
10
236.4485
20
172.2289
30
0
0
VERTEX
8
Visible
10
236.4638
20
172.2324
30
0
0
VERTEX
8
Visible
10
236.4795
20
172.2358
30
0
0
VERTEX
8
Visible
10
236.4954
20
172.2392
30
0
0
VERTEX
8
Visible
10
236.5115
20
172.2425
30
0
0
VERTEX
8
Visible
10
236.5279
20
172.2458
30
0
0
VERTEX
8
Visible
10
236.5446
20
172.2491
30
0
0
VERTEX
8
Visible
10
236.5614
20
172.2523
30
0
0
VERTEX
8
Visible
10
236.5786
20
172.2554
30
0
0
VERTEX
8
Visible
10
236.5959
20
172.2586
30
0
0
VERTEX
8
Visible
10
236.6135
20
172.2616
30
0
0
VERTEX
8
Visible
10
236.6314
20
172.2646
30
0
0
VERTEX
8
Visible
10
236.6494
20
172.2676
30
0
0
VERTEX
8
Visible
10
236.6677
20
172.2705
30
0
0
VERTEX
8
Visible
10
236.6863
20
172.2734
30
0
0
VERTEX
8
Visible
10
236.7050
20
172.2763
30
0
0
VERTEX
8
Visible
10
236.7239
20
172.2790
30
0
0
VERTEX
8
Visible
10
236.7431
20
172.2818
30
0
0
VERTEX
8
Visible
10
236.7625
20
172.2845
30
0
0
VERTEX
8
Visible
10
236.7820
20
172.2871
30
0
0
VERTEX
8
Visible
10
236.8017
20
172.2897
30
0
0
VERTEX
8
Visible
10
236.8216
20
172.2923
30
0
0
VERTEX
8
Visible
10
236.8417
20
172.2948
30
0
0
VERTEX
8
Visible
10
236.8619
20
172.2972
30
0
0
VERTEX
8
Visible
10
236.8823
20
172.2996
30
0
0
VERTEX
8
Visible
10
236.9029
20
172.3020
30
0
0
VERTEX
8
Visible
10
236.9236
20
172.3043
30
0
0
VERTEX
8
Visible
10
236.9445
20
172.3066
30
0
0
VERTEX
8
Visible
10
236.9654
20
172.3088
30
0
0
VERTEX
8
Visible
10
236.9865
20
172.3110
30
0
0
VERTEX
8
Visible
10
237.0078
20
172.3131
30
0
0
VERTEX
8
Visible
10
237.0291
20
172.3152
30
0
0
VERTEX
8
Visible
10
237.0506
20
172.3172
30
0
0
VERTEX
8
Visible
10
237.0721
20
172.3192
30
0
0
VERTEX
8
Visible
10
237.0938
20
172.3212
30
0
0
VERTEX
8
Visible
10
237.1155
20
172.3231
30
0
0
VERTEX
8
Visible
10
237.1373
20
172.3249
30
0
0
VERTEX
8
Visible
10
237.1592
20
172.3267
30
0
0
VERTEX
8
Visible
10
237.1812
20
172.3285
30
0
0
VERTEX
8
Visible
10
237.2033
20
172.3302
30
0
0
VERTEX
8
Visible
10
237.2254
20
172.3319
30
0
0
VERTEX
8
Visible
10
237.2475
20
172.3335
30
0
0
VERTEX
8
Visible
10
237.2697
20
172.3351
30
0
0
VERTEX
8
Visible
10
237.2919
20
172.3366
30
0
0
VERTEX
8
Visible
10
237.3142
20
172.3381
30
0
0
VERTEX
8
Visible
10
237.3365
20
172.3395
30
0
0
VERTEX
8
Visible
10
237.3588
20
172.3409
30
0
0
VERTEX
8
Visible
10
237.3814
20
172.3422
30
0
0
VERTEX
8
Visible
10
237.4041
20
172.3435
30
0
0
VERTEX
8
Visible
10
237.4270
20
172.3448
30
0
0
VERTEX
8
Visible
10
237.4501
20
172.3461
30
0
0
VERTEX
8
Visible
10
237.4734
20
172.3473
30
0
0
VERTEX
8
Visible
10
237.4969
20
172.3484
30
0
0
VERTEX
8
Visible
10
237.5206
20
172.3495
30
0
0
VERTEX
8
Visible
10
237.5444
20
172.3506
30
0
0
VERTEX
8
Visible
10
237.5684
20
172.3517
30
0
0
VERTEX
8
Visible
10
237.5925
20
172.3527
30
0
0
VERTEX
8
Visible
10
237.6168
20
172.3537
30
0
0
VERTEX
8
Visible
10
237.6412
20
172.3546
30
0
0
VERTEX
8
Visible
10
237.6657
20
172.3555
30
0
0
VERTEX
8
Visible
10
237.6904
20
172.3563
30
0
0
VERTEX
8
Visible
10
237.7152
20
172.3571
30
0
0
VERTEX
8
Visible
10
237.7402
20
172.3578
30
0
0
VERTEX
8
Visible
10
237.7652
20
172.3585
30
0
0
VERTEX
8
Visible
10
237.7904
20
172.3592
30
0
0
VERTEX
8
Visible
10
237.8156
20
172.3598
30
0
0
VERTEX
8
Visible
10
237.8410
20
172.3604
30
0
0
VERTEX
8
Visible
10
237.8665
20
172.3609
30
0
0
VERTEX
8
Visible
10
237.8920
20
172.3613
30
0
0
VERTEX
8
Visible
10
237.9176
20
172.3618
30
0
0
VERTEX
8
Visible
10
237.9433
20
172.3621
30
0
0
VERTEX
8
Visible
10
237.9691
20
172.3625
30
0
0
VERTEX
8
Visible
10
237.9949
20
172.3627
30
0
0
VERTEX
8
Visible
10
238.0207
20
172.3629
30
0
0
VERTEX
8
Visible
10
238.0467
20
172.3631
30
0
0
VERTEX
8
Visible
10
238.0727
20
172.3632
30
0
0
VERTEX
8
Visible
10
238.0987
20
172.3633
30
0
0
VERTEX
8
Visible
10
238.1247
20
172.3633
30
0
0
VERTEX
8
Visible
10
238.1508
20
172.3632
30
0
0
VERTEX
8
Visible
10
238.1769
20
172.3631
30
0
0
VERTEX
8
Visible
10
238.2030
20
172.3629
30
0
0
VERTEX
8
Visible
10
238.2291
20
172.3627
30
0
0
VERTEX
8
Visible
10
238.2553
20
172.3624
30
0
0
VERTEX
8
Visible
10
238.2814
20
172.3621
30
0
0
VERTEX
8
Visible
10
238.3075
20
172.3617
30
0
0
VERTEX
8
Visible
10
238.3336
20
172.3612
30
0
0
VERTEX
8
Visible
10
238.3597
20
172.3607
30
0
0
VERTEX
8
Visible
10
238.3858
20
172.3601
30
0
0
VERTEX
8
Visible
10
238.4118
20
172.3595
30
0
0
VERTEX
8
Visible
10
238.4378
20
172.3588
30
0
0
VERTEX
8
Visible
10
238.4638
20
172.3581
30
0
0
VERTEX
8
Visible
10
238.4897
20
172.3573
30
0
0
VERTEX
8
Visible
10
238.5155
20
172.3564
30
0
0
VERTEX
8
Visible
10
238.5413
20
172.3555
30
0
0
VERTEX
8
Visible
10
238.5670
20
172.3545
30
0
0
VERTEX
8
Visible
10
238.5927
20
172.3534
30
0
0
VERTEX
8
Visible
10
238.6182
20
172.3523
30
0
0
VERTEX
8
Visible
10
238.6437
20
172.3511
30
0
0
VERTEX
8
Visible
10
238.6691
20
172.3499
30
0
0
VERTEX
8
Visible
10
238.6944
20
172.3486
30
0
0
VERTEX
8
Visible
10
238.7196
20
172.3473
30
0
0
VERTEX
8
Visible
10
238.7447
20
172.3458
30
0
0
VERTEX
8
Visible
10
238.7696
20
172.3444
30
0
0
VERTEX
8
Visible
10
238.7945
20
172.3428
30
0
0
VERTEX
8
Visible
10
238.8192
20
172.3412
30
0
0
VERTEX
8
Visible
10
238.8437
20
172.3396
30
0
0
VERTEX
8
Visible
10
238.8682
20
172.3378
30
0
0
VERTEX
8
Visible
10
238.8925
20
172.3361
30
0
0
VERTEX
8
Visible
10
238.9166
20
172.3342
30
0
0
VERTEX
8
Visible
10
238.9406
20
172.3323
30
0
0
VERTEX
8
Visible
10
238.9644
20
172.3303
30
0
0
VERTEX
8
Visible
10
238.9881
20
172.3283
30
0
0
VERTEX
8
Visible
10
239.0115
20
172.3262
30
0
0
VERTEX
8
Visible
10
239.0348
20
172.3240
30
0
0
VERTEX
8
Visible
10
239.0581
20
172.3218
30
0
0
VERTEX
8
Visible
10
239.0813
20
172.3194
30
0
0
VERTEX
8
Visible
10
239.1045
20
172.3170
30
0
0
VERTEX
8
Visible
10
239.1277
20
172.3145
30
0
0
VERTEX
8
Visible
10
239.1508
20
172.3120
30
0
0
VERTEX
8
Visible
10
239.1739
20
172.3093
30
0
0
VERTEX
8
Visible
10
239.1970
20
172.3066
30
0
0
VERTEX
8
Visible
10
239.2199
20
172.3037
30
0
0
VERTEX
8
Visible
10
239.2428
20
172.3008
30
0
0
VERTEX
8
Visible
10
239.2657
20
172.2978
30
0
0
VERTEX
8
Visible
10
239.2884
20
172.2947
30
0
0
VERTEX
8
Visible
10
239.3110
20
172.2916
30
0
0
VERTEX
8
Visible
10
239.3335
20
172.2883
30
0
0
VERTEX
8
Visible
10
239.3559
20
172.2850
30
0
0
VERTEX
8
Visible
10
239.3782
20
172.2815
30
0
0
VERTEX
8
Visible
10
239.4003
20
172.2780
30
0
0
VERTEX
8
Visible
10
239.4223
20
172.2744
30
0
0
VERTEX
8
Visible
10
239.4441
20
172.2707
30
0
0
VERTEX
8
Visible
10
239.4658
20
172.2669
30
0
0
VERTEX
8
Visible
10
239.4873
20
172.2631
30
0
0
VERTEX
8
Visible
10
239.5086
20
172.2591
30
0
0
VERTEX
8
Visible
10
239.5297
20
172.2551
30
0
0
VERTEX
8
Visible
10
239.5506
20
172.2509
30
0
0
VERTEX
8
Visible
10
239.5713
20
172.2467
30
0
0
VERTEX
8
Visible
10
239.5917
20
172.2424
30
0
0
VERTEX
8
Visible
10
239.6120
20
172.2380
30
0
0
VERTEX
8
Visible
10
239.6320
20
172.2335
30
0
0
VERTEX
8
Visible
10
239.6518
20
172.2290
30
0
0
VERTEX
8
Visible
10
239.6713
20
172.2243
30
0
0
VERTEX
8
Visible
10
239.6905
20
172.2195
30
0
0
VERTEX
8
Visible
10
239.7095
20
172.2147
30
0
0
VERTEX
8
Visible
10
239.7282
20
172.2098
30
0
0
VERTEX
8
Visible
10
239.7466
20
172.2047
30
0
0
VERTEX
8
Visible
10
239.7647
20
172.1996
30
0
0
VERTEX
8
Visible
10
239.7826
20
172.1944
30
0
0
VERTEX
8
Visible
10
239.8001
20
172.1891
30
0
0
VERTEX
8
Visible
10
239.8173
20
172.1838
30
0
0
VERTEX
8
Visible
10
239.8343
20
172.1783
30
0
0
VERTEX
8
Visible
10
239.8509
20
172.1728
30
0
0
VERTEX
8
Visible
10
239.8673
20
172.1672
30
0
0
VERTEX
8
Visible
10
239.8833
20
172.1616
30
0
0
VERTEX
8
Visible
10
239.8990
20
172.1558
30
0
0
VERTEX
8
Visible
10
239.9144
20
172.1500
30
0
0
VERTEX
8
Visible
10
239.9295
20
172.1441
30
0
0
VERTEX
8
Visible
10
239.9443
20
172.1382
30
0
0
VERTEX
8
Visible
10
239.9587
20
172.1322
30
0
0
VERTEX
8
Visible
10
239.9728
20
172.1261
30
0
0
VERTEX
8
Visible
10
239.9866
20
172.1200
30
0
0
VERTEX
8
Visible
10
240.0001
20
172.1138
30
0
0
VERTEX
8
Visible
10
240.0132
20
172.1076
30
0
0
VERTEX
8
Visible
10
240.0260
20
172.1013
30
0
0
VERTEX
8
Visible
10
240.0384
20
172.0950
30
0
0
VERTEX
8
Visible
10
240.0505
20
172.0886
30
0
0
VERTEX
8
Visible
10
240.0622
20
172.0822
30
0
0
VERTEX
8
Visible
10
240.0735
20
172.0757
30
0
0
VERTEX
8
Visible
10
240.0846
20
172.0692
30
0
0
VERTEX
8
Visible
10
240.0952
20
172.0626
30
0
0
VERTEX
8
Visible
10
240.1055
20
172.0560
30
0
0
VERTEX
8
Visible
10
240.1154
20
172.0494
30
0
0
VERTEX
8
Visible
10
240.1250
20
172.0427
30
0
0
VERTEX
8
Visible
10
240.1342
20
172.0360
30
0
0
VERTEX
8
Visible
10
240.1431
20
172.0292
30
0
0
SEQEND
8
Visible
0
LINE
8
Visible
10
248.3638
20
176.8060
30
0
11
249.5786
21
176.3152
31
0
0
POLYLINE
8
Visible
66
1
70
0
10
0
20
0
30
0
0
VERTEX
8
Visible
10
248.3638
20
176.8060
30
0
0
VERTEX
8
Visible
10
248.4706
20
176.8938
30
0
0
VERTEX
8
Visible
10
248.5768
20
176.9824
30
0
0
VERTEX
8
Visible
10
248.6825
20
177.0717
30
0
0
VERTEX
8
Visible
10
248.7876
20
177.1618
30
0
0
VERTEX
8
Visible
10
248.8922
20
177.2527
30
0
0
VERTEX
8
Visible
10
248.9962
20
177.3442
30
0
0
VERTEX
8
Visible
10
249.0996
20
177.4366
30
0
0
VERTEX
8
Visible
10
249.2025
20
177.5297
30
0
0
VERTEX
8
Visible
10
249.3047
20
177.6235
30
0
0
VERTEX
8
Visible
10
249.4064
20
177.7181
30
0
0
VERTEX
8
Visible
10
249.5075
20
177.8133
30
0
0
VERTEX
8
Visible
10
249.6079
20
177.9093
30
0
0
VERTEX
8
Visible
10
249.7078
20
178.0061
30
0
0
VERTEX
8
Visible
10
249.8071
20
178.1035
30
0
0
VERTEX
8
Visible
10
249.9057
20
178.2017
30
0
0
VERTEX
8
Visible
10
250.0038
20
178.3005
30
0
0
SEQEND
8
Visible
0
LINE
8
Visible
10
245.6001
20
180.0797
30
0
11
250.0038
21
178.3005
31
0
0
LINE
8
Visible
10
245.6001
20
180.0797
30
0
11
242.3467
21
181.3942
31
0
0
LINE
8
Visible
10
257.1890
20
182.4079
30
0
11
257.7509
21
183.7987
31
0
0
POLYLINE
8
Visible
66
1
70
0
10
0
20
0
30
0
0
VERTEX
8
Visible
10
256.5539
20
179.1594
30
0
0
VERTEX
8
Visible
10
255.4941
20
177.7314
30
0
0
VERTEX
8
Visible
10
254.3655
20
176.4568
30
0
0
VERTEX
8
Visible
10
253.2024
20
175.3406
30
0
0
VERTEX
8
Visible
10
252.0393
20
174.3864
30
0
0
VERTEX
8
Visible
10
250.9035
20
173.5833
30
0
0
VERTEX
8
Visible
10
249.8077
20
172.9142
30
0
0
VERTEX
8
Visible
10
248.7633
20
172.3626
30
0
0
VERTEX
8
Visible
10
247.7816
20
171.9121
30
0
0
VERTEX
8
Visible
10
246.8675
20
171.5445
30
0
0
VERTEX
8
Visible
10
246.0177
20
171.2471
30
0
0
VERTEX
8
Visible
10
245.2289
20
171.0102
30
0
0
VERTEX
8
Visible
10
244.4978
20
170.8241
30
0
0
VERTEX
8
Visible
10
243.8213
20
170.6788
30
0
0
VERTEX
8
Visible
10
243.1961
20
170.5646
30
0
0
VERTEX
8
Visible
10
242.6170
20
170.4732
30
0
0
VERTEX
8
Visible
10
242.0791
20
170.4015
30
0
0
VERTEX
8
Visible
10
241.5796
20
170.3475
30
0
0
VERTEX
8
Visible
10
241.1157
20
170.3091
30
0
0
VERTEX
8
Visible
10
240.6845
20
170.2842
30
0
0
VERTEX
8
Visible
10
240.2832
20
170.2708
30
0
0
VERTEX
8
Visible
10
239.9090
20
170.2667
30
0
0
VERTEX
8
Visible
10
239.5591
20
170.2698
30
0
0
VERTEX
8
Visible
10
239.2306
20
170.2782
30
0
0
VERTEX
8
Visible
10
238.9208
20
170.2897
30
0
0
VERTEX
8
Visible
10
238.6270
20
170.3028
30
0
0
VERTEX
8
Visible
10
238.3477
20
170.3181
30
0
0
VERTEX
8
Visible
10
238.0823
20
170.3355
30
0
0
VERTEX
8
Visible
10
237.8301
20
170.3548
30
0
0
VERTEX
8
Visible
10
237.5904
20
170.3758
30
0
0
VERTEX
8
Visible
10
237.3623
20
170.3984
30
0
0
VERTEX
8
Visible
10
237.1454
20
170.4224
30
0
0
VERTEX
8
Visible
10
236.9387
20
170.4477
30
0
0
VERTEX
8
Visible
10
236.7416
20
170.4740
30
0
0
VERTEX
8
Visible
10
236.5534
20
170.5012
30
0
0
VERTEX
8
Visible
10
236.3734
20
170.5292
30
0
0
VERTEX
8
Visible
10
236.2009
20
170.5577
30
0
0
VERTEX
8
Visible
10
236.0351
20
170.5867
30
0
0
VERTEX
8
Visible
10
235.8753
20
170.6159
30
0
0
VERTEX
8
Visible
10
235.7209
20
170.6452
30
0
0
VERTEX
8
Visible
10
235.5710
20
170.6745
30
0
0
VERTEX
8
Visible
10
235.4250
20
170.7035
30
0
0
VERTEX
8
Visible
10
235.2823
20
170.7320
30
0
0
VERTEX
8
Visible
10
235.1427
20
170.7605
30
0
0
VERTEX
8
Visible
10
235.0063
20
170.7888
30
0
0
VERTEX
8
Visible
10
234.8730
20
170.8172
30
0
0
VERTEX
8
Visible
10
234.7427
20
170.8455
30
0
0
VERTEX
8
Visible
10
234.6153
20
170.8738
30
0
0
VERTEX
8
Visible
10
234.4907
20
170.9020
30
0
0
VERTEX
8
Visible
10
234.3687
20
170.9302
30
0
0
VERTEX
8
Visible
10
234.2493
20
170.9584
30
0
0
VERTEX
8
Visible
10
234.1324
20
170.9866
30
0
0
VERTEX
8
Visible
10
234.0178
20
171.0148
30
0
0
VERTEX
8
Visible
10
233.9055
20
171.0429
30
0
0
VERTEX
8
Visible
10
233.7954
20
171.0711
30
0
0
VERTEX
8
Visible
10
233.6872
20
171.0992
30
0
0
VERTEX
8
Visible
10
233.5810
20
171.1273
30
0
0
VERTEX
8
Visible
10
233.4767
20
171.1555
30
0
0
VERTEX
8
Visible
10
233.3740
20
171.1836
30
0
0
VERTEX
8
Visible
10
233.2730
20
171.2117
30
0
0
VERTEX
8
Visible
10
233.1734
20
171.2398
30
0
0
VERTEX
8
Visible
10
233.0753
20
171.2680
30
0
0
VERTEX
8
Visible
10
232.9784
20
171.2961
30
0
0
VERTEX
8
Visible
10
232.8828
20
171.3243
30
0
0
VERTEX
8
Visible
10
232.7882
20
171.3525
30
0
0
VERTEX
8
Visible
10
232.6946
20
171.3807
30
0
0
VERTEX
8
Visible
10
232.6019
20
171.4090
30
0
0
VERTEX
8
Visible
10
232.5099
20
171.4373
30
0
0
VERTEX
8
Visible
10
232.4186
20
171.4656
30
0
0
VERTEX
8
Visible
10
232.3278
20
171.4939
30
0
0
VERTEX
8
Visible
10
232.2375
20
171.5223
30
0
0
VERTEX
8
Visible
10
232.1476
20
171.5507
30
0
0
VERTEX
8
Visible
10
232.0578
20
171.5791
30
0
0
VERTEX
8
Visible
10
231.9682
20
171.6077
30
0
0
VERTEX
8
Visible
10
231.8788
20
171.6362
30
0
0
VERTEX
8
Visible
10
231.7897
20
171.6649
30
0
0
VERTEX
8
Visible
10
231.7009
20
171.6937
30
0
0
VERTEX
8
Visible
10
231.6123
20
171.7226
30
0
0
VERTEX
8
Visible
10
231.5241
20
171.7515
30
0
0
VERTEX
8
Visible
10
231.4361
20
171.7806
30
0
0
VERTEX
8
Visible
10
231.3484
20
171.8098
30
0
0
VERTEX
8
Visible
10
231.2609
20
171.8390
30
0
0
VERTEX
8
Visible
10
231.1736
20
171.8684
30
0
0
VERTEX
8
Visible
10
231.0866
20
171.8979
30
0
0
VERTEX
8
Visible
10
230.9999
20
171.9274
30
0
0
VERTEX
8
Visible
10
230.9133
20
171.9571
30
0
0
VERTEX
8
Visible
10
230.8269
20
171.9869
30
0
0
VERTEX
8
Visible
10
230.7408
20
172.0168
30
0
0
VERTEX
8
Visible
10
230.6548
20
172.0468
30
0
0
VERTEX
8
Visible
10
230.5691
20
172.0769
30
0
0
VERTEX
8
Visible
10
230.4835
20
172.1071
30
0
0
VERTEX
8
Visible
10
230.3981
20
172.1374
30
0
0
VERTEX
8
Visible
10
230.3128
20
172.1678
30
0
0
VERTEX
8
Visible
10
230.2277
20
172.1983
30
0
0
VERTEX
8
Visible
10
230.1428
20
172.2290
30
0
0
VERTEX
8
Visible
10
230.0580
20
172.2597
30
0
0
VERTEX
8
Visible
10
229.9733
20
172.2906
30
0
0
VERTEX
8
Visible
10
229.8888
20
172.3216
30
0
0
VERTEX
8
Visible
10
229.8044
20
172.3527
30
0
0
VERTEX
8
Visible
10
229.7200
20
172.3839
30
0
0
VERTEX
8
Visible
10
229.6358
20
172.4152
30
0
0
VERTEX
8
Visible
10
229.5517
20
172.4466
30
0
0
VERTEX
8
Visible
10
229.4677
20
172.4782
30
0
0
VERTEX
8
Visible
10
229.3837
20
172.5099
30
0
0
VERTEX
8
Visible
10
229.2998
20
172.5417
30
0
0
VERTEX
8
Visible
10
229.2160
20
172.5736
30
0
0
VERTEX
8
Visible
10
229.1322
20
172.6056
30
0
0
VERTEX
8
Visible
10
229.0485
20
172.6378
30
0
0
VERTEX
8
Visible
10
228.9648
20
172.6701
30
0
0
VERTEX
8
Visible
10
228.8812
20
172.7025
30
0
0
VERTEX
8
Visible
10
228.7976
20
172.7350
30
0
0
VERTEX
8
Visible
10
228.7140
20
172.7677
30
0
0
VERTEX
8
Visible
10
228.6303
20
172.8005
30
0
0
VERTEX
8
Visible
10
228.5467
20
172.8334
30
0
0
VERTEX
8
Visible
10
228.4631
20
172.8664
30
0
0
VERTEX
8
Visible
10
228.3795
20
172.8996
30
0
0
VERTEX
8
Visible
10
228.2959
20
172.9329
30
0
0
VERTEX
8
Visible
10
228.2122
20
172.9663
30
0
0
VERTEX
8
Visible
10
228.1285
20
172.9999
30
0
0
VERTEX
8
Visible
10
228.0447
20
173.0336
30
0
0
VERTEX
8
Visible
10
227.9609
20
173.0674
30
0
0
VERTEX
8
Visible
10
227.8770
20
173.1014
30
0
0
VERTEX
8
Visible
10
227.7931
20
173.1354
30
0
0
VERTEX
8
Visible
10
227.7090
20
173.1697
30
0
0
VERTEX
8
Visible
10
227.6249
20
173.2040
30
0
0
VERTEX
8
Visible
10
227.5407
20
173.2385
30
0
0
VERTEX
8
Visible
10
227.4564
20
173.2732
30
0
0
VERTEX
8
Visible
10
227.3720
20
173.3080
30
0
0
VERTEX
8
Visible
10
227.2874
20
173.3429
30
0
0
VERTEX
8
Visible
10
227.2028
20
173.3780
30
0
0
VERTEX
8
Visible
10
227.1180
20
173.4132
30
0
0
VERTEX
8
Visible
10
227.0331
20
173.4485
30
0
0
VERTEX
8
Visible
10
226.9481
20
173.4840
30
0
0
VERTEX
8
Visible
10
226.8631
20
173.5196
30
0
0
VERTEX
8
Visible
10
226.7781
20
173.5553
30
0
0
VERTEX
8
Visible
10
226.6930
20
173.5911
30
0
0
VERTEX
8
Visible
10
226.6079
20
173.6271
30
0
0
VERTEX
8
Visible
10
226.5228
20
173.6631
30
0
0
VERTEX
8
Visible
10
226.4376
20
173.6993
30
0
0
VERTEX
8
Visible
10
226.3525
20
173.7356
30
0
0
VERTEX
8
Visible
10
226.2673
20
173.7720
30
0
0
VERTEX
8
Visible
10
226.1821
20
173.8085
30
0
0
VERTEX
8
Visible
10
226.0969
20
173.8452
30
0
0
VERTEX
8
Visible
10
226.0116
20
173.8819
30
0
0
VERTEX
8
Visible
10
225.9264
20
173.9188
30
0
0
VERTEX
8
Visible
10
225.8411
20
173.9557
30
0
0
VERTEX
8
Visible
10
225.7559
20
173.9928
30
0
0
VERTEX
8
Visible
10
225.6706
20
174.0299
30
0
0
VERTEX
8
Visible
10
225.5854
20
174.0672
30
0
0
VERTEX
8
Visible
10
225.5001
20
174.1046
30
0
0
VERTEX
8
Visible
10
225.4149
20
174.1421
30
0
0
VERTEX
8
Visible
10
225.3296
20
174.1796
30
0
0
VERTEX
8
Visible
10
225.2444
20
174.2173
30
0
0
VERTEX
8
Visible
10
225.1592
20
174.2551
30
0
0
VERTEX
8
Visible
10
225.0740
20
174.2929
30
0
0
VERTEX
8
Visible
10
224.9888
20
174.3309
30
0
0
VERTEX
8
Visible
10
224.9037
20
174.3689
30
0
0
VERTEX
8
Visible
10
224.8186
20
174.4071
30
0
0
VERTEX
8
Visible
10
224.7334
20
174.4453
30
0
0
VERTEX
8
Visible
10
224.6484
20
174.4836
30
0
0
VERTEX
8
Visible
10
224.5633
20
174.5221
30
0
0
VERTEX
8
Visible
10
224.4783
20
174.5605
30
0
0
VERTEX
8
Visible
10
224.3934
20
174.5991
30
0
0
VERTEX
8
Visible
10
224.3084
20
174.6378
30
0
0
VERTEX
8
Visible
10
224.2235
20
174.6766
30
0
0
VERTEX
8
Visible
10
224.1387
20
174.7154
30
0
0
VERTEX
8
Visible
10
224.0539
20
174.7543
30
0
0
VERTEX
8
Visible
10
223.9692
20
174.7933
30
0
0
VERTEX
8
Visible
10
223.8845
20
174.8324
30
0
0
VERTEX
8
Visible
10
223.7998
20
174.8715
30
0
0
VERTEX
8
Visible
10
223.7153
20
174.9107
30
0
0
VERTEX
8
Visible
10
223.6307
20
174.9500
30
0
0
VERTEX
8
Visible
10
223.5463
20
174.9894
30
0
0
VERTEX
8
Visible
10
223.4619
20
175.0288
30
0
0
VERTEX
8
Visible
10
223.3776
20
175.0684
30
0
0
VERTEX
8
Visible
10
223.2933
20
175.1079
30
0
0
VERTEX
8
Visible
10
223.2091
20
175.1476
30
0
0
VERTEX
8
Visible
10
223.1251
20
175.1873
30
0
0
VERTEX
8
Visible
10
223.0411
20
175.2270
30
0
0
VERTEX
8
Visible
10
222.9572
20
175.2669
30
0
0
VERTEX
8
Visible
10
222.8734
20
175.3067
30
0
0
VERTEX
8
Visible
10
222.7897
20
175.3467
30
0
0
VERTEX
8
Visible
10
222.7061
20
175.3867
30
0
0
VERTEX
8
Visible
10
222.6226
20
175.4267
30
0
0
VERTEX
8
Visible
10
222.5392
20
175.4668
30
0
0
VERTEX
8
Visible
10
222.4559
20
175.5070
30
0
0
VERTEX
8
Visible
10
222.3727
20
175.5472
30
0
0
VERTEX
8
Visible
10
222.2896
20
175.5875
30
0
0
VERTEX
8
Visible
10
222.2066
20
175.6279
30
0
0
VERTEX
8
Visible
10
222.1237
20
175.6683
30
0
0
VERTEX
8
Visible
10
222.0409
20
175.7087
30
0
0
VERTEX
8
Visible
10
221.9582
20
175.7493
30
0
0
VERTEX
8
Visible
10
221.8756
20
175.7899
30
0
0
VERTEX
8
Visible
10
221.7931
20
175.8305
30
0
0
VERTEX
8
Visible
10
221.7107
20
175.8712
30
0
0
VERTEX
8
Visible
10
221.6284
20
175.9120
30
0
0
VERTEX
8
Visible
10
221.5463
20
175.9528
30
0
0
VERTEX
8
Visible
10
221.4642
20
175.9937
30
0
0
VERTEX
8
Visible
10
221.3823
20
176.0347
30
0
0
VERTEX
8
Visible
10
221.3004
20
176.0757
30
0
0
VERTEX
8
Visible
10
221.2187
20
176.1168
30
0
0
VERTEX
8
Visible
10
221.1371
20
176.1579
30
0
0
VERTEX
8
Visible
10
221.0556
20
176.1991
30
0
0
VERTEX
8
Visible
10
220.9742
20
176.2404
30
0
0
VERTEX
8
Visible
10
220.8930
20
176.2817
30
0
0
VERTEX
8
Visible
10
220.8118
20
176.3231
30
0
0
VERTEX
8
Visible
10
220.7308
20
176.3645
30
0
0
VERTEX
8
Visible
10
220.6499
20
176.4061
30
0
0
VERTEX
8
Visible
10
220.5691
20
176.4476
30
0
0
VERTEX
8
Visible
10
220.4884
20
176.4893
30
0
0
VERTEX
8
Visible
10
220.4078
20
176.5310
30
0
0
VERTEX
8
Visible
10
220.3274
20
176.5727
30
0
0
VERTEX
8
Visible
10
220.2471
20
176.6146
30
0
0
VERTEX
8
Visible
10
220.1669
20
176.6565
30
0
0
VERTEX
8
Visible
10
220.0869
20
176.6984
30
0
0
VERTEX
8
Visible
10
220.0069
20
176.7405
30
0
0
VERTEX
8
Visible
10
219.9271
20
176.7825
30
0
0
VERTEX
8
Visible
10
219.8474
20
176.8247
30
0
0
VERTEX
8
Visible
10
219.7679
20
176.8668
30
0
0
VERTEX
8
Visible
10
219.6887
20
176.9089
30
0
0
VERTEX
8
Visible
10
219.6098
20
176.9508
30
0
0
VERTEX
8
Visible
10
219.5312
20
176.9927
30
0
0
VERTEX
8
Visible
10
219.4528
20
177.0346
30
0
0
VERTEX
8
Visible
10
219.3746
20
177.0764
30
0
0
VERTEX
8
Visible
10
219.2965
20
177.1182
30
0
0
VERTEX
8
Visible
10
219.2187
20
177.1601
30
0
0
VERTEX
8
Visible
10
219.1410
20
177.2019
30
0
0
VERTEX
8
Visible
10
219.0634
20
177.2439
30
0
0
VERTEX
8
Visible
10
218.9859
20
177.2859
30
0
0
VERTEX
8
Visible
10
218.9086
20
177.3280
30
0
0
VERTEX
8
Visible
10
218.8312
20
177.3702
30
0
0
VERTEX
8
Visible
10
218.7539
20
177.4126
30
0
0
VERTEX
8
Visible
10
218.6766
20
177.4551
30
0
0
VERTEX
8
Visible
10
218.5994
20
177.4978
30
0
0
VERTEX
8
Visible
10
218.5220
20
177.5407
30
0
0
VERTEX
8
Visible
10
218.4447
20
177.5838
30
0
0
VERTEX
8
Visible
10
218.3672
20
177.6272
30
0
0
VERTEX
8
Visible
10
218.2897
20
177.6708
30
0
0
VERTEX
8
Visible
10
218.2121
20
177.7147
30
0
0
VERTEX
8
Visible
10
218.1343
20
177.7589
30
0
0
VERTEX
8
Visible
10
218.0563
20
177.8034
30
0
0
VERTEX
8
Visible
10
217.9782
20
177.8483
30
0
0
VERTEX
8
Visible
10
217.8999
20
177.8935
30
0
0
VERTEX
8
Visible
10
217.8213
20
177.9391
30
0
0
VERTEX
8
Visible
10
217.7425
20
177.9851
30
0
0
VERTEX
8
Visible
10
217.6634
20
178.0315
30
0
0
VERTEX
8
Visible
10
217.5840
20
178.0784
30
0
0
VERTEX
8
Visible
10
217.5043
20
178.1258
30
0
0
VERTEX
8
Visible
10
217.4243
20
178.1736
30
0
0
VERTEX
8
Visible
10
217.3439
20
178.2219
30
0
0
VERTEX
8
Visible
10
217.2632
20
178.2707
30
0
0
VERTEX
8
Visible
10
217.1820
20
178.3201
30
0
0
VERTEX
8
Visible
10
217.1004
20
178.3701
30
0
0
VERTEX
8
Visible
10
217.0184
20
178.4206
30
0
0
VERTEX
8
Visible
10
216.9359
20
178.4718
30
0
0
VERTEX
8
Visible
10
216.8529
20
178.5235
30
0
0
VERTEX
8
Visible
10
216.7694
20
178.5760
30
0
0
VERTEX
8
Visible
10
216.6854
20
178.6290
30
0
0
VERTEX
8
Visible
10
216.6008
20
178.6828
30
0
0
VERTEX
8
Visible
10
216.5157
20
178.7373
30
0
0
VERTEX
8
Visible
10
216.4299
20
178.7925
30
0
0
VERTEX
8
Visible
10
216.3435
20
178.8484
30
0
0
VERTEX
8
Visible
10
216.2565
20
178.9052
30
0
0
VERTEX
8
Visible
10
216.1688
20
178.9627
30
0
0
VERTEX
8
Visible
10
216.0804
20
179.0210
30
0
0
VERTEX
8
Visible
10
215.9913
20
179.0801
30
0
0
VERTEX
8
Visible
10
215.9015
20
179.1401
30
0
0
VERTEX
8
Visible
10
215.8110
20
179.2010
30
0
0
VERTEX
8
Visible
10
215.7196
20
179.2627
30
0
0
VERTEX
8
Visible
10
215.6275
20
179.3254
30
0
0
VERTEX
8
Visible
10
215.5345
20
179.3889
30
0
0
VERTEX
8
Visible
10
215.4406
20
179.4535
30
0
0
VERTEX
8
Visible
10
215.3456
20
179.5193
30
0
0
VERTEX
8
Visible
10
215.2492
20
179.5864
30
0
0
VERTEX
8
Visible
10
215.1514
20
179.6551
30
0
0
VERTEX
8
Visible
10
215.0519
20
179.7256
30
0
0
VERTEX
8
Visible
10
214.9507
20
179.7981
30
0
0
VERTEX
8
Visible
10
214.8476
20
179.8728
30
0
0
VERTEX
8
Visible
10
214.7423
20
179.9499
30
0
0
VERTEX
8
Visible
10
214.6349
20
180.0295
30
0
0
VERTEX
8
Visible
10
214.5250
20
180.1120
30
0
0
VERTEX
8
Visible
10
214.4125
20
180.1975
30
0
0
VERTEX
8
Visible
10
214.2974
20
180.2862
30
0
0
VERTEX
8
Visible
10
214.1793
20
180.3783
30
0
0
VERTEX
8
Visible
10
214.0582
20
180.4741
30
0
0
VERTEX
8
Visible
10
213.9340
20
180.5737
30
0
0
VERTEX
8
Visible
10
213.8064
20
180.6772
30
0
0
VERTEX
8
Visible
10
213.6752
20
180.7851
30
0
0
VERTEX
8
Visible
10
213.5405
20
180.8973
30
0
0
SEQEND
8
Visible
0
LINE
8
Visible
10
203.1133
20
205.8738
30
0
11
202.3640
21
204.0194
31
0
0
ARC
8
Visible
10
208.9542
20
201.6408
30
0
40
8.0013
50
159.8860
51
178.5640
0
LINE
8
Visible
10
258.1162
20
182.0333
30
0
11
257.8693
21
181.4222
31
0
0
ARC
8
Visible
10
221.2351
20
201.3811
30
0
40
20.2859
50
178.7000
51
227.8585
0
LINE
8
Visible
10
212.2940
20
182.0143
30
0
11
209.9194
21
184.2199
31
0
0
ARC
8
Visible
10
-80.3103
20
-128.2560
30
0
40
426.4674
50
47.1139
51
47.5336
0
ARC
8
Visible
10
250.4518
20
184.4190
30
0
40
8.0000
50
326.0000
51
338.0000
0
LINE
8
Visible
10
256.5539
20
179.1594
30
0
11
257.0841
21
179.9455
31
0
0
POLYLINE
8
SECTION
6
PHANTOM
66
1
70
0
10
0
20
0
30
0
0
VERTEX
8
SECTION
10
120.7112
20
163.4911
30
0
0
VERTEX
8
SECTION
10
113.7112
20
163.4911
30
0
0
VERTEX
8
SECTION
10
113.7112
20
79.7963
30
0
0
VERTEX
8
SECTION
10
120.7112
20
79.7963
30
0
0
SEQEND
8
SECTION
0
SOLID
8
SECTION
10
120.7112
20
163.4911
30
0
11
117.2112
21
164.0744
31
0
12
117.2112
22
162.9078
32
0
13
117.2112
23
162.9078
33
0
0
SOLID
8
SECTION
10
120.7112
20
79.7963
30
0
11
117.2112
21
80.3796
31
0
12
117.2112
22
79.2130
32
0
13
117.2112
23
79.2130
33
0
0
POLYLINE
8
SECTION
6
PHANTOM
66
1
70
0
10
0
20
0
30
0
0
VERTEX
8
SECTION
10
81.7527
20
107.6463
30
0
0
VERTEX
8
SECTION
10
81.7527
20
114.6463
30
0
0
VERTEX
8
SECTION
10
145.3277
20
114.6463
30
0
0
VERTEX
8
SECTION
10
145.3277
20
107.6463
30
0
0
SEQEND
8
SECTION
0
SOLID
8
SECTION
10
81.7527
20
107.6463
30
0
11
82.3360
21
111.1463
31
0
12
81.1694
22
111.1463
32
0
13
81.1694
23
111.1463
33
0
0
SOLID
8
SECTION
10
145.3277
20
107.6463
30
0
11
145.9111
21
111.1463
31
0
12
144.7444
22
111.1463
32
0
13
144.7444
23
111.1463
33
0
0
POLYLINE
8
HATCH
66
1
70
1
10
0
20
0
30
0
0
VERTEX
8
HATCH
10
245.0367
20
105.9144
30
0
0
VERTEX
8
HATCH
10
245.0230
20
105.8031
30
0
0
VERTEX
8
HATCH
10
245.0040
20
105.6640
30
0
0
VERTEX
8
HATCH
10
244.9810
20
105.5009
30
0
0
VERTEX
8
HATCH
10
244.9550
20
105.3179
30
0
0
VERTEX
8
HATCH
10
244.9272
20
105.1189
30
0
0
VERTEX
8
HATCH
10
244.8988
20
104.9079
30
0
0
VERTEX
8
HATCH
10
244.8709
20
104.6887
30
0
0
VERTEX
8
HATCH
10
244.8446
20
104.4655
30
0
0
VERTEX
8
HATCH
10
244.8211
20
104.2420
30
0
0
VERTEX
8
HATCH
10
244.8016
20
104.0223
30
0
0
VERTEX
8
HATCH
10
244.7872
20
103.8103
30
0
0
VERTEX
8
HATCH
10
244.7790
20
103.6099
30
0
0
VERTEX
8
HATCH
10
244.7740
20
103.4235
30
0
0
VERTEX
8
HATCH
10
244.7690
20
103.2481
30
0
0
VERTEX
8
HATCH
10
244.7649
20
103.0799
30
0
0
VERTEX
8
HATCH
10
244.7627
20
102.9153
30
0
0
VERTEX
8
HATCH
10
244.7634
20
102.7505
30
0
0
VERTEX
8
HATCH
10
244.7677
20
102.5818
30
0
0
VERTEX
8
HATCH
10
244.7767
20
102.4055
30
0
0
VERTEX
8
HATCH
10
244.7913
20
102.2177
30
0
0
VERTEX
8
HATCH
10
244.8123
20
102.0148
30
0
0
VERTEX
8
HATCH
10
244.8409
20
101.7931
30
0
0
VERTEX
8
HATCH
10
244.8777
20
101.5487
30
0
0
VERTEX
8
HATCH
10
244.9239
20
101.2781
30
0
0
VERTEX
8
HATCH
10
244.9818
20
100.9710
30
0
0
VERTEX
8
HATCH
10
245.0519
20
100.6251
30
0
0
VERTEX
8
HATCH
10
245.1322
20
100.2484
30
0
0
VERTEX
8
HATCH
10
245.2210
20
99.8486
30
0
0
VERTEX
8
HATCH
10
245.3162
20
99.4337
30
0
0
VERTEX
8
HATCH
10
245.4161
20
99.0115
30
0
0
VERTEX
8
HATCH
10
245.5187
20
98.5900
30
0
0
VERTEX
8
HATCH
10
245.6221
20
98.1771
30
0
0
VERTEX
8
HATCH
10
245.7245
20
97.7806
30
0
0
VERTEX
8
HATCH
10
245.8239
20
97.4084
30
0
0
VERTEX
8
HATCH
10
245.9185
20
97.0684
30
0
0
VERTEX
8
HATCH
10
246.0063
20
96.7685
30
0
0
VERTEX
8
HATCH
10
246.0835
20
96.5133
30
0
0
VERTEX
8
HATCH
10
246.1495
20
96.2971
30
0
0
VERTEX
8
HATCH
10
246.2077
20
96.1124
30
0
0
VERTEX
8
HATCH
10
246.2615
20
95.9516
30
0
0
VERTEX
8
HATCH
10
246.3143
20
95.8073
30
0
0
VERTEX
8
HATCH
10
246.3693
20
95.6718
30
0
0
VERTEX
8
HATCH
10
246.4300
20
95.5378
30
0
0
VERTEX
8
HATCH
10
246.4997
20
95.3976
30
0
0
VERTEX
8
HATCH
10
246.5817
20
95.2437
30
0
0
VERTEX
8
HATCH
10
246.6795
20
95.0687
30
0
0
VERTEX
8
HATCH
10
246.7963
20
94.8649
30
0
0
VERTEX
8
HATCH
10
246.9355
20
94.6249
30
0
0
VERTEX
8
HATCH
10
247.1017
20
94.3441
30
0
0
VERTEX
8
HATCH
10
247.2940
20
94.0277
30
0
0
VERTEX
8
HATCH
10
247.5078
20
93.6830
30
0
0
VERTEX
8
HATCH
10
247.7386
20
93.3174
30
0
0
VERTEX
8
HATCH
10
247.9817
20
92.9381
30
0
0
VERTEX
8
HATCH
10
248.2326
20
92.5525
30
0
0
VERTEX
8
HATCH
10
248.4866
20
92.1678
30
0
0
VERTEX
8
HATCH
10
248.7393
20
91.7913
30
0
0
VERTEX
8
HATCH
10
248.9859
20
91.4303
30
0
0
VERTEX
8
HATCH
10
249.2220
20
91.0922
30
0
0
VERTEX
8
HATCH
10
249.4428
20
90.7843
30
0
0
VERTEX
8
HATCH
10
249.6439
20
90.5137
30
0
0
VERTEX
8
HATCH
10
249.8241
20
90.2798
30
0
0
VERTEX
8
HATCH
10
249.9876
20
90.0741
30
0
0
VERTEX
8
HATCH
10
250.1380
20
89.8923
30
0
0
VERTEX
8
HATCH
10
250.2788
20
89.7303
30
0
0
VERTEX
8
HATCH
10
250.4136
20
89.5839
30
0
0
VERTEX
8
HATCH
10
250.5460
20
89.4487
30
0
0
VERTEX
8
HATCH
10
250.6795
20
89.3207
30
0
0
VERTEX
8
HATCH
10
250.8176
20
89.1955
30
0
0
VERTEX
8
HATCH
10
250.9640
20
89.0690
30
0
0
VERTEX
8
HATCH
10
251.1221
20
88.9370
30
0
0
VERTEX
8
HATCH
10
251.2955
20
88.7953
30
0
0
VERTEX
8
HATCH
10
251.4877
20
88.6396
30
0
0
VERTEX
8
HATCH
10
251.7051
20
88.4693
30
0
0
VERTEX
8
HATCH
10
251.9479
20
88.2887
30
0
0
VERTEX
8
HATCH
10
252.2102
20
88.1008
30
0
0
VERTEX
8
HATCH
10
252.4865
20
87.9085
30
0
0
VERTEX
8
HATCH
10
252.7710
20
87.7150
30
0
0
VERTEX
8
HATCH
10
253.0580
20
87.5231
30
0
0
VERTEX
8
HATCH
10
253.3417
20
87.3359
30
0
0
VERTEX
8
HATCH
10
253.6166
20
87.1564
30
0
0
VERTEX
8
HATCH
10
253.8768
20
86.9875
30
0
0
VERTEX
8
HATCH
10
254.1166
20
86.8324
30
0
0
VERTEX
8
HATCH
10
254.3304
20
86.6940
30
0
0
VERTEX
8
HATCH
10
254.5125
20
86.5753
30
0
0
VERTEX
8
HATCH
10
254.6626
20
86.4774
30
0
0
VERTEX
8
HATCH
10
254.7869
20
86.3979
30
0
0
VERTEX
8
HATCH
10
254.8892
20
86.3341
30
0
0
VERTEX
8
HATCH
10
254.9731
20
86.2835
30
0
0
VERTEX
8
HATCH
10
255.0424
20
86.2437
30
0
0
VERTEX
8
HATCH
10
255.1008
20
86.2120
30
0
0
VERTEX
8
HATCH
10
255.1520
20
86.1859
30
0
0
VERTEX
8
HATCH
10
255.1997
20
86.1629
30
0
0
VERTEX
8
HATCH
10
255.2476
20
86.1404
30
0
0
VERTEX
8
HATCH
10
255.2995
20
86.1159
30
0
0
VERTEX
8
HATCH
10
255.3591
20
86.0868
30
0
0
VERTEX
8
HATCH
10
255.4301
20
86.0506
30
0
0
VERTEX
8
HATCH
10
255.5112
20
86.0091
30
0
0
VERTEX
8
HATCH
10
255.5978
20
85.9662
30
0
0
VERTEX
8
HATCH
10
255.6880
20
85.9225
30
0
0
VERTEX
8
HATCH
10
255.7802
20
85.8787
30
0
0
VERTEX
8
HATCH
10
255.8726
20
85.8354
30
0
0
VERTEX
8
HATCH
10
255.9636
20
85.7933
30
0
0
VERTEX
8
HATCH
10
256.0514
20
85.7530
30
0
0
VERTEX
8
HATCH
10
256.1342
20
85.7152
30
0
0
VERTEX
8
HATCH
10
256.2105
20
85.6805
30
0
0
VERTEX
8
HATCH
10
256.2784
20
85.6495
30
0
0
VERTEX
8
HATCH
10
256.3363
20
85.6230
30
0
0
VERTEX
8
HATCH
10
256.3824
20
85.6015
30
0
0
VERTEX
8
HATCH
10
256.3824
20
85.6015
30
0
0
VERTEX
8
HATCH
10
256.4145
20
85.5861
30
0
0
VERTEX
8
HATCH
10
256.4544
20
85.5666
30
0
0
VERTEX
8
HATCH
10
256.5012
20
85.5435
30
0
0
VERTEX
8
HATCH
10
256.5536
20
85.5175
30
0
0
VERTEX
8
HATCH
10
256.6107
20
85.4894
30
0
0
VERTEX
8
HATCH
10
256.6713
20
85.4597
30
0
0
VERTEX
8
HATCH
10
256.7343
20
85.4292
30
0
0
VERTEX
8
HATCH
10
256.7987
20
85.3986
30
0
0
VERTEX
8
HATCH
10
256.8633
20
85.3685
30
0
0
VERTEX
8
HATCH
10
256.9270
20
85.3396
30
0
0
VERTEX
8
HATCH
10
256.9887
20
85.3125
30
0
0
VERTEX
8
HATCH
10
257.0474
20
85.2880
30
0
0
VERTEX
8
HATCH
10
257.1020
20
85.2657
30
0
0
VERTEX
8
HATCH
10
257.1532
20
85.2448
30
0
0
VERTEX
8
HATCH
10
257.2022
20
85.2249
30
0
0
VERTEX
8
HATCH
10
257.2501
20
85.2058
30
0
0
VERTEX
8
HATCH
10
257.2983
20
85.1872
30
0
0
VERTEX
8
HATCH
10
257.3480
20
85.1688
30
0
0
VERTEX
8
HATCH
10
257.4003
20
85.1505
30
0
0
VERTEX
8
HATCH
10
257.4565
20
85.1318
30
0
0
VERTEX
8
HATCH
10
257.5179
20
85.1126
30
0
0
VERTEX
8
HATCH
10
257.5855
20
85.0925
30
0
0
VERTEX
8
HATCH
10
257.6608
20
85.0713
30
0
0
VERTEX
8
HATCH
10
257.7448
20
85.0487
30
0
0
VERTEX
8
HATCH
10
257.8408
20
85.0240
30
0
0
VERTEX
8
HATCH
10
257.9494
20
84.9971
30
0
0
VERTEX
8
HATCH
10
258.0681
20
84.9685
30
0
0
VERTEX
8
HATCH
10
258.1945
20
84.9388
30
0
0
VERTEX
8
HATCH
10
258.3259
20
84.9085
30
0
0
VERTEX
8
HATCH
10
258.4600
20
84.8782
30
0
0
VERTEX
8
HATCH
10
258.5942
20
84.8484
30
0
0
VERTEX
8
HATCH
10
258.7260
20
84.8197
30
0
0
VERTEX
8
HATCH
10
258.8529
20
84.7928
30
0
0
VERTEX
8
HATCH
10
258.9725
20
84.7680
30
0
0
VERTEX
8
HATCH
10
259.0822
20
84.7460
30
0
0
VERTEX
8
HATCH
10
259.1796
20
84.7274
30
0
0
VERTEX
8
HATCH
10
259.2652
20
84.7120
30
0
0
VERTEX
8
HATCH
10
259.3423
20
84.6990
30
0
0
VERTEX
8
HATCH
10
259.4121
20
84.6883
30
0
0
VERTEX
8
HATCH
10
259.4758
20
84.6796
30
0
0
VERTEX
8
HATCH
10
259.5346
20
84.6725
30
0
0
VERTEX
8
HATCH
10
259.5897
20
84.6668
30
0
0
VERTEX
8
HATCH
10
259.6425
20
84.6622
30
0
0
VERTEX
8
HATCH
10
259.6940
20
84.6584
30
0
0
VERTEX
8
HATCH
10
259.7455
20
84.6553
30
0
0
VERTEX
8
HATCH
10
259.7983
20
84.6524
30
0
0
VERTEX
8
HATCH
10
259.8536
20
84.6495
30
0
0
VERTEX
8
HATCH
10
259.9125
20
84.6463
30
0
0
VERTEX
8
HATCH
10
259.9760
20
84.6435
30
0
0
VERTEX
8
HATCH
10
260.0434
20
84.6416
30
0
0
VERTEX
8
HATCH
10
260.1133
20
84.6406
30
0
0
VERTEX
8
HATCH
10
260.1846
20
84.6403
30
0
0
VERTEX
8
HATCH
10
260.2558
20
84.6406
30
0
0
VERTEX
8
HATCH
10
260.3258
20
84.6413
30
0
0
VERTEX
8
HATCH
10
260.3933
20
84.6422
30
0
0
VERTEX
8
HATCH
10
260.4569
20
84.6433
30
0
0
VERTEX
8
HATCH
10
260.5155
20
84.6444
30
0
0
VERTEX
8
HATCH
10
260.5676
20
84.6454
30
0
0
VERTEX
8
HATCH
10
260.6121
20
84.6461
30
0
0
VERTEX
8
HATCH
10
260.6476
20
84.6463
30
0
0
VERTEX
8
HATCH
10
260.6476
20
84.6463
30
0
0
VERTEX
8
HATCH
10
264.5214
20
84.6463
30
0
0
VERTEX
8
HATCH
10
264.5214
20
84.6463
30
0
0
VERTEX
8
HATCH
10
264.5214
20
85.6463
30
0
0
VERTEX
8
HATCH
10
264.5214
20
85.6463
30
0
0
VERTEX
8
HATCH
10
266.0214
20
85.6463
30
0
0
VERTEX
8
HATCH
10
266.0214
20
85.6463
30
0
0
VERTEX
8
HATCH
10
266.0214
20
86.6463
30
0
0
VERTEX
8
HATCH
10
266.0214
20
86.6463
30
0
0
VERTEX
8
HATCH
10
260.6476
20
86.6463
30
0
0
VERTEX
8
HATCH
10
260.6476
20
86.6463
30
0
0
VERTEX
8
HATCH
10
260.6192
20
86.6461
30
0
0
VERTEX
8
HATCH
10
260.5836
20
86.6456
30
0
0
VERTEX
8
HATCH
10
260.5419
20
86.6448
30
0
0
VERTEX
8
HATCH
10
260.4951
20
86.6439
30
0
0
VERTEX
8
HATCH
10
260.4442
20
86.6430
30
0
0
VERTEX
8
HATCH
10
260.3902
20
86.6423
30
0
0
VERTEX
8
HATCH
10
260.3342
20
86.6417
30
0
0
VERTEX
8
HATCH
10
260.2772
20
86.6415
30
0
0
VERTEX
8
HATCH
10
260.2202
20
86.6418
30
0
0
VERTEX
8
HATCH
10
260.1642
20
86.6426
30
0
0
VERTEX
8
HATCH
10
260.1103
20
86.6441
30
0
0
VERTEX
8
HATCH
10
260.0595
20
86.6463
30
0
0
VERTEX
8
HATCH
10
260.0124
20
86.6488
30
0
0
VERTEX
8
HATCH
10
259.9682
20
86.6512
30
0
0
VERTEX
8
HATCH
10
259.9260
20
86.6535
30
0
0
VERTEX
8
HATCH
10
259.8847
20
86.6560
30
0
0
VERTEX
8
HATCH
10
259.8435
20
86.6590
30
0
0
VERTEX
8
HATCH
10
259.8013
20
86.6627
30
0
0
VERTEX
8
HATCH
10
259.7572
20
86.6672
30
0
0
VERTEX
8
HATCH
10
259.7101
20
86.6729
30
0
0
VERTEX
8
HATCH
10
259.6592
20
86.6799
30
0
0
VERTEX
8
HATCH
10
259.6034
20
86.6885
30
0
0
VERTEX
8
HATCH
10
259.5417
20
86.6988
30
0
0
VERTEX
8
HATCH
10
259.4732
20
86.7112
30
0
0
VERTEX
8
HATCH
10
259.3953
20
86.7261
30
0
0
VERTEX
8
HATCH
10
259.3075
20
86.7437
30
0
0
VERTEX
8
HATCH
10
259.2119
20
86.7635
30
0
0
VERTEX
8
HATCH
10
259.1103
20
86.7851
30
0
0
VERTEX
8
HATCH
10
259.0049
20
86.8080
30
0
0
VERTEX
8
HATCH
10
258.8975
20
86.8318
30
0
0
VERTEX
8
HATCH
10
258.7902
20
86.8560
30
0
0
VERTEX
8
HATCH
10
258.6851
20
86.8803
30
0
0
VERTEX
8
HATCH
10
258.5840
20
86.9041
30
0
0
VERTEX
8
HATCH
10
258.4890
20
86.9270
30
0
0
VERTEX
8
HATCH
10
258.4022
20
86.9485
30
0
0
VERTEX
8
HATCH
10
258.3254
20
86.9682
30
0
0
VERTEX
8
HATCH
10
258.2582
20
86.9863
30
0
0
VERTEX
8
HATCH
10
258.1980
20
87.0032
30
0
0
VERTEX
8
HATCH
10
258.1438
20
87.0193
30
0
0
VERTEX
8
HATCH
10
258.0947
20
87.0347
30
0
0
VERTEX
8
HATCH
10
258.0498
20
87.0496
30
0
0
VERTEX
8
HATCH
10
258.0079
20
87.0643
30
0
0
VERTEX
8
HATCH
10
257.9682
20
87.0790
30
0
0
VERTEX
8
HATCH
10
257.9296
20
87.0939
30
0
0
VERTEX
8
HATCH
10
257.8912
20
87.1092
30
0
0
VERTEX
8
HATCH
10
257.8521
20
87.1251
30
0
0
VERTEX
8
HATCH
10
257.8111
20
87.1418
30
0
0
VERTEX
8
HATCH
10
257.7674
20
87.1597
30
0
0
VERTEX
8
HATCH
10
257.7205
20
87.1793
30
0
0
VERTEX
8
HATCH
10
257.6711
20
87.2009
30
0
0
VERTEX
8
HATCH
10
257.6201
20
87.2241
30
0
0
VERTEX
8
HATCH
10
257.5685
20
87.2482
30
0
0
VERTEX
8
HATCH
10
257.5170
20
87.2727
30
0
0
VERTEX
8
HATCH
10
257.4666
20
87.2970
30
0
0
VERTEX
8
HATCH
10
257.4181
20
87.3207
30
0
0
VERTEX
8
HATCH
10
257.3724
20
87.3433
30
0
0
VERTEX
8
HATCH
10
257.3304
20
87.3640
30
0
0
VERTEX
8
HATCH
10
257.2930
20
87.3825
30
0
0
VERTEX
8
HATCH
10
257.2611
20
87.3982
30
0
0
VERTEX
8
HATCH
10
257.2355
20
87.4105
30
0
0
VERTEX
8
HATCH
10
257.2355
20
87.4105
30
0
0
VERTEX
8
HATCH
10
257.2007
20
87.4267
30
0
0
VERTEX
8
HATCH
10
257.1571
20
87.4468
30
0
0
VERTEX
8
HATCH
10
257.1060
20
87.4702
30
0
0
VERTEX
8
HATCH
10
257.0486
20
87.4965
30
0
0
VERTEX
8
HATCH
10
256.9862
20
87.5251
30
0
0
VERTEX
8
HATCH
10
256.9202
20
87.5556
30
0
0
VERTEX
8
HATCH
10
256.8517
20
87.5874
30
0
0
VERTEX
8
HATCH
10
256.7820
20
87.6200
30
0
0
VERTEX
8
HATCH
10
256.7126
20
87.6530
30
0
0
VERTEX
8
HATCH
10
256.6445
20
87.6858
30
0
0
VERTEX
8
HATCH
10
256.5792
20
87.7179
30
0
0
VERTEX
8
HATCH
10
256.5179
20
87.7489
30
0
0
VERTEX
8
HATCH
10
256.4653
20
87.7752
30
0
0
VERTEX
8
HATCH
10
256.4232
20
87.7952
30
0
0
VERTEX
8
HATCH
10
256.3879
20
87.8112
30
0
0
VERTEX
8
HATCH
10
256.3563
20
87.8253
30
0
0
VERTEX
8
HATCH
10
256.3248
20
87.8397
30
0
0
VERTEX
8
HATCH
10
256.2901
20
87.8567
30
0
0
VERTEX
8
HATCH
10
256.2486
20
87.8783
30
0
0
VERTEX
8
HATCH
10
256.1971
20
87.9070
30
0
0
VERTEX
8
HATCH
10
256.1321
20
87.9448
30
0
0
VERTEX
8
HATCH
10
256.0502
20
87.9939
30
0
0
VERTEX
8
HATCH
10
255.9480
20
88.0565
30
0
0
VERTEX
8
HATCH
10
255.8221
20
88.1350
30
0
0
VERTEX
8
HATCH
10
255.6673
20
88.2310
30
0
0
VERTEX
8
HATCH
10
255.4839
20
88.3432
30
0
0
VERTEX
8
HATCH
10
255.2771
20
88.4695
30
0
0
VERTEX
8
HATCH
10
255.0518
20
88.6072
30
0
0
VERTEX
8
HATCH
10
254.8130
20
88.7541
30
0
0
VERTEX
8
HATCH
10
254.5657
20
88.9077
30
0
0
VERTEX
8
HATCH
10
254.3149
20
89.0657
30
0
0
VERTEX
8
HATCH
10
254.0657
20
89.2257
30
0
0
VERTEX
8
HATCH
10
253.8229
20
89.3853
30
0
0
VERTEX
8
HATCH
10
253.5916
20
89.5421
30
0
0
VERTEX
8
HATCH
10
253.3768
20
89.6937
30
0
0
VERTEX
8
HATCH
10
253.1835
20
89.8377
30
0
0
VERTEX
8
HATCH
10
253.0120
20
89.9697
30
0
0
VERTEX
8
HATCH
10
252.8569
20
90.0896
30
0
0
VERTEX
8
HATCH
10
252.7148
20
90.2013
30
0
0
VERTEX
8
HATCH
10
252.5826
20
90.3086
30
0
0
VERTEX
8
HATCH
10
252.4569
20
90.4155
30
0
0
VERTEX
8
HATCH
10
252.3344
20
90.5260
30
0
0
VERTEX
8
HATCH
10
252.2118
20
90.6438
30
0
0
VERTEX
8
HATCH
10
252.0858
20
90.7730
30
0
0
VERTEX
8
HATCH
10
251.9530
20
90.9174
30
0
0
VERTEX
8
HATCH
10
251.8102
20
91.0809
30
0
0
VERTEX
8
HATCH
10
251.6540
20
91.2675
30
0
0
VERTEX
8
HATCH
10
251.4812
20
91.4811
30
0
0
VERTEX
8
HATCH
10
251.2870
20
91.7293
30
0
0
VERTEX
8
HATCH
10
251.0720
20
92.0131
30
0
0
VERTEX
8
HATCH
10
250.8410
20
92.3254
30
0
0
VERTEX
8
HATCH
10
250.5985
20
92.6598
30
0
0
VERTEX
8
HATCH
10
250.3493
20
93.0094
30
0
0
VERTEX
8
HATCH
10
250.0981
20
93.3675
30
0
0
VERTEX
8
HATCH
10
249.8495
20
93.7274
30
0
0
VERTEX
8
HATCH
10
249.6081
20
94.0823
30
0
0
VERTEX
8
HATCH
10
249.3788
20
94.4255
30
0
0
VERTEX
8
HATCH
10
249.1661
20
94.7503
30
0
0
VERTEX
8
HATCH
10
248.9747
20
95.0500
30
0
0
VERTEX
8
HATCH
10
248.8093
20
95.3177
30
0
0
VERTEX
8
HATCH
10
248.6685
20
95.5558
30
0
0
VERTEX
8
HATCH
10
248.5465
20
95.7727
30
0
0
VERTEX
8
HATCH
10
248.4408
20
95.9717
30
0
0
VERTEX
8
HATCH
10
248.3494
20
96.1559
30
0
0
VERTEX
8
HATCH
10
248.2699
20
96.3284
30
0
0
VERTEX
8
HATCH
10
248.2002
20
96.4924
30
0
0
VERTEX
8
HATCH
10
248.1380
20
96.6509
30
0
0
VERTEX
8
HATCH
10
248.0811
20
96.8071
30
0
0
VERTEX
8
HATCH
10
248.0271
20
96.9642
30
0
0
VERTEX
8
HATCH
10
247.9740
20
97.1252
30
0
0
VERTEX
8
HATCH
10
247.9195
20
97.2933
30
0
0
VERTEX
8
HATCH
10
247.8613
20
97.4717
30
0
0
VERTEX
8
HATCH
10
247.8018
20
97.6643
30
0
0
VERTEX
8
HATCH
10
247.7449
20
97.8702
30
0
0
VERTEX
8
HATCH
10
247.6908
20
98.0852
30
0
0
VERTEX
8
HATCH
10
247.6397
20
98.3052
30
0
0
VERTEX
8
HATCH
10
247.5915
20
98.5261
30
0
0
VERTEX
8
HATCH
10
247.5466
20
98.7436
30
0
0
VERTEX
8
HATCH
10
247.5049
20
98.9537
30
0
0
VERTEX
8
HATCH
10
247.4666
20
99.1521
30
0
0
VERTEX
8
HATCH
10
247.4319
20
99.3348
30
0
0
VERTEX
8
HATCH
10
247.4009
20
99.4975
30
0
0
VERTEX
8
HATCH
10
247.3737
20
99.6360
30
0
0
VERTEX
8
HATCH
10
247.3504
20
99.7463
30
0
0
VERTEX
8
HATCH
10
247.3504
20
99.7463
30
0
0
VERTEX
8
HATCH
10
252.0214
20
99.7463
30
0
0
VERTEX
8
HATCH
10
252.0214
20
99.7463
30
0
0
VERTEX
8
HATCH
10
252.0214
20
100.5463
30
0
0
VERTEX
8
HATCH
10
252.0214
20
100.5463
30
0
0
VERTEX
8
HATCH
10
247.1896
20
100.5463
30
0
0
VERTEX
8
HATCH
10
247.1896
20
100.5463
30
0
0
VERTEX
8
HATCH
10
247.1834
20
100.5805
30
0
0
VERTEX
8
HATCH
10
247.1755
20
100.6233
30
0
0
VERTEX
8
HATCH
10
247.1660
20
100.6735
30
0
0
VERTEX
8
HATCH
10
247.1555
20
100.7297
30
0
0
VERTEX
8
HATCH
10
247.1440
20
100.7909
30
0
0
VERTEX
8
HATCH
10
247.1320
20
100.8558
30
0
0
VERTEX
8
HATCH
10
247.1197
20
100.9232
30
0
0
VERTEX
8
HATCH
10
247.1073
20
100.9918
30
0
0
VERTEX
8
HATCH
10
247.0953
20
101.0605
30
0
0
VERTEX
8
HATCH
10
247.0839
20
101.1281
30
0
0
VERTEX
8
HATCH
10
247.0733
20
101.1932
30
0
0
VERTEX
8
HATCH
10
247.0639
20
101.2547
30
0
0
VERTEX
8
HATCH
10
247.0556
20
101.3109
30
0
0
VERTEX
8
HATCH
10
247.0478
20
101.3620
30
0
0
VERTEX
8
HATCH
10
247.0404
20
101.4096
30
0
0
VERTEX
8
HATCH
10
247.0335
20
101.4555
30
0
0
VERTEX
8
HATCH
10
247.0269
20
101.5015
30
0
0
VERTEX
8
HATCH
10
247.0205
20
101.5493
30
0
0
VERTEX
8
HATCH
10
247.0142
20
101.6005
30
0
0
VERTEX
8
HATCH
10
247.0079
20
101.6571
30
0
0
VERTEX
8
HATCH
10
247.0015
20
101.7206
30
0
0
VERTEX
8
HATCH
10
246.9949
20
101.7928
30
0
0
VERTEX
8
HATCH
10
246.9880
20
101.8755
30
0
0
VERTEX
8
HATCH
10
246.9808
20
101.9703
30
0
0
VERTEX
8
HATCH
10
246.9728
20
102.0808
30
0
0
VERTEX
8
HATCH
10
246.9641
20
102.2072
30
0
0
VERTEX
8
HATCH
10
246.9548
20
102.3465
30
0
0
VERTEX
8
HATCH
10
246.9452
20
102.4959
30
0
0
VERTEX
8
HATCH
10
246.9354
20
102.6522
30
0
0
VERTEX
8
HATCH
10
246.9259
20
102.8124
30
0
0
VERTEX
8
HATCH
10
246.9167
20
102.9737
30
0
0
VERTEX
8
HATCH
10
246.9081
20
103.1331
30
0
0
VERTEX
8
HATCH
10
246.9004
20
103.2874
30
0
0
VERTEX
8
HATCH
10
246.8938
20
103.4338
30
0
0
VERTEX
8
HATCH
10
246.8886
20
103.5692
30
0
0
VERTEX
8
HATCH
10
246.8849
20
103.6907
30
0
0
VERTEX
8
HATCH
10
246.8826
20
103.7995
30
0
0
VERTEX
8
HATCH
10
246.8814
20
103.8996
30
0
0
VERTEX
8
HATCH
10
246.8812
20
103.9923
30
0
0
VERTEX
8
HATCH
10
246.8819
20
104.0788
30
0
0
VERTEX
8
HATCH
10
246.8835
20
104.1604
30
0
0
VERTEX
8
HATCH
10
246.8859
20
104.2382
30
0
0
VERTEX
8
HATCH
10
246.8890
20
104.3134
30
0
0
VERTEX
8
HATCH
10
246.8927
20
104.3874
30
0
0
VERTEX
8
HATCH
10
246.8971
20
104.4614
30
0
0
VERTEX
8
HATCH
10
246.9019
20
104.5365
30
0
0
VERTEX
8
HATCH
10
246.9072
20
104.6140
30
0
0
VERTEX
8
HATCH
10
246.9128
20
104.6952
30
0
0
VERTEX
8
HATCH
10
246.9196
20
104.7817
30
0
0
VERTEX
8
HATCH
10
246.9279
20
104.8733
30
0
0
VERTEX
8
HATCH
10
246.9375
20
104.9683
30
0
0
VERTEX
8
HATCH
10
246.9480
20
105.0649
30
0
0
VERTEX
8
HATCH
10
246.9590
20
105.1616
30
0
0
VERTEX
8
HATCH
10
246.9703
20
105.2564
30
0
0
VERTEX
8
HATCH
10
246.9816
20
105.3477
30
0
0
VERTEX
8
HATCH
10
246.9923
20
105.4339
30
0
0
VERTEX
8
HATCH
10
247.0024
20
105.5131
30
0
0
VERTEX
8
HATCH
10
247.0112
20
105.5837
30
0
0
VERTEX
8
HATCH
10
247.0187
20
105.6439
30
0
0
VERTEX
8
HATCH
10
247.0243
20
105.6921
30
0
0
VERTEX
8
HATCH
10
247.0243
20
105.6921
30
0
0
VERTEX
8
HATCH
10
247.0673
20
106.0763
30
0
0
VERTEX
8
HATCH
10
247.0673
20
106.0763
30
0
0
VERTEX
8
HATCH
10
245.0549
20
106.0763
30
0
0
VERTEX
8
HATCH
10
245.0549
20
106.0763
30
0
0
VERTEX
8
HATCH
10
245.0367
20
105.9144
30
0
0
SEQEND
8
HATCH
0
POLYLINE
8
HATCH
66
1
70
1
10
0
20
0
30
0
0
VERTEX
8
HATCH
10
264.0214
20
157.6463
30
0
0
VERTEX
8
HATCH
10
264.0214
20
158.6380
30
0
0
VERTEX
8
HATCH
10
264.0214
20
158.6380
30
0
0
VERTEX
8
HATCH
10
264.0003
20
158.6372
30
0
0
VERTEX
8
HATCH
10
263.9739
20
158.6362
30
0
0
VERTEX
8
HATCH
10
263.9430
20
158.6353
30
0
0
VERTEX
8
HATCH
10
263.9082
20
158.6342
30
0
0
VERTEX
8
HATCH
10
263.8704
20
158.6329
30
0
0
VERTEX
8
HATCH
10
263.8304
20
158.6315
30
0
0
VERTEX
8
HATCH
10
263.7888
20
158.6299
30
0
0
VERTEX
8
HATCH
10
263.7465
20
158.6281
30
0
0
VERTEX
8
HATCH
10
263.7042
20
158.6260
30
0
0
VERTEX
8
HATCH
10
263.6627
20
158.6237
30
0
0
VERTEX
8
HATCH
10
263.6227
20
158.6211
30
0
0
VERTEX
8
HATCH
10
263.5851
20
158.6181
30
0
0
VERTEX
8
HATCH
10
263.5503
20
158.6151
30
0
0
VERTEX
8
HATCH
10
263.5179
20
158.6124
30
0
0
VERTEX
8
HATCH
10
263.4871
20
158.6098
30
0
0
VERTEX
8
HATCH
10
263.4572
20
158.6071
30
0
0
VERTEX
8
HATCH
10
263.4273
20
158.6042
30
0
0
VERTEX
8
HATCH
10
263.3965
20
158.6009
30
0
0
VERTEX
8
HATCH
10
263.3642
20
158.5969
30
0
0
VERTEX
8
HATCH
10
263.3296
20
158.5922
30
0
0
VERTEX
8
HATCH
10
263.2917
20
158.5866
30
0
0
VERTEX
8
HATCH
10
263.2498
20
158.5799
30
0
0
VERTEX
8
HATCH
10
263.2032
20
158.5719
30
0
0
VERTEX
8
HATCH
10
263.1510
20
158.5624
30
0
0
VERTEX
8
HATCH
10
263.0913
20
158.5512
30
0
0
VERTEX
8
HATCH
10
263.0237
20
158.5380
30
0
0
VERTEX
8
HATCH
10
262.9498
20
158.5233
30
0
0
VERTEX
8
HATCH
10
262.8712
20
158.5073
30
0
0
VERTEX
8
HATCH
10
262.7894
20
158.4904
30
0
0
VERTEX
8
HATCH
10
262.7060
20
158.4729
30
0
0
VERTEX
8
HATCH
10
262.6225
20
158.4551
30
0
0
VERTEX
8
HATCH
10
262.5405
20
158.4373
30
0
0
VERTEX
8
HATCH
10
262.4615
20
158.4198
30
0
0
VERTEX
8
HATCH
10
262.3871
20
158.4031
30
0
0
VERTEX
8
HATCH
10
262.3188
20
158.3873
30
0
0
VERTEX
8
HATCH
10
262.2583
20
158.3728
30
0
0
VERTEX
8
HATCH
10
262.2050
20
158.3595
30
0
0
VERTEX
8
HATCH
10
262.1569
20
158.3470
30
0
0
VERTEX
8
HATCH
10
262.1133
20
158.3352
30
0
0
VERTEX
8
HATCH
10
262.0735
20
158.3238
30
0
0
VERTEX
8
HATCH
10
262.0367
20
158.3128
30
0
0
VERTEX
8
HATCH
10
262.0022
20
158.3020
30
0
0
VERTEX
8
HATCH
10
261.9693
20
158.2913
30
0
0
VERTEX
8
HATCH
10
261.9373
20
158.2804
30
0
0
VERTEX
8
HATCH
10
261.9053
20
158.2692
30
0
0
VERTEX
8
HATCH
10
261.8727
20
158.2577
30
0
0
VERTEX
8
HATCH
10
261.8388
20
158.2455
30
0
0
VERTEX
8
HATCH
10
261.8027
20
158.2326
30
0
0
VERTEX
8
HATCH
10
261.7641
20
158.2184
30
0
0
VERTEX
8
HATCH
10
261.7234
20
158.2028
30
0
0
VERTEX
8
HATCH
10
261.6812
20
158.1862
30
0
0
VERTEX
8
HATCH
10
261.6385
20
158.1689
30
0
0
VERTEX
8
HATCH
10
261.5959
20
158.1514
30
0
0
VERTEX
8
HATCH
10
261.5541
20
158.1339
30
0
0
VERTEX
8
HATCH
10
261.5138
20
158.1170
30
0
0
VERTEX
8
HATCH
10
261.4759
20
158.1009
30
0
0
VERTEX
8
HATCH
10
261.4411
20
158.0860
30
0
0
VERTEX
8
HATCH
10
261.4101
20
158.0728
30
0
0
VERTEX
8
HATCH
10
261.3836
20
158.0616
30
0
0
VERTEX
8
HATCH
10
261.3623
20
158.0528
30
0
0
VERTEX
8
HATCH
10
261.3623
20
158.0528
30
0
0
VERTEX
8
HATCH
10
261.2624
20
158.0132
30
0
0
VERTEX
8
HATCH
10
261.1367
20
157.9653
30
0
0
VERTEX
8
HATCH
10
260.9889
20
157.9097
30
0
0
VERTEX
8
HATCH
10
260.8231
20
157.8474
30
0
0
VERTEX
8
HATCH
10
260.6430
20
157.7793
30
0
0
VERTEX
8
HATCH
10
260.4524
20
157.7063
30
0
0
VERTEX
8
HATCH
10
260.2552
20
157.6291
30
0
0
VERTEX
8
HATCH
10
260.0552
20
157.5487
30
0
0
VERTEX
8
HATCH
10
259.8563
20
157.4660
30
0
0
VERTEX
8
HATCH
10
259.6623
20
157.3818
30
0
0
VERTEX
8
HATCH
10
259.4770
20
157.2970
30
0
0
VERTEX
8
HATCH
10
259.3043
20
157.2125
30
0
0
VERTEX
8
HATCH
10
259.1451
20
157.1320
30
0
0
VERTEX
8
HATCH
10
258.9957
20
157.0569
30
0
0
VERTEX
8
HATCH
10
258.8532
20
156.9847
30
0
0
VERTEX
8
HATCH
10
258.7146
20
156.9127
30
0
0
VERTEX
8
HATCH
10
258.5771
20
156.8384
30
0
0
VERTEX
8
HATCH
10
258.4378
20
156.7591
30
0
0
VERTEX
8
HATCH
10
258.2937
20
156.6723
30
0
0
VERTEX
8
HATCH
10
258.1419
20
156.5754
30
0
0
VERTEX
8
HATCH
10
257.9796
20
156.4658
30
0
0
VERTEX
8
HATCH
10
257.8038
20
156.3408
30
0
0
VERTEX
8
HATCH
10
257.6115
20
156.1980
30
0
0
VERTEX
8
HATCH
10
257.4000
20
156.0347
30
0
0
VERTEX
8
HATCH
10
257.1615
20
155.8443
30
0
0
VERTEX
8
HATCH
10
256.8943
20
155.6256
30
0
0
VERTEX
8
HATCH
10
256.6044
20
155.3837
30
0
0
VERTEX
8
HATCH
10
256.2979
20
155.1240
30
0
0
VERTEX
8
HATCH
10
255.9808
20
154.8515
30
0
0
VERTEX
8
HATCH
10
255.6592
20
154.5715
30
0
0
VERTEX
8
HATCH
10
255.3391
20
154.2892
30
0
0
VERTEX
8
HATCH
10
255.0265
20
154.0098
30
0
0
VERTEX
8
HATCH
10
254.7276
20
153.7386
30
0
0
VERTEX
8
HATCH
10
254.4482
20
153.4807
30
0
0
VERTEX
8
HATCH
10
254.1945
20
153.2414
30
0
0
VERTEX
8
HATCH
10
253.9724
20
153.0259
30
0
0
VERTEX
8
HATCH
10
253.7842
20
152.8397
30
0
0
VERTEX
8
HATCH
10
253.6243
20
152.6808
30
0
0
VERTEX
8
HATCH
10
253.4880
20
152.5428
30
0
0
VERTEX
8
HATCH
10
253.3702
20
152.4192
30
0
0
VERTEX
8
HATCH
10
253.2660
20
152.3038
30
0
0
VERTEX
8
HATCH
10
253.1704
20
152.1902
30
0
0
VERTEX
8
HATCH
10
253.0784
20
152.0719
30
0
0
VERTEX
8
HATCH
10
252.9852
20
151.9427
30
0
0
VERTEX
8
HATCH
10
252.8857
20
151.7962
30
0
0
VERTEX
8
HATCH
10
252.7750
20
151.6259
30
0
0
VERTEX
8
HATCH
10
252.6482
20
151.4256
30
0
0
VERTEX
8
HATCH
10
252.5002
20
151.1888
30
0
0
VERTEX
8
HATCH
10
252.3290
20
150.9093
30
0
0
VERTEX
8
HATCH
10
252.1387
20
150.5898
30
0
0
VERTEX
8
HATCH
10
251.9334
20
150.2381
30
0
0
VERTEX
8
HATCH
10
251.7176
20
149.8615
30
0
0
VERTEX
8
HATCH
10
251.4956
20
149.4675
30
0
0
VERTEX
8
HATCH
10
251.2716
20
149.0637
30
0
0
VERTEX
8
HATCH
10
251.0500
20
148.6576
30
0
0
VERTEX
8
HATCH
10
250.8351
20
148.2567
30
0
0
VERTEX
8
HATCH
10
250.6311
20
147.8685
30
0
0
VERTEX
8
HATCH
10
250.4424
20
147.5004
30
0
0
VERTEX
8
HATCH
10
250.2733
20
147.1601
30
0
0
VERTEX
8
HATCH
10
250.1281
20
146.8549
30
0
0
VERTEX
8
HATCH
10
250.0051
20
146.5823
30
0
0
VERTEX
8
HATCH
10
249.8988
20
146.3323
30
0
0
VERTEX
8
HATCH
10
249.8071
20
146.1017
30
0
0
VERTEX
8
HATCH
10
249.7283
20
145.8870
30
0
0
VERTEX
8
HATCH
10
249.6605
20
145.6850
30
0
0
VERTEX
8
HATCH
10
249.6018
20
145.4924
30
0
0
VERTEX
8
HATCH
10
249.5503
20
145.3059
30
0
0
VERTEX
8
HATCH
10
249.5041
20
145.1221
30
0
0
VERTEX
8
HATCH
10
249.4615
20
144.9377
30
0
0
VERTEX
8
HATCH
10
249.4205
20
144.7494
30
0
0
VERTEX
8
HATCH
10
249.3792
20
144.5540
30
0
0
VERTEX
8
HATCH
10
249.3358
20
144.3481
30
0
0
VERTEX
8
HATCH
10
249.2931
20
144.1270
30
0
0
VERTEX
8
HATCH
10
249.2551
20
143.8915
30
0
0
VERTEX
8
HATCH
10
249.2213
20
143.6461
30
0
0
VERTEX
8
HATCH
10
249.1913
20
143.3955
30
0
0
VERTEX
8
HATCH
10
249.1649
20
143.1444
30
0
0
VERTEX
8
HATCH
10
249.1415
20
142.8973
30
0
0
VERTEX
8
HATCH
10
249.1209
20
142.6590
30
0
0
VERTEX
8
HATCH
10
249.1027
20
142.4339
30
0
0
VERTEX
8
HATCH
10
249.0865
20
142.2269
30
0
0
VERTEX
8
HATCH
10
249.0720
20
142.0424
30
0
0
VERTEX
8
HATCH
10
249.0587
20
141.8852
30
0
0
VERTEX
8
HATCH
10
249.0463
20
141.7599
30
0
0
VERTEX
8
HATCH
10
249.0463
20
141.7599
30
0
0
VERTEX
8
HATCH
10
245.4240
20
109.3763
30
0
0
VERTEX
8
HATCH
10
245.4240
20
109.3763
30
0
0
VERTEX
8
HATCH
10
247.4365
20
109.3763
30
0
0
VERTEX
8
HATCH
10
247.4365
20
109.3763
30
0
0
VERTEX
8
HATCH
10
247.6568
20
111.3463
30
0
0
VERTEX
8
HATCH
10
247.6568
20
111.3463
30
0
0
VERTEX
8
HATCH
10
252.0214
20
111.3463
30
0
0
VERTEX
8
HATCH
10
252.0214
20
111.3463
30
0
0
VERTEX
8
HATCH
10
252.0214
20
112.1463
30
0
0
VERTEX
8
HATCH
10
252.0214
20
112.1463
30
0
0
VERTEX
8
HATCH
10
247.7463
20
112.1463
30
0
0
VERTEX
8
HATCH
10
247.7463
20
112.1463
30
0
0
VERTEX
8
HATCH
10
249.0438
20
123.7463
30
0
0
VERTEX
8
HATCH
10
249.0438
20
123.7463
30
0
0
VERTEX
8
HATCH
10
252.0214
20
123.7463
30
0
0
VERTEX
8
HATCH
10
252.0214
20
123.7463
30
0
0
VERTEX
8
HATCH
10
252.0214
20
124.5463
30
0
0
VERTEX
8
HATCH
10
252.0214
20
124.5463
30
0
0
VERTEX
8
HATCH
10
249.1333
20
124.5463
30
0
0
VERTEX
8
HATCH
10
249.1333
20
124.5463
30
0
0
VERTEX
8
HATCH
10
249.6199
20
128.8963
30
0
0
VERTEX
8
HATCH
10
249.6199
20
128.8963
30
0
0
VERTEX
8
HATCH
10
253.0214
20
128.8963
30
0
0
VERTEX
8
HATCH
10
253.0214
20
128.8963
30
0
0
VERTEX
8
HATCH
10
253.0214
20
131.5463
30
0
0
VERTEX
8
HATCH
10
253.0214
20
131.5463
30
0
0
VERTEX
8
HATCH
10
249.9163
20
131.5463
30
0
0
VERTEX
8
HATCH
10
249.9163
20
131.5463
30
0
0
VERTEX
8
HATCH
10
250.3861
20
135.7463
30
0
0
VERTEX
8
HATCH
10
250.3861
20
135.7463
30
0
0
VERTEX
8
HATCH
10
253.0214
20
135.7463
30
0
0
VERTEX
8
HATCH
10
253.0214
20
135.7463
30
0
0
VERTEX
8
HATCH
10
253.0214
20
138.3963
30
0
0
VERTEX
8
HATCH
10
253.0214
20
138.3963
30
0
0
VERTEX
8
HATCH
10
250.6825
20
138.3963
30
0
0
VERTEX
8
HATCH
10
250.6825
20
138.3963
30
0
0
VERTEX
8
HATCH
10
251.0339
20
141.5376
30
0
0
VERTEX
8
HATCH
10
251.0339
20
141.5376
30
0
0
VERTEX
8
HATCH
10
251.0440
20
141.6388
30
0
0
VERTEX
8
HATCH
10
251.0551
20
141.7656
30
0
0
VERTEX
8
HATCH
10
251.0674
20
141.9144
30
0
0
VERTEX
8
HATCH
10
251.0810
20
142.0815
30
0
0
VERTEX
8
HATCH
10
251.0963
20
142.2630
30
0
0
VERTEX
8
HATCH
10
251.1134
20
142.4554
30
0
0
VERTEX
8
HATCH
10
251.1326
20
142.6548
30
0
0
VERTEX
8
HATCH
10
251.1541
20
142.8575
30
0
0
VERTEX
8
HATCH
10
251.1781
20
143.0599
30
0
0
VERTEX
8
HATCH
10
251.2049
20
143.2581
30
0
0
VERTEX
8
HATCH
10
251.2347
20
143.4485
30
0
0
VERTEX
8
HATCH
10
251.2676
20
143.6272
30
0
0
VERTEX
8
HATCH
10
251.3007
20
143.7931
30
0
0
VERTEX
8
HATCH
10
251.3315
20
143.9492
30
0
0
VERTEX
8
HATCH
10
251.3617
20
144.0988
30
0
0
VERTEX
8
HATCH
10
251.3929
20
144.2448
30
0
0
VERTEX
8
HATCH
10
251.4266
20
144.3904
30
0
0
VERTEX
8
HATCH
10
251.4644
20
144.5388
30
0
0
VERTEX
8
HATCH
10
251.5079
20
144.6929
30
0
0
VERTEX
8
HATCH
10
251.5586
20
144.8560
30
0
0
VERTEX
8
HATCH
10
251.6182
20
145.0311
30
0
0
VERTEX
8
HATCH
10
251.6882
20
145.2214
30
0
0
VERTEX
8
HATCH
10
251.7702
20
145.4300
30
0
0
VERTEX
8
HATCH
10
251.8657
20
145.6599
30
0
0
VERTEX
8
HATCH
10
251.9790
20
145.9196
30
0
0
VERTEX
8
HATCH
10
252.1109
20
146.2111
30
0
0
VERTEX
8
HATCH
10
252.2583
20
146.5279
30
0
0
VERTEX
8
HATCH
10
252.4177
20
146.8633
30
0
0
VERTEX
8
HATCH
10
252.5859
20
147.2107
30
0
0
VERTEX
8
HATCH
10
252.7598
20
147.5636
30
0
0
VERTEX
8
HATCH
10
252.9359
20
147.9153
30
0
0
VERTEX
8
HATCH
10
253.1110
20
148.2593
30
0
0
VERTEX
8
HATCH
10
253.2819
20
148.5890
30
0
0
VERTEX
8
HATCH
10
253.4452
20
148.8978
30
0
0
VERTEX
8
HATCH
10
253.5978
20
149.1791
30
0
0
VERTEX
8
HATCH
10
253.7363
20
149.4263
30
0
0
VERTEX
8
HATCH
10
253.8565
20
149.6365
30
0
0
VERTEX
8
HATCH
10
253.9595
20
149.8148
30
0
0
VERTEX
8
HATCH
10
254.0495
20
149.9672
30
0
0
VERTEX
8
HATCH
10
254.1310
20
150.0995
30
0
0
VERTEX
8
HATCH
10
254.2081
20
150.2175
30
0
0
VERTEX
8
HATCH
10
254.2854
20
150.3270
30
0
0
VERTEX
8
HATCH
10
254.3671
20
150.4337
30
0
0
VERTEX
8
HATCH
10
254.4576
20
150.5437
30
0
0
VERTEX
8
HATCH
10
254.5612
20
150.6626
30
0
0
VERTEX
8
HATCH
10
254.6823
20
150.7962
30
0
0
VERTEX
8
HATCH
10
254.8252
20
150.9505
30
0
0
VERTEX
8
HATCH
10
254.9943
20
151.1312
30
0
0
VERTEX
8
HATCH
10
255.1945
20
151.3412
30
0
0
VERTEX
8
HATCH
10
255.4242
20
151.5761
30
0
0
VERTEX
8
HATCH
10
255.6780
20
151.8306
30
0
0
VERTEX
8
HATCH
10
255.9503
20
152.0993
30
0
0
VERTEX
8
HATCH
10
256.2357
20
152.3771
30
0
0
VERTEX
8
HATCH
10
256.5289
20
152.6584
30
0
0
VERTEX
8
HATCH
10
256.8242
20
152.9381
30
0
0
VERTEX
8
HATCH
10
257.1163
20
153.2109
30
0
0
VERTEX
8
HATCH
10
257.3998
20
153.4713
30
0
0
VERTEX
8
HATCH
10
257.6691
20
153.7142
30
0
0
VERTEX
8
HATCH
10
257.9189
20
153.9342
30
0
0
VERTEX
8
HATCH
10
258.1436
20
154.1260
30
0
0
VERTEX
8
HATCH
10
258.3451
20
154.2914
30
0
0
VERTEX
8
HATCH
10
258.5304
20
154.4373
30
0
0
VERTEX
8
HATCH
10
258.7022
20
154.5662
30
0
0
VERTEX
8
HATCH
10
258.8628
20
154.6803
30
0
0
VERTEX
8
HATCH
10
259.0148
20
154.7822
30
0
0
VERTEX
8
HATCH
10
259.1605
20
154.8742
30
0
0
VERTEX
8
HATCH
10
259.3025
20
154.9587
30
0
0
VERTEX
8
HATCH
10
259.4433
20
155.0382
30
0
0
VERTEX
8
HATCH
10
259.5852
20
155.1151
30
0
0
VERTEX
8
HATCH
10
259.7309
20
155.1917
30
0
0
VERTEX
8
HATCH
10
259.8827
20
155.2705
30
0
0
VERTEX
8
HATCH
10
260.0432
20
155.3539
30
0
0
VERTEX
8
HATCH
10
260.2166
20
155.4405
30
0
0
VERTEX
8
HATCH
10
260.4029
20
155.5269
30
0
0
VERTEX
8
HATCH
10
260.5983
20
155.6123
30
0
0
VERTEX
8
HATCH
10
260.7988
20
155.6959
30
0
0
VERTEX
8
HATCH
10
261.0005
20
155.7768
30
0
0
VERTEX
8
HATCH
10
261.1995
20
155.8543
30
0
0
VERTEX
8
HATCH
10
261.3919
20
155.9275
30
0
0
VERTEX
8
HATCH
10
261.5738
20
155.9956
30
0
0
VERTEX
8
HATCH
10
261.7413
20
156.0578
30
0
0
VERTEX
8
HATCH
10
261.8905
20
156.1134
30
0
0
VERTEX
8
HATCH
10
262.0175
20
156.1614
30
0
0
VERTEX
8
HATCH
10
262.1183
20
156.2012
30
0
0
VERTEX
8
HATCH
10
262.1183
20
156.2012
30
0
0
VERTEX
8
HATCH
10
262.1356
20
156.2084
30
0
0
VERTEX
8
HATCH
10
262.1573
20
156.2175
30
0
0
VERTEX
8
HATCH
10
262.1826
20
156.2283
30
0
0
VERTEX
8
HATCH
10
262.2110
20
156.2405
30
0
0
VERTEX
8
HATCH
10
262.2418
20
156.2536
30
0
0
VERTEX
8
HATCH
10
262.2746
20
156.2675
30
0
0
VERTEX
8
HATCH
10
262.3087
20
156.2818
30
0
0
VERTEX
8
HATCH
10
262.3435
20
156.2961
30
0
0
VERTEX
8
HATCH
10
262.3783
20
156.3102
30
0
0
VERTEX
8
HATCH
10
262.4127
20
156.3237
30
0
0
VERTEX
8
HATCH
10
262.4459
20
156.3363
30
0
0
VERTEX
8
HATCH
10
262.4775
20
156.3478
30
0
0
VERTEX
8
HATCH
10
262.5068
20
156.3582
30
0
0
VERTEX
8
HATCH
10
262.5343
20
156.3680
30
0
0
VERTEX
8
HATCH
10
262.5606
20
156.3773
30
0
0
VERTEX
8
HATCH
10
262.5863
20
156.3862
30
0
0
VERTEX
8
HATCH
10
262.6121
20
156.3948
30
0
0
VERTEX
8
HATCH
10
262.6386
20
156.4034
30
0
0
VERTEX
8
HATCH
10
262.6666
20
156.4119
30
0
0
VERTEX
8
HATCH
10
262.6965
20
156.4206
30
0
0
VERTEX
8
HATCH
10
262.7292
20
156.4296
30
0
0
VERTEX
8
HATCH
10
262.7653
20
156.4389
30
0
0
VERTEX
8
HATCH
10
262.8053
20
156.4488
30
0
0
VERTEX
8
HATCH
10
262.8500
20
156.4593
30
0
0
VERTEX
8
HATCH
10
262.9010
20
156.4707
30
0
0
VERTEX
8
HATCH
10
262.9587
20
156.4833
30
0
0
VERTEX
8
HATCH
10
263.0218
20
156.4966
30
0
0
VERTEX
8
HATCH
10
263.0889
20
156.5104
30
0
0
VERTEX
8
HATCH
10
263.1586
20
156.5245
30
0
0
VERTEX
8
HATCH
10
263.2298
20
156.5386
30
0
0
VERTEX
8
HATCH
10
263.3010
20
156.5524
30
0
0
VERTEX
8
HATCH
10
263.3709
20
156.5658
30
0
0
VERTEX
8
HATCH
10
263.4382
20
156.5783
30
0
0
VERTEX
8
HATCH
10
263.5016
20
156.5898
30
0
0
VERTEX
8
HATCH
10
263.5598
20
156.6000
30
0
0
VERTEX
8
HATCH
10
263.6114
20
156.6087
30
0
0
VERTEX
8
HATCH
10
263.6567
20
156.6159
30
0
0
VERTEX
8
HATCH
10
263.6975
20
156.6219
30
0
0
VERTEX
8
HATCH
10
263.7344
20
156.6269
30
0
0
VERTEX
8
HATCH
10
263.7681
20
156.6309
30
0
0
VERTEX
8
HATCH
10
263.7991
20
156.6342
30
0
0
VERTEX
8
HATCH
10
263.8282
20
156.6369
30
0
0
VERTEX
8
HATCH
10
263.8560
20
156.6390
30
0
0
VERTEX
8
HATCH
10
263.8832
20
156.6407
30
0
0
VERTEX
8
HATCH
10
263.9104
20
156.6422
30
0
0
VERTEX
8
HATCH
10
263.9382
20
156.6435
30
0
0
VERTEX
8
HATCH
10
263.9673
20
156.6449
30
0
0
VERTEX
8
HATCH
10
263.9984
20
156.6463
30
0
0
VERTEX
8
HATCH
10
264.0319
20
156.6476
30
0
0
VERTEX
8
HATCH
10
264.0675
20
156.6485
30
0
0
VERTEX
8
HATCH
10
264.1044
20
156.6490
30
0
0
VERTEX
8
HATCH
10
264.1420
20
156.6491
30
0
0
VERTEX
8
HATCH
10
264.1796
20
156.6490
30
0
0
VERTEX
8
HATCH
10
264.2166
20
156.6487
30
0
0
VERTEX
8
HATCH
10
264.2521
20
156.6482
30
0
0
VERTEX
8
HATCH
10
264.2857
20
156.6477
30
0
0
VERTEX
8
HATCH
10
264.3166
20
156.6472
30
0
0
VERTEX
8
HATCH
10
264.3441
20
156.6468
30
0
0
VERTEX
8
HATCH
10
264.3676
20
156.6464
30
0
0
VERTEX
8
HATCH
10
264.3863
20
156.6463
30
0
0
VERTEX
8
HATCH
10
264.3863
20
156.6463
30
0
0
VERTEX
8
HATCH
10
266.0214
20
156.6463
30
0
0
VERTEX
8
HATCH
10
266.0214
20
156.6463
30
0
0
VERTEX
8
HATCH
10
266.0214
20
157.6463
30
0
0
VERTEX
8
HATCH
10
266.0214
20
157.6463
30
0
0
VERTEX
8
HATCH
10
264.0214
20
157.6463
30
0
0
SEQEND
8
HATCH
0
LINE
8
HATCH
10
262.7994
20
84.6463
30
0
11
264.7994
21
86.6463
31
0
0
LINE
8
HATCH
10
258.5264
20
84.8634
30
0
11
260.3046
21
86.6416
31
0
0
LINE
8
HATCH
10
255.2922
20
86.1193
30
0
11
256.7894
21
87.6166
31
0
0
LINE
8
HATCH
10
252.5488
20
87.8661
30
0
11
253.9708
21
89.2881
31
0
0
LINE
8
HATCH
10
250.1139
20
89.9214
30
0
11
251.5673
21
91.3747
31
0
0
LINE
8
HATCH
10
248.2415
20
92.5390
30
0
11
249.6796
21
93.9772
31
0
0
LINE
8
HATCH
10
246.5380
20
95.3257
30
0
11
248.0653
21
96.8530
31
0
0
LINE
8
HATCH
10
250.9586
20
99.7463
30
0
11
251.7586
21
100.5463
31
0
0
LINE
8
HATCH
10
245.4783
20
98.7561
30
0
11
247.2685
21
100.5463
31
0
0
LINE
8
HATCH
10
244.7699
20
102.5379
30
0
11
246.9118
21
104.6797
31
0
0
LINE
8
HATCH
10
247.1183
20
109.3763
30
0
11
247.4765
21
109.7346
31
0
0
LINE
8
HATCH
10
249.0883
20
111.3463
30
0
11
249.8883
21
112.1463
31
0
0
LINE
8
HATCH
10
245.7761
20
112.5243
30
0
11
248.0420
21
114.7902
31
0
0
LINE
8
HATCH
10
246.3416
20
117.5799
30
0
11
248.6075
21
119.8459
31
0
0
LINE
8
HATCH
10
246.9071
20
122.6356
30
0
11
249.1730
21
124.9015
31
0
0
LINE
8
HATCH
10
247.4726
20
127.6912
30
0
11
251.3277
21
131.5463
31
0
0
LINE
8
HATCH
10
248.0381
20
132.7468
30
0
11
250.3041
21
135.0128
31
0
0
LINE
8
HATCH
10
251.0376
20
135.7463
30
0
11
253.0214
21
137.7302
31
0
0
LINE
8
HATCH
10
248.6036
20
137.8025
30
0
11
250.8696
21
140.0684
31
0
0
LINE
8
HATCH
10
249.1352
20
142.8242
30
0
11
251.7909
21
145.4799
31
0
0
LINE
8
HATCH
10
262.7446
20
156.4335
30
0
11
264.0214
21
157.7104
31
0
0
LINE
8
HATCH
10
251.7650
20
149.9441
30
0
11
258.7542
21
156.9333
31
0
0
POLYLINE
8
HATCH
66
1
70
1
10
0
20
0
30
0
0
VERTEX
8
HATCH
10
96.5112
20
52.4240
30
0
0
VERTEX
8
HATCH
10
96.4661
20
52.3994
30
0
0
VERTEX
8
HATCH
10
96.4095
20
52.3689
30
0
0
VERTEX
8
HATCH
10
96.3430
20
52.3333
30
0
0
VERTEX
8
HATCH
10
96.2684
20
52.2934
30
0
0
VERTEX
8
HATCH
10
96.1873
20
52.2499
30
0
0
VERTEX
8
HATCH
10
96.1015
20
52.2035
30
0
0
VERTEX
8
HATCH
10
96.0126
20
52.1552
30
0
0
VERTEX
8
HATCH
10
95.9222
20
52.1055
30
0
0
VERTEX
8
HATCH
10
95.8322
20
52.0554
30
0
0
VERTEX
8
HATCH
10
95.7441
20
52.0054
30
0
0
VERTEX
8
HATCH
10
95.6596
20
51.9565
30
0
0
VERTEX
8
HATCH
10
95.5806
20
51.9093
30
0
0
VERTEX
8
HATCH
10
95.5106
20
51.8676
30
0
0
VERTEX
8
HATCH
10
95.4504
20
51.8327
30
0
0
VERTEX
8
HATCH
10
95.3967
20
51.8023
30
0
0
VERTEX
8
HATCH
10
95.3464
20
51.7738
30
0
0
VERTEX
8
HATCH
10
95.2965
20
51.7448
30
0
0
VERTEX
8
HATCH
10
95.2436
20
51.7128
30
0
0
VERTEX
8
HATCH
10
95.1848
20
51.6754
30
0
0
VERTEX
8
HATCH
10
95.1169
20
51.6300
30
0
0
VERTEX
8
HATCH
10
95.0367
20
51.5742
30
0
0
VERTEX
8
HATCH
10
94.9411
20
51.5055
30
0
0
VERTEX
8
HATCH
10
94.8269
20
51.4215
30
0
0
VERTEX
8
HATCH
10
94.6911
20
51.3196
30
0
0
VERTEX
8
HATCH
10
94.5281
20
51.1970
30
0
0
VERTEX
8
HATCH
10
94.3380
20
51.0542
30
0
0
VERTEX
8
HATCH
10
94.1256
20
50.8947
30
0
0
VERTEX
8
HATCH
10
93.8959
20
50.7215
30
0
0
VERTEX
8
HATCH
10
93.6540
20
50.5379
30
0
0
VERTEX
8
HATCH
10
93.4049
20
50.3471
30
0
0
VERTEX
8
HATCH
10
93.1534
20
50.1524
30
0
0
VERTEX
8
HATCH
10
92.9046
20
49.9568
30
0
0
VERTEX
8
HATCH
10
92.6634
20
49.7638
30
0
0
VERTEX
8
HATCH
10
92.4349
20
49.5764
30
0
0
VERTEX
8
HATCH
10
92.2240
20
49.3979
30
0
0
VERTEX
8
HATCH
10
92.0358
20
49.2315
30
0
0
VERTEX
8
HATCH
10
91.8667
20
49.0753
30
0
0
VERTEX
8
HATCH
10
91.7094
20
48.9245
30
0
0
VERTEX
8
HATCH
10
91.5623
20
48.7783
30
0
0
VERTEX
8
HATCH
10
91.4243
20
48.6355
30
0
0
VERTEX
8
HATCH
10
91.2939
20
48.4952
30
0
0
VERTEX
8
HATCH
10
91.1699
20
48.3563
30
0
0
VERTEX
8
HATCH
10
91.0508
20
48.2178
30
0
0
VERTEX
8
HATCH
10
90.9354
20
48.0788
30
0
0
VERTEX
8
HATCH
10
90.8223
20
47.9382
30
0
0
VERTEX
8
HATCH
10
90.7102
20
47.7950
30
0
0
VERTEX
8
HATCH
10
90.5977
20
47.6482
30
0
0
VERTEX
8
HATCH
10
90.4835
20
47.4968
30
0
0
VERTEX
8
HATCH
10
90.3664
20
47.3349
30
0
0
VERTEX
8
HATCH
10
90.2470
20
47.1601
30
0
0
VERTEX
8
HATCH
10
90.1268
20
46.9761
30
0
0
VERTEX
8
HATCH
10
90.0074
20
46.7867
30
0
0
VERTEX
8
HATCH
10
89.8904
20
46.5957
30
0
0
VERTEX
8
HATCH
10
89.7771
20
46.4070
30
0
0
VERTEX
8
HATCH
10
89.6693
20
46.2242
30
0
0
VERTEX
8
HATCH
10
89.5684
20
46.0513
30
0
0
VERTEX
8
HATCH
10
89.4760
20
45.8920
30
0
0
VERTEX
8
HATCH
10
89.3935
20
45.7502
30
0
0
VERTEX
8
HATCH
10
89.3226
20
45.6296
30
0
0
VERTEX
8
HATCH
10
89.2648
20
45.5340
30
0
0
VERTEX
8
HATCH
10
89.2985
20
45.5881
30
0
0
VERTEX
8
HATCH
10
89.2742
20
45.5491
30
0
0
VERTEX
8
HATCH
10
89.2499
20
45.5100
30
0
0
VERTEX
8
HATCH
10
89.2258
20
45.4709
30
0
0
VERTEX
8
HATCH
10
89.2017
20
45.4317
30
0
0
VERTEX
8
HATCH
10
89.1777
20
45.3925
30
0
0
VERTEX
8
HATCH
10
89.1538
20
45.3532
30
0
0
VERTEX
8
HATCH
10
89.1300
20
45.3138
30
0
0
VERTEX
8
HATCH
10
89.1063
20
45.2744
30
0
0
VERTEX
8
HATCH
10
89.0827
20
45.2350
30
0
0
VERTEX
8
HATCH
10
89.0592
20
45.1955
30
0
0
VERTEX
8
HATCH
10
89.0358
20
45.1559
30
0
0
VERTEX
8
HATCH
10
89.0125
20
45.1163
30
0
0
VERTEX
8
HATCH
10
88.9892
20
45.0766
30
0
0
VERTEX
8
HATCH
10
88.9661
20
45.0369
30
0
0
VERTEX
8
HATCH
10
88.9430
20
44.9971
30
0
0
VERTEX
8
HATCH
10
88.9200
20
44.9572
30
0
0
VERTEX
8
HATCH
10
88.8856
20
44.8971
30
0
0
VERTEX
8
HATCH
10
91.2534
20
44.8971
30
0
0
VERTEX
8
HATCH
10
91.2828
20
44.9415
30
0
0
VERTEX
8
HATCH
10
91.5109
20
45.2754
30
0
0
VERTEX
8
HATCH
10
91.7464
20
45.6041
30
0
0
VERTEX
8
HATCH
10
91.9892
20
45.9273
30
0
0
VERTEX
8
HATCH
10
92.2393
20
46.2448
30
0
0
VERTEX
8
HATCH
10
92.4964
20
46.5566
30
0
0
VERTEX
8
HATCH
10
92.7606
20
46.8625
30
0
0
VERTEX
8
HATCH
10
93.0316
20
47.1623
30
0
0
VERTEX
8
HATCH
10
93.3092
20
47.4559
30
0
0
VERTEX
8
HATCH
10
93.5935
20
47.7430
30
0
0
VERTEX
8
HATCH
10
93.8842
20
48.0237
30
0
0
VERTEX
8
HATCH
10
94.1811
20
48.2976
30
0
0
VERTEX
8
HATCH
10
94.4842
20
48.5648
30
0
0
VERTEX
8
HATCH
10
94.7932
20
48.8250
30
0
0
VERTEX
8
HATCH
10
95.1081
20
49.0781
30
0
0
VERTEX
8
HATCH
10
95.4286
20
49.3241
30
0
0
VERTEX
8
HATCH
10
95.7546
20
49.5627
30
0
0
VERTEX
8
HATCH
10
95.7612
20
49.5674
30
0
0
VERTEX
8
HATCH
10
95.7612
20
48.8971
30
0
0
VERTEX
8
HATCH
10
95.7612
20
48.8971
30
0
0
VERTEX
8
HATCH
10
97.5112
20
48.8971
30
0
0
VERTEX
8
HATCH
10
97.5112
20
48.8971
30
0
0
VERTEX
8
HATCH
10
97.5112
20
50.8971
30
0
0
VERTEX
8
HATCH
10
97.5112
20
50.8971
30
0
0
VERTEX
8
HATCH
10
96.5112
20
50.8971
30
0
0
VERTEX
8
HATCH
10
96.5112
20
50.8971
30
0
0
VERTEX
8
HATCH
10
96.5112
20
52.4240
30
0
0
SEQEND
8
HATCH
0
POLYLINE
8
HATCH
66
1
70
1
10
0
20
0
30
0
0
VERTEX
8
HATCH
10
138.1577
20
45.5340
30
0
0
VERTEX
8
HATCH
10
138.0999
20
45.6296
30
0
0
VERTEX
8
HATCH
10
138.0290
20
45.7502
30
0
0
VERTEX
8
HATCH
10
137.9465
20
45.8920
30
0
0
VERTEX
8
HATCH
10
137.8541
20
46.0513
30
0
0
VERTEX
8
HATCH
10
137.7531
20
46.2243
30
0
0
VERTEX
8
HATCH
10
137.6453
20
46.4070
30
0
0
VERTEX
8
HATCH
10
137.5321
20
46.5958
30
0
0
VERTEX
8
HATCH
10
137.4150
20
46.7868
30
0
0
VERTEX
8
HATCH
10
137.2956
20
46.9762
30
0
0
VERTEX
8
HATCH
10
137.1754
20
47.1602
30
0
0
VERTEX
8
HATCH
10
137.0560
20
47.3350
30
0
0
VERTEX
8
HATCH
10
136.9389
20
47.4969
30
0
0
VERTEX
8
HATCH
10
136.8247
20
47.6483
30
0
0
VERTEX
8
HATCH
10
136.7122
20
47.7951
30
0
0
VERTEX
8
HATCH
10
136.6001
20
47.9383
30
0
0
VERTEX
8
HATCH
10
136.4870
20
48.0789
30
0
0
VERTEX
8
HATCH
10
136.3716
20
48.2180
30
0
0
VERTEX
8
HATCH
10
136.2525
20
48.3564
30
0
0
VERTEX
8
HATCH
10
136.1284
20
48.4953
30
0
0
VERTEX
8
HATCH
10
135.9980
20
48.6357
30
0
0
VERTEX
8
HATCH
10
135.8600
20
48.7785
30
0
0
VERTEX
8
HATCH
10
135.7130
20
48.9247
30
0
0
VERTEX
8
HATCH
10
135.5556
20
49.0755
30
0
0
VERTEX
8
HATCH
10
135.3865
20
49.2317
30
0
0
VERTEX
8
HATCH
10
135.1983
20
49.3981
30
0
0
VERTEX
8
HATCH
10
134.9874
20
49.5766
30
0
0
VERTEX
8
HATCH
10
134.7589
20
49.7640
30
0
0
VERTEX
8
HATCH
10
134.5177
20
49.9570
30
0
0
VERTEX
8
HATCH
10
134.2689
20
50.1525
30
0
0
VERTEX
8
HATCH
10
134.0174
20
50.3473
30
0
0
VERTEX
8
HATCH
10
133.7682
20
50.5381
30
0
0
VERTEX
8
HATCH
10
133.5263
20
50.7216
30
0
0
VERTEX
8
HATCH
10
133.2967
20
50.8948
30
0
0
VERTEX
8
HATCH
10
133.0843
20
51.0544
30
0
0
VERTEX
8
HATCH
10
132.8941
20
51.1971
30
0
0
VERTEX
8
HATCH
10
132.7312
20
51.3198
30
0
0
VERTEX
8
HATCH
10
132.5954
20
51.4216
30
0
0
VERTEX
8
HATCH
10
132.4812
20
51.5056
30
0
0
VERTEX
8
HATCH
10
132.3856
20
51.5743
30
0
0
VERTEX
8
HATCH
10
132.3054
20
51.6301
30
0
0
VERTEX
8
HATCH
10
132.2375
20
51.6755
30
0
0
VERTEX
8
HATCH
10
132.1787
20
51.7129
30
0
0
VERTEX
8
HATCH
10
132.1259
20
51.7449
30
0
0
VERTEX
8
HATCH
10
132.0759
20
51.7739
30
0
0
VERTEX
8
HATCH
10
132.0256
20
51.8024
30
0
0
VERTEX
8
HATCH
10
131.9720
20
51.8328
30
0
0
VERTEX
8
HATCH
10
131.9117
20
51.8677
30
0
0
VERTEX
8
HATCH
10
131.8418
20
51.9094
30
0
0
VERTEX
8
HATCH
10
131.7627
20
51.9566
30
0
0
VERTEX
8
HATCH
10
131.6783
20
52.0055
30
0
0
VERTEX
8
HATCH
10
131.5902
20
52.0554
30
0
0
VERTEX
8
HATCH
10
131.5002
20
52.1056
30
0
0
VERTEX
8
HATCH
10
131.4099
20
52.1552
30
0
0
VERTEX
8
HATCH
10
131.3209
20
52.2036
30
0
0
VERTEX
8
HATCH
10
131.2351
20
52.2499
30
0
0
VERTEX
8
HATCH
10
131.1540
20
52.2934
30
0
0
VERTEX
8
HATCH
10
131.0794
20
52.3333
30
0
0
VERTEX
8
HATCH
10
131.0130
20
52.3689
30
0
0
VERTEX
8
HATCH
10
130.9563
20
52.3994
30
0
0
VERTEX
8
HATCH
10
130.9112
20
52.4240
30
0
0
VERTEX
8
HATCH
10
130.9112
20
52.4240
30
0
0
VERTEX
8
HATCH
10
130.9112
20
50.8971
30
0
0
VERTEX
8
HATCH
10
130.9112
20
50.8971
30
0
0
VERTEX
8
HATCH
10
129.9112
20
50.8971
30
0
0
VERTEX
8
HATCH
10
129.9112
20
50.8971
30
0
0
VERTEX
8
HATCH
10
129.9112
20
48.8971
30
0
0
VERTEX
8
HATCH
10
129.9112
20
48.8971
30
0
0
VERTEX
8
HATCH
10
131.6612
20
48.8971
30
0
0
VERTEX
8
HATCH
10
131.6612
20
48.8971
30
0
0
VERTEX
8
HATCH
10
131.6612
20
49.5674
30
0
0
VERTEX
8
HATCH
10
131.6679
20
49.5627
30
0
0
VERTEX
8
HATCH
10
131.9939
20
49.3241
30
0
0
VERTEX
8
HATCH
10
132.3144
20
49.0781
30
0
0
VERTEX
8
HATCH
10
132.6292
20
48.8250
30
0
0
VERTEX
8
HATCH
10
132.9383
20
48.5648
30
0
0
VERTEX
8
HATCH
10
133.2414
20
48.2976
30
0
0
VERTEX
8
HATCH
10
133.5383
20
48.0237
30
0
0
VERTEX
8
HATCH
10
133.8290
20
47.7430
30
0
0
VERTEX
8
HATCH
10
134.1132
20
47.4559
30
0
0
VERTEX
8
HATCH
10
134.3909
20
47.1623
30
0
0
VERTEX
8
HATCH
10
134.6619
20
46.8625
30
0
0
VERTEX
8
HATCH
10
134.9260
20
46.5566
30
0
0
VERTEX
8
HATCH
10
135.1832
20
46.2448
30
0
0
VERTEX
8
HATCH
10
135.4333
20
45.9273
30
0
0
VERTEX
8
HATCH
10
135.6761
20
45.6041
30
0
0
VERTEX
8
HATCH
10
135.9116
20
45.2754
30
0
0
VERTEX
8
HATCH
10
136.1396
20
44.9415
30
0
0
VERTEX
8
HATCH
10
136.1691
20
44.8971
30
0
0
VERTEX
8
HATCH
10
138.5369
20
44.8971
30
0
0
VERTEX
8
HATCH
10
138.5025
20
44.9572
30
0
0
VERTEX
8
HATCH
10
138.4795
20
44.9971
30
0
0
VERTEX
8
HATCH
10
138.4564
20
45.0369
30
0
0
VERTEX
8
HATCH
10
138.4333
20
45.0766
30
0
0
VERTEX
8
HATCH
10
138.4100
20
45.1163
30
0
0
VERTEX
8
HATCH
10
138.3867
20
45.1559
30
0
0
VERTEX
8
HATCH
10
138.3633
20
45.1955
30
0
0
VERTEX
8
HATCH
10
138.3397
20
45.2350
30
0
0
VERTEX
8
HATCH
10
138.3161
20
45.2744
30
0
0
VERTEX
8
HATCH
10
138.2924
20
45.3138
30
0
0
VERTEX
8
HATCH
10
138.2686
20
45.3532
30
0
0
VERTEX
8
HATCH
10
138.2448
20
45.3925
30
0
0
VERTEX
8
HATCH
10
138.2208
20
45.4317
30
0
0
VERTEX
8
HATCH
10
138.1967
20
45.4709
30
0
0
VERTEX
8
HATCH
10
138.1726
20
45.5100
30
0
0
VERTEX
8
HATCH
10
138.1483
20
45.5491
30
0
0
VERTEX
8
HATCH
10
138.1240
20
45.5881
30
0
0
SEQEND
8
HATCH
0
POLYLINE
8
HATCH
66
1
70
1
10
0
20
0
30
0
0
VERTEX
8
HATCH
10
100.5112
20
54.0946
30
0
0
VERTEX
8
HATCH
10
100.5112
20
50.8971
30
0
0
VERTEX
8
HATCH
10
100.5112
20
50.8971
30
0
0
VERTEX
8
HATCH
10
99.5112
20
50.8971
30
0
0
VERTEX
8
HATCH
10
99.5112
20
50.8971
30
0
0
VERTEX
8
HATCH
10
99.5112
20
48.8971
30
0
0
VERTEX
8
HATCH
10
99.5112
20
48.8971
30
0
0
VERTEX
8
HATCH
10
101.2612
20
48.8971
30
0
0
VERTEX
8
HATCH
10
101.2612
20
48.8971
30
0
0
VERTEX
8
HATCH
10
101.2612
20
52.2115
30
0
0
VERTEX
8
HATCH
10
101.2009
20
52.1943
30
0
0
VERTEX
8
HATCH
10
101.4980
20
52.2769
30
0
0
VERTEX
8
HATCH
10
101.7966
20
52.3545
30
0
0
VERTEX
8
HATCH
10
102.0964
20
52.4269
30
0
0
VERTEX
8
HATCH
10
102.3975
20
52.4941
30
0
0
VERTEX
8
HATCH
10
102.6998
20
52.5562
30
0
0
VERTEX
8
HATCH
10
103.0031
20
52.6130
30
0
0
VERTEX
8
HATCH
10
103.3074
20
52.6646
30
0
0
VERTEX
8
HATCH
10
103.6126
20
52.7110
30
0
0
VERTEX
8
HATCH
10
103.9186
20
52.7522
30
0
0
VERTEX
8
HATCH
10
104.2253
20
52.7880
30
0
0
VERTEX
8
HATCH
10
104.5326
20
52.8187
30
0
0
VERTEX
8
HATCH
10
104.8405
20
52.8440
30
0
0
VERTEX
8
HATCH
10
105.1488
20
52.8640
30
0
0
VERTEX
8
HATCH
10
105.4574
20
52.8788
30
0
0
VERTEX
8
HATCH
10
105.7663
20
52.8882
30
0
0
VERTEX
8
HATCH
10
106.0754
20
52.8924
30
0
0
VERTEX
8
HATCH
10
106.1630
20
52.8926
30
0
0
VERTEX
8
HATCH
10
108.3112
20
52.8926
30
0
0
VERTEX
8
HATCH
10
108.3112
20
52.8926
30
0
0
VERTEX
8
HATCH
10
108.3112
20
48.8971
30
0
0
VERTEX
8
HATCH
10
108.3112
20
48.8971
30
0
0
VERTEX
8
HATCH
10
109.1112
20
48.8971
30
0
0
VERTEX
8
HATCH
10
109.1112
20
48.8971
30
0
0
VERTEX
8
HATCH
10
109.1112
20
52.8926
30
0
0
VERTEX
8
HATCH
10
109.1112
20
52.8926
30
0
0
VERTEX
8
HATCH
10
118.3112
20
52.8926
30
0
0
VERTEX
8
HATCH
10
118.3112
20
52.8926
30
0
0
VERTEX
8
HATCH
10
118.3112
20
48.8971
30
0
0
VERTEX
8
HATCH
10
118.3112
20
48.8971
30
0
0
VERTEX
8
HATCH
10
119.1112
20
48.8971
30
0
0
VERTEX
8
HATCH
10
119.1112
20
48.8971
30
0
0
VERTEX
8
HATCH
10
119.1112
20
52.8926
30
0
0
VERTEX
8
HATCH
10
119.1112
20
52.8926
30
0
0
VERTEX
8
HATCH
10
121.2595
20
52.8926
30
0
0
VERTEX
8
HATCH
10
121.3471
20
52.8924
30
0
0
VERTEX
8
HATCH
10
121.6562
20
52.8882
30
0
0
VERTEX
8
HATCH
10
121.9651
20
52.8788
30
0
0
VERTEX
8
HATCH
10
122.2737
20
52.8640
30
0
0
VERTEX
8
HATCH
10
122.5820
20
52.8440
30
0
0
VERTEX
8
HATCH
10
122.8898
20
52.8187
30
0
0
VERTEX
8
HATCH
10
123.1971
20
52.7880
30
0
0
VERTEX
8
HATCH
10
123.5038
20
52.7522
30
0
0
VERTEX
8
HATCH
10
123.8098
20
52.7110
30
0
0
VERTEX
8
HATCH
10
124.1150
20
52.6646
30
0
0
VERTEX
8
HATCH
10
124.4193
20
52.6130
30
0
0
VERTEX
8
HATCH
10
124.7227
20
52.5562
30
0
0
VERTEX
8
HATCH
10
125.0249
20
52.4941
30
0
0
VERTEX
8
HATCH
10
125.3260
20
52.4269
30
0
0
VERTEX
8
HATCH
10
125.6259
20
52.3545
30
0
0
VERTEX
8
HATCH
10
125.9244
20
52.2769
30
0
0
VERTEX
8
HATCH
10
126.2216
20
52.1943
30
0
0
VERTEX
8
HATCH
10
126.1612
20
52.2115
30
0
0
VERTEX
8
HATCH
10
126.1612
20
48.8971
30
0
0
VERTEX
8
HATCH
10
126.1612
20
48.8971
30
0
0
VERTEX
8
HATCH
10
127.9112
20
48.8971
30
0
0
VERTEX
8
HATCH
10
127.9112
20
48.8971
30
0
0
VERTEX
8
HATCH
10
127.9112
20
50.8971
30
0
0
VERTEX
8
HATCH
10
127.9112
20
50.8971
30
0
0
VERTEX
8
HATCH
10
126.9112
20
50.8971
30
0
0
VERTEX
8
HATCH
10
126.9112
20
50.8971
30
0
0
VERTEX
8
HATCH
10
126.9112
20
54.0946
30
0
0
VERTEX
8
HATCH
10
126.9767
20
54.0752
30
0
0
VERTEX
8
HATCH
10
126.6360
20
54.1735
30
0
0
VERTEX
8
HATCH
10
126.2934
20
54.2656
30
0
0
VERTEX
8
HATCH
10
125.9493
20
54.3517
30
0
0
VERTEX
8
HATCH
10
125.6036
20
54.4316
30
0
0
VERTEX
8
HATCH
10
125.2565
20
54.5054
30
0
0
VERTEX
8
HATCH
10
124.9081
20
54.5729
30
0
0
VERTEX
8
HATCH
10
124.5585
20
54.6343
30
0
0
VERTEX
8
HATCH
10
124.2079
20
54.6895
30
0
0
VERTEX
8
HATCH
10
123.8562
20
54.7384
30
0
0
VERTEX
8
HATCH
10
123.5037
20
54.7810
30
0
0
VERTEX
8
HATCH
10
123.1504
20
54.8174
30
0
0
VERTEX
8
HATCH
10
122.7964
20
54.8475
30
0
0
VERTEX
8
HATCH
10
122.4419
20
54.8713
30
0
0
VERTEX
8
HATCH
10
122.0870
20
54.8888
30
0
0
VERTEX
8
HATCH
10
121.7318
20
54.9000
30
0
0
VERTEX
8
HATCH
10
121.3764
20
54.9048
30
0
0
VERTEX
8
HATCH
10
121.2791
20
54.9051
30
0
0
VERTEX
8
HATCH
10
106.1434
20
54.9051
30
0
0
VERTEX
8
HATCH
10
106.0461
20
54.9048
30
0
0
VERTEX
8
HATCH
10
105.6907
20
54.9000
30
0
0
VERTEX
8
HATCH
10
105.3354
20
54.8888
30
0
0
VERTEX
8
HATCH
10
104.9805
20
54.8713
30
0
0
VERTEX
8
HATCH
10
104.6261
20
54.8475
30
0
0
VERTEX
8
HATCH
10
104.2721
20
54.8174
30
0
0
VERTEX
8
HATCH
10
103.9188
20
54.7810
30
0
0
VERTEX
8
HATCH
10
103.5663
20
54.7384
30
0
0
VERTEX
8
HATCH
10
103.2146
20
54.6895
30
0
0
VERTEX
8
HATCH
10
102.8639
20
54.6343
30
0
0
VERTEX
8
HATCH
10
102.5143
20
54.5729
30
0
0
VERTEX
8
HATCH
10
102.1659
20
54.5054
30
0
0
VERTEX
8
HATCH
10
101.8188
20
54.4316
30
0
0
VERTEX
8
HATCH
10
101.4732
20
54.3517
30
0
0
VERTEX
8
HATCH
10
101.1290
20
54.2656
30
0
0
VERTEX
8
HATCH
10
100.7865
20
54.1735
30
0
0
VERTEX
8
HATCH
10
100.4457
20
54.0752
30
0
0
SEQEND
8
HATCH
0
LINE
8
HATCH
10
137.7377
20
44.8971
30
0
11
138.2403
21
45.3997
31
0
0
LINE
8
HATCH
10
134.9173
20
46.5668
30
0
11
136.4609
21
48.1104
31
0
0
LINE
8
HATCH
10
132.6597
20
48.7993
30
0
11
134.1246
21
50.2643
31
0
0
LINE
8
HATCH
10
129.9112
20
50.5410
30
0
11
130.2674
21
50.8971
31
0
0
LINE
8
HATCH
10
130.9112
20
51.5410
30
0
11
131.4845
21
52.1142
31
0
0
LINE
8
HATCH
10
126.1612
20
51.2811
30
0
11
126.9112
21
52.0311
31
0
0
LINE
8
HATCH
10
123.1798
20
52.7898
30
0
11
124.9540
21
54.5640
31
0
0
LINE
8
HATCH
10
118.3112
20
52.4114
30
0
11
120.8050
21
54.9051
31
0
0
LINE
8
HATCH
10
114.3023
20
52.8926
30
0
11
116.3148
21
54.9051
31
0
0
LINE
8
HATCH
10
108.3112
20
51.3916
30
0
11
109.1112
21
52.1916
31
0
0
LINE
8
HATCH
10
109.8122
20
52.8926
30
0
11
111.8247
21
54.9051
31
0
0
LINE
8
HATCH
10
105.3008
20
52.8713
30
0
11
107.3346
21
54.9051
31
0
0
LINE
8
HATCH
10
96.8365
20
48.8971
30
0
11
97.5112
21
49.5719
31
0
0
LINE
8
HATCH
10
100.5112
20
52.5719
30
0
11
102.5118
21
54.5725
31
0
0
LINE
8
HATCH
10
89.6635
20
46.2143
30
0
11
94.9896
21
51.5404
31
0
0
POLYLINE
8
HATCH
66
1
70
1
10
0
20
0
30
0
0
VERTEX
8
HATCH
10
53.4289
20
98.0496
30
0
0
VERTEX
8
HATCH
10
53.4382
20
98.0712
30
0
0
VERTEX
8
HATCH
10
53.4500
20
98.0982
30
0
0
VERTEX
8
HATCH
10
53.4637
20
98.1298
30
0
0
VERTEX
8
HATCH
10
53.4792
20
98.1652
30
0
0
VERTEX
8
HATCH
10
53.4960
20
98.2038
30
0
0
VERTEX
8
HATCH
10
53.5138
20
98.2447
30
0
0
VERTEX
8
HATCH
10
53.5322
20
98.2873
30
0
0
VERTEX
8
HATCH
10
53.5509
20
98.3307
30
0
0
VERTEX
8
HATCH
10
53.5695
20
98.3742
30
0
0
VERTEX
8
HATCH
10
53.5876
20
98.4171
30
0
0
VERTEX
8
HATCH
10
53.6050
20
98.4585
30
0
0
VERTEX
8
HATCH
10
53.6212
20
98.4978
30
0
0
VERTEX
8
HATCH
10
53.6345
20
98.5295
30
0
0
VERTEX
8
HATCH
10
53.6440
20
98.5510
30
0
0
VERTEX
8
HATCH
10
53.6511
20
98.5656
30
0
0
VERTEX
8
HATCH
10
53.6570
20
98.5769
30
0
0
VERTEX
8
HATCH
10
53.6627
20
98.5883
30
0
0
VERTEX
8
HATCH
10
53.6695
20
98.6033
30
0
0
VERTEX
8
HATCH
10
53.6787
20
98.6252
30
0
0
VERTEX
8
HATCH
10
53.6914
20
98.6576
30
0
0
VERTEX
8
HATCH
10
53.7088
20
98.7040
30
0
0
VERTEX
8
HATCH
10
53.7321
20
98.7677
30
0
0
VERTEX
8
HATCH
10
53.7626
20
98.8522
30
0
0
VERTEX
8
HATCH
10
53.8014
20
98.9611
30
0
0
VERTEX
8
HATCH
10
53.8508
20
99.0978
30
0
0
VERTEX
8
HATCH
10
53.9109
20
99.2611
30
0
0
VERTEX
8
HATCH
10
53.9797
20
99.4467
30
0
0
VERTEX
8
HATCH
10
54.0552
20
99.6504
30
0
0
VERTEX
8
HATCH
10
54.1354
20
99.8680
30
0
0
VERTEX
8
HATCH
10
54.2183
20
100.0953
30
0
0
VERTEX
8
HATCH
10
54.3020
20
100.3281
30
0
0
VERTEX
8
HATCH
10
54.3845
20
100.5623
30
0
0
VERTEX
8
HATCH
10
54.4638
20
100.7936
30
0
0
VERTEX
8
HATCH
10
54.5378
20
101.0178
30
0
0
VERTEX
8
HATCH
10
54.6046
20
101.2308
30
0
0
VERTEX
8
HATCH
10
54.6623
20
101.4283
30
0
0
VERTEX
8
HATCH
10
54.7119
20
101.6096
30
0
0
VERTEX
8
HATCH
10
54.7566
20
101.7790
30
0
0
VERTEX
8
HATCH
10
54.7967
20
101.9394
30
0
0
VERTEX
8
HATCH
10
54.8331
20
102.0938
30
0
0
VERTEX
8
HATCH
10
54.8662
20
102.2455
30
0
0
VERTEX
8
HATCH
10
54.8967
20
102.3972
30
0
0
VERTEX
8
HATCH
10
54.9252
20
102.5522
30
0
0
VERTEX
8
HATCH
10
54.9523
20
102.7134
30
0
0
VERTEX
8
HATCH
10
54.9786
20
102.8839
30
0
0
VERTEX
8
HATCH
10
55.0047
20
103.0667
30
0
0
VERTEX
8
HATCH
10
55.0313
20
103.2648
30
0
0
VERTEX
8
HATCH
10
55.0589
20
103.4814
30
0
0
VERTEX
8
HATCH
10
55.0873
20
103.7237
30
0
0
VERTEX
8
HATCH
10
55.1157
20
103.9931
30
0
0
VERTEX
8
HATCH
10
55.1438
20
104.2838
30
0
0
VERTEX
8
HATCH
10
55.1713
20
104.5896
30
0
0
VERTEX
8
HATCH
10
55.1981
20
104.9048
30
0
0
VERTEX
8
HATCH
10
55.2238
20
105.2233
30
0
0
VERTEX
8
HATCH
10
55.2483
20
105.5391
30
0
0
VERTEX
8
HATCH
10
55.2712
20
105.8463
30
0
0
VERTEX
8
HATCH
10
55.2923
20
106.1389
30
0
0
VERTEX
8
HATCH
10
55.3113
20
106.4110
30
0
0
VERTEX
8
HATCH
10
55.3281
20
106.6566
30
0
0
VERTEX
8
HATCH
10
55.3423
20
106.8697
30
0
0
VERTEX
8
HATCH
10
55.3536
20
107.0492
30
0
0
VERTEX
8
HATCH
10
55.3622
20
107.2009
30
0
0
VERTEX
8
HATCH
10
55.3683
20
107.3290
30
0
0
VERTEX
8
HATCH
10
55.3723
20
107.4382
30
0
0
VERTEX
8
HATCH
10
55.3745
20
107.5328
30
0
0
VERTEX
8
HATCH
10
55.3752
20
107.6173
30
0
0
VERTEX
8
HATCH
10
55.3747
20
107.6960
30
0
0
VERTEX
8
HATCH
10
55.3735
20
107.7735
30
0
0
VERTEX
8
HATCH
10
55.3717
20
107.8541
30
0
0
VERTEX
8
HATCH
10
55.3698
20
107.9423
30
0
0
VERTEX
8
HATCH
10
55.3680
20
108.0426
30
0
0
VERTEX
8
HATCH
10
55.3668
20
108.1593
30
0
0
VERTEX
8
HATCH
10
55.3652
20
108.2928
30
0
0
VERTEX
8
HATCH
10
55.3627
20
108.4385
30
0
0
VERTEX
8
HATCH
10
55.3594
20
108.5934
30
0
0
VERTEX
8
HATCH
10
55.3554
20
108.7544
30
0
0
VERTEX
8
HATCH
10
55.3508
20
108.9186
30
0
0
VERTEX
8
HATCH
10
55.3460
20
109.0830
30
0
0
VERTEX
8
HATCH
10
55.3410
20
109.2445
30
0
0
VERTEX
8
HATCH
10
55.3360
20
109.4001
30
0
0
VERTEX
8
HATCH
10
55.3312
20
109.5469
30
0
0
VERTEX
8
HATCH
10
55.3268
20
109.6817
30
0
0
VERTEX
8
HATCH
10
55.3229
20
109.8016
30
0
0
VERTEX
8
HATCH
10
55.3197
20
109.9035
30
0
0
VERTEX
8
HATCH
10
55.3171
20
109.9870
30
0
0
VERTEX
8
HATCH
10
55.3148
20
110.0549
30
0
0
VERTEX
8
HATCH
10
55.3129
20
110.1095
30
0
0
VERTEX
8
HATCH
10
55.3112
20
110.1529
30
0
0
VERTEX
8
HATCH
10
55.3097
20
110.1875
30
0
0
VERTEX
8
HATCH
10
55.3083
20
110.2153
30
0
0
VERTEX
8
HATCH
10
55.3070
20
110.2388
30
0
0
VERTEX
8
HATCH
10
55.3057
20
110.2600
30
0
0
VERTEX
8
HATCH
10
55.3043
20
110.2812
30
0
0
VERTEX
8
HATCH
10
55.3029
20
110.3046
30
0
0
VERTEX
8
HATCH
10
55.3013
20
110.3324
30
0
0
VERTEX
8
HATCH
10
55.2994
20
110.3669
30
0
0
VERTEX
8
HATCH
10
55.2973
20
110.4069
30
0
0
VERTEX
8
HATCH
10
55.2950
20
110.4493
30
0
0
VERTEX
8
HATCH
10
55.2925
20
110.4934
30
0
0
VERTEX
8
HATCH
10
55.2899
20
110.5382
30
0
0
VERTEX
8
HATCH
10
55.2873
20
110.5830
30
0
0
VERTEX
8
HATCH
10
55.2847
20
110.6269
30
0
0
VERTEX
8
HATCH
10
55.2821
20
110.6693
30
0
0
VERTEX
8
HATCH
10
55.2797
20
110.7093
30
0
0
VERTEX
8
HATCH
10
55.2774
20
110.7460
30
0
0
VERTEX
8
HATCH
10
55.2754
20
110.7788
30
0
0
VERTEX
8
HATCH
10
55.2737
20
110.8067
30
0
0
VERTEX
8
HATCH
10
55.2724
20
110.8291
30
0
0
VERTEX
8
HATCH
10
53.2179
20
110.5763
30
0
0
VERTEX
8
HATCH
10
53.2297
20
110.5787
30
0
0
VERTEX
8
HATCH
10
53.2445
20
110.5817
30
0
0
VERTEX
8
HATCH
10
53.2619
20
110.5853
30
0
0
VERTEX
8
HATCH
10
53.2814
20
110.5894
30
0
0
VERTEX
8
HATCH
10
53.3027
20
110.5937
30
0
0
VERTEX
8
HATCH
10
53.3251
20
110.5984
30
0
0
VERTEX
8
HATCH
10
53.3484
20
110.6031
30
0
0
VERTEX
8
HATCH
10
53.3720
20
110.6079
30
0
0
VERTEX
8
HATCH
10
53.3955
20
110.6126
30
0
0
VERTEX
8
HATCH
10
53.4185
20
110.6172
30
0
0
VERTEX
8
HATCH
10
53.4404
20
110.6215
30
0
0
VERTEX
8
HATCH
10
53.4609
20
110.6254
30
0
0
VERTEX
8
HATCH
10
53.4786
20
110.6288
30
0
0
VERTEX
8
HATCH
10
53.4932
20
110.6316
30
0
0
VERTEX
8
HATCH
10
53.5056
20
110.6341
30
0
0
VERTEX
8
HATCH
10
53.5169
20
110.6363
30
0
0
VERTEX
8
HATCH
10
53.5281
20
110.6385
30
0
0
VERTEX
8
HATCH
10
53.5402
20
110.6407
30
0
0
VERTEX
8
HATCH
10
53.5542
20
110.6432
30
0
0
VERTEX
8
HATCH
10
53.5712
20
110.6461
30
0
0
VERTEX
8
HATCH
10
53.5921
20
110.6496
30
0
0
VERTEX
8
HATCH
10
53.6180
20
110.6538
30
0
0
VERTEX
8
HATCH
10
53.6499
20
110.6589
30
0
0
VERTEX
8
HATCH
10
53.6888
20
110.6650
30
0
0
VERTEX
8
HATCH
10
53.7364
20
110.6725
30
0
0
VERTEX
8
HATCH
10
53.7927
20
110.6815
30
0
0
VERTEX
8
HATCH
10
53.8561
20
110.6916
30
0
0
VERTEX
8
HATCH
10
53.9251
20
110.7026
30
0
0
VERTEX
8
HATCH
10
53.9980
20
110.7142
30
0
0
VERTEX
8
HATCH
10
54.0733
20
110.7260
30
0
0
VERTEX
8
HATCH
10
54.1493
20
110.7378
30
0
0
VERTEX
8
HATCH
10
54.2246
20
110.7493
30
0
0
VERTEX
8
HATCH
10
54.2976
20
110.7601
30
0
0
VERTEX
8
HATCH
10
54.3666
20
110.7700
30
0
0
VERTEX
8
HATCH
10
54.4302
20
110.7787
30
0
0
VERTEX
8
HATCH
10
54.4866
20
110.7859
30
0
0
VERTEX
8
HATCH
10
54.5371
20
110.7917
30
0
0
VERTEX
8
HATCH
10
54.5843
20
110.7965
30
0
0
VERTEX
8
HATCH
10
54.6283
20
110.8004
30
0
0
VERTEX
8
HATCH
10
54.6697
20
110.8036
30
0
0
VERTEX
8
HATCH
10
54.7087
20
110.8061
30
0
0
VERTEX
8
HATCH
10
54.7457
20
110.8082
30
0
0
VERTEX
8
HATCH
10
54.7811
20
110.8099
30
0
0
VERTEX
8
HATCH
10
54.8152
20
110.8113
30
0
0
VERTEX
8
HATCH
10
54.8483
20
110.8126
30
0
0
VERTEX
8
HATCH
10
54.8809
20
110.8138
30
0
0
VERTEX
8
HATCH
10
54.9133
20
110.8152
30
0
0
VERTEX
8
HATCH
10
54.9459
20
110.8169
30
0
0
VERTEX
8
HATCH
10
54.9788
20
110.8186
30
0
0
VERTEX
8
HATCH
10
55.0118
20
110.8201
30
0
0
VERTEX
8
HATCH
10
55.0445
20
110.8215
30
0
0
VERTEX
8
HATCH
10
55.0766
20
110.8228
30
0
0
VERTEX
8
HATCH
10
55.1079
20
110.8239
30
0
0
VERTEX
8
HATCH
10
55.1379
20
110.8249
30
0
0
VERTEX
8
HATCH
10
55.1662
20
110.8258
30
0
0
VERTEX
8
HATCH
10
55.1927
20
110.8266
30
0
0
VERTEX
8
HATCH
10
55.2169
20
110.8273
30
0
0
VERTEX
8
HATCH
10
55.2384
20
110.8279
30
0
0
VERTEX
8
HATCH
10
55.2571
20
110.8285
30
0
0
VERTEX
8
HATCH
10
55.2724
20
110.8291
30
0
0
VERTEX
8
HATCH
10
53.2179
20
110.5763
30
0
0
VERTEX
8
HATCH
10
53.2179
20
110.5761
30
0
0
VERTEX
8
HATCH
10
53.2179
20
110.5761
30
0
0
VERTEX
8
HATCH
10
53.2207
20
110.5238
30
0
0
VERTEX
8
HATCH
10
53.2245
20
110.4583
30
0
0
VERTEX
8
HATCH
10
53.2289
20
110.3816
30
0
0
VERTEX
8
HATCH
10
53.2340
20
110.2955
30
0
0
VERTEX
8
HATCH
10
53.2394
20
110.2019
30
0
0
VERTEX
8
HATCH
10
53.2450
20
110.1026
30
0
0
VERTEX
8
HATCH
10
53.2507
20
109.9995
30
0
0
VERTEX
8
HATCH
10
53.2562
20
109.8944
30
0
0
VERTEX
8
HATCH
10
53.2615
20
109.7893
30
0
0
VERTEX
8
HATCH
10
53.2663
20
109.6859
30
0
0
VERTEX
8
HATCH
10
53.2705
20
109.5861
30
0
0
VERTEX
8
HATCH
10
53.2739
20
109.4918
30
0
0
VERTEX
8
HATCH
10
53.2767
20
109.4012
30
0
0
VERTEX
8
HATCH
10
53.2793
20
109.3112
30
0
0
VERTEX
8
HATCH
10
53.2818
20
109.2215
30
0
0
VERTEX
8
HATCH
10
53.2839
20
109.1320
30
0
0
VERTEX
8
HATCH
10
53.2858
20
109.0424
30
0
0
VERTEX
8
HATCH
10
53.2874
20
108.9525
30
0
0
VERTEX
8
HATCH
10
53.2886
20
108.8620
30
0
0
VERTEX
8
HATCH
10
53.2894
20
108.7707
30
0
0
VERTEX
8
HATCH
10
53.2897
20
108.6784
30
0
0
VERTEX
8
HATCH
10
53.2896
20
108.5849
30
0
0
VERTEX
8
HATCH
10
53.2890
20
108.4900
30
0
0
VERTEX
8
HATCH
10
53.2879
20
108.3934
30
0
0
VERTEX
8
HATCH
10
53.2859
20
108.2914
30
0
0
VERTEX
8
HATCH
10
53.2829
20
108.1821
30
0
0
VERTEX
8
HATCH
10
53.2792
20
108.0675
30
0
0
VERTEX
8
HATCH
10
53.2748
20
107.9498
30
0
0
VERTEX
8
HATCH
10
53.2700
20
107.8311
30
0
0
VERTEX
8
HATCH
10
53.2649
20
107.7135
30
0
0
VERTEX
8
HATCH
10
53.2598
20
107.5992
30
0
0
VERTEX
8
HATCH
10
53.2548
20
107.4902
30
0
0
VERTEX
8
HATCH
10
53.2500
20
107.3888
30
0
0
VERTEX
8
HATCH
10
53.2457
20
107.2970
30
0
0
VERTEX
8
HATCH
10
53.2421
20
107.2169
30
0
0
VERTEX
8
HATCH
10
53.2393
20
107.1508
30
0
0
VERTEX
8
HATCH
10
53.2372
20
107.0995
30
0
0
VERTEX
8
HATCH
10
53.2357
20
107.0614
30
0
0
VERTEX
8
HATCH
10
53.2345
20
107.0345
30
0
0
VERTEX
8
HATCH
10
53.2338
20
107.0171
30
0
0
VERTEX
8
HATCH
10
53.2333
20
107.0071
30
0
0
VERTEX
8
HATCH
10
53.2330
20
107.0028
30
0
0
VERTEX
8
HATCH
10
53.2329
20
107.0022
30
0
0
VERTEX
8
HATCH
10
53.2328
20
107.0035
30
0
0
VERTEX
8
HATCH
10
53.2327
20
107.0048
30
0
0
VERTEX
8
HATCH
10
53.2326
20
107.0043
30
0
0
VERTEX
8
HATCH
10
53.2323
20
106.9999
30
0
0
VERTEX
8
HATCH
10
53.2317
20
106.9900
30
0
0
VERTEX
8
HATCH
10
53.2310
20
106.9761
30
0
0
VERTEX
8
HATCH
10
53.2302
20
106.9613
30
0
0
VERTEX
8
HATCH
10
53.2294
20
106.9460
30
0
0
VERTEX
8
HATCH
10
53.2286
20
106.9305
30
0
0
VERTEX
8
HATCH
10
53.2277
20
106.9149
30
0
0
VERTEX
8
HATCH
10
53.2268
20
106.8996
30
0
0
VERTEX
8
HATCH
10
53.2260
20
106.8849
30
0
0
VERTEX
8
HATCH
10
53.2252
20
106.8710
30
0
0
VERTEX
8
HATCH
10
53.2245
20
106.8582
30
0
0
VERTEX
8
HATCH
10
53.2239
20
106.8468
30
0
0
VERTEX
8
HATCH
10
53.2233
20
106.8371
30
0
0
VERTEX
8
HATCH
10
53.2229
20
106.8293
30
0
0
VERTEX
8
HATCH
10
53.2229
20
106.8293
30
0
0
VERTEX
8
HATCH
10
48.4363
20
106.8293
30
0
0
VERTEX
8
HATCH
10
48.4363
20
106.8293
30
0
0
VERTEX
8
HATCH
10
48.4363
20
105.8293
30
0
0
VERTEX
8
HATCH
10
48.4363
20
105.8293
30
0
0
VERTEX
8
HATCH
10
52.4363
20
105.8293
30
0
0
VERTEX
8
HATCH
10
52.4363
20
105.8293
30
0
0
VERTEX
8
HATCH
10
52.4363
20
103.8293
30
0
0
VERTEX
8
HATCH
10
52.4363
20
103.8293
30
0
0
VERTEX
8
HATCH
10
48.4363
20
103.8293
30
0
0
VERTEX
8
HATCH
10
48.4363
20
103.8293
30
0
0
VERTEX
8
HATCH
10
48.4363
20
102.8293
30
0
0
VERTEX
8
HATCH
10
48.4363
20
102.8293
30
0
0
VERTEX
8
HATCH
10
52.6989
20
102.8293
30
0
0
VERTEX
8
HATCH
10
52.6989
20
102.8293
30
0
0
VERTEX
8
HATCH
10
52.6980
20
102.8250
30
0
0
VERTEX
8
HATCH
10
52.6968
20
102.8197
30
0
0
VERTEX
8
HATCH
10
52.6955
20
102.8133
30
0
0
VERTEX
8
HATCH
10
52.6939
20
102.8063
30
0
0
VERTEX
8
HATCH
10
52.6923
20
102.7986
30
0
0
VERTEX
8
HATCH
10
52.6905
20
102.7904
30
0
0
VERTEX
8
HATCH
10
52.6887
20
102.7819
30
0
0
VERTEX
8
HATCH
10
52.6868
20
102.7733
30
0
0
VERTEX
8
HATCH
10
52.6850
20
102.7647
30
0
0
VERTEX
8
HATCH
10
52.6831
20
102.7562
30
0
0
VERTEX
8
HATCH
10
52.6814
20
102.7481
30
0
0
VERTEX
8
HATCH
10
52.6797
20
102.7404
30
0
0
VERTEX
8
HATCH
10
52.6786
20
102.7351
30
0
0
VERTEX
8
HATCH
10
52.6782
20
102.7335
30
0
0
VERTEX
8
HATCH
10
52.6785
20
102.7342
30
0
0
VERTEX
8
HATCH
10
52.6789
20
102.7361
30
0
0
VERTEX
8
HATCH
10
52.6794
20
102.7379
30
0
0
VERTEX
8
HATCH
10
52.6796
20
102.7386
30
0
0
VERTEX
8
HATCH
10
52.6793
20
102.7370
30
0
0
VERTEX
8
HATCH
10
52.6781
20
102.7317
30
0
0
VERTEX
8
HATCH
10
52.6759
20
102.7218
30
0
0
VERTEX
8
HATCH
10
52.6723
20
102.7059
30
0
0
VERTEX
8
HATCH
10
52.6670
20
102.6828
30
0
0
VERTEX
8
HATCH
10
52.6599
20
102.6515
30
0
0
VERTEX
8
HATCH
10
52.6507
20
102.6108
30
0
0
VERTEX
8
HATCH
10
52.6396
20
102.5612
30
0
0
VERTEX
8
HATCH
10
52.6270
20
102.5042
30
0
0
VERTEX
8
HATCH
10
52.6130
20
102.4410
30
0
0
VERTEX
8
HATCH
10
52.5979
20
102.3732
30
0
0
VERTEX
8
HATCH
10
52.5820
20
102.3019
30
0
0
VERTEX
8
HATCH
10
52.5655
20
102.2286
30
0
0
VERTEX
8
HATCH
10
52.5486
20
102.1546
30
0
0
VERTEX
8
HATCH
10
52.5317
20
102.0814
30
0
0
VERTEX
8
HATCH
10
52.5149
20
102.0102
30
0
0
VERTEX
8
HATCH
10
52.4986
20
101.9423
30
0
0
VERTEX
8
HATCH
10
52.4830
20
101.8793
30
0
0
VERTEX
8
HATCH
10
52.4678
20
101.8197
30
0
0
VERTEX
8
HATCH
10
52.4527
20
101.7613
30
0
0
VERTEX
8
HATCH
10
52.4375
20
101.7038
30
0
0
VERTEX
8
HATCH
10
52.4223
20
101.6472
30
0
0
VERTEX
8
HATCH
10
52.4071
20
101.5913
30
0
0
VERTEX
8
HATCH
10
52.3917
20
101.5359
30
0
0
VERTEX
8
HATCH
10
52.3761
20
101.4809
30
0
0
VERTEX
8
HATCH
10
52.3604
20
101.4262
30
0
0
VERTEX
8
HATCH
10
52.3444
20
101.3715
30
0
0
VERTEX
8
HATCH
10
52.3282
20
101.3168
30
0
0
VERTEX
8
HATCH
10
52.3116
20
101.2618
30
0
0
VERTEX
8
HATCH
10
52.2947
20
101.2065
30
0
0
VERTEX
8
HATCH
10
52.2767
20
101.1490
30
0
0
VERTEX
8
HATCH
10
52.2571
20
101.0881
30
0
0
VERTEX
8
HATCH
10
52.2364
20
101.0251
30
0
0
VERTEX
8
HATCH
10
52.2150
20
100.9611
30
0
0
VERTEX
8
HATCH
10
52.1934
20
100.8971
30
0
0
VERTEX
8
HATCH
10
52.1719
20
100.8344
30
0
0
VERTEX
8
HATCH
10
52.1512
20
100.7740
30
0
0
VERTEX
8
HATCH
10
52.1315
20
100.7170
30
0
0
VERTEX
8
HATCH
10
52.1134
20
100.6647
30
0
0
VERTEX
8
HATCH
10
52.0972
20
100.6180
30
0
0
VERTEX
8
HATCH
10
52.0835
20
100.5782
30
0
0
VERTEX
8
HATCH
10
52.0727
20
100.5463
30
0
0
VERTEX
8
HATCH
10
52.0727
20
100.5463
30
0
0
VERTEX
8
HATCH
10
49.4363
20
100.5463
30
0
0
VERTEX
8
HATCH
10
49.4363
20
100.5463
30
0
0
VERTEX
8
HATCH
10
49.4363
20
99.7463
30
0
0
VERTEX
8
HATCH
10
49.4363
20
99.7463
30
0
0
VERTEX
8
HATCH
10
51.7845
20
99.7463
30
0
0
VERTEX
8
HATCH
10
51.7845
20
99.7463
30
0
0
VERTEX
8
HATCH
10
51.7775
20
99.7281
30
0
0
VERTEX
8
HATCH
10
51.7689
20
99.7054
30
0
0
VERTEX
8
HATCH
10
51.7587
20
99.6787
30
0
0
VERTEX
8
HATCH
10
51.7474
20
99.6487
30
0
0
VERTEX
8
HATCH
10
51.7350
20
99.6161
30
0
0
VERTEX
8
HATCH
10
51.7219
20
99.5816
30
0
0
VERTEX
8
HATCH
10
51.7082
20
99.5457
30
0
0
VERTEX
8
HATCH
10
51.6942
20
99.5093
30
0
0
VERTEX
8
HATCH
10
51.6802
20
99.4729
30
0
0
VERTEX
8
HATCH
10
51.6663
20
99.4371
30
0
0
VERTEX
8
HATCH
10
51.6527
20
99.4027
30
0
0
VERTEX
8
HATCH
10
51.6398
20
99.3703
30
0
0
VERTEX
8
HATCH
10
51.6272
20
99.3392
30
0
0
VERTEX
8
HATCH
10
51.6146
20
99.3081
30
0
0
VERTEX
8
HATCH
10
51.6018
20
99.2770
30
0
0
VERTEX
8
HATCH
10
51.5890
20
99.2459
30
0
0
VERTEX
8
HATCH
10
51.5761
20
99.2149
30
0
0
VERTEX
8
HATCH
10
51.5631
20
99.1839
30
0
0
VERTEX
8
HATCH
10
51.5500
20
99.1529
30
0
0
VERTEX
8
HATCH
10
51.5369
20
99.1219
30
0
0
VERTEX
8
HATCH
10
51.5236
20
99.0910
30
0
0
VERTEX
8
HATCH
10
51.5103
20
99.0601
30
0
0
VERTEX
8
HATCH
10
51.4969
20
99.0293
30
0
0
VERTEX
8
HATCH
10
51.4834
20
98.9984
30
0
0
VERTEX
8
HATCH
10
51.4692
20
98.9665
30
0
0
VERTEX
8
HATCH
10
51.4540
20
98.9327
30
0
0
VERTEX
8
HATCH
10
51.4381
20
98.8977
30
0
0
VERTEX
8
HATCH
10
51.4218
20
98.8620
30
0
0
VERTEX
8
HATCH
10
51.4055
20
98.8264
30
0
0
VERTEX
8
HATCH
10
51.3893
20
98.7915
30
0
0
VERTEX
8
HATCH
10
51.3737
20
98.7578
30
0
0
VERTEX
8
HATCH
10
51.3589
20
98.7261
30
0
0
VERTEX
8
HATCH
10
51.3453
20
98.6969
30
0
0
VERTEX
8
HATCH
10
51.3332
20
98.6709
30
0
0
VERTEX
8
HATCH
10
51.3229
20
98.6487
30
0
0
VERTEX
8
HATCH
10
51.3147
20
98.6310
30
0
0
VERTEX
8
HATCH
10
51.3147
20
98.6310
30
0
0
VERTEX
8
HATCH
10
51.3154
20
98.6322
30
0
0
VERTEX
8
HATCH
10
51.3154
20
98.6322
30
0
0
VERTEX
8
HATCH
10
51.3524
20
98.6196
30
0
0
VERTEX
8
HATCH
10
51.3987
20
98.6036
30
0
0
VERTEX
8
HATCH
10
51.4532
20
98.5846
30
0
0
VERTEX
8
HATCH
10
51.5143
20
98.5633
30
0
0
VERTEX
8
HATCH
10
51.5807
20
98.5402
30
0
0
VERTEX
8
HATCH
10
51.6510
20
98.5159
30
0
0
VERTEX
8
HATCH
10
51.7238
20
98.4909
30
0
0
VERTEX
8
HATCH
10
51.7977
20
98.4659
30
0
0
VERTEX
8
HATCH
10
51.8714
20
98.4412
30
0
0
VERTEX
8
HATCH
10
51.9434
20
98.4176
30
0
0
VERTEX
8
HATCH
10
52.0123
20
98.3956
30
0
0
VERTEX
8
HATCH
10
52.0768
20
98.3756
30
0
0
VERTEX
8
HATCH
10
52.1387
20
98.3572
30
0
0
VERTEX
8
HATCH
10
52.2006
20
98.3393
30
0
0
VERTEX
8
HATCH
10
52.2624
20
98.3218
30
0
0
VERTEX
8
HATCH
10
52.3240
20
98.3049
30
0
0
VERTEX
8
HATCH
10
52.3854
20
98.2883
30
0
0
VERTEX
8
HATCH
10
52.4464
20
98.2722
30
0
0
VERTEX
8
HATCH
10
52.5069
20
98.2566
30
0
0
VERTEX
8
HATCH
10
52.5669
20
98.2413
30
0
0
VERTEX
8
HATCH
10
52.6262
20
98.2264
30
0
0
VERTEX
8
HATCH
10
52.6848
20
98.2119
30
0
0
VERTEX
8
HATCH
10
52.7426
20
98.1978
30
0
0
VERTEX
8
HATCH
10
52.7994
20
98.1841
30
0
0
VERTEX
8
HATCH
10
52.8571
20
98.1704
30
0
0
VERTEX
8
HATCH
10
52.9170
20
98.1568
30
0
0
VERTEX
8
HATCH
10
52.9781
20
98.1433
30
0
0
VERTEX
8
HATCH
10
53.0394
20
98.1300
30
0
0
VERTEX
8
HATCH
10
53.1002
20
98.1172
30
0
0
VERTEX
8
HATCH
10
53.1593
20
98.1048
30
0
0
VERTEX
8
HATCH
10
53.2160
20
98.0932
30
0
0
VERTEX
8
HATCH
10
53.2692
20
98.0823
30
0
0
VERTEX
8
HATCH
10
53.3180
20
98.0724
30
0
0
VERTEX
8
HATCH
10
53.3615
20
98.0635
30
0
0
VERTEX
8
HATCH
10
53.3988
20
98.0559
30
0
0
VERTEX
8
HATCH
10
53.4289
20
98.0496
30
0
0
SEQEND
8
HATCH
0
LINE
8
HATCH
10
52.0352
20
98.3885
30
0
11
54.4753
21
100.8287
31
0
0
LINE
8
HATCH
10
49.4363
20
100.2798
30
0
11
49.7029
21
100.5463
31
0
0
LINE
8
HATCH
10
51.9859
20
102.8293
30
0
11
55.2920
21
106.1355
31
0
0
LINE
8
HATCH
10
48.4363
20
103.7699
30
0
11
48.4958
21
103.8293
31
0
0
LINE
8
HATCH
10
50.4957
20
105.8293
30
0
11
51.4957
21
106.8293
31
0
0
LINE
8
HATCH
10
53.2897
20
108.6233
30
0
11
55.2852
21
110.6187
31
0
0
TEXT
8
View_Labels
10
260.9726
20
73.1468
30
0
40
3.5278
1
B-B (1:1)
72
0
73
0
11
260.9726
21
73.1468
31
0
7
STANDARD
0
TEXT
8
View_Labels
10
59.5951
20
29.6035
30
0
40
3.5278
1
C-C (1:1)
72
0
73
0
11
59.5951
21
29.6035
31
0
7
STANDARD
0
TEXT
8
SECTION
10
123.4167
20
161.7131
30
0
40
4.9389
1
B
72
1
73
0
11
123.4167
21
161.7131
31
0
7
STANDARD
0
TEXT
8
SECTION
10
123.4167
20
78.0183
30
0
40
4.9389
1
B
72
1
73
0
11
123.4167
21
78.0183
31
0
7
STANDARD
0
TEXT
8
SECTION
10
81.7527
20
102.9826
30
0
40
4.9389
1
C
72
1
73
0
11
81.7527
21
102.9826
31
0
7
STANDARD
0
TEXT
8
SECTION
10
145.3277
20
102.9826
30
0
40
4.9389
1
C
72
1
73
0
11
145.3277
21
102.9826
31
0
7
STANDARD
0
POLYLINE
8
FRAME
66
1
70
1
10
0
20
0
30
0
0
VERTEX
8
FRAME
10
5.0000
20
205.0000
30
0
0
VERTEX
8
FRAME
10
292.0000
20
205.0000
30
0
0
VERTEX
8
FRAME
10
292.0000
20
5.0000
30
0
0
VERTEX
8
FRAME
10
5.0000
20
5.0000
30
0
0
SEQEND
8
FRAME
0
POLYLINE
8
FRAME
66
1
70
1
10
0
20
0
30
0
0
VERTEX
8
FRAME
10
122.0000
20
29.6800
30
0
0
VERTEX
8
FRAME
10
292.0000
20
29.6800
30
0
0
VERTEX
8
FRAME
10
292.0000
20
5.0000
30
0
0
VERTEX
8
FRAME
10
122.0000
20
5.0000
30
0
0
SEQEND
8
FRAME
0
LINE
8
FRAME
10
162.8680
20
29.6800
30
0
11
162.8680
21
5.0000
31
0
0
LINE
8
FRAME
10
203.6170
20
29.6800
30
0
11
203.6170
21
5.0000
31
0
0
LINE
8
FRAME
10
251.1320
20
29.6800
30
0
11
251.1320
21
5.0000
31
0
0
LINE
8
FRAME
10
146.5480
20
21.4542
30
0
11
146.5480
21
5.0000
31
0
0
LINE
8
FRAME
10
183.1830
20
17.3400
30
0
11
183.1830
21
9.2450
31
0
0
LINE
8
FRAME
10
219.4780
20
21.4542
30
0
11
219.4780
21
13.2925
31
0
0
LINE
8
FRAME
10
235.3390
20
21.4542
30
0
11
235.3390
21
13.2925
31
0
0
LINE
8
FRAME
10
227.3660
20
13.2925
30
0
11
227.3660
21
5.0000
31
0
0
LINE
8
FRAME
10
263.4060
20
13.2925
30
0
11
263.4060
21
5.0000
31
0
0
LINE
8
FRAME
10
275.6120
20
21.4542
30
0
11
275.6120
21
5.0000
31
0
0
LINE
8
FRAME
10
122.0000
20
21.4542
30
0
11
162.8680
21
21.4542
31
0
0
LINE
8
FRAME
10
203.6170
20
21.4542
30
0
11
292.0000
21
21.4542
31
0
0
LINE
8
FRAME
10
203.6170
20
13.2925
30
0
11
275.6120
21
13.2925
31
0
0
LINE
8
FRAME
10
122.0000
20
17.3400
30
0
11
203.6170
21
17.3400
31
0
0
LINE
8
FRAME
10
122.0000
20
13.2925
30
0
11
162.8680
21
13.2925
31
0
0
LINE
8
FRAME
10
122.0000
20
9.2450
30
0
11
203.6170
21
9.2450
31
0
0
TEXT
8
TITLE
10
142.4340
20
26.1014
30
0
40
1.6500
1
BREAK ALL SHARP EDGES AND REMOVE
72
1
73
0
11
142.4340
21
26.1014
31
0
7
STANDARD
0
TEXT
8
TITLE
10
142.4340
20
23.7074
30
0
40
1.6500
1
BURRS
72
1
73
0
11
142.4340
21
23.7074
31
0
7
STANDARD
0
TEXT
8
TITLE
10
134.2740
20
18.8064
30
0
40
1.6500
1
APPROVALS
72
1
73
0
11
134.2740
21
18.8064
31
0
7
STANDARD
0
TEXT
8
TITLE
10
154.7080
20
18.8064
30
0
40
1.6500
1
DATE
72
1
73
0
11
154.7080
21
18.8064
31
0
7
STANDARD
0
TEXT
8
TITLE
10
122.9000
20
14.7112
30
0
40
1.6900
1
DESIGN
72
0
73
0
11
122.9000
21
14.7112
31
0
7
STANDARD
0
TEXT
8
TITLE
10
140.6490
20
14.7255
30
0
40
1.6500
1
NAME
72
1
73
0
11
140.6490
21
14.7255
31
0
7
STANDARD
0
TEXT
8
TITLE
10
154.7080
20
14.7255
30
0
40
1.6500
1
YYYY/MM/DD
72
1
73
0
11
154.7080
21
14.7255
31
0
7
STANDARD
0
TEXT
8
TITLE
10
122.9000
20
10.6637
30
0
40
1.6900
1
DRAWN
72
0
73
0
11
122.9000
21
10.6637
31
0
7
STANDARD
0
TEXT
8
TITLE
10
140.6490
20
10.6780
30
0
40
1.6500
1
NAME
72
1
73
0
11
140.6490
21
10.6780
31
0
7
STANDARD
0
TEXT
8
TITLE
10
154.7080
20
10.6780
30
0
40
1.6500
1
YYYY/MM/DD
72
1
73
0
11
154.7080
21
10.6780
31
0
7
STANDARD
0
TEXT
8
TITLE
10
122.9000
20
6.5175
30
0
40
1.6900
1
APPROVED
72
0
73
0
11
122.9000
21
6.5175
31
0
7
STANDARD
0
TEXT
8
TITLE
10
140.6490
20
6.5318
30
0
40
1.6500
1
NAME
72
1
73
0
11
140.6490
21
6.5318
31
0
7
STANDARD
0
TEXT
8
TITLE
10
154.7080
20
6.5318
30
0
40
1.6500
1
YYYY/MM/DD
72
1
73
0
11
154.7080
21
6.5318
31
0
7
STANDARD
0
TEXT
8
TITLE
10
163.7680
20
27.1626
30
0
40
1.4800
1
UNLESS OTHERWISE SPECIFIED DIMENSIONS
72
0
73
0
11
163.7680
21
27.1626
31
0
7
STANDARD
0
TEXT
8
TITLE
10
163.7680
20
24.7687
30
0
40
1.4800
1
ARE IN MILLIMETERS TOLERANCES ARE:
72
0
73
0
11
163.7680
21
24.7687
31
0
7
STANDARD
0
TEXT
8
TITLE
10
177.5900
20
22.1279
30
0
40
1.2000
1
+-
72
0
73
0
11
177.5900
21
22.1279
31
0
7
STANDARD
0
TEXT
8
TITLE
10
179.9700
20
22.1279
30
0
40
1.2000
1
x.x
72
0
73
0
11
179.9700
21
22.1279
31
0
7
STANDARD
0
TEXT
8
TITLE
10
179.9700
20
20.2522
30
0
40
1.2000
1
x.xx
72
0
73
0
11
179.9700
21
20.2522
31
0
7
STANDARD
0
TEXT
8
TITLE
10
179.9700
20
18.5246
30
0
40
1.2000
1
x.xxx
72
0
73
0
11
179.9700
21
18.5246
31
0
7
STANDARD
0
TEXT
8
TITLE
10
185.2400
20
22.1279
30
0
40
1.2000
1
0.1
72
0
73
0
11
185.2400
21
22.1279
31
0
7
STANDARD
0
TEXT
8
TITLE
10
185.2400
20
20.2522
30
0
40
1.2000
1
0.05
72
0
73
0
11
185.2400
21
20.2522
31
0
7
STANDARD
0
TEXT
8
TITLE
10
185.2400
20
18.5246
30
0
40
1.2000
1
0.02
72
0
73
0
11
185.2400
21
18.5246
31
0
7
STANDARD
0
TEXT
8
TITLE
10
163.6680
20
14.8226
30
0
40
1.6500
1
SCALE
72
0
73
0
11
163.6680
21
14.8226
31
0
7
STANDARD
0
TEXT
8
TITLE
10
173.0255
20
11.2440
30
0
40
2.2100
1
1:1
72
1
73
0
11
173.0255
21
11.2440
31
0
7
STANDARD
0
LINE
8
FRAME
10
194.1853
20
13.3334
30
0
11
196.2464
21
13.3334
31
0
0
LINE
8
FRAME
10
199.2533
20
13.3334
30
0
11
201.2709
21
13.3334
31
0
0
LINE
8
FRAME
10
197.1533
20
13.3334
30
0
11
198.2442
21
13.3334
31
0
0
LINE
8
FRAME
10
197.6988
20
16.2130
30
0
11
197.6988
21
14.8478
31
0
0
LINE
8
FRAME
10
197.6988
20
11.8409
30
0
11
197.6988
21
10.4539
31
0
0
LINE
8
FRAME
10
197.6988
20
13.9407
30
0
11
197.6988
21
12.8499
31
0
0
LINE
8
FRAME
10
185.4816
20
13.3334
30
0
11
187.5427
21
13.3334
31
0
0
LINE
8
FRAME
10
190.5495
20
13.3334
30
0
11
192.5671
21
13.3334
31
0
0
LINE
8
FRAME
10
188.4496
20
13.3334
30
0
11
189.5405
21
13.3334
31
0
0
POLYLINE
8
FRAME
66
1
70
1
10
0
20
0
30
0
0
VERTEX
8
FRAME
10
191.1518
20
15.3789
30
0
0
VERTEX
8
FRAME
10
191.1518
20
11.2881
30
0
0
VERTEX
8
FRAME
10
186.8967
20
12.3108
30
0
0
VERTEX
8
FRAME
10
186.8967
20
14.3563
30
0
0
SEQEND
8
FRAME
0
TEXT
8
TITLE
10
183.2425
20
6.4602
30
0
40
1.8500
1
DO NOT SCALE DRAWING
72
1
73
0
11
183.2425
21
6.4602
31
0
7
STANDARD
0
TEXT
8
TITLE
10
204.4170
20
27.1800
30
0
40
1.6500
1
TITLE
72
0
73
0
11
204.4170
21
27.1800
31
0
7
STANDARD
0
TEXT
8
TITLE
10
227.3745
20
23.4695
30
0
40
3.3400
1
TITLE
72
1
73
0
11
227.3745
21
23.4695
31
0
7
STANDARD
0
TEXT
8
TITLE
10
251.9320
20
27.1800
30
0
40
1.6500
1
PROJECT
72
0
73
0
11
251.9320
21
27.1800
31
0
7
STANDARD
0
TEXT
8
TITLE
10
271.5660
20
23.4695
30
0
40
3.3400
1
PROJECT 1
72
1
73
0
11
271.5660
21
23.4695
31
0
7
STANDARD
0
TEXT
8
TITLE
10
204.4170
20
18.9542
30
0
40
1.6500
1
SIZE
72
0
73
0
11
204.4170
21
18.9542
31
0
7
STANDARD
0
TEXT
8
TITLE
10
211.5475
20
15.2921
30
0
40
2.2400
1
A4
72
1
73
0
11
211.5475
21
15.2921
31
0
7
STANDARD
0
TEXT
8
TITLE
10
220.2780
20
18.9542
30
0
40
1.6500
1
VERSION
72
0
73
0
11
220.2780
21
18.9542
31
0
7
STANDARD
0
TEXT
8
TITLE
10
227.4085
20
15.2921
30
0
40
2.2400
1
VER.
72
1
73
0
11
227.4085
21
15.2921
31
0
7
STANDARD
0
TEXT
8
TITLE
10
236.1390
20
18.9542
30
0
40
1.6500
1
PART NO.
72
0
73
0
11
236.1390
21
18.9542
31
0
7
STANDARD
0
TEXT
8
TITLE
10
243.2355
20
15.2921
30
0
40
2.2400
1
NO.
72
1
73
0
11
243.2355
21
15.2921
31
0
7
STANDARD
0
TEXT
8
TITLE
10
251.9320
20
18.9542
30
0
40
1.6500
1
DRAWING NO.
72
0
73
0
11
251.9320
21
18.9542
31
0
7
STANDARD
0
TEXT
8
TITLE
10
263.3720
20
15.2921
30
0
40
2.2400
1
PRJ-VER-PRT-XX
72
1
73
0
11
263.3720
21
15.2921
31
0
7
STANDARD
0
TEXT
8
TITLE
10
204.4170
20
10.7925
30
0
40
1.6500
1
MATERIAL
72
0
73
0
11
204.4170
21
10.7925
31
0
7
STANDARD
0
TEXT
8
TITLE
10
215.4915
20
7.0317
30
0
40
2.2400
1
MATERIAL
72
1
73
0
11
215.4915
21
7.0317
31
0
7
STANDARD
0
TEXT
8
TITLE
10
228.1660
20
10.7925
30
0
40
1.6500
1
FINISH
72
0
73
0
11
228.1660
21
10.7925
31
0
7
STANDARD
0
TEXT
8
TITLE
10
239.2490
20
7.0317
30
0
40
2.2400
1
FINISH
72
1
73
0
11
239.2490
21
7.0317
31
0
7
STANDARD
0
TEXT
8
TITLE
10
251.9320
20
10.7925
30
0
40
1.6500
1
COLOR
72
0
73
0
11
251.9320
21
10.7925
31
0
7
STANDARD
0
TEXT
8
TITLE
10
257.2690
20
7.0317
30
0
40
2.2400
1
COLOR
72
1
73
0
11
257.2690
21
7.0317
31
0
7
STANDARD
0
TEXT
8
TITLE
10
264.2060
20
10.7925
30
0
40
1.6500
1
SHEET
72
0
73
0
11
264.2060
21
10.7925
31
0
7
STANDARD
0
TEXT
8
TITLE
10
269.5090
20
7.0317
30
0
40
2.2400
1
1 OF 1
72
1
73
0
11
269.5090
21
7.0317
31
0
7
STANDARD
0
DIMENSION
8
DIMENSIONS
2
*D1
11
45.9906
21
166.2047
31
0
12
0
22
0
32
0
3
ISO-DM
10
35.4363
20
165.1463
30
0
70
160
13
35.4363
23
157.6463
33
0
14
56.5450
24
103.6911
34
0
50
0.0000
42
21.1086
1
<>
1001
ACAD
1000
DSTYLE
1002
{
1070
41
1040
2.5000
1070
140
1040
3.5278
1070
147
1040
1.0583
1070
271
1070
2
1070
40
1040
1.0000
1002
}
0
DIMENSION
8
DIMENSIONS
2
*D2
11
142.4467
21
132.6550
31
0
12
0
22
0
32
0
3
ISO-DM
10
143.5403
20
137.1463
30
0
70
160
13
126.1182
23
137.9463
33
0
14
126.4495
24
137.1463
34
0
50
90.0000
42
0.8000
1
<>
1001
ACAD
1000
DSTYLE
1002
{
1070
41
1040
2.5000
1070
140
1040
3.5278
1070
147
1040
1.0583
1070
271
1070
2
1070
40
1040
1.0000
1002
}
0
DIMENSION
8
DIMENSIONS
2
*D3
11
74.5439
21
122.8963
31
0
12
0
22
0
32
0
3
ISO-DM
10
75.6376
20
112.1463
30
0
70
160
13
113.7112
23
133.6463
33
0
14
109.1112
24
112.1463
34
0
50
90.0000
42
21.5000
1
<>
1001
ACAD
1000
DSTYLE
1002
{
1070
41
1040
2.5000
1070
140
1040
3.5278
1070
147
1040
1.0583
1070
271
1070
2
1070
40
1040
1.0000
1002
}
0
DIMENSION
8
DIMENSIONS
2
*D4
11
133.4026
21
84.0376
31
0
12
0
22
0
32
0
3
ISO-DM
10
125.9052
20
82.9440
30
0
70
160
13
128.9112
23
114.6463
33
0
14
125.9052
24
104.8293
34
0
50
0.0000
42
3.0060
1
<>
1001
ACAD
1000
DSTYLE
1002
{
1070
41
1040
2.5000
1070
140
1040
3.5278
1070
147
1040
1.0583
1070
271
1070
2
1070
40
1040
1.0000
1002
}
0
DIMENSION
8
DIMENSIONS
2
*D5
11
143.4451
21
100.3380
31
0
12
0
22
0
32
0
3
ISO-DM
10
144.5387
20
104.8293
30
0
70
160
13
125.9052
23
104.8293
33
0
14
125.2970
24
112.1463
34
0
50
90.0000
42
7.3170
1
<>
1001
ACAD
1000
DSTYLE
1002
{
1070
41
1040
2.5000
1070
140
1040
3.5278
1070
147
1040
1.0583
1070
271
1070
2
1070
40
1040
1.0000
1002
}
0
DIMENSION
8
DIMENSIONS
2
*D6
11
119.1836
21
166.9421
31
0
12
0
22
0
32
0
3
ISO-DM
10
103.3692
20
165.8484
30
0
70
160
13
103.3692
23
137.5583
33
0
14
113.7112
24
133.6463
34
0
50
0.0000
42
10.3420
1
<>
1001
ACAD
1000
DSTYLE
1002
{
1070
41
1040
2.5000
1070
140
1040
3.5278
1070
147
1040
1.0583
1070
271
1070
2
1070
40
1040
1.0000
1002
}
0
DIMENSION
8
DIMENSIONS
2
*D7
11
123.6026
21
165.0937
31
0
12
0
22
0
32
0
3
ISO-DM
10
118.3112
20
164.0001
30
0
70
160
13
118.3112
23
144.9692
33
0
14
119.1112
24
144.6674
34
0
50
0.0000
42
0.8000
1
<>
1001
ACAD
1000
DSTYLE
1002
{
1070
41
1040
2.5000
1070
140
1040
3.5278
1070
147
1040
1.0583
1070
271
1070
2
1070
40
1040
1.0000
1002
}
0
DIMENSION
8
DIMENSIONS
2
*D8
11
85.5451
21
129.1550
31
0
12
0
22
0
32
0
3
ISO-DM
10
86.6387
20
133.6463
30
0
70
160
13
103.3692
23
137.5583
33
0
14
113.7112
24
133.6463
34
0
50
90.0000
42
3.9120
1
<>
1001
ACAD
1000
DSTYLE
1002
{
1070
41
1040
2.5000
1070
140
1040
3.5278
1070
147
1040
1.0583
1070
271
1070
2
1070
40
1040
1.0000
1002
}
0
DIMENSION
8
DIMENSIONS
2
*D9
11
83.0857
21
155.9253
31
0
12
0
22
0
32
0
3
ISO-DM
10
103.3692
20
137.5583
30
0
70
164
15
102.0299
25
139.0436
35
0
42
2.0000
40
0
1
<>
1001
ACAD
1000
DSTYLE
1002
{
1070
41
1040
2.5000
1070
140
1040
3.5278
1070
147
1040
1.0583
1070
271
1070
2
1070
40
1040
1.0000
1070
174
1070
0
1070
172
1070
0
1070
141
1040
0.8750
1002
}
0
DIMENSION
8
DIMENSIONS
2
*D10
11
234.5172
21
148.4269
31
0
12
0
22
0
32
0
3
ISO-DM
10
210.1583
20
137.5583
30
0
70
164
15
211.0536
25
138.0037
35
0
42
1.0000
40
0
1
<>
1001
ACAD
1000
DSTYLE
1002
{
1070
41
1040
2.5000
1070
140
1040
3.5278
1070
147
1040
1.0583
1070
271
1070
2
1070
40
1040
1.0000
1070
174
1070
0
1070
172
1070
0
1070
141
1040
0.8750
1002
}
0
DIMENSION
8
DIMENSIONS
2
*D11
11
106.1112
21
80.9244
31
0
12
0
22
0
32
0
3
ISO-DM
10
98.5112
20
79.8308
30
0
70
160
13
98.5112
23
114.6463
33
0
14
113.7112
24
133.6463
34
0
50
0.0000
42
15.2000
1
<>
1001
ACAD
1000
DSTYLE
1002
{
1070
41
1040
2.5000
1070
140
1040
3.5278
1070
147
1040
1.0583
1070
271
1070
2
1070
40
1040
1.0000
1002
}
0
DIMENSION
8
DIMENSIONS
2
*D12
11
269.1757
21
127.0550
31
0
12
0
22
0
32
0
3
ISO-DM
10
270.2693
20
131.5463
30
0
70
160
13
253.0214
23
135.7463
33
0
14
253.0214
24
131.5463
34
0
50
90.0000
42
4.2000
1
<>
1001
ACAD
1000
DSTYLE
1002
{
1070
41
1040
2.5000
1070
140
1040
3.5278
1070
147
1040
1.0583
1070
271
1070
2
1070
40
1040
1.0000
1002
}
0
DIMENSION
8
DIMENSIONS
2
*D13
11
276.2465
21
142.8877
31
0
12
0
22
0
32
0
3
ISO-DM
10
277.3401
20
128.8963
30
0
70
160
13
253.0214
23
138.3963
33
0
14
253.0214
24
128.8963
34
0
50
90.0000
42
9.5000
1
<>
1001
ACAD
1000
DSTYLE
1002
{
1070
41
1040
2.5000
1070
140
1040
3.5278
1070
147
1040
1.0583
1070
271
1070
2
1070
40
1040
1.0000
1002
}
0
DIMENSION
8
DIMENSIONS
2
*D14
11
204.3077
21
80.6238
31
0
12
0
22
0
32
0
3
ISO-DM
10
196.8963
20
79.5302
30
0
70
160
13
196.8963
23
107.4763
33
0
14
199.8163
24
81.9314
34
0
50
0.0000
42
2.9200
1
<>
1001
ACAD
1000
DSTYLE
1002
{
1070
41
1040
2.5000
1070
140
1040
3.5278
1070
147
1040
1.0583
1070
271
1070
2
1070
40
1040
1.0000
1002
}
0
DIMENSION
8
DIMENSIONS
2
*D15
11
167.2027
21
95.3613
31
0
12
0
22
0
32
0
3
ISO-DM
10
168.2963
20
84.6463
30
0
70
160
13
198.2963
23
106.0763
33
0
14
194.8052
24
84.6463
34
0
50
90.0000
42
21.4300
1
<>
1001
ACAD
1000
DSTYLE
1002
{
1070
41
1040
2.5000
1070
140
1040
3.5278
1070
147
1040
1.0583
1070
271
1070
2
1070
40
1040
1.0000
1002
}
0
DIMENSION
8
DIMENSIONS
2
*D16
11
209.1825
21
101.5850
31
0
12
0
22
0
32
0
3
ISO-DM
10
210.2761
20
106.0763
30
0
70
160
13
204.5963
23
109.3763
33
0
14
201.3802
24
106.0763
34
0
50
90.0000
42
3.3000
1
<>
1001
ACAD
1000
DSTYLE
1002
{
1070
41
1040
2.5000
1070
140
1040
3.5278
1070
147
1040
1.0583
1070
271
1070
2
1070
40
1040
1.0000
1002
}
0
DIMENSION
8
DIMENSIONS
2
*D17
11
104.0026
21
57.8574
31
0
12
0
22
0
32
0
3
ISO-DM
10
97.5112
20
56.7638
30
0
70
160
13
97.5112
23
50.8971
33
0
14
99.5112
24
50.8971
34
0
50
0.0000
42
2.0000
1
<>
1001
ACAD
1000
DSTYLE
1002
{
1070
41
1040
2.5000
1070
140
1040
3.5278
1070
147
1040
1.0583
1070
271
1070
2
1070
40
1040
1.0000
1002
}
0
DIMENSION
8
DIMENSIONS
2
*D18
11
135.4026
21
57.7470
31
0
12
0
22
0
32
0
3
ISO-DM
10
126.9112
20
56.6534
30
0
70
160
13
126.9112
23
50.8971
33
0
14
130.9112
24
50.8971
34
0
50
0.0000
42
4.0000
1
<>
1001
ACAD
1000
DSTYLE
1002
{
1070
41
1040
2.5000
1070
140
1040
3.5278
1070
147
1040
1.0583
1070
271
1070
2
1070
40
1040
1.0000
1002
}
0
DIMENSION
8
DIMENSIONS
2
*D19
11
113.7112
21
64.9907
31
0
12
0
22
0
32
0
3
ISO-DM
10
102.7112
20
63.8971
30
0
70
160
13
102.7112
23
48.8971
33
0
14
124.7112
24
48.8971
34
0
50
0.0000
42
22.0000
1
<>
1001
ACAD
1000
DSTYLE
1002
{
1070
41
1040
2.5000
1070
140
1040
3.5278
1070
147
1040
1.0583
1070
271
1070
2
1070
40
1040
1.0000
1002
}
0
DIMENSION
8
DIMENSIONS
2
*D20
11
82.7892
21
37.4057
31
0
12
0
22
0
32
0
3
ISO-DM
10
83.8828
20
41.8971
30
0
70
160
13
102.7112
23
48.8971
33
0
14
98.8828
24
41.8971
34
0
50
90.0000
42
7.0000
1
<>
1001
ACAD
1000
DSTYLE
1002
{
1070
41
1040
2.5000
1070
140
1040
3.5278
1070
147
1040
1.0583
1070
271
1070
2
1070
40
1040
1.0000
1002
}
0
DIMENSION
8
DIMENSIONS
2
*D21
11
259.0214
21
67.2566
31
0
12
0
22
0
32
0
3
ISO-DM
10
252.0214
20
66.1630
30
0
70
160
13
252.0214
23
91.6818
33
0
14
266.0214
24
112.1463
34
0
50
0.0000
42
14.0000
1
<>
1001
ACAD
1000
DSTYLE
1002
{
1070
41
1040
2.5000
1070
140
1040
3.5278
1070
147
1040
1.0583
1070
271
1070
2
1070
40
1040
1.0000
1002
}
0
DIMENSION
8
DIMENSIONS
2
*D22
11
270.1789
21
98.3380
31
0
12
0
22
0
32
0
3
ISO-DM
10
271.2725
20
102.8293
30
0
70
160
13
253.0214
23
106.8293
33
0
14
253.0214
24
102.8293
34
0
50
90.0000
42
4.0000
1
<>
1001
ACAD
1000
DSTYLE
1002
{
1070
41
1040
2.5000
1070
140
1040
3.5278
1070
147
1040
1.0583
1070
271
1070
2
1070
40
1040
1.0000
1002
}
0
DIMENSION
8
DIMENSIONS
2
*D23
11
19.3427
21
122.7713
31
0
12
0
22
0
32
0
3
ISO-DM
10
20.4363
20
112.1463
30
0
70
160
13
35.4363
23
133.3963
33
0
14
35.4363
24
112.1463
34
0
50
90.0000
42
21.2500
1
<>
1001
ACAD
1000
DSTYLE
1002
{
1070
41
1040
2.5000
1070
140
1040
3.5278
1070
147
1040
1.0583
1070
271
1070
2
1070
40
1040
1.0000
1002
}
0
DIMENSION
8
DIMENSIONS
2
*D24
11
29.3427
21
107.6550
31
0
12
0
22
0
32
0
3
ISO-DM
10
30.4363
20
112.1463
30
0
70
160
13
45.4938
23
117.1463
33
0
14
45.4363
24
112.1463
34
0
50
90.0000
42
5.0000
1
<>
1001
ACAD
1000
DSTYLE
1002
{
1070
41
1040
2.5000
1070
140
1040
3.5278
1070
147
1040
1.0583
1070
271
1070
2
1070
40
1040
1.0000
1002
}
0
DIMENSION
8
DIMENSIONS
2
*D25
11
58.8427
21
99.3380
31
0
12
0
22
0
32
0
3
ISO-DM
10
59.9363
20
103.8293
30
0
70
160
13
52.4363
23
105.8293
33
0
14
52.4363
24
103.8293
34
0
50
90.0000
42
2.0000
1
<>
1001
ACAD
1000
DSTYLE
1002
{
1070
41
1040
2.5000
1070
140
1040
3.5278
1070
147
1040
1.0583
1070
271
1070
2
1070
40
1040
1.0000
1002
}
0
DIMENSION
8
DIMENSIONS
2
*D26
11
56.9277
21
84.8499
31
0
12
0
22
0
32
0
3
ISO-DM
10
48.4363
20
83.7562
30
0
70
160
13
48.4363
23
103.8293
33
0
14
52.4363
24
103.8293
34
0
50
0.0000
42
4.0000
1
<>
1001
ACAD
1000
DSTYLE
1002
{
1070
41
1040
2.5000
1070
140
1040
3.5278
1070
147
1040
1.0583
1070
271
1070
2
1070
40
1040
1.0000
1002
}
0
DIMENSION
8
DIMENSIONS
2
*D27
11
65.3808
21
98.3380
31
0
12
0
22
0
32
0
3
ISO-DM
10
66.4744
20
102.8293
30
0
70
160
13
48.4363
23
106.8293
33
0
14
48.4363
24
102.8293
34
0
50
90.0000
42
4.0000
1
<>
1001
ACAD
1000
DSTYLE
1002
{
1070
41
1040
2.5000
1070
140
1040
3.5278
1070
147
1040
1.0583
1070
271
1070
2
1070
40
1040
1.0000
1002
}
0
DIMENSION
8
DIMENSIONS
2
*D28
11
145.0274
21
37.4057
31
0
12
0
22
0
32
0
3
ISO-DM
10
146.1210
20
41.8971
30
0
70
160
13
124.7112
23
44.8971
33
0
14
127.7112
24
41.8971
34
0
50
90.0000
42
3.0000
1
<>
1001
ACAD
1000
DSTYLE
1002
{
1070
41
1040
2.5000
1070
140
1040
3.5278
1070
147
1040
1.0583
1070
271
1070
2
1070
40
1040
1.0000
1002
}
0
DIMENSION
8
DIMENSIONS
2
*D29
11
132.2026
21
30.6134
31
0
12
0
22
0
32
0
3
ISO-DM
10
124.7112
20
29.5198
30
0
70
160
13
124.7112
23
44.8971
33
0
14
127.7112
24
41.8971
34
0
50
0.0000
42
3.0000
1
<>
1001
ACAD
1000
DSTYLE
1002
{
1070
41
1040
2.5000
1070
140
1040
3.5278
1070
147
1040
1.0583
1070
271
1070
2
1070
40
1040
1.0000
1002
}
0
DIMENSION
8
DIMENSIONS
2
*D30
11
271.4938
21
163.1966
31
0
12
0
22
0
32
0
3
ISO-DM
10
253.0214
20
162.1030
30
0
70
160
13
253.0214
23
138.3963
33
0
14
266.0214
24
157.6463
34
0
50
0.0000
42
13.0000
1
<>
1001
ACAD
1000
DSTYLE
1002
{
1070
41
1040
2.5000
1070
140
1040
3.5278
1070
147
1040
1.0583
1070
271
1070
2
1070
40
1040
1.0000
1002
}
0
DIMENSION
8
DIMENSIONS
2
*D31
11
206.5959
21
165.9330
31
0
12
0
22
0
32
0
3
ISO-DM
13
212.0699
23
161.3840
33
0
14
199.8163
24
131.0552
34
0
15
199.8163
25
163.7659
35
0
10
199.8163
20
131.0552
30
0
16
206.0578
26
163.1649
36
0
70
162
42
0.3840
40
0
1
<>
1001
ACAD
1000
DSTYLE
1002
{
1070
41
1040
2.5000
1070
140
1040
3.5278
1070
147
1040
1.0583
1070
271
1070
2
1070
40
1040
1.0000
1002
}
0
DIMENSION
8
DIMENSIONS
2
*D32
11
117.3774
21
42.9058
31
0
12
0
22
0
32
0
3
ISO-DM
10
100.7112
20
45.7255
30
0
70
164
15
102.6121
25
45.1035
35
0
42
2.0000
40
0
1
<>
1001
ACAD
1000
DSTYLE
1002
{
1070
41
1040
2.5000
1070
140
1040
3.5278
1070
147
1040
1.0583
1070
271
1070
2
1070
40
1040
1.0000
1070
174
1070
0
1070
172
1070
0
1070
141
1040
0.8750
1002
}
0
DIMENSION
8
DIMENSIONS
2
*D33
11
111.0246
21
28.9784
31
0
12
0
22
0
32
0
3
ISO-DM
10
98.8828
20
43.8971
30
0
70
164
15
99.7251
25
42.0831
35
0
42
2.0000
40
0
1
<>
1001
ACAD
1000
DSTYLE
1002
{
1070
41
1040
2.5000
1070
140
1040
3.5278
1070
147
1040
1.0583
1070
271
1070
2
1070
40
1040
1.0000
1070
174
1070
0
1070
172
1070
0
1070
141
1040
0.8750
1002
}
0
DIMENSION
8
DIMENSIONS
2
*D34
11
41.4277
21
79.2399
31
0
12
0
22
0
32
0
3
ISO-DM
10
35.4363
20
78.1463
30
0
70
160
13
35.4363
23
85.6463
33
0
14
36.9363
24
85.6463
34
0
50
0.0000
42
1.5000
1
<>
1001
ACAD
1000
DSTYLE
1002
{
1070
41
1040
2.5000
1070
140
1040
3.5278
1070
147
1040
1.0583
1070
271
1070
2
1070
40
1040
1.0000
1002
}
0
DIMENSION
8
DIMENSIONS
2
*D35
11
41.9277
21
161.4565
31
0
12
0
22
0
32
0
3
ISO-DM
10
35.4363
20
160.3629
30
0
70
160
13
35.4363
23
157.6463
33
0
14
37.4363
24
157.6463
34
0
50
0.0000
42
2.0000
1
<>
1001
ACAD
1000
DSTYLE
1002
{
1070
41
1040
2.5000
1070
140
1040
3.5278
1070
147
1040
1.0583
1070
271
1070
2
1070
40
1040
1.0000
1002
}
0
DIMENSION
8
DIMENSIONS
2
*D36
11
269.8775
21
152.1550
31
0
12
0
22
0
32
0
3
ISO-DM
10
270.9711
20
156.6463
30
0
70
160
13
266.0214
23
157.6463
33
0
14
266.0214
24
156.6463
34
0
50
90.0000
42
1.0000
1
<>
1001
ACAD
1000
DSTYLE
1002
{
1070
41
1040
2.5000
1070
140
1040
3.5278
1070
147
1040
1.0583
1070
271
1070
2
1070
40
1040
1.0000
1002
}
0
DIMENSION
8
DIMENSIONS
2
*D37
11
210.4877
21
113.8739
31
0
12
0
22
0
32
0
3
ISO-DM
10
196.8963
20
112.7803
30
0
70
161
13
196.8963
23
107.4763
33
0
14
205.9963
24
107.4763
34
0
50
0.0000
42
9.1000
1
<>
1001
ACAD
1000
DSTYLE
1002
{
1070
41
1040
2.5000
1070
140
1040
3.5278
1070
147
1040
1.0583
1070
271
1070
2
1070
40
1040
1.0000
1002
}
0
DIMENSION
8
DIMENSIONS
2
*D38
11
195.4585
21
198.5306
31
0
12
0
22
0
32
0
3
ISO-DM
10
200.0972
20
207.0924
30
0
70
160
13
222.4691
23
192.4618
33
0
14
203.1133
24
205.8738
34
0
50
-112.0000
42
5.1846
1
<>
1001
ACAD
1000
DSTYLE
1002
{
1070
41
1040
2.5000
1070
140
1040
3.5278
1070
147
1040
1.0583
1070
271
1070
2
1070
40
1040
1.0000
1002
}
0
DIMENSION
8
DIMENSIONS
2
*D39
11
196.4493
21
184.9898
31
0
12
0
22
0
32
0
3
ISO-DM
10
221.6824
20
190.5147
30
0
70
164
15
219.6837
25
189.8702
35
0
42
2.1000
40
0
1
<>
1001
ACAD
1000
DSTYLE
1002
{
1070
41
1040
2.5000
1070
140
1040
3.5278
1070
147
1040
1.0583
1070
271
1070
2
1070
40
1040
1.0000
1070
174
1070
0
1070
172
1070
0
1070
141
1040
0.8750
1002
}
0
DIMENSION
8
DIMENSIONS
2
*D40
11
226.6433
21
181.4014
31
0
12
0
22
0
32
0
3
ISO-DM
10
230.9131
20
189.0502
30
0
70
161
13
226.1778
23
190.9634
33
0
14
224.6045
24
187.0692
34
0
50
-112.0000
42
4.2000
1
<>
1001
ACAD
1000
DSTYLE
1002
{
1070
41
1040
2.5000
1070
140
1040
3.5278
1070
147
1040
1.0583
1070
271
1070
2
1070
40
1040
1.0000
1002
}
0
DIMENSION
8
DIMENSIONS
2
*D41
11
236.8340
21
199.7428
31
0
12
0
22
0
32
0
3
ISO-DM
10
224.6571
20
203.4831
30
0
70
161
13
219.7353
23
191.3014
33
0
14
227.3382
24
188.2296
34
0
50
-22.0000
42
8.2000
1
<>
1001
ACAD
1000
DSTYLE
1002
{
1070
41
1040
2.5000
1070
140
1040
3.5278
1070
147
1040
1.0583
1070
271
1070
2
1070
40
1040
1.0000
1002
}
0
DIMENSION
8
DIMENSIONS
2
*D42
11
153.0915
21
109.1463
31
0
12
0
22
0
32
0
3
ISO-DM
10
154.1852
20
84.6463
30
0
70
160
13
113.7112
23
133.6463
33
0
14
107.8803
24
84.6463
34
0
50
90.0000
42
49.0000
1
<>
1001
ACAD
1000
DSTYLE
1002
{
1070
41
1040
2.5000
1070
140
1040
3.5278
1070
147
1040
1.0583
1070
271
1070
2
1070
40
1040
1.0000
1002
}
0
DIMENSION
8
DIMENSIONS
2
*D43
11
82.3708
21
107.6550
31
0
12
0
22
0
32
0
3
ISO-DM
10
83.4644
20
112.1463
30
0
70
160
13
98.5112
23
114.6463
33
0
14
90.9644
24
112.1463
34
0
50
90.0000
42
2.5000
1
<>
1001
ACAD
1000
DSTYLE
1002
{
1070
41
1040
2.5000
1070
140
1040
3.5278
1070
147
1040
1.0583
1070
271
1070
2
1070
40
1040
1.0000
1002
}
0
ENDSEC
0
EOF
