  0
SECTION
  2
HEADER
  9
$ACADVER
  1
AC1027
  9
$ACADMAINTVER
 70
105
  9
$DWGCODEPAGE
  3
ANSI_1252
  9
$LASTSAVEDBY
  1
kaley
  9
$REQUIREDVERSIONS
160
0
  9
$INSBASE
 10
0.0
 20
0.0
 30
0.0
  9
$EXTMIN
 10
14.226381
 20
9.862366
 30
-47.430142
  9
$EXTMAX
 10
276.183072
 20
198.638917
 30
0.0
  9
$LIMMIN
 10
0.0
 20
0.0
  9
$LIMMAX
 10
12.0
 20
9.0
  9
$ORTHOMODE
 70
0
  9
$REGENMODE
 70
1
  9
$FILLMODE
 70
1
  9
$QTEXTMODE
 70
0
  9
$MIRRTEXT
 70
0
  9
$LTSCALE
 40
0.75
  9
$ATTMODE
 70
1
  9
$TEXTSIZE
 40
2.5
  9
$TRACEWID
 40
1.0
  9
$TEXTSTYLE
  7
Standard
  9
$CLAYER
  8
0
  9
$CELTYPE
  6
ByLayer
  9
$CECOLOR
 62
256
  9
$CELTSCALE
 40
1.0
  9
$DISPSILH
 70
0
  9
$DIMSCALE
 40
1.0
  9
$DIMASZ
 40
2.5
  9
$DIMEXO
 40
2.1
  9
$DIMDLI
 40
7.5
  9
$DIMRND
 40
0.0
  9
$DIMDLE
 40
0.0
  9
$DIMEXE
 40
1.5
  9
$DIMTP
 40
0.1
  9
$DIMTM
 40
0.1
  9
$DIMTXT
 40
2.5
  9
$DIMCEN
 40
0.0
  9
$DIMTSZ
 40
0.0
  9
$DIMTOL
 70
0
  9
$DIMLIM
 70
0
  9
$DIMTIH
 70
0
  9
$DIMTOH
 70
0
  9
$DIMSE1
 70
0
  9
$DIMSE2
 70
0
  9
$DIMTAD
 70
1
  9
$DIMZIN
 70
0
  9
$DIMBLK
  1

  9
$DIMASO
 70
1
  9
$DIMSHO
 70
1
  9
$DIMPOST
  1

  9
$DIMAPOST
  1

  9
$DIMALT
 70
0
  9
$DIMALTD
 70
2
  9
$DIMALTF
 40
1.0
  9
$DIMLFAC
 40
1.0
  9
$DIMTOFL
 70
1
  9
$DIMTVP
 40
0.0
  9
$DIMTIX
 70
0
  9
$DIMSOXD
 70
0
  9
$DIMSAH
 70
0
  9
$DIMBLK1
  1

  9
$DIMBLK2
  1

  9
$DIMSTYLE
  2
Dim-ISO-25
  9
$DIMCLRD
 70
0
  9
$DIMCLRE
 70
0
  9
$DIMCLRT
 70
0
  9
$DIMTFAC
 40
0.72
  9
$DIMGAP
 40
1.0
  9
$DIMJUST
 70
0
  9
$DIMSD1
 70
0
  9
$DIMSD2
 70
0
  9
$DIMTOLJ
 70
0
  9
$DIMTZIN
 70
0
  9
$DIMALTZ
 70
4
  9
$DIMALTTZ
 70
4
  9
$DIMUPT
 70
0
  9
$DIMDEC
 70
2
  9
$DIMTDEC
 70
2
  9
$DIMALTU
 70
2
  9
$DIMALTTD
 70
2
  9
$DIMTXSTY
  7
Standard
  9
$DIMAUNIT
 70
0
  9
$DIMADEC
 70
2
  9
$DIMALTRND
 40
0.0
  9
$DIMAZIN
 70
0
  9
$DIMDSEP
 70
46
  9
$DIMATFIT
 70
3
  9
$DIMFRAC
 70
0
  9
$DIMLDRBLK
  1

  9
$DIMLUNIT
 70
2
  9
$DIMLWD
 70
-2
  9
$DIMLWE
 70
-2
  9
$DIMTMOVE
 70
0
  9
$DIMFXL
 40
1.0
  9
$DIMFXLON
 70
0
  9
$DIMJOGANG
 40
0.785398
  9
$DIMTFILL
 70
0
  9
$DIMTFILLCLR
 70
0
  9
$DIMARCSYM
 70
0
  9
$DIMLTYPE
  6

  9
$DIMLTEX1
  6

  9
$DIMLTEX2
  6

  9
$DIMTXTDIRECTION
 70
0
  9
$LUNITS
 70
2
  9
$LUPREC
 70
4
  9
$SKETCHINC
 40
1.0
  9
$FILLETRAD
 40
0.0
  9
$AUNITS
 70
0
  9
$AUPREC
 70
0
  9
$MENU
  1
.
  9
$ELEVATION
 40
0.0
  9
$PELEVATION
 40
0.0
  9
$THICKNESS
 40
0.0
  9
$LIMCHECK
 70
0
  9
$CHAMFERA
 40
0.0
  9
$CHAMFERB
 40
0.0
  9
$CHAMFERC
 40
0.0
  9
$CHAMFERD
 40
0.0
  9
$SKPOLY
 70
0
  9
$TDCREATE
 40
2461286.556990741
  9
$TDUCREATE
 40
2461067.123368056
  9
$TDUPDATE
 40
2461286.556990741
  9
$TDUUPDATE
 40
2461067.123368056
  9
$TDINDWG
 40
0.0
  9
$TDUSRTIMER
 40
0.0
  9
$USRTIMER
 70
1
  9
$ANGBASE
 50
0.0
  9
$ANGDIR
 70
0
  9
$PDMODE
 70
0
  9
$PDSIZE
 40
0.0
  9
$PLINEWID
 40
0.0
  9
$SPLFRAME
 70
0
  9
$SPLINETYPE
 70
6
  9
$SPLINESEGS
 70
8
  9
$HANDSEED
  5
12CB
  9
$SURFTAB1
 70
6
  9
$SURFTAB2
 70
6
  9
$SURFTYPE
 70
6
  9
$SURFU
 70
6
  9
$SURFV
 70
6
  9
$UCSBASE
  2

  9
$UCSNAME
  2

  9
$UCSORG
 10
0.0
 20
0.0
 30
0.0
  9
$UCSXDIR
 10
1.0
 20
0.0
 30
0.0
  9
$UCSYDIR
 10
0.0
 20
1.0
 30
0.0
  9
$UCSORTHOREF
  2

  9
$UCSORTHOVIEW
 70
0
  9
$UCSORGTOP
 10
0.0
 20
0.0
 30
0.0
  9
$UCSORGBOTTOM
 10
0.0
 20
0.0
 30
0.0
  9
$UCSORGLEFT
 10
0.0
 20
0.0
 30
0.0
  9
$UCSORGRIGHT
 10
0.0
 20
0.0
 30
0.0
  9
$UCSORGFRONT
 10
0.0
 20
0.0
 30
0.0
  9
$UCSORGBACK
 10
0.0
 20
0.0
 30
0.0
  9
$PUCSBASE
  2

  9
$PUCSNAME
  2

  9
$PUCSORG
 10
0.0
 20
0.0
 30
0.0
  9
$PUCSXDIR
 10
1.0
 20
0.0
 30
0.0
  9
$PUCSYDIR
 10
0.0
 20
1.0
 30
0.0
  9
$PUCSORTHOREF
  2

  9
$PUCSORTHOVIEW
 70
0
  9
$PUCSORGTOP
 10
0.0
 20
0.0
 30
0.0
  9
$PUCSORGBOTTOM
 10
0.0
 20
0.0
 30
0.0
  9
$PUCSORGLEFT
 10
0.0
 20
0.0
 30
0.0
  9
$PUCSORGRIGHT
 10
0.0
 20
0.0
 30
0.0
  9
$PUCSORGFRONT
 10
0.0
 20
0.0
 30
0.0
  9
$PUCSORGBACK
 10
0.0
 20
0.0
 30
0.0
  9
$USERI1
 70
0
  9
$USERI2
 70
0
  9
$USERI3
 70
0
  9
$USERI4
 70
0
  9
$USERI5
 70
0
  9
$USERR1
 40
0.0
  9
$USERR2
 40
0.0
  9
$USERR3
 40
0.0
  9
$USERR4
 40
0.0
  9
$USERR5
 40
0.0
  9
$WORLDVIEW
 70
1
  9
$SHADEDGE
 70
3
  9
$SHADEDIF
 70
70
  9
$TILEMODE
 70
1
  9
$MAXACTVP
 70
64
  9
$PINSBASE
 10
0.0
 20
0.0
 30
0.0
  9
$PLIMCHECK
 70
0
  9
$PEXTMIN
 10
0.0
 20
0.0
 30
0.0
  9
$PEXTMAX
 10
0.0
 20
0.0
 30
0.0
  9
$PLIMMIN
 10
0.0
 20
0.0
  9
$PLIMMAX
 10
12.0
 20
9.0
  9
$UNITMODE
 70
0
  9
$VISRETAIN
 70
1
  9
$PLINEGEN
 70
0
  9
$PSLTSCALE
 70
1
  9
$TREEDEPTH
 70
3020
  9
$CMLSTYLE
  2
Standard
  9
$CMLJUST
 70
0
  9
$CMLSCALE
 40
20.0
  9
$PROXYGRAPHICS
 70
1
  9
$MEASUREMENT
 70
1
  9
$CELWEIGHT
370
-1
  9
$ENDCAPS
280
0
  9
$JOINSTYLE
280
0
  9
$LWDISPLAY
290
0
  9
$INSUNITS
 70
4
  9
$HYPERLINKBASE
  1

  9
$STYLESHEET
  1

  9
$XEDIT
290
1
  9
$CEPSNTYPE
380
0
  9
$PSTYLEMODE
290
1
  9
$FINGERPRINTGUID
  2
{E0E99A92-9AD8-4749-8695-8414DB360331}
  9
$VERSIONGUID
  2
{EBD2908A-6799-4103-A42E-74351576A3EB}
  9
$EXTNAMES
290
1
  9
$PSVPSCALE
 40
0.0
  9
$OLESTARTUP
290
0
  9
$SORTENTS
280
127
  9
$INDEXCTL
280
0
  9
$HIDETEXT
280
1
  9
$XCLIPFRAME
280
0
  9
$HALOGAP
280
0
  9
$OBSCOLOR
 70
257
  9
$OBSLTYPE
280
0
  9
$INTERSECTIONDISPLAY
280
0
  9
$INTERSECTIONCOLOR
 70
257
  9
$DIMASSOC
280
2
  9
$PROJECTNAME
  1

  9
$CAMERADISPLAY
290
0
  9
$LENSLENGTH
 40
50.0
  9
$CAMERAHEIGHT
 40
0.0
  9
$STEPSPERSEC
 40
2.0
  9
$STEPSIZE
 40
6.0
  9
$3DDWFPREC
 40
2.0
  9
$PSOLWIDTH
 40
5.0
  9
$PSOLHEIGHT
 40
80.0
  9
$LOFTANG1
 40
1.570796
  9
$LOFTANG2
 40
1.570796
  9
$LOFTMAG1
 40
0.0
  9
$LOFTMAG2
 40
0.0
  9
$LOFTPARAM
 70
7
  9
$LOFTNORMALS
280
1
  9
$LATITUDE
 40
37.795
  9
$LONGITUDE
 40
-122.394
  9
$NORTHDIRECTION
 40
0.0
  9
$TIMEZONE
 70
-8000
  9
$LIGHTGLYPHDISPLAY
280
1
  9
$TILEMODELIGHTSYNCH
280
1
  9
$CMATERIAL
347
11
  9
$SOLIDHIST
280
0
  9
$SHOWHIST
280
1
  9
$DWFFRAME
280
2
  9
$DGNFRAME
280
0
  9
$REALWORLDSCALE
290
1
  9
$INTERFERECOLOR
 62
1
  9
$INTERFEREOBJVS
345
33
  9
$INTERFEREVPVS
346
30
  9
$CSHADOW
280
0
  9
$SHADOWPLANELOCATION
 40
0.0
  0
ENDSEC
  0
SECTION
  2
CLASSES
  0
CLASS
  1
ACDBDICTIONARYWDFLT
  2
AcDbDictionaryWithDefault
  3
ObjectDBX Classes
 90
0
 91
1
280
0
281
0
  0
CLASS
  1
MATERIAL
  2
AcDbMaterial
  3
ObjectDBX Classes
 90
1153
 91
3
280
0
281
0
  0
CLASS
  1
VISUALSTYLE
  2
AcDbVisualStyle
  3
ObjectDBX Classes
 90
4095
 91
24
280
0
281
0
  0
CLASS
  1
SCALE
  2
AcDbScale
  3
ObjectDBX Classes
 90
1153
 91
33
280
0
281
0
  0
CLASS
  1
TABLESTYLE
  2
AcDbTableStyle
  3
ObjectDBX Classes
 90
4095
 91
1
280
0
281
0
  0
CLASS
  1
MLEADERSTYLE
  2
AcDbMLeaderStyle
  3
ACDB_MLEADERSTYLE_CLASS
 90
4095
 91
1
280
0
281
0
  0
CLASS
  1
ACDBSECTIONVIEWSTYLE
  2
AcDbSectionViewStyle
  3
ObjectDBX Classes
 90
1025
 91
1
280
0
281
0
  0
CLASS
  1
ACDBDETAILVIEWSTYLE
  2
AcDbDetailViewStyle
  3
ObjectDBX Classes
 90
1025
 91
1
280
0
281
0
  0
CLASS
  1
ACMESCOPE
  2
AcMeScope
  3
AcMeServices
 90
1024
 91
1
280
0
281
0
  0
CLASS
  1
ACMECOMMANDHISTORY
  2
AcMeCommandHistory
  3
AcMeServices
 90
1024
 91
1
280
0
281
0
  0
CLASS
  1
ACIMSYSVARMAN
  2
AcImSysVarManager
  3
AcMeServices
 90
1024
 91
1
280
0
281
0
  0
CLASS
  1
ACIMINTSYSVAR
  2
AcImIntSysVar
  3
AcMeServices
 90
1024
 91
1
280
0
281
0
  0
CLASS
  1
ACMESTATEMGR
  2
AcMeStateMgr
  3
AcMeServices
 90
1024
 91
1
280
0
281
0
  0
CLASS
  1
ACGREFMASTER
  2
AcGrefMaster
  3
AcAttribServices
 90
1024
 91
1
280
0
281
0
  0
CLASS
  1
SORTENTSTABLE
  2
AcDbSortentsTable
  3
ObjectDBX Classes
 90
0
 91
7
280
0
281
0
  0
CLASS
  1
FIELD
  2
AcDbField
  3
ObjectDBX Classes
 90
1152
 91
8
280
0
281
0
  0
CLASS
  1
FIELDLIST
  2
AcDbFieldList
  3
ObjectDBX Classes
 90
1152
 91
1
280
0
281
0
  0
CLASS
  1
DICTIONARYVAR
  2
AcDbDictionaryVar
  3
ObjectDBX Classes
 90
0
 91
6
280
0
281
0
  0
CLASS
  1
CELLSTYLEMAP
  2
AcDbCellStyleMap
  3
ObjectDBX Classes
 90
1152
 91
1
280
0
281
0
  0
CLASS
  1
SUN
  2
AcDbSun
  3
SCENEOE
 90
1153
 91
0
280
0
281
0
  0
CLASS
  1
MENTALRAYRENDERSETTINGS
  2
AcDbMentalRayRenderSettings
  3
SCENEOE
 90
1024
 91
0
280
0
281
0
  0
CLASS
  1
RASTERVARIABLES
  2
AcDbRasterVariables
  3
ISM
 90
0
 91
0
280
0
281
0
  0
CLASS
  1
LAYOUT
  2
AcDbLayout
  3
ObjectDBX Classes
 90
0
 91
0
280
0
281
0
  0
CLASS
  1
ACDBPLACEHOLDER
  2
AcDbPlaceHolder
  3
ObjectDBX Classes
 90
0
 91
0
280
0
281
0
  0
ENDSEC
  0
SECTION
  2
TABLES
  0
TABLE
  2
VPORT
  5
8
330
0
100
AcDbSymbolTable
 70
1
  0
VPORT
  5
57
330
8
100
AcDbSymbolTableRecord
100
AcDbViewportTableRecord
  2
*Active
 70
0
 10
0.0
 20
0.0
 11
1.0
 21
1.0
 12
145.204727
 22
104.250642
 13
0.0
 23
0.0
 14
0.5
 24
0.5
 15
0.0
 25
0.0
 16
0.0
 26
0.0
 36
1.0
 17
0.0
 27
0.0
 37
0.0
 40
188.776551
 41
1.800459
 42
50.0
 43
0.0
 44
0.0
 50
0.0
 51
0.0
 71
0
 72
20000
 73
1
 74
0
 75
0
 76
0
 77
0
 78
0
281
0
 65
1
110
0.0
120
0.0
130
0.0
111
1.0
121
0.0
131
0.0
112
0.0
122
1.0
132
0.0
 79
0
146
0.0
 60
3
 61
5
348
2F
292
1
282
1
141
0.0
142
0.0
 63
250
421
3355443
  0
ENDTAB
  0
TABLE
  2
LTYPE
  5
5
330
0
100
AcDbSymbolTable
 70
18
  0
LTYPE
  5
5B
330
5
100
AcDbSymbolTableRecord
100
AcDbLinetypeTableRecord
  2
ByBlock
 70
0
  3

 72
65
 73
0
 40
0.0
  0
LTYPE
  5
5C
330
5
100
AcDbSymbolTableRecord
100
AcDbLinetypeTableRecord
  2
ByLayer
 70
0
  3

 72
65
 73
0
 40
0.0
  0
LTYPE
  5
5D
330
5
100
AcDbSymbolTableRecord
100
AcDbLinetypeTableRecord
  2
Continuous
 70
0
  3
Solid line
 72
65
 73
0
 40
0.0
  0
LTYPE
  5
81
330
5
100
AcDbSymbolTableRecord
100
AcDbLinetypeTableRecord
  2
HIDDEN
 70
0
  3
Hidden __ __ __ __ __ __ __ __ __ __ __ __ __ _
 72
65
 73
2
 40
9.525
 49
6.35
 74
0
 49
-3.175
 74
0
  0
LTYPE
  5
82
330
5
100
AcDbSymbolTableRecord
100
AcDbLinetypeTableRecord
  2
PHANTOM2
 70
0
  3
Phantom (.5x) ___ _ _ ___ _ _ ___ _ _ ___ _ _
 72
65
 73
6
 40
31.75
 49
15.875
 74
0
 49
-3.175
 74
0
 49
3.175
 74
0
 49
-3.175
 74
0
 49
3.175
 74
0
 49
-3.175
 74
0
  0
LTYPE
  5
83
330
5
100
AcDbSymbolTableRecord
100
AcDbLinetypeTableRecord
  2
CENTER
 70
0
  3
Center ____ _ ____ _ ____ _ ____ _ ____ _ ____
 72
65
 73
4
 40
50.8
 49
31.75
 74
0
 49
-6.35
 74
0
 49
6.35
 74
0
 49
-6.35
 74
0
  0
LTYPE
  5
9C
330
5
100
AcDbSymbolTableRecord
100
AcDbLinetypeTableRecord
  2
CENTER2
 70
0
  3
Center (.5x) ___ _ ___ _ ___ _ ___ _ ___ _ ___
 72
65
 73
4
 40
28.575
 49
19.05
 74
0
 49
-3.175
 74
0
 49
3.175
 74
0
 49
-3.175
 74
0
  0
LTYPE
  5
9D
330
5
100
AcDbSymbolTableRecord
100
AcDbLinetypeTableRecord
  2
AM_ISO02W050
 70
0
  3
__ __ __ __ __ __ __ __ __ __ __ __ __ __ __
 72
65
 73
2
 40
7.5
 49
6.0
 74
0
 49
-1.5
 74
0
  0
LTYPE
  5
9E
330
5
100
AcDbSymbolTableRecord
100
AcDbLinetypeTableRecord
  2
AM_ISO08W050
 70
0
  3
____ . ____ . ____ . ____ . ____ . ____ . ____
 72
65
 73
4
 40
18.0
 49
12.0
 74
0
 49
-1.5
 74
0
 49
3.0
 74
0
 49
-1.5
 74
0
  0
LTYPE
  5
9F
330
5
100
AcDbSymbolTableRecord
100
AcDbLinetypeTableRecord
  2
AM_ISO09W050
 70
0
  3
_____ . . _____ . . _____ . . ____ .. ____
 72
65
 73
6
 40
22.5
 49
12.0
 74
0
 49
-1.5
 74
0
 49
3.0
 74
0
 49
-1.5
 74
0
 49
3.0
 74
0
 49
-1.5
 74
0
  0
LTYPE
  5
A0
330
5
100
AcDbSymbolTableRecord
100
AcDbLinetypeTableRecord
  2
Amconstr
 70
0
  3
_______________________
 72
65
 73
2
 40
9999.0
 49
9999.0
 74
0
 49
0.0
 74
0
  0
LTYPE
  5
A1
330
5
100
AcDbSymbolTableRecord
100
AcDbLinetypeTableRecord
  2
AM_ISO08W050x2
 70
0
  3
__ . __ . __ . __ . __ . __
 72
65
 73
4
 40
9.0
 49
6.0
 74
0
 49
-0.75
 74
0
 49
1.5
 74
0
 49
-0.75
 74
0
  0
LTYPE
  5
A2
330
5
100
AcDbSymbolTableRecord
100
AcDbLinetypeTableRecord
  2
AM_ISO02W050x2
 70
0
  3
 _ _ _ _ _ _ _ _ _ _ _ _
 72
65
 73
2
 40
3.75
 49
3.0
 74
0
 49
-0.75
 74
0
  0
LTYPE
  5
A3
330
5
100
AcDbSymbolTableRecord
100
AcDbLinetypeTableRecord
  2
Amzigzag
 70
0
  3
/\/-/\/-/\/-/\/-/\/-/\/
 72
65
 73
2
 40
11.0001
 49
0.0001
 74
4
 75
136
340
99
 46
0.04
 50
0.0
 44
0.0
 45
0.0
 49
-11.0
 74
0
  0
LTYPE
  5
A4
330
5
100
AcDbSymbolTableRecord
100
AcDbLinetypeTableRecord
  2
ACISOWELD
 70
0
  3
_ _ _ _ _
 72
65
 73
2
 40
2.0
 49
2.0
 74
0
 49
-1.0
 74
0
  0
LTYPE
  5
A5
330
5
100
AcDbSymbolTableRecord
100
AcDbLinetypeTableRecord
  2
ACISOTGL
 70
0
  3
_ _ _ _ _
 72
65
 73
2
 40
3.0
 49
2.0
 74
0
 49
-1.0
 74
0
  0
LTYPE
  5
A6
330
5
100
AcDbSymbolTableRecord
100
AcDbLinetypeTableRecord
  2
ACISOTGB
 70
0
  3
__ . . __ . .
 72
65
 73
6
 40
9.0
 49
4.0
 74
0
 49
-1.0
 74
0
 49
1.0
 74
0
 49
-1.0
 74
0
 49
1.0
 74
0
 49
-1.0
 74
0
  0
LTYPE
  5
A7
330
5
100
AcDbSymbolTableRecord
100
AcDbLinetypeTableRecord
  2
ACAD_VIEWBORDER_LINETYPE
 70
0
  3
Dashed line in view border
 72
83
 73
2
 40
10.0
 49
1.59
 74
0
 49
-6.35
 74
0
1001
ACAD_EXEMPT_FROM_CAD_STANDARDS
1070
1
  0
ENDTAB
  0
TABLE
  2
LAYER
  5
2
330
0
100
AcDbSymbolTable
 70
10
  0
LAYER
  5
54
330
2
100
AcDbSymbolTableRecord
100
AcDbLayerTableRecord
  2
0
 70
0
 62
7
  6
Continuous
370
-3
390
F
347
21
348
0
1001
AcAecLayerStandard
1000

1000

  0
LAYER
  5
79
330
2
100
AcDbSymbolTableRecord
100
AcDbLayerTableRecord
  2
Defpoints
 70
0
 62
7
  6
Continuous
290
0
370
-3
390
F
347
21
348
0
1001
AcAecLayerStandard
1000

1000

  0
LAYER
  5
C3
330
2
100
AcDbSymbolTableRecord
100
AcDbLayerTableRecord
  2
Visible
 70
0
 62
7
  6
Continuous
370
35
390
F
347
21
348
0
  0
LAYER
  5
334
330
2
100
AcDbSymbolTableRecord
100
AcDbLayerTableRecord
  2
Smart Centers
 70
0
 62
7
  6
CENTER2
370
18
390
F
347
21
348
0
  0
LAYER
  5
358
330
2
100
AcDbSymbolTableRecord
100
AcDbLayerTableRecord
  2
Hatching
 70
0
 62
7
  6
Continuous
370
18
390
F
347
21
348
0
  0
LAYER
  5
360
330
2
100
AcDbSymbolTableRecord
100
AcDbLayerTableRecord
  2
View Labels
 70
0
 62
7
  6
Continuous
370
18
390
F
347
21
348
0
  0
LAYER
  5
36A
330
2
100
AcDbSymbolTableRecord
100
AcDbLayerTableRecord
  2
FD_Dimensions
 70
0
 62
7
  6
Continuous
370
18
390
F
347
21
348
0
  0
LAYER
  5
378
330
2
100
AcDbSymbolTableRecord
100
AcDbLayerTableRecord
  2
Breakout Section
 70
0
 62
7
  6
Continuous
370
25
390
F
347
21
348
0
  0
LAYER
  5
4EF
330
2
100
AcDbSymbolTableRecord
100
AcDbLayerTableRecord
  2
Edge Extensions
 70
0
 62
7
  6
Continuous
370
18
390
F
347
21
348
0
  0
LAYER
  5
5DA
330
2
100
AcDbSymbolTableRecord
100
AcDbLayerTableRecord
  2
Section Lines
 70
0
 62
7
  6
CENTER2
370
18
390
F
347
21
348
0
  0
ENDTAB
  0
TABLE
  2
STYLE
  5
3
330
0
100
AcDbSymbolTable
 70
3
  0
STYLE
  5
55
330
3
100
AcDbSymbolTableRecord
100
AcDbTextStyleTableRecord
  2
Standard
 70
0
 40
0.0
 41
1.0
 50
0.0
 71
0
 42
2.5
  3
arial.ttf
  4

1001
ACAD
1000
Arial
1071
34
  0
STYLE
  5
5A
330
3
100
AcDbSymbolTableRecord
100
AcDbTextStyleTableRecord
  2
Annotative
 70
0
 40
0.0
 41
1.0
 50
0.0
 71
0
 42
0.2
  3
txt
  4

1001
AcadAnnotative
1000
AnnotativeData
1002
{
1070
1
1070
1
1002
}
  0
STYLE
  5
9A
330
3
100
AcDbSymbolTableRecord
100
AcDbTextStyleTableRecord
  2
ACISOGDT
 70
0
 40
0.0
 41
1.0
 50
0.0
 71
0
 42
10.0
  3
amgdt.shx
  4

  0
STYLE
  5
99
330
3
100
AcDbSymbolTableRecord
100
AcDbTextStyleTableRecord
  2

 70
1
 40
0.0
 41
1.0
 50
0.0
 71
0
 42
10.0
  3
genltshp.shx
  4

  0
ENDTAB
  0
TABLE
  2
VIEW
  5
6
330
0
100
AcDbSymbolTable
 70
0
  0
ENDTAB
  0
TABLE
  2
UCS
  5
7
330
0
100
AcDbSymbolTable
 70
0
  0
ENDTAB
  0
TABLE
  2
APPID
  5
9
330
0
100
AcDbSymbolTable
 70
29
  0
APPID
  5
56
330
9
100
AcDbSymbolTableRecord
100
AcDbRegAppTableRecord
  2
ACAD
 70
0
  0
APPID
  5
5E
330
9
100
AcDbSymbolTableRecord
100
AcDbRegAppTableRecord
  2
AcadAnnotative
 70
0
  0
APPID
  5
78
330
9
100
AcDbSymbolTableRecord
100
AcDbRegAppTableRecord
  2
ACAD_PSEXT
 70
0
  0
APPID
  5
7A
330
9
100
AcDbSymbolTableRecord
100
AcDbRegAppTableRecord
  2
MCAD_NO_VIS
 70
0
  0
APPID
  5
7B
330
9
100
AcDbSymbolTableRecord
100
AcDbRegAppTableRecord
  2
ACAD_TEMP_GRAPHIC
 70
0
  0
APPID
  5
84
330
9
100
AcDbSymbolTableRecord
100
AcDbRegAppTableRecord
  2
ACAD_DSTYLE_DIMJAG
 70
0
  0
APPID
  5
85
330
9
100
AcDbSymbolTableRecord
100
AcDbRegAppTableRecord
  2
ACAD_DSTYLE_DIMTALN
 70
0
  0
APPID
  5
86
330
9
100
AcDbSymbolTableRecord
100
AcDbRegAppTableRecord
  2
ACAD_NAV_VCDISPLAY
 70
0
  0
APPID
  5
87
330
9
100
AcDbSymbolTableRecord
100
AcDbRegAppTableRecord
  2
ACAD_EXEMPT_FROM_CAD_STANDARDS
 70
0
  0
APPID
  5
88
330
9
100
AcDbSymbolTableRecord
100
AcDbRegAppTableRecord
  2
ACAD_DSTYLE_DIMBREAK
 70
0
  0
APPID
  5
89
330
9
100
AcDbSymbolTableRecord
100
AcDbRegAppTableRecord
  2
ACAD_DSTYLE_DIMRADIAL_EXTENSION
 70
0
  0
APPID
  5
8A
330
9
100
AcDbSymbolTableRecord
100
AcDbRegAppTableRecord
  2
ACAD_TC
 70
0
  0
APPID
  5
8B
330
9
100
AcDbSymbolTableRecord
100
AcDbRegAppTableRecord
  2
FUSIONCURRENTTITLEBLOCK
 70
0
  0
APPID
  5
8C
330
9
100
AcDbSymbolTableRecord
100
AcDbRegAppTableRecord
  2
AcSynergy
 70
0
  0
APPID
  5
8D
330
9
100
AcDbSymbolTableRecord
100
AcDbRegAppTableRecord
  2
GENIUS_GENSCREG_15
 70
0
  0
APPID
  5
8E
330
9
100
AcDbSymbolTableRecord
100
AcDbRegAppTableRecord
  2
GENIUS_GENOBJ-N-SDF_13
 70
0
  0
APPID
  5
8F
330
9
100
AcDbSymbolTableRecord
100
AcDbRegAppTableRecord
  2
GENIUS_GENODEF_13
 70
0
  0
APPID
  5
90
330
9
100
AcDbSymbolTableRecord
100
AcDbRegAppTableRecord
  2
ACAD_DIMASSOC_CALC_DIMLFAC
 70
0
  0
APPID
  5
91
330
9
100
AcDbSymbolTableRecord
100
AcDbRegAppTableRecord
  2
ACAD_DIMASSOC_DIMLFAC
 70
0
  0
APPID
  5
92
330
9
100
AcDbSymbolTableRecord
100
AcDbRegAppTableRecord
  2
ACAD_DIMASSOC_OVERRIDDEN_DIMLFAC
 70
0
  0
APPID
  5
93
330
9
100
AcDbSymbolTableRecord
100
AcDbRegAppTableRecord
  2
ACAD_DSTYLE_DIMJAG_POSITION
 70
0
  0
APPID
  5
94
330
9
100
AcDbSymbolTableRecord
100
AcDbRegAppTableRecord
  2
ACAD_MODELDOC_XFORM
 70
0
  0
APPID
  5
95
330
9
100
AcDbSymbolTableRecord
100
AcDbRegAppTableRecord
  2
SYNERGY_BODY_TBR_ID
 70
0
  0
APPID
  5
96
330
9
100
AcDbSymbolTableRecord
100
AcDbRegAppTableRecord
  2
FusionCutBodyId
 70
0
  0
APPID
  5
97
330
9
100
AcDbSymbolTableRecord
100
AcDbRegAppTableRecord
  2
BREAKOUTPROFILE_XDATA
 70
0
  0
APPID
  5
98
330
9
100
AcDbSymbolTableRecord
100
AcDbRegAppTableRecord
  2
ACATTRIBSERVICES
 70
0
  0
APPID
  5
F66
330
9
100
AcDbSymbolTableRecord
100
AcDbRegAppTableRecord
  2
AcAecLayerStandard
 70
0
  0
APPID
  5
12C7
330
9
100
AcDbSymbolTableRecord
100
AcDbRegAppTableRecord
  2
HATCHBACKGROUNDCOLOR
 70
0
  0
APPID
  5
12C8
330
9
100
AcDbSymbolTableRecord
100
AcDbRegAppTableRecord
  2
EZDXF
 70
0
  0
ENDTAB
  0
TABLE
  2
DIMSTYLE
  5
A
330
0
100
AcDbSymbolTable
 70
4
100
AcDbDimStyleTable
  0
DIMSTYLE
105
58
330
A
100
AcDbSymbolTableRecord
100
AcDbDimStyleTableRecord
  2
Standard
 70
0
 40
1.0
 41
2.5
 42
2.1
 43
7.5
 44
1.5
 45
0.0
 46
0.0
 47
0.0
 48
0.0
 49
2.5
140
2.5
141
2.5
142
0.0
143
1.0
144
1.0
145
0.0
146
0.72
147
1.0
148
0.0
 69
0
 70
0
 71
0
 72
0
 73
0
 74
0
 75
0
 76
0
 77
1
 78
8
 79
3
170
0
171
3
172
1
173
0
174
0
175
0
176
0
177
0
178
0
179
2
271
2
272
2
273
2
274
3
275
0
276
0
277
2
278
44
279
0
280
0
281
0
282
0
283
0
284
8
285
0
286
0
288
0
289
3
290
0
340
55
371
-2
372
-2
  0
DIMSTYLE
105
59
330
A
100
AcDbSymbolTableRecord
100
AcDbDimStyleTableRecord
  2
Annotative
 70
0
 40
0.0
 41
2.5
 42
2.1
 43
7.5
 44
1.5
 45
0.0
 46
0.0
 47
0.0
 48
0.0
 49
2.5
140
2.5
141
2.5
142
0.0
143
1.0
144
1.0
145
0.0
146
0.72
147
1.0
148
0.0
 69
0
 70
0
 71
0
 72
0
 73
0
 74
0
 75
0
 76
0
 77
1
 78
8
 79
3
170
0
171
3
172
1
173
0
174
0
175
0
176
0
177
0
178
0
179
2
271
2
272
2
273
2
274
3
275
0
276
0
277
2
278
44
279
0
280
0
281
0
282
0
283
0
284
8
285
0
286
0
288
0
289
3
290
0
340
55
371
-2
372
-2
1001
AcadAnnotative
1000
AnnotativeData
1002
{
1070
1
1070
1
1002
}
  0
DIMSTYLE
105
AA
330
A
100
AcDbSymbolTableRecord
100
AcDbDimStyleTableRecord
  2
ISO-25
 70
0
 40
1.0
 41
2.5
 42
2.1
 43
7.5
 44
1.5
 45
0.0
 46
0.0
 47
0.1
 48
0.1
 49
2.5
140
2.5
141
0.0
142
0.0
143
1.0
144
1.0
145
0.0
146
0.72
147
1.0
148
0.0
 69
0
 70
0
 71
0
 72
0
 73
0
 74
0
 75
0
 76
0
 77
1
 78
8
 79
3
170
0
171
4
172
1
173
0
174
0
175
0
176
256
177
256
178
256
179
2
271
2
272
2
273
2
274
4
275
0
276
0
277
2
278
44
279
0
280
0
281
0
282
0
283
0
284
8
285
8
286
0
288
0
289
3
290
0
340
55
371
-2
372
-2
1001
ACAD_DSTYLE_DIMJAG
1070
388
1040
1.5
1001
ACAD_DSTYLE_DIMTALN
1070
392
1070
1
1001
ACAD_DSTYLE_DIMBREAK
1070
391
1040
2.5
  0
DIMSTYLE
105
AB
102
{ACAD_REACTORS
330
369
330
37A
330
389
330
396
330
3A5
330
3B3
330
3C0
330
3CF
330
3DE
330
3E8
330
3F2
330
3FF
330
40E
330
41B
330
42A
330
437
330
450
330
45F
330
46E
330
47B
330
489
330
496
330
4A5
330
4B2
330
4C1
330
4D0
330
4DF
330
4FB
330
50A
330
519
330
526
330
535
330
53F
330
549
330
558
330
567
330
576
330
583
330
592
330
59C
330
5AB
330
5B9
330
5C6
102
}
330
A
100
AcDbSymbolTableRecord
100
AcDbDimStyleTableRecord
  2
Dim-ISO-25
 70
0
 40
1.0
 41
2.5
 42
2.1
 43
7.5
 44
1.5
 45
0.0
 46
0.0
 47
0.1
 48
0.1
 49
2.5
140
2.5
141
0.0
142
0.0
143
1.0
144
1.0
145
0.0
146
0.72
147
1.0
148
0.0
 69
0
 70
0
 71
0
 72
0
 73
0
 74
0
 75
0
 76
0
 77
1
 78
8
 79
3
170
0
171
3
172
1
173
0
174
0
175
0
176
0
177
0
178
0
179
2
271
2
272
2
273
2
274
3
275
0
276
0
277
2
278
44
279
0
280
0
281
0
282
0
283
0
284
8
285
4
286
4
288
0
289
3
290
0
340
55
371
-2
372
-2
1001
ACAD_DSTYLE_DIMJAG
1070
388
1040
1.5
1001
ACAD_DSTYLE_DIMTALN
1070
392
1070
1
1001
ACAD_DSTYLE_DIMBREAK
1070
391
1040
2.5
  0
ENDTAB
  0
TABLE
  2
BLOCK_RECORD
  5
1
330
0
100
AcDbSymbolTable
 70
97
  0
BLOCK_RECORD
  5
70
102
{ACAD_XDICTIONARY
360
BC
102
}
330
1
100
AcDbSymbolTableRecord
100
AcDbBlockTableRecord
  2
*Model_Space
340
73
 70
0
280
1
281
0
  0
BLOCK_RECORD
  5
6C
330
1
100
AcDbSymbolTableRecord
100
AcDbBlockTableRecord
  2
*Paper_Space
340
6F
 70
0
280
1
281
0
  0
BLOCK_RECORD
  5
74
330
1
100
AcDbSymbolTableRecord
100
AcDbBlockTableRecord
  2
*Paper_Space0
340
77
 70
0
280
1
281
0
  0
BLOCK_RECORD
  5
335
330
1
100
AcDbSymbolTableRecord
100
AcDbBlockTableRecord
  2
*U7
340
0
 70
0
280
1
281
0
  0
BLOCK_RECORD
  5
33A
330
1
100
AcDbSymbolTableRecord
100
AcDbBlockTableRecord
  2
*U8
340
0
 70
0
280
1
281
0
  0
BLOCK_RECORD
  5
33F
330
1
100
AcDbSymbolTableRecord
100
AcDbBlockTableRecord
  2
*U9
340
0
 70
0
280
1
281
0
  0
BLOCK_RECORD
  5
344
330
1
100
AcDbSymbolTableRecord
100
AcDbBlockTableRecord
  2
*U10
340
0
 70
0
280
1
281
0
  0
BLOCK_RECORD
  5
34E
330
1
100
AcDbSymbolTableRecord
100
AcDbBlockTableRecord
  2
*U11
340
0
 70
0
280
1
281
0
  0
BLOCK_RECORD
  5
36B
330
1
100
AcDbSymbolTableRecord
100
AcDbBlockTableRecord
  2
*D12
340
0
 70
0
280
1
281
0
  0
BLOCK_RECORD
  5
37B
330
1
100
AcDbSymbolTableRecord
100
AcDbBlockTableRecord
  2
*D13
340
0
 70
0
280
1
281
0
  0
BLOCK_RECORD
  5
38A
330
1
100
AcDbSymbolTableRecord
100
AcDbBlockTableRecord
  2
*D14
340
0
 70
0
280
1
281
0
  0
BLOCK_RECORD
  5
397
330
1
100
AcDbSymbolTableRecord
100
AcDbBlockTableRecord
  2
*D15
340
0
 70
0
280
1
281
0
  0
BLOCK_RECORD
  5
3A6
330
1
100
AcDbSymbolTableRecord
100
AcDbBlockTableRecord
  2
*D16
340
0
 70
0
280
1
281
0
  0
BLOCK_RECORD
  5
3B4
330
1
100
AcDbSymbolTableRecord
100
AcDbBlockTableRecord
  2
*D17
340
0
 70
0
280
1
281
0
  0
BLOCK_RECORD
  5
3C1
330
1
100
AcDbSymbolTableRecord
100
AcDbBlockTableRecord
  2
*D18
340
0
 70
0
280
1
281
0
  0
BLOCK_RECORD
  5
3D0
330
1
100
AcDbSymbolTableRecord
100
AcDbBlockTableRecord
  2
*D19
340
0
 70
0
280
1
281
0
  0
BLOCK_RECORD
  5
3DF
330
1
100
AcDbSymbolTableRecord
100
AcDbBlockTableRecord
  2
*D20
340
0
 70
0
280
1
281
0
  0
BLOCK_RECORD
  5
3E9
330
1
100
AcDbSymbolTableRecord
100
AcDbBlockTableRecord
  2
*D21
340
0
 70
0
280
1
281
0
  0
BLOCK_RECORD
  5
3F3
330
1
100
AcDbSymbolTableRecord
100
AcDbBlockTableRecord
  2
*D22
340
0
 70
0
280
1
281
0
  0
BLOCK_RECORD
  5
400
330
1
100
AcDbSymbolTableRecord
100
AcDbBlockTableRecord
  2
*D23
340
0
 70
0
280
1
281
0
  0
BLOCK_RECORD
  5
40F
330
1
100
AcDbSymbolTableRecord
100
AcDbBlockTableRecord
  2
*D24
340
0
 70
0
280
1
281
0
  0
BLOCK_RECORD
  5
41C
330
1
100
AcDbSymbolTableRecord
100
AcDbBlockTableRecord
  2
*D25
340
0
 70
0
280
1
281
0
  0
BLOCK_RECORD
  5
42B
330
1
100
AcDbSymbolTableRecord
100
AcDbBlockTableRecord
  2
*D26
340
0
 70
0
280
1
281
0
  0
BLOCK_RECORD
  5
438
330
1
100
AcDbSymbolTableRecord
100
AcDbBlockTableRecord
  2
*D27
340
0
 70
0
280
1
281
0
  0
BLOCK_RECORD
  5
447
330
1
100
AcDbSymbolTableRecord
100
AcDbBlockTableRecord
  2
*U28
340
0
 70
0
280
1
281
0
  0
BLOCK_RECORD
  5
451
330
1
100
AcDbSymbolTableRecord
100
AcDbBlockTableRecord
  2
*D29
340
0
 70
0
280
1
281
0
  0
BLOCK_RECORD
  5
460
330
1
100
AcDbSymbolTableRecord
100
AcDbBlockTableRecord
  2
*D30
340
0
 70
0
280
1
281
0
  0
BLOCK_RECORD
  5
46F
330
1
100
AcDbSymbolTableRecord
100
AcDbBlockTableRecord
  2
*D31
340
0
 70
0
280
1
281
0
  0
BLOCK_RECORD
  5
47C
330
1
100
AcDbSymbolTableRecord
100
AcDbBlockTableRecord
  2
*D32
340
0
 70
0
280
1
281
0
  0
BLOCK_RECORD
  5
48A
330
1
100
AcDbSymbolTableRecord
100
AcDbBlockTableRecord
  2
*D33
340
0
 70
0
280
1
281
0
  0
BLOCK_RECORD
  5
497
330
1
100
AcDbSymbolTableRecord
100
AcDbBlockTableRecord
  2
*D34
340
0
 70
0
280
1
281
0
  0
BLOCK_RECORD
  5
4A6
330
1
100
AcDbSymbolTableRecord
100
AcDbBlockTableRecord
  2
*D35
340
0
 70
0
280
1
281
0
  0
BLOCK_RECORD
  5
4B3
330
1
100
AcDbSymbolTableRecord
100
AcDbBlockTableRecord
  2
*D36
340
0
 70
0
280
1
281
0
  0
BLOCK_RECORD
  5
4C2
330
1
100
AcDbSymbolTableRecord
100
AcDbBlockTableRecord
  2
*D37
340
0
 70
0
280
1
281
0
  0
BLOCK_RECORD
  5
4D1
330
1
100
AcDbSymbolTableRecord
100
AcDbBlockTableRecord
  2
*D38
340
0
 70
0
280
1
281
0
  0
BLOCK_RECORD
  5
4E0
330
1
100
AcDbSymbolTableRecord
100
AcDbBlockTableRecord
  2
*D39
340
0
 70
0
280
1
281
0
  0
BLOCK_RECORD
  5
4F0
330
1
100
AcDbSymbolTableRecord
100
AcDbBlockTableRecord
  2
*U40
340
0
 70
0
280
1
281
0
  0
BLOCK_RECORD
  5
4F6
330
1
100
AcDbSymbolTableRecord
100
AcDbBlockTableRecord
  2
*U41
340
0
 70
0
280
1
281
0
  0
BLOCK_RECORD
  5
4FC
330
1
100
AcDbSymbolTableRecord
100
AcDbBlockTableRecord
  2
*D42
340
0
 70
0
280
1
281
0
  0
BLOCK_RECORD
  5
50B
330
1
100
AcDbSymbolTableRecord
100
AcDbBlockTableRecord
  2
*D43
340
0
 70
0
280
1
281
0
  0
BLOCK_RECORD
  5
51A
330
1
100
AcDbSymbolTableRecord
100
AcDbBlockTableRecord
  2
*D44
340
0
 70
0
280
1
281
0
  0
BLOCK_RECORD
  5
527
330
1
100
AcDbSymbolTableRecord
100
AcDbBlockTableRecord
  2
*D45
340
0
 70
0
280
1
281
0
  0
BLOCK_RECORD
  5
536
330
1
100
AcDbSymbolTableRecord
100
AcDbBlockTableRecord
  2
*D46
340
0
 70
0
280
1
281
0
  0
BLOCK_RECORD
  5
540
330
1
100
AcDbSymbolTableRecord
100
AcDbBlockTableRecord
  2
*D47
340
0
 70
0
280
1
281
0
  0
BLOCK_RECORD
  5
54A
330
1
100
AcDbSymbolTableRecord
100
AcDbBlockTableRecord
  2
*D48
340
0
 70
0
280
1
281
0
  0
BLOCK_RECORD
  5
559
330
1
100
AcDbSymbolTableRecord
100
AcDbBlockTableRecord
  2
*D49
340
0
 70
0
280
1
281
0
  0
BLOCK_RECORD
  5
568
330
1
100
AcDbSymbolTableRecord
100
AcDbBlockTableRecord
  2
*D50
340
0
 70
0
280
1
281
0
  0
BLOCK_RECORD
  5
577
330
1
100
AcDbSymbolTableRecord
100
AcDbBlockTableRecord
  2
*D51
340
0
 70
0
280
1
281
0
  0
BLOCK_RECORD
  5
584
330
1
100
AcDbSymbolTableRecord
100
AcDbBlockTableRecord
  2
*D52
340
0
 70
0
280
1
281
0
  0
BLOCK_RECORD
  5
593
330
1
100
AcDbSymbolTableRecord
100
AcDbBlockTableRecord
  2
*D53
340
0
 70
0
280
1
281
0
  0
BLOCK_RECORD
  5
59D
330
1
100
AcDbSymbolTableRecord
100
AcDbBlockTableRecord
  2
*D54
340
0
 70
0
280
1
281
0
  0
BLOCK_RECORD
  5
5AC
330
1
100
AcDbSymbolTableRecord
100
AcDbBlockTableRecord
  2
*D55
340
0
 70
0
280
1
281
0
  0
BLOCK_RECORD
  5
5BA
330
1
100
AcDbSymbolTableRecord
100
AcDbBlockTableRecord
  2
*D56
340
0
 70
0
280
1
281
0
  0
BLOCK_RECORD
  5
5C7
330
1
100
AcDbSymbolTableRecord
100
AcDbBlockTableRecord
  2
*D57
340
0
 70
0
280
1
281
0
  0
BLOCK_RECORD
  5
5EF
330
1
100
AcDbSymbolTableRecord
100
AcDbBlockTableRecord
  2
*D59
340
0
 70
0
280
1
281
0
  0
BLOCK_RECORD
  5
5FB
330
1
100
AcDbSymbolTableRecord
100
AcDbBlockTableRecord
  2
*D60
340
0
 70
0
280
1
281
0
  0
BLOCK_RECORD
  5
609
330
1
100
AcDbSymbolTableRecord
100
AcDbBlockTableRecord
  2
*D61
340
0
 70
0
280
1
281
0
  0
BLOCK_RECORD
  5
615
330
1
100
AcDbSymbolTableRecord
100
AcDbBlockTableRecord
  2
*D62
340
0
 70
0
280
1
281
0
  0
BLOCK_RECORD
  5
623
330
1
100
AcDbSymbolTableRecord
100
AcDbBlockTableRecord
  2
*D63
340
0
 70
0
280
1
281
0
  0
BLOCK_RECORD
  5
630
330
1
100
AcDbSymbolTableRecord
100
AcDbBlockTableRecord
  2
*D64
340
0
 70
0
280
1
281
0
  0
BLOCK_RECORD
  5
63C
330
1
100
AcDbSymbolTableRecord
100
AcDbBlockTableRecord
  2
*D65
340
0
 70
0
280
1
281
0
  0
BLOCK_RECORD
  5
64A
330
1
100
AcDbSymbolTableRecord
100
AcDbBlockTableRecord
  2
*D66
340
0
 70
0
280
1
281
0
  0
BLOCK_RECORD
  5
658
330
1
100
AcDbSymbolTableRecord
100
AcDbBlockTableRecord
  2
*D67
340
0
 70
0
280
1
281
0
  0
BLOCK_RECORD
  5
661
330
1
100
AcDbSymbolTableRecord
100
AcDbBlockTableRecord
  2
*D68
340
0
 70
0
280
1
281
0
  0
BLOCK_RECORD
  5
66A
330
1
100
AcDbSymbolTableRecord
100
AcDbBlockTableRecord
  2
*D69
340
0
 70
0
280
1
281
0
  0
BLOCK_RECORD
  5
676
330
1
100
AcDbSymbolTableRecord
100
AcDbBlockTableRecord
  2
*D70
340
0
 70
0
280
1
281
0
  0
BLOCK_RECORD
  5
684
330
1
100
AcDbSymbolTableRecord
100
AcDbBlockTableRecord
  2
*D71
340
0
 70
0
280
1
281
0
  0
BLOCK_RECORD
  5
690
330
1
100
AcDbSymbolTableRecord
100
AcDbBlockTableRecord
  2
*D72
340
0
 70
0
280
1
281
0
  0
BLOCK_RECORD
  5
69E
330
1
100
AcDbSymbolTableRecord
100
AcDbBlockTableRecord
  2
*D73
340
0
 70
0
280
1
281
0
  0
BLOCK_RECORD
  5
6AA
330
1
100
AcDbSymbolTableRecord
100
AcDbBlockTableRecord
  2
*D74
340
0
 70
0
280
1
281
0
  0
BLOCK_RECORD
  5
6B8
330
1
100
AcDbSymbolTableRecord
100
AcDbBlockTableRecord
  2
*D75
340
0
 70
0
280
1
281
0
  0
BLOCK_RECORD
  5
6C6
330
1
100
AcDbSymbolTableRecord
100
AcDbBlockTableRecord
  2
*D76
340
0
 70
0
280
1
281
0
  0
BLOCK_RECORD
  5
6D4
330
1
100
AcDbSymbolTableRecord
100
AcDbBlockTableRecord
  2
*D77
340
0
 70
0
280
1
281
0
  0
BLOCK_RECORD
  5
6E0
330
1
100
AcDbSymbolTableRecord
100
AcDbBlockTableRecord
  2
*D78
340
0
 70
0
280
1
281
0
  0
BLOCK_RECORD
  5
6ED
330
1
100
AcDbSymbolTableRecord
100
AcDbBlockTableRecord
  2
*D79
340
0
 70
0
280
1
281
0
  0
BLOCK_RECORD
  5
6F9
330
1
100
AcDbSymbolTableRecord
100
AcDbBlockTableRecord
  2
*D80
340
0
 70
0
280
1
281
0
  0
BLOCK_RECORD
  5
707
330
1
100
AcDbSymbolTableRecord
100
AcDbBlockTableRecord
  2
*D81
340
0
 70
0
280
1
281
0
  0
BLOCK_RECORD
  5
713
330
1
100
AcDbSymbolTableRecord
100
AcDbBlockTableRecord
  2
*D82
340
0
 70
0
280
1
281
0
  0
BLOCK_RECORD
  5
721
330
1
100
AcDbSymbolTableRecord
100
AcDbBlockTableRecord
  2
*D83
340
0
 70
0
280
1
281
0
  0
BLOCK_RECORD
  5
72F
330
1
100
AcDbSymbolTableRecord
100
AcDbBlockTableRecord
  2
*D84
340
0
 70
0
280
1
281
0
  0
BLOCK_RECORD
  5
73D
330
1
100
AcDbSymbolTableRecord
100
AcDbBlockTableRecord
  2
*D85
340
0
 70
0
280
1
281
0
  0
BLOCK_RECORD
  5
74B
330
1
100
AcDbSymbolTableRecord
100
AcDbBlockTableRecord
  2
*D86
340
0
 70
0
280
1
281
0
  0
BLOCK_RECORD
  5
759
330
1
100
AcDbSymbolTableRecord
100
AcDbBlockTableRecord
  2
*D87
340
0
 70
0
280
1
281
0
  0
BLOCK_RECORD
  5
767
330
1
100
AcDbSymbolTableRecord
100
AcDbBlockTableRecord
  2
*D88
340
0
 70
0
280
1
281
0
  0
BLOCK_RECORD
  5
773
330
1
100
AcDbSymbolTableRecord
100
AcDbBlockTableRecord
  2
*D89
340
0
 70
0
280
1
281
0
  0
BLOCK_RECORD
  5
781
330
1
100
AcDbSymbolTableRecord
100
AcDbBlockTableRecord
  2
*D90
340
0
 70
0
280
1
281
0
  0
BLOCK_RECORD
  5
78A
330
1
100
AcDbSymbolTableRecord
100
AcDbBlockTableRecord
  2
*D91
340
0
 70
0
280
1
281
0
  0
BLOCK_RECORD
  5
793
330
1
100
AcDbSymbolTableRecord
100
AcDbBlockTableRecord
  2
*D92
340
0
 70
0
280
1
281
0
  0
BLOCK_RECORD
  5
7A1
330
1
100
AcDbSymbolTableRecord
100
AcDbBlockTableRecord
  2
*D93
340
0
 70
0
280
1
281
0
  0
BLOCK_RECORD
  5
7AF
330
1
100
AcDbSymbolTableRecord
100
AcDbBlockTableRecord
  2
*D94
340
0
 70
0
280
1
281
0
  0
BLOCK_RECORD
  5
7BD
330
1
100
AcDbSymbolTableRecord
100
AcDbBlockTableRecord
  2
*D95
340
0
 70
0
280
1
281
0
  0
BLOCK_RECORD
  5
7C9
330
1
100
AcDbSymbolTableRecord
100
AcDbBlockTableRecord
  2
*D96
340
0
 70
0
280
1
281
0
  0
BLOCK_RECORD
  5
7D7
330
1
100
AcDbSymbolTableRecord
100
AcDbBlockTableRecord
  2
*D97
340
0
 70
0
280
1
281
0
  0
BLOCK_RECORD
  5
7E0
330
1
100
AcDbSymbolTableRecord
100
AcDbBlockTableRecord
  2
*D98
340
0
 70
0
280
1
281
0
  0
BLOCK_RECORD
  5
7EE
330
1
100
AcDbSymbolTableRecord
100
AcDbBlockTableRecord
  2
*D99
340
0
 70
0
280
1
281
0
  0
BLOCK_RECORD
  5
7FB
330
1
100
AcDbSymbolTableRecord
100
AcDbBlockTableRecord
  2
*D100
340
0
 70
0
280
1
281
0
  0
BLOCK_RECORD
  5
807
330
1
100
AcDbSymbolTableRecord
100
AcDbBlockTableRecord
  2
*D101
340
0
 70
0
280
1
281
0
  0
ENDTAB
  0
ENDSEC
  0
SECTION
  2
BLOCKS
  0
BLOCK
  5
71
330
70
100
AcDbEntity
  8
0
100
AcDbBlockBegin
  2
*Model_Space
 70
0
 10
0.0
 20
0.0
 30
0.0
  3
*Model_Space
  1

  0
ENDBLK
  5
72
330
70
100
AcDbEntity
  8
0
100
AcDbBlockEnd
  0
BLOCK
  5
6D
330
6C
100
AcDbEntity
 67
1
  8
0
100
AcDbBlockBegin
  2
*Paper_Space
 70
0
 10
0.0
 20
0.0
 30
0.0
  3
*Paper_Space
  1

  0
ENDBLK
  5
6E
330
6C
100
AcDbEntity
 67
1
  8
0
100
AcDbBlockEnd
  0
BLOCK
  5
75
330
74
100
AcDbEntity
 67
1
  8
0
100
AcDbBlockBegin
  2
*Paper_Space0
 70
0
 10
0.0
 20
0.0
 30
0.0
  3
*Paper_Space0
  1

  0
ENDBLK
  5
76
330
74
100
AcDbEntity
 67
1
  8
0
100
AcDbBlockEnd
  0
BLOCK
  5
336
330
335
100
AcDbEntity
  8
0
100
AcDbBlockBegin
  2
*U7
 70
1
 10
0.0
 20
0.0
 30
0.0
  3
*U7
  1

  0
LINE
  5
337
330
335
100
AcDbEntity
  8
Smart Centers
 62
0
 48
0.75
440
16777216
100
AcDbLine
 10
0.0
 20
-36.450011
 30
0.0
 11
0.0
 21
43.844778
 31
0.0
  0
ENDBLK
  5
338
330
335
100
AcDbEntity
  8
0
100
AcDbBlockEnd
  0
BLOCK
  5
33B
330
33A
100
AcDbEntity
  8
0
100
AcDbBlockBegin
  2
*U8
 70
1
 10
0.0
 20
0.0
 30
0.0
  3
*U8
  1

  0
LINE
  5
33C
330
33A
100
AcDbEntity
  8
Smart Centers
 62
0
 48
0.75
440
16777216
100
AcDbLine
 10
0.0
 20
51.39212
 30
0.0
 11
0.0
 21
-38.268726
 31
0.0
  0
ENDBLK
  5
33D
330
33A
100
AcDbEntity
  8
0
100
AcDbBlockEnd
  0
BLOCK
  5
340
330
33F
100
AcDbEntity
  8
0
100
AcDbBlockBegin
  2
*U9
 70
1
 10
0.0
 20
0.0
 30
0.0
  3
*U9
  1

  0
LINE
  5
341
330
33F
100
AcDbEntity
  8
Smart Centers
 62
0
 48
0.75
440
16777216
100
AcDbLine
 10
16.611418
 20
41.114695
 30
0.0
 11
-2.860965
 21
-7.081135
 31
0.0
  0
ENDBLK
  5
342
330
33F
100
AcDbEntity
  8
0
100
AcDbBlockEnd
  0
BLOCK
  5
345
330
344
100
AcDbEntity
  8
0
100
AcDbBlockBegin
  2
*U10
 70
1
 10
0.0
 20
0.0
 30
0.0
  3
*U10
  1

  0
LINE
  5
346
330
344
100
AcDbEntity
  8
Smart Centers
  6
Continuous
 62
0
 48
0.75
440
16777216
100
AcDbLine
 10
-0.892969
 20
0.0
 30
0.0
 11
0.892969
 21
0.0
 31
0.0
  0
LINE
  5
347
330
344
100
AcDbEntity
  8
Smart Centers
  6
Continuous
 62
0
 48
0.75
440
16777216
100
AcDbLine
 10
0.0
 20
-0.892969
 30
0.0
 11
0.0
 21
0.892969
 31
0.0
  0
LINE
  5
348
330
344
100
AcDbEntity
  8
Smart Centers
 62
0
 48
0.75
440
16777216
100
AcDbLine
 10
-15.058529
 20
0.0
 30
0.0
 11
-2.678906
 21
0.0
 31
0.0
  0
LINE
  5
349
330
344
100
AcDbEntity
  8
Smart Centers
 62
0
 48
0.75
440
16777216
100
AcDbLine
 10
2.678906
 20
0.0
 30
0.0
 11
4.5
 21
0.0
 31
0.0
  0
LINE
  5
34A
330
344
100
AcDbEntity
  8
Smart Centers
 62
0
 48
0.75
440
16777216
100
AcDbLine
 10
0.0
 20
-4.5
 30
0.0
 11
0.0
 21
-2.678906
 31
0.0
  0
LINE
  5
34B
330
344
100
AcDbEntity
  8
Smart Centers
 62
0
 48
0.75
440
16777216
100
AcDbLine
 10
0.0
 20
2.678906
 30
0.0
 11
0.0
 21
4.5
 31
0.0
  0
ENDBLK
  5
34C
330
344
100
AcDbEntity
  8
0
100
AcDbBlockEnd
  0
BLOCK
  5
34F
330
34E
100
AcDbEntity
  8
0
100
AcDbBlockBegin
  2
*U11
 70
1
 10
0.0
 20
0.0
 30
0.0
  3
*U11
  1

  0
LINE
  5
350
330
34E
100
AcDbEntity
  8
Smart Centers
  6
Continuous
 62
0
 48
0.75
440
16777216
100
AcDbLine
 10
-0.892969
 20
0.0
 30
0.0
 11
0.892969
 21
0.0
 31
0.0
  0
LINE
  5
351
330
34E
100
AcDbEntity
  8
Smart Centers
  6
Continuous
 62
0
 48
0.75
440
16777216
100
AcDbLine
 10
0.0
 20
-0.892969
 30
0.0
 11
0.0
 21
0.892969
 31
0.0
  0
LINE
  5
352
330
34E
100
AcDbEntity
  8
Smart Centers
 62
0
 48
0.75
440
16777216
100
AcDbLine
 10
-4.5
 20
0.0
 30
0.0
 11
-2.678906
 21
0.0
 31
0.0
  0
LINE
  5
353
330
34E
100
AcDbEntity
  8
Smart Centers
 62
0
 48
0.75
440
16777216
100
AcDbLine
 10
2.678906
 20
0.0
 30
0.0
 11
14.716504
 21
0.0
 31
0.0
  0
LINE
  5
354
330
34E
100
AcDbEntity
  8
Smart Centers
 62
0
 48
0.75
440
16777216
100
AcDbLine
 10
0.0
 20
-4.5
 30
0.0
 11
0.0
 21
-2.678906
 31
0.0
  0
LINE
  5
355
330
34E
100
AcDbEntity
  8
Smart Centers
 62
0
 48
0.75
440
16777216
100
AcDbLine
 10
0.0
 20
2.678906
 30
0.0
 11
0.0
 21
4.5
 31
0.0
  0
ENDBLK
  5
356
330
34E
100
AcDbEntity
  8
0
100
AcDbBlockEnd
  0
BLOCK
  5
36C
330
36B
100
AcDbEntity
  8
0
100
AcDbBlockBegin
  2
*D12
 70
1
 10
0.0
 20
0.0
 30
0.0
  3
*D12
  1

  0
LINE
  5
36D
330
36B
100
AcDbEntity
  8
FD_Dimensions
 62
0
370
-2
440
16777216
100
AcDbLine
 10
32.779246
 20
146.656969
 30
0.0
 11
32.779246
 21
153.556969
 31
0.0
  0
LINE
  5
36E
330
36B
100
AcDbEntity
  8
FD_Dimensions
 62
0
370
-2
440
16777216
100
AcDbLine
 10
53.887896
 20
92.701762
 30
0.0
 11
53.887896
 21
153.556969
 31
0.0
  0
LINE
  5
36F
330
36B
100
AcDbEntity
  8
FD_Dimensions
 62
0
370
-2
440
16777216
100
AcDbLine
 10
35.279246
 20
152.056969
 30
0.0
 11
51.387896
 21
152.056969
 31
0.0
  0
SOLID
  5
370
330
36B
100
AcDbEntity
  8
FD_Dimensions
 62
0
440
16777216
100
AcDbTrace
 10
35.279246
 20
152.473636
 30
0.0
 11
35.279246
 21
151.640302
 31
0.0
 12
32.779246
 22
152.056969
 32
0.0
 13
32.779246
 23
152.056969
 33
0.0
  0
SOLID
  5
371
330
36B
100
AcDbEntity
  8
FD_Dimensions
 62
0
440
16777216
100
AcDbTrace
 10
51.387896
 20
152.473636
 30
0.0
 11
51.387896
 21
151.640302
 31
0.0
 12
53.887896
 22
152.056969
 32
0.0
 13
53.887896
 23
152.056969
 33
0.0
  0
MTEXT
  5
372
330
36B
100
AcDbEntity
  8
FD_Dimensions
 62
0
440
16777216
100
AcDbMText
 10
43.333571
 20
154.312085
 30
0.0
 40
2.5
 41
0.0
 46
0.0
 71
5
  1
21.11
  0
POINT
  5
373
330
36B
100
AcDbEntity
  8
Defpoints
 62
0
440
16777216
100
AcDbPoint
 10
32.779246
 20
144.556969
 30
0.0
  0
POINT
  5
374
330
36B
100
AcDbEntity
  8
Defpoints
 62
0
440
16777216
100
AcDbPoint
 10
53.887896
 20
90.601762
 30
0.0
  0
POINT
  5
375
330
36B
100
AcDbEntity
  8
Defpoints
 62
0
440
16777216
100
AcDbPoint
 10
53.887896
 20
152.056969
 30
0.0
  0
ENDBLK
  5
376
330
36B
100
AcDbEntity
  8
0
100
AcDbBlockEnd
  0
BLOCK
  5
37C
330
37B
100
AcDbEntity
  8
0
100
AcDbBlockBegin
  2
*D13
 70
1
 10
0.0
 20
0.0
 30
0.0
  3
*D13
  1

  0
LINE
  5
37D
330
37B
100
AcDbEntity
  8
FD_Dimensions
 62
0
370
-2
440
16777216
100
AcDbLine
 10
125.561101
 20
124.856969
 30
0.0
 11
142.38324
 21
124.856969
 31
0.0
  0
LINE
  5
37E
330
37B
100
AcDbEntity
  8
FD_Dimensions
 62
0
370
-2
440
16777216
100
AcDbLine
 10
125.89248
 20
124.056969
 30
0.0
 11
142.38324
 21
124.056969
 31
0.0
  0
LINE
  5
37F
330
37B
100
AcDbEntity
  8
FD_Dimensions
 62
0
370
-2
440
16777216
100
AcDbLine
 10
140.88324
 20
127.356969
 30
0.0
 11
140.88324
 21
129.856969
 31
0.0
  0
LINE
  5
380
330
37B
100
AcDbEntity
  8
FD_Dimensions
 62
0
370
-2
440
16777216
100
AcDbLine
 10
140.88324
 20
121.556969
 30
0.0
 11
140.88324
 21
110.571635
 31
0.0
  0
LINE
  5
381
330
37B
100
AcDbEntity
  8
FD_Dimensions
 62
0
370
-2
440
16777216
100
AcDbLine
 10
140.88324
 20
124.856969
 30
0.0
 11
140.88324
 21
124.056969
 31
0.0
  0
SOLID
  5
382
330
37B
100
AcDbEntity
  8
FD_Dimensions
 62
0
440
16777216
100
AcDbTrace
 10
140.466573
 20
127.356969
 30
0.0
 11
141.299906
 21
127.356969
 31
0.0
 12
140.88324
 22
124.856969
 32
0.0
 13
140.88324
 23
124.856969
 33
0.0
  0
SOLID
  5
383
330
37B
100
AcDbEntity
  8
FD_Dimensions
 62
0
440
16777216
100
AcDbTrace
 10
140.466573
 20
121.556969
 30
0.0
 11
141.299906
 21
121.556969
 31
0.0
 12
140.88324
 22
124.056969
 32
0.0
 13
140.88324
 23
124.056969
 33
0.0
  0
MTEXT
  5
384
330
37B
100
AcDbEntity
  8
FD_Dimensions
 62
0
440
16777216
100
AcDbMText
 10
138.606807
 20
114.814302
 30
0.0
 40
2.5
 41
0.0
 46
0.0
 71
5
  1
0.80
 11
0.0
 21
1.0
 31
0.0
  0
POINT
  5
385
330
37B
100
AcDbEntity
  8
Defpoints
 62
0
440
16777216
100
AcDbPoint
 10
123.461101
 20
124.856969
 30
0.0
  0
POINT
  5
386
330
37B
100
AcDbEntity
  8
Defpoints
 62
0
440
16777216
100
AcDbPoint
 10
123.79248
 20
124.056969
 30
0.0
  0
POINT
  5
387
330
37B
100
AcDbEntity
  8
Defpoints
 62
0
440
16777216
100
AcDbPoint
 10
140.88324
 20
124.056969
 30
0.0
  0
ENDBLK
  5
388
330
37B
100
AcDbEntity
  8
0
100
AcDbBlockEnd
  0
BLOCK
  5
38B
330
38A
100
AcDbEntity
  8
0
100
AcDbBlockBegin
  2
*D14
 70
1
 10
0.0
 20
0.0
 30
0.0
  3
*D14
  1

  0
LINE
  5
38C
330
38A
100
AcDbEntity
  8
FD_Dimensions
 62
0
370
-2
440
16777216
100
AcDbLine
 10
108.95418
 20
120.556969
 30
0.0
 11
71.4805
 21
120.556969
 31
0.0
  0
LINE
  5
38D
330
38A
100
AcDbEntity
  8
FD_Dimensions
 62
0
370
-2
440
16777216
100
AcDbLine
 10
104.35418
 20
99.056969
 30
0.0
 11
71.4805
 21
99.056969
 31
0.0
  0
LINE
  5
38E
330
38A
100
AcDbEntity
  8
FD_Dimensions
 62
0
370
-2
440
16777216
100
AcDbLine
 10
72.9805
 20
118.056969
 30
0.0
 11
72.9805
 21
101.556969
 31
0.0
  0
SOLID
  5
38F
330
38A
100
AcDbEntity
  8
FD_Dimensions
 62
0
440
16777216
100
AcDbTrace
 10
72.563833
 20
118.056969
 30
0.0
 11
73.397166
 21
118.056969
 31
0.0
 12
72.9805
 22
120.556969
 32
0.0
 13
72.9805
 23
120.556969
 33
0.0
  0
SOLID
  5
390
330
38A
100
AcDbEntity
  8
FD_Dimensions
 62
0
440
16777216
100
AcDbTrace
 10
72.563833
 20
101.556969
 30
0.0
 11
73.397166
 21
101.556969
 31
0.0
 12
72.9805
 22
99.056969
 32
0.0
 13
72.9805
 23
99.056969
 33
0.0
  0
MTEXT
  5
391
330
38A
100
AcDbEntity
  8
FD_Dimensions
 62
0
440
16777216
100
AcDbMText
 10
70.704067
 20
109.806969
 30
0.0
 40
2.5
 41
0.0
 46
0.0
 71
5
  1
21.50
 11
0.0
 21
1.0
 31
0.0
  0
POINT
  5
392
330
38A
100
AcDbEntity
  8
Defpoints
 62
0
440
16777216
100
AcDbPoint
 10
111.05418
 20
120.556969
 30
0.0
  0
POINT
  5
393
330
38A
100
AcDbEntity
  8
Defpoints
 62
0
440
16777216
100
AcDbPoint
 10
106.45418
 20
99.056969
 30
0.0
  0
POINT
  5
394
330
38A
100
AcDbEntity
  8
Defpoints
 62
0
440
16777216
100
AcDbPoint
 10
72.9805
 20
99.056969
 30
0.0
  0
ENDBLK
  5
395
330
38A
100
AcDbEntity
  8
0
100
AcDbBlockEnd
  0
BLOCK
  5
398
330
397
100
AcDbEntity
  8
0
100
AcDbBlockBegin
  2
*D15
 70
1
 10
0.0
 20
0.0
 30
0.0
  3
*D15
  1

  0
LINE
  5
399
330
397
100
AcDbEntity
  8
FD_Dimensions
 62
0
370
-2
440
16777216
100
AcDbLine
 10
126.25418
 20
99.456969
 30
0.0
 11
126.25418
 21
68.354603
 31
0.0
  0
LINE
  5
39A
330
397
100
AcDbEntity
  8
FD_Dimensions
 62
0
370
-2
440
16777216
100
AcDbLine
 10
123.24818
 20
89.639969
 30
0.0
 11
123.24818
 21
68.354603
 31
0.0
  0
LINE
  5
39B
330
397
100
AcDbEntity
  8
FD_Dimensions
 62
0
370
-2
440
16777216
100
AcDbLine
 10
120.74818
 20
69.854603
 30
0.0
 11
118.24818
 21
69.854603
 31
0.0
  0
LINE
  5
39C
330
397
100
AcDbEntity
  8
FD_Dimensions
 62
0
370
-2
440
16777216
100
AcDbLine
 10
128.75418
 20
69.854603
 30
0.0
 11
139.26373
 21
69.854603
 31
0.0
  0
LINE
  5
39D
330
397
100
AcDbEntity
  8
FD_Dimensions
 62
0
370
-2
440
16777216
100
AcDbLine
 10
123.24818
 20
69.854603
 30
0.0
 11
126.25418
 21
69.854603
 31
0.0
  0
SOLID
  5
39E
330
397
100
AcDbEntity
  8
FD_Dimensions
 62
0
440
16777216
100
AcDbTrace
 10
120.74818
 20
70.27127
 30
0.0
 11
120.74818
 21
69.437936
 31
0.0
 12
123.24818
 22
69.854603
 32
0.0
 13
123.24818
 23
69.854603
 33
0.0
  0
SOLID
  5
39F
330
397
100
AcDbEntity
  8
FD_Dimensions
 62
0
440
16777216
100
AcDbTrace
 10
128.75418
 20
70.27127
 30
0.0
 11
128.75418
 21
69.437936
 31
0.0
 12
126.25418
 22
69.854603
 32
0.0
 13
126.25418
 23
69.854603
 33
0.0
  0
MTEXT
  5
3A0
330
397
100
AcDbEntity
  8
FD_Dimensions
 62
0
440
16777216
100
AcDbMText
 10
135.258955
 20
72.131888
 30
0.0
 40
2.5
 41
0.0
 46
0.0
 71
5
  1
3.01
  0
POINT
  5
3A1
330
397
100
AcDbEntity
  8
Defpoints
 62
0
440
16777216
100
AcDbPoint
 10
126.25418
 20
101.556969
 30
0.0
  0
POINT
  5
3A2
330
397
100
AcDbEntity
  8
Defpoints
 62
0
440
16777216
100
AcDbPoint
 10
123.24818
 20
91.739969
 30
0.0
  0
POINT
  5
3A3
330
397
100
AcDbEntity
  8
Defpoints
 62
0
440
16777216
100
AcDbPoint
 10
123.24818
 20
69.854603
 30
0.0
  0
ENDBLK
  5
3A4
330
397
100
AcDbEntity
  8
0
100
AcDbBlockEnd
  0
BLOCK
  5
3A7
330
3A6
100
AcDbEntity
  8
0
100
AcDbBlockBegin
  2
*D16
 70
1
 10
0.0
 20
0.0
 30
0.0
  3
*D16
  1

  0
LINE
  5
3A8
330
3A6
100
AcDbEntity
  8
FD_Dimensions
 62
0
370
-2
440
16777216
100
AcDbLine
 10
125.34818
 20
91.739969
 30
0.0
 11
143.381614
 21
91.739969
 31
0.0
  0
LINE
  5
3A9
330
3A6
100
AcDbEntity
  8
FD_Dimensions
 62
0
370
-2
440
16777216
100
AcDbLine
 10
124.739967
 20
99.056969
 30
0.0
 11
143.381614
 21
99.056969
 31
0.0
  0
LINE
  5
3AA
330
3A6
100
AcDbEntity
  8
FD_Dimensions
 62
0
370
-2
440
16777216
100
AcDbLine
 10
141.881614
 20
96.556969
 30
0.0
 11
141.881614
 21
94.239969
 31
0.0
  0
LINE
  5
3AB
330
3A6
100
AcDbEntity
  8
FD_Dimensions
 62
0
370
-2
440
16777216
100
AcDbLine
 10
141.881614
 20
91.739969
 30
0.0
 11
141.881614
 21
80.792152
 31
0.0
  0
SOLID
  5
3AC
330
3A6
100
AcDbEntity
  8
FD_Dimensions
 62
0
440
16777216
100
AcDbTrace
 10
141.464948
 20
96.556969
 30
0.0
 11
142.298281
 21
96.556969
 31
0.0
 12
141.881614
 22
99.056969
 32
0.0
 13
141.881614
 23
99.056969
 33
0.0
  0
SOLID
  5
3AD
330
3A6
100
AcDbEntity
  8
FD_Dimensions
 62
0
440
16777216
100
AcDbTrace
 10
141.464948
 20
94.239969
 30
0.0
 11
142.298281
 21
94.239969
 31
0.0
 12
141.881614
 22
91.739969
 32
0.0
 13
141.881614
 23
91.739969
 33
0.0
  0
MTEXT
  5
3AE
330
3A6
100
AcDbEntity
  8
FD_Dimensions
 62
0
440
16777216
100
AcDbMText
 10
139.604329
 20
85.01606
 30
0.0
 40
2.5
 41
0.0
 46
0.0
 71
5
  1
7.32
 11
0.0
 21
1.0
 31
0.0
  0
POINT
  5
3AF
330
3A6
100
AcDbEntity
  8
Defpoints
 62
0
440
16777216
100
AcDbPoint
 10
123.24818
 20
91.739969
 30
0.0
  0
POINT
  5
3B0
330
3A6
100
AcDbEntity
  8
Defpoints
 62
0
440
16777216
100
AcDbPoint
 10
122.639967
 20
99.056969
 30
0.0
  0
POINT
  5
3B1
330
3A6
100
AcDbEntity
  8
Defpoints
 62
0
440
16777216
100
AcDbPoint
 10
141.881614
 20
99.056969
 30
0.0
  0
ENDBLK
  5
3B2
330
3A6
100
AcDbEntity
  8
0
100
AcDbBlockEnd
  0
BLOCK
  5
3B5
330
3B4
100
AcDbEntity
  8
0
100
AcDbBlockBegin
  2
*D17
 70
1
 10
0.0
 20
0.0
 30
0.0
  3
*D17
  1

  0
LINE
  5
3B6
330
3B4
100
AcDbEntity
  8
FD_Dimensions
 62
0
370
-2
440
16777216
100
AcDbLine
 10
100.71218
 20
126.568969
 30
0.0
 11
100.71218
 21
154.259091
 31
0.0
  0
LINE
  5
3B7
330
3B4
100
AcDbEntity
  8
FD_Dimensions
 62
0
370
-2
440
16777216
100
AcDbLine
 10
111.05418
 20
122.656969
 30
0.0
 11
111.05418
 21
154.259091
 31
0.0
  0
LINE
  5
3B8
330
3B4
100
AcDbEntity
  8
FD_Dimensions
 62
0
370
-2
440
16777216
100
AcDbLine
 10
103.21218
 20
152.759091
 30
0.0
 11
108.55418
 21
152.759091
 31
0.0
  0
SOLID
  5
3B9
330
3B4
100
AcDbEntity
  8
FD_Dimensions
 62
0
440
16777216
100
AcDbTrace
 10
103.21218
 20
153.175757
 30
0.0
 11
103.21218
 21
152.342424
 31
0.0
 12
100.71218
 22
152.759091
 32
0.0
 13
100.71218
 23
152.759091
 33
0.0
  0
SOLID
  5
3BA
330
3B4
100
AcDbEntity
  8
FD_Dimensions
 62
0
440
16777216
100
AcDbTrace
 10
108.55418
 20
153.175757
 30
0.0
 11
108.55418
 21
152.342424
 31
0.0
 12
111.05418
 22
152.759091
 32
0.0
 13
111.05418
 23
152.759091
 33
0.0
  0
MTEXT
  5
3BB
330
3B4
100
AcDbEntity
  8
FD_Dimensions
 62
0
440
16777216
100
AcDbMText
 10
105.88318
 20
155.036376
 30
0.0
 40
2.5
 41
0.0
 46
0.0
 71
5
  1
10.34
  0
POINT
  5
3BC
330
3B4
100
AcDbEntity
  8
Defpoints
 62
0
440
16777216
100
AcDbPoint
 10
100.71218
 20
124.468969
 30
0.0
  0
POINT
  5
3BD
330
3B4
100
AcDbEntity
  8
Defpoints
 62
0
440
16777216
100
AcDbPoint
 10
111.05418
 20
120.556969
 30
0.0
  0
POINT
  5
3BE
330
3B4
100
AcDbEntity
  8
Defpoints
 62
0
440
16777216
100
AcDbPoint
 10
111.05418
 20
152.759091
 30
0.0
  0
ENDBLK
  5
3BF
330
3B4
100
AcDbEntity
  8
0
100
AcDbBlockEnd
  0
BLOCK
  5
3C2
330
3C1
100
AcDbEntity
  8
0
100
AcDbBlockBegin
  2
*D18
 70
1
 10
0.0
 20
0.0
 30
0.0
  3
*D18
  1

  0
LINE
  5
3C3
330
3C1
100
AcDbEntity
  8
FD_Dimensions
 62
0
370
-2
440
16777216
100
AcDbLine
 10
115.65418
 20
133.979878
 30
0.0
 11
115.65418
 21
152.410771
 31
0.0
  0
LINE
  5
3C4
330
3C1
100
AcDbEntity
  8
FD_Dimensions
 62
0
370
-2
440
16777216
100
AcDbLine
 10
116.45418
 20
133.678078
 30
0.0
 11
116.45418
 21
152.410771
 31
0.0
  0
LINE
  5
3C5
330
3C1
100
AcDbEntity
  8
FD_Dimensions
 62
0
370
-2
440
16777216
100
AcDbLine
 10
113.15418
 20
150.910771
 30
0.0
 11
110.65418
 21
150.910771
 31
0.0
  0
LINE
  5
3C6
330
3C1
100
AcDbEntity
  8
FD_Dimensions
 62
0
370
-2
440
16777216
100
AcDbLine
 10
118.95418
 20
150.910771
 30
0.0
 11
129.939515
 21
150.910771
 31
0.0
  0
LINE
  5
3C7
330
3C1
100
AcDbEntity
  8
FD_Dimensions
 62
0
370
-2
440
16777216
100
AcDbLine
 10
115.65418
 20
150.910771
 30
0.0
 11
116.45418
 21
150.910771
 31
0.0
  0
SOLID
  5
3C8
330
3C1
100
AcDbEntity
  8
FD_Dimensions
 62
0
440
16777216
100
AcDbTrace
 10
113.15418
 20
151.327437
 30
0.0
 11
113.15418
 21
150.494104
 31
0.0
 12
115.65418
 22
150.910771
 32
0.0
 13
115.65418
 23
150.910771
 33
0.0
  0
SOLID
  5
3C9
330
3C1
100
AcDbEntity
  8
FD_Dimensions
 62
0
440
16777216
100
AcDbTrace
 10
118.95418
 20
151.327437
 30
0.0
 11
118.95418
 21
150.494104
 31
0.0
 12
116.45418
 22
150.910771
 32
0.0
 13
116.45418
 23
150.910771
 33
0.0
  0
MTEXT
  5
3CA
330
3C1
100
AcDbEntity
  8
FD_Dimensions
 62
0
440
16777216
100
AcDbMText
 10
125.696847
 20
153.187203
 30
0.0
 40
2.5
 41
0.0
 46
0.0
 71
5
  1
0.80
  0
POINT
  5
3CB
330
3C1
100
AcDbEntity
  8
Defpoints
 62
0
440
16777216
100
AcDbPoint
 10
115.65418
 20
131.879878
 30
0.0
  0
POINT
  5
3CC
330
3C1
100
AcDbEntity
  8
Defpoints
 62
0
440
16777216
100
AcDbPoint
 10
116.45418
 20
131.578078
 30
0.0
  0
POINT
  5
3CD
330
3C1
100
AcDbEntity
  8
Defpoints
 62
0
440
16777216
100
AcDbPoint
 10
116.45418
 20
150.910771
 30
0.0
  0
ENDBLK
  5
3CE
330
3C1
100
AcDbEntity
  8
0
100
AcDbBlockEnd
  0
BLOCK
  5
3D1
330
3D0
100
AcDbEntity
  8
0
100
AcDbBlockBegin
  2
*D19
 70
1
 10
0.0
 20
0.0
 30
0.0
  3
*D19
  1

  0
LINE
  5
3D2
330
3D0
100
AcDbEntity
  8
FD_Dimensions
 62
0
370
-2
440
16777216
100
AcDbLine
 10
98.61218
 20
124.468969
 30
0.0
 11
82.481663
 21
124.468969
 31
0.0
  0
LINE
  5
3D3
330
3D0
100
AcDbEntity
  8
FD_Dimensions
 62
0
370
-2
440
16777216
100
AcDbLine
 10
108.95418
 20
120.556969
 30
0.0
 11
82.481663
 21
120.556969
 31
0.0
  0
LINE
  5
3D4
330
3D0
100
AcDbEntity
  8
FD_Dimensions
 62
0
370
-2
440
16777216
100
AcDbLine
 10
83.981663
 20
126.968969
 30
0.0
 11
83.981663
 21
129.468969
 31
0.0
  0
LINE
  5
3D5
330
3D0
100
AcDbEntity
  8
FD_Dimensions
 62
0
370
-2
440
16777216
100
AcDbLine
 10
83.981663
 20
118.056969
 30
0.0
 11
83.981663
 21
107.547419
 31
0.0
  0
LINE
  5
3D6
330
3D0
100
AcDbEntity
  8
FD_Dimensions
 62
0
370
-2
440
16777216
100
AcDbLine
 10
83.981663
 20
124.468969
 30
0.0
 11
83.981663
 21
120.556969
 31
0.0
  0
SOLID
  5
3D7
330
3D0
100
AcDbEntity
  8
FD_Dimensions
 62
0
440
16777216
100
AcDbTrace
 10
83.564996
 20
126.968969
 30
0.0
 11
84.39833
 21
126.968969
 31
0.0
 12
83.981663
 22
124.468969
 32
0.0
 13
83.981663
 23
124.468969
 33
0.0
  0
SOLID
  5
3D8
330
3D0
100
AcDbEntity
  8
FD_Dimensions
 62
0
440
16777216
100
AcDbTrace
 10
83.564996
 20
118.056969
 30
0.0
 11
84.39833
 21
118.056969
 31
0.0
 12
83.981663
 22
120.556969
 32
0.0
 13
83.981663
 23
120.556969
 33
0.0
  0
MTEXT
  5
3D9
330
3D0
100
AcDbEntity
  8
FD_Dimensions
 62
0
440
16777216
100
AcDbMText
 10
81.704378
 20
111.552194
 30
0.0
 40
2.5
 41
0.0
 46
0.0
 71
5
  1
3.91
 11
0.0
 21
1.0
 31
0.0
  0
POINT
  5
3DA
330
3D0
100
AcDbEntity
  8
Defpoints
 62
0
440
16777216
100
AcDbPoint
 10
100.71218
 20
124.468969
 30
0.0
  0
POINT
  5
3DB
330
3D0
100
AcDbEntity
  8
Defpoints
 62
0
440
16777216
100
AcDbPoint
 10
111.05418
 20
120.556969
 30
0.0
  0
POINT
  5
3DC
330
3D0
100
AcDbEntity
  8
Defpoints
 62
0
440
16777216
100
AcDbPoint
 10
83.981663
 20
120.556969
 30
0.0
  0
ENDBLK
  5
3DD
330
3D0
100
AcDbEntity
  8
0
100
AcDbBlockEnd
  0
BLOCK
  5
3E0
330
3DF
100
AcDbEntity
  8
0
100
AcDbBlockBegin
  2
*D20
 70
1
 10
0.0
 20
0.0
 30
0.0
  3
*D20
  1

  0
LINE
  5
3E1
330
3DF
100
AcDbEntity
  8
FD_Dimensions
 62
0
370
-2
440
16777216
100
AcDbLine
 10
81.493047
 20
145.781508
 30
0.0
 11
97.698562
 21
127.81084
 31
0.0
  0
MTEXT
  5
3E2
330
3DF
100
AcDbEntity
  8
FD_Dimensions
 62
0
440
16777216
100
AcDbMText
 10
86.826039
 20
143.266848
 30
0.0
 40
2.5
 41
0.0
 46
0.0
 71
5
  1
R2.00
 11
0.669693
 21
-0.742638
 31
0.0
  0
LINE
  5
3E3
330
3DF
100
AcDbEntity
  8
FD_Dimensions
 62
0
370
-2
440
16777216
100
AcDbLine
 10
100.71218
 20
124.468969
 30
0.0
 11
99.372794
 21
125.954245
 31
0.0
  0
SOLID
  5
3E4
330
3DF
100
AcDbEntity
  8
FD_Dimensions
 62
0
440
16777216
100
AcDbTrace
 10
98.007994
 20
128.089879
 30
0.0
 11
97.389129
 21
127.531801
 31
0.0
 12
99.372794
 22
125.954245
 32
0.0
 13
99.372794
 23
125.954245
 33
0.0
  0
POINT
  5
3E5
330
3DF
100
AcDbEntity
  8
Defpoints
 62
0
440
16777216
100
AcDbPoint
 10
99.372794
 20
125.954245
 30
0.0
  0
POINT
  5
3E6
330
3DF
100
AcDbEntity
  8
Defpoints
 62
0
440
16777216
100
AcDbPoint
 10
100.71218
 20
124.468969
 30
0.0
  0
ENDBLK
  5
3E7
330
3DF
100
AcDbEntity
  8
0
100
AcDbBlockEnd
  0
BLOCK
  5
3EA
330
3E9
100
AcDbEntity
  8
0
100
AcDbBlockBegin
  2
*D21
 70
1
 10
0.0
 20
0.0
 30
0.0
  3
*D21
  1

  0
LINE
  5
3EB
330
3E9
100
AcDbEntity
  8
FD_Dimensions
 62
0
370
-2
440
16777216
100
AcDbLine
 10
232.023017
 20
136.666207
 30
0.0
 11
210.634978
 21
126.027706
 31
0.0
  0
MTEXT
  5
3EC
330
3E9
100
AcDbEntity
  8
FD_Dimensions
 62
0
440
16777216
100
AcDbMText
 10
226.13941
 20
136.282168
 30
0.0
 40
2.5
 41
0.0
 46
0.0
 71
5
  1
R1.00
 11
0.895355
 21
0.445353
 31
0.0
  0
LINE
  5
3ED
330
3E9
100
AcDbEntity
  8
FD_Dimensions
 62
0
370
-2
440
16777216
100
AcDbLine
 10
207.501236
 20
124.468969
 30
0.0
 11
208.396591
 21
124.914322
 31
0.0
  0
SOLID
  5
3EE
330
3E9
100
AcDbEntity
  8
FD_Dimensions
 62
0
440
16777216
100
AcDbTrace
 10
210.449414
 20
126.40077
 30
0.0
 11
210.820542
 21
125.654641
 31
0.0
 12
208.396591
 22
124.914322
 32
0.0
 13
208.396591
 23
124.914322
 33
0.0
  0
POINT
  5
3EF
330
3E9
100
AcDbEntity
  8
Defpoints
 62
0
440
16777216
100
AcDbPoint
 10
208.396591
 20
124.914322
 30
0.0
  0
POINT
  5
3F0
330
3E9
100
AcDbEntity
  8
Defpoints
 62
0
440
16777216
100
AcDbPoint
 10
207.501236
 20
124.468969
 30
0.0
  0
ENDBLK
  5
3F1
330
3E9
100
AcDbEntity
  8
0
100
AcDbBlockEnd
  0
BLOCK
  5
3F4
330
3F3
100
AcDbEntity
  8
0
100
AcDbBlockBegin
  2
*D22
 70
1
 10
0.0
 20
0.0
 30
0.0
  3
*D22
  1

  0
LINE
  5
3F5
330
3F3
100
AcDbEntity
  8
FD_Dimensions
 62
0
370
-2
440
16777216
100
AcDbLine
 10
95.85418
 20
99.456969
 30
0.0
 11
95.85418
 21
65.241408
 31
0.0
  0
LINE
  5
3F6
330
3F3
100
AcDbEntity
  8
FD_Dimensions
 62
0
370
-2
440
16777216
100
AcDbLine
 10
111.05418
 20
118.456969
 30
0.0
 11
111.05418
 21
65.241408
 31
0.0
  0
LINE
  5
3F7
330
3F3
100
AcDbEntity
  8
FD_Dimensions
 62
0
370
-2
440
16777216
100
AcDbLine
 10
98.35418
 20
66.741408
 30
0.0
 11
108.55418
 21
66.741408
 31
0.0
  0
SOLID
  5
3F8
330
3F3
100
AcDbEntity
  8
FD_Dimensions
 62
0
440
16777216
100
AcDbTrace
 10
98.35418
 20
67.158075
 30
0.0
 11
98.35418
 21
66.324742
 31
0.0
 12
95.85418
 22
66.741408
 32
0.0
 13
95.85418
 23
66.741408
 33
0.0
  0
SOLID
  5
3F9
330
3F3
100
AcDbEntity
  8
FD_Dimensions
 62
0
440
16777216
100
AcDbTrace
 10
108.55418
 20
67.158075
 30
0.0
 11
108.55418
 21
66.324742
 31
0.0
 12
111.05418
 22
66.741408
 32
0.0
 13
111.05418
 23
66.741408
 33
0.0
  0
MTEXT
  5
3FA
330
3F3
100
AcDbEntity
  8
FD_Dimensions
 62
0
440
16777216
100
AcDbMText
 10
103.45418
 20
69.017841
 30
0.0
 40
2.5
 41
0.0
 46
0.0
 71
5
  1
15.20
  0
POINT
  5
3FB
330
3F3
100
AcDbEntity
  8
Defpoints
 62
0
440
16777216
100
AcDbPoint
 10
95.85418
 20
101.556969
 30
0.0
  0
POINT
  5
3FC
330
3F3
100
AcDbEntity
  8
Defpoints
 62
0
440
16777216
100
AcDbPoint
 10
111.05418
 20
120.556969
 30
0.0
  0
POINT
  5
3FD
330
3F3
100
AcDbEntity
  8
Defpoints
 62
0
440
16777216
100
AcDbPoint
 10
111.05418
 20
66.741408
 30
0.0
  0
ENDBLK
  5
3FE
330
3F3
100
AcDbEntity
  8
0
100
AcDbBlockEnd
  0
BLOCK
  5
401
330
400
100
AcDbEntity
  8
0
100
AcDbBlockBegin
  2
*D23
 70
1
 10
0.0
 20
0.0
 30
0.0
  3
*D23
  1

  0
LINE
  5
402
330
400
100
AcDbEntity
  8
FD_Dimensions
 62
0
370
-2
440
16777216
100
AcDbLine
 10
252.464379
 20
122.656969
 30
0.0
 11
269.112233
 21
122.656969
 31
0.0
  0
LINE
  5
403
330
400
100
AcDbEntity
  8
FD_Dimensions
 62
0
370
-2
440
16777216
100
AcDbLine
 10
252.464379
 20
118.456969
 30
0.0
 11
269.112233
 21
118.456969
 31
0.0
  0
LINE
  5
404
330
400
100
AcDbEntity
  8
FD_Dimensions
 62
0
370
-2
440
16777216
100
AcDbLine
 10
267.612233
 20
125.156969
 30
0.0
 11
267.612233
 21
127.656969
 31
0.0
  0
LINE
  5
405
330
400
100
AcDbEntity
  8
FD_Dimensions
 62
0
370
-2
440
16777216
100
AcDbLine
 10
267.612233
 20
115.956969
 30
0.0
 11
267.612233
 21
104.871021
 31
0.0
  0
LINE
  5
406
330
400
100
AcDbEntity
  8
FD_Dimensions
 62
0
370
-2
440
16777216
100
AcDbLine
 10
267.612233
 20
122.656969
 30
0.0
 11
267.612233
 21
118.456969
 31
0.0
  0
SOLID
  5
407
330
400
100
AcDbEntity
  8
FD_Dimensions
 62
0
440
16777216
100
AcDbTrace
 10
267.195566
 20
125.156969
 30
0.0
 11
268.0289
 21
125.156969
 31
0.0
 12
267.612233
 22
122.656969
 32
0.0
 13
267.612233
 23
122.656969
 33
0.0
  0
SOLID
  5
408
330
400
100
AcDbEntity
  8
FD_Dimensions
 62
0
440
16777216
100
AcDbTrace
 10
267.195566
 20
115.956969
 30
0.0
 11
268.0289
 21
115.956969
 31
0.0
 12
267.612233
 22
118.456969
 32
0.0
 13
267.612233
 23
118.456969
 33
0.0
  0
MTEXT
  5
409
330
400
100
AcDbEntity
  8
FD_Dimensions
 62
0
440
16777216
100
AcDbMText
 10
265.335801
 20
109.163995
 30
0.0
 40
2.5
 41
0.0
 46
0.0
 71
5
  1
4.20
 11
0.0
 21
1.0
 31
0.0
  0
POINT
  5
40A
330
400
100
AcDbEntity
  8
Defpoints
 62
0
440
16777216
100
AcDbPoint
 10
250.364379
 20
122.656969
 30
0.0
  0
POINT
  5
40B
330
400
100
AcDbEntity
  8
Defpoints
 62
0
440
16777216
100
AcDbPoint
 10
250.364379
 20
118.456969
 30
0.0
  0
POINT
  5
40C
330
400
100
AcDbEntity
  8
Defpoints
 62
0
440
16777216
100
AcDbPoint
 10
267.612233
 20
118.456969
 30
0.0
  0
ENDBLK
  5
40D
330
400
100
AcDbEntity
  8
0
100
AcDbBlockEnd
  0
BLOCK
  5
410
330
40F
100
AcDbEntity
  8
0
100
AcDbBlockBegin
  2
*D24
 70
1
 10
0.0
 20
0.0
 30
0.0
  3
*D24
  1

  0
LINE
  5
411
330
40F
100
AcDbEntity
  8
FD_Dimensions
 62
0
370
-2
440
16777216
100
AcDbLine
 10
252.464379
 20
125.306969
 30
0.0
 11
276.183072
 21
125.306969
 31
0.0
  0
LINE
  5
412
330
40F
100
AcDbEntity
  8
FD_Dimensions
 62
0
370
-2
440
16777216
100
AcDbLine
 10
252.464379
 20
115.806969
 30
0.0
 11
276.183072
 21
115.806969
 31
0.0
  0
LINE
  5
413
330
40F
100
AcDbEntity
  8
FD_Dimensions
 62
0
370
-2
440
16777216
100
AcDbLine
 10
274.683072
 20
122.806969
 30
0.0
 11
274.683072
 21
118.306969
 31
0.0
  0
SOLID
  5
414
330
40F
100
AcDbEntity
  8
FD_Dimensions
 62
0
440
16777216
100
AcDbTrace
 10
274.266405
 20
122.806969
 30
0.0
 11
275.099739
 21
122.806969
 31
0.0
 12
274.683072
 22
125.306969
 32
0.0
 13
274.683072
 23
125.306969
 33
0.0
  0
SOLID
  5
415
330
40F
100
AcDbEntity
  8
FD_Dimensions
 62
0
440
16777216
100
AcDbTrace
 10
274.266405
 20
118.306969
 30
0.0
 11
275.099739
 21
118.306969
 31
0.0
 12
274.683072
 22
115.806969
 32
0.0
 13
274.683072
 23
115.806969
 33
0.0
  0
MTEXT
  5
416
330
40F
100
AcDbEntity
  8
FD_Dimensions
 62
0
440
16777216
100
AcDbMText
 10
272.40664
 20
120.556969
 30
0.0
 40
2.5
 41
0.0
 46
0.0
 71
5
  1
9.50
 11
0.0
 21
1.0
 31
0.0
  0
POINT
  5
417
330
40F
100
AcDbEntity
  8
Defpoints
 62
0
440
16777216
100
AcDbPoint
 10
250.364379
 20
125.306969
 30
0.0
  0
POINT
  5
418
330
40F
100
AcDbEntity
  8
Defpoints
 62
0
440
16777216
100
AcDbPoint
 10
250.364379
 20
115.806969
 30
0.0
  0
POINT
  5
419
330
40F
100
AcDbEntity
  8
Defpoints
 62
0
440
16777216
100
AcDbPoint
 10
274.683072
 20
115.806969
 30
0.0
  0
ENDBLK
  5
41A
330
40F
100
AcDbEntity
  8
0
100
AcDbBlockEnd
  0
BLOCK
  5
41D
330
41C
100
AcDbEntity
  8
0
100
AcDbBlockBegin
  2
*D25
 70
1
 10
0.0
 20
0.0
 30
0.0
  3
*D25
  1

  0
LINE
  5
41E
330
41C
100
AcDbEntity
  8
FD_Dimensions
 62
0
370
-2
440
16777216
100
AcDbLine
 10
194.239236
 20
92.286969
 30
0.0
 11
194.239236
 21
64.94088
 31
0.0
  0
LINE
  5
41F
330
41C
100
AcDbEntity
  8
FD_Dimensions
 62
0
370
-2
440
16777216
100
AcDbLine
 10
197.159236
 20
66.742066
 30
0.0
 11
197.159236
 21
64.94088
 31
0.0
  0
LINE
  5
420
330
41C
100
AcDbEntity
  8
FD_Dimensions
 62
0
370
-2
440
16777216
100
AcDbLine
 10
191.739236
 20
66.44088
 30
0.0
 11
189.239236
 21
66.44088
 31
0.0
  0
LINE
  5
421
330
41C
100
AcDbEntity
  8
FD_Dimensions
 62
0
370
-2
440
16777216
100
AcDbLine
 10
199.659236
 20
66.44088
 30
0.0
 11
210.67015
 21
66.44088
 31
0.0
  0
LINE
  5
422
330
41C
100
AcDbEntity
  8
FD_Dimensions
 62
0
370
-2
440
16777216
100
AcDbLine
 10
194.239236
 20
66.44088
 30
0.0
 11
197.159236
 21
66.44088
 31
0.0
  0
SOLID
  5
423
330
41C
100
AcDbEntity
  8
FD_Dimensions
 62
0
440
16777216
100
AcDbTrace
 10
191.739236
 20
66.857547
 30
0.0
 11
191.739236
 21
66.024214
 31
0.0
 12
194.239236
 22
66.44088
 32
0.0
 13
194.239236
 23
66.44088
 33
0.0
  0
SOLID
  5
424
330
41C
100
AcDbEntity
  8
FD_Dimensions
 62
0
440
16777216
100
AcDbTrace
 10
199.659236
 20
66.857547
 30
0.0
 11
199.659236
 21
66.024214
 31
0.0
 12
197.159236
 22
66.44088
 32
0.0
 13
197.159236
 23
66.44088
 33
0.0
  0
MTEXT
  5
425
330
41C
100
AcDbEntity
  8
FD_Dimensions
 62
0
440
16777216
100
AcDbMText
 10
206.414693
 20
68.717313
 30
0.0
 40
2.5
 41
0.0
 46
0.0
 71
5
  1
2.92
  0
POINT
  5
426
330
41C
100
AcDbEntity
  8
Defpoints
 62
0
440
16777216
100
AcDbPoint
 10
194.239236
 20
94.386969
 30
0.0
  0
POINT
  5
427
330
41C
100
AcDbEntity
  8
Defpoints
 62
0
440
16777216
100
AcDbPoint
 10
197.159236
 20
68.842066
 30
0.0
  0
POINT
  5
428
330
41C
100
AcDbEntity
  8
Defpoints
 62
0
440
16777216
100
AcDbPoint
 10
197.159236
 20
66.44088
 30
0.0
  0
ENDBLK
  5
429
330
41C
100
AcDbEntity
  8
0
100
AcDbBlockEnd
  0
BLOCK
  5
42C
330
42B
100
AcDbEntity
  8
0
100
AcDbBlockBegin
  2
*D26
 70
1
 10
0.0
 20
0.0
 30
0.0
  3
*D26
  1

  0
LINE
  5
42D
330
42B
100
AcDbEntity
  8
FD_Dimensions
 62
0
370
-2
440
16777216
100
AcDbLine
 10
193.539236
 20
92.986969
 30
0.0
 11
164.139236
 21
92.986969
 31
0.0
  0
LINE
  5
42E
330
42B
100
AcDbEntity
  8
FD_Dimensions
 62
0
370
-2
440
16777216
100
AcDbLine
 10
190.048136
 20
71.556969
 30
0.0
 11
164.139236
 21
71.556969
 31
0.0
  0
LINE
  5
42F
330
42B
100
AcDbEntity
  8
FD_Dimensions
 62
0
370
-2
440
16777216
100
AcDbLine
 10
165.639236
 20
90.486969
 30
0.0
 11
165.639236
 21
74.056969
 31
0.0
  0
SOLID
  5
430
330
42B
100
AcDbEntity
  8
FD_Dimensions
 62
0
440
16777216
100
AcDbTrace
 10
165.222569
 20
90.486969
 30
0.0
 11
166.055903
 21
90.486969
 31
0.0
 12
165.639236
 22
92.986969
 32
0.0
 13
165.639236
 23
92.986969
 33
0.0
  0
SOLID
  5
431
330
42B
100
AcDbEntity
  8
FD_Dimensions
 62
0
440
16777216
100
AcDbTrace
 10
165.222569
 20
74.056969
 30
0.0
 11
166.055903
 21
74.056969
 31
0.0
 12
165.639236
 22
71.556969
 32
0.0
 13
165.639236
 23
71.556969
 33
0.0
  0
MTEXT
  5
432
330
42B
100
AcDbEntity
  8
FD_Dimensions
 62
0
440
16777216
100
AcDbMText
 10
163.361951
 20
82.271969
 30
0.0
 40
2.5
 41
0.0
 46
0.0
 71
5
  1
21.43
 11
0.0
 21
1.0
 31
0.0
  0
POINT
  5
433
330
42B
100
AcDbEntity
  8
Defpoints
 62
0
440
16777216
100
AcDbPoint
 10
195.639236
 20
92.986969
 30
0.0
  0
POINT
  5
434
330
42B
100
AcDbEntity
  8
Defpoints
 62
0
440
16777216
100
AcDbPoint
 10
192.148136
 20
71.556969
 30
0.0
  0
POINT
  5
435
330
42B
100
AcDbEntity
  8
Defpoints
 62
0
440
16777216
100
AcDbPoint
 10
165.639236
 20
71.556969
 30
0.0
  0
ENDBLK
  5
436
330
42B
100
AcDbEntity
  8
0
100
AcDbBlockEnd
  0
BLOCK
  5
439
330
438
100
AcDbEntity
  8
0
100
AcDbBlockBegin
  2
*D27
 70
1
 10
0.0
 20
0.0
 30
0.0
  3
*D27
  1

  0
LINE
  5
43A
330
438
100
AcDbEntity
  8
FD_Dimensions
 62
0
370
-2
440
16777216
100
AcDbLine
 10
204.039236
 20
96.286969
 30
0.0
 11
209.119092
 21
96.286969
 31
0.0
  0
LINE
  5
43B
330
438
100
AcDbEntity
  8
FD_Dimensions
 62
0
370
-2
440
16777216
100
AcDbLine
 10
200.823168
 20
92.986969
 30
0.0
 11
209.119092
 21
92.986969
 31
0.0
  0
LINE
  5
43C
330
438
100
AcDbEntity
  8
FD_Dimensions
 62
0
370
-2
440
16777216
100
AcDbLine
 10
207.619092
 20
98.786969
 30
0.0
 11
207.619092
 21
101.286969
 31
0.0
  0
LINE
  5
43D
330
438
100
AcDbEntity
  8
FD_Dimensions
 62
0
370
-2
440
16777216
100
AcDbLine
 10
207.619092
 20
90.486969
 30
0.0
 11
207.619092
 21
79.50334
 31
0.0
  0
LINE
  5
43E
330
438
100
AcDbEntity
  8
FD_Dimensions
 62
0
370
-2
440
16777216
100
AcDbLine
 10
207.619092
 20
96.286969
 30
0.0
 11
207.619092
 21
92.986969
 31
0.0
  0
SOLID
  5
43F
330
438
100
AcDbEntity
  8
FD_Dimensions
 62
0
440
16777216
100
AcDbTrace
 10
207.202425
 20
98.786969
 30
0.0
 11
208.035759
 21
98.786969
 31
0.0
 12
207.619092
 22
96.286969
 32
0.0
 13
207.619092
 23
96.286969
 33
0.0
  0
SOLID
  5
440
330
438
100
AcDbEntity
  8
FD_Dimensions
 62
0
440
16777216
100
AcDbTrace
 10
207.202425
 20
90.486969
 30
0.0
 11
208.035759
 21
90.486969
 31
0.0
 12
207.619092
 22
92.986969
 32
0.0
 13
207.619092
 23
92.986969
 33
0.0
  0
MTEXT
  5
441
330
438
100
AcDbEntity
  8
FD_Dimensions
 62
0
440
16777216
100
AcDbMText
 10
205.341807
 20
83.745154
 30
0.0
 40
2.5
 41
0.0
 46
0.0
 71
5
  1
3.30
 11
0.0
 21
1.0
 31
0.0
  0
POINT
  5
442
330
438
100
AcDbEntity
  8
Defpoints
 62
0
440
16777216
100
AcDbPoint
 10
201.939236
 20
96.286969
 30
0.0
  0
POINT
  5
443
330
438
100
AcDbEntity
  8
Defpoints
 62
0
440
16777216
100
AcDbPoint
 10
198.723168
 20
92.986969
 30
0.0
  0
POINT
  5
444
330
438
100
AcDbEntity
  8
Defpoints
 62
0
440
16777216
100
AcDbPoint
 10
207.619092
 20
92.986969
 30
0.0
  0
ENDBLK
  5
445
330
438
100
AcDbEntity
  8
0
100
AcDbBlockEnd
  0
BLOCK
  5
448
330
447
100
AcDbEntity
  8
0
100
AcDbBlockBegin
  2
*U28
 70
1
 10
0.0
 20
0.0
 30
0.0
  3
*U28
  1

  0
LINE
  5
449
330
447
100
AcDbEntity
  8
Smart Centers
  6
Continuous
 62
0
 48
0.75
440
16777216
100
AcDbLine
 10
-0.892969
 20
0.0
 30
0.0
 11
0.892969
 21
0.0
 31
0.0
  0
LINE
  5
44A
330
447
100
AcDbEntity
  8
Smart Centers
  6
Continuous
 62
0
 48
0.75
440
16777216
100
AcDbLine
 10
0.0
 20
-0.892969
 30
0.0
 11
0.0
 21
0.892969
 31
0.0
  0
LINE
  5
44B
330
447
100
AcDbEntity
  8
Smart Centers
 62
0
 48
0.75
 60
1
440
16777216
100
AcDbLine
 10
-28.49765
 20
0.0
 30
0.0
 11
-2.678906
 21
0.0
 31
0.0
  0
LINE
  5
44C
330
447
100
AcDbEntity
  8
Smart Centers
 62
0
 48
0.75
 60
1
440
16777216
100
AcDbLine
 10
2.678906
 20
0.0
 30
0.0
 11
28.49765
 21
0.0
 31
0.0
  0
LINE
  5
44D
330
447
100
AcDbEntity
  8
Smart Centers
 62
0
 48
0.75
 60
1
440
16777216
100
AcDbLine
 10
0.0
 20
-28.49765
 30
0.0
 11
0.0
 21
-2.678906
 31
0.0
  0
LINE
  5
44E
330
447
100
AcDbEntity
  8
Smart Centers
 62
0
 48
0.75
 60
1
440
16777216
100
AcDbLine
 10
0.0
 20
2.678906
 30
0.0
 11
0.0
 21
28.49765
 31
0.0
  0
ENDBLK
  5
44F
330
447
100
AcDbEntity
  8
0
100
AcDbBlockEnd
  0
BLOCK
  5
452
330
451
100
AcDbEntity
  8
0
100
AcDbBlockBegin
  2
*D29
 70
1
 10
0.0
 20
0.0
 30
0.0
  3
*D29
  1

  0
LINE
  5
453
330
451
100
AcDbEntity
  8
FD_Dimensions
 62
0
370
-2
440
16777216
100
AcDbLine
 10
94.85418
 20
39.907746
 30
0.0
 11
94.85418
 21
45.174408
 31
0.0
  0
LINE
  5
454
330
451
100
AcDbEntity
  8
FD_Dimensions
 62
0
370
-2
440
16777216
100
AcDbLine
 10
96.85418
 20
39.907746
 30
0.0
 11
96.85418
 21
45.174408
 31
0.0
  0
LINE
  5
455
330
451
100
AcDbEntity
  8
FD_Dimensions
 62
0
370
-2
440
16777216
100
AcDbLine
 10
92.35418
 20
43.674408
 30
0.0
 11
89.85418
 21
43.674408
 31
0.0
  0
LINE
  5
456
330
451
100
AcDbEntity
  8
FD_Dimensions
 62
0
370
-2
440
16777216
100
AcDbLine
 10
99.35418
 20
43.674408
 30
0.0
 11
110.382148
 21
43.674408
 31
0.0
  0
LINE
  5
457
330
451
100
AcDbEntity
  8
FD_Dimensions
 62
0
370
-2
440
16777216
100
AcDbLine
 10
94.85418
 20
43.674408
 30
0.0
 11
96.85418
 21
43.674408
 31
0.0
  0
SOLID
  5
458
330
451
100
AcDbEntity
  8
FD_Dimensions
 62
0
440
16777216
100
AcDbTrace
 10
92.35418
 20
44.091074
 30
0.0
 11
92.35418
 21
43.257741
 31
0.0
 12
94.85418
 22
43.674408
 32
0.0
 13
94.85418
 23
43.674408
 33
0.0
  0
SOLID
  5
459
330
451
100
AcDbEntity
  8
FD_Dimensions
 62
0
440
16777216
100
AcDbTrace
 10
99.35418
 20
44.091074
 30
0.0
 11
99.35418
 21
43.257741
 31
0.0
 12
96.85418
 22
43.674408
 32
0.0
 13
96.85418
 23
43.674408
 33
0.0
  0
MTEXT
  5
45A
330
451
100
AcDbEntity
  8
FD_Dimensions
 62
0
440
16777216
100
AcDbMText
 10
106.118164
 20
45.95084
 30
0.0
 40
2.5
 41
0.0
 46
0.0
 71
5
  1
2.00
  0
POINT
  5
45B
330
451
100
AcDbEntity
  8
Defpoints
 62
0
440
16777216
100
AcDbPoint
 10
94.85418
 20
37.807746
 30
0.0
  0
POINT
  5
45C
330
451
100
AcDbEntity
  8
Defpoints
 62
0
440
16777216
100
AcDbPoint
 10
96.85418
 20
37.807746
 30
0.0
  0
POINT
  5
45D
330
451
100
AcDbEntity
  8
Defpoints
 62
0
440
16777216
100
AcDbPoint
 10
96.85418
 20
43.674408
 30
0.0
  0
ENDBLK
  5
45E
330
451
100
AcDbEntity
  8
0
100
AcDbBlockEnd
  0
BLOCK
  5
461
330
460
100
AcDbEntity
  8
0
100
AcDbBlockBegin
  2
*D30
 70
1
 10
0.0
 20
0.0
 30
0.0
  3
*D30
  1

  0
LINE
  5
462
330
460
100
AcDbEntity
  8
FD_Dimensions
 62
0
370
-2
440
16777216
100
AcDbLine
 10
124.25418
 20
39.907746
 30
0.0
 11
124.25418
 21
45.064056
 31
0.0
  0
LINE
  5
463
330
460
100
AcDbEntity
  8
FD_Dimensions
 62
0
370
-2
440
16777216
100
AcDbLine
 10
128.25418
 20
39.907746
 30
0.0
 11
128.25418
 21
45.064056
 31
0.0
  0
LINE
  5
464
330
460
100
AcDbEntity
  8
FD_Dimensions
 62
0
370
-2
440
16777216
100
AcDbLine
 10
121.75418
 20
43.564056
 30
0.0
 11
119.25418
 21
43.564056
 31
0.0
  0
LINE
  5
465
330
460
100
AcDbEntity
  8
FD_Dimensions
 62
0
370
-2
440
16777216
100
AcDbLine
 10
130.75418
 20
43.564056
 30
0.0
 11
141.840128
 21
43.564056
 31
0.0
  0
LINE
  5
466
330
460
100
AcDbEntity
  8
FD_Dimensions
 62
0
370
-2
440
16777216
100
AcDbLine
 10
124.25418
 20
43.564056
 30
0.0
 11
128.25418
 21
43.564056
 31
0.0
  0
SOLID
  5
467
330
460
100
AcDbEntity
  8
FD_Dimensions
 62
0
440
16777216
100
AcDbTrace
 10
121.75418
 20
43.980723
 30
0.0
 11
121.75418
 21
43.14739
 31
0.0
 12
124.25418
 22
43.564056
 32
0.0
 13
124.25418
 23
43.564056
 33
0.0
  0
SOLID
  5
468
330
460
100
AcDbEntity
  8
FD_Dimensions
 62
0
440
16777216
100
AcDbTrace
 10
130.75418
 20
43.980723
 30
0.0
 11
130.75418
 21
43.14739
 31
0.0
 12
128.25418
 22
43.564056
 32
0.0
 13
128.25418
 23
43.564056
 33
0.0
  0
MTEXT
  5
469
330
460
100
AcDbEntity
  8
FD_Dimensions
 62
0
440
16777216
100
AcDbMText
 10
137.547154
 20
45.840489
 30
0.0
 40
2.5
 41
0.0
 46
0.0
 71
5
  1
4.00
  0
POINT
  5
46A
330
460
100
AcDbEntity
  8
Defpoints
 62
0
440
16777216
100
AcDbPoint
 10
124.25418
 20
37.807746
 30
0.0
  0
POINT
  5
46B
330
460
100
AcDbEntity
  8
Defpoints
 62
0
440
16777216
100
AcDbPoint
 10
128.25418
 20
37.807746
 30
0.0
  0
POINT
  5
46C
330
460
100
AcDbEntity
  8
Defpoints
 62
0
440
16777216
100
AcDbPoint
 10
128.25418
 20
43.564056
 30
0.0
  0
ENDBLK
  5
46D
330
460
100
AcDbEntity
  8
0
100
AcDbBlockEnd
  0
BLOCK
  5
470
330
46F
100
AcDbEntity
  8
0
100
AcDbBlockBegin
  2
*D31
 70
1
 10
0.0
 20
0.0
 30
0.0
  3
*D31
  1

  0
LINE
  5
471
330
46F
100
AcDbEntity
  8
FD_Dimensions
 62
0
370
-2
440
16777216
100
AcDbLine
 10
100.05418
 20
37.907746
 30
0.0
 11
100.05418
 21
52.307746
 31
0.0
  0
LINE
  5
472
330
46F
100
AcDbEntity
  8
FD_Dimensions
 62
0
370
-2
440
16777216
100
AcDbLine
 10
122.05418
 20
37.907746
 30
0.0
 11
122.05418
 21
52.307746
 31
0.0
  0
LINE
  5
473
330
46F
100
AcDbEntity
  8
FD_Dimensions
 62
0
370
-2
440
16777216
100
AcDbLine
 10
102.55418
 20
50.807746
 30
0.0
 11
119.55418
 21
50.807746
 31
0.0
  0
SOLID
  5
474
330
46F
100
AcDbEntity
  8
FD_Dimensions
 62
0
440
16777216
100
AcDbTrace
 10
102.55418
 20
51.224413
 30
0.0
 11
102.55418
 21
50.39108
 31
0.0
 12
100.05418
 22
50.807746
 32
0.0
 13
100.05418
 23
50.807746
 33
0.0
  0
SOLID
  5
475
330
46F
100
AcDbEntity
  8
FD_Dimensions
 62
0
440
16777216
100
AcDbTrace
 10
119.55418
 20
51.224413
 30
0.0
 11
119.55418
 21
50.39108
 31
0.0
 12
122.05418
 22
50.807746
 32
0.0
 13
122.05418
 23
50.807746
 33
0.0
  0
MTEXT
  5
476
330
46F
100
AcDbEntity
  8
FD_Dimensions
 62
0
440
16777216
100
AcDbMText
 10
111.05418
 20
53.084179
 30
0.0
 40
2.5
 41
0.0
 46
0.0
 71
5
  1
22.00
  0
POINT
  5
477
330
46F
100
AcDbEntity
  8
Defpoints
 62
0
440
16777216
100
AcDbPoint
 10
100.05418
 20
35.807746
 30
0.0
  0
POINT
  5
478
330
46F
100
AcDbEntity
  8
Defpoints
 62
0
440
16777216
100
AcDbPoint
 10
122.05418
 20
35.807746
 30
0.0
  0
POINT
  5
479
330
46F
100
AcDbEntity
  8
Defpoints
 62
0
440
16777216
100
AcDbPoint
 10
122.05418
 20
50.807746
 30
0.0
  0
ENDBLK
  5
47A
330
46F
100
AcDbEntity
  8
0
100
AcDbBlockEnd
  0
BLOCK
  5
47D
330
47C
100
AcDbEntity
  8
0
100
AcDbBlockBegin
  2
*D32
 70
1
 10
0.0
 20
0.0
 30
0.0
  3
*D32
  1

  0
LINE
  5
47E
330
47C
100
AcDbEntity
  8
FD_Dimensions
 62
0
370
-2
440
16777216
100
AcDbLine
 10
97.95418
 20
35.807746
 30
0.0
 11
79.725753
 21
35.807746
 31
0.0
  0
LINE
  5
47F
330
47C
100
AcDbEntity
  8
FD_Dimensions
 62
0
370
-2
440
16777216
100
AcDbLine
 10
94.125753
 20
28.807746
 30
0.0
 11
79.725753
 21
28.807746
 31
0.0
  0
LINE
  5
480
330
47C
100
AcDbEntity
  8
FD_Dimensions
 62
0
370
-2
440
16777216
100
AcDbLine
 10
81.225753
 20
33.307746
 30
0.0
 11
81.225753
 21
31.307746
 31
0.0
  0
LINE
  5
481
330
47C
100
AcDbEntity
  8
FD_Dimensions
 62
0
370
-2
440
16777216
100
AcDbLine
 10
81.225753
 20
28.807746
 30
0.0
 11
81.225753
 21
17.842876
 31
0.0
  0
SOLID
  5
482
330
47C
100
AcDbEntity
  8
FD_Dimensions
 62
0
440
16777216
100
AcDbTrace
 10
80.809086
 20
33.307746
 30
0.0
 11
81.64242
 21
33.307746
 31
0.0
 12
81.225753
 22
35.807746
 32
0.0
 13
81.225753
 23
35.807746
 33
0.0
  0
SOLID
  5
483
330
47C
100
AcDbEntity
  8
FD_Dimensions
 62
0
440
16777216
100
AcDbTrace
 10
80.809086
 20
31.307746
 30
0.0
 11
81.64242
 21
31.307746
 31
0.0
 12
81.225753
 22
28.807746
 32
0.0
 13
81.225753
 23
28.807746
 33
0.0
  0
MTEXT
  5
484
330
47C
100
AcDbEntity
  8
FD_Dimensions
 62
0
440
16777216
100
AcDbMText
 10
78.949321
 20
22.075311
 30
0.0
 40
2.5
 41
0.0
 46
0.0
 71
5
  1
7.00
 11
0.0
 21
1.0
 31
0.0
  0
POINT
  5
485
330
47C
100
AcDbEntity
  8
Defpoints
 62
0
440
16777216
100
AcDbPoint
 10
100.05418
 20
35.807746
 30
0.0
  0
POINT
  5
486
330
47C
100
AcDbEntity
  8
Defpoints
 62
0
440
16777216
100
AcDbPoint
 10
96.225753
 20
28.807746
 30
0.0
  0
POINT
  5
487
330
47C
100
AcDbEntity
  8
Defpoints
 62
0
440
16777216
100
AcDbPoint
 10
81.225753
 20
28.807746
 30
0.0
  0
ENDBLK
  5
488
330
47C
100
AcDbEntity
  8
0
100
AcDbBlockEnd
  0
BLOCK
  5
48B
330
48A
100
AcDbEntity
  8
0
100
AcDbBlockBegin
  2
*D33
 70
1
 10
0.0
 20
0.0
 30
0.0
  3
*D33
  1

  0
LINE
  5
48C
330
48A
100
AcDbEntity
  8
FD_Dimensions
 62
0
370
-2
440
16777216
100
AcDbLine
 10
249.364379
 20
76.492443
 30
0.0
 11
249.364379
 21
51.573601
 31
0.0
  0
LINE
  5
48D
330
48A
100
AcDbEntity
  8
FD_Dimensions
 62
0
370
-2
440
16777216
100
AcDbLine
 10
263.364379
 20
96.956969
 30
0.0
 11
263.364379
 21
51.573601
 31
0.0
  0
LINE
  5
48E
330
48A
100
AcDbEntity
  8
FD_Dimensions
 62
0
370
-2
440
16777216
100
AcDbLine
 10
251.864379
 20
53.073601
 30
0.0
 11
260.864379
 21
53.073601
 31
0.0
  0
SOLID
  5
48F
330
48A
100
AcDbEntity
  8
FD_Dimensions
 62
0
440
16777216
100
AcDbTrace
 10
251.864379
 20
53.490267
 30
0.0
 11
251.864379
 21
52.656934
 31
0.0
 12
249.364379
 22
53.073601
 32
0.0
 13
249.364379
 23
53.073601
 33
0.0
  0
SOLID
  5
490
330
48A
100
AcDbEntity
  8
FD_Dimensions
 62
0
440
16777216
100
AcDbTrace
 10
260.864379
 20
53.490267
 30
0.0
 11
260.864379
 21
52.656934
 31
0.0
 12
263.364379
 22
53.073601
 32
0.0
 13
263.364379
 23
53.073601
 33
0.0
  0
MTEXT
  5
491
330
48A
100
AcDbEntity
  8
FD_Dimensions
 62
0
440
16777216
100
AcDbMText
 10
256.364379
 20
55.350033
 30
0.0
 40
2.5
 41
0.0
 46
0.0
 71
5
  1
14.00
  0
POINT
  5
492
330
48A
100
AcDbEntity
  8
Defpoints
 62
0
440
16777216
100
AcDbPoint
 10
249.364379
 20
78.592443
 30
0.0
  0
POINT
  5
493
330
48A
100
AcDbEntity
  8
Defpoints
 62
0
440
16777216
100
AcDbPoint
 10
263.364379
 20
99.056969
 30
0.0
  0
POINT
  5
494
330
48A
100
AcDbEntity
  8
Defpoints
 62
0
440
16777216
100
AcDbPoint
 10
263.364379
 20
53.073601
 30
0.0
  0
ENDBLK
  5
495
330
48A
100
AcDbEntity
  8
0
100
AcDbBlockEnd
  0
BLOCK
  5
498
330
497
100
AcDbEntity
  8
0
100
AcDbBlockBegin
  2
*D34
 70
1
 10
0.0
 20
0.0
 30
0.0
  3
*D34
  1

  0
LINE
  5
499
330
497
100
AcDbEntity
  8
FD_Dimensions
 62
0
370
-2
440
16777216
100
AcDbLine
 10
252.464379
 20
93.739969
 30
0.0
 11
270.115453
 21
93.739969
 31
0.0
  0
LINE
  5
49A
330
497
100
AcDbEntity
  8
FD_Dimensions
 62
0
370
-2
440
16777216
100
AcDbLine
 10
252.464379
 20
89.739969
 30
0.0
 11
270.115453
 21
89.739969
 31
0.0
  0
LINE
  5
49B
330
497
100
AcDbEntity
  8
FD_Dimensions
 62
0
370
-2
440
16777216
100
AcDbLine
 10
268.615453
 20
96.239969
 30
0.0
 11
268.615453
 21
98.739969
 31
0.0
  0
LINE
  5
49C
330
497
100
AcDbEntity
  8
FD_Dimensions
 62
0
370
-2
440
16777216
100
AcDbLine
 10
268.615453
 20
87.239969
 30
0.0
 11
268.615453
 21
76.154021
 31
0.0
  0
LINE
  5
49D
330
497
100
AcDbEntity
  8
FD_Dimensions
 62
0
370
-2
440
16777216
100
AcDbLine
 10
268.615453
 20
93.739969
 30
0.0
 11
268.615453
 21
89.739969
 31
0.0
  0
SOLID
  5
49E
330
497
100
AcDbEntity
  8
FD_Dimensions
 62
0
440
16777216
100
AcDbTrace
 10
268.198787
 20
96.239969
 30
0.0
 11
269.03212
 21
96.239969
 31
0.0
 12
268.615453
 22
93.739969
 32
0.0
 13
268.615453
 23
93.739969
 33
0.0
  0
SOLID
  5
49F
330
497
100
AcDbEntity
  8
FD_Dimensions
 62
0
440
16777216
100
AcDbTrace
 10
268.198787
 20
87.239969
 30
0.0
 11
269.03212
 21
87.239969
 31
0.0
 12
268.615453
 22
89.739969
 32
0.0
 13
268.615453
 23
89.739969
 33
0.0
  0
MTEXT
  5
4A0
330
497
100
AcDbEntity
  8
FD_Dimensions
 62
0
440
16777216
100
AcDbMText
 10
266.339021
 20
80.446995
 30
0.0
 40
2.5
 41
0.0
 46
0.0
 71
5
  1
4.00
 11
0.0
 21
1.0
 31
0.0
  0
POINT
  5
4A1
330
497
100
AcDbEntity
  8
Defpoints
 62
0
440
16777216
100
AcDbPoint
 10
250.364379
 20
93.739969
 30
0.0
  0
POINT
  5
4A2
330
497
100
AcDbEntity
  8
Defpoints
 62
0
440
16777216
100
AcDbPoint
 10
250.364379
 20
89.739969
 30
0.0
  0
POINT
  5
4A3
330
497
100
AcDbEntity
  8
Defpoints
 62
0
440
16777216
100
AcDbPoint
 10
268.615453
 20
89.739969
 30
0.0
  0
ENDBLK
  5
4A4
330
497
100
AcDbEntity
  8
0
100
AcDbBlockEnd
  0
BLOCK
  5
4A7
330
4A6
100
AcDbEntity
  8
0
100
AcDbBlockBegin
  2
*D35
 70
1
 10
0.0
 20
0.0
 30
0.0
  3
*D35
  1

  0
LINE
  5
4A8
330
4A6
100
AcDbEntity
  8
FD_Dimensions
 62
0
370
-2
440
16777216
100
AcDbLine
 10
30.679246
 20
120.306969
 30
0.0
 11
16.279246
 21
120.306969
 31
0.0
  0
LINE
  5
4A9
330
4A6
100
AcDbEntity
  8
FD_Dimensions
 62
0
370
-2
440
16777216
100
AcDbLine
 10
30.679246
 20
99.056969
 30
0.0
 11
16.279246
 21
99.056969
 31
0.0
  0
LINE
  5
4AA
330
4A6
100
AcDbEntity
  8
FD_Dimensions
 62
0
370
-2
440
16777216
100
AcDbLine
 10
17.779246
 20
117.806969
 30
0.0
 11
17.779246
 21
101.556969
 31
0.0
  0
SOLID
  5
4AB
330
4A6
100
AcDbEntity
  8
FD_Dimensions
 62
0
440
16777216
100
AcDbTrace
 10
17.36258
 20
117.806969
 30
0.0
 11
18.195913
 21
117.806969
 31
0.0
 12
17.779246
 22
120.306969
 32
0.0
 13
17.779246
 23
120.306969
 33
0.0
  0
SOLID
  5
4AC
330
4A6
100
AcDbEntity
  8
FD_Dimensions
 62
0
440
16777216
100
AcDbTrace
 10
17.36258
 20
101.556969
 30
0.0
 11
18.195913
 21
101.556969
 31
0.0
 12
17.779246
 22
99.056969
 32
0.0
 13
17.779246
 23
99.056969
 33
0.0
  0
MTEXT
  5
4AD
330
4A6
100
AcDbEntity
  8
FD_Dimensions
 62
0
440
16777216
100
AcDbMText
 10
15.502814
 20
109.681969
 30
0.0
 40
2.5
 41
0.0
 46
0.0
 71
5
  1
21.25
 11
0.0
 21
1.0
 31
0.0
  0
POINT
  5
4AE
330
4A6
100
AcDbEntity
  8
Defpoints
 62
0
440
16777216
100
AcDbPoint
 10
32.779246
 20
120.306969
 30
0.0
  0
POINT
  5
4AF
330
4A6
100
AcDbEntity
  8
Defpoints
 62
0
440
16777216
100
AcDbPoint
 10
32.779246
 20
99.056969
 30
0.0
  0
POINT
  5
4B0
330
4A6
100
AcDbEntity
  8
Defpoints
 62
0
440
16777216
100
AcDbPoint
 10
17.779246
 20
99.056969
 30
0.0
  0
ENDBLK
  5
4B1
330
4A6
100
AcDbEntity
  8
0
100
AcDbBlockEnd
  0
BLOCK
  5
4B4
330
4B3
100
AcDbEntity
  8
0
100
AcDbBlockBegin
  2
*D36
 70
1
 10
0.0
 20
0.0
 30
0.0
  3
*D36
  1

  0
LINE
  5
4B5
330
4B3
100
AcDbEntity
  8
FD_Dimensions
 62
0
370
-2
440
16777216
100
AcDbLine
 10
40.736761
 20
104.056969
 30
0.0
 11
26.279246
 21
104.056969
 31
0.0
  0
LINE
  5
4B6
330
4B3
100
AcDbEntity
  8
FD_Dimensions
 62
0
370
-2
440
16777216
100
AcDbLine
 10
40.679246
 20
99.056969
 30
0.0
 11
26.279246
 21
99.056969
 31
0.0
  0
LINE
  5
4B7
330
4B3
100
AcDbEntity
  8
FD_Dimensions
 62
0
370
-2
440
16777216
100
AcDbLine
 10
27.779246
 20
106.556969
 30
0.0
 11
27.779246
 21
109.056969
 31
0.0
  0
LINE
  5
4B8
330
4B3
100
AcDbEntity
  8
FD_Dimensions
 62
0
370
-2
440
16777216
100
AcDbLine
 10
27.779246
 20
96.556969
 30
0.0
 11
27.779246
 21
85.571635
 31
0.0
  0
LINE
  5
4B9
330
4B3
100
AcDbEntity
  8
FD_Dimensions
 62
0
370
-2
440
16777216
100
AcDbLine
 10
27.779246
 20
104.056969
 30
0.0
 11
27.779246
 21
99.056969
 31
0.0
  0
SOLID
  5
4BA
330
4B3
100
AcDbEntity
  8
FD_Dimensions
 62
0
440
16777216
100
AcDbTrace
 10
27.36258
 20
106.556969
 30
0.0
 11
28.195913
 21
106.556969
 31
0.0
 12
27.779246
 22
104.056969
 32
0.0
 13
27.779246
 23
104.056969
 33
0.0
  0
SOLID
  5
4BB
330
4B3
100
AcDbEntity
  8
FD_Dimensions
 62
0
440
16777216
100
AcDbTrace
 10
27.36258
 20
96.556969
 30
0.0
 11
28.195913
 21
96.556969
 31
0.0
 12
27.779246
 22
99.056969
 32
0.0
 13
27.779246
 23
99.056969
 33
0.0
  0
MTEXT
  5
4BC
330
4B3
100
AcDbEntity
  8
FD_Dimensions
 62
0
440
16777216
100
AcDbMText
 10
25.502814
 20
89.814302
 30
0.0
 40
2.5
 41
0.0
 46
0.0
 71
5
  1
5.00
 11
0.0
 21
1.0
 31
0.0
  0
POINT
  5
4BD
330
4B3
100
AcDbEntity
  8
Defpoints
 62
0
440
16777216
100
AcDbPoint
 10
42.836761
 20
104.056969
 30
0.0
  0
POINT
  5
4BE
330
4B3
100
AcDbEntity
  8
Defpoints
 62
0
440
16777216
100
AcDbPoint
 10
42.779246
 20
99.056969
 30
0.0
  0
POINT
  5
4BF
330
4B3
100
AcDbEntity
  8
Defpoints
 62
0
440
16777216
100
AcDbPoint
 10
27.779246
 20
99.056969
 30
0.0
  0
ENDBLK
  5
4C0
330
4B3
100
AcDbEntity
  8
0
100
AcDbBlockEnd
  0
BLOCK
  5
4C3
330
4C2
100
AcDbEntity
  8
0
100
AcDbBlockBegin
  2
*D37
 70
1
 10
0.0
 20
0.0
 30
0.0
  3
*D37
  1

  0
LINE
  5
4C4
330
4C2
100
AcDbEntity
  8
FD_Dimensions
 62
0
370
-2
440
16777216
100
AcDbLine
 10
51.879246
 20
92.739961
 30
0.0
 11
58.779246
 21
92.739961
 31
0.0
  0
LINE
  5
4C5
330
4C2
100
AcDbEntity
  8
FD_Dimensions
 62
0
370
-2
440
16777216
100
AcDbLine
 10
51.879246
 20
90.739977
 30
0.0
 11
58.779246
 21
90.739977
 31
0.0
  0
LINE
  5
4C6
330
4C2
100
AcDbEntity
  8
FD_Dimensions
 62
0
370
-2
440
16777216
100
AcDbLine
 10
57.279246
 20
95.239961
 30
0.0
 11
57.279246
 21
97.739961
 31
0.0
  0
LINE
  5
4C7
330
4C2
100
AcDbEntity
  8
FD_Dimensions
 62
0
370
-2
440
16777216
100
AcDbLine
 10
57.279246
 20
88.239977
 30
0.0
 11
57.279246
 21
77.21201
 31
0.0
  0
LINE
  5
4C8
330
4C2
100
AcDbEntity
  8
FD_Dimensions
 62
0
370
-2
440
16777216
100
AcDbLine
 10
57.279246
 20
92.739961
 30
0.0
 11
57.279246
 21
90.739977
 31
0.0
  0
SOLID
  5
4C9
330
4C2
100
AcDbEntity
  8
FD_Dimensions
 62
0
440
16777216
100
AcDbTrace
 10
56.86258
 20
95.239961
 30
0.0
 11
57.695913
 21
95.239961
 31
0.0
 12
57.279246
 22
92.739961
 32
0.0
 13
57.279246
 23
92.739961
 33
0.0
  0
SOLID
  5
4CA
330
4C2
100
AcDbEntity
  8
FD_Dimensions
 62
0
440
16777216
100
AcDbTrace
 10
56.86258
 20
88.239977
 30
0.0
 11
57.695913
 21
88.239977
 31
0.0
 12
57.279246
 22
90.739977
 32
0.0
 13
57.279246
 23
90.739977
 33
0.0
  0
MTEXT
  5
4CB
330
4C2
100
AcDbEntity
  8
FD_Dimensions
 62
0
440
16777216
100
AcDbMText
 10
55.002814
 20
81.475993
 30
0.0
 40
2.5
 41
0.0
 46
0.0
 71
5
  1
2.00
 11
0.0
 21
1.0
 31
0.0
  0
POINT
  5
4CC
330
4C2
100
AcDbEntity
  8
Defpoints
 62
0
440
16777216
100
AcDbPoint
 10
49.779246
 20
92.739961
 30
0.0
  0
POINT
  5
4CD
330
4C2
100
AcDbEntity
  8
Defpoints
 62
0
440
16777216
100
AcDbPoint
 10
49.779246
 20
90.739977
 30
0.0
  0
POINT
  5
4CE
330
4C2
100
AcDbEntity
  8
Defpoints
 62
0
440
16777216
100
AcDbPoint
 10
57.279246
 20
90.739977
 30
0.0
  0
ENDBLK
  5
4CF
330
4C2
100
AcDbEntity
  8
0
100
AcDbBlockEnd
  0
BLOCK
  5
4D2
330
4D1
100
AcDbEntity
  8
0
100
AcDbBlockBegin
  2
*D38
 70
1
 10
0.0
 20
0.0
 30
0.0
  3
*D38
  1

  0
LINE
  5
4D3
330
4D1
100
AcDbEntity
  8
FD_Dimensions
 62
0
370
-2
440
16777216
100
AcDbLine
 10
45.779246
 20
88.639977
 30
0.0
 11
45.779246
 21
69.166888
 31
0.0
  0
LINE
  5
4D4
330
4D1
100
AcDbEntity
  8
FD_Dimensions
 62
0
370
-2
440
16777216
100
AcDbLine
 10
49.779246
 20
88.639977
 30
0.0
 11
49.779246
 21
69.166888
 31
0.0
  0
LINE
  5
4D5
330
4D1
100
AcDbEntity
  8
FD_Dimensions
 62
0
370
-2
440
16777216
100
AcDbLine
 10
43.279246
 20
70.666888
 30
0.0
 11
40.779246
 21
70.666888
 31
0.0
  0
LINE
  5
4D6
330
4D1
100
AcDbEntity
  8
FD_Dimensions
 62
0
370
-2
440
16777216
100
AcDbLine
 10
52.279246
 20
70.666888
 30
0.0
 11
63.365195
 21
70.666888
 31
0.0
  0
LINE
  5
4D7
330
4D1
100
AcDbEntity
  8
FD_Dimensions
 62
0
370
-2
440
16777216
100
AcDbLine
 10
45.779246
 20
70.666888
 30
0.0
 11
49.779246
 21
70.666888
 31
0.0
  0
SOLID
  5
4D8
330
4D1
100
AcDbEntity
  8
FD_Dimensions
 62
0
440
16777216
100
AcDbTrace
 10
43.279246
 20
71.083554
 30
0.0
 11
43.279246
 21
70.250221
 31
0.0
 12
45.779246
 22
70.666888
 32
0.0
 13
45.779246
 23
70.666888
 33
0.0
  0
SOLID
  5
4D9
330
4D1
100
AcDbEntity
  8
FD_Dimensions
 62
0
440
16777216
100
AcDbTrace
 10
52.279246
 20
71.083554
 30
0.0
 11
52.279246
 21
70.250221
 31
0.0
 12
49.779246
 22
70.666888
 32
0.0
 13
49.779246
 23
70.666888
 33
0.0
  0
MTEXT
  5
4DA
330
4D1
100
AcDbEntity
  8
FD_Dimensions
 62
0
440
16777216
100
AcDbMText
 10
59.072221
 20
72.94332
 30
0.0
 40
2.5
 41
0.0
 46
0.0
 71
5
  1
4.00
  0
POINT
  5
4DB
330
4D1
100
AcDbEntity
  8
Defpoints
 62
0
440
16777216
100
AcDbPoint
 10
45.779246
 20
90.739977
 30
0.0
  0
POINT
  5
4DC
330
4D1
100
AcDbEntity
  8
Defpoints
 62
0
440
16777216
100
AcDbPoint
 10
49.779246
 20
90.739977
 30
0.0
  0
POINT
  5
4DD
330
4D1
100
AcDbEntity
  8
Defpoints
 62
0
440
16777216
100
AcDbPoint
 10
49.779246
 20
70.666888
 30
0.0
  0
ENDBLK
  5
4DE
330
4D1
100
AcDbEntity
  8
0
100
AcDbBlockEnd
  0
BLOCK
  5
4E1
330
4E0
100
AcDbEntity
  8
0
100
AcDbBlockBegin
  2
*D39
 70
1
 10
0.0
 20
0.0
 30
0.0
  3
*D39
  1

  0
LINE
  5
4E2
330
4E0
100
AcDbEntity
  8
FD_Dimensions
 62
0
370
-2
440
16777216
100
AcDbLine
 10
47.879246
 20
93.739965
 30
0.0
 11
65.317316
 21
93.739965
 31
0.0
  0
LINE
  5
4E3
330
4E0
100
AcDbEntity
  8
FD_Dimensions
 62
0
370
-2
440
16777216
100
AcDbLine
 10
47.879246
 20
89.739973
 30
0.0
 11
65.317316
 21
89.739973
 31
0.0
  0
LINE
  5
4E4
330
4E0
100
AcDbEntity
  8
FD_Dimensions
 62
0
370
-2
440
16777216
100
AcDbLine
 10
63.817316
 20
96.239965
 30
0.0
 11
63.817316
 21
98.739965
 31
0.0
  0
LINE
  5
4E5
330
4E0
100
AcDbEntity
  8
FD_Dimensions
 62
0
370
-2
440
16777216
100
AcDbLine
 10
63.817316
 20
87.239973
 30
0.0
 11
63.817316
 21
76.154025
 31
0.0
  0
LINE
  5
4E6
330
4E0
100
AcDbEntity
  8
FD_Dimensions
 62
0
370
-2
440
16777216
100
AcDbLine
 10
63.817316
 20
93.739965
 30
0.0
 11
63.817316
 21
89.739973
 31
0.0
  0
SOLID
  5
4E7
330
4E0
100
AcDbEntity
  8
FD_Dimensions
 62
0
440
16777216
100
AcDbTrace
 10
63.400649
 20
96.239965
 30
0.0
 11
64.233983
 21
96.239965
 31
0.0
 12
63.817316
 22
93.739965
 32
0.0
 13
63.817316
 23
93.739965
 33
0.0
  0
SOLID
  5
4E8
330
4E0
100
AcDbEntity
  8
FD_Dimensions
 62
0
440
16777216
100
AcDbTrace
 10
63.400649
 20
87.239973
 30
0.0
 11
64.233983
 21
87.239973
 31
0.0
 12
63.817316
 22
89.739973
 32
0.0
 13
63.817316
 23
89.739973
 33
0.0
  0
MTEXT
  5
4E9
330
4E0
100
AcDbEntity
  8
FD_Dimensions
 62
0
440
16777216
100
AcDbMText
 10
61.540884
 20
80.446999
 30
0.0
 40
2.5
 41
0.0
 46
0.0
 71
5
  1
4.00
 11
0.0
 21
1.0
 31
0.0
  0
POINT
  5
4EA
330
4E0
100
AcDbEntity
  8
Defpoints
 62
0
440
16777216
100
AcDbPoint
 10
45.779246
 20
93.739965
 30
0.0
  0
POINT
  5
4EB
330
4E0
100
AcDbEntity
  8
Defpoints
 62
0
440
16777216
100
AcDbPoint
 10
45.779246
 20
89.739973
 30
0.0
  0
POINT
  5
4EC
330
4E0
100
AcDbEntity
  8
Defpoints
 62
0
440
16777216
100
AcDbPoint
 10
63.817316
 20
89.739973
 30
0.0
  0
ENDBLK
  5
4ED
330
4E0
100
AcDbEntity
  8
0
100
AcDbBlockEnd
  0
BLOCK
  5
4F1
330
4F0
100
AcDbEntity
  8
0
100
AcDbBlockBegin
  2
*U40
 70
1
 10
0.0
 20
0.0
 30
0.0
  3
*U40
  1

  0
LINE
  5
4F2
330
4F0
100
AcDbEntity
  8
Edge Extensions
 62
0
 48
0.75
440
16777216
100
AcDbLine
 10
0.0
 20
0.828427
 30
0.0
 11
0.0
 21
-1.5
 31
0.0
  0
LINE
  5
4F3
330
4F0
100
AcDbEntity
  8
Edge Extensions
 62
0
 48
0.75
440
16777216
100
AcDbLine
 10
0.585786
 20
-0.585786
 30
0.0
 11
-1.06066
 21
1.06066
 31
0.0
  0
ENDBLK
  5
4F4
330
4F0
100
AcDbEntity
  8
0
100
AcDbBlockEnd
  0
BLOCK
  5
4F7
330
4F6
100
AcDbEntity
  8
0
100
AcDbBlockBegin
  2
*U41
 70
1
 10
0.0
 20
0.0
 30
0.0
  3
*U41
  1

  0
LINE
  5
4F8
330
4F6
100
AcDbEntity
  8
Edge Extensions
 62
0
 48
0.75
440
16777216
100
AcDbLine
 10
0.828427
 20
0.0
 30
0.0
 11
-1.5
 21
0.0
 31
0.0
  0
LINE
  5
4F9
330
4F6
100
AcDbEntity
  8
Edge Extensions
 62
0
 48
0.75
440
16777216
100
AcDbLine
 10
-0.585786
 20
0.585786
 30
0.0
 11
1.06066
 21
-1.06066
 31
0.0
  0
ENDBLK
  5
4FA
330
4F6
100
AcDbEntity
  8
0
100
AcDbBlockEnd
  0
BLOCK
  5
4FD
330
4FC
100
AcDbEntity
  8
0
100
AcDbBlockBegin
  2
*D42
 70
1
 10
0.0
 20
0.0
 30
0.0
  3
*D42
  1

  0
LINE
  5
4FE
330
4FC
100
AcDbEntity
  8
FD_Dimensions
 62
0
370
-2
440
16777216
100
AcDbLine
 10
124.15418
 20
31.807746
 30
0.0
 11
144.963926
 21
31.807746
 31
0.0
  0
LINE
  5
4FF
330
4FC
100
AcDbEntity
  8
FD_Dimensions
 62
0
370
-2
440
16777216
100
AcDbLine
 10
127.15418
 20
28.807746
 30
0.0
 11
144.963926
 21
28.807746
 31
0.0
  0
LINE
  5
500
330
4FC
100
AcDbEntity
  8
FD_Dimensions
 62
0
370
-2
440
16777216
100
AcDbLine
 10
143.463926
 20
34.307746
 30
0.0
 11
143.463926
 21
36.807746
 31
0.0
  0
LINE
  5
501
330
4FC
100
AcDbEntity
  8
FD_Dimensions
 62
0
370
-2
440
16777216
100
AcDbLine
 10
143.463926
 20
26.307746
 30
0.0
 11
143.463926
 21
15.324117
 31
0.0
  0
LINE
  5
502
330
4FC
100
AcDbEntity
  8
FD_Dimensions
 62
0
370
-2
440
16777216
100
AcDbLine
 10
143.463926
 20
31.807746
 30
0.0
 11
143.463926
 21
28.807746
 31
0.0
  0
SOLID
  5
503
330
4FC
100
AcDbEntity
  8
FD_Dimensions
 62
0
440
16777216
100
AcDbTrace
 10
143.047259
 20
34.307746
 30
0.0
 11
143.880592
 21
34.307746
 31
0.0
 12
143.463926
 22
31.807746
 32
0.0
 13
143.463926
 23
31.807746
 33
0.0
  0
SOLID
  5
504
330
4FC
100
AcDbEntity
  8
FD_Dimensions
 62
0
440
16777216
100
AcDbTrace
 10
143.047259
 20
26.307746
 30
0.0
 11
143.880592
 21
26.307746
 31
0.0
 12
143.463926
 22
28.807746
 32
0.0
 13
143.463926
 23
28.807746
 33
0.0
  0
MTEXT
  5
505
330
4FC
100
AcDbEntity
  8
FD_Dimensions
 62
0
440
16777216
100
AcDbMText
 10
141.18664
 20
19.565932
 30
0.0
 40
2.5
 41
0.0
 46
0.0
 71
5
  1
3.00
 11
0.0
 21
1.0
 31
0.0
  0
POINT
  5
506
330
4FC
100
AcDbEntity
  8
Defpoints
 62
0
440
16777216
100
AcDbPoint
 10
122.05418
 20
31.807746
 30
0.0
  0
POINT
  5
507
330
4FC
100
AcDbEntity
  8
Defpoints
 62
0
440
16777216
100
AcDbPoint
 10
125.05418
 20
28.807746
 30
0.0
  0
POINT
  5
508
330
4FC
100
AcDbEntity
  8
Defpoints
 62
0
440
16777216
100
AcDbPoint
 10
143.463926
 20
28.807746
 30
0.0
  0
ENDBLK
  5
509
330
4FC
100
AcDbEntity
  8
0
100
AcDbBlockEnd
  0
BLOCK
  5
50C
330
50B
100
AcDbEntity
  8
0
100
AcDbBlockBegin
  2
*D43
 70
1
 10
0.0
 20
0.0
 30
0.0
  3
*D43
  1

  0
LINE
  5
50D
330
50B
100
AcDbEntity
  8
FD_Dimensions
 62
0
370
-2
440
16777216
100
AcDbLine
 10
122.05418
 20
29.707746
 30
0.0
 11
122.05418
 21
14.930423
 31
0.0
  0
LINE
  5
50E
330
50B
100
AcDbEntity
  8
FD_Dimensions
 62
0
370
-2
440
16777216
100
AcDbLine
 10
125.05418
 20
26.707746
 30
0.0
 11
125.05418
 21
14.930423
 31
0.0
  0
LINE
  5
50F
330
50B
100
AcDbEntity
  8
FD_Dimensions
 62
0
370
-2
440
16777216
100
AcDbLine
 10
119.55418
 20
16.430423
 30
0.0
 11
117.05418
 21
16.430423
 31
0.0
  0
LINE
  5
510
330
50B
100
AcDbEntity
  8
FD_Dimensions
 62
0
370
-2
440
16777216
100
AcDbLine
 10
127.55418
 20
16.430423
 30
0.0
 11
138.537809
 21
16.430423
 31
0.0
  0
LINE
  5
511
330
50B
100
AcDbEntity
  8
FD_Dimensions
 62
0
370
-2
440
16777216
100
AcDbLine
 10
122.05418
 20
16.430423
 30
0.0
 11
125.05418
 21
16.430423
 31
0.0
  0
SOLID
  5
512
330
50B
100
AcDbEntity
  8
FD_Dimensions
 62
0
440
16777216
100
AcDbTrace
 10
119.55418
 20
16.84709
 30
0.0
 11
119.55418
 21
16.013757
 31
0.0
 12
122.05418
 22
16.430423
 32
0.0
 13
122.05418
 23
16.430423
 33
0.0
  0
SOLID
  5
513
330
50B
100
AcDbEntity
  8
FD_Dimensions
 62
0
440
16777216
100
AcDbTrace
 10
127.55418
 20
16.84709
 30
0.0
 11
127.55418
 21
16.013757
 31
0.0
 12
125.05418
 22
16.430423
 32
0.0
 13
125.05418
 23
16.430423
 33
0.0
  0
MTEXT
  5
514
330
50B
100
AcDbEntity
  8
FD_Dimensions
 62
0
440
16777216
100
AcDbMText
 10
134.295995
 20
18.707709
 30
0.0
 40
2.5
 41
0.0
 46
0.0
 71
5
  1
3.00
  0
POINT
  5
515
330
50B
100
AcDbEntity
  8
Defpoints
 62
0
440
16777216
100
AcDbPoint
 10
122.05418
 20
31.807746
 30
0.0
  0
POINT
  5
516
330
50B
100
AcDbEntity
  8
Defpoints
 62
0
440
16777216
100
AcDbPoint
 10
125.05418
 20
28.807746
 30
0.0
  0
POINT
  5
517
330
50B
100
AcDbEntity
  8
Defpoints
 62
0
440
16777216
100
AcDbPoint
 10
125.05418
 20
16.430423
 30
0.0
  0
ENDBLK
  5
518
330
50B
100
AcDbEntity
  8
0
100
AcDbBlockEnd
  0
BLOCK
  5
51B
330
51A
100
AcDbEntity
  8
0
100
AcDbBlockBegin
  2
*D44
 70
1
 10
0.0
 20
0.0
 30
0.0
  3
*D44
  1

  0
LINE
  5
51C
330
51A
100
AcDbEntity
  8
FD_Dimensions
 62
0
370
-2
440
16777216
100
AcDbLine
 10
250.364379
 20
127.406969
 30
0.0
 11
250.364379
 21
150.513665
 31
0.0
  0
LINE
  5
51D
330
51A
100
AcDbEntity
  8
FD_Dimensions
 62
0
370
-2
440
16777216
100
AcDbLine
 10
263.364379
 20
146.656969
 30
0.0
 11
263.364379
 21
150.513665
 31
0.0
  0
LINE
  5
51E
330
51A
100
AcDbEntity
  8
FD_Dimensions
 62
0
370
-2
440
16777216
100
AcDbLine
 10
252.864379
 20
149.013665
 30
0.0
 11
260.864379
 21
149.013665
 31
0.0
  0
SOLID
  5
51F
330
51A
100
AcDbEntity
  8
FD_Dimensions
 62
0
440
16777216
100
AcDbTrace
 10
252.864379
 20
149.430332
 30
0.0
 11
252.864379
 21
148.596999
 31
0.0
 12
250.364379
 22
149.013665
 32
0.0
 13
250.364379
 23
149.013665
 33
0.0
  0
SOLID
  5
520
330
51A
100
AcDbEntity
  8
FD_Dimensions
 62
0
440
16777216
100
AcDbTrace
 10
260.864379
 20
149.430332
 30
0.0
 11
260.864379
 21
148.596999
 31
0.0
 12
263.364379
 22
149.013665
 32
0.0
 13
263.364379
 23
149.013665
 33
0.0
  0
MTEXT
  5
521
330
51A
100
AcDbEntity
  8
FD_Dimensions
 62
0
440
16777216
100
AcDbMText
 10
256.864379
 20
151.290951
 30
0.0
 40
2.5
 41
0.0
 46
0.0
 71
5
  1
13.00
  0
POINT
  5
522
330
51A
100
AcDbEntity
  8
Defpoints
 62
0
440
16777216
100
AcDbPoint
 10
250.364379
 20
125.306969
 30
0.0
  0
POINT
  5
523
330
51A
100
AcDbEntity
  8
Defpoints
 62
0
440
16777216
100
AcDbPoint
 10
263.364379
 20
144.556969
 30
0.0
  0
POINT
  5
524
330
51A
100
AcDbEntity
  8
Defpoints
 62
0
440
16777216
100
AcDbPoint
 10
263.364379
 20
149.013665
 30
0.0
  0
ENDBLK
  5
525
330
51A
100
AcDbEntity
  8
0
100
AcDbBlockEnd
  0
BLOCK
  5
528
330
527
100
AcDbEntity
  8
0
100
AcDbBlockBegin
  2
*D45
 70
1
 10
0.0
 20
0.0
 30
0.0
  3
*D45
  1

  0
ARC
  5
529
330
527
100
AcDbEntity
  8
FD_Dimensions
 62
0
370
-2
440
16777216
100
AcDbCircle
 10
197.159236
 20
117.965875
 30
0.0
 40
32.71063025198034
100
AcDbArc
 50
59.239888
 51
63.619942
  0
ARC
  5
52A
330
527
100
AcDbEntity
  8
FD_Dimensions
 62
0
370
-2
440
16777216
100
AcDbCircle
 10
197.159236
 20
117.965875
 30
0.0
 40
32.71063025198034
100
AcDbArc
 50
94.380054
 51
98.760108
  0
ARC
  5
52B
330
527
100
AcDbEntity
  8
FD_Dimensions
 62
0
370
-2
440
16777216
100
AcDbCircle
 10
197.159236
 20
117.965875
 30
0.0
 40
32.71063025198034
100
AcDbArc
 50
67.999997
 51
90.0
  0
SOLID
  5
52C
330
527
100
AcDbEntity
  8
FD_Dimensions
 62
0
440
16777216
100
AcDbTrace
 10
211.522599
 20
146.890152
 30
0.0
 11
211.864069
 21
147.650311
 31
0.0
 12
209.412856
 22
148.294642
 32
0.0
 13
209.412856
 23
148.294642
 33
0.0
  0
SOLID
  5
52D
330
527
100
AcDbEntity
  8
FD_Dimensions
 62
0
440
16777216
100
AcDbTrace
 10
194.64514
 20
150.997333
 30
0.0
 11
194.676985
 21
150.164608
 31
0.0
 12
197.159236
 22
150.676505
 32
0.0
 13
197.159236
 23
150.676505
 33
0.0
  0
MTEXT
  5
52E
330
527
100
AcDbEntity
  8
FD_Dimensions
 62
0
440
16777216
100
AcDbMText
 10
203.835083
 20
152.310126
 30
0.0
 40
2.5
 41
0.0
 46
0.0
 71
5
  1
22.00\U+00B0
 11
0.981627
 21
-0.190809
 31
0.0
  0
POINT
  5
52F
330
527
100
AcDbEntity
  8
Defpoints
 62
0
440
16777216
100
AcDbPoint
 10
205.441411
 20
149.610636
 30
0.0
  0
POINT
  5
530
330
527
100
AcDbEntity
  8
Defpoints
 62
0
440
16777216
100
AcDbPoint
 10
197.159236
 20
158.502912
 30
0.0
  0
POINT
  5
531
330
527
100
AcDbEntity
  8
Defpoints
 62
0
440
16777216
100
AcDbPoint
 10
223.279237
 20
182.615134
 30
0.0
  0
POINT
  5
532
330
527
100
AcDbEntity
  8
Defpoints
 62
0
440
16777216
100
AcDbPoint
 10
203.806854
 20
134.419304
 30
0.0
  0
POINT
  5
533
330
527
100
AcDbEntity
  8
Defpoints
 62
0
440
16777216
100
AcDbPoint
 10
197.159236
 20
68.842066
 30
0.0
  0
ENDBLK
  5
534
330
527
100
AcDbEntity
  8
0
100
AcDbBlockEnd
  0
BLOCK
  5
537
330
536
100
AcDbEntity
  8
0
100
AcDbBlockBegin
  2
*D46
 70
1
 10
0.0
 20
0.0
 30
0.0
  3
*D46
  1

  0
LINE
  5
538
330
536
100
AcDbEntity
  8
FD_Dimensions
 62
0
370
-2
440
16777216
100
AcDbLine
 10
115.045542
 20
27.076236
 30
0.0
 11
102.331032
 21
31.236696
 31
0.0
  0
MTEXT
  5
539
330
536
100
AcDbEntity
  8
FD_Dimensions
 62
0
440
16777216
100
AcDbMText
 10
110.58426
 20
30.93127
 30
0.0
 40
2.5
 41
0.0
 46
0.0
 71
5
  1
R2.00
 11
0.950412
 21
-0.310995
 31
0.0
  0
LINE
  5
53A
330
536
100
AcDbEntity
  8
FD_Dimensions
 62
0
370
-2
440
16777216
100
AcDbLine
 10
98.05418
 20
32.636174
 30
0.0
 11
99.955003
 21
32.014183
 31
0.0
  0
SOLID
  5
53B
330
536
100
AcDbEntity
  8
FD_Dimensions
 62
0
440
16777216
100
AcDbTrace
 10
102.460613
 20
31.632701
 30
0.0
 11
102.201451
 21
30.840691
 31
0.0
 12
99.955003
 22
32.014183
 32
0.0
 13
99.955003
 23
32.014183
 33
0.0
  0
POINT
  5
53C
330
536
100
AcDbEntity
  8
Defpoints
 62
0
440
16777216
100
AcDbPoint
 10
99.955003
 20
32.014183
 30
0.0
  0
POINT
  5
53D
330
536
100
AcDbEntity
  8
Defpoints
 62
0
440
16777216
100
AcDbPoint
 10
98.05418
 20
32.636174
 30
0.0
  0
ENDBLK
  5
53E
330
536
100
AcDbEntity
  8
0
100
AcDbBlockEnd
  0
BLOCK
  5
541
330
540
100
AcDbEntity
  8
0
100
AcDbBlockBegin
  2
*D47
 70
1
 10
0.0
 20
0.0
 30
0.0
  3
*D47
  1

  0
LINE
  5
542
330
540
100
AcDbEntity
  8
FD_Dimensions
 62
0
370
-2
440
16777216
100
AcDbLine
 10
105.951267
 20
9.862366
 30
0.0
 11
98.120894
 21
26.726271
 31
0.0
  0
MTEXT
  5
543
330
540
100
AcDbEntity
  8
FD_Dimensions
 62
0
440
16777216
100
AcDbMText
 10
105.725407
 20
15.754166
 30
0.0
 40
2.5
 41
0.0
 46
0.0
 71
5
  1
R2.00
 11
0.421142
 21
-0.906995
 31
0.0
  0
LINE
  5
544
330
540
100
AcDbEntity
  8
FD_Dimensions
 62
0
370
-2
440
16777216
100
AcDbLine
 10
96.225753
 20
30.807746
 30
0.0
 11
97.068038
 21
28.993757
 31
0.0
  0
SOLID
  5
545
330
540
100
AcDbEntity
  8
FD_Dimensions
 62
0
440
16777216
100
AcDbTrace
 10
98.498808
 20
26.901747
 30
0.0
 11
97.74298
 21
26.550795
 31
0.0
 12
97.068038
 22
28.993757
 32
0.0
 13
97.068038
 23
28.993757
 33
0.0
  0
POINT
  5
546
330
540
100
AcDbEntity
  8
Defpoints
 62
0
440
16777216
100
AcDbPoint
 10
97.068038
 20
28.993757
 30
0.0
  0
POINT
  5
547
330
540
100
AcDbEntity
  8
Defpoints
 62
0
440
16777216
100
AcDbPoint
 10
96.225753
 20
30.807746
 30
0.0
  0
ENDBLK
  5
548
330
540
100
AcDbEntity
  8
0
100
AcDbBlockEnd
  0
BLOCK
  5
54B
330
54A
100
AcDbEntity
  8
0
100
AcDbBlockBegin
  2
*D48
 70
1
 10
0.0
 20
0.0
 30
0.0
  3
*D48
  1

  0
LINE
  5
54C
330
54A
100
AcDbEntity
  8
FD_Dimensions
 62
0
370
-2
440
16777216
100
AcDbLine
 10
32.779246
 20
70.456969
 30
0.0
 11
32.779246
 21
63.556969
 31
0.0
  0
LINE
  5
54D
330
54A
100
AcDbEntity
  8
FD_Dimensions
 62
0
370
-2
440
16777216
100
AcDbLine
 10
34.279246
 20
70.456969
 30
0.0
 11
34.279246
 21
63.556969
 31
0.0
  0
LINE
  5
54E
330
54A
100
AcDbEntity
  8
FD_Dimensions
 62
0
370
-2
440
16777216
100
AcDbLine
 10
30.279246
 20
65.056969
 30
0.0
 11
27.779246
 21
65.056969
 31
0.0
  0
LINE
  5
54F
330
54A
100
AcDbEntity
  8
FD_Dimensions
 62
0
370
-2
440
16777216
100
AcDbLine
 10
36.779246
 20
65.056969
 30
0.0
 11
47.529246
 21
65.056969
 31
0.0
  0
LINE
  5
550
330
54A
100
AcDbEntity
  8
FD_Dimensions
 62
0
370
-2
440
16777216
100
AcDbLine
 10
32.779246
 20
65.056969
 30
0.0
 11
34.279246
 21
65.056969
 31
0.0
  0
SOLID
  5
551
330
54A
100
AcDbEntity
  8
FD_Dimensions
 62
0
440
16777216
100
AcDbTrace
 10
30.279246
 20
65.473636
 30
0.0
 11
30.279246
 21
64.640302
 31
0.0
 12
32.779246
 22
65.056969
 32
0.0
 13
32.779246
 23
65.056969
 33
0.0
  0
SOLID
  5
552
330
54A
100
AcDbEntity
  8
FD_Dimensions
 62
0
440
16777216
100
AcDbTrace
 10
36.779246
 20
65.473636
 30
0.0
 11
36.779246
 21
64.640302
 31
0.0
 12
34.279246
 22
65.056969
 32
0.0
 13
34.279246
 23
65.056969
 33
0.0
  0
MTEXT
  5
553
330
54A
100
AcDbEntity
  8
FD_Dimensions
 62
0
440
16777216
100
AcDbMText
 10
43.404246
 20
67.333401
 30
0.0
 40
2.5
 41
0.0
 46
0.0
 71
5
  1
1.50
  0
POINT
  5
554
330
54A
100
AcDbEntity
  8
Defpoints
 62
0
440
16777216
100
AcDbPoint
 10
32.779246
 20
72.556969
 30
0.0
  0
POINT
  5
555
330
54A
100
AcDbEntity
  8
Defpoints
 62
0
440
16777216
100
AcDbPoint
 10
34.279246
 20
72.556969
 30
0.0
  0
POINT
  5
556
330
54A
100
AcDbEntity
  8
Defpoints
 62
0
440
16777216
100
AcDbPoint
 10
34.279246
 20
65.056969
 30
0.0
  0
ENDBLK
  5
557
330
54A
100
AcDbEntity
  8
0
100
AcDbBlockEnd
  0
BLOCK
  5
55A
330
559
100
AcDbEntity
  8
0
100
AcDbBlockBegin
  2
*D49
 70
1
 10
0.0
 20
0.0
 30
0.0
  3
*D49
  1

  0
LINE
  5
55B
330
559
100
AcDbEntity
  8
FD_Dimensions
 62
0
370
-2
440
16777216
100
AcDbLine
 10
32.779246
 20
146.656969
 30
0.0
 11
32.779246
 21
148.773569
 31
0.0
  0
LINE
  5
55C
330
559
100
AcDbEntity
  8
FD_Dimensions
 62
0
370
-2
440
16777216
100
AcDbLine
 10
34.779246
 20
146.656969
 30
0.0
 11
34.779246
 21
148.773569
 31
0.0
  0
LINE
  5
55D
330
559
100
AcDbEntity
  8
FD_Dimensions
 62
0
370
-2
440
16777216
100
AcDbLine
 10
30.279246
 20
147.273569
 30
0.0
 11
27.779246
 21
147.273569
 31
0.0
  0
LINE
  5
55E
330
559
100
AcDbEntity
  8
FD_Dimensions
 62
0
370
-2
440
16777216
100
AcDbLine
 10
37.279246
 20
147.273569
 30
0.0
 11
48.307214
 21
147.273569
 31
0.0
  0
LINE
  5
55F
330
559
100
AcDbEntity
  8
FD_Dimensions
 62
0
370
-2
440
16777216
100
AcDbLine
 10
32.779246
 20
147.273569
 30
0.0
 11
34.779246
 21
147.273569
 31
0.0
  0
SOLID
  5
560
330
559
100
AcDbEntity
  8
FD_Dimensions
 62
0
440
16777216
100
AcDbTrace
 10
30.279246
 20
147.690236
 30
0.0
 11
30.279246
 21
146.856902
 31
0.0
 12
32.779246
 22
147.273569
 32
0.0
 13
32.779246
 23
147.273569
 33
0.0
  0
SOLID
  5
561
330
559
100
AcDbEntity
  8
FD_Dimensions
 62
0
440
16777216
100
AcDbTrace
 10
37.279246
 20
147.690236
 30
0.0
 11
37.279246
 21
146.856902
 31
0.0
 12
34.779246
 22
147.273569
 32
0.0
 13
34.779246
 23
147.273569
 33
0.0
  0
MTEXT
  5
562
330
559
100
AcDbEntity
  8
FD_Dimensions
 62
0
440
16777216
100
AcDbMText
 10
44.04323
 20
149.550001
 30
0.0
 40
2.5
 41
0.0
 46
0.0
 71
5
  1
2.00
  0
POINT
  5
563
330
559
100
AcDbEntity
  8
Defpoints
 62
0
440
16777216
100
AcDbPoint
 10
32.779246
 20
144.556969
 30
0.0
  0
POINT
  5
564
330
559
100
AcDbEntity
  8
Defpoints
 62
0
440
16777216
100
AcDbPoint
 10
34.779246
 20
144.556969
 30
0.0
  0
POINT
  5
565
330
559
100
AcDbEntity
  8
Defpoints
 62
0
440
16777216
100
AcDbPoint
 10
34.779246
 20
147.273569
 30
0.0
  0
ENDBLK
  5
566
330
559
100
AcDbEntity
  8
0
100
AcDbBlockEnd
  0
BLOCK
  5
569
330
568
100
AcDbEntity
  8
0
100
AcDbBlockBegin
  2
*D50
 70
1
 10
0.0
 20
0.0
 30
0.0
  3
*D50
  1

  0
LINE
  5
56A
330
568
100
AcDbEntity
  8
FD_Dimensions
 62
0
370
-2
440
16777216
100
AcDbLine
 10
265.464379
 20
144.556969
 30
0.0
 11
269.814046
 21
144.556969
 31
0.0
  0
LINE
  5
56B
330
568
100
AcDbEntity
  8
FD_Dimensions
 62
0
370
-2
440
16777216
100
AcDbLine
 10
265.464379
 20
143.556969
 30
0.0
 11
269.814046
 21
143.556969
 31
0.0
  0
LINE
  5
56C
330
568
100
AcDbEntity
  8
FD_Dimensions
 62
0
370
-2
440
16777216
100
AcDbLine
 10
268.314046
 20
147.056969
 30
0.0
 11
268.314046
 21
149.556969
 31
0.0
  0
LINE
  5
56D
330
568
100
AcDbEntity
  8
FD_Dimensions
 62
0
370
-2
440
16777216
100
AcDbLine
 10
268.314046
 20
141.056969
 30
0.0
 11
268.314046
 21
130.306969
 31
0.0
  0
LINE
  5
56E
330
568
100
AcDbEntity
  8
FD_Dimensions
 62
0
370
-2
440
16777216
100
AcDbLine
 10
268.314046
 20
144.556969
 30
0.0
 11
268.314046
 21
143.556969
 31
0.0
  0
SOLID
  5
56F
330
568
100
AcDbEntity
  8
FD_Dimensions
 62
0
440
16777216
100
AcDbTrace
 10
267.897379
 20
147.056969
 30
0.0
 11
268.730713
 21
147.056969
 31
0.0
 12
268.314046
 22
144.556969
 32
0.0
 13
268.314046
 23
144.556969
 33
0.0
  0
SOLID
  5
570
330
568
100
AcDbEntity
  8
FD_Dimensions
 62
0
440
16777216
100
AcDbTrace
 10
267.897379
 20
141.056969
 30
0.0
 11
268.730713
 21
141.056969
 31
0.0
 12
268.314046
 22
143.556969
 32
0.0
 13
268.314046
 23
143.556969
 33
0.0
  0
MTEXT
  5
571
330
568
100
AcDbEntity
  8
FD_Dimensions
 62
0
440
16777216
100
AcDbMText
 10
266.037614
 20
134.431969
 30
0.0
 40
2.5
 41
0.0
 46
0.0
 71
5
  1
1.00
 11
0.0
 21
1.0
 31
0.0
  0
POINT
  5
572
330
568
100
AcDbEntity
  8
Defpoints
 62
0
440
16777216
100
AcDbPoint
 10
263.364379
 20
144.556969
 30
0.0
  0
POINT
  5
573
330
568
100
AcDbEntity
  8
Defpoints
 62
0
440
16777216
100
AcDbPoint
 10
263.364379
 20
143.556969
 30
0.0
  0
POINT
  5
574
330
568
100
AcDbEntity
  8
Defpoints
 62
0
440
16777216
100
AcDbPoint
 10
268.314046
 20
143.556969
 30
0.0
  0
ENDBLK
  5
575
330
568
100
AcDbEntity
  8
0
100
AcDbBlockEnd
  0
BLOCK
  5
578
330
577
100
AcDbEntity
  8
0
100
AcDbBlockBegin
  2
*D51
 70
1
 10
0.0
 20
0.0
 30
0.0
  3
*D51
  1

  0
LINE
  5
579
330
577
100
AcDbEntity
  8
FD_Dimensions
 62
0
370
-2
440
16777216
100
AcDbLine
 10
194.239236
 20
96.486969
 30
0.0
 11
194.239236
 21
101.190964
 31
0.0
  0
LINE
  5
57A
330
577
100
AcDbEntity
  8
FD_Dimensions
 62
0
370
-2
440
16777216
100
AcDbLine
 10
203.339236
 20
96.486969
 30
0.0
 11
203.339236
 21
101.190964
 31
0.0
  0
LINE
  5
57B
330
577
100
AcDbEntity
  8
FD_Dimensions
 62
0
370
-2
440
16777216
100
AcDbLine
 10
196.739236
 20
99.690964
 30
0.0
 11
200.839236
 21
99.690964
 31
0.0
  0
SOLID
  5
57C
330
577
100
AcDbEntity
  8
FD_Dimensions
 62
0
440
16777216
100
AcDbTrace
 10
196.739236
 20
100.107631
 30
0.0
 11
196.739236
 21
99.274298
 31
0.0
 12
194.239236
 22
99.690964
 32
0.0
 13
194.239236
 23
99.690964
 33
0.0
  0
SOLID
  5
57D
330
577
100
AcDbEntity
  8
FD_Dimensions
 62
0
440
16777216
100
AcDbTrace
 10
200.839236
 20
100.107631
 30
0.0
 11
200.839236
 21
99.274298
 31
0.0
 12
203.339236
 22
99.690964
 32
0.0
 13
203.339236
 23
99.690964
 33
0.0
  0
MTEXT
  5
57E
330
577
100
AcDbEntity
  8
FD_Dimensions
 62
0
440
16777216
100
AcDbMText
 10
198.789236
 20
101.967397
 30
0.0
 40
2.5
 41
0.0
 46
0.0
 71
5
  1
9.10
  0
POINT
  5
57F
330
577
100
AcDbEntity
  8
Defpoints
 62
0
440
16777216
100
AcDbPoint
 10
194.239236
 20
94.386969
 30
0.0
  0
POINT
  5
580
330
577
100
AcDbEntity
  8
Defpoints
 62
0
440
16777216
100
AcDbPoint
 10
203.339236
 20
94.386969
 30
0.0
  0
POINT
  5
581
330
577
100
AcDbEntity
  8
Defpoints
 62
0
440
16777216
100
AcDbPoint
 10
203.339236
 20
99.690964
 30
0.0
  0
ENDBLK
  5
582
330
577
100
AcDbEntity
  8
0
100
AcDbBlockEnd
  0
BLOCK
  5
585
330
584
100
AcDbEntity
  8
0
100
AcDbBlockBegin
  2
*D52
 70
1
 10
0.0
 20
0.0
 30
0.0
  3
*D52
  1

  0
LINE
  5
586
330
584
100
AcDbEntity
  8
FD_Dimensions
 62
0
370
-2
440
16777216
100
AcDbLine
 10
217.864939
 20
180.159094
 30
0.0
 11
194.107179
 21
189.757854
 31
0.0
  0
LINE
  5
587
330
584
100
AcDbEntity
  8
FD_Dimensions
 62
0
370
-2
440
16777216
100
AcDbLine
 10
198.509109
 20
193.571103
 30
0.0
 11
196.049355
 21
194.564908
 31
0.0
  0
LINE
  5
588
330
584
100
AcDbEntity
  8
FD_Dimensions
 62
0
370
-2
440
16777216
100
AcDbLine
 10
198.376647
 20
196.320957
 30
0.0
 11
199.313164
 21
198.638917
 31
0.0
  0
LINE
  5
589
330
584
100
AcDbEntity
  8
FD_Dimensions
 62
0
370
-2
440
16777216
100
AcDbLine
 10
194.561438
 20
186.877984
 30
0.0
 11
190.441148
 21
176.679911
 31
0.0
  0
LINE
  5
58A
330
584
100
AcDbEntity
  8
FD_Dimensions
 62
0
370
-2
440
16777216
100
AcDbLine
 10
197.440131
 20
194.002998
 30
0.0
 11
195.497954
 21
189.195944
 31
0.0
  0
SOLID
  5
58B
330
584
100
AcDbEntity
  8
FD_Dimensions
 62
0
440
16777216
100
AcDbTrace
 10
197.990321
 20
196.477044
 30
0.0
 11
198.762974
 21
196.164871
 31
0.0
 12
197.440131
 22
194.002998
 32
0.0
 13
197.440131
 23
194.002998
 33
0.0
  0
SOLID
  5
58C
330
584
100
AcDbEntity
  8
FD_Dimensions
 62
0
440
16777216
100
AcDbTrace
 10
194.175111
 20
187.03407
 30
0.0
 11
194.947764
 21
186.721898
 31
0.0
 12
195.497954
 22
189.195944
 32
0.0
 13
195.497954
 23
189.195944
 33
0.0
  0
MTEXT
  5
58D
330
584
100
AcDbEntity
  8
FD_Dimensions
 62
0
440
16777216
100
AcDbMText
 10
189.922363
 20
181.472734
 30
0.0
 40
2.5
 41
0.0
 46
0.0
 71
5
  1
5.18
 11
0.374607
 21
0.927184
 31
0.0
  0
POINT
  5
58E
330
584
100
AcDbEntity
  8
Defpoints
 62
0
440
16777216
100
AcDbPoint
 10
219.812025
 20
179.37242
 30
0.0
  0
POINT
  5
58F
330
584
100
AcDbEntity
  8
Defpoints
 62
0
440
16777216
100
AcDbPoint
 10
200.456195
 20
192.784429
 30
0.0
  0
POINT
  5
590
330
584
100
AcDbEntity
  8
Defpoints
 62
0
440
16777216
100
AcDbPoint
 10
197.440131
 20
194.002998
 30
0.0
  0
ENDBLK
  5
591
330
584
100
AcDbEntity
  8
0
100
AcDbBlockEnd
  0
BLOCK
  5
594
330
593
100
AcDbEntity
  8
0
100
AcDbBlockBegin
  2
*D53
 70
1
 10
0.0
 20
0.0
 30
0.0
  3
*D53
  1

  0
LINE
  5
595
330
593
100
AcDbEntity
  8
FD_Dimensions
 62
0
370
-2
440
16777216
100
AcDbLine
 10
193.322601
 20
169.137706
 30
0.0
 11
214.647314
 21
176.013674
 31
0.0
  0
MTEXT
  5
596
330
593
100
AcDbEntity
  8
FD_Dimensions
 62
0
440
16777216
100
AcDbMText
 10
197.800509
 20
172.973414
 30
0.0
 40
2.5
 41
0.0
 46
0.0
 71
5
  1
R2.10
 11
0.951747
 21
0.306883
 31
0.0
  0
LINE
  5
597
330
593
100
AcDbEntity
  8
FD_Dimensions
 62
0
370
-2
440
16777216
100
AcDbLine
 10
219.025351
 20
177.425334
 30
0.0
 11
217.026682
 21
176.78088
 31
0.0
  0
SOLID
  5
598
330
593
100
AcDbEntity
  8
FD_Dimensions
 62
0
440
16777216
100
AcDbTrace
 10
214.519446
 20
176.410235
 30
0.0
 11
214.775181
 21
175.617112
 31
0.0
 12
217.026682
 22
176.78088
 32
0.0
 13
217.026682
 23
176.78088
 33
0.0
  0
POINT
  5
599
330
593
100
AcDbEntity
  8
Defpoints
 62
0
440
16777216
100
AcDbPoint
 10
217.026682
 20
176.78088
 30
0.0
  0
POINT
  5
59A
330
593
100
AcDbEntity
  8
Defpoints
 62
0
440
16777216
100
AcDbPoint
 10
219.025351
 20
177.425334
 30
0.0
  0
ENDBLK
  5
59B
330
593
100
AcDbEntity
  8
0
100
AcDbBlockEnd
  0
BLOCK
  5
59E
330
59D
100
AcDbEntity
  8
0
100
AcDbBlockBegin
  2
*D54
 70
1
 10
0.0
 20
0.0
 30
0.0
  3
*D54
  1

  0
LINE
  5
59F
330
59D
100
AcDbEntity
  8
FD_Dimensions
 62
0
370
-2
440
16777216
100
AcDbLine
 10
225.467847
 20
177.087319
 30
0.0
 11
229.646803
 21
175.398911
 31
0.0
  0
LINE
  5
5A0
330
59D
100
AcDbEntity
  8
FD_Dimensions
 62
0
370
-2
440
16777216
100
AcDbLine
 10
223.894499
 20
173.193147
 30
0.0
 11
228.073456
 21
171.504739
 31
0.0
  0
LINE
  5
5A1
330
59D
100
AcDbEntity
  8
FD_Dimensions
 62
0
370
-2
440
16777216
100
AcDbLine
 10
229.192544
 20
178.27878
 30
0.0
 11
230.129061
 21
180.59674
 31
0.0
  0
LINE
  5
5A2
330
59D
100
AcDbEntity
  8
FD_Dimensions
 62
0
370
-2
440
16777216
100
AcDbLine
 10
225.746163
 20
169.748689
 30
0.0
 11
218.705246
 21
152.32181
 31
0.0
  0
LINE
  5
5A3
330
59D
100
AcDbEntity
  8
FD_Dimensions
 62
0
370
-2
440
16777216
100
AcDbLine
 10
228.256028
 20
175.960821
 30
0.0
 11
226.68268
 21
172.066649
 31
0.0
  0
SOLID
  5
5A4
330
59D
100
AcDbEntity
  8
FD_Dimensions
 62
0
440
16777216
100
AcDbTrace
 10
228.806218
 20
178.434866
 30
0.0
 11
229.578871
 21
178.122694
 31
0.0
 12
228.256028
 22
175.960821
 32
0.0
 13
228.256028
 23
175.960821
 33
0.0
  0
SOLID
  5
5A5
330
59D
100
AcDbEntity
  8
FD_Dimensions
 62
0
440
16777216
100
AcDbTrace
 10
225.359837
 20
169.904775
 30
0.0
 11
226.13249
 21
169.592603
 31
0.0
 12
226.68268
 22
172.066649
 32
0.0
 13
226.68268
 23
172.066649
 33
0.0
  0
MTEXT
  5
5A6
330
59D
100
AcDbEntity
  8
FD_Dimensions
 62
0
440
16777216
100
AcDbMText
 10
218.202751
 20
157.154953
 30
0.0
 40
2.5
 41
0.0
 46
0.0
 71
5
  1
4.20
 11
0.374607
 21
0.927184
 31
0.0
  0
POINT
  5
5A7
330
59D
100
AcDbEntity
  8
Defpoints
 62
0
440
16777216
100
AcDbPoint
 10
223.520761
 20
177.873993
 30
0.0
  0
POINT
  5
5A8
330
59D
100
AcDbEntity
  8
Defpoints
 62
0
440
16777216
100
AcDbPoint
 10
221.947413
 20
173.979821
 30
0.0
  0
POINT
  5
5A9
330
59D
100
AcDbEntity
  8
Defpoints
 62
0
440
16777216
100
AcDbPoint
 10
226.68268
 20
172.066649
 30
0.0
  0
ENDBLK
  5
5AA
330
59D
100
AcDbEntity
  8
0
100
AcDbBlockEnd
  0
BLOCK
  5
5AD
330
5AC
100
AcDbEntity
  8
0
100
AcDbBlockBegin
  2
*D55
 70
1
 10
0.0
 20
0.0
 30
0.0
  3
*D55
  1

  0
LINE
  5
5AE
330
5AC
100
AcDbEntity
  8
FD_Dimensions
 62
0
370
-2
440
16777216
100
AcDbLine
 10
217.864939
 20
180.159094
 30
0.0
 11
222.561907
 21
191.784495
 31
0.0
  0
LINE
  5
5AF
330
5AC
100
AcDbEntity
  8
FD_Dimensions
 62
0
370
-2
440
16777216
100
AcDbLine
 10
225.467847
 20
177.087319
 30
0.0
 11
230.164815
 21
188.71272
 31
0.0
  0
LINE
  5
5B0
330
5AC
100
AcDbEntity
  8
FD_Dimensions
 62
0
370
-2
440
16777216
100
AcDbLine
 10
224.317957
 20
189.457203
 30
0.0
 11
227.284945
 21
188.258461
 31
0.0
  0
LINE
  5
5B1
330
5AC
100
AcDbEntity
  8
FD_Dimensions
 62
0
370
-2
440
16777216
100
AcDbLine
 10
229.602905
 20
187.321945
 30
0.0
 11
239.791491
 21
183.205488
 31
0.0
  0
SOLID
  5
5B2
330
5AC
100
AcDbEntity
  8
FD_Dimensions
 62
0
440
16777216
100
AcDbTrace
 10
224.474043
 20
189.843529
 30
0.0
 11
224.161871
 21
189.070876
 31
0.0
 12
221.999997
 22
190.393719
 32
0.0
 13
221.999997
 23
190.393719
 33
0.0
  0
SOLID
  5
5B3
330
5AC
100
AcDbEntity
  8
FD_Dimensions
 62
0
440
16777216
100
AcDbTrace
 10
227.441031
 20
188.644788
 30
0.0
 11
227.128859
 21
187.872135
 31
0.0
 12
229.602905
 22
187.321945
 32
0.0
 13
229.602905
 23
187.321945
 33
0.0
  0
MTEXT
  5
5B4
330
5AC
100
AcDbEntity
  8
FD_Dimensions
 62
0
440
16777216
100
AcDbMText
 10
236.708944
 20
186.906129
 30
0.0
 40
2.5
 41
0.0
 46
0.0
 71
5
  1
8.20
 11
0.927184
 21
-0.374607
 31
0.0
  0
POINT
  5
5B5
330
5AC
100
AcDbEntity
  8
Defpoints
 62
0
440
16777216
100
AcDbPoint
 10
217.078265
 20
178.212008
 30
0.0
  0
POINT
  5
5B6
330
5AC
100
AcDbEntity
  8
Defpoints
 62
0
440
16777216
100
AcDbPoint
 10
224.681173
 20
175.140233
 30
0.0
  0
POINT
  5
5B7
330
5AC
100
AcDbEntity
  8
Defpoints
 62
0
440
16777216
100
AcDbPoint
 10
229.602905
 20
187.321945
 30
0.0
  0
ENDBLK
  5
5B8
330
5AC
100
AcDbEntity
  8
0
100
AcDbBlockEnd
  0
BLOCK
  5
5BB
330
5BA
100
AcDbEntity
  8
0
100
AcDbBlockBegin
  2
*D56
 70
1
 10
0.0
 20
0.0
 30
0.0
  3
*D56
  1

  0
LINE
  5
5BC
330
5BA
100
AcDbEntity
  8
FD_Dimensions
 62
0
370
-2
440
16777216
100
AcDbLine
 10
113.15418
 20
120.556969
 30
0.0
 11
153.028093
 21
120.556969
 31
0.0
  0
LINE
  5
5BD
330
5BA
100
AcDbEntity
  8
FD_Dimensions
 62
0
370
-2
440
16777216
100
AcDbLine
 10
107.323228
 20
71.556969
 30
0.0
 11
153.028093
 21
71.556969
 31
0.0
  0
LINE
  5
5BE
330
5BA
100
AcDbEntity
  8
FD_Dimensions
 62
0
370
-2
440
16777216
100
AcDbLine
 10
151.528093
 20
118.056969
 30
0.0
 11
151.528093
 21
74.056969
 31
0.0
  0
SOLID
  5
5BF
330
5BA
100
AcDbEntity
  8
FD_Dimensions
 62
0
440
16777216
100
AcDbTrace
 10
151.111427
 20
118.056969
 30
0.0
 11
151.94476
 21
118.056969
 31
0.0
 12
151.528093
 22
120.556969
 32
0.0
 13
151.528093
 23
120.556969
 33
0.0
  0
SOLID
  5
5C0
330
5BA
100
AcDbEntity
  8
FD_Dimensions
 62
0
440
16777216
100
AcDbTrace
 10
151.111427
 20
74.056969
 30
0.0
 11
151.94476
 21
74.056969
 31
0.0
 12
151.528093
 22
71.556969
 32
0.0
 13
151.528093
 23
71.556969
 33
0.0
  0
MTEXT
  5
5C1
330
5BA
100
AcDbEntity
  8
FD_Dimensions
 62
0
440
16777216
100
AcDbMText
 10
149.251661
 20
96.056969
 30
0.0
 40
2.5
 41
0.0
 46
0.0
 71
5
  1
49.00
 11
0.0
 21
1.0
 31
0.0
  0
POINT
  5
5C2
330
5BA
100
AcDbEntity
  8
Defpoints
 62
0
440
16777216
100
AcDbPoint
 10
111.05418
 20
120.556969
 30
0.0
  0
POINT
  5
5C3
330
5BA
100
AcDbEntity
  8
Defpoints
 62
0
440
16777216
100
AcDbPoint
 10
105.223228
 20
71.556969
 30
0.0
  0
POINT
  5
5C4
330
5BA
100
AcDbEntity
  8
Defpoints
 62
0
440
16777216
100
AcDbPoint
 10
151.528093
 20
71.556969
 30
0.0
  0
ENDBLK
  5
5C5
330
5BA
100
AcDbEntity
  8
0
100
AcDbBlockEnd
  0
BLOCK
  5
5C8
330
5C7
100
AcDbEntity
  8
0
100
AcDbBlockBegin
  2
*D57
 70
1
 10
0.0
 20
0.0
 30
0.0
  3
*D57
  1

  0
LINE
  5
5C9
330
5C7
100
AcDbEntity
  8
FD_Dimensions
 62
0
370
-2
440
16777216
100
AcDbLine
 10
93.75418
 20
101.556969
 30
0.0
 11
79.307359
 21
101.556969
 31
0.0
  0
LINE
  5
5CA
330
5C7
100
AcDbEntity
  8
FD_Dimensions
 62
0
370
-2
440
16777216
100
AcDbLine
 10
86.207359
 20
99.056969
 30
0.0
 11
79.307359
 21
99.056969
 31
0.0
  0
LINE
  5
5CB
330
5C7
100
AcDbEntity
  8
FD_Dimensions
 62
0
370
-2
440
16777216
100
AcDbLine
 10
80.807359
 20
104.056969
 30
0.0
 11
80.807359
 21
106.556969
 31
0.0
  0
LINE
  5
5CC
330
5C7
100
AcDbEntity
  8
FD_Dimensions
 62
0
370
-2
440
16777216
100
AcDbLine
 10
80.807359
 20
96.556969
 30
0.0
 11
80.807359
 21
85.529002
 31
0.0
  0
LINE
  5
5CD
330
5C7
100
AcDbEntity
  8
FD_Dimensions
 62
0
370
-2
440
16777216
100
AcDbLine
 10
80.807359
 20
101.556969
 30
0.0
 11
80.807359
 21
99.056969
 31
0.0
  0
SOLID
  5
5CE
330
5C7
100
AcDbEntity
  8
FD_Dimensions
 62
0
440
16777216
100
AcDbTrace
 10
80.390692
 20
104.056969
 30
0.0
 11
81.224025
 21
104.056969
 31
0.0
 12
80.807359
 22
101.556969
 32
0.0
 13
80.807359
 23
101.556969
 33
0.0
  0
SOLID
  5
5CF
330
5C7
100
AcDbEntity
  8
FD_Dimensions
 62
0
440
16777216
100
AcDbTrace
 10
80.390692
 20
96.556969
 30
0.0
 11
81.224025
 21
96.556969
 31
0.0
 12
80.807359
 22
99.056969
 32
0.0
 13
80.807359
 23
99.056969
 33
0.0
  0
MTEXT
  5
5D0
330
5C7
100
AcDbEntity
  8
FD_Dimensions
 62
0
440
16777216
100
AcDbMText
 10
78.530926
 20
89.792985
 30
0.0
 40
2.5
 41
0.0
 46
0.0
 71
5
  1
2.50
 11
0.0
 21
1.0
 31
0.0
  0
POINT
  5
5D1
330
5C7
100
AcDbEntity
  8
Defpoints
 62
0
440
16777216
100
AcDbPoint
 10
95.85418
 20
101.556969
 30
0.0
  0
POINT
  5
5D2
330
5C7
100
AcDbEntity
  8
Defpoints
 62
0
440
16777216
100
AcDbPoint
 10
88.307359
 20
99.056969
 30
0.0
  0
POINT
  5
5D3
330
5C7
100
AcDbEntity
  8
Defpoints
 62
0
440
16777216
100
AcDbPoint
 10
80.807359
 20
99.056969
 30
0.0
  0
ENDBLK
  5
5D4
330
5C7
100
AcDbEntity
  8
0
100
AcDbBlockEnd
  0
BLOCK
  5
5F0
330
5EF
100
AcDbEntity
  8
0
100
AcDbBlockBegin
  2
*D59
 70
1
 10
0.0
 20
0.0
 30
0.0
  3
*D59
  1

  0
LINE
  5
110C
330
5EF
100
AcDbEntity
  8
FD_Dimensions
 62
0
370
-2
440
16777216
100
AcDbLine
 10
32.779246
 20
146.656969
 30
0.0
 11
32.779246
 21
153.556969
 31
0.0
  0
LINE
  5
110D
330
5EF
100
AcDbEntity
  8
FD_Dimensions
 62
0
370
-2
440
16777216
100
AcDbLine
 10
53.887896
 20
92.701762
 30
0.0
 11
53.887896
 21
153.556969
 31
0.0
  0
LINE
  5
110E
330
5EF
100
AcDbEntity
  8
FD_Dimensions
 62
0
370
-2
440
16777216
100
AcDbLine
 10
35.279246
 20
152.056969
 30
0.0
 11
51.387896
 21
152.056969
 31
0.0
  0
SOLID
  5
110F
330
5EF
100
AcDbEntity
  8
FD_Dimensions
 62
0
440
16777216
100
AcDbTrace
 10
35.279246
 20
152.473636
 30
0.0
 11
35.279246
 21
151.640302
 31
0.0
 12
32.779246
 22
152.056969
 32
0.0
 13
32.779246
 23
152.056969
 33
0.0
  0
SOLID
  5
1110
330
5EF
100
AcDbEntity
  8
FD_Dimensions
 62
0
440
16777216
100
AcDbTrace
 10
51.387896
 20
152.473636
 30
0.0
 11
51.387896
 21
151.640302
 31
0.0
 12
53.887896
 22
152.056969
 32
0.0
 13
53.887896
 23
152.056969
 33
0.0
  0
MTEXT
  5
1111
330
5EF
100
AcDbEntity
  8
FD_Dimensions
 62
0
440
16777216
100
AcDbMText
 10
43.333571
 20
154.312085
 30
0.0
 40
2.5
 41
0.0
 46
0.0
 71
5
  1
21.11
  0
POINT
  5
1112
330
5EF
100
AcDbEntity
  8
Defpoints
 62
0
440
16777216
100
AcDbPoint
 10
32.779246
 20
144.556969
 30
0.0
  0
POINT
  5
1113
330
5EF
100
AcDbEntity
  8
Defpoints
 62
0
440
16777216
100
AcDbPoint
 10
53.887896
 20
90.601762
 30
0.0
  0
POINT
  5
1114
330
5EF
100
AcDbEntity
  8
Defpoints
 62
0
440
16777216
100
AcDbPoint
 10
53.887896
 20
152.056969
 30
0.0
  0
ENDBLK
  5
5F1
330
5EF
100
AcDbEntity
  8
0
100
AcDbBlockEnd
  0
BLOCK
  5
5FC
330
5FB
100
AcDbEntity
  8
0
100
AcDbBlockBegin
  2
*D60
 70
1
 10
0.0
 20
0.0
 30
0.0
  3
*D60
  1

  0
LINE
  5
1115
330
5FB
100
AcDbEntity
  8
FD_Dimensions
 62
0
370
-2
440
16777216
100
AcDbLine
 10
125.561101
 20
124.856969
 30
0.0
 11
142.38324
 21
124.856969
 31
0.0
  0
LINE
  5
1116
330
5FB
100
AcDbEntity
  8
FD_Dimensions
 62
0
370
-2
440
16777216
100
AcDbLine
 10
125.89248
 20
124.056969
 30
0.0
 11
142.38324
 21
124.056969
 31
0.0
  0
LINE
  5
1117
330
5FB
100
AcDbEntity
  8
FD_Dimensions
 62
0
370
-2
440
16777216
100
AcDbLine
 10
140.88324
 20
127.356969
 30
0.0
 11
140.88324
 21
129.856969
 31
0.0
  0
LINE
  5
1118
330
5FB
100
AcDbEntity
  8
FD_Dimensions
 62
0
370
-2
440
16777216
100
AcDbLine
 10
140.88324
 20
121.556969
 30
0.0
 11
140.88324
 21
110.571635
 31
0.0
  0
LINE
  5
1119
330
5FB
100
AcDbEntity
  8
FD_Dimensions
 62
0
370
-2
440
16777216
100
AcDbLine
 10
140.88324
 20
124.856969
 30
0.0
 11
140.88324
 21
124.056969
 31
0.0
  0
SOLID
  5
111A
330
5FB
100
AcDbEntity
  8
FD_Dimensions
 62
0
440
16777216
100
AcDbTrace
 10
140.466573
 20
127.356969
 30
0.0
 11
141.299906
 21
127.356969
 31
0.0
 12
140.88324
 22
124.856969
 32
0.0
 13
140.88324
 23
124.856969
 33
0.0
  0
SOLID
  5
111B
330
5FB
100
AcDbEntity
  8
FD_Dimensions
 62
0
440
16777216
100
AcDbTrace
 10
140.466573
 20
121.556969
 30
0.0
 11
141.299906
 21
121.556969
 31
0.0
 12
140.88324
 22
124.056969
 32
0.0
 13
140.88324
 23
124.056969
 33
0.0
  0
MTEXT
  5
111C
330
5FB
100
AcDbEntity
  8
FD_Dimensions
 62
0
440
16777216
100
AcDbMText
 10
138.606807
 20
114.814302
 30
0.0
 40
2.5
 41
0.0
 46
0.0
 71
5
  1
0.80
 11
0.0
 21
1.0
 31
0.0
  0
POINT
  5
111D
330
5FB
100
AcDbEntity
  8
Defpoints
 62
0
440
16777216
100
AcDbPoint
 10
123.461101
 20
124.856969
 30
0.0
  0
POINT
  5
111E
330
5FB
100
AcDbEntity
  8
Defpoints
 62
0
440
16777216
100
AcDbPoint
 10
123.79248
 20
124.056969
 30
0.0
  0
POINT
  5
111F
330
5FB
100
AcDbEntity
  8
Defpoints
 62
0
440
16777216
100
AcDbPoint
 10
140.88324
 20
124.056969
 30
0.0
  0
ENDBLK
  5
5FD
330
5FB
100
AcDbEntity
  8
0
100
AcDbBlockEnd
  0
BLOCK
  5
60A
330
609
100
AcDbEntity
  8
0
100
AcDbBlockBegin
  2
*D61
 70
1
 10
0.0
 20
0.0
 30
0.0
  3
*D61
  1

  0
LINE
  5
1120
330
609
100
AcDbEntity
  8
FD_Dimensions
 62
0
370
-2
440
16777216
100
AcDbLine
 10
108.95418
 20
120.556969
 30
0.0
 11
71.4805
 21
120.556969
 31
0.0
  0
LINE
  5
1121
330
609
100
AcDbEntity
  8
FD_Dimensions
 62
0
370
-2
440
16777216
100
AcDbLine
 10
104.35418
 20
99.056969
 30
0.0
 11
71.4805
 21
99.056969
 31
0.0
  0
LINE
  5
1122
330
609
100
AcDbEntity
  8
FD_Dimensions
 62
0
370
-2
440
16777216
100
AcDbLine
 10
72.9805
 20
118.056969
 30
0.0
 11
72.9805
 21
101.556969
 31
0.0
  0
SOLID
  5
1123
330
609
100
AcDbEntity
  8
FD_Dimensions
 62
0
440
16777216
100
AcDbTrace
 10
72.563833
 20
118.056969
 30
0.0
 11
73.397166
 21
118.056969
 31
0.0
 12
72.9805
 22
120.556969
 32
0.0
 13
72.9805
 23
120.556969
 33
0.0
  0
SOLID
  5
1124
330
609
100
AcDbEntity
  8
FD_Dimensions
 62
0
440
16777216
100
AcDbTrace
 10
72.563833
 20
101.556969
 30
0.0
 11
73.397166
 21
101.556969
 31
0.0
 12
72.9805
 22
99.056969
 32
0.0
 13
72.9805
 23
99.056969
 33
0.0
  0
MTEXT
  5
1125
330
609
100
AcDbEntity
  8
FD_Dimensions
 62
0
440
16777216
100
AcDbMText
 10
70.704067
 20
109.806969
 30
0.0
 40
2.5
 41
0.0
 46
0.0
 71
5
  1
21.50
 11
0.0
 21
1.0
 31
0.0
  0
POINT
  5
1126
330
609
100
AcDbEntity
  8
Defpoints
 62
0
440
16777216
100
AcDbPoint
 10
111.05418
 20
120.556969
 30
0.0
  0
POINT
  5
1127
330
609
100
AcDbEntity
  8
Defpoints
 62
0
440
16777216
100
AcDbPoint
 10
106.45418
 20
99.056969
 30
0.0
  0
POINT
  5
1128
330
609
100
AcDbEntity
  8
Defpoints
 62
0
440
16777216
100
AcDbPoint
 10
72.9805
 20
99.056969
 30
0.0
  0
ENDBLK
  5
60B
330
609
100
AcDbEntity
  8
0
100
AcDbBlockEnd
  0
BLOCK
  5
616
330
615
100
AcDbEntity
  8
0
100
AcDbBlockBegin
  2
*D62
 70
1
 10
0.0
 20
0.0
 30
0.0
  3
*D62
  1

  0
LINE
  5
1129
330
615
100
AcDbEntity
  8
FD_Dimensions
 62
0
370
-2
440
16777216
100
AcDbLine
 10
126.25418
 20
99.456969
 30
0.0
 11
126.25418
 21
68.354603
 31
0.0
  0
LINE
  5
112A
330
615
100
AcDbEntity
  8
FD_Dimensions
 62
0
370
-2
440
16777216
100
AcDbLine
 10
123.24818
 20
89.639969
 30
0.0
 11
123.24818
 21
68.354603
 31
0.0
  0
LINE
  5
112B
330
615
100
AcDbEntity
  8
FD_Dimensions
 62
0
370
-2
440
16777216
100
AcDbLine
 10
120.74818
 20
69.854603
 30
0.0
 11
118.24818
 21
69.854603
 31
0.0
  0
LINE
  5
112C
330
615
100
AcDbEntity
  8
FD_Dimensions
 62
0
370
-2
440
16777216
100
AcDbLine
 10
128.75418
 20
69.854603
 30
0.0
 11
139.26373
 21
69.854603
 31
0.0
  0
LINE
  5
112D
330
615
100
AcDbEntity
  8
FD_Dimensions
 62
0
370
-2
440
16777216
100
AcDbLine
 10
123.24818
 20
69.854603
 30
0.0
 11
126.25418
 21
69.854603
 31
0.0
  0
SOLID
  5
112E
330
615
100
AcDbEntity
  8
FD_Dimensions
 62
0
440
16777216
100
AcDbTrace
 10
120.74818
 20
70.27127
 30
0.0
 11
120.74818
 21
69.437936
 31
0.0
 12
123.24818
 22
69.854603
 32
0.0
 13
123.24818
 23
69.854603
 33
0.0
  0
SOLID
  5
112F
330
615
100
AcDbEntity
  8
FD_Dimensions
 62
0
440
16777216
100
AcDbTrace
 10
128.75418
 20
70.27127
 30
0.0
 11
128.75418
 21
69.437936
 31
0.0
 12
126.25418
 22
69.854603
 32
0.0
 13
126.25418
 23
69.854603
 33
0.0
  0
MTEXT
  5
1130
330
615
100
AcDbEntity
  8
FD_Dimensions
 62
0
440
16777216
100
AcDbMText
 10
135.258955
 20
72.131888
 30
0.0
 40
2.5
 41
0.0
 46
0.0
 71
5
  1
3.01
  0
POINT
  5
1131
330
615
100
AcDbEntity
  8
Defpoints
 62
0
440
16777216
100
AcDbPoint
 10
126.25418
 20
101.556969
 30
0.0
  0
POINT
  5
1132
330
615
100
AcDbEntity
  8
Defpoints
 62
0
440
16777216
100
AcDbPoint
 10
123.24818
 20
91.739969
 30
0.0
  0
POINT
  5
1133
330
615
100
AcDbEntity
  8
Defpoints
 62
0
440
16777216
100
AcDbPoint
 10
123.24818
 20
69.854603
 30
0.0
  0
ENDBLK
  5
617
330
615
100
AcDbEntity
  8
0
100
AcDbBlockEnd
  0
BLOCK
  5
624
330
623
100
AcDbEntity
  8
0
100
AcDbBlockBegin
  2
*D63
 70
1
 10
0.0
 20
0.0
 30
0.0
  3
*D63
  1

  0
LINE
  5
1134
330
623
100
AcDbEntity
  8
FD_Dimensions
 62
0
370
-2
440
16777216
100
AcDbLine
 10
125.34818
 20
91.739969
 30
0.0
 11
143.381614
 21
91.739969
 31
0.0
  0
LINE
  5
1135
330
623
100
AcDbEntity
  8
FD_Dimensions
 62
0
370
-2
440
16777216
100
AcDbLine
 10
124.739967
 20
99.056969
 30
0.0
 11
143.381614
 21
99.056969
 31
0.0
  0
LINE
  5
1136
330
623
100
AcDbEntity
  8
FD_Dimensions
 62
0
370
-2
440
16777216
100
AcDbLine
 10
141.881614
 20
96.556969
 30
0.0
 11
141.881614
 21
94.239969
 31
0.0
  0
LINE
  5
1137
330
623
100
AcDbEntity
  8
FD_Dimensions
 62
0
370
-2
440
16777216
100
AcDbLine
 10
141.881614
 20
91.739969
 30
0.0
 11
141.881614
 21
80.792152
 31
0.0
  0
SOLID
  5
1138
330
623
100
AcDbEntity
  8
FD_Dimensions
 62
0
440
16777216
100
AcDbTrace
 10
141.464948
 20
96.556969
 30
0.0
 11
142.298281
 21
96.556969
 31
0.0
 12
141.881614
 22
99.056969
 32
0.0
 13
141.881614
 23
99.056969
 33
0.0
  0
SOLID
  5
1139
330
623
100
AcDbEntity
  8
FD_Dimensions
 62
0
440
16777216
100
AcDbTrace
 10
141.464948
 20
94.239969
 30
0.0
 11
142.298281
 21
94.239969
 31
0.0
 12
141.881614
 22
91.739969
 32
0.0
 13
141.881614
 23
91.739969
 33
0.0
  0
MTEXT
  5
113A
330
623
100
AcDbEntity
  8
FD_Dimensions
 62
0
440
16777216
100
AcDbMText
 10
139.604329
 20
85.01606
 30
0.0
 40
2.5
 41
0.0
 46
0.0
 71
5
  1
7.32
 11
0.0
 21
1.0
 31
0.0
  0
POINT
  5
113B
330
623
100
AcDbEntity
  8
Defpoints
 62
0
440
16777216
100
AcDbPoint
 10
123.24818
 20
91.739969
 30
0.0
  0
POINT
  5
113C
330
623
100
AcDbEntity
  8
Defpoints
 62
0
440
16777216
100
AcDbPoint
 10
122.639967
 20
99.056969
 30
0.0
  0
POINT
  5
113D
330
623
100
AcDbEntity
  8
Defpoints
 62
0
440
16777216
100
AcDbPoint
 10
141.881614
 20
99.056969
 30
0.0
  0
ENDBLK
  5
625
330
623
100
AcDbEntity
  8
0
100
AcDbBlockEnd
  0
BLOCK
  5
631
330
630
100
AcDbEntity
  8
0
100
AcDbBlockBegin
  2
*D64
 70
1
 10
0.0
 20
0.0
 30
0.0
  3
*D64
  1

  0
LINE
  5
113E
330
630
100
AcDbEntity
  8
FD_Dimensions
 62
0
370
-2
440
16777216
100
AcDbLine
 10
100.71218
 20
126.568969
 30
0.0
 11
100.71218
 21
154.259091
 31
0.0
  0
LINE
  5
113F
330
630
100
AcDbEntity
  8
FD_Dimensions
 62
0
370
-2
440
16777216
100
AcDbLine
 10
111.05418
 20
122.656969
 30
0.0
 11
111.05418
 21
154.259091
 31
0.0
  0
LINE
  5
1140
330
630
100
AcDbEntity
  8
FD_Dimensions
 62
0
370
-2
440
16777216
100
AcDbLine
 10
103.21218
 20
152.759091
 30
0.0
 11
108.55418
 21
152.759091
 31
0.0
  0
SOLID
  5
1141
330
630
100
AcDbEntity
  8
FD_Dimensions
 62
0
440
16777216
100
AcDbTrace
 10
103.21218
 20
153.175757
 30
0.0
 11
103.21218
 21
152.342424
 31
0.0
 12
100.71218
 22
152.759091
 32
0.0
 13
100.71218
 23
152.759091
 33
0.0
  0
SOLID
  5
1142
330
630
100
AcDbEntity
  8
FD_Dimensions
 62
0
440
16777216
100
AcDbTrace
 10
108.55418
 20
153.175757
 30
0.0
 11
108.55418
 21
152.342424
 31
0.0
 12
111.05418
 22
152.759091
 32
0.0
 13
111.05418
 23
152.759091
 33
0.0
  0
MTEXT
  5
1143
330
630
100
AcDbEntity
  8
FD_Dimensions
 62
0
440
16777216
100
AcDbMText
 10
105.88318
 20
155.036376
 30
0.0
 40
2.5
 41
0.0
 46
0.0
 71
5
  1
10.34
  0
POINT
  5
1144
330
630
100
AcDbEntity
  8
Defpoints
 62
0
440
16777216
100
AcDbPoint
 10
100.71218
 20
124.468969
 30
0.0
  0
POINT
  5
1145
330
630
100
AcDbEntity
  8
Defpoints
 62
0
440
16777216
100
AcDbPoint
 10
111.05418
 20
120.556969
 30
0.0
  0
POINT
  5
1146
330
630
100
AcDbEntity
  8
Defpoints
 62
0
440
16777216
100
AcDbPoint
 10
111.05418
 20
152.759091
 30
0.0
  0
ENDBLK
  5
632
330
630
100
AcDbEntity
  8
0
100
AcDbBlockEnd
  0
BLOCK
  5
63D
330
63C
100
AcDbEntity
  8
0
100
AcDbBlockBegin
  2
*D65
 70
1
 10
0.0
 20
0.0
 30
0.0
  3
*D65
  1

  0
LINE
  5
1147
330
63C
100
AcDbEntity
  8
FD_Dimensions
 62
0
370
-2
440
16777216
100
AcDbLine
 10
115.65418
 20
133.979878
 30
0.0
 11
115.65418
 21
152.410771
 31
0.0
  0
LINE
  5
1148
330
63C
100
AcDbEntity
  8
FD_Dimensions
 62
0
370
-2
440
16777216
100
AcDbLine
 10
116.45418
 20
133.678078
 30
0.0
 11
116.45418
 21
152.410771
 31
0.0
  0
LINE
  5
1149
330
63C
100
AcDbEntity
  8
FD_Dimensions
 62
0
370
-2
440
16777216
100
AcDbLine
 10
113.15418
 20
150.910771
 30
0.0
 11
110.65418
 21
150.910771
 31
0.0
  0
LINE
  5
114A
330
63C
100
AcDbEntity
  8
FD_Dimensions
 62
0
370
-2
440
16777216
100
AcDbLine
 10
118.95418
 20
150.910771
 30
0.0
 11
129.939515
 21
150.910771
 31
0.0
  0
LINE
  5
114B
330
63C
100
AcDbEntity
  8
FD_Dimensions
 62
0
370
-2
440
16777216
100
AcDbLine
 10
115.65418
 20
150.910771
 30
0.0
 11
116.45418
 21
150.910771
 31
0.0
  0
SOLID
  5
114C
330
63C
100
AcDbEntity
  8
FD_Dimensions
 62
0
440
16777216
100
AcDbTrace
 10
113.15418
 20
151.327437
 30
0.0
 11
113.15418
 21
150.494104
 31
0.0
 12
115.65418
 22
150.910771
 32
0.0
 13
115.65418
 23
150.910771
 33
0.0
  0
SOLID
  5
114D
330
63C
100
AcDbEntity
  8
FD_Dimensions
 62
0
440
16777216
100
AcDbTrace
 10
118.95418
 20
151.327437
 30
0.0
 11
118.95418
 21
150.494104
 31
0.0
 12
116.45418
 22
150.910771
 32
0.0
 13
116.45418
 23
150.910771
 33
0.0
  0
MTEXT
  5
114E
330
63C
100
AcDbEntity
  8
FD_Dimensions
 62
0
440
16777216
100
AcDbMText
 10
125.696847
 20
153.187203
 30
0.0
 40
2.5
 41
0.0
 46
0.0
 71
5
  1
0.80
  0
POINT
  5
114F
330
63C
100
AcDbEntity
  8
Defpoints
 62
0
440
16777216
100
AcDbPoint
 10
115.65418
 20
131.879878
 30
0.0
  0
POINT
  5
1150
330
63C
100
AcDbEntity
  8
Defpoints
 62
0
440
16777216
100
AcDbPoint
 10
116.45418
 20
131.578078
 30
0.0
  0
POINT
  5
1151
330
63C
100
AcDbEntity
  8
Defpoints
 62
0
440
16777216
100
AcDbPoint
 10
116.45418
 20
150.910771
 30
0.0
  0
ENDBLK
  5
63E
330
63C
100
AcDbEntity
  8
0
100
AcDbBlockEnd
  0
BLOCK
  5
64B
330
64A
100
AcDbEntity
  8
0
100
AcDbBlockBegin
  2
*D66
 70
1
 10
0.0
 20
0.0
 30
0.0
  3
*D66
  1

  0
LINE
  5
1152
330
64A
100
AcDbEntity
  8
FD_Dimensions
 62
0
370
-2
440
16777216
100
AcDbLine
 10
98.61218
 20
124.468969
 30
0.0
 11
82.481663
 21
124.468969
 31
0.0
  0
LINE
  5
1153
330
64A
100
AcDbEntity
  8
FD_Dimensions
 62
0
370
-2
440
16777216
100
AcDbLine
 10
108.95418
 20
120.556969
 30
0.0
 11
82.481663
 21
120.556969
 31
0.0
  0
LINE
  5
1154
330
64A
100
AcDbEntity
  8
FD_Dimensions
 62
0
370
-2
440
16777216
100
AcDbLine
 10
83.981663
 20
126.968969
 30
0.0
 11
83.981663
 21
129.468969
 31
0.0
  0
LINE
  5
1155
330
64A
100
AcDbEntity
  8
FD_Dimensions
 62
0
370
-2
440
16777216
100
AcDbLine
 10
83.981663
 20
118.056969
 30
0.0
 11
83.981663
 21
107.547419
 31
0.0
  0
LINE
  5
1156
330
64A
100
AcDbEntity
  8
FD_Dimensions
 62
0
370
-2
440
16777216
100
AcDbLine
 10
83.981663
 20
124.468969
 30
0.0
 11
83.981663
 21
120.556969
 31
0.0
  0
SOLID
  5
1157
330
64A
100
AcDbEntity
  8
FD_Dimensions
 62
0
440
16777216
100
AcDbTrace
 10
83.564996
 20
126.968969
 30
0.0
 11
84.39833
 21
126.968969
 31
0.0
 12
83.981663
 22
124.468969
 32
0.0
 13
83.981663
 23
124.468969
 33
0.0
  0
SOLID
  5
1158
330
64A
100
AcDbEntity
  8
FD_Dimensions
 62
0
440
16777216
100
AcDbTrace
 10
83.564996
 20
118.056969
 30
0.0
 11
84.39833
 21
118.056969
 31
0.0
 12
83.981663
 22
120.556969
 32
0.0
 13
83.981663
 23
120.556969
 33
0.0
  0
MTEXT
  5
1159
330
64A
100
AcDbEntity
  8
FD_Dimensions
 62
0
440
16777216
100
AcDbMText
 10
81.704378
 20
111.552194
 30
0.0
 40
2.5
 41
0.0
 46
0.0
 71
5
  1
3.91
 11
0.0
 21
1.0
 31
0.0
  0
POINT
  5
115A
330
64A
100
AcDbEntity
  8
Defpoints
 62
0
440
16777216
100
AcDbPoint
 10
100.71218
 20
124.468969
 30
0.0
  0
POINT
  5
115B
330
64A
100
AcDbEntity
  8
Defpoints
 62
0
440
16777216
100
AcDbPoint
 10
111.05418
 20
120.556969
 30
0.0
  0
POINT
  5
115C
330
64A
100
AcDbEntity
  8
Defpoints
 62
0
440
16777216
100
AcDbPoint
 10
83.981663
 20
120.556969
 30
0.0
  0
ENDBLK
  5
64C
330
64A
100
AcDbEntity
  8
0
100
AcDbBlockEnd
  0
BLOCK
  5
659
330
658
100
AcDbEntity
  8
0
100
AcDbBlockBegin
  2
*D67
 70
1
 10
0.0
 20
0.0
 30
0.0
  3
*D67
  1

  0
LINE
  5
115D
330
658
100
AcDbEntity
  8
FD_Dimensions
 62
0
370
-2
440
16777216
100
AcDbLine
 10
81.493047
 20
145.781508
 30
0.0
 11
97.698562
 21
127.81084
 31
0.0
  0
MTEXT
  5
115E
330
658
100
AcDbEntity
  8
FD_Dimensions
 62
0
440
16777216
100
AcDbMText
 10
86.826039
 20
143.266848
 30
0.0
 40
2.5
 41
0.0
 46
0.0
 71
5
  1
R2.00
 11
0.669693
 21
-0.742638
 31
0.0
  0
LINE
  5
115F
330
658
100
AcDbEntity
  8
FD_Dimensions
 62
0
370
-2
440
16777216
100
AcDbLine
 10
100.71218
 20
124.468969
 30
0.0
 11
99.372794
 21
125.954245
 31
0.0
  0
SOLID
  5
1160
330
658
100
AcDbEntity
  8
FD_Dimensions
 62
0
440
16777216
100
AcDbTrace
 10
98.007994
 20
128.089879
 30
0.0
 11
97.389129
 21
127.531801
 31
0.0
 12
99.372794
 22
125.954245
 32
0.0
 13
99.372794
 23
125.954245
 33
0.0
  0
POINT
  5
1161
330
658
100
AcDbEntity
  8
Defpoints
 62
0
440
16777216
100
AcDbPoint
 10
99.372794
 20
125.954245
 30
0.0
  0
POINT
  5
1162
330
658
100
AcDbEntity
  8
Defpoints
 62
0
440
16777216
100
AcDbPoint
 10
100.71218
 20
124.468969
 30
0.0
  0
ENDBLK
  5
65A
330
658
100
AcDbEntity
  8
0
100
AcDbBlockEnd
  0
BLOCK
  5
662
330
661
100
AcDbEntity
  8
0
100
AcDbBlockBegin
  2
*D68
 70
1
 10
0.0
 20
0.0
 30
0.0
  3
*D68
  1

  0
LINE
  5
1163
330
661
100
AcDbEntity
  8
FD_Dimensions
 62
0
370
-2
440
16777216
100
AcDbLine
 10
232.023017
 20
136.666207
 30
0.0
 11
210.634978
 21
126.027706
 31
0.0
  0
MTEXT
  5
1164
330
661
100
AcDbEntity
  8
FD_Dimensions
 62
0
440
16777216
100
AcDbMText
 10
226.13941
 20
136.282168
 30
0.0
 40
2.5
 41
0.0
 46
0.0
 71
5
  1
R1.00
 11
0.895355
 21
0.445353
 31
0.0
  0
LINE
  5
1165
330
661
100
AcDbEntity
  8
FD_Dimensions
 62
0
370
-2
440
16777216
100
AcDbLine
 10
207.501236
 20
124.468969
 30
0.0
 11
208.396591
 21
124.914322
 31
0.0
  0
SOLID
  5
1166
330
661
100
AcDbEntity
  8
FD_Dimensions
 62
0
440
16777216
100
AcDbTrace
 10
210.449414
 20
126.40077
 30
0.0
 11
210.820542
 21
125.654641
 31
0.0
 12
208.396591
 22
124.914322
 32
0.0
 13
208.396591
 23
124.914322
 33
0.0
  0
POINT
  5
1167
330
661
100
AcDbEntity
  8
Defpoints
 62
0
440
16777216
100
AcDbPoint
 10
208.396591
 20
124.914322
 30
0.0
  0
POINT
  5
1168
330
661
100
AcDbEntity
  8
Defpoints
 62
0
440
16777216
100
AcDbPoint
 10
207.501236
 20
124.468969
 30
0.0
  0
ENDBLK
  5
663
330
661
100
AcDbEntity
  8
0
100
AcDbBlockEnd
  0
BLOCK
  5
66B
330
66A
100
AcDbEntity
  8
0
100
AcDbBlockBegin
  2
*D69
 70
1
 10
0.0
 20
0.0
 30
0.0
  3
*D69
  1

  0
LINE
  5
1169
330
66A
100
AcDbEntity
  8
FD_Dimensions
 62
0
370
-2
440
16777216
100
AcDbLine
 10
95.85418
 20
99.456969
 30
0.0
 11
95.85418
 21
65.241408
 31
0.0
  0
LINE
  5
116A
330
66A
100
AcDbEntity
  8
FD_Dimensions
 62
0
370
-2
440
16777216
100
AcDbLine
 10
111.05418
 20
118.456969
 30
0.0
 11
111.05418
 21
65.241408
 31
0.0
  0
LINE
  5
116B
330
66A
100
AcDbEntity
  8
FD_Dimensions
 62
0
370
-2
440
16777216
100
AcDbLine
 10
98.35418
 20
66.741408
 30
0.0
 11
108.55418
 21
66.741408
 31
0.0
  0
SOLID
  5
116C
330
66A
100
AcDbEntity
  8
FD_Dimensions
 62
0
440
16777216
100
AcDbTrace
 10
98.35418
 20
67.158075
 30
0.0
 11
98.35418
 21
66.324742
 31
0.0
 12
95.85418
 22
66.741408
 32
0.0
 13
95.85418
 23
66.741408
 33
0.0
  0
SOLID
  5
116D
330
66A
100
AcDbEntity
  8
FD_Dimensions
 62
0
440
16777216
100
AcDbTrace
 10
108.55418
 20
67.158075
 30
0.0
 11
108.55418
 21
66.324742
 31
0.0
 12
111.05418
 22
66.741408
 32
0.0
 13
111.05418
 23
66.741408
 33
0.0
  0
MTEXT
  5
116E
330
66A
100
AcDbEntity
  8
FD_Dimensions
 62
0
440
16777216
100
AcDbMText
 10
103.45418
 20
69.017841
 30
0.0
 40
2.5
 41
0.0
 46
0.0
 71
5
  1
15.20
  0
POINT
  5
116F
330
66A
100
AcDbEntity
  8
Defpoints
 62
0
440
16777216
100
AcDbPoint
 10
95.85418
 20
101.556969
 30
0.0
  0
POINT
  5
1170
330
66A
100
AcDbEntity
  8
Defpoints
 62
0
440
16777216
100
AcDbPoint
 10
111.05418
 20
120.556969
 30
0.0
  0
POINT
  5
1171
330
66A
100
AcDbEntity
  8
Defpoints
 62
0
440
16777216
100
AcDbPoint
 10
111.05418
 20
66.741408
 30
0.0
  0
ENDBLK
  5
66C
330
66A
100
AcDbEntity
  8
0
100
AcDbBlockEnd
  0
BLOCK
  5
677
330
676
100
AcDbEntity
  8
0
100
AcDbBlockBegin
  2
*D70
 70
1
 10
0.0
 20
0.0
 30
0.0
  3
*D70
  1

  0
LINE
  5
1172
330
676
100
AcDbEntity
  8
FD_Dimensions
 62
0
370
-2
440
16777216
100
AcDbLine
 10
252.464379
 20
122.656969
 30
0.0
 11
269.112233
 21
122.656969
 31
0.0
  0
LINE
  5
1173
330
676
100
AcDbEntity
  8
FD_Dimensions
 62
0
370
-2
440
16777216
100
AcDbLine
 10
252.464379
 20
118.456969
 30
0.0
 11
269.112233
 21
118.456969
 31
0.0
  0
LINE
  5
1174
330
676
100
AcDbEntity
  8
FD_Dimensions
 62
0
370
-2
440
16777216
100
AcDbLine
 10
267.612233
 20
125.156969
 30
0.0
 11
267.612233
 21
127.656969
 31
0.0
  0
LINE
  5
1175
330
676
100
AcDbEntity
  8
FD_Dimensions
 62
0
370
-2
440
16777216
100
AcDbLine
 10
267.612233
 20
115.956969
 30
0.0
 11
267.612233
 21
104.871021
 31
0.0
  0
LINE
  5
1176
330
676
100
AcDbEntity
  8
FD_Dimensions
 62
0
370
-2
440
16777216
100
AcDbLine
 10
267.612233
 20
122.656969
 30
0.0
 11
267.612233
 21
118.456969
 31
0.0
  0
SOLID
  5
1177
330
676
100
AcDbEntity
  8
FD_Dimensions
 62
0
440
16777216
100
AcDbTrace
 10
267.195566
 20
125.156969
 30
0.0
 11
268.0289
 21
125.156969
 31
0.0
 12
267.612233
 22
122.656969
 32
0.0
 13
267.612233
 23
122.656969
 33
0.0
  0
SOLID
  5
1178
330
676
100
AcDbEntity
  8
FD_Dimensions
 62
0
440
16777216
100
AcDbTrace
 10
267.195566
 20
115.956969
 30
0.0
 11
268.0289
 21
115.956969
 31
0.0
 12
267.612233
 22
118.456969
 32
0.0
 13
267.612233
 23
118.456969
 33
0.0
  0
MTEXT
  5
1179
330
676
100
AcDbEntity
  8
FD_Dimensions
 62
0
440
16777216
100
AcDbMText
 10
265.335801
 20
109.163995
 30
0.0
 40
2.5
 41
0.0
 46
0.0
 71
5
  1
4.20
 11
0.0
 21
1.0
 31
0.0
  0
POINT
  5
117A
330
676
100
AcDbEntity
  8
Defpoints
 62
0
440
16777216
100
AcDbPoint
 10
250.364379
 20
122.656969
 30
0.0
  0
POINT
  5
117B
330
676
100
AcDbEntity
  8
Defpoints
 62
0
440
16777216
100
AcDbPoint
 10
250.364379
 20
118.456969
 30
0.0
  0
POINT
  5
117C
330
676
100
AcDbEntity
  8
Defpoints
 62
0
440
16777216
100
AcDbPoint
 10
267.612233
 20
118.456969
 30
0.0
  0
ENDBLK
  5
678
330
676
100
AcDbEntity
  8
0
100
AcDbBlockEnd
  0
BLOCK
  5
685
330
684
100
AcDbEntity
  8
0
100
AcDbBlockBegin
  2
*D71
 70
1
 10
0.0
 20
0.0
 30
0.0
  3
*D71
  1

  0
LINE
  5
117D
330
684
100
AcDbEntity
  8
FD_Dimensions
 62
0
370
-2
440
16777216
100
AcDbLine
 10
252.464379
 20
125.306969
 30
0.0
 11
276.183072
 21
125.306969
 31
0.0
  0
LINE
  5
117E
330
684
100
AcDbEntity
  8
FD_Dimensions
 62
0
370
-2
440
16777216
100
AcDbLine
 10
252.464379
 20
115.806969
 30
0.0
 11
276.183072
 21
115.806969
 31
0.0
  0
LINE
  5
117F
330
684
100
AcDbEntity
  8
FD_Dimensions
 62
0
370
-2
440
16777216
100
AcDbLine
 10
274.683072
 20
122.806969
 30
0.0
 11
274.683072
 21
118.306969
 31
0.0
  0
SOLID
  5
1180
330
684
100
AcDbEntity
  8
FD_Dimensions
 62
0
440
16777216
100
AcDbTrace
 10
274.266405
 20
122.806969
 30
0.0
 11
275.099739
 21
122.806969
 31
0.0
 12
274.683072
 22
125.306969
 32
0.0
 13
274.683072
 23
125.306969
 33
0.0
  0
SOLID
  5
1181
330
684
100
AcDbEntity
  8
FD_Dimensions
 62
0
440
16777216
100
AcDbTrace
 10
274.266405
 20
118.306969
 30
0.0
 11
275.099739
 21
118.306969
 31
0.0
 12
274.683072
 22
115.806969
 32
0.0
 13
274.683072
 23
115.806969
 33
0.0
  0
MTEXT
  5
1182
330
684
100
AcDbEntity
  8
FD_Dimensions
 62
0
440
16777216
100
AcDbMText
 10
272.40664
 20
120.556969
 30
0.0
 40
2.5
 41
0.0
 46
0.0
 71
5
  1
9.50
 11
0.0
 21
1.0
 31
0.0
  0
POINT
  5
1183
330
684
100
AcDbEntity
  8
Defpoints
 62
0
440
16777216
100
AcDbPoint
 10
250.364379
 20
125.306969
 30
0.0
  0
POINT
  5
1184
330
684
100
AcDbEntity
  8
Defpoints
 62
0
440
16777216
100
AcDbPoint
 10
250.364379
 20
115.806969
 30
0.0
  0
POINT
  5
1185
330
684
100
AcDbEntity
  8
Defpoints
 62
0
440
16777216
100
AcDbPoint
 10
274.683072
 20
115.806969
 30
0.0
  0
ENDBLK
  5
686
330
684
100
AcDbEntity
  8
0
100
AcDbBlockEnd
  0
BLOCK
  5
691
330
690
100
AcDbEntity
  8
0
100
AcDbBlockBegin
  2
*D72
 70
1
 10
0.0
 20
0.0
 30
0.0
  3
*D72
  1

  0
LINE
  5
1186
330
690
100
AcDbEntity
  8
FD_Dimensions
 62
0
370
-2
440
16777216
100
AcDbLine
 10
194.239236
 20
92.286969
 30
0.0
 11
194.239236
 21
64.94088
 31
0.0
  0
LINE
  5
1187
330
690
100
AcDbEntity
  8
FD_Dimensions
 62
0
370
-2
440
16777216
100
AcDbLine
 10
197.159236
 20
66.742066
 30
0.0
 11
197.159236
 21
64.94088
 31
0.0
  0
LINE
  5
1188
330
690
100
AcDbEntity
  8
FD_Dimensions
 62
0
370
-2
440
16777216
100
AcDbLine
 10
191.739236
 20
66.44088
 30
0.0
 11
189.239236
 21
66.44088
 31
0.0
  0
LINE
  5
1189
330
690
100
AcDbEntity
  8
FD_Dimensions
 62
0
370
-2
440
16777216
100
AcDbLine
 10
199.659236
 20
66.44088
 30
0.0
 11
210.67015
 21
66.44088
 31
0.0
  0
LINE
  5
118A
330
690
100
AcDbEntity
  8
FD_Dimensions
 62
0
370
-2
440
16777216
100
AcDbLine
 10
194.239236
 20
66.44088
 30
0.0
 11
197.159236
 21
66.44088
 31
0.0
  0
SOLID
  5
118B
330
690
100
AcDbEntity
  8
FD_Dimensions
 62
0
440
16777216
100
AcDbTrace
 10
191.739236
 20
66.857547
 30
0.0
 11
191.739236
 21
66.024214
 31
0.0
 12
194.239236
 22
66.44088
 32
0.0
 13
194.239236
 23
66.44088
 33
0.0
  0
SOLID
  5
118C
330
690
100
AcDbEntity
  8
FD_Dimensions
 62
0
440
16777216
100
AcDbTrace
 10
199.659236
 20
66.857547
 30
0.0
 11
199.659236
 21
66.024214
 31
0.0
 12
197.159236
 22
66.44088
 32
0.0
 13
197.159236
 23
66.44088
 33
0.0
  0
MTEXT
  5
118D
330
690
100
AcDbEntity
  8
FD_Dimensions
 62
0
440
16777216
100
AcDbMText
 10
206.414693
 20
68.717313
 30
0.0
 40
2.5
 41
0.0
 46
0.0
 71
5
  1
2.92
  0
POINT
  5
118E
330
690
100
AcDbEntity
  8
Defpoints
 62
0
440
16777216
100
AcDbPoint
 10
194.239236
 20
94.386969
 30
0.0
  0
POINT
  5
118F
330
690
100
AcDbEntity
  8
Defpoints
 62
0
440
16777216
100
AcDbPoint
 10
197.159236
 20
68.842066
 30
0.0
  0
POINT
  5
1190
330
690
100
AcDbEntity
  8
Defpoints
 62
0
440
16777216
100
AcDbPoint
 10
197.159236
 20
66.44088
 30
0.0
  0
ENDBLK
  5
692
330
690
100
AcDbEntity
  8
0
100
AcDbBlockEnd
  0
BLOCK
  5
69F
330
69E
100
AcDbEntity
  8
0
100
AcDbBlockBegin
  2
*D73
 70
1
 10
0.0
 20
0.0
 30
0.0
  3
*D73
  1

  0
LINE
  5
1191
330
69E
100
AcDbEntity
  8
FD_Dimensions
 62
0
370
-2
440
16777216
100
AcDbLine
 10
193.539236
 20
92.986969
 30
0.0
 11
164.139236
 21
92.986969
 31
0.0
  0
LINE
  5
1192
330
69E
100
AcDbEntity
  8
FD_Dimensions
 62
0
370
-2
440
16777216
100
AcDbLine
 10
190.048136
 20
71.556969
 30
0.0
 11
164.139236
 21
71.556969
 31
0.0
  0
LINE
  5
1193
330
69E
100
AcDbEntity
  8
FD_Dimensions
 62
0
370
-2
440
16777216
100
AcDbLine
 10
165.639236
 20
90.486969
 30
0.0
 11
165.639236
 21
74.056969
 31
0.0
  0
SOLID
  5
1194
330
69E
100
AcDbEntity
  8
FD_Dimensions
 62
0
440
16777216
100
AcDbTrace
 10
165.222569
 20
90.486969
 30
0.0
 11
166.055903
 21
90.486969
 31
0.0
 12
165.639236
 22
92.986969
 32
0.0
 13
165.639236
 23
92.986969
 33
0.0
  0
SOLID
  5
1195
330
69E
100
AcDbEntity
  8
FD_Dimensions
 62
0
440
16777216
100
AcDbTrace
 10
165.222569
 20
74.056969
 30
0.0
 11
166.055903
 21
74.056969
 31
0.0
 12
165.639236
 22
71.556969
 32
0.0
 13
165.639236
 23
71.556969
 33
0.0
  0
MTEXT
  5
1196
330
69E
100
AcDbEntity
  8
FD_Dimensions
 62
0
440
16777216
100
AcDbMText
 10
163.361951
 20
82.271969
 30
0.0
 40
2.5
 41
0.0
 46
0.0
 71
5
  1
21.43
 11
0.0
 21
1.0
 31
0.0
  0
POINT
  5
1197
330
69E
100
AcDbEntity
  8
Defpoints
 62
0
440
16777216
100
AcDbPoint
 10
195.639236
 20
92.986969
 30
0.0
  0
POINT
  5
1198
330
69E
100
AcDbEntity
  8
Defpoints
 62
0
440
16777216
100
AcDbPoint
 10
192.148136
 20
71.556969
 30
0.0
  0
POINT
  5
1199
330
69E
100
AcDbEntity
  8
Defpoints
 62
0
440
16777216
100
AcDbPoint
 10
165.639236
 20
71.556969
 30
0.0
  0
ENDBLK
  5
6A0
330
69E
100
AcDbEntity
  8
0
100
AcDbBlockEnd
  0
BLOCK
  5
6AB
330
6AA
100
AcDbEntity
  8
0
100
AcDbBlockBegin
  2
*D74
 70
1
 10
0.0
 20
0.0
 30
0.0
  3
*D74
  1

  0
LINE
  5
119A
330
6AA
100
AcDbEntity
  8
FD_Dimensions
 62
0
370
-2
440
16777216
100
AcDbLine
 10
204.039236
 20
96.286969
 30
0.0
 11
209.119092
 21
96.286969
 31
0.0
  0
LINE
  5
119B
330
6AA
100
AcDbEntity
  8
FD_Dimensions
 62
0
370
-2
440
16777216
100
AcDbLine
 10
200.823168
 20
92.986969
 30
0.0
 11
209.119092
 21
92.986969
 31
0.0
  0
LINE
  5
119C
330
6AA
100
AcDbEntity
  8
FD_Dimensions
 62
0
370
-2
440
16777216
100
AcDbLine
 10
207.619092
 20
98.786969
 30
0.0
 11
207.619092
 21
101.286969
 31
0.0
  0
LINE
  5
119D
330
6AA
100
AcDbEntity
  8
FD_Dimensions
 62
0
370
-2
440
16777216
100
AcDbLine
 10
207.619092
 20
90.486969
 30
0.0
 11
207.619092
 21
79.50334
 31
0.0
  0
LINE
  5
119E
330
6AA
100
AcDbEntity
  8
FD_Dimensions
 62
0
370
-2
440
16777216
100
AcDbLine
 10
207.619092
 20
96.286969
 30
0.0
 11
207.619092
 21
92.986969
 31
0.0
  0
SOLID
  5
119F
330
6AA
100
AcDbEntity
  8
FD_Dimensions
 62
0
440
16777216
100
AcDbTrace
 10
207.202425
 20
98.786969
 30
0.0
 11
208.035759
 21
98.786969
 31
0.0
 12
207.619092
 22
96.286969
 32
0.0
 13
207.619092
 23
96.286969
 33
0.0
  0
SOLID
  5
11A0
330
6AA
100
AcDbEntity
  8
FD_Dimensions
 62
0
440
16777216
100
AcDbTrace
 10
207.202425
 20
90.486969
 30
0.0
 11
208.035759
 21
90.486969
 31
0.0
 12
207.619092
 22
92.986969
 32
0.0
 13
207.619092
 23
92.986969
 33
0.0
  0
MTEXT
  5
11A1
330
6AA
100
AcDbEntity
  8
FD_Dimensions
 62
0
440
16777216
100
AcDbMText
 10
205.341807
 20
83.745154
 30
0.0
 40
2.5
 41
0.0
 46
0.0
 71
5
  1
3.30
 11
0.0
 21
1.0
 31
0.0
  0
POINT
  5
11A2
330
6AA
100
AcDbEntity
  8
Defpoints
 62
0
440
16777216
100
AcDbPoint
 10
201.939236
 20
96.286969
 30
0.0
  0
POINT
  5
11A3
330
6AA
100
AcDbEntity
  8
Defpoints
 62
0
440
16777216
100
AcDbPoint
 10
198.723168
 20
92.986969
 30
0.0
  0
POINT
  5
11A4
330
6AA
100
AcDbEntity
  8
Defpoints
 62
0
440
16777216
100
AcDbPoint
 10
207.619092
 20
92.986969
 30
0.0
  0
ENDBLK
  5
6AC
330
6AA
100
AcDbEntity
  8
0
100
AcDbBlockEnd
  0
BLOCK
  5
6B9
330
6B8
100
AcDbEntity
  8
0
100
AcDbBlockBegin
  2
*D75
 70
1
 10
0.0
 20
0.0
 30
0.0
  3
*D75
  1

  0
LINE
  5
11A5
330
6B8
100
AcDbEntity
  8
FD_Dimensions
 62
0
370
-2
440
16777216
100
AcDbLine
 10
94.85418
 20
39.907746
 30
0.0
 11
94.85418
 21
45.174408
 31
0.0
  0
LINE
  5
11A6
330
6B8
100
AcDbEntity
  8
FD_Dimensions
 62
0
370
-2
440
16777216
100
AcDbLine
 10
96.85418
 20
39.907746
 30
0.0
 11
96.85418
 21
45.174408
 31
0.0
  0
LINE
  5
11A7
330
6B8
100
AcDbEntity
  8
FD_Dimensions
 62
0
370
-2
440
16777216
100
AcDbLine
 10
92.35418
 20
43.674408
 30
0.0
 11
89.85418
 21
43.674408
 31
0.0
  0
LINE
  5
11A8
330
6B8
100
AcDbEntity
  8
FD_Dimensions
 62
0
370
-2
440
16777216
100
AcDbLine
 10
99.35418
 20
43.674408
 30
0.0
 11
110.382148
 21
43.674408
 31
0.0
  0
LINE
  5
11A9
330
6B8
100
AcDbEntity
  8
FD_Dimensions
 62
0
370
-2
440
16777216
100
AcDbLine
 10
94.85418
 20
43.674408
 30
0.0
 11
96.85418
 21
43.674408
 31
0.0
  0
SOLID
  5
11AA
330
6B8
100
AcDbEntity
  8
FD_Dimensions
 62
0
440
16777216
100
AcDbTrace
 10
92.35418
 20
44.091074
 30
0.0
 11
92.35418
 21
43.257741
 31
0.0
 12
94.85418
 22
43.674408
 32
0.0
 13
94.85418
 23
43.674408
 33
0.0
  0
SOLID
  5
11AB
330
6B8
100
AcDbEntity
  8
FD_Dimensions
 62
0
440
16777216
100
AcDbTrace
 10
99.35418
 20
44.091074
 30
0.0
 11
99.35418
 21
43.257741
 31
0.0
 12
96.85418
 22
43.674408
 32
0.0
 13
96.85418
 23
43.674408
 33
0.0
  0
MTEXT
  5
11AC
330
6B8
100
AcDbEntity
  8
FD_Dimensions
 62
0
440
16777216
100
AcDbMText
 10
106.118164
 20
45.95084
 30
0.0
 40
2.5
 41
0.0
 46
0.0
 71
5
  1
2.00
  0
POINT
  5
11AD
330
6B8
100
AcDbEntity
  8
Defpoints
 62
0
440
16777216
100
AcDbPoint
 10
94.85418
 20
37.807746
 30
0.0
  0
POINT
  5
11AE
330
6B8
100
AcDbEntity
  8
Defpoints
 62
0
440
16777216
100
AcDbPoint
 10
96.85418
 20
37.807746
 30
0.0
  0
POINT
  5
11AF
330
6B8
100
AcDbEntity
  8
Defpoints
 62
0
440
16777216
100
AcDbPoint
 10
96.85418
 20
43.674408
 30
0.0
  0
ENDBLK
  5
6BA
330
6B8
100
AcDbEntity
  8
0
100
AcDbBlockEnd
  0
BLOCK
  5
6C7
330
6C6
100
AcDbEntity
  8
0
100
AcDbBlockBegin
  2
*D76
 70
1
 10
0.0
 20
0.0
 30
0.0
  3
*D76
  1

  0
LINE
  5
11B0
330
6C6
100
AcDbEntity
  8
FD_Dimensions
 62
0
370
-2
440
16777216
100
AcDbLine
 10
124.25418
 20
39.907746
 30
0.0
 11
124.25418
 21
45.064056
 31
0.0
  0
LINE
  5
11B1
330
6C6
100
AcDbEntity
  8
FD_Dimensions
 62
0
370
-2
440
16777216
100
AcDbLine
 10
128.25418
 20
39.907746
 30
0.0
 11
128.25418
 21
45.064056
 31
0.0
  0
LINE
  5
11B2
330
6C6
100
AcDbEntity
  8
FD_Dimensions
 62
0
370
-2
440
16777216
100
AcDbLine
 10
121.75418
 20
43.564056
 30
0.0
 11
119.25418
 21
43.564056
 31
0.0
  0
LINE
  5
11B3
330
6C6
100
AcDbEntity
  8
FD_Dimensions
 62
0
370
-2
440
16777216
100
AcDbLine
 10
130.75418
 20
43.564056
 30
0.0
 11
141.840128
 21
43.564056
 31
0.0
  0
LINE
  5
11B4
330
6C6
100
AcDbEntity
  8
FD_Dimensions
 62
0
370
-2
440
16777216
100
AcDbLine
 10
124.25418
 20
43.564056
 30
0.0
 11
128.25418
 21
43.564056
 31
0.0
  0
SOLID
  5
11B5
330
6C6
100
AcDbEntity
  8
FD_Dimensions
 62
0
440
16777216
100
AcDbTrace
 10
121.75418
 20
43.980723
 30
0.0
 11
121.75418
 21
43.14739
 31
0.0
 12
124.25418
 22
43.564056
 32
0.0
 13
124.25418
 23
43.564056
 33
0.0
  0
SOLID
  5
11B6
330
6C6
100
AcDbEntity
  8
FD_Dimensions
 62
0
440
16777216
100
AcDbTrace
 10
130.75418
 20
43.980723
 30
0.0
 11
130.75418
 21
43.14739
 31
0.0
 12
128.25418
 22
43.564056
 32
0.0
 13
128.25418
 23
43.564056
 33
0.0
  0
MTEXT
  5
11B7
330
6C6
100
AcDbEntity
  8
FD_Dimensions
 62
0
440
16777216
100
AcDbMText
 10
137.547154
 20
45.840489
 30
0.0
 40
2.5
 41
0.0
 46
0.0
 71
5
  1
4.00
  0
POINT
  5
11B8
330
6C6
100
AcDbEntity
  8
Defpoints
 62
0
440
16777216
100
AcDbPoint
 10
124.25418
 20
37.807746
 30
0.0
  0
POINT
  5
11B9
330
6C6
100
AcDbEntity
  8
Defpoints
 62
0
440
16777216
100
AcDbPoint
 10
128.25418
 20
37.807746
 30
0.0
  0
POINT
  5
11BA
330
6C6
100
AcDbEntity
  8
Defpoints
 62
0
440
16777216
100
AcDbPoint
 10
128.25418
 20
43.564056
 30
0.0
  0
ENDBLK
  5
6C8
330
6C6
100
AcDbEntity
  8
0
100
AcDbBlockEnd
  0
BLOCK
  5
6D5
330
6D4
100
AcDbEntity
  8
0
100
AcDbBlockBegin
  2
*D77
 70
1
 10
0.0
 20
0.0
 30
0.0
  3
*D77
  1

  0
LINE
  5
11BB
330
6D4
100
AcDbEntity
  8
FD_Dimensions
 62
0
370
-2
440
16777216
100
AcDbLine
 10
100.05418
 20
37.907746
 30
0.0
 11
100.05418
 21
52.307746
 31
0.0
  0
LINE
  5
11BC
330
6D4
100
AcDbEntity
  8
FD_Dimensions
 62
0
370
-2
440
16777216
100
AcDbLine
 10
122.05418
 20
37.907746
 30
0.0
 11
122.05418
 21
52.307746
 31
0.0
  0
LINE
  5
11BD
330
6D4
100
AcDbEntity
  8
FD_Dimensions
 62
0
370
-2
440
16777216
100
AcDbLine
 10
102.55418
 20
50.807746
 30
0.0
 11
119.55418
 21
50.807746
 31
0.0
  0
SOLID
  5
11BE
330
6D4
100
AcDbEntity
  8
FD_Dimensions
 62
0
440
16777216
100
AcDbTrace
 10
102.55418
 20
51.224413
 30
0.0
 11
102.55418
 21
50.39108
 31
0.0
 12
100.05418
 22
50.807746
 32
0.0
 13
100.05418
 23
50.807746
 33
0.0
  0
SOLID
  5
11BF
330
6D4
100
AcDbEntity
  8
FD_Dimensions
 62
0
440
16777216
100
AcDbTrace
 10
119.55418
 20
51.224413
 30
0.0
 11
119.55418
 21
50.39108
 31
0.0
 12
122.05418
 22
50.807746
 32
0.0
 13
122.05418
 23
50.807746
 33
0.0
  0
MTEXT
  5
11C0
330
6D4
100
AcDbEntity
  8
FD_Dimensions
 62
0
440
16777216
100
AcDbMText
 10
111.05418
 20
53.084179
 30
0.0
 40
2.5
 41
0.0
 46
0.0
 71
5
  1
22.00
  0
POINT
  5
11C1
330
6D4
100
AcDbEntity
  8
Defpoints
 62
0
440
16777216
100
AcDbPoint
 10
100.05418
 20
35.807746
 30
0.0
  0
POINT
  5
11C2
330
6D4
100
AcDbEntity
  8
Defpoints
 62
0
440
16777216
100
AcDbPoint
 10
122.05418
 20
35.807746
 30
0.0
  0
POINT
  5
11C3
330
6D4
100
AcDbEntity
  8
Defpoints
 62
0
440
16777216
100
AcDbPoint
 10
122.05418
 20
50.807746
 30
0.0
  0
ENDBLK
  5
6D6
330
6D4
100
AcDbEntity
  8
0
100
AcDbBlockEnd
  0
BLOCK
  5
6E1
330
6E0
100
AcDbEntity
  8
0
100
AcDbBlockBegin
  2
*D78
 70
1
 10
0.0
 20
0.0
 30
0.0
  3
*D78
  1

  0
LINE
  5
11C4
330
6E0
100
AcDbEntity
  8
FD_Dimensions
 62
0
370
-2
440
16777216
100
AcDbLine
 10
97.95418
 20
35.807746
 30
0.0
 11
79.725753
 21
35.807746
 31
0.0
  0
LINE
  5
11C5
330
6E0
100
AcDbEntity
  8
FD_Dimensions
 62
0
370
-2
440
16777216
100
AcDbLine
 10
94.125753
 20
28.807746
 30
0.0
 11
79.725753
 21
28.807746
 31
0.0
  0
LINE
  5
11C6
330
6E0
100
AcDbEntity
  8
FD_Dimensions
 62
0
370
-2
440
16777216
100
AcDbLine
 10
81.225753
 20
33.307746
 30
0.0
 11
81.225753
 21
31.307746
 31
0.0
  0
LINE
  5
11C7
330
6E0
100
AcDbEntity
  8
FD_Dimensions
 62
0
370
-2
440
16777216
100
AcDbLine
 10
81.225753
 20
28.807746
 30
0.0
 11
81.225753
 21
17.842876
 31
0.0
  0
SOLID
  5
11C8
330
6E0
100
AcDbEntity
  8
FD_Dimensions
 62
0
440
16777216
100
AcDbTrace
 10
80.809086
 20
33.307746
 30
0.0
 11
81.64242
 21
33.307746
 31
0.0
 12
81.225753
 22
35.807746
 32
0.0
 13
81.225753
 23
35.807746
 33
0.0
  0
SOLID
  5
11C9
330
6E0
100
AcDbEntity
  8
FD_Dimensions
 62
0
440
16777216
100
AcDbTrace
 10
80.809086
 20
31.307746
 30
0.0
 11
81.64242
 21
31.307746
 31
0.0
 12
81.225753
 22
28.807746
 32
0.0
 13
81.225753
 23
28.807746
 33
0.0
  0
MTEXT
  5
11CA
330
6E0
100
AcDbEntity
  8
FD_Dimensions
 62
0
440
16777216
100
AcDbMText
 10
78.949321
 20
22.075311
 30
0.0
 40
2.5
 41
0.0
 46
0.0
 71
5
  1
7.00
 11
0.0
 21
1.0
 31
0.0
  0
POINT
  5
11CB
330
6E0
100
AcDbEntity
  8
Defpoints
 62
0
440
16777216
100
AcDbPoint
 10
100.05418
 20
35.807746
 30
0.0
  0
POINT
  5
11CC
330
6E0
100
AcDbEntity
  8
Defpoints
 62
0
440
16777216
100
AcDbPoint
 10
96.225753
 20
28.807746
 30
0.0
  0
POINT
  5
11CD
330
6E0
100
AcDbEntity
  8
Defpoints
 62
0
440
16777216
100
AcDbPoint
 10
81.225753
 20
28.807746
 30
0.0
  0
ENDBLK
  5
6E2
330
6E0
100
AcDbEntity
  8
0
100
AcDbBlockEnd
  0
BLOCK
  5
6EE
330
6ED
100
AcDbEntity
  8
0
100
AcDbBlockBegin
  2
*D79
 70
1
 10
0.0
 20
0.0
 30
0.0
  3
*D79
  1

  0
LINE
  5
11CE
330
6ED
100
AcDbEntity
  8
FD_Dimensions
 62
0
370
-2
440
16777216
100
AcDbLine
 10
249.364379
 20
76.492443
 30
0.0
 11
249.364379
 21
51.573601
 31
0.0
  0
LINE
  5
11CF
330
6ED
100
AcDbEntity
  8
FD_Dimensions
 62
0
370
-2
440
16777216
100
AcDbLine
 10
263.364379
 20
96.956969
 30
0.0
 11
263.364379
 21
51.573601
 31
0.0
  0
LINE
  5
11D0
330
6ED
100
AcDbEntity
  8
FD_Dimensions
 62
0
370
-2
440
16777216
100
AcDbLine
 10
251.864379
 20
53.073601
 30
0.0
 11
260.864379
 21
53.073601
 31
0.0
  0
SOLID
  5
11D1
330
6ED
100
AcDbEntity
  8
FD_Dimensions
 62
0
440
16777216
100
AcDbTrace
 10
251.864379
 20
53.490267
 30
0.0
 11
251.864379
 21
52.656934
 31
0.0
 12
249.364379
 22
53.073601
 32
0.0
 13
249.364379
 23
53.073601
 33
0.0
  0
SOLID
  5
11D2
330
6ED
100
AcDbEntity
  8
FD_Dimensions
 62
0
440
16777216
100
AcDbTrace
 10
260.864379
 20
53.490267
 30
0.0
 11
260.864379
 21
52.656934
 31
0.0
 12
263.364379
 22
53.073601
 32
0.0
 13
263.364379
 23
53.073601
 33
0.0
  0
MTEXT
  5
11D3
330
6ED
100
AcDbEntity
  8
FD_Dimensions
 62
0
440
16777216
100
AcDbMText
 10
256.364379
 20
55.350033
 30
0.0
 40
2.5
 41
0.0
 46
0.0
 71
5
  1
14.00
  0
POINT
  5
11D4
330
6ED
100
AcDbEntity
  8
Defpoints
 62
0
440
16777216
100
AcDbPoint
 10
249.364379
 20
78.592443
 30
0.0
  0
POINT
  5
11D5
330
6ED
100
AcDbEntity
  8
Defpoints
 62
0
440
16777216
100
AcDbPoint
 10
263.364379
 20
99.056969
 30
0.0
  0
POINT
  5
11D6
330
6ED
100
AcDbEntity
  8
Defpoints
 62
0
440
16777216
100
AcDbPoint
 10
263.364379
 20
53.073601
 30
0.0
  0
ENDBLK
  5
6EF
330
6ED
100
AcDbEntity
  8
0
100
AcDbBlockEnd
  0
BLOCK
  5
6FA
330
6F9
100
AcDbEntity
  8
0
100
AcDbBlockBegin
  2
*D80
 70
1
 10
0.0
 20
0.0
 30
0.0
  3
*D80
  1

  0
LINE
  5
11D7
330
6F9
100
AcDbEntity
  8
FD_Dimensions
 62
0
370
-2
440
16777216
100
AcDbLine
 10
252.464379
 20
93.739969
 30
0.0
 11
270.115453
 21
93.739969
 31
0.0
  0
LINE
  5
11D8
330
6F9
100
AcDbEntity
  8
FD_Dimensions
 62
0
370
-2
440
16777216
100
AcDbLine
 10
252.464379
 20
89.739969
 30
0.0
 11
270.115453
 21
89.739969
 31
0.0
  0
LINE
  5
11D9
330
6F9
100
AcDbEntity
  8
FD_Dimensions
 62
0
370
-2
440
16777216
100
AcDbLine
 10
268.615453
 20
96.239969
 30
0.0
 11
268.615453
 21
98.739969
 31
0.0
  0
LINE
  5
11DA
330
6F9
100
AcDbEntity
  8
FD_Dimensions
 62
0
370
-2
440
16777216
100
AcDbLine
 10
268.615453
 20
87.239969
 30
0.0
 11
268.615453
 21
76.154021
 31
0.0
  0
LINE
  5
11DB
330
6F9
100
AcDbEntity
  8
FD_Dimensions
 62
0
370
-2
440
16777216
100
AcDbLine
 10
268.615453
 20
93.739969
 30
0.0
 11
268.615453
 21
89.739969
 31
0.0
  0
SOLID
  5
11DC
330
6F9
100
AcDbEntity
  8
FD_Dimensions
 62
0
440
16777216
100
AcDbTrace
 10
268.198787
 20
96.239969
 30
0.0
 11
269.03212
 21
96.239969
 31
0.0
 12
268.615453
 22
93.739969
 32
0.0
 13
268.615453
 23
93.739969
 33
0.0
  0
SOLID
  5
11DD
330
6F9
100
AcDbEntity
  8
FD_Dimensions
 62
0
440
16777216
100
AcDbTrace
 10
268.198787
 20
87.239969
 30
0.0
 11
269.03212
 21
87.239969
 31
0.0
 12
268.615453
 22
89.739969
 32
0.0
 13
268.615453
 23
89.739969
 33
0.0
  0
MTEXT
  5
11DE
330
6F9
100
AcDbEntity
  8
FD_Dimensions
 62
0
440
16777216
100
AcDbMText
 10
266.339021
 20
80.446995
 30
0.0
 40
2.5
 41
0.0
 46
0.0
 71
5
  1
4.00
 11
0.0
 21
1.0
 31
0.0
  0
POINT
  5
11DF
330
6F9
100
AcDbEntity
  8
Defpoints
 62
0
440
16777216
100
AcDbPoint
 10
250.364379
 20
93.739969
 30
0.0
  0
POINT
  5
11E0
330
6F9
100
AcDbEntity
  8
Defpoints
 62
0
440
16777216
100
AcDbPoint
 10
250.364379
 20
89.739969
 30
0.0
  0
POINT
  5
11E1
330
6F9
100
AcDbEntity
  8
Defpoints
 62
0
440
16777216
100
AcDbPoint
 10
268.615453
 20
89.739969
 30
0.0
  0
ENDBLK
  5
6FB
330
6F9
100
AcDbEntity
  8
0
100
AcDbBlockEnd
  0
BLOCK
  5
708
330
707
100
AcDbEntity
  8
0
100
AcDbBlockBegin
  2
*D81
 70
1
 10
0.0
 20
0.0
 30
0.0
  3
*D81
  1

  0
LINE
  5
11E2
330
707
100
AcDbEntity
  8
FD_Dimensions
 62
0
370
-2
440
16777216
100
AcDbLine
 10
30.679246
 20
120.306969
 30
0.0
 11
16.279246
 21
120.306969
 31
0.0
  0
LINE
  5
11E3
330
707
100
AcDbEntity
  8
FD_Dimensions
 62
0
370
-2
440
16777216
100
AcDbLine
 10
30.679246
 20
99.056969
 30
0.0
 11
16.279246
 21
99.056969
 31
0.0
  0
LINE
  5
11E4
330
707
100
AcDbEntity
  8
FD_Dimensions
 62
0
370
-2
440
16777216
100
AcDbLine
 10
17.779246
 20
117.806969
 30
0.0
 11
17.779246
 21
101.556969
 31
0.0
  0
SOLID
  5
11E5
330
707
100
AcDbEntity
  8
FD_Dimensions
 62
0
440
16777216
100
AcDbTrace
 10
17.36258
 20
117.806969
 30
0.0
 11
18.195913
 21
117.806969
 31
0.0
 12
17.779246
 22
120.306969
 32
0.0
 13
17.779246
 23
120.306969
 33
0.0
  0
SOLID
  5
11E6
330
707
100
AcDbEntity
  8
FD_Dimensions
 62
0
440
16777216
100
AcDbTrace
 10
17.36258
 20
101.556969
 30
0.0
 11
18.195913
 21
101.556969
 31
0.0
 12
17.779246
 22
99.056969
 32
0.0
 13
17.779246
 23
99.056969
 33
0.0
  0
MTEXT
  5
11E7
330
707
100
AcDbEntity
  8
FD_Dimensions
 62
0
440
16777216
100
AcDbMText
 10
15.502814
 20
109.681969
 30
0.0
 40
2.5
 41
0.0
 46
0.0
 71
5
  1
21.25
 11
0.0
 21
1.0
 31
0.0
  0
POINT
  5
11E8
330
707
100
AcDbEntity
  8
Defpoints
 62
0
440
16777216
100
AcDbPoint
 10
32.779246
 20
120.306969
 30
0.0
  0
POINT
  5
11E9
330
707
100
AcDbEntity
  8
Defpoints
 62
0
440
16777216
100
AcDbPoint
 10
32.779246
 20
99.056969
 30
0.0
  0
POINT
  5
11EA
330
707
100
AcDbEntity
  8
Defpoints
 62
0
440
16777216
100
AcDbPoint
 10
17.779246
 20
99.056969
 30
0.0
  0
ENDBLK
  5
709
330
707
100
AcDbEntity
  8
0
100
AcDbBlockEnd
  0
BLOCK
  5
714
330
713
100
AcDbEntity
  8
0
100
AcDbBlockBegin
  2
*D82
 70
1
 10
0.0
 20
0.0
 30
0.0
  3
*D82
  1

  0
LINE
  5
11EB
330
713
100
AcDbEntity
  8
FD_Dimensions
 62
0
370
-2
440
16777216
100
AcDbLine
 10
40.736761
 20
104.056969
 30
0.0
 11
26.279246
 21
104.056969
 31
0.0
  0
LINE
  5
11EC
330
713
100
AcDbEntity
  8
FD_Dimensions
 62
0
370
-2
440
16777216
100
AcDbLine
 10
40.679246
 20
99.056969
 30
0.0
 11
26.279246
 21
99.056969
 31
0.0
  0
LINE
  5
11ED
330
713
100
AcDbEntity
  8
FD_Dimensions
 62
0
370
-2
440
16777216
100
AcDbLine
 10
27.779246
 20
106.556969
 30
0.0
 11
27.779246
 21
109.056969
 31
0.0
  0
LINE
  5
11EE
330
713
100
AcDbEntity
  8
FD_Dimensions
 62
0
370
-2
440
16777216
100
AcDbLine
 10
27.779246
 20
96.556969
 30
0.0
 11
27.779246
 21
85.571635
 31
0.0
  0
LINE
  5
11EF
330
713
100
AcDbEntity
  8
FD_Dimensions
 62
0
370
-2
440
16777216
100
AcDbLine
 10
27.779246
 20
104.056969
 30
0.0
 11
27.779246
 21
99.056969
 31
0.0
  0
SOLID
  5
11F0
330
713
100
AcDbEntity
  8
FD_Dimensions
 62
0
440
16777216
100
AcDbTrace
 10
27.36258
 20
106.556969
 30
0.0
 11
28.195913
 21
106.556969
 31
0.0
 12
27.779246
 22
104.056969
 32
0.0
 13
27.779246
 23
104.056969
 33
0.0
  0
SOLID
  5
11F1
330
713
100
AcDbEntity
  8
FD_Dimensions
 62
0
440
16777216
100
AcDbTrace
 10
27.36258
 20
96.556969
 30
0.0
 11
28.195913
 21
96.556969
 31
0.0
 12
27.779246
 22
99.056969
 32
0.0
 13
27.779246
 23
99.056969
 33
0.0
  0
MTEXT
  5
11F2
330
713
100
AcDbEntity
  8
FD_Dimensions
 62
0
440
16777216
100
AcDbMText
 10
25.502814
 20
89.814302
 30
0.0
 40
2.5
 41
0.0
 46
0.0
 71
5
  1
5.00
 11
0.0
 21
1.0
 31
0.0
  0
POINT
  5
11F3
330
713
100
AcDbEntity
  8
Defpoints
 62
0
440
16777216
100
AcDbPoint
 10
42.836761
 20
104.056969
 30
0.0
  0
POINT
  5
11F4
330
713
100
AcDbEntity
  8
Defpoints
 62
0
440
16777216
100
AcDbPoint
 10
42.779246
 20
99.056969
 30
0.0
  0
POINT
  5
11F5
330
713
100
AcDbEntity
  8
Defpoints
 62
0
440
16777216
100
AcDbPoint
 10
27.779246
 20
99.056969
 30
0.0
  0
ENDBLK
  5
715
330
713
100
AcDbEntity
  8
0
100
AcDbBlockEnd
  0
BLOCK
  5
722
330
721
100
AcDbEntity
  8
0
100
AcDbBlockBegin
  2
*D83
 70
1
 10
0.0
 20
0.0
 30
0.0
  3
*D83
  1

  0
LINE
  5
11F6
330
721
100
AcDbEntity
  8
FD_Dimensions
 62
0
370
-2
440
16777216
100
AcDbLine
 10
51.879246
 20
92.739961
 30
0.0
 11
58.779246
 21
92.739961
 31
0.0
  0
LINE
  5
11F7
330
721
100
AcDbEntity
  8
FD_Dimensions
 62
0
370
-2
440
16777216
100
AcDbLine
 10
51.879246
 20
90.739977
 30
0.0
 11
58.779246
 21
90.739977
 31
0.0
  0
LINE
  5
11F8
330
721
100
AcDbEntity
  8
FD_Dimensions
 62
0
370
-2
440
16777216
100
AcDbLine
 10
57.279246
 20
95.239961
 30
0.0
 11
57.279246
 21
97.739961
 31
0.0
  0
LINE
  5
11F9
330
721
100
AcDbEntity
  8
FD_Dimensions
 62
0
370
-2
440
16777216
100
AcDbLine
 10
57.279246
 20
88.239977
 30
0.0
 11
57.279246
 21
77.21201
 31
0.0
  0
LINE
  5
11FA
330
721
100
AcDbEntity
  8
FD_Dimensions
 62
0
370
-2
440
16777216
100
AcDbLine
 10
57.279246
 20
92.739961
 30
0.0
 11
57.279246
 21
90.739977
 31
0.0
  0
SOLID
  5
11FB
330
721
100
AcDbEntity
  8
FD_Dimensions
 62
0
440
16777216
100
AcDbTrace
 10
56.86258
 20
95.239961
 30
0.0
 11
57.695913
 21
95.239961
 31
0.0
 12
57.279246
 22
92.739961
 32
0.0
 13
57.279246
 23
92.739961
 33
0.0
  0
SOLID
  5
11FC
330
721
100
AcDbEntity
  8
FD_Dimensions
 62
0
440
16777216
100
AcDbTrace
 10
56.86258
 20
88.239977
 30
0.0
 11
57.695913
 21
88.239977
 31
0.0
 12
57.279246
 22
90.739977
 32
0.0
 13
57.279246
 23
90.739977
 33
0.0
  0
MTEXT
  5
11FD
330
721
100
AcDbEntity
  8
FD_Dimensions
 62
0
440
16777216
100
AcDbMText
 10
55.002814
 20
81.475993
 30
0.0
 40
2.5
 41
0.0
 46
0.0
 71
5
  1
2.00
 11
0.0
 21
1.0
 31
0.0
  0
POINT
  5
11FE
330
721
100
AcDbEntity
  8
Defpoints
 62
0
440
16777216
100
AcDbPoint
 10
49.779246
 20
92.739961
 30
0.0
  0
POINT
  5
11FF
330
721
100
AcDbEntity
  8
Defpoints
 62
0
440
16777216
100
AcDbPoint
 10
49.779246
 20
90.739977
 30
0.0
  0
POINT
  5
1200
330
721
100
AcDbEntity
  8
Defpoints
 62
0
440
16777216
100
AcDbPoint
 10
57.279246
 20
90.739977
 30
0.0
  0
ENDBLK
  5
723
330
721
100
AcDbEntity
  8
0
100
AcDbBlockEnd
  0
BLOCK
  5
730
330
72F
100
AcDbEntity
  8
0
100
AcDbBlockBegin
  2
*D84
 70
1
 10
0.0
 20
0.0
 30
0.0
  3
*D84
  1

  0
LINE
  5
1201
330
72F
100
AcDbEntity
  8
FD_Dimensions
 62
0
370
-2
440
16777216
100
AcDbLine
 10
45.779246
 20
88.639977
 30
0.0
 11
45.779246
 21
69.166888
 31
0.0
  0
LINE
  5
1202
330
72F
100
AcDbEntity
  8
FD_Dimensions
 62
0
370
-2
440
16777216
100
AcDbLine
 10
49.779246
 20
88.639977
 30
0.0
 11
49.779246
 21
69.166888
 31
0.0
  0
LINE
  5
1203
330
72F
100
AcDbEntity
  8
FD_Dimensions
 62
0
370
-2
440
16777216
100
AcDbLine
 10
43.279246
 20
70.666888
 30
0.0
 11
40.779246
 21
70.666888
 31
0.0
  0
LINE
  5
1204
330
72F
100
AcDbEntity
  8
FD_Dimensions
 62
0
370
-2
440
16777216
100
AcDbLine
 10
52.279246
 20
70.666888
 30
0.0
 11
63.365195
 21
70.666888
 31
0.0
  0
LINE
  5
1205
330
72F
100
AcDbEntity
  8
FD_Dimensions
 62
0
370
-2
440
16777216
100
AcDbLine
 10
45.779246
 20
70.666888
 30
0.0
 11
49.779246
 21
70.666888
 31
0.0
  0
SOLID
  5
1206
330
72F
100
AcDbEntity
  8
FD_Dimensions
 62
0
440
16777216
100
AcDbTrace
 10
43.279246
 20
71.083554
 30
0.0
 11
43.279246
 21
70.250221
 31
0.0
 12
45.779246
 22
70.666888
 32
0.0
 13
45.779246
 23
70.666888
 33
0.0
  0
SOLID
  5
1207
330
72F
100
AcDbEntity
  8
FD_Dimensions
 62
0
440
16777216
100
AcDbTrace
 10
52.279246
 20
71.083554
 30
0.0
 11
52.279246
 21
70.250221
 31
0.0
 12
49.779246
 22
70.666888
 32
0.0
 13
49.779246
 23
70.666888
 33
0.0
  0
MTEXT
  5
1208
330
72F
100
AcDbEntity
  8
FD_Dimensions
 62
0
440
16777216
100
AcDbMText
 10
59.072221
 20
72.94332
 30
0.0
 40
2.5
 41
0.0
 46
0.0
 71
5
  1
4.00
  0
POINT
  5
1209
330
72F
100
AcDbEntity
  8
Defpoints
 62
0
440
16777216
100
AcDbPoint
 10
45.779246
 20
90.739977
 30
0.0
  0
POINT
  5
120A
330
72F
100
AcDbEntity
  8
Defpoints
 62
0
440
16777216
100
AcDbPoint
 10
49.779246
 20
90.739977
 30
0.0
  0
POINT
  5
120B
330
72F
100
AcDbEntity
  8
Defpoints
 62
0
440
16777216
100
AcDbPoint
 10
49.779246
 20
70.666888
 30
0.0
  0
ENDBLK
  5
731
330
72F
100
AcDbEntity
  8
0
100
AcDbBlockEnd
  0
BLOCK
  5
73E
330
73D
100
AcDbEntity
  8
0
100
AcDbBlockBegin
  2
*D85
 70
1
 10
0.0
 20
0.0
 30
0.0
  3
*D85
  1

  0
LINE
  5
120C
330
73D
100
AcDbEntity
  8
FD_Dimensions
 62
0
370
-2
440
16777216
100
AcDbLine
 10
47.879246
 20
93.739965
 30
0.0
 11
65.317316
 21
93.739965
 31
0.0
  0
LINE
  5
120D
330
73D
100
AcDbEntity
  8
FD_Dimensions
 62
0
370
-2
440
16777216
100
AcDbLine
 10
47.879246
 20
89.739973
 30
0.0
 11
65.317316
 21
89.739973
 31
0.0
  0
LINE
  5
120E
330
73D
100
AcDbEntity
  8
FD_Dimensions
 62
0
370
-2
440
16777216
100
AcDbLine
 10
63.817316
 20
96.239965
 30
0.0
 11
63.817316
 21
98.739965
 31
0.0
  0
LINE
  5
120F
330
73D
100
AcDbEntity
  8
FD_Dimensions
 62
0
370
-2
440
16777216
100
AcDbLine
 10
63.817316
 20
87.239973
 30
0.0
 11
63.817316
 21
76.154025
 31
0.0
  0
LINE
  5
1210
330
73D
100
AcDbEntity
  8
FD_Dimensions
 62
0
370
-2
440
16777216
100
AcDbLine
 10
63.817316
 20
93.739965
 30
0.0
 11
63.817316
 21
89.739973
 31
0.0
  0
SOLID
  5
1211
330
73D
100
AcDbEntity
  8
FD_Dimensions
 62
0
440
16777216
100
AcDbTrace
 10
63.400649
 20
96.239965
 30
0.0
 11
64.233983
 21
96.239965
 31
0.0
 12
63.817316
 22
93.739965
 32
0.0
 13
63.817316
 23
93.739965
 33
0.0
  0
SOLID
  5
1212
330
73D
100
AcDbEntity
  8
FD_Dimensions
 62
0
440
16777216
100
AcDbTrace
 10
63.400649
 20
87.239973
 30
0.0
 11
64.233983
 21
87.239973
 31
0.0
 12
63.817316
 22
89.739973
 32
0.0
 13
63.817316
 23
89.739973
 33
0.0
  0
MTEXT
  5
1213
330
73D
100
AcDbEntity
  8
FD_Dimensions
 62
0
440
16777216
100
AcDbMText
 10
61.540884
 20
80.446999
 30
0.0
 40
2.5
 41
0.0
 46
0.0
 71
5
  1
4.00
 11
0.0
 21
1.0
 31
0.0
  0
POINT
  5
1214
330
73D
100
AcDbEntity
  8
Defpoints
 62
0
440
16777216
100
AcDbPoint
 10
45.779246
 20
93.739965
 30
0.0
  0
POINT
  5
1215
330
73D
100
AcDbEntity
  8
Defpoints
 62
0
440
16777216
100
AcDbPoint
 10
45.779246
 20
89.739973
 30
0.0
  0
POINT
  5
1216
330
73D
100
AcDbEntity
  8
Defpoints
 62
0
440
16777216
100
AcDbPoint
 10
63.817316
 20
89.739973
 30
0.0
  0
ENDBLK
  5
73F
330
73D
100
AcDbEntity
  8
0
100
AcDbBlockEnd
  0
BLOCK
  5
74C
330
74B
100
AcDbEntity
  8
0
100
AcDbBlockBegin
  2
*D86
 70
1
 10
0.0
 20
0.0
 30
0.0
  3
*D86
  1

  0
LINE
  5
1217
330
74B
100
AcDbEntity
  8
FD_Dimensions
 62
0
370
-2
440
16777216
100
AcDbLine
 10
124.15418
 20
31.807746
 30
0.0
 11
144.963926
 21
31.807746
 31
0.0
  0
LINE
  5
1218
330
74B
100
AcDbEntity
  8
FD_Dimensions
 62
0
370
-2
440
16777216
100
AcDbLine
 10
127.15418
 20
28.807746
 30
0.0
 11
144.963926
 21
28.807746
 31
0.0
  0
LINE
  5
1219
330
74B
100
AcDbEntity
  8
FD_Dimensions
 62
0
370
-2
440
16777216
100
AcDbLine
 10
143.463926
 20
34.307746
 30
0.0
 11
143.463926
 21
36.807746
 31
0.0
  0
LINE
  5
121A
330
74B
100
AcDbEntity
  8
FD_Dimensions
 62
0
370
-2
440
16777216
100
AcDbLine
 10
143.463926
 20
26.307746
 30
0.0
 11
143.463926
 21
15.324117
 31
0.0
  0
LINE
  5
121B
330
74B
100
AcDbEntity
  8
FD_Dimensions
 62
0
370
-2
440
16777216
100
AcDbLine
 10
143.463926
 20
31.807746
 30
0.0
 11
143.463926
 21
28.807746
 31
0.0
  0
SOLID
  5
121C
330
74B
100
AcDbEntity
  8
FD_Dimensions
 62
0
440
16777216
100
AcDbTrace
 10
143.047259
 20
34.307746
 30
0.0
 11
143.880592
 21
34.307746
 31
0.0
 12
143.463926
 22
31.807746
 32
0.0
 13
143.463926
 23
31.807746
 33
0.0
  0
SOLID
  5
121D
330
74B
100
AcDbEntity
  8
FD_Dimensions
 62
0
440
16777216
100
AcDbTrace
 10
143.047259
 20
26.307746
 30
0.0
 11
143.880592
 21
26.307746
 31
0.0
 12
143.463926
 22
28.807746
 32
0.0
 13
143.463926
 23
28.807746
 33
0.0
  0
MTEXT
  5
121E
330
74B
100
AcDbEntity
  8
FD_Dimensions
 62
0
440
16777216
100
AcDbMText
 10
141.18664
 20
19.565932
 30
0.0
 40
2.5
 41
0.0
 46
0.0
 71
5
  1
3.00
 11
0.0
 21
1.0
 31
0.0
  0
POINT
  5
121F
330
74B
100
AcDbEntity
  8
Defpoints
 62
0
440
16777216
100
AcDbPoint
 10
122.05418
 20
31.807746
 30
0.0
  0
POINT
  5
1220
330
74B
100
AcDbEntity
  8
Defpoints
 62
0
440
16777216
100
AcDbPoint
 10
125.05418
 20
28.807746
 30
0.0
  0
POINT
  5
1221
330
74B
100
AcDbEntity
  8
Defpoints
 62
0
440
16777216
100
AcDbPoint
 10
143.463926
 20
28.807746
 30
0.0
  0
ENDBLK
  5
74D
330
74B
100
AcDbEntity
  8
0
100
AcDbBlockEnd
  0
BLOCK
  5
75A
330
759
100
AcDbEntity
  8
0
100
AcDbBlockBegin
  2
*D87
 70
1
 10
0.0
 20
0.0
 30
0.0
  3
*D87
  1

  0
LINE
  5
1222
330
759
100
AcDbEntity
  8
FD_Dimensions
 62
0
370
-2
440
16777216
100
AcDbLine
 10
122.05418
 20
29.707746
 30
0.0
 11
122.05418
 21
14.930423
 31
0.0
  0
LINE
  5
1223
330
759
100
AcDbEntity
  8
FD_Dimensions
 62
0
370
-2
440
16777216
100
AcDbLine
 10
125.05418
 20
26.707746
 30
0.0
 11
125.05418
 21
14.930423
 31
0.0
  0
LINE
  5
1224
330
759
100
AcDbEntity
  8
FD_Dimensions
 62
0
370
-2
440
16777216
100
AcDbLine
 10
119.55418
 20
16.430423
 30
0.0
 11
117.05418
 21
16.430423
 31
0.0
  0
LINE
  5
1225
330
759
100
AcDbEntity
  8
FD_Dimensions
 62
0
370
-2
440
16777216
100
AcDbLine
 10
127.55418
 20
16.430423
 30
0.0
 11
138.537809
 21
16.430423
 31
0.0
  0
LINE
  5
1226
330
759
100
AcDbEntity
  8
FD_Dimensions
 62
0
370
-2
440
16777216
100
AcDbLine
 10
122.05418
 20
16.430423
 30
0.0
 11
125.05418
 21
16.430423
 31
0.0
  0
SOLID
  5
1227
330
759
100
AcDbEntity
  8
FD_Dimensions
 62
0
440
16777216
100
AcDbTrace
 10
119.55418
 20
16.84709
 30
0.0
 11
119.55418
 21
16.013757
 31
0.0
 12
122.05418
 22
16.430423
 32
0.0
 13
122.05418
 23
16.430423
 33
0.0
  0
SOLID
  5
1228
330
759
100
AcDbEntity
  8
FD_Dimensions
 62
0
440
16777216
100
AcDbTrace
 10
127.55418
 20
16.84709
 30
0.0
 11
127.55418
 21
16.013757
 31
0.0
 12
125.05418
 22
16.430423
 32
0.0
 13
125.05418
 23
16.430423
 33
0.0
  0
MTEXT
  5
1229
330
759
100
AcDbEntity
  8
FD_Dimensions
 62
0
440
16777216
100
AcDbMText
 10
134.295995
 20
18.707709
 30
0.0
 40
2.5
 41
0.0
 46
0.0
 71
5
  1
3.00
  0
POINT
  5
122A
330
759
100
AcDbEntity
  8
Defpoints
 62
0
440
16777216
100
AcDbPoint
 10
122.05418
 20
31.807746
 30
0.0
  0
POINT
  5
122B
330
759
100
AcDbEntity
  8
Defpoints
 62
0
440
16777216
100
AcDbPoint
 10
125.05418
 20
28.807746
 30
0.0
  0
POINT
  5
122C
330
759
100
AcDbEntity
  8
Defpoints
 62
0
440
16777216
100
AcDbPoint
 10
125.05418
 20
16.430423
 30
0.0
  0
ENDBLK
  5
75B
330
759
100
AcDbEntity
  8
0
100
AcDbBlockEnd
  0
BLOCK
  5
768
330
767
100
AcDbEntity
  8
0
100
AcDbBlockBegin
  2
*D88
 70
1
 10
0.0
 20
0.0
 30
0.0
  3
*D88
  1

  0
LINE
  5
122D
330
767
100
AcDbEntity
  8
FD_Dimensions
 62
0
370
-2
440
16777216
100
AcDbLine
 10
250.364379
 20
127.406969
 30
0.0
 11
250.364379
 21
150.513665
 31
0.0
  0
LINE
  5
122E
330
767
100
AcDbEntity
  8
FD_Dimensions
 62
0
370
-2
440
16777216
100
AcDbLine
 10
263.364379
 20
146.656969
 30
0.0
 11
263.364379
 21
150.513665
 31
0.0
  0
LINE
  5
122F
330
767
100
AcDbEntity
  8
FD_Dimensions
 62
0
370
-2
440
16777216
100
AcDbLine
 10
252.864379
 20
149.013665
 30
0.0
 11
260.864379
 21
149.013665
 31
0.0
  0
SOLID
  5
1230
330
767
100
AcDbEntity
  8
FD_Dimensions
 62
0
440
16777216
100
AcDbTrace
 10
252.864379
 20
149.430332
 30
0.0
 11
252.864379
 21
148.596999
 31
0.0
 12
250.364379
 22
149.013665
 32
0.0
 13
250.364379
 23
149.013665
 33
0.0
  0
SOLID
  5
1231
330
767
100
AcDbEntity
  8
FD_Dimensions
 62
0
440
16777216
100
AcDbTrace
 10
260.864379
 20
149.430332
 30
0.0
 11
260.864379
 21
148.596999
 31
0.0
 12
263.364379
 22
149.013665
 32
0.0
 13
263.364379
 23
149.013665
 33
0.0
  0
MTEXT
  5
1232
330
767
100
AcDbEntity
  8
FD_Dimensions
 62
0
440
16777216
100
AcDbMText
 10
256.864379
 20
151.290951
 30
0.0
 40
2.5
 41
0.0
 46
0.0
 71
5
  1
13.00
  0
POINT
  5
1233
330
767
100
AcDbEntity
  8
Defpoints
 62
0
440
16777216
100
AcDbPoint
 10
250.364379
 20
125.306969
 30
0.0
  0
POINT
  5
1234
330
767
100
AcDbEntity
  8
Defpoints
 62
0
440
16777216
100
AcDbPoint
 10
263.364379
 20
144.556969
 30
0.0
  0
POINT
  5
1235
330
767
100
AcDbEntity
  8
Defpoints
 62
0
440
16777216
100
AcDbPoint
 10
263.364379
 20
149.013665
 30
0.0
  0
ENDBLK
  5
769
330
767
100
AcDbEntity
  8
0
100
AcDbBlockEnd
  0
BLOCK
  5
774
330
773
100
AcDbEntity
  8
0
100
AcDbBlockBegin
  2
*D89
 70
1
 10
0.0
 20
0.0
 30
0.0
  3
*D89
  1

  0
ARC
  5
1236
330
773
100
AcDbEntity
  8
FD_Dimensions
 62
0
370
-2
440
16777216
100
AcDbCircle
 10
197.159236
 20
117.965875
 30
0.0
 40
32.71063025198034
100
AcDbArc
 50
59.239888
 51
63.619942
  0
ARC
  5
1237
330
773
100
AcDbEntity
  8
FD_Dimensions
 62
0
370
-2
440
16777216
100
AcDbCircle
 10
197.159236
 20
117.965875
 30
0.0
 40
32.71063025198034
100
AcDbArc
 50
94.380054
 51
98.760108
  0
ARC
  5
1238
330
773
100
AcDbEntity
  8
FD_Dimensions
 62
0
370
-2
440
16777216
100
AcDbCircle
 10
197.159236
 20
117.965875
 30
0.0
 40
32.71063025198034
100
AcDbArc
 50
67.999997
 51
90.0
  0
SOLID
  5
1239
330
773
100
AcDbEntity
  8
FD_Dimensions
 62
0
440
16777216
100
AcDbTrace
 10
211.522599
 20
146.890152
 30
0.0
 11
211.864069
 21
147.650311
 31
0.0
 12
209.412856
 22
148.294642
 32
0.0
 13
209.412856
 23
148.294642
 33
0.0
  0
SOLID
  5
123A
330
773
100
AcDbEntity
  8
FD_Dimensions
 62
0
440
16777216
100
AcDbTrace
 10
194.64514
 20
150.997333
 30
0.0
 11
194.676985
 21
150.164608
 31
0.0
 12
197.159236
 22
150.676505
 32
0.0
 13
197.159236
 23
150.676505
 33
0.0
  0
MTEXT
  5
123B
330
773
100
AcDbEntity
  8
FD_Dimensions
 62
0
440
16777216
100
AcDbMText
 10
203.835083
 20
152.310126
 30
0.0
 40
2.5
 41
0.0
 46
0.0
 71
5
  1
22.00\U+00B0
 11
0.981627
 21
-0.190809
 31
0.0
  0
POINT
  5
123C
330
773
100
AcDbEntity
  8
Defpoints
 62
0
440
16777216
100
AcDbPoint
 10
205.441411
 20
149.610636
 30
0.0
  0
POINT
  5
123D
330
773
100
AcDbEntity
  8
Defpoints
 62
0
440
16777216
100
AcDbPoint
 10
197.159236
 20
158.502912
 30
0.0
  0
POINT
  5
123E
330
773
100
AcDbEntity
  8
Defpoints
 62
0
440
16777216
100
AcDbPoint
 10
223.279237
 20
182.615134
 30
0.0
  0
POINT
  5
123F
330
773
100
AcDbEntity
  8
Defpoints
 62
0
440
16777216
100
AcDbPoint
 10
203.806854
 20
134.419304
 30
0.0
  0
POINT
  5
1240
330
773
100
AcDbEntity
  8
Defpoints
 62
0
440
16777216
100
AcDbPoint
 10
197.159236
 20
68.842066
 30
0.0
  0
ENDBLK
  5
775
330
773
100
AcDbEntity
  8
0
100
AcDbBlockEnd
  0
BLOCK
  5
782
330
781
100
AcDbEntity
  8
0
100
AcDbBlockBegin
  2
*D90
 70
1
 10
0.0
 20
0.0
 30
0.0
  3
*D90
  1

  0
LINE
  5
1241
330
781
100
AcDbEntity
  8
FD_Dimensions
 62
0
370
-2
440
16777216
100
AcDbLine
 10
115.045542
 20
27.076236
 30
0.0
 11
102.331032
 21
31.236696
 31
0.0
  0
MTEXT
  5
1242
330
781
100
AcDbEntity
  8
FD_Dimensions
 62
0
440
16777216
100
AcDbMText
 10
110.58426
 20
30.93127
 30
0.0
 40
2.5
 41
0.0
 46
0.0
 71
5
  1
R2.00
 11
0.950412
 21
-0.310995
 31
0.0
  0
LINE
  5
1243
330
781
100
AcDbEntity
  8
FD_Dimensions
 62
0
370
-2
440
16777216
100
AcDbLine
 10
98.05418
 20
32.636174
 30
0.0
 11
99.955003
 21
32.014183
 31
0.0
  0
SOLID
  5
1244
330
781
100
AcDbEntity
  8
FD_Dimensions
 62
0
440
16777216
100
AcDbTrace
 10
102.460613
 20
31.632701
 30
0.0
 11
102.201451
 21
30.840691
 31
0.0
 12
99.955003
 22
32.014183
 32
0.0
 13
99.955003
 23
32.014183
 33
0.0
  0
POINT
  5
1245
330
781
100
AcDbEntity
  8
Defpoints
 62
0
440
16777216
100
AcDbPoint
 10
99.955003
 20
32.014183
 30
0.0
  0
POINT
  5
1246
330
781
100
AcDbEntity
  8
Defpoints
 62
0
440
16777216
100
AcDbPoint
 10
98.05418
 20
32.636174
 30
0.0
  0
ENDBLK
  5
783
330
781
100
AcDbEntity
  8
0
100
AcDbBlockEnd
  0
BLOCK
  5
78B
330
78A
100
AcDbEntity
  8
0
100
AcDbBlockBegin
  2
*D91
 70
1
 10
0.0
 20
0.0
 30
0.0
  3
*D91
  1

  0
LINE
  5
1247
330
78A
100
AcDbEntity
  8
FD_Dimensions
 62
0
370
-2
440
16777216
100
AcDbLine
 10
105.951267
 20
9.862366
 30
0.0
 11
98.120894
 21
26.726271
 31
0.0
  0
MTEXT
  5
1248
330
78A
100
AcDbEntity
  8
FD_Dimensions
 62
0
440
16777216
100
AcDbMText
 10
105.725407
 20
15.754166
 30
0.0
 40
2.5
 41
0.0
 46
0.0
 71
5
  1
R2.00
 11
0.421142
 21
-0.906995
 31
0.0
  0
LINE
  5
1249
330
78A
100
AcDbEntity
  8
FD_Dimensions
 62
0
370
-2
440
16777216
100
AcDbLine
 10
96.225753
 20
30.807746
 30
0.0
 11
97.068038
 21
28.993757
 31
0.0
  0
SOLID
  5
124A
330
78A
100
AcDbEntity
  8
FD_Dimensions
 62
0
440
16777216
100
AcDbTrace
 10
98.498808
 20
26.901747
 30
0.0
 11
97.74298
 21
26.550795
 31
0.0
 12
97.068038
 22
28.993757
 32
0.0
 13
97.068038
 23
28.993757
 33
0.0
  0
POINT
  5
124B
330
78A
100
AcDbEntity
  8
Defpoints
 62
0
440
16777216
100
AcDbPoint
 10
97.068038
 20
28.993757
 30
0.0
  0
POINT
  5
124C
330
78A
100
AcDbEntity
  8
Defpoints
 62
0
440
16777216
100
AcDbPoint
 10
96.225753
 20
30.807746
 30
0.0
  0
ENDBLK
  5
78C
330
78A
100
AcDbEntity
  8
0
100
AcDbBlockEnd
  0
BLOCK
  5
794
330
793
100
AcDbEntity
  8
0
100
AcDbBlockBegin
  2
*D92
 70
1
 10
0.0
 20
0.0
 30
0.0
  3
*D92
  1

  0
LINE
  5
124D
330
793
100
AcDbEntity
  8
FD_Dimensions
 62
0
370
-2
440
16777216
100
AcDbLine
 10
32.779246
 20
70.456969
 30
0.0
 11
32.779246
 21
63.556969
 31
0.0
  0
LINE
  5
124E
330
793
100
AcDbEntity
  8
FD_Dimensions
 62
0
370
-2
440
16777216
100
AcDbLine
 10
34.279246
 20
70.456969
 30
0.0
 11
34.279246
 21
63.556969
 31
0.0
  0
LINE
  5
124F
330
793
100
AcDbEntity
  8
FD_Dimensions
 62
0
370
-2
440
16777216
100
AcDbLine
 10
30.279246
 20
65.056969
 30
0.0
 11
27.779246
 21
65.056969
 31
0.0
  0
LINE
  5
1250
330
793
100
AcDbEntity
  8
FD_Dimensions
 62
0
370
-2
440
16777216
100
AcDbLine
 10
36.779246
 20
65.056969
 30
0.0
 11
47.529246
 21
65.056969
 31
0.0
  0
LINE
  5
1251
330
793
100
AcDbEntity
  8
FD_Dimensions
 62
0
370
-2
440
16777216
100
AcDbLine
 10
32.779246
 20
65.056969
 30
0.0
 11
34.279246
 21
65.056969
 31
0.0
  0
SOLID
  5
1252
330
793
100
AcDbEntity
  8
FD_Dimensions
 62
0
440
16777216
100
AcDbTrace
 10
30.279246
 20
65.473636
 30
0.0
 11
30.279246
 21
64.640302
 31
0.0
 12
32.779246
 22
65.056969
 32
0.0
 13
32.779246
 23
65.056969
 33
0.0
  0
SOLID
  5
1253
330
793
100
AcDbEntity
  8
FD_Dimensions
 62
0
440
16777216
100
AcDbTrace
 10
36.779246
 20
65.473636
 30
0.0
 11
36.779246
 21
64.640302
 31
0.0
 12
34.279246
 22
65.056969
 32
0.0
 13
34.279246
 23
65.056969
 33
0.0
  0
MTEXT
  5
1254
330
793
100
AcDbEntity
  8
FD_Dimensions
 62
0
440
16777216
100
AcDbMText
 10
43.404246
 20
67.333401
 30
0.0
 40
2.5
 41
0.0
 46
0.0
 71
5
  1
1.50
  0
POINT
  5
1255
330
793
100
AcDbEntity
  8
Defpoints
 62
0
440
16777216
100
AcDbPoint
 10
32.779246
 20
72.556969
 30
0.0
  0
POINT
  5
1256
330
793
100
AcDbEntity
  8
Defpoints
 62
0
440
16777216
100
AcDbPoint
 10
34.279246
 20
72.556969
 30
0.0
  0
POINT
  5
1257
330
793
100
AcDbEntity
  8
Defpoints
 62
0
440
16777216
100
AcDbPoint
 10
34.279246
 20
65.056969
 30
0.0
  0
ENDBLK
  5
795
330
793
100
AcDbEntity
  8
0
100
AcDbBlockEnd
  0
BLOCK
  5
7A2
330
7A1
100
AcDbEntity
  8
0
100
AcDbBlockBegin
  2
*D93
 70
1
 10
0.0
 20
0.0
 30
0.0
  3
*D93
  1

  0
LINE
  5
1258
330
7A1
100
AcDbEntity
  8
FD_Dimensions
 62
0
370
-2
440
16777216
100
AcDbLine
 10
32.779246
 20
146.656969
 30
0.0
 11
32.779246
 21
148.773569
 31
0.0
  0
LINE
  5
1259
330
7A1
100
AcDbEntity
  8
FD_Dimensions
 62
0
370
-2
440
16777216
100
AcDbLine
 10
34.779246
 20
146.656969
 30
0.0
 11
34.779246
 21
148.773569
 31
0.0
  0
LINE
  5
125A
330
7A1
100
AcDbEntity
  8
FD_Dimensions
 62
0
370
-2
440
16777216
100
AcDbLine
 10
30.279246
 20
147.273569
 30
0.0
 11
27.779246
 21
147.273569
 31
0.0
  0
LINE
  5
125B
330
7A1
100
AcDbEntity
  8
FD_Dimensions
 62
0
370
-2
440
16777216
100
AcDbLine
 10
37.279246
 20
147.273569
 30
0.0
 11
48.307214
 21
147.273569
 31
0.0
  0
LINE
  5
125C
330
7A1
100
AcDbEntity
  8
FD_Dimensions
 62
0
370
-2
440
16777216
100
AcDbLine
 10
32.779246
 20
147.273569
 30
0.0
 11
34.779246
 21
147.273569
 31
0.0
  0
SOLID
  5
125D
330
7A1
100
AcDbEntity
  8
FD_Dimensions
 62
0
440
16777216
100
AcDbTrace
 10
30.279246
 20
147.690236
 30
0.0
 11
30.279246
 21
146.856902
 31
0.0
 12
32.779246
 22
147.273569
 32
0.0
 13
32.779246
 23
147.273569
 33
0.0
  0
SOLID
  5
125E
330
7A1
100
AcDbEntity
  8
FD_Dimensions
 62
0
440
16777216
100
AcDbTrace
 10
37.279246
 20
147.690236
 30
0.0
 11
37.279246
 21
146.856902
 31
0.0
 12
34.779246
 22
147.273569
 32
0.0
 13
34.779246
 23
147.273569
 33
0.0
  0
MTEXT
  5
125F
330
7A1
100
AcDbEntity
  8
FD_Dimensions
 62
0
440
16777216
100
AcDbMText
 10
44.04323
 20
149.550001
 30
0.0
 40
2.5
 41
0.0
 46
0.0
 71
5
  1
2.00
  0
POINT
  5
1260
330
7A1
100
AcDbEntity
  8
Defpoints
 62
0
440
16777216
100
AcDbPoint
 10
32.779246
 20
144.556969
 30
0.0
  0
POINT
  5
1261
330
7A1
100
AcDbEntity
  8
Defpoints
 62
0
440
16777216
100
AcDbPoint
 10
34.779246
 20
144.556969
 30
0.0
  0
POINT
  5
1262
330
7A1
100
AcDbEntity
  8
Defpoints
 62
0
440
16777216
100
AcDbPoint
 10
34.779246
 20
147.273569
 30
0.0
  0
ENDBLK
  5
7A3
330
7A1
100
AcDbEntity
  8
0
100
AcDbBlockEnd
  0
BLOCK
  5
7B0
330
7AF
100
AcDbEntity
  8
0
100
AcDbBlockBegin
  2
*D94
 70
1
 10
0.0
 20
0.0
 30
0.0
  3
*D94
  1

  0
LINE
  5
1263
330
7AF
100
AcDbEntity
  8
FD_Dimensions
 62
0
370
-2
440
16777216
100
AcDbLine
 10
265.464379
 20
144.556969
 30
0.0
 11
269.814046
 21
144.556969
 31
0.0
  0
LINE
  5
1264
330
7AF
100
AcDbEntity
  8
FD_Dimensions
 62
0
370
-2
440
16777216
100
AcDbLine
 10
265.464379
 20
143.556969
 30
0.0
 11
269.814046
 21
143.556969
 31
0.0
  0
LINE
  5
1265
330
7AF
100
AcDbEntity
  8
FD_Dimensions
 62
0
370
-2
440
16777216
100
AcDbLine
 10
268.314046
 20
147.056969
 30
0.0
 11
268.314046
 21
149.556969
 31
0.0
  0
LINE
  5
1266
330
7AF
100
AcDbEntity
  8
FD_Dimensions
 62
0
370
-2
440
16777216
100
AcDbLine
 10
268.314046
 20
141.056969
 30
0.0
 11
268.314046
 21
130.306969
 31
0.0
  0
LINE
  5
1267
330
7AF
100
AcDbEntity
  8
FD_Dimensions
 62
0
370
-2
440
16777216
100
AcDbLine
 10
268.314046
 20
144.556969
 30
0.0
 11
268.314046
 21
143.556969
 31
0.0
  0
SOLID
  5
1268
330
7AF
100
AcDbEntity
  8
FD_Dimensions
 62
0
440
16777216
100
AcDbTrace
 10
267.897379
 20
147.056969
 30
0.0
 11
268.730713
 21
147.056969
 31
0.0
 12
268.314046
 22
144.556969
 32
0.0
 13
268.314046
 23
144.556969
 33
0.0
  0
SOLID
  5
1269
330
7AF
100
AcDbEntity
  8
FD_Dimensions
 62
0
440
16777216
100
AcDbTrace
 10
267.897379
 20
141.056969
 30
0.0
 11
268.730713
 21
141.056969
 31
0.0
 12
268.314046
 22
143.556969
 32
0.0
 13
268.314046
 23
143.556969
 33
0.0
  0
MTEXT
  5
126A
330
7AF
100
AcDbEntity
  8
FD_Dimensions
 62
0
440
16777216
100
AcDbMText
 10
266.037614
 20
134.431969
 30
0.0
 40
2.5
 41
0.0
 46
0.0
 71
5
  1
1.00
 11
0.0
 21
1.0
 31
0.0
  0
POINT
  5
126B
330
7AF
100
AcDbEntity
  8
Defpoints
 62
0
440
16777216
100
AcDbPoint
 10
263.364379
 20
144.556969
 30
0.0
  0
POINT
  5
126C
330
7AF
100
AcDbEntity
  8
Defpoints
 62
0
440
16777216
100
AcDbPoint
 10
263.364379
 20
143.556969
 30
0.0
  0
POINT
  5
126D
330
7AF
100
AcDbEntity
  8
Defpoints
 62
0
440
16777216
100
AcDbPoint
 10
268.314046
 20
143.556969
 30
0.0
  0
ENDBLK
  5
7B1
330
7AF
100
AcDbEntity
  8
0
100
AcDbBlockEnd
  0
BLOCK
  5
7BE
330
7BD
100
AcDbEntity
  8
0
100
AcDbBlockBegin
  2
*D95
 70
1
 10
0.0
 20
0.0
 30
0.0
  3
*D95
  1

  0
LINE
  5
126E
330
7BD
100
AcDbEntity
  8
FD_Dimensions
 62
0
370
-2
440
16777216
100
AcDbLine
 10
194.239236
 20
96.486969
 30
0.0
 11
194.239236
 21
101.190964
 31
0.0
  0
LINE
  5
126F
330
7BD
100
AcDbEntity
  8
FD_Dimensions
 62
0
370
-2
440
16777216
100
AcDbLine
 10
203.339236
 20
96.486969
 30
0.0
 11
203.339236
 21
101.190964
 31
0.0
  0
LINE
  5
1270
330
7BD
100
AcDbEntity
  8
FD_Dimensions
 62
0
370
-2
440
16777216
100
AcDbLine
 10
196.739236
 20
99.690964
 30
0.0
 11
200.839236
 21
99.690964
 31
0.0
  0
SOLID
  5
1271
330
7BD
100
AcDbEntity
  8
FD_Dimensions
 62
0
440
16777216
100
AcDbTrace
 10
196.739236
 20
100.107631
 30
0.0
 11
196.739236
 21
99.274298
 31
0.0
 12
194.239236
 22
99.690964
 32
0.0
 13
194.239236
 23
99.690964
 33
0.0
  0
SOLID
  5
1272
330
7BD
100
AcDbEntity
  8
FD_Dimensions
 62
0
440
16777216
100
AcDbTrace
 10
200.839236
 20
100.107631
 30
0.0
 11
200.839236
 21
99.274298
 31
0.0
 12
203.339236
 22
99.690964
 32
0.0
 13
203.339236
 23
99.690964
 33
0.0
  0
MTEXT
  5
1273
330
7BD
100
AcDbEntity
  8
FD_Dimensions
 62
0
440
16777216
100
AcDbMText
 10
198.789236
 20
101.967397
 30
0.0
 40
2.5
 41
0.0
 46
0.0
 71
5
  1
9.10
  0
POINT
  5
1274
330
7BD
100
AcDbEntity
  8
Defpoints
 62
0
440
16777216
100
AcDbPoint
 10
194.239236
 20
94.386969
 30
0.0
  0
POINT
  5
1275
330
7BD
100
AcDbEntity
  8
Defpoints
 62
0
440
16777216
100
AcDbPoint
 10
203.339236
 20
94.386969
 30
0.0
  0
POINT
  5
1276
330
7BD
100
AcDbEntity
  8
Defpoints
 62
0
440
16777216
100
AcDbPoint
 10
203.339236
 20
99.690964
 30
0.0
  0
ENDBLK
  5
7BF
330
7BD
100
AcDbEntity
  8
0
100
AcDbBlockEnd
  0
BLOCK
  5
7CA
330
7C9
100
AcDbEntity
  8
0
100
AcDbBlockBegin
  2
*D96
 70
1
 10
0.0
 20
0.0
 30
0.0
  3
*D96
  1

  0
LINE
  5
1277
330
7C9
100
AcDbEntity
  8
FD_Dimensions
 62
0
370
-2
440
16777216
100
AcDbLine
 10
217.864939
 20
180.159094
 30
0.0
 11
194.107179
 21
189.757854
 31
0.0
  0
LINE
  5
1278
330
7C9
100
AcDbEntity
  8
FD_Dimensions
 62
0
370
-2
440
16777216
100
AcDbLine
 10
198.509109
 20
193.571103
 30
0.0
 11
196.049355
 21
194.564908
 31
0.0
  0
LINE
  5
1279
330
7C9
100
AcDbEntity
  8
FD_Dimensions
 62
0
370
-2
440
16777216
100
AcDbLine
 10
198.376647
 20
196.320957
 30
0.0
 11
199.313164
 21
198.638917
 31
0.0
  0
LINE
  5
127A
330
7C9
100
AcDbEntity
  8
FD_Dimensions
 62
0
370
-2
440
16777216
100
AcDbLine
 10
194.561438
 20
186.877984
 30
0.0
 11
190.441148
 21
176.679911
 31
0.0
  0
LINE
  5
127B
330
7C9
100
AcDbEntity
  8
FD_Dimensions
 62
0
370
-2
440
16777216
100
AcDbLine
 10
197.440131
 20
194.002998
 30
0.0
 11
195.497954
 21
189.195944
 31
0.0
  0
SOLID
  5
127C
330
7C9
100
AcDbEntity
  8
FD_Dimensions
 62
0
440
16777216
100
AcDbTrace
 10
197.990321
 20
196.477044
 30
0.0
 11
198.762974
 21
196.164871
 31
0.0
 12
197.440131
 22
194.002998
 32
0.0
 13
197.440131
 23
194.002998
 33
0.0
  0
SOLID
  5
127D
330
7C9
100
AcDbEntity
  8
FD_Dimensions
 62
0
440
16777216
100
AcDbTrace
 10
194.175111
 20
187.03407
 30
0.0
 11
194.947764
 21
186.721898
 31
0.0
 12
195.497954
 22
189.195944
 32
0.0
 13
195.497954
 23
189.195944
 33
0.0
  0
MTEXT
  5
127E
330
7C9
100
AcDbEntity
  8
FD_Dimensions
 62
0
440
16777216
100
AcDbMText
 10
189.922363
 20
181.472734
 30
0.0
 40
2.5
 41
0.0
 46
0.0
 71
5
  1
5.18
 11
0.374607
 21
0.927184
 31
0.0
  0
POINT
  5
127F
330
7C9
100
AcDbEntity
  8
Defpoints
 62
0
440
16777216
100
AcDbPoint
 10
219.812025
 20
179.37242
 30
0.0
  0
POINT
  5
1280
330
7C9
100
AcDbEntity
  8
Defpoints
 62
0
440
16777216
100
AcDbPoint
 10
200.456195
 20
192.784429
 30
0.0
  0
POINT
  5
1281
330
7C9
100
AcDbEntity
  8
Defpoints
 62
0
440
16777216
100
AcDbPoint
 10
197.440131
 20
194.002998
 30
0.0
  0
ENDBLK
  5
7CB
330
7C9
100
AcDbEntity
  8
0
100
AcDbBlockEnd
  0
BLOCK
  5
7D8
330
7D7
100
AcDbEntity
  8
0
100
AcDbBlockBegin
  2
*D97
 70
1
 10
0.0
 20
0.0
 30
0.0
  3
*D97
  1

  0
LINE
  5
1282
330
7D7
100
AcDbEntity
  8
FD_Dimensions
 62
0
370
-2
440
16777216
100
AcDbLine
 10
193.322601
 20
169.137706
 30
0.0
 11
214.647314
 21
176.013674
 31
0.0
  0
MTEXT
  5
1283
330
7D7
100
AcDbEntity
  8
FD_Dimensions
 62
0
440
16777216
100
AcDbMText
 10
197.800509
 20
172.973414
 30
0.0
 40
2.5
 41
0.0
 46
0.0
 71
5
  1
R2.10
 11
0.951747
 21
0.306883
 31
0.0
  0
LINE
  5
1284
330
7D7
100
AcDbEntity
  8
FD_Dimensions
 62
0
370
-2
440
16777216
100
AcDbLine
 10
219.025351
 20
177.425334
 30
0.0
 11
217.026682
 21
176.78088
 31
0.0
  0
SOLID
  5
1285
330
7D7
100
AcDbEntity
  8
FD_Dimensions
 62
0
440
16777216
100
AcDbTrace
 10
214.519446
 20
176.410235
 30
0.0
 11
214.775181
 21
175.617112
 31
0.0
 12
217.026682
 22
176.78088
 32
0.0
 13
217.026682
 23
176.78088
 33
0.0
  0
POINT
  5
1286
330
7D7
100
AcDbEntity
  8
Defpoints
 62
0
440
16777216
100
AcDbPoint
 10
217.026682
 20
176.78088
 30
0.0
  0
POINT
  5
1287
330
7D7
100
AcDbEntity
  8
Defpoints
 62
0
440
16777216
100
AcDbPoint
 10
219.025351
 20
177.425334
 30
0.0
  0
ENDBLK
  5
7D9
330
7D7
100
AcDbEntity
  8
0
100
AcDbBlockEnd
  0
BLOCK
  5
7E1
330
7E0
100
AcDbEntity
  8
0
100
AcDbBlockBegin
  2
*D98
 70
1
 10
0.0
 20
0.0
 30
0.0
  3
*D98
  1

  0
LINE
  5
1288
330
7E0
100
AcDbEntity
  8
FD_Dimensions
 62
0
370
-2
440
16777216
100
AcDbLine
 10
225.467847
 20
177.087319
 30
0.0
 11
229.646803
 21
175.398911
 31
0.0
  0
LINE
  5
1289
330
7E0
100
AcDbEntity
  8
FD_Dimensions
 62
0
370
-2
440
16777216
100
AcDbLine
 10
223.894499
 20
173.193147
 30
0.0
 11
228.073456
 21
171.504739
 31
0.0
  0
LINE
  5
128A
330
7E0
100
AcDbEntity
  8
FD_Dimensions
 62
0
370
-2
440
16777216
100
AcDbLine
 10
229.192544
 20
178.27878
 30
0.0
 11
230.129061
 21
180.59674
 31
0.0
  0
LINE
  5
128B
330
7E0
100
AcDbEntity
  8
FD_Dimensions
 62
0
370
-2
440
16777216
100
AcDbLine
 10
225.746163
 20
169.748689
 30
0.0
 11
218.705246
 21
152.32181
 31
0.0
  0
LINE
  5
128C
330
7E0
100
AcDbEntity
  8
FD_Dimensions
 62
0
370
-2
440
16777216
100
AcDbLine
 10
228.256028
 20
175.960821
 30
0.0
 11
226.68268
 21
172.066649
 31
0.0
  0
SOLID
  5
128D
330
7E0
100
AcDbEntity
  8
FD_Dimensions
 62
0
440
16777216
100
AcDbTrace
 10
228.806218
 20
178.434866
 30
0.0
 11
229.578871
 21
178.122694
 31
0.0
 12
228.256028
 22
175.960821
 32
0.0
 13
228.256028
 23
175.960821
 33
0.0
  0
SOLID
  5
128E
330
7E0
100
AcDbEntity
  8
FD_Dimensions
 62
0
440
16777216
100
AcDbTrace
 10
225.359837
 20
169.904775
 30
0.0
 11
226.13249
 21
169.592603
 31
0.0
 12
226.68268
 22
172.066649
 32
0.0
 13
226.68268
 23
172.066649
 33
0.0
  0
MTEXT
  5
128F
330
7E0
100
AcDbEntity
  8
FD_Dimensions
 62
0
440
16777216
100
AcDbMText
 10
218.202751
 20
157.154953
 30
0.0
 40
2.5
 41
0.0
 46
0.0
 71
5
  1
4.20
 11
0.374607
 21
0.927184
 31
0.0
  0
POINT
  5
1290
330
7E0
100
AcDbEntity
  8
Defpoints
 62
0
440
16777216
100
AcDbPoint
 10
223.520761
 20
177.873993
 30
0.0
  0
POINT
  5
1291
330
7E0
100
AcDbEntity
  8
Defpoints
 62
0
440
16777216
100
AcDbPoint
 10
221.947413
 20
173.979821
 30
0.0
  0
POINT
  5
1292
330
7E0
100
AcDbEntity
  8
Defpoints
 62
0
440
16777216
100
AcDbPoint
 10
226.68268
 20
172.066649
 30
0.0
  0
ENDBLK
  5
7E2
330
7E0
100
AcDbEntity
  8
0
100
AcDbBlockEnd
  0
BLOCK
  5
7EF
330
7EE
100
AcDbEntity
  8
0
100
AcDbBlockBegin
  2
*D99
 70
1
 10
0.0
 20
0.0
 30
0.0
  3
*D99
  1

  0
LINE
  5
1293
330
7EE
100
AcDbEntity
  8
FD_Dimensions
 62
0
370
-2
440
16777216
100
AcDbLine
 10
217.864939
 20
180.159094
 30
0.0
 11
222.561907
 21
191.784495
 31
0.0
  0
LINE
  5
1294
330
7EE
100
AcDbEntity
  8
FD_Dimensions
 62
0
370
-2
440
16777216
100
AcDbLine
 10
225.467847
 20
177.087319
 30
0.0
 11
230.164815
 21
188.71272
 31
0.0
  0
LINE
  5
1295
330
7EE
100
AcDbEntity
  8
FD_Dimensions
 62
0
370
-2
440
16777216
100
AcDbLine
 10
224.317957
 20
189.457203
 30
0.0
 11
227.284945
 21
188.258461
 31
0.0
  0
LINE
  5
1296
330
7EE
100
AcDbEntity
  8
FD_Dimensions
 62
0
370
-2
440
16777216
100
AcDbLine
 10
229.602905
 20
187.321945
 30
0.0
 11
239.791491
 21
183.205488
 31
0.0
  0
SOLID
  5
1297
330
7EE
100
AcDbEntity
  8
FD_Dimensions
 62
0
440
16777216
100
AcDbTrace
 10
224.474043
 20
189.843529
 30
0.0
 11
224.161871
 21
189.070876
 31
0.0
 12
221.999997
 22
190.393719
 32
0.0
 13
221.999997
 23
190.393719
 33
0.0
  0
SOLID
  5
1298
330
7EE
100
AcDbEntity
  8
FD_Dimensions
 62
0
440
16777216
100
AcDbTrace
 10
227.441031
 20
188.644788
 30
0.0
 11
227.128859
 21
187.872135
 31
0.0
 12
229.602905
 22
187.321945
 32
0.0
 13
229.602905
 23
187.321945
 33
0.0
  0
MTEXT
  5
1299
330
7EE
100
AcDbEntity
  8
FD_Dimensions
 62
0
440
16777216
100
AcDbMText
 10
236.708944
 20
186.906129
 30
0.0
 40
2.5
 41
0.0
 46
0.0
 71
5
  1
8.20
 11
0.927184
 21
-0.374607
 31
0.0
  0
POINT
  5
129A
330
7EE
100
AcDbEntity
  8
Defpoints
 62
0
440
16777216
100
AcDbPoint
 10
217.078265
 20
178.212008
 30
0.0
  0
POINT
  5
129B
330
7EE
100
AcDbEntity
  8
Defpoints
 62
0
440
16777216
100
AcDbPoint
 10
224.681173
 20
175.140233
 30
0.0
  0
POINT
  5
129C
330
7EE
100
AcDbEntity
  8
Defpoints
 62
0
440
16777216
100
AcDbPoint
 10
229.602905
 20
187.321945
 30
0.0
  0
ENDBLK
  5
7F0
330
7EE
100
AcDbEntity
  8
0
100
AcDbBlockEnd
  0
BLOCK
  5
7FC
330
7FB
100
AcDbEntity
  8
0
100
AcDbBlockBegin
  2
*D100
 70
1
 10
0.0
 20
0.0
 30
0.0
  3
*D100
  1

  0
LINE
  5
129D
330
7FB
100
AcDbEntity
  8
FD_Dimensions
 62
0
370
-2
440
16777216
100
AcDbLine
 10
113.15418
 20
120.556969
 30
0.0
 11
153.028093
 21
120.556969
 31
0.0
  0
LINE
  5
129E
330
7FB
100
AcDbEntity
  8
FD_Dimensions
 62
0
370
-2
440
16777216
100
AcDbLine
 10
107.323228
 20
71.556969
 30
0.0
 11
153.028093
 21
71.556969
 31
0.0
  0
LINE
  5
129F
330
7FB
100
AcDbEntity
  8
FD_Dimensions
 62
0
370
-2
440
16777216
100
AcDbLine
 10
151.528093
 20
118.056969
 30
0.0
 11
151.528093
 21
74.056969
 31
0.0
  0
SOLID
  5
12A0
330
7FB
100
AcDbEntity
  8
FD_Dimensions
 62
0
440
16777216
100
AcDbTrace
 10
151.111427
 20
118.056969
 30
0.0
 11
151.94476
 21
118.056969
 31
0.0
 12
151.528093
 22
120.556969
 32
0.0
 13
151.528093
 23
120.556969
 33
0.0
  0
SOLID
  5
12A1
330
7FB
100
AcDbEntity
  8
FD_Dimensions
 62
0
440
16777216
100
AcDbTrace
 10
151.111427
 20
74.056969
 30
0.0
 11
151.94476
 21
74.056969
 31
0.0
 12
151.528093
 22
71.556969
 32
0.0
 13
151.528093
 23
71.556969
 33
0.0
  0
MTEXT
  5
12A2
330
7FB
100
AcDbEntity
  8
FD_Dimensions
 62
0
440
16777216
100
AcDbMText
 10
149.251661
 20
96.056969
 30
0.0
 40
2.5
 41
0.0
 46
0.0
 71
5
  1
49.00
 11
0.0
 21
1.0
 31
0.0
  0
POINT
  5
12A3
330
7FB
100
AcDbEntity
  8
Defpoints
 62
0
440
16777216
100
AcDbPoint
 10
111.05418
 20
120.556969
 30
0.0
  0
POINT
  5
12A4
330
7FB
100
AcDbEntity
  8
Defpoints
 62
0
440
16777216
100
AcDbPoint
 10
105.223228
 20
71.556969
 30
0.0
  0
POINT
  5
12A5
330
7FB
100
AcDbEntity
  8
Defpoints
 62
0
440
16777216
100
AcDbPoint
 10
151.528093
 20
71.556969
 30
0.0
  0
ENDBLK
  5
7FD
330
7FB
100
AcDbEntity
  8
0
100
AcDbBlockEnd
  0
BLOCK
  5
808
330
807
100
AcDbEntity
  8
0
100
AcDbBlockBegin
  2
*D101
 70
1
 10
0.0
 20
0.0
 30
0.0
  3
*D101
  1

  0
LINE
  5
12A6
330
807
100
AcDbEntity
  8
FD_Dimensions
 62
0
370
-2
440
16777216
100
AcDbLine
 10
93.75418
 20
101.556969
 30
0.0
 11
79.307359
 21
101.556969
 31
0.0
  0
LINE
  5
12A7
330
807
100
AcDbEntity
  8
FD_Dimensions
 62
0
370
-2
440
16777216
100
AcDbLine
 10
86.207359
 20
99.056969
 30
0.0
 11
79.307359
 21
99.056969
 31
0.0
  0
LINE
  5
12A8
330
807
100
AcDbEntity
  8
FD_Dimensions
 62
0
370
-2
440
16777216
100
AcDbLine
 10
80.807359
 20
104.056969
 30
0.0
 11
80.807359
 21
106.556969
 31
0.0
  0
LINE
  5
12A9
330
807
100
AcDbEntity
  8
FD_Dimensions
 62
0
370
-2
440
16777216
100
AcDbLine
 10
80.807359
 20
96.556969
 30
0.0
 11
80.807359
 21
85.529002
 31
0.0
  0
LINE
  5
12AA
330
807
100
AcDbEntity
  8
FD_Dimensions
 62
0
370
-2
440
16777216
100
AcDbLine
 10
80.807359
 20
101.556969
 30
0.0
 11
80.807359
 21
99.056969
 31
0.0
  0
SOLID
  5
12AB
330
807
100
AcDbEntity
  8
FD_Dimensions
 62
0
440
16777216
100
AcDbTrace
 10
80.390692
 20
104.056969
 30
0.0
 11
81.224025
 21
104.056969
 31
0.0
 12
80.807359
 22
101.556969
 32
0.0
 13
80.807359
 23
101.556969
 33
0.0
  0
SOLID
  5
12AC
330
807
100
AcDbEntity
  8
FD_Dimensions
 62
0
440
16777216
100
AcDbTrace
 10
80.390692
 20
96.556969
 30
0.0
 11
81.224025
 21
96.556969
 31
0.0
 12
80.807359
 22
99.056969
 32
0.0
 13
80.807359
 23
99.056969
 33
0.0
  0
MTEXT
  5
12AD
330
807
100
AcDbEntity
  8
FD_Dimensions
 62
0
440
16777216
100
AcDbMText
 10
78.530926
 20
89.792985
 30
0.0
 40
2.5
 41
0.0
 46
0.0
 71
5
  1
2.50
 11
0.0
 21
1.0
 31
0.0
  0
POINT
  5
12AE
330
807
100
AcDbEntity
  8
Defpoints
 62
0
440
16777216
100
AcDbPoint
 10
95.85418
 20
101.556969
 30
0.0
  0
POINT
  5
12AF
330
807
100
AcDbEntity
  8
Defpoints
 62
0
440
16777216
100
AcDbPoint
 10
88.307359
 20
99.056969
 30
0.0
  0
POINT
  5
12B0
330
807
100
AcDbEntity
  8
Defpoints
 62
0
440
16777216
100
AcDbPoint
 10
80.807359
 20
99.056969
 30
0.0
  0
ENDBLK
  5
809
330
807
100
AcDbEntity
  8
0
100
AcDbBlockEnd
  0
ENDSEC
  0
SECTION
  2
ENTITIES
  0
INSERT
  5
333
330
70
100
AcDbEntity
  8
Smart Centers
 48
0.75
100
AcDbBlockReference
  2
*U7
 10
111.05418
 20
104.856969
 30
0.0
  0
INSERT
  5
339
330
70
100
AcDbEntity
  8
Smart Centers
 48
0.75
100
AcDbBlockReference
  2
*U8
 10
197.159236
 20
107.110792
 30
0.0
  0
INSERT
  5
33E
330
70
100
AcDbEntity
  8
Smart Centers
 48
0.75
100
AcDbBlockReference
  2
*U9
 10
206.667819
 20
141.500439
 30
0.0
  0
INSERT
  5
343
330
70
100
AcDbEntity
  8
Smart Centers
 48
0.75
100
AcDbBlockReference
  2
*U10
 10
95.85418
 20
101.556969
 30
0.0
  0
INSERT
  5
34D
330
70
100
AcDbEntity
  8
Smart Centers
 48
0.75
100
AcDbBlockReference
  2
*U11
 10
126.25418
 20
101.556969
 30
0.0
  0
HATCH
  5
357
330
70
100
AcDbEntity
  8
Hatching
100
AcDbHatch
 10
0.0
 20
0.0
 30
0.0
210
0.0
220
0.0
230
1.0
  2
ANSI31
 70
0
 71
0
 91
2
 92
0
 93
16
 72
4
 94
3
 73
0
 74
0
 95
14
 96
10
 40
-2.953875919134734
 40
-2.953875919134734
 40
-2.953875919134734
 40
-2.953875919134734
 40
-2.258226906341222
 40
-2.258226906341222
 40
-1.56257789354771
 40
-1.56257789354771
 40
-0.7812889467738553
 40
-0.7812889467738553
 40
-0.4639650266763914
 40
-0.4639650266763914
 40
-0.4639650266763914
 40
-0.4639650266763914
 10
242.379685034697
 20
92.82502285940852
 10
242.121916826127
 20
90.52056450280412
 10
242.2668749414517
 20
88.18873501787463
 10
243.3492625666108
 20
83.67915320848309
 10
244.2784922153892
 20
81.53556419427905
 10
246.9868527523959
 20
77.42436509297103
 10
248.830642906719
 20
75.55020282914121
 10
251.8554170245561
 20
73.48591126516078
 10
252.7730007779948
 20
72.96128040624856
 10
253.7253783218136
 20
72.51217592660956
 97
0
 72
4
 94
3
 73
0
 74
0
 95
10
 96
6
 40
-0.4410841302466685
 40
-0.4410841302466685
 40
-0.4410841302466685
 40
-0.4410841302466685
 40
-0.2205420651233341
 40
-0.2205420651233341
 40
0.0
 40
0.0
 40
0.0
 40
0.0
 10
253.7253783218136
 20
72.51217592660956
 10
254.3902974319027
 20
72.19862574593103
 10
255.0877692013531
 20
71.95935077666759
 10
256.5225095386234
 20
71.63803361299553
 10
257.2554132834917
 20
71.55696894218075
 10
257.9905535005694
 20
71.55696894218075
 97
0
 72
1
 10
257.9905535005694
 20
71.55696894218075
 11
261.8643785437622
 21
71.55696894218075
 72
1
 10
261.8643785437622
 20
71.55696894218075
 11
261.8643785437622
 21
72.55696894218075
 72
1
 10
261.8643785437622
 20
72.55696894218075
 11
263.3643785437623
 21
72.55696894218075
 72
1
 10
263.3643785437623
 20
72.55696894218075
 11
263.3643785437623
 21
73.55696894218076
 72
1
 10
263.3643785437623
 20
73.55696894218076
 11
257.9905535005694
 21
73.55696894218076
 72
4
 94
3
 73
0
 74
0
 95
10
 96
6
 40
-0.3528673041973354
 40
-0.3528673041973354
 40
-0.3528673041973354
 40
-0.3528673041973354
 40
-0.1764336520986676
 40
-0.1764336520986676
 40
0.0
 40
0.0
 40
0.0
 40
0.0
 10
257.9905535005694
 20
73.55696894218076
 10
257.4024413269072
 20
73.55696894218076
 10
256.8161183310126
 20
73.62182067883256
 10
255.6683260611964
 20
73.87887440977022
 10
255.110348645636
 20
74.07029438518099
 10
254.5784133575648
 20
74.3211345297238
 97
0
 72
4
 94
3
 73
0
 74
0
 95
12
 96
8
 40
-1.645235869269556
 40
-1.645235869269556
 40
-1.645235869269556
 40
-1.645235869269556
 40
-1.406320104192939
 40
-1.406320104192939
 40
-0.7031600520964699
 40
-0.7031600520964699
 40
-0.0037038335359827
 40
-0.0037038335359827
 40
-0.0037038335359827
 40
-0.0037038335359827
 10
254.5784133575648
 20
74.3211345297238
 10
253.86083379149
 20
74.65951734829531
 10
253.1650496566683
 20
75.04561251829861
 10
250.5264804611245
 20
76.74829856403726
 10
248.824126216391
 20
78.39169369246957
 10
246.1522318299413
 20
82.22838879459547
 10
245.2042219864975
 20
84.38235526170791
 10
244.6933083431557
 20
86.65696894218075
 97
0
 72
1
 10
244.6933083431557
 20
86.65696894218075
 11
249.3643785437622
 21
86.65696894218075
 72
1
 10
249.3643785437622
 20
86.65696894218075
 11
249.3643785437622
 21
87.45696894218077
 72
1
 10
249.3643785437622
 20
87.45696894218077
 11
244.5325721633653
 21
87.45696894218077
 72
4
 94
3
 73
0
 74
0
 95
10
 96
6
 40
-0.5169251199976018
 40
-0.5169251199976018
 40
-0.5169251199976018
 40
-0.5169251199976018
 40
-0.3009301113497292
 40
-0.3009301113497292
 40
0.0
 40
0.0
 40
0.0
 40
0.0
 10
244.5325721633653
 20
87.45696894218077
 10
244.4068721673278
 20
88.1653782692165
 10
244.3237141677628
 20
88.88093901540675
 10
244.2278000632613
 20
90.60135118596592
 10
244.2557817073774
 20
91.6058134313812
 10
244.3672893991599
 20
92.60269676924285
 97
0
 72
1
 10
244.3672893991599
 20
92.60269676924285
 11
244.4102726665023
 21
92.98696894218075
 72
1
 10
244.4102726665023
 20
92.98696894218075
 11
242.3977997259526
 21
92.98696894218075
 72
1
 10
242.3977997259526
 20
92.98696894218075
 11
242.379685034697
 21
92.82502285940853
 97
0
 92
0
 93
27
 72
1
 10
261.3643785437623
 20
144.5569689421807
 11
261.3643785437623
 21
145.5486426064029
 72
4
 94
3
 73
0
 74
0
 95
10
 96
6
 40
-0.2737922889890028
 40
-0.2737922889890028
 40
-0.2737922889890028
 40
-0.2737922889890028
 40
-0.1427049567451183
 40
-0.1427049567451183
 40
0.0
 40
0.0
 40
0.0
 40
0.0
 10
261.3643785437623
 20
145.548642606403
 10
260.9280052984483
 20
145.5287177915794
 10
260.4939303371153
 20
145.4730820532764
 10
259.601219920852
 20
145.2833937811503
 10
259.145668814387
 20
145.1432219710415
 10
258.7052786548099
 20
144.9634137293284
 97
0
 72
4
 94
3
 73
0
 74
0
 95
12
 96
8
 40
-2.149526104258525
 40
-2.149526104258525
 40
-2.149526104258525
 40
-2.149526104258525
 40
-1.482182147576751
 40
-1.482182147576751
 40
-0.7812889467738551
 40
-0.7812889467738551
 40
0.0
 40
0.0
 40
0.0
 40
0.0
 10
258.7052786548099
 20
144.9634137293284
 10
256.6472824346137
 20
144.1231481744372
 10
254.7429399126623
 20
142.9453023738744
 10
251.3153915539504
 20
139.9365281282463
 10
249.8431659000166
 20
138.0994502946869
 10
247.4709944425468
 20
133.7655834679526
 10
246.6787363790536
 20
131.2587181973063
 10
246.3892348510105
 20
128.6705626631158
 97
0
 72
1
 10
246.3892348510105
 20
128.6705626631158
 11
242.7669255493128
 21
96.2869689421808
 72
1
 10
242.7669255493128
 20
96.28696894218075
 11
244.7793984898625
 21
96.28696894218075
 72
1
 10
244.7793984898625
 20
96.28696894218075
 11
244.9997554207775
 21
98.25696894218076
 72
1
 10
244.9997554207775
 20
98.25696894218076
 11
249.3643785437622
 21
98.25696894218076
 72
1
 10
249.3643785437622
 20
98.25696894218076
 11
249.3643785437622
 21
99.05696894218075
 72
1
 10
249.3643785437622
 20
99.05696894218075
 11
245.0892404688649
 21
99.05696894218075
 72
1
 10
245.0892404688649
 20
99.05696894218075
 11
246.3867736661311
 21
110.6569689421808
 72
1
 10
246.3867736661311
 20
110.6569689421808
 11
249.3643785437622
 21
110.6569689421808
 72
1
 10
249.3643785437622
 20
110.6569689421808
 11
249.3643785437622
 21
111.4569689421808
 72
1
 10
249.3643785437622
 20
111.4569689421808
 11
246.4762587142184
 21
111.4569689421808
 72
1
 10
246.4762587142184
 20
111.4569689421808
 11
246.9628336631932
 21
115.8069689421807
 72
1
 10
246.9628336631932
 20
115.8069689421807
 11
250.3643785437622
 21
115.8069689421807
 72
1
 10
250.3643785437622
 20
115.8069689421807
 11
250.3643785437622
 21
118.4569689421807
 72
1
 10
250.3643785437622
 20
118.4569689421807
 11
247.2592528849824
 21
118.4569689421807
 72
1
 10
247.2592528849824
 20
118.4569689421807
 11
247.7290493874409
 21
122.6569689421807
 72
1
 10
247.7290493874409
 20
122.6569689421807
 11
250.3643785437622
 21
122.6569689421807
 72
1
 10
250.3643785437622
 20
122.6569689421807
 11
250.3643785437622
 21
125.3069689421808
 72
1
 10
250.3643785437622
 20
125.3069689421807
 11
248.0254686092301
 21
125.3069689421807
 72
1
 10
248.0254686092301
 20
125.3069689421807
 11
248.3768392154733
 21
128.4482365729502
 72
4
 94
3
 73
0
 74
0
 95
12
 96
8
 40
-1.964767813541682
 40
-1.964767813541682
 40
-1.964767813541682
 40
-1.964767813541682
 40
-1.333963932819075
 40
-1.333963932819075
 40
-0.7031600520964693
 40
-0.7031600520964693
 40
-0.0301955963550491
 40
-0.0301955963550491
 40
-0.0301955963550491
 40
-0.0301955963550491
 10
248.3768392154733
 20
128.4482365729502
 10
248.6105794829106
 20
130.5378841503574
 10
249.2086770951346
 20
132.5705043691399
 10
251.0792264736977
 20
136.3369471290792
 10
252.3372926163354
 20
138.0418035125615
 10
255.4865007853194
 20
141.0366802247754
 10
257.3861247838156
 20
142.2645316345634
 10
259.4612786388928
 20
143.1118025325415
 97
0
 72
4
 94
3
 73
0
 74
0
 95
10
 96
6
 40
-0.2327629008628498
 40
-0.2327629008628498
 40
-0.2327629008628498
 40
-0.2327629008628498
 40
-0.1163814504314249
 40
-0.1163814504314249
 40
0.0
 40
0.0
 40
0.0
 40
0.0
 10
259.4612786388928
 20
143.1118025325415
 10
259.8204339667546
 20
143.2584431569977
 10
260.1929661174666
 20
143.3699062380324
 10
260.9543150285819
 20
143.5193449366126
 10
261.3413404230367
 20
143.5569689421807
 10
261.7292785911414
 20
143.5569689421807
 97
0
 72
1
 10
261.7292785911414
 20
143.5569689421807
 11
263.3643785437623
 21
143.5569689421807
 72
1
 10
263.3643785437623
 20
143.5569689421807
 11
263.3643785437623
 21
144.5569689421807
 72
1
 10
263.3643785437623
 20
144.5569689421807
 11
261.3643785437623
 21
144.5569689421807
 97
0
 75
0
 76
1
 52
0.0
 41
1.0
 77
0
 78
1
 53
45.0
 43
0.0
 44
0.0
 45
-2.245064030267288
 46
2.245064030267288
 79
0
 98
1
 10
1010.972571906161
 20
457.2078171797052
1001
ACAD_MODELDOC_XFORM
1011
264.364379
1021
98.056969
1031
13.734435
1013
0.0
1023
0.0
1033
-1.0
1013
-1.0
1023
0.0
1033
0.0
1013
0.0
1023
1.0
1033
0.0
  0
MTEXT
  5
359
102
{ACAD_XDICTIONARY
360
35A
102
}
330
70
100
AcDbEntity
  8
View Labels
100
AcDbMText
 10
258.315587
 20
60.057419
 30
0.0
 40
3.5
 41
20.777967
 46
6.338677
 71
8
 72
5
  1
B-B (1:1)
  0
HATCH
  5
361
330
70
100
AcDbEntity
  8
Hatching
100
AcDbHatch
 10
0.0
 20
0.0
 30
0.0
210
0.0
220
0.0
230
1.0
  2
ANSI31
 70
0
 71
0
 91
3
 92
0
 93
9
 72
4
 94
3
 73
0
 74
0
 95
10
 96
6
 40
-1.01342061316361
 40
-1.01342061316361
 40
-1.01342061316361
 40
-1.01342061316361
 40
-0.6931174677612315
 40
-0.6931174677612315
 40
0.0
 40
0.0
 40
0.0
 40
0.0
 10
93.85418031454245
 20
39.33466328416379
 10
92.9235142314592
 20
38.81998555302127
 10
92.03404506410072
 20
38.23027253918889
 10
89.37870801787474
 20
36.14212071070496
 10
87.8264809604434
 20
34.40741173871196
 10
86.60772025104478
 20
32.44462507428107
 97
0
 72
3
 10
103.6817432851864
 20
21.6909872279745
 11
-12.48014875332408
 21
15.88520510308127
 40
0.9900336785781508
 50
19.64146218851216
 51
21.74645515061977
 73
1
 72
1
 10
86.22853008411197
 20
31.80774639329774
 11
88.59632473234727
 21
31.80774639329774
 72
3
 10
103.6817432851864
 20
21.6909872279745
 11
-11.2321338779916
 21
14.29668459277318
 40
0.9900336785781508
 50
342.0018656280339
 51
362.5777293894045
 73
0
 72
1
 10
93.10418031454245
 20
36.47806451215612
 11
93.10418031454245
 21
35.80774639329773
 72
1
 10
93.10418031454245
 20
35.80774639329773
 11
94.85418031454245
 21
35.80774639329773
 72
1
 10
94.85418031454245
 20
35.80774639329773
 11
94.85418031454245
 21
37.80774639329774
 72
1
 10
94.85418031454245
 20
37.80774639329774
 11
93.85418031454245
 21
37.80774639329774
 72
1
 10
93.85418031454245
 20
37.80774639329774
 11
93.85418031454245
 21
39.33466328416378
 97
0
 92
0
 93
9
 72
4
 94
3
 73
0
 74
0
 95
10
 96
6
 40
-1.388275980473905
 40
-1.388275980473905
 40
-1.388275980473905
 40
-1.388275980473905
 40
-0.6950207525261611
 40
-0.6950207525261611
 40
-0.3747082073370206
 40
-0.3747082073370206
 40
-0.3747082073370206
 40
-0.3747082073370206
 10
135.5006403780404
 20
32.44462507428059
 10
134.2818143289958
 20
34.40751696673938
 10
132.7294866842035
 20
36.14230589192274
 10
130.0741105761229
 20
38.23040846333595
 10
129.1847390605818
 20
38.82004491264254
 10
128.2541803145424
 20
39.33466328416379
 97
0
 72
1
 10
128.2541803145424
 20
39.33466328416379
 11
128.2541803145424
 21
37.80774639329775
 72
1
 10
128.2541803145424
 20
37.80774639329775
 11
127.2541803145424
 21
37.80774639329775
 72
1
 10
127.2541803145424
 20
37.80774639329775
 11
127.2541803145424
 21
35.80774639329775
 72
1
 10
127.2541803145424
 20
35.80774639329774
 11
129.0041803145425
 21
35.80774639329774
 72
1
 10
129.0041803145425
 20
35.80774639329774
 11
129.0041803145425
 21
36.47806451215612
 72
3
 10
118.4266173438984
 20
21.6909872279745
 11
11.23213387799159
 21
14.29668459277318
 40
0.9900336785781508
 50
357.4222706105954
 51
377.998134371966
 73
0
 72
1
 10
133.5120358967376
 20
31.80774639329775
 11
135.8798305449729
 21
31.80774639329775
 72
3
 10
118.4266173438984
 20
21.6909872279745
 11
12.4801487533239
 21
15.8852051030814
 40
0.990033678578151
 50
338.2535448493796
 51
340.3585378114856
 73
1
 97
0
 92
0
 93
24
 72
1
 10
97.85418031454245
 20
41.00523954809133
 11
97.85418031454245
 21
37.80774639329774
 72
1
 10
97.85418031454245
 20
37.80774639329774
 11
96.85418031454245
 21
37.80774639329774
 72
1
 10
96.85418031454245
 20
37.80774639329774
 11
96.85418031454245
 21
35.80774639329773
 72
1
 10
96.85418031454245
 20
35.80774639329773
 11
98.60418031454245
 21
35.80774639329773
 72
1
 10
98.60418031454246
 20
35.80774639329773
 11
98.60418031454246
 21
39.12214624277586
 72
3
 10
103.6817432851864
 20
21.6909872279745
 11
-11.2321338779916
 21
14.29668459277318
 40
0.9900336785781508
 50
21.91437298415326
 51
37.59857639618775
 73
0
 72
1
 10
103.5059021964811
 20
39.80324369292221
 11
105.6541803147068
 21
39.80324369292221
 72
1
 10
105.6541803147068
 20
39.80324369292221
 11
105.6541803147068
 21
35.80774639329774
 72
1
 10
105.6541803147068
 20
35.80774639329773
 11
106.4541803147218
 21
35.80774639329773
 72
1
 10
106.4541803147218
 20
35.80774639329773
 11
106.454180314271
 21
39.8032436929222
 72
1
 10
106.454180314271
 20
39.80324369292221
 11
115.6541803147065
 21
39.80324369292222
 72
1
 10
115.6541803147065
 20
39.80324369292221
 11
115.6541803147065
 21
35.80774639329773
 72
1
 10
115.6541803147065
 20
35.80774639329774
 11
116.4541803147213
 21
35.80774639329774
 72
1
 10
116.4541803147213
 20
35.80774639329774
 11
116.4541803142702
 21
39.80324369292221
 72
1
 10
116.4541803142702
 20
39.80324369292221
 11
118.6024584326038
 21
39.80324369292221
 72
3
 10
118.4266173438984
 20
21.6909872279745
 11
11.23213387799159
 21
14.29668459277318
 40
0.9900336785781508
 50
322.4014236038123
 51
338.0856270158468
 73
0
 72
1
 10
123.5041803145425
 20
39.12214624277618
 11
123.5041803145425
 21
35.80774639329774
 72
1
 10
123.5041803145425
 20
35.80774639329774
 11
125.2541803145424
 21
35.80774639329774
 72
1
 10
125.2541803145424
 20
35.80774639329774
 11
125.2541803145424
 21
37.80774639329774
 72
1
 10
125.2541803145424
 20
37.80774639329774
 11
124.2541803145424
 21
37.80774639329774
 72
1
 10
124.2541803145424
 20
37.80774639329774
 11
124.2541803145424
 21
41.00523954809133
 72
3
 10
118.4266173438984
 20
21.6909872279745
 11
12.4801487533239
 21
15.8852051030814
 40
0.990033678578151
 50
21.36501486217365
 51
37.59857639618741
 73
1
 72
1
 10
118.6219963313488
 20
41.81571663347194
 11
103.4863642977361
 21
41.81571663347194
 72
3
 10
103.6817432851864
 20
21.6909872279745
 11
-12.48014875332408
 21
15.88520510308127
 40
0.9900336785781508
 50
322.4014236038119
 51
338.6349851378258
 73
1
 97
0
 75
0
 76
1
 52
0.0
 41
1.0
 77
0
 78
1
 53
45.0
 43
0.0
 44
0.0
 45
-2.245064030267288
 46
2.245064030267288
 79
0
 98
1
 10
421.911488784035
 20
160.8455222416778
1001
ACAD_MODELDOC_XFORM
1011
111.05418
1021
20.807746
1031
11.769444
1013
1.0
1023
0.0
1033
0.0
1013
0.0
1023
1.0
1033
0.0
1013
0.0
1023
0.0
1033
1.0
  0
MTEXT
  5
362
102
{ACAD_XDICTIONARY
360
363
102
}
330
70
100
AcDbEntity
  8
View Labels
100
AcDbMText
 10
56.938054
 20
16.514125
 30
0.0
 40
3.5
 41
21.432128
 46
6.338677
 71
8
 72
5
  1
C-C (1:1)
  0
SPLINE
  5
377
330
70
100
AcDbEntity
  8
Breakout Section
440
33554432
100
AcDbSpline
210
-1.29e-14
220
-5e-15
230
1.0
 70
3115
 71
3
 72
11
 73
7
 74
0
 42
1e-09
 40
0.0
 40
0.0
 40
0.0
 40
0.0
 40
15.54369240295209
 40
32.75418316210468
 40
41.0414216639269
 40
44.26906105392358
 40
44.26906105392358
 40
44.26906105392358
 40
44.26906105392358
 10
56.48196053900746
 20
96.8875466214954
 30
-47.43014209861782
 10
52.16711974833145
 20
99.64533533982954
 30
-47.43014209861784
 10
30.63417477085235
 20
90.36658658567256
 30
-47.43014209861817
 10
61.11082934469028
 20
80.18162295735304
 30
-47.43014209861782
 10
59.66623699874315
 20
93.1703286361283
 30
-47.43014209861783
 10
57.37793491475523
 20
96.31489327338275
 30
-47.43014209861782
 10
56.48196053900746
 20
96.8875466214954
 30
-47.43014209861782
1001
BREAKOUTPROFILE_XDATA
1070
0
1000
1D2BD
1000
1477E
  0
HATCH
  5
379
330
70
100
AcDbEntity
  8
Hatching
100
AcDbHatch
 10
0.0
 20
0.0
 30
0.0
210
0.0
220
0.0
230
1.0
  2
ANSI31
 70
0
 71
0
 91
1
 92
0
 93
18
 72
4
 94
3
 73
0
 74
0
 95
14
 96
10
 40
-1.666904051452749
 40
-1.666904051452749
 40
-1.666904051452749
 40
-1.666904051452749
 40
-1.540714313881144
 40
-1.540714313881144
 40
-1.016215271734315
 40
-1.016215271734315
 40
-0.6973387276588906
 40
-0.6973387276588906
 40
-0.5824196419992154
 40
-0.5824196419992154
 40
-0.5824196419992154
 40
-0.5824196419992154
 10
50.77186074968302
 20
84.96019929229087
 10
50.96413172377165
 20
85.40846996415198
 10
51.14436694290463
 20
85.87169608124535
 10
52.00522757813907
 20
88.33890638145667
 10
52.40182889329752
 20
90.39200039693068
 10
52.68521947168276
 20
93.78038823758915
 10
52.70969663099924
 20
95.0698919039225
 10
52.6626026362162
 20
96.81415531388728
 10
52.64238352540086
 20
97.27753750747065
 10
52.61536059919903
 20
97.73969380846388
 97
0
 72
4
 94
3
 73
0
 74
0
 95
10
 96
6
 40
4.041898615088183
 40
4.041898615088183
 40
4.041898615088183
 40
4.041898615088183
 40
4.180666245007945
 40
4.180666245007945
 40
4.564360746703689
 40
4.564360746703689
 40
4.564360746703689
 40
4.564360746703689
 10
50.56080414735261
 20
97.48692197190692
 10
50.80385933605175
 20
97.53603819591038
 10
51.03176765595782
 20
97.57563262672873
 10
51.82954002482909
 20
97.69655666282154
 10
52.2888177293271
 20
97.72751944829805
 10
52.61536059919903
 20
97.73969380846388
 97
0
 72
1
 10
50.56080414735261
 20
97.48692197190692
 11
50.56085186052247
 21
97.48675880482627
 72
4
 94
3
 73
0
 74
0
 95
10
 96
6
 40
-0.4884053812743921
 40
-0.4884053812743921
 40
-0.4884053812743921
 40
-0.4884053812743921
 40
-0.1664564522186676
 40
-0.1664564522186676
 40
-0.1185431946156045
 40
-0.1185431946156045
 40
-0.1185431946156045
 40
-0.1185431946156045
 10
50.56085186052248
 20
97.48675880482627
 10
50.6167950050704
 20
96.40240999215098
 10
50.63081174121276
 20
95.30400239139632
 10
50.58221771105986
 20
94.06145799161858
 10
50.57467765531456
 20
93.90063497921133
 10
50.56584322750626
 20
93.73996494215761
 97
0
 72
1
 10
50.56584322750626
 20
93.73996494215761
 11
45.77924642957712
 21
93.73996494215761
 72
1
 10
45.77924642957712
 20
93.73996494215758
 11
45.77924642957712
 21
92.73996094212958
 72
1
 10
45.77924642957712
 20
92.73996094212961
 11
49.77924642957712
 21
92.73996094212961
 72
1
 10
49.77924642957712
 20
92.73996094212961
 11
49.77924642957712
 21
90.73997694219356
 72
1
 10
49.77924642957712
 20
90.73997694219356
 11
45.77924642957712
 21
90.73997694219356
 72
1
 10
45.77924642957712
 20
90.73997694219359
 11
45.77924642957712
 21
89.7399729421656
 72
1
 10
45.77924642957712
 20
89.7399729421656
 11
50.04185995827905
 21
89.7399729421656
 72
4
 94
3
 73
0
 74
0
 95
10
 96
6
 40
-1.12568353770662
 40
-1.12568353770662
 40
-1.12568353770662
 40
-1.12568353770662
 40
-1.098578984093929
 40
-1.098578984093929
 40
-0.8899405635062604
 40
-0.8899405635062604
 40
-0.8899405635062604
 40
-0.8899405635062604
 10
50.04185995827905
 20
89.73997294213324
 10
50.02262292662027
 20
89.65102133821038
 10
50.00283885787707
 20
89.56215174029921
 10
49.82592833422913
 20
88.7899378255574
 10
49.63767349933973
 20
88.1171707919521
 10
49.41559666334554
 20
87.45696894216161
 97
0
 72
1
 10
49.41559666334554
 20
87.45696894216161
 11
46.77924642957711
 21
87.45696894216161
 72
1
 10
46.77924642957711
 20
87.45696894216161
 11
46.77924642957711
 21
86.65696894216161
 72
1
 10
46.77924642957711
 20
86.65696894216158
 11
49.12740046609301
 21
86.65696894216158
 72
4
 94
3
 73
0
 74
0
 95
8
 96
4
 40
-0.9839337597024634
 40
-0.9839337597024634
 40
-0.9839337597024634
 40
-0.9839337597024634
 40
-0.8620655015542276
 40
-0.8620655015542276
 40
-0.8620655015542276
 40
-0.8620655015542276
 10
49.12740046609302
 20
86.65696894216158
 10
48.98274051405585
 20
86.28097005220961
 10
48.82634542770767
 20
85.9090880792749
 10
48.65767425192518
 20
85.54163598907249
 97
0
 72
1
 10
48.65767425192518
 20
85.54163598907249
 11
48.65838402863298
 21
85.54287140460626
 72
4
 94
3
 73
0
 74
0
 95
8
 96
4
 40
0.0
 40
0.0
 40
0.0
 40
0.0
 40
0.5126664677773839
 40
0.5126664677773839
 40
0.5126664677773839
 40
0.5126664677773839
 10
48.65838402863299
 20
85.54287140460626
 10
49.41978514615989
 20
85.28627659696224
 10
50.14233226944252
 20
85.09471248647436
 10
50.77186074968302
 20
84.96019929229087
 97
0
 97
0
 75
0
 76
1
 52
0.0
 41
1.0
 77
0
 78
1
 53
45.0
 43
0.0
 44
0.0
 45
-2.245064030267288
 46
2.245064030267288
 79
0
 98
1
 10
130.1062491709654
 20
340.876239838232
1001
ACAD_MODELDOC_XFORM
1011
31.779246
1021
98.056969
1031
0.0
1013
0.0
1023
0.0
1033
1.0
1013
1.0
1023
0.0
1033
0.0
1013
0.0
1023
1.0
1033
0.0
  0
INSERT
  5
446
330
70
100
AcDbEntity
  8
Smart Centers
 48
0.75
100
AcDbBlockReference
  2
*U28
 10
197.159248
 20
120.551202
 30
0.0
  0
INSERT
  5
4EE
330
70
100
AcDbEntity
  8
Edge Extensions
 48
0.75
100
AcDbBlockReference
  2
*U40
 10
122.05418
 20
31.807746
 30
0.0
  0
INSERT
  5
4F5
330
70
100
AcDbEntity
  8
Edge Extensions
 48
0.75
100
AcDbBlockReference
  2
*U41
 10
125.05418
 20
28.807746
 30
0.0
  0
LINE
  5
D04
330
70
100
AcDbEntity
  8
Visible
100
AcDbLine
 10
87.202789
 20
123.223636
 30
0.0
 11
86.876695
 21
120.306969
 31
0.0
210
0.0
220
1.0
230
0.0
  0
LINE
  5
D05
330
70
100
AcDbEntity
  8
Visible
100
AcDbLine
 10
86.876695
 20
120.306969
 30
0.0
 11
87.882926
 21
120.306969
 31
0.0
210
0.0
220
1.0
230
0.0
  0
LINE
  5
D06
330
70
100
AcDbEntity
  8
Visible
100
AcDbLine
 10
87.882926
 20
120.306969
 30
0.0
 11
88.196597
 21
123.112524
 31
0.0
210
0.0
220
1.0
230
0.0
  0
ARC
  5
D07
330
70
100
AcDbEntity
  8
Visible
100
AcDbCircle
 10
-111.05418
 20
120.556969
 30
0.0
 40
23.0
210
1e-16
220
0.0
230
-1.0
100
AcDbArc
 50
6.37937
 51
173.62063
  0
LINE
  5
D08
330
70
100
AcDbEntity
  8
Visible
100
AcDbLine
 10
133.911764
 20
123.112524
 30
0.0
 11
134.225435
 21
120.306969
 31
0.0
210
0.0
220
1.0
230
0.0
  0
LINE
  5
D09
330
70
100
AcDbEntity
  8
Visible
100
AcDbLine
 10
134.225435
 20
120.306969
 30
0.0
 11
135.231665
 21
120.306969
 31
0.0
210
0.0
220
1.0
230
0.0
  0
LINE
  5
D0A
330
70
100
AcDbEntity
  8
Visible
100
AcDbLine
 10
135.231665
 20
120.306969
 30
0.0
 11
134.905572
 21
123.223636
 31
0.0
210
0.0
220
1.0
230
0.0
  0
ARC
  5
D0B
330
70
100
AcDbEntity
  8
Visible
100
AcDbCircle
 10
111.05418
 20
120.556969
 30
0.0
 40
24.0
100
AcDbArc
 50
6.37937
 51
173.62063
  0
LINE
  5
D0C
330
70
100
AcDbEntity
  8
Visible
100
AcDbLine
 10
105.223228
 20
72.556969
 30
0.0
 11
116.885132
 21
72.556969
 31
0.0
210
0.0
220
1.0
230
0.0
  0
ARC
  5
D0D
330
70
100
AcDbEntity
  8
Visible
100
AcDbCircle
 10
105.223228
 20
81.556969
 30
0.0
 40
8.999999999999972
100
AcDbArc
 50
250.537049
 51
270.0
  0
ARC
  5
D0E
330
70
100
AcDbEntity
  8
Visible
100
AcDbCircle
 10
111.05418
 20
98.056969
 30
0.0
 40
26.49999999999999
100
AcDbArc
 50
177.837382
 51
250.537049
  0
ARC
  5
D0F
330
70
100
AcDbEntity
  8
Visible
100
AcDbCircle
 10
111.05418
 20
98.056969
 30
0.0
 40
26.49999999999999
100
AcDbArc
 50
289.462951
 51
2.162618
  0
ARC
  5
D10
330
70
100
AcDbEntity
  8
Visible
100
AcDbCircle
 10
116.885132
 20
81.556969
 30
0.0
 40
9.000000000000012
100
AcDbArc
 50
270.0
 51
289.462951
  0
LINE
  5
D11
330
70
100
AcDbEntity
  8
Visible
100
AcDbLine
 10
137.535306
 20
99.056969
 30
0.0
 11
136.534565
 21
99.056969
 31
0.0
210
0.0
220
1.0
230
0.0
  0
ARC
  5
D12
330
70
100
AcDbEntity
  8
Visible
100
AcDbCircle
 10
-111.05418
 20
98.056969
 30
0.0
 40
25.5
210
1e-16
220
0.0
230
-1.0
100
AcDbArc
 50
177.75253
 51
250.537049
  0
ARC
  5
D13
330
70
100
AcDbEntity
  8
Visible
100
AcDbCircle
 10
-116.885132
 20
81.556969
 30
0.0
 40
8.000000000000012
210
1e-16
220
0.0
230
-1.0
100
AcDbArc
 50
250.537049
 51
270.0
  0
LINE
  5
D14
330
70
100
AcDbEntity
  8
Visible
100
AcDbLine
 10
116.885132
 20
73.556969
 30
0.0
 11
105.223228
 21
73.556969
 31
0.0
210
0.0
220
1.0
230
0.0
  0
ARC
  5
D15
330
70
100
AcDbEntity
  8
Visible
100
AcDbCircle
 10
-105.223228
 20
81.556969
 30
0.0
 40
7.999999999999978
210
1e-16
220
0.0
230
-1.0
100
AcDbArc
 50
270.0
 51
289.462951
  0
ARC
  5
D16
330
70
100
AcDbEntity
  8
Visible
100
AcDbCircle
 10
-111.05418
 20
98.056969
 30
0.0
 40
25.5
210
1e-16
220
0.0
230
-1.0
100
AcDbArc
 50
289.462951
 51
2.24747
  0
LINE
  5
D17
330
70
100
AcDbEntity
  8
Visible
100
AcDbLine
 10
85.573796
 20
99.056969
 30
0.0
 11
84.573055
 21
99.056969
 31
0.0
210
0.0
220
1.0
230
0.0
  0
SPLINE
  5
D18
330
70
100
AcDbEntity
  8
Visible
100
AcDbSpline
 70
8
 71
3
 72
8
 73
4
 74
0
 42
1e-09
 40
-0.4193968355880535
 40
-0.4193968355880535
 40
-0.4193968355880535
 40
-0.4193968355880535
 40
0.0
 40
0.0
 40
0.0
 40
0.0
 10
125.8541803145508
 20
117.4471085453406
 30
-1.819e-12
 10
126.2429691908819
 20
116.0981346695935
 30
-1.819e-12
 10
126.6200273252707
 20
114.7372470340538
 30
-1.819e-12
 10
126.9828593370148
 20
113.3871627999982
 30
-1.819e-12
  0
LINE
  5
D19
330
70
100
AcDbEntity
  8
Visible
100
AcDbLine
 10
125.85418
 20
117.447109
 30
0.0
 11
125.85418
 21
111.456969
 31
0.0
210
0.0
220
1.0
230
0.0
  0
LINE
  5
D1A
330
70
100
AcDbEntity
  8
Visible
100
AcDbLine
 10
116.45418
 20
111.456969
 30
0.0
 11
125.85418
 21
111.456969
 31
0.0
210
0.0
220
1.0
230
0.0
  0
LINE
  5
D1B
330
70
100
AcDbEntity
  8
Visible
100
AcDbLine
 10
116.45418
 20
111.456969
 30
0.0
 11
116.45418
 21
124.056969
 31
0.0
210
0.0
220
1.0
230
0.0
  0
LINE
  5
D1C
330
70
100
AcDbEntity
  8
Visible
100
AcDbLine
 10
116.45418
 20
124.056969
 30
0.0
 11
123.79248
 21
124.056969
 31
0.0
210
0.0
220
1.0
230
0.0
  0
SPLINE
  5
D1D
330
70
100
AcDbEntity
  8
Visible
100
AcDbSpline
 70
8
 71
3
 72
8
 73
4
 74
0
 42
1e-09
 40
-0.1351540218628571
 40
-0.1351540218628571
 40
-0.1351540218628571
 40
-0.1351540218628571
 40
-0.0484856780155933
 40
-0.0484856780155933
 40
-0.0484856780155933
 40
-0.0484856780155933
 10
123.4611012589757
 20
124.8569689421616
 30
-1.819e-12
 10
123.5804287843602
 20
124.5940664473566
 30
-1.819e-12
 10
123.6909462202329
 20
124.3272568163203
 30
-1.819e-12
 10
123.7924802286634
 20
124.0569689421616
 30
-1.819e-12
  0
LINE
  5
D1E
330
70
100
AcDbEntity
  8
Visible
100
AcDbLine
 10
116.45418
 20
124.856969
 30
0.0
 11
123.461101
 21
124.856969
 31
0.0
210
0.0
220
1.0
230
0.0
  0
LINE
  5
D1F
330
70
100
AcDbEntity
  8
Visible
100
AcDbLine
 10
116.45418
 20
124.856969
 30
0.0
 11
116.45418
 21
131.578078
 31
0.0
210
0.0
220
1.0
230
0.0
  0
ARC
  5
D20
330
70
100
AcDbEntity
  8
Visible
100
AcDbCircle
 10
-111.178366
 20
118.804373
 30
0.0
 40
13.82033791658383
210
1e-16
220
0.0
230
-1.0
100
AcDbArc
 50
108.896345
 51
112.441675
  0
LINE
  5
D21
330
70
100
AcDbEntity
  8
Visible
100
AcDbLine
 10
115.65418
 20
131.879878
 30
0.0
 11
115.65418
 21
124.856969
 31
0.0
210
0.0
220
1.0
230
0.0
  0
LINE
  5
D22
330
70
100
AcDbEntity
  8
Visible
100
AcDbLine
 10
113.072224
 20
124.856969
 30
0.0
 11
115.65418
 21
124.856969
 31
0.0
210
0.0
220
1.0
230
0.0
  0
LINE
  5
D23
330
70
100
AcDbEntity
  8
Visible
100
AcDbLine
 10
115.65418
 20
119.372697
 30
0.0
 11
115.65418
 21
111.456969
 31
0.0
210
0.0
220
1.0
230
0.0
  0
LINE
  5
D24
330
70
100
AcDbEntity
  8
Visible
100
AcDbLine
 10
106.45418
 20
111.456969
 30
0.0
 11
115.65418
 21
111.456969
 31
0.0
210
0.0
220
1.0
230
0.0
  0
LINE
  5
D25
330
70
100
AcDbEntity
  8
Visible
100
AcDbLine
 10
106.45418
 20
111.456969
 30
0.0
 11
106.45418
 21
119.372697
 31
0.0
210
0.0
220
1.0
230
0.0
  0
LINE
  5
D26
330
70
100
AcDbEntity
  8
Visible
100
AcDbLine
 10
106.45418
 20
124.856969
 30
0.0
 11
109.036137
 21
124.856969
 31
0.0
210
0.0
220
1.0
230
0.0
  0
LINE
  5
D27
330
70
100
AcDbEntity
  8
Visible
100
AcDbLine
 10
106.45418
 20
124.856969
 30
0.0
 11
106.45418
 21
131.879878
 31
0.0
210
0.0
220
1.0
230
0.0
  0
ARC
  5
D28
330
70
100
AcDbEntity
  8
Visible
100
AcDbCircle
 10
-110.929994
 20
118.804373
 30
0.0
 40
13.82033791664421
210
1e-16
220
0.0
230
-1.0
100
AcDbArc
 50
67.558325
 51
71.103655
  0
LINE
  5
D29
330
70
100
AcDbEntity
  8
Visible
100
AcDbLine
 10
105.65418
 20
131.578078
 30
0.0
 11
105.65418
 21
124.856969
 31
0.0
210
0.0
220
1.0
230
0.0
  0
LINE
  5
D2A
330
70
100
AcDbEntity
  8
Visible
100
AcDbLine
 10
102.674183
 20
124.856969
 30
0.0
 11
105.65418
 21
124.856969
 31
0.0
210
0.0
220
1.0
230
0.0
  0
LINE
  5
D2B
330
70
100
AcDbEntity
  8
Visible
100
AcDbLine
 10
102.669284
 20
124.056969
 30
0.0
 11
105.65418
 21
124.056969
 31
0.0
210
0.0
220
1.0
230
0.0
  0
LINE
  5
D2C
330
70
100
AcDbEntity
  8
Visible
100
AcDbLine
 10
105.65418
 20
124.056969
 30
0.0
 11
105.65418
 21
111.456969
 31
0.0
210
0.0
220
1.0
230
0.0
  0
LINE
  5
D2D
330
70
100
AcDbEntity
  8
Visible
100
AcDbLine
 10
96.25418
 20
111.456969
 30
0.0
 11
105.65418
 21
111.456969
 31
0.0
210
0.0
220
1.0
230
0.0
  0
LINE
  5
D2E
330
70
100
AcDbEntity
  8
Visible
100
AcDbLine
 10
96.25418
 20
111.456969
 30
0.0
 11
96.25418
 21
117.447109
 31
0.0
210
0.0
220
1.0
230
0.0
  0
SPLINE
  5
D2F
330
70
100
AcDbEntity
  8
Visible
100
AcDbSpline
 70
8
 71
3
 72
8
 73
4
 74
0
 42
1e-09
 40
-1.059930354951458
 40
-1.059930354951458
 40
-1.059930354951458
 40
-1.059930354951458
 40
-0.6403244316992992
 40
-0.6403244316992992
 40
-0.6403244316992992
 40
-0.6403244316992992
 10
95.12550129206647
 20
113.3871627999981
 30
-1.819e-12
 10
95.48825984974972
 20
114.7369737142625
 30
-1.819e-12
 10
95.86532174549757
 20
116.0978928580576
 30
-1.819e-12
 10
96.25418031451773
 20
117.4471085452946
 30
-1.819e-12
  0
ELLIPSE
  5
D30
330
70
100
AcDbEntity
  8
Visible
100
AcDbEllipse
 10
92.590967
 20
-24.647437
 30
0.0
 11
14.22914907101878
 21
161.9166482687596
 31
1.7e-15
210
1e-16
220
0.0
230
-1.0
 40
0.1107415141733793
 41
-0.591298788566355
 42
-0.5598479686516034
  0
LINE
  5
D31
330
70
100
AcDbEntity
  8
Visible
100
AcDbLine
 10
94.40886
 20
110.656969
 30
0.0
 11
95.45418
 21
110.656969
 31
0.0
210
0.0
220
1.0
230
0.0
  0
LINE
  5
D32
330
70
100
AcDbEntity
  8
Visible
100
AcDbLine
 10
95.45418
 20
110.656969
 30
0.0
 11
95.45418
 21
104.277723
 31
0.0
210
0.0
220
1.0
230
0.0
  0
ARC
  5
D33
330
70
100
AcDbEntity
  8
Visible
100
AcDbCircle
 10
-95.85418
 20
101.556969
 30
0.0
 40
2.750000000000001
210
1e-16
220
0.0
230
-1.0
100
AcDbArc
 50
294.619977
 51
81.636398
  0
ARC
  5
D34
330
70
100
AcDbEntity
  8
Visible
100
AcDbCircle
 10
-95.85418
 20
101.556969
 30
0.0
 40
2.750000000000001
210
1e-16
220
0.0
230
-1.0
100
AcDbArc
 50
98.363602
 51
245.380023
  0
LINE
  5
D35
330
70
100
AcDbEntity
  8
Visible
100
AcDbLine
 10
96.25418
 20
104.277723
 30
0.0
 11
96.25418
 21
110.656969
 31
0.0
210
0.0
220
1.0
230
0.0
  0
LINE
  5
D36
330
70
100
AcDbEntity
  8
Visible
100
AcDbLine
 10
96.25418
 20
110.656969
 30
0.0
 11
105.65418
 21
110.656969
 31
0.0
210
0.0
220
1.0
230
0.0
  0
LINE
  5
D37
330
70
100
AcDbEntity
  8
Visible
100
AcDbLine
 10
105.65418
 20
110.656969
 30
0.0
 11
105.65418
 21
99.056969
 31
0.0
210
0.0
220
1.0
230
0.0
  0
LINE
  5
D38
330
70
100
AcDbEntity
  8
Visible
100
AcDbLine
 10
100.05418
 20
99.056969
 30
0.0
 11
105.65418
 21
99.056969
 31
0.0
210
0.0
220
1.0
230
0.0
  0
LINE
  5
D39
330
70
100
AcDbEntity
  8
Visible
100
AcDbLine
 10
105.65418
 20
98.256969
 30
0.0
 11
100.05418
 21
98.256969
 31
0.0
210
0.0
220
1.0
230
0.0
  0
LINE
  5
D3A
330
70
100
AcDbEntity
  8
Visible
100
AcDbLine
 10
105.65418
 20
96.142198
 30
0.0
 11
105.65418
 21
98.256969
 31
0.0
210
0.0
220
1.0
230
0.0
  0
ARC
  5
D3B
330
70
100
AcDbEntity
  8
Visible
100
AcDbCircle
 10
106.27418
 20
94.886969
 30
0.0
 40
1.399999999999999
100
AcDbArc
 50
90.0
 51
116.286321
  0
LINE
  5
D3C
330
70
100
AcDbEntity
  8
Visible
100
AcDbLine
 10
106.27418
 20
96.286969
 30
0.0
 11
106.45418
 21
96.286969
 31
0.0
210
0.0
220
1.0
230
0.0
  0
LINE
  5
D3D
330
70
100
AcDbEntity
  8
Visible
100
AcDbLine
 10
106.45418
 20
96.286969
 30
0.0
 11
106.45418
 21
98.256969
 31
0.0
210
0.0
220
1.0
230
0.0
  0
LINE
  5
D3E
330
70
100
AcDbEntity
  8
Visible
100
AcDbLine
 10
115.65418
 20
98.256969
 30
0.0
 11
106.45418
 21
98.256969
 31
0.0
210
0.0
220
1.0
230
0.0
  0
LINE
  5
D3F
330
70
100
AcDbEntity
  8
Visible
100
AcDbLine
 10
115.65418
 20
98.256969
 30
0.0
 11
115.65418
 21
87.456969
 31
0.0
210
0.0
220
1.0
230
0.0
  0
LINE
  5
D40
330
70
100
AcDbEntity
  8
Visible
100
AcDbLine
 10
106.45418
 20
87.456969
 30
0.0
 11
115.65418
 21
87.456969
 31
0.0
210
0.0
220
1.0
230
0.0
  0
LINE
  5
D41
330
70
100
AcDbEntity
  8
Visible
100
AcDbLine
 10
106.45418
 20
87.456969
 30
0.0
 11
106.45418
 21
92.986969
 31
0.0
210
0.0
220
1.0
230
0.0
  0
LINE
  5
D42
330
70
100
AcDbEntity
  8
Visible
100
AcDbLine
 10
106.45418
 20
92.986969
 30
0.0
 11
106.27418
 21
92.986969
 31
0.0
210
0.0
220
1.0
230
0.0
  0
ARC
  5
D43
330
70
100
AcDbEntity
  8
Visible
100
AcDbCircle
 10
106.27418
 20
94.386969
 30
0.0
 40
1.399999999999999
100
AcDbArc
 50
243.713679
 51
270.0
  0
LINE
  5
D44
330
70
100
AcDbEntity
  8
Visible
100
AcDbLine
 10
105.65418
 20
93.13174
 30
0.0
 11
105.65418
 21
87.456969
 31
0.0
210
0.0
220
1.0
230
0.0
  0
LINE
  5
D45
330
70
100
AcDbEntity
  8
Visible
100
AcDbLine
 10
96.25418
 20
87.456969
 30
0.0
 11
105.65418
 21
87.456969
 31
0.0
210
0.0
220
1.0
230
0.0
  0
LINE
  5
D46
330
70
100
AcDbEntity
  8
Visible
100
AcDbLine
 10
96.25418
 20
87.456969
 30
0.0
 11
96.25418
 21
98.256969
 31
0.0
210
0.0
220
1.0
230
0.0
  0
LINE
  5
D47
330
70
100
AcDbEntity
  8
Visible
100
AcDbLine
 10
95.45418
 20
98.256969
 30
0.0
 11
95.45418
 21
87.456969
 31
0.0
210
0.0
220
1.0
230
0.0
  0
LINE
  5
D48
330
70
100
AcDbEntity
  8
Visible
100
AcDbLine
 10
94.436379
 20
87.456969
 30
0.0
 11
95.45418
 21
87.456969
 31
0.0
210
0.0
220
1.0
230
0.0
  0
ARC
  5
D49
330
70
100
AcDbEntity
  8
Visible
100
AcDbCircle
 10
-110.959049
 20
97.311882
 30
0.0
 40
19.23844913253592
210
1e-16
220
0.0
230
-1.0
100
AcDbArc
 50
319.849015
 51
329.186123
  0
LINE
  5
D4A
330
70
100
AcDbEntity
  8
Visible
100
AcDbLine
 10
96.25418
 20
84.906852
 30
0.0
 11
96.25418
 21
86.656969
 31
0.0
210
0.0
220
1.0
230
0.0
  0
LINE
  5
D4B
330
70
100
AcDbEntity
  8
Visible
100
AcDbLine
 10
96.25418
 20
86.656969
 30
0.0
 11
105.65418
 21
86.656969
 31
0.0
210
0.0
220
1.0
230
0.0
  0
LINE
  5
D4C
330
70
100
AcDbEntity
  8
Visible
100
AcDbLine
 10
105.65418
 20
86.656969
 30
0.0
 11
105.65418
 21
78.805842
 31
0.0
210
0.0
220
1.0
230
0.0
  0
ARC
  5
D4D
330
70
100
AcDbEntity
  8
Visible
100
AcDbCircle
 10
-111.051635
 20
97.433769
 30
0.0
 40
19.3941270757335
210
1e-16
220
0.0
230
-1.0
100
AcDbArc
 50
283.712729
 51
286.158983
  0
LINE
  5
D4E
330
70
100
AcDbEntity
  8
Visible
100
AcDbLine
 10
106.45418
 20
78.592443
 30
0.0
 11
106.45418
 21
86.656969
 31
0.0
210
0.0
220
1.0
230
0.0
  0
LINE
  5
D4F
330
70
100
AcDbEntity
  8
Visible
100
AcDbLine
 10
106.45418
 20
86.656969
 30
0.0
 11
115.65418
 21
86.656969
 31
0.0
210
0.0
220
1.0
230
0.0
  0
LINE
  5
D50
330
70
100
AcDbEntity
  8
Visible
100
AcDbLine
 10
115.65418
 20
86.656969
 30
0.0
 11
115.65418
 21
78.592443
 31
0.0
210
0.0
220
1.0
230
0.0
  0
ARC
  5
D51
330
70
100
AcDbEntity
  8
Visible
100
AcDbCircle
 10
-111.056725
 20
97.433769
 30
0.0
 40
19.39412707572664
210
1e-16
220
0.0
230
-1.0
100
AcDbArc
 50
253.841017
 51
256.287271
  0
LINE
  5
D52
330
70
100
AcDbEntity
  8
Visible
100
AcDbLine
 10
116.45418
 20
78.805842
 30
0.0
 11
116.45418
 21
86.656969
 31
0.0
210
0.0
220
1.0
230
0.0
  0
LINE
  5
D53
330
70
100
AcDbEntity
  8
Visible
100
AcDbLine
 10
116.45418
 20
86.656969
 30
0.0
 11
125.85418
 21
86.656969
 31
0.0
210
0.0
220
1.0
230
0.0
  0
LINE
  5
D54
330
70
100
AcDbEntity
  8
Visible
100
AcDbLine
 10
125.85418
 20
86.656969
 30
0.0
 11
125.85418
 21
84.906852
 31
0.0
210
0.0
220
1.0
230
0.0
  0
ARC
  5
D55
330
70
100
AcDbEntity
  8
Visible
100
AcDbCircle
 10
-111.15769
 20
97.305909
 30
0.0
 40
19.22819386099805
210
1e-16
220
0.0
230
-1.0
100
AcDbArc
 50
210.811382
 51
220.15348
  0
LINE
  5
D56
330
70
100
AcDbEntity
  8
Visible
100
AcDbLine
 10
126.65418
 20
87.456969
 30
0.0
 11
127.671982
 21
87.456969
 31
0.0
210
0.0
220
1.0
230
0.0
  0
LINE
  5
D57
330
70
100
AcDbEntity
  8
Visible
100
AcDbLine
 10
126.65418
 20
87.456969
 30
0.0
 11
126.65418
 21
91.339969
 31
0.0
210
0.0
220
1.0
230
0.0
  0
LINE
  5
D58
330
70
100
AcDbEntity
  8
Visible
100
AcDbLine
 10
129.435859
 20
91.339969
 30
0.0
 11
126.65418
 21
91.339969
 31
0.0
210
0.0
220
1.0
230
0.0
  0
SPLINE
  5
D59
330
70
100
AcDbEntity
  8
Visible
100
AcDbSpline
 70
8
 71
3
 72
8
 73
4
 74
0
 42
1e-09
 40
-0.1364301242996952
 40
-0.1364301242996952
 40
-0.1364301242996952
 40
-0.1364301242996952
 40
-0.0528370272407285
 40
-0.0528370272407285
 40
-0.0528370272407285
 40
-0.0528370272407285
 10
129.6772510905612
 20
92.1399689421616
 30
-1.819e-12
 10
129.6026205071794
 20
91.87157640088213
 30
-1.819e-12
 10
129.5221361126205
 20
91.6048467661604
 30
-1.819e-12
 10
129.4358591583659
 20
91.3399689421616
 30
-1.819e-12
  0
LINE
  5
D5A
330
70
100
AcDbEntity
  8
Visible
100
AcDbLine
 10
126.65418
 20
92.139969
 30
0.0
 11
129.677251
 21
92.139969
 31
0.0
210
0.0
220
1.0
230
0.0
  0
LINE
  5
D5B
330
70
100
AcDbEntity
  8
Visible
100
AcDbLine
 10
126.65418
 20
92.139969
 30
0.0
 11
126.65418
 21
98.256969
 31
0.0
210
0.0
220
1.0
230
0.0
  0
LINE
  5
D5C
330
70
100
AcDbEntity
  8
Visible
100
AcDbLine
 10
125.85418
 20
98.256969
 30
0.0
 11
125.85418
 21
92.139969
 31
0.0
210
0.0
220
1.0
230
0.0
  0
LINE
  5
D5D
330
70
100
AcDbEntity
  8
Visible
100
AcDbLine
 10
125.207772
 20
92.139969
 30
0.0
 11
125.85418
 21
92.139969
 31
0.0
210
0.0
220
1.0
230
0.0
  0
LINE
  5
D5E
330
70
100
AcDbEntity
  8
Visible
100
AcDbLine
 10
125.85418
 20
91.339969
 30
0.0
 11
125.207772
 21
91.339969
 31
0.0
210
0.0
220
1.0
230
0.0
  0
LINE
  5
D5F
330
70
100
AcDbEntity
  8
Visible
100
AcDbLine
 10
125.85418
 20
91.339969
 30
0.0
 11
125.85418
 21
87.456969
 31
0.0
210
0.0
220
1.0
230
0.0
  0
LINE
  5
D60
330
70
100
AcDbEntity
  8
Visible
100
AcDbLine
 10
116.45418
 20
87.456969
 30
0.0
 11
125.85418
 21
87.456969
 31
0.0
210
0.0
220
1.0
230
0.0
  0
LINE
  5
D61
330
70
100
AcDbEntity
  8
Visible
100
AcDbLine
 10
116.45418
 20
87.456969
 30
0.0
 11
116.45418
 21
98.256969
 31
0.0
210
0.0
220
1.0
230
0.0
  0
LINE
  5
D62
330
70
100
AcDbEntity
  8
Visible
100
AcDbLine
 10
122.05418
 20
98.256969
 30
0.0
 11
116.45418
 21
98.256969
 31
0.0
210
0.0
220
1.0
230
0.0
  0
LINE
  5
D63
330
70
100
AcDbEntity
  8
Visible
100
AcDbLine
 10
116.45418
 20
99.056969
 30
0.0
 11
122.05418
 21
99.056969
 31
0.0
210
0.0
220
1.0
230
0.0
  0
LINE
  5
D64
330
70
100
AcDbEntity
  8
Visible
100
AcDbLine
 10
116.45418
 20
99.056969
 30
0.0
 11
116.45418
 21
110.656969
 31
0.0
210
0.0
220
1.0
230
0.0
  0
LINE
  5
D65
330
70
100
AcDbEntity
  8
Visible
100
AcDbLine
 10
116.45418
 20
110.656969
 30
0.0
 11
125.85418
 21
110.656969
 31
0.0
210
0.0
220
1.0
230
0.0
  0
LINE
  5
D66
330
70
100
AcDbEntity
  8
Visible
100
AcDbLine
 10
125.85418
 20
110.656969
 30
0.0
 11
125.85418
 21
104.277723
 31
0.0
210
0.0
220
1.0
230
0.0
  0
ARC
  5
D67
330
70
100
AcDbEntity
  8
Visible
100
AcDbCircle
 10
-126.25418
 20
101.556969
 30
0.0
 40
2.750000000000001
210
1e-16
220
0.0
230
-1.0
100
AcDbArc
 50
294.619977
 51
81.636398
  0
ARC
  5
D68
330
70
100
AcDbEntity
  8
Visible
100
AcDbCircle
 10
-126.25418
 20
101.556969
 30
0.0
 40
2.75
210
1e-16
220
0.0
230
-1.0
100
AcDbArc
 50
98.363602
 51
245.380023
  0
LINE
  5
D69
330
70
100
AcDbEntity
  8
Visible
100
AcDbLine
 10
126.65418
 20
104.277723
 30
0.0
 11
126.65418
 21
110.656969
 31
0.0
210
0.0
220
1.0
230
0.0
  0
LINE
  5
D6A
330
70
100
AcDbEntity
  8
Visible
100
AcDbLine
 10
126.65418
 20
110.656969
 30
0.0
 11
127.6995
 21
110.656969
 31
0.0
210
0.0
220
1.0
230
0.0
  0
ELLIPSE
  5
D6B
330
70
100
AcDbEntity
  8
Visible
100
AcDbEllipse
 10
129.517394
 20
-24.647437
 30
0.0
 11
-14.22914907102551
 21
161.9166482687749
 31
-1.7e-15
210
1e-16
220
0.0
230
-0.9999999999999998
 40
0.1107415141733932
 41
0.5598479686517633
 42
0.5912987885665048
  0
CIRCLE
  5
D6C
330
70
100
AcDbEntity
  8
Visible
100
AcDbCircle
 10
-126.25418
 20
101.556969
 30
0.0
 40
1.0
210
1e-16
220
0.0
230
-1.0
  0
LINE
  5
D6D
330
70
100
AcDbEntity
  8
Visible
100
AcDbLine
 10
106.45418
 20
99.056969
 30
0.0
 11
115.65418
 21
99.056969
 31
0.0
210
0.0
220
1.0
230
0.0
  0
LINE
  5
D6E
330
70
100
AcDbEntity
  8
Visible
100
AcDbLine
 10
106.45418
 20
99.056969
 30
0.0
 11
106.45418
 21
110.656969
 31
0.0
210
0.0
220
1.0
230
0.0
  0
LINE
  5
D6F
330
70
100
AcDbEntity
  8
Visible
100
AcDbLine
 10
106.45418
 20
110.656969
 30
0.0
 11
115.65418
 21
110.656969
 31
0.0
210
0.0
220
1.0
230
0.0
  0
LINE
  5
D70
330
70
100
AcDbEntity
  8
Visible
100
AcDbLine
 10
115.65418
 20
110.656969
 30
0.0
 11
115.65418
 21
99.056969
 31
0.0
210
0.0
220
1.0
230
0.0
  0
CIRCLE
  5
D71
330
70
100
AcDbEntity
  8
Visible
100
AcDbCircle
 10
-95.85418
 20
101.556969
 30
0.0
 40
1.0
210
1e-16
220
0.0
230
-1.0
  0
ELLIPSE
  5
D72
330
70
100
AcDbEntity
  8
Visible
100
AcDbEllipse
 10
97.304843
 20
28.992809
 30
0.0
 11
14.22914906973421
 21
161.916648267165
 31
1.7e-15
210
-1e-16
220
0.0
230
0.9999999999999998
 40
0.1107415141683093
 41
1.03335515262608
 42
1.098501575526884
  0
LINE
  5
D73
330
70
100
AcDbEntity
  8
Visible
100
AcDbLine
 10
87.810185
 20
104.056969
 30
0.0
 11
89.004985
 21
104.056969
 31
0.0
210
0.0
220
1.0
230
0.0
  0
ELLIPSE
  5
D74
330
70
100
AcDbEntity
  8
Visible
100
AcDbEllipse
 10
95.733551
 20
11.112727
 30
0.0
 11
14.22914906709372
 21
161.9166482563217
 31
1.7e-15
210
-1e-16
220
0.0
230
1.0
 40
0.1107415141723528
 41
0.9691478954922959
 42
0.9896854983899867
  0
SPLINE
  5
D75
330
70
100
AcDbEntity
  8
Visible
100
AcDbSpline
 70
8
 71
3
 72
8
 73
4
 74
0
 42
1e-09
 40
-0.2880368815306865
 40
-0.2880368815306865
 40
-0.2880368815306865
 40
-0.2880368815306865
 40
-0.207696775004048
 40
-0.207696775004048
 40
-0.207696775004048
 40
-0.207696775004048
 10
86.72625983486978
 20
98.2569689421616
 30
-1.819e-12
 10
86.73022989319361
 20
98.52365238471774
 30
-1.819e-12
 10
86.73859687737239
 20
98.79035526413638
 30
-1.819e-12
 10
86.75136709405524
 20
99.0569689421616
 30
-1.819e-12
  0
LINE
  5
D76
330
70
100
AcDbEntity
  8
Visible
100
AcDbLine
 10
86.751367
 20
99.056969
 30
0.0
 11
85.827681
 21
99.056969
 31
0.0
210
0.0
220
1.0
230
0.0
  0
LINE
  5
D77
330
70
100
AcDbEntity
  8
Visible
100
AcDbLine
 10
136.28068
 20
99.056969
 30
0.0
 11
135.356994
 21
99.056969
 31
0.0
210
0.0
220
1.0
230
0.0
  0
SPLINE
  5
D78
330
70
100
AcDbEntity
  8
Visible
100
AcDbSpline
 70
8
 71
3
 72
8
 73
4
 74
0
 42
1e-09
 40
-8.103290007873
 40
-8.103290007873
 40
-8.103290007873
 40
-8.103290007873
 40
-8.023009517847209
 40
-8.023009517847209
 40
-8.023009517847209
 40
-8.023009517847209
 10
135.356993535026
 20
99.0569689421616
 30
-1.819e-12
 10
135.3697624632259
 20
98.79038674703034
 30
-1.819e-12
 10
135.3781296144916
 20
98.52368378605382
 30
-1.819e-12
 10
135.3821007942115
 20
98.2569689421616
 30
-1.819e-12
  0
ARC
  5
D79
330
70
100
AcDbEntity
  8
Visible
100
AcDbCircle
 10
-100.71218
 20
124.468969
 30
0.0
 40
2.000000000000001
210
1e-16
220
0.0
230
-1.0
100
AcDbArc
 50
11.186312
 51
348.111956
  0
SPLINE
  5
D7A
330
70
100
AcDbEntity
  8
Visible
100
AcDbSpline
 70
8
 71
3
 72
30
 73
26
 74
0
 42
1e-09
 40
-1.220528994021872
 40
-1.220528994021872
 40
-1.220528994021872
 40
-1.220528994021872
 40
-1.216607804655008
 40
-1.216607804655008
 40
-1.18985639956625
 40
-1.18985639956625
 40
-1.149174780225582
 40
-1.149174780225582
 40
-1.059897938496804
 40
-1.059897938496804
 40
-0.9600550662526107
 40
-0.9600550662526107
 40
-0.8401273923356466
 40
-0.8401273923356466
 40
-0.7349991915966368
 40
-0.7349991915966368
 40
-0.6542029520772668
 40
-0.6542029520772668
 40
-0.5912157362374846
 40
-0.5912157362374846
 40
-0.5328297736681624
 40
-0.5328297736681624
 40
-0.5019834422856643
 40
-0.5019834422856643
 40
-0.484647685319463
 40
-0.484647685319463
 40
-0.484647685319463
 40
-0.484647685319463
 10
100.1378688085933
 20
139.6457556619054
 30
-1.819e-12
 10
100.126545692201
 20
139.6393248836975
 30
-1.819e-12
 10
100.1152550643582
 20
139.6328314930509
 30
-1.819e-12
 10
100.0272021981072
 20
139.5815567517352
 30
-1.819e-12
 10
99.9522928539136
 20
139.5341513148328
 30
-1.819e-12
 10
99.76922258306878
 20
139.4088203680515
 30
-1.819e-12
 10
99.664776046915
 20
139.3283525192495
 30
-1.819e-12
 10
99.35358251770049
 20
139.060020587433
 30
-1.819e-12
 10
99.17748587561437
 20
138.8621403126888
 30
-1.819e-12
 10
98.89311167530649
 20
138.438430123973
 30
-1.819e-12
 10
98.79716314307007
 20
138.2149329491676
 30
-1.819e-12
 10
98.702121740047
 20
137.7469250595797
 30
-1.819e-12
 10
98.72649426028511
 20
137.5076454295069
 30
-1.819e-12
 10
98.90523632402619
 20
137.1185907966066
 30
-1.819e-12
 10
99.04363172960984
 20
136.9604584068553
 30
-1.819e-12
 10
99.37829924261132
 20
136.7491025330848
 30
-1.819e-12
 10
99.55442670076809
 20
136.679808738857
 30
-1.819e-12
 10
99.91507171628109
 20
136.6156880442259
 30
-1.819e-12
 10
100.0884554201675
 20
136.608042780222
 30
-1.819e-12
 10
100.4438085891324
 20
136.6434550387012
 30
-1.819e-12
 10
100.6207529414769
 20
136.6825693864366
 30
-1.819e-12
 10
100.8927677397751
 20
136.7789887609104
 30
-1.819e-12
 10
100.9858020501524
 20
136.8185552904403
 30
-1.819e-12
 10
101.1284754532989
 20
136.8896665528213
 30
-1.819e-12
 10
101.1790109178564
 20
136.9170023648654
 30
-1.819e-12
 10
101.2286495386524
 20
136.9459790853459
 30
-1.819e-12
  0
ARC
  5
D7B
330
70
100
AcDbEntity
  8
Visible
100
AcDbCircle
 10
-111.052378
 20
120.427748
 30
0.0
 40
22.10109345763542
210
1e-16
220
0.0
230
-1.0
100
AcDbArc
 50
60.406398
 51
70.799486
  0
SPLINE
  5
D7C
330
70
100
AcDbEntity
  8
Visible
100
AcDbSpline
 70
8
 71
3
 72
30
 73
26
 74
0
 42
1e-09
 40
-0.9951181969385611
 40
-0.9951181969385611
 40
-0.9951181969385611
 40
-0.9951181969385611
 40
-0.9714900274764259
 40
-0.9714900274764259
 40
-0.9404680901118938
 40
-0.9404680901118938
 40
-0.8827322393640089
 40
-0.8827322393640089
 40
-0.8007735487274205
 40
-0.8007735487274205
 40
-0.6916192086139094
 40
-0.6916192086139094
 40
-0.5767915519231118
 40
-0.5767915519231118
 40
-0.4814720202087789
 40
-0.4814720202087789
 40
-0.4039594920341297
 40
-0.4039594920341297
 40
-0.3453517841777949
 40
-0.3453517841777949
 40
-0.2976950228272897
 40
-0.2976950228272897
 40
-0.2696376286605248
 40
-0.2696376286605248
 40
-0.2595100493482047
 40
-0.2595100493482047
 40
-0.2595100493482047
 40
-0.2595100493482047
 10
104.8752901279895
 20
138.5980955270988
 30
-1.819e-12
 10
104.9495220820608
 20
138.6228962200669
 30
-1.819e-12
 10
105.0223906238043
 20
138.6510110079826
 30
-1.819e-12
 10
105.1870415730918
 20
138.7234553540073
 30
-1.819e-12
 10
105.2767539483338
 20
138.7697314287171
 30
-1.819e-12
 10
105.52120456187
 20
138.9152481442774
 30
-1.819e-12
 10
105.662138532849
 20
139.0238174824759
 30
-1.819e-12
 10
105.956699793136
 20
139.3069123143407
 30
-1.819e-12
 10
106.087893754584
 20
139.4868739301439
 30
-1.819e-12
 10
106.303151836084
 20
139.9057826039175
 30
-1.819e-12
 10
106.357849124206
 20
140.1449722658657
 30
-1.819e-12
 10
106.3455873712864
 20
140.5948185779081
 30
-1.819e-12
 10
106.2720782146789
 20
140.8055574033524
 30
-1.819e-12
 10
106.0220147052732
 20
141.1253202022143
 30
-1.819e-12
 10
105.8648941393185
 20
141.2458642822969
 30
-1.819e-12
 10
105.5047845124354
 20
141.4043112128051
 30
-1.819e-12
 10
105.3166941614872
 20
141.4530282402381
 30
-1.819e-12
 10
104.9459994439748
 20
141.4913855183478
 30
-1.819e-12
 10
104.7746775094456
 20
141.4923683215095
 30
-1.819e-12
 10
104.4487619744668
 20
141.4635264323388
 30
-1.819e-12
 10
104.2985286994535
 20
141.4395501855876
 30
-1.819e-12
 10
104.0574935430086
 20
141.3837309839006
 30
-1.819e-12
 10
103.9681844204333
 20
141.3592969224133
 30
-1.819e-12
 10
103.8474779464031
 20
141.3210755745386
 30
-1.819e-12
 10
103.8155972128734
 20
141.3104794175827
 30
-1.819e-12
 10
103.7838786148477
 20
141.299433346275
 30
-1.819e-12
  0
SPLINE
  5
D7D
330
70
100
AcDbEntity
  8
Visible
100
AcDbSpline
 70
8
 71
3
 72
8
 73
4
 74
0
 42
1e-09
 40
-3.75229650321587
 40
-3.75229650321587
 40
-3.75229650321587
 40
-3.75229650321587
 40
-3.349842018719341
 40
-3.349842018719341
 40
-3.349842018719341
 40
-3.349842018719341
 10
101.2286495386524
 20
136.9459790853459
 30
-1.819e-12
 10
102.386419351913
 20
137.6218313093197
 30
-1.819e-12
 10
103.6086870733124
 20
138.1749269088325
 30
-1.819e-12
 10
104.8752901279877
 20
138.5980955270983
 30
-1.819e-12
  0
SPLINE
  5
D7E
330
70
100
AcDbEntity
  8
Visible
100
AcDbSpline
 70
8
 71
3
 72
8
 73
4
 74
0
 42
1e-09
 40
-0.1378235866230239
 40
-0.1378235866230239
 40
-0.1378235866230239
 40
-0.1378235866230239
 40
-0.0535323641555706
 40
-0.0535323641555706
 40
-0.0535323641555706
 40
-0.0535323641555706
 10
96.35034437363358
 20
124.0569689421616
 30
-1.819e-12
 10
96.43084184799773
 20
124.3260586813999
 30
-1.819e-12
 10
96.51886641040618
 20
124.5928278353171
 30
-1.819e-12
 10
96.6143154390884
 20
124.8569689421616
 30
-1.819e-12
  0
LINE
  5
D7F
330
70
100
AcDbEntity
  8
Visible
100
AcDbLine
 10
125.882607
 20
98.256969
 30
0.0
 11
135.382101
 21
98.256969
 31
0.0
210
0.0
220
1.0
230
0.0
  0
LINE
  5
D80
330
70
100
AcDbEntity
  8
Visible
100
AcDbLine
 10
125.882607
 20
98.256969
 30
0.0
 11
124.468394
 21
98.256969
 31
0.0
210
0.0
220
1.0
230
0.0
  0
LINE
  5
D81
330
70
100
AcDbEntity
  8
Visible
100
AcDbLine
 10
122.639967
 20
98.256969
 30
0.0
 11
124.468394
 21
98.256969
 31
0.0
210
0.0
220
1.0
230
0.0
  0
LINE
  5
D82
330
70
100
AcDbEntity
  8
Visible
100
AcDbLine
 10
122.639967
 20
98.256969
 30
0.0
 11
122.05418
 21
98.256969
 31
0.0
210
0.0
220
1.0
230
0.0
  0
LINE
  5
D83
330
70
100
AcDbEntity
  8
Visible
100
AcDbLine
 10
100.05418
 20
98.256969
 30
0.0
 11
99.468394
 21
98.256969
 31
0.0
210
0.0
220
1.0
230
0.0
  0
LINE
  5
D84
330
70
100
AcDbEntity
  8
Visible
100
AcDbLine
 10
97.639967
 20
98.256969
 30
0.0
 11
99.468394
 21
98.256969
 31
0.0
210
0.0
220
1.0
230
0.0
  0
LINE
  5
D85
330
70
100
AcDbEntity
  8
Visible
100
AcDbLine
 10
97.639967
 20
98.256969
 30
0.0
 11
96.225753
 21
98.256969
 31
0.0
210
0.0
220
1.0
230
0.0
  0
LINE
  5
D86
330
70
100
AcDbEntity
  8
Visible
100
AcDbLine
 10
86.72626
 20
98.256969
 30
0.0
 11
96.225753
 21
98.256969
 31
0.0
210
0.0
220
1.0
230
0.0
  0
LINE
  5
D87
330
70
100
AcDbEntity
  8
Visible
100
AcDbLine
 10
83.572368
 20
99.056969
 30
0.0
 11
84.573055
 21
99.056969
 31
0.0
210
0.0
220
1.0
230
0.0
  0
LINE
  5
D88
330
70
100
AcDbEntity
  8
Visible
100
AcDbLine
 10
85.705012
 20
99.056969
 30
0.0
 11
85.573796
 21
99.056969
 31
0.0
210
0.0
220
1.0
230
0.0
  0
LINE
  5
D89
330
70
100
AcDbEntity
  8
Visible
100
AcDbLine
 10
85.827681
 20
99.056969
 30
0.0
 11
85.705012
 21
99.056969
 31
0.0
210
0.0
220
1.0
230
0.0
  0
LINE
  5
D8A
330
70
100
AcDbEntity
  8
Visible
100
AcDbLine
 10
86.751367
 20
99.056969
 30
0.0
 11
96.225753
 21
99.056969
 31
0.0
210
0.0
220
1.0
230
0.0
  0
LINE
  5
D8B
330
70
100
AcDbEntity
  8
Visible
100
AcDbLine
 10
96.225753
 20
99.056969
 30
0.0
 11
97.639967
 21
99.056969
 31
0.0
210
0.0
220
1.0
230
0.0
  0
LINE
  5
D8C
330
70
100
AcDbEntity
  8
Visible
100
AcDbLine
 10
99.468394
 20
99.056969
 30
0.0
 11
97.639967
 21
99.056969
 31
0.0
210
0.0
220
1.0
230
0.0
  0
LINE
  5
D8D
330
70
100
AcDbEntity
  8
Visible
100
AcDbLine
 10
99.468394
 20
99.056969
 30
0.0
 11
100.05418
 21
99.056969
 31
0.0
210
0.0
220
1.0
230
0.0
  0
SPLINE
  5
D8E
330
70
100
AcDbEntity
  8
Visible
100
AcDbSpline
 70
8
 71
3
 72
8
 73
4
 74
0
 42
1e-09
 40
-0.7652250429022907
 40
-0.7652250429022907
 40
-0.7652250429022907
 40
-0.7652250429022907
 40
-0.0506111545873287
 40
-0.0506111545873287
 40
-0.0506111545873287
 40
-0.0506111545873287
 10
132.9220758901829
 20
113.2379601362164
 30
-1.819e-12
 10
132.5577744144975
 20
115.5917200082041
 30
-1.819e-12
 10
132.1886683536559
 20
117.9531259710676
 30
-1.819e-12
 10
131.8163326792673
 20
120.3069689421616
 30
-1.819e-12
  0
LINE
  5
D8F
330
70
100
AcDbEntity
  8
Visible
100
AcDbLine
 10
131.816333
 20
120.306969
 30
0.0
 11
133.907842
 21
120.306969
 31
0.0
210
0.0
220
1.0
230
0.0
  0
LINE
  5
D90
330
70
100
AcDbEntity
  8
Visible
100
AcDbLine
 10
122.05418
 20
99.056969
 30
0.0
 11
122.639967
 21
99.056969
 31
0.0
210
0.0
220
1.0
230
0.0
  0
LINE
  5
D91
330
70
100
AcDbEntity
  8
Visible
100
AcDbLine
 10
124.468394
 20
99.056969
 30
0.0
 11
122.639967
 21
99.056969
 31
0.0
210
0.0
220
1.0
230
0.0
  0
LINE
  5
D92
330
70
100
AcDbEntity
  8
Visible
100
AcDbLine
 10
124.468394
 20
99.056969
 30
0.0
 11
125.882607
 21
99.056969
 31
0.0
210
0.0
220
1.0
230
0.0
  0
LINE
  5
D93
330
70
100
AcDbEntity
  8
Visible
100
AcDbLine
 10
125.882607
 20
99.056969
 30
0.0
 11
135.356994
 21
99.056969
 31
0.0
210
0.0
220
1.0
230
0.0
  0
LINE
  5
D94
330
70
100
AcDbEntity
  8
Visible
100
AcDbLine
 10
136.403349
 20
99.056969
 30
0.0
 11
136.28068
 21
99.056969
 31
0.0
210
0.0
220
1.0
230
0.0
  0
LINE
  5
D95
330
70
100
AcDbEntity
  8
Visible
100
AcDbLine
 10
136.534565
 20
99.056969
 30
0.0
 11
136.403349
 21
99.056969
 31
0.0
210
0.0
220
1.0
230
0.0
  0
LINE
  5
D96
330
70
100
AcDbEntity
  8
Visible
100
AcDbLine
 10
137.535306
 20
99.056969
 30
0.0
 11
138.535992
 21
99.056969
 31
0.0
210
0.0
220
1.0
230
0.0
  0
ELLIPSE
  5
D97
330
70
100
AcDbEntity
  8
Visible
100
AcDbEllipse
 10
126.374809
 20
11.112727
 30
0.0
 11
-14.22914906713533
 21
161.9166482564941
 31
-1.7e-15
210
-1e-16
220
0.0
230
1.0
 40
0.110741514172287
 41
-0.9896854983907128
 42
-0.9691478954930545
  0
LINE
  5
D98
330
70
100
AcDbEntity
  8
Visible
100
AcDbLine
 10
133.103376
 20
104.056969
 30
0.0
 11
134.298176
 21
104.056969
 31
0.0
210
0.0
220
1.0
230
0.0
  0
ELLIPSE
  5
D99
330
70
100
AcDbEntity
  8
Visible
100
AcDbEllipse
 10
124.803517
 20
28.992809
 30
0.0
 11
-14.22914906975207
 21
161.9166482672482
 31
-1.7e-15
210
-1e-16
220
0.0
230
1.0
 40
0.1107415141682693
 41
-1.098501575527157
 42
-1.033355152626397
  0
LINE
  5
D9A
330
70
100
AcDbEntity
  8
Visible
100
AcDbLine
 10
108.662883
 20
92.986969
 30
0.0
 11
106.45418
 21
92.986969
 31
0.0
210
0.0
220
1.0
230
0.0
  0
SPLINE
  5
D9B
330
70
100
AcDbEntity
  8
Visible
100
AcDbSpline
 70
8
 71
3
 72
8
 73
4
 74
0
 42
1e-09
 40
-0.2773658829728547
 40
-0.2773658829728547
 40
-0.2773658829728547
 40
-0.2773658829728547
 40
-0.0500687663384838
 40
-0.0500687663384838
 40
-0.0500687663384838
 40
-0.0500687663384838
 10
88.55708315615993
 20
101.3144210659609
 30
-1.819e-12
 10
88.43618254403373
 20
100.5664722815176
 30
-1.819e-12
 10
88.35284818471519
 20
99.81304681471961
 30
-1.819e-12
 10
88.30735871624165
 20
99.0569689421616
 30
-1.819e-12
  0
CIRCLE
  5
D9C
330
70
100
AcDbEntity
  8
Visible
100
AcDbCircle
 10
111.05418
 20
120.556969
 30
0.0
 40
4.75
  0
ARC
  5
D9D
330
70
100
AcDbEntity
  8
Visible
100
AcDbCircle
 10
-102.950117
 20
143.796444
 30
0.0
 40
2.921176360496362
210
1e-16
220
0.0
230
-1.0
100
AcDbArc
 50
232.285558
 51
251.185824
  0
ARC
  5
D9E
330
70
100
AcDbEntity
  8
Visible
100
AcDbCircle
 10
-98.808875
 20
141.8969
 30
0.0
 40
2.88760424132468
210
1e-16
220
0.0
230
-1.0
100
AcDbArc
 50
240.259703
 51
258.678639
  0
ARC
  5
D9F
330
70
100
AcDbEntity
  8
Visible
100
AcDbCircle
 10
-111.048418
 20
120.237548
 30
0.0
 40
21.99069155996975
210
1e-16
220
0.0
230
-1.0
100
AcDbArc
 50
60.564953
 51
71.009009
  0
ARC
  5
DA0
330
70
100
AcDbEntity
  8
Visible
100
AcDbCircle
 10
112.57418
 20
94.886969
 30
0.0
 40
1.4
100
AcDbArc
 50
0.0
 51
90.0
  0
LINE
  5
DA1
330
70
100
AcDbEntity
  8
Visible
100
AcDbLine
 10
106.45418
 20
96.286969
 30
0.0
 11
112.57418
 21
96.286969
 31
0.0
210
0.0
220
1.0
230
0.0
  0
ARC
  5
DA2
330
70
100
AcDbEntity
  8
Visible
100
AcDbCircle
 10
112.57418
 20
94.386969
 30
0.0
 40
1.4
100
AcDbArc
 50
270.0
 51
0.0
  0
LINE
  5
DA3
330
70
100
AcDbEntity
  8
Visible
100
AcDbLine
 10
113.97418
 20
94.886969
 30
0.0
 11
113.97418
 21
94.386969
 31
0.0
210
0.0
220
1.0
230
0.0
  0
ARC
  5
DA4
330
70
100
AcDbEntity
  8
Visible
100
AcDbCircle
 10
-106.27418
 20
94.386969
 30
0.0
 40
1.399999999902257
210
1e-16
220
0.0
230
-1.0
100
AcDbArc
 50
296.286321
 51
0.0
  0
LINE
  5
DA5
330
70
100
AcDbEntity
  8
Visible
100
AcDbLine
 10
112.57418
 20
92.986969
 30
0.0
 11
108.662883
 21
92.986969
 31
0.0
210
0.0
220
1.0
230
0.0
  0
ARC
  5
DA6
330
70
100
AcDbEntity
  8
Visible
100
AcDbCircle
 10
106.27418
 20
94.886969
 30
0.0
 40
1.4
100
AcDbArc
 50
116.286321
 51
152.178502
  0
ARC
  5
DA7
330
70
100
AcDbEntity
  8
Visible
100
AcDbCircle
 10
-106.27418
 20
94.886969
 30
0.0
 40
1.400000000296935
210
1e-16
220
0.0
230
-1.0
100
AcDbArc
 50
0.0
 51
27.821498
  0
LINE
  5
DA8
330
70
100
AcDbEntity
  8
Visible
100
AcDbLine
 10
104.87418
 20
94.386969
 30
0.0
 11
104.87418
 21
94.886969
 31
0.0
210
0.0
220
1.0
230
0.0
  0
SPLINE
  5
DA9
330
70
100
AcDbEntity
  8
Visible
100
AcDbSpline
 70
8
 71
3
 72
8
 73
4
 74
0
 42
1e-09
 40
-0.2977542933917543
 40
-0.2977542933917543
 40
-0.2977542933917543
 40
-0.2977542933917543
 40
-0.0500507761657882
 40
-0.0500507761657882
 40
-0.0500507761657882
 40
-0.0500507761657882
 10
135.8855054369778
 20
101.5195517799297
 30
-1.819e-12
 10
136.0093021484062
 20
100.7032067071253
 30
-1.819e-12
 10
136.0926198272209
 20
99.88134326951513
 30
-1.819e-12
 10
136.1351851379531
 20
99.0569689421616
 30
-1.819e-12
  0
SPLINE
  5
DAA
330
70
100
AcDbEntity
  8
Visible
100
AcDbSpline
 70
8
 71
3
 72
8
 73
4
 74
0
 42
1e-09
 40
-0.2477035351558482
 40
-0.2477035351558482
 40
-0.2477035351558482
 40
-0.2477035351558482
 40
0.0
 40
0.0
 40
0.0
 40
0.0
 10
85.97317549112815
 20
99.0569689421616
 30
-1.819e-12
 10
86.01574080186037
 20
99.88134326951516
 30
-1.819e-12
 10
86.09905848067501
 20
100.7032067071253
 30
-1.819e-12
 10
86.22285519210345
 20
101.5195517799297
 30
-1.819e-12
  0
CIRCLE
  5
DAB
330
70
100
AcDbEntity
  8
Visible
100
AcDbCircle
 10
100.71218
 20
124.468969
 30
0.0
 40
1.0
  0
LINE
  5
DAC
330
70
100
AcDbEntity
  8
Visible
100
AcDbLine
 10
96.614315
 20
124.856969
 30
0.0
 11
98.750177
 21
124.856969
 31
0.0
210
0.0
220
1.0
230
0.0
  0
LINE
  5
DAD
330
70
100
AcDbEntity
  8
Visible
100
AcDbLine
 10
96.350344
 20
124.056969
 30
0.0
 11
98.755076
 21
124.056969
 31
0.0
210
0.0
220
1.0
230
0.0
  0
CIRCLE
  5
DAE
330
70
100
AcDbEntity
  8
Visible
100
AcDbCircle
 10
123.24818
 20
91.739969
 30
0.0
 40
0.9999999999999984
  0
CIRCLE
  5
DAF
330
70
100
AcDbEntity
  8
Visible
100
AcDbCircle
 10
-123.24818
 20
91.739969
 30
0.0
 40
1.999999999999999
210
1e-16
220
0.0
230
-1.0
  0
CIRCLE
  5
DB0
330
70
100
AcDbEntity
  8
Visible
100
AcDbCircle
 10
-111.05418
 20
120.556969
 30
0.0
 40
2.1
210
1e-16
220
0.0
230
-1.0
  0
SPLINE
  5
DB1
330
70
100
AcDbEntity
  8
Visible
100
AcDbSpline
 70
8
 71
3
 72
10
 73
6
 74
0
 42
1e-09
 40
-0.3052369338126919
 40
-0.3052369338126919
 40
-0.3052369338126919
 40
-0.3052369338126919
 40
-0.1536470780109902
 40
-0.1536470780109902
 40
0.0
 40
0.0
 40
0.0
 40
0.0
 10
85.87170009051806
 20
120.3069689421616
 30
-1.819e-12
 10
85.92807777329836
 20
120.8091142963156
 30
-1.819e-12
 10
85.9844920793621
 20
121.3112801473553
 30
-1.819e-12
 10
86.09814973998982
 20
122.3223685017279
 30
-1.819e-12
 10
86.15539980996073
 20
122.8313422942597
 30
-1.819e-12
 10
86.21268266040352
 20
123.3402857023272
 30
-1.819e-12
  0
LINE
  5
DB2
330
70
100
AcDbEntity
  8
Visible
100
AcDbLine
 10
86.876695
 20
120.306969
 30
0.0
 11
85.8717
 21
120.306969
 31
0.0
210
0.0
220
1.0
230
0.0
  0
LINE
  5
DB3
330
70
100
AcDbEntity
  8
Visible
100
AcDbLine
 10
136.236661
 20
120.306969
 30
0.0
 11
135.231665
 21
120.306969
 31
0.0
210
0.0
220
1.0
230
0.0
  0
SPLINE
  5
DB4
330
70
100
AcDbEntity
  8
Visible
100
AcDbSpline
 70
8
 71
3
 72
10
 73
6
 74
0
 42
1e-09
 40
-0.3074808502381292
 40
-0.3074808502381292
 40
-0.3074808502381292
 40
-0.3074808502381292
 40
-0.1536263304916725
 40
-0.1536263304916725
 40
-0.002243885016761
 40
-0.002243885016761
 40
-0.002243885016761
 40
-0.002243885016761
 10
135.8956779686778
 20
123.3402857023271
 30
-1.819e-12
 10
135.9530381517979
 20
122.8306552132842
 30
-1.819e-12
 10
136.010365469845
 20
122.3209942224489
 30
-1.819e-12
 10
136.124022941256
 20
121.3099058471675
 30
-1.819e-12
 10
136.1803599995673
 20
120.8084271912281
 30
-1.819e-12
 10
136.2366605385632
 20
120.3069689421616
 30
-1.819e-12
  0
SPLINE
  5
DB5
330
70
100
AcDbEntity
  8
Visible
100
AcDbSpline
 70
8
 71
3
 72
10
 73
6
 74
0
 42
1e-09
 40
-0.015704259182171
 40
-0.015704259182171
 40
-0.015704259182171
 40
-0.015704259182171
 40
-0.0078523910598061
 40
-0.0078523910598061
 40
0.0
 40
0.0
 40
0.0
 40
0.0
 10
135.87764891607
 20
123.4962910353588
 30
-1.819e-12
 10
135.8807309653966
 20
123.4703002394663
 30
-1.819e-12
 10
135.8837744430548
 20
123.4443042236892
 30
-1.819e-12
 10
135.8897841051402
 20
123.3923027994503
 30
-1.819e-12
 10
135.8927504327384
 20
123.3662961069453
 30
-1.819e-12
 10
135.8956779686778
 20
123.3402857023272
 30
-1.819e-12
  0
ARC
  5
DB6
330
70
100
AcDbEntity
  8
Visible
100
AcDbCircle
 10
-111.054168
 20
120.551202
 30
0.0
 40
24.99765018119578
210
1e-16
220
0.0
230
-1.0
100
AcDbArc
 50
6.766023
 51
173.233984
  0
SPLINE
  5
DB7
330
70
100
AcDbEntity
  8
Visible
100
AcDbSpline
 70
8
 71
3
 72
10
 73
6
 74
0
 42
1e-09
 40
-0.0157042606970225
 40
-0.0157042606970225
 40
-0.0157042606970225
 40
-0.0157042606970225
 40
-0.0078518636574333
 40
-0.0078518636574333
 40
0.0
 40
0.0
 40
0.0
 40
0.0
 10
86.21268266040352
 20
123.3402857023272
 30
-1.819e-12
 10
86.21561019828916
 20
123.3662961242444
 30
-1.819e-12
 10
86.21857652788638
 20
123.392302834044
 30
-1.819e-12
 10
86.22458619007558
 20
123.4443042582732
 30
-1.819e-12
 10
86.22762966573644
 20
123.4703002567573
 30
-1.819e-12
 10
86.23071171301125
 20
123.4962910353588
 30
-1.819e-12
  0
LINE
  5
DB8
330
70
100
AcDbEntity
  8
Visible
100
AcDbLine
 10
88.200518
 20
120.306969
 30
0.0
 11
90.292028
 21
120.306969
 31
0.0
210
0.0
220
1.0
230
0.0
  0
LINE
  5
DB9
330
70
100
AcDbEntity
  8
Visible
100
AcDbLine
 10
87.882926
 20
120.306969
 30
0.0
 11
88.200518
 21
120.306969
 31
0.0
210
0.0
220
1.0
230
0.0
  0
ARC
  5
DBA
330
70
100
AcDbEntity
  8
Visible
100
AcDbCircle
 10
-111.05418
 20
98.056969
 30
0.0
 40
27.5
210
1e-16
220
0.0
230
-1.0
100
AcDbArc
 50
289.462951
 51
2.083942
  0
ARC
  5
DBB
330
70
100
AcDbEntity
  8
Visible
100
AcDbCircle
 10
-105.223228
 20
81.556969
 30
0.0
 40
10.0
210
1e-16
220
0.0
230
-1.0
100
AcDbArc
 50
270.0
 51
289.462951
  0
LINE
  5
DBC
330
70
100
AcDbEntity
  8
Visible
100
AcDbLine
 10
116.885132
 20
71.556969
 30
0.0
 11
105.223228
 21
71.556969
 31
0.0
210
0.0
220
1.0
230
0.0
  0
ARC
  5
DBD
330
70
100
AcDbEntity
  8
Visible
100
AcDbCircle
 10
-116.885132
 20
81.556969
 30
0.0
 40
10.0
210
1e-16
220
0.0
230
-1.0
100
AcDbArc
 50
250.537049
 51
270.0
  0
ARC
  5
DBE
330
70
100
AcDbEntity
  8
Visible
100
AcDbCircle
 10
-111.05418
 20
98.056969
 30
0.0
 40
27.5
210
1e-16
220
0.0
230
-1.0
100
AcDbArc
 50
177.916058
 51
250.537049
  0
LINE
  5
DBF
330
70
100
AcDbEntity
  8
Visible
100
AcDbLine
 10
122.05418
 20
99.056969
 30
0.0
 11
122.05418
 21
98.256969
 31
0.0
210
0.0
220
1.0
230
0.0
  0
LINE
  5
DC0
330
70
100
AcDbEntity
  8
Visible
100
AcDbLine
 10
100.05418
 20
98.256969
 30
0.0
 11
100.05418
 21
99.056969
 31
0.0
210
0.0
220
1.0
230
0.0
  0
ELLIPSE
  5
DC1
330
70
100
AcDbEntity
  8
Visible
100
AcDbEllipse
 10
124.803517
 20
28.992809
 30
0.0
 11
-15.81016563239631
 21
179.9073869605416
 31
-1.9e-15
210
1e-16
220
0.0
230
-1.0
 40
0.1107415141695831
 41
1.091961200538974
 42
1.150145889526391
  0
ELLIPSE
  5
DC2
330
70
100
AcDbEntity
  8
Visible
100
AcDbEllipse
 10
126.374809
 20
11.112727
 30
0.0
 11
-15.81016562035876
 21
179.9073869061563
 31
-1.9e-15
210
1e-16
220
0.0
230
-0.9999999999999996
 40
0.110741514191919
 41
1.037654709975897
 42
1.054045887124922
  0
SPLINE
  5
DC3
330
70
100
AcDbEntity
  8
Visible
100
AcDbSpline
 70
8
 71
3
 72
8
 73
4
 74
0
 42
1e-09
 40
-0.2272971420731666
 40
-0.2272971420731666
 40
-0.2272971420731666
 40
-0.2272971420731666
 40
0.0
 40
0.0
 40
0.0
 40
0.0
 10
133.8010019128396
 20
99.0569689421616
 30
-1.819e-12
 10
133.7555124443661
 20
99.81304681471961
 30
-1.819e-12
 10
133.6721780850475
 20
100.5664722815176
 30
-1.819e-12
 10
133.5512774729213
 20
101.314421065961
 30
-1.819e-12
  0
SPLINE
  5
DC4
330
70
100
AcDbEntity
  8
Visible
100
AcDbSpline
 70
8
 71
3
 72
8
 73
4
 74
0
 42
1e-09
 40
-0.7145355827502387
 40
-0.7145355827502387
 40
-0.7145355827502387
 40
-0.7145355827502387
 40
0.0
 40
0.0
 40
0.0
 40
0.0
 10
90.29202794981391
 20
120.3069689421616
 30
-1.819e-12
 10
89.91969227542722
 20
117.9531259710691
 30
-1.819e-12
 10
89.55058621458375
 20
115.5917200082071
 30
-1.819e-12
 10
89.1862847388984
 20
113.2379601362163
 30
-1.819e-12
  0
ELLIPSE
  5
DC5
330
70
100
AcDbEntity
  8
Visible
100
AcDbEllipse
 10
95.733551
 20
11.112727
 30
0.0
 11
15.81016562030106
 21
179.9073869058985
 31
1.9e-15
210
1e-16
220
0.0
230
-1.0
 40
0.1107415141920228
 41
-1.054045887124077
 42
-1.037654709975019
  0
ELLIPSE
  5
DC6
330
70
100
AcDbEntity
  8
Visible
100
AcDbEllipse
 10
97.304843
 20
28.992809
 30
0.0
 11
15.81016563237815
 21
179.9073869604501
 31
1.9e-15
210
1e-16
220
0.0
230
-1.0
 40
0.1107415141696267
 41
-1.150145889526155
 42
-1.091961200538702
  0
SPLINE
  5
DC7
330
70
100
AcDbEntity
  8
Visible
100
AcDbSpline
 70
8
 71
3
 72
8
 73
4
 74
0
 42
1e-09
 40
-0.7441404467534147
 40
-0.7441404467534147
 40
-0.7441404467534147
 40
-0.7441404467534147
 40
-0.0505351467519293
 40
-0.0505351467519293
 40
-0.0505351467519293
 40
-0.0505351467519293
 10
86.90681127983407
 20
113.4382790533621
 30
-1.819e-12
 10
87.24102973855769
 20
115.7257702820122
 30
-1.819e-12
 10
87.57789707268967
 20
118.0190276742724
 30
-1.819e-12
 10
87.9161712089135
 20
120.3069689421616
 30
-1.819e-12
  0
SPLINE
  5
DC8
330
70
100
AcDbEntity
  8
Visible
100
AcDbSpline
 70
8
 71
3
 72
8
 73
4
 74
0
 42
1e-09
 40
-0.6935334375064272
 40
-0.6935334375064272
 40
-0.6935334375064272
 40
-0.6935334375064272
 40
0.0
 40
0.0
 40
0.0
 40
0.0
 10
134.1921894201677
 20
120.3069689421616
 30
-1.819e-12
 10
134.5304635563898
 20
118.0190276742749
 30
-1.819e-12
 10
134.8673308905236
 20
115.7257702820175
 30
-1.819e-12
 10
135.2015493492472
 20
113.4382790533621
 30
-1.819e-12
  0
LINE
  5
DC9
330
70
100
AcDbEntity
  8
Visible
100
AcDbLine
 10
133.907842
 20
120.306969
 30
0.0
 11
134.225435
 21
120.306969
 31
0.0
210
0.0
220
1.0
230
0.0
  0
LINE
  5
DCA
330
70
100
AcDbEntity
  8
Visible
100
AcDbLine
 10
136.533749
 20
104.056969
 30
0.0
 11
134.298176
 21
104.056969
 31
0.0
210
0.0
220
1.0
230
0.0
  0
LINE
  5
DCB
330
70
100
AcDbEntity
  8
Visible
100
AcDbLine
 10
87.810185
 20
104.056969
 30
0.0
 11
85.574612
 21
104.056969
 31
0.0
210
0.0
220
1.0
230
0.0
  0
SPLINE
  5
DCC
330
70
100
AcDbEntity
  8
Visible
100
AcDbSpline
210
9.134e-13
220
-2.741e-13
230
1.0
 70
8
 71
3
 72
14
 73
10
 74
0
 42
1e-09
 40
-1.666904051452749
 40
-1.666904051452749
 40
-1.666904051452749
 40
-1.666904051452749
 40
-1.551984965793074
 40
-1.551984965793074
 40
-1.233108421717649
 40
-1.233108421717649
 40
-0.708609379570821
 40
-0.708609379570821
 40
-0.5824196419992153
 40
-0.5824196419992153
 40
-0.5824196419992153
 40
-0.5824196419992153
 10
52.61536059919672
 20
97.73969380846388
 30
3.638e-12
 10
52.64238352539724
 20
97.27753750747065
 30
3.638e-12
 10
52.6626026362137
 20
96.81415531388728
 30
3.638e-12
 10
52.7096966309964
 20
95.0698919039225
 30
3.638e-12
 10
52.68521947167937
 20
93.78038823758915
 30
3.638e-12
 10
52.40182889329481
 20
90.39200039693068
 30
1.819e-12
 10
52.00522757813633
 20
88.33890638145668
 30
1.819e-12
 10
51.14436694290271
 20
85.87169608124533
 30
1.819e-12
 10
50.96413172376924
 20
85.40846996415198
 30
1.819e-12
 10
50.77186074968086
 20
84.96019929229087
 30
1.819e-12
  0
ARC
  5
DCD
330
70
100
AcDbEntity
  8
Visible
100
AcDbCircle
 10
16.798379
 20
95.568381
 30
0.0
 40
33.8169297705647
100
AcDbArc
 50
356.900616
 51
3.252039
  0
LINE
  5
DCE
330
70
100
AcDbEntity
  8
Visible
100
AcDbLine
 10
45.779246
 20
93.739965
 30
0.0
 11
50.565843
 21
93.739965
 31
0.0
210
0.0
220
1.0
230
0.0
  0
LINE
  5
DCF
330
70
100
AcDbEntity
  8
Visible
100
AcDbLine
 10
45.779246
 20
92.739961
 30
0.0
 11
45.779246
 21
93.739965
 31
0.0
210
0.0
220
1.0
230
0.0
  0
LINE
  5
DD0
330
70
100
AcDbEntity
  8
Visible
100
AcDbLine
 10
49.779246
 20
92.739961
 30
0.0
 11
45.779246
 21
92.739961
 31
0.0
210
0.0
220
1.0
230
0.0
  0
LINE
  5
DD1
330
70
100
AcDbEntity
  8
Visible
100
AcDbLine
 10
49.779246
 20
90.739977
 30
0.0
 11
49.779246
 21
92.739961
 31
0.0
210
0.0
220
1.0
230
0.0
  0
LINE
  5
DD2
330
70
100
AcDbEntity
  8
Visible
100
AcDbLine
 10
45.779246
 20
90.739977
 30
0.0
 11
49.779246
 21
90.739977
 31
0.0
210
0.0
220
1.0
230
0.0
  0
LINE
  5
DD3
330
70
100
AcDbEntity
  8
Visible
100
AcDbLine
 10
45.779246
 20
89.739973
 30
0.0
 11
45.779246
 21
90.739977
 31
0.0
210
0.0
220
1.0
230
0.0
  0
LINE
  5
DD4
330
70
100
AcDbEntity
  8
Visible
100
AcDbLine
 10
50.04186
 20
89.739973
 30
0.0
 11
45.779246
 21
89.739973
 31
0.0
210
0.0
220
1.0
230
0.0
  0
ARC
  5
DD5
330
70
100
AcDbEntity
  8
Visible
100
AcDbCircle
 10
28.991015
 20
94.287146
 30
0.0
 40
21.53636177923347
100
AcDbArc
 50
341.509567
 51
347.81087
  0
LINE
  5
DD6
330
70
100
AcDbEntity
  8
Visible
100
AcDbLine
 10
46.779246
 20
87.456969
 30
0.0
 11
49.415597
 21
87.456969
 31
0.0
210
0.0
220
1.0
230
0.0
  0
LINE
  5
DD7
330
70
100
AcDbEntity
  8
Visible
100
AcDbLine
 10
46.779246
 20
86.656969
 30
0.0
 11
46.779246
 21
87.456969
 31
0.0
210
0.0
220
1.0
230
0.0
  0
LINE
  5
DD8
330
70
100
AcDbEntity
  8
Visible
100
AcDbLine
 10
49.1274
 20
86.656969
 30
0.0
 11
46.779246
 21
86.656969
 31
0.0
210
0.0
220
1.0
230
0.0
  0
SPLINE
  5
DD9
330
70
100
AcDbEntity
  8
Visible
100
AcDbSpline
 70
8
 71
3
 72
8
 73
4
 74
0
 42
1e-09
 40
-0.9839337597024634
 40
-0.9839337597024634
 40
-0.9839337597024634
 40
-0.9839337597024634
 40
-0.8620655015542276
 40
-0.8620655015542276
 40
-0.8620655015542276
 40
-0.8620655015542276
 10
48.6576742519228
 20
85.54163598907249
 30
1.819e-12
 10
48.82634542770574
 20
85.9090880792749
 30
1.819e-12
 10
48.98274051405315
 20
86.28097005220961
 30
1.819e-12
 10
49.12740046608996
 20
86.65696894216158
 30
1.819e-12
  0
SPLINE
  5
DDA
330
70
100
AcDbEntity
  8
Visible
100
AcDbSpline
210
-9.52e-14
220
-1.286e-13
230
1.0
 70
8
 71
3
 72
30
 73
26
 74
0
 42
1e-09
 40
0.0
 40
0.0
 40
0.0
 40
0.0
 40
1.094688726496049
 40
1.094688726496049
 40
1.746169795680315
 40
1.746169795680315
 40
2.153117885909159
 40
2.153117885909159
 40
2.415332026417723
 40
2.415332026417723
 40
2.574749067955079
 40
2.574749067955079
 40
2.690917926382591
 40
2.690917926382591
 40
2.830704906392305
 40
2.830704906392305
 40
3.059206774319139
 40
3.059206774319139
 40
3.335530336904526
 40
3.335530336904526
 40
3.755515075163041
 40
3.755515075163041
 40
4.180666245007945
 40
4.180666245007945
 40
4.564360746703689
 40
4.564360746703689
 40
4.564360746703689
 40
4.564360746703689
 10
50.77186074968086
 20
84.96019929229087
 30
1.819e-12
 10
49.42763838749852
 20
85.24742322147826
 30
1.819e-12
 10
47.65930314091747
 20
85.79476735754139
 30
3.638e-12
 10
45.00322609074828
 20
87.20670078448121
 30
1.819e-12
 10
44.09074171731663
 20
87.8314073024011
 30
1.819e-12
 10
42.95886121688272
 20
88.95410644849152
 30
1.819e-12
 10
42.60746931805988
 20
89.41185426703188
 30
1.819e-12
 10
42.22397551174617
 20
90.1909793299238
 30
1.819e-12
 10
42.10977698733768
 20
90.52914010808492
 30
1.819e-12
 10
42.04680444186488
 20
91.1125431108906
 30
1.819e-12
 10
42.04205274008018
 20
91.42169903531995
 30
1.819e-12
 10
42.20239144401785
 20
92.08092680753685
 30
1.819e-12
 10
42.30991496841852
 20
92.34887866899025
 30
1.819e-12
 10
42.60500600158775
 20
92.90946971236662
 30
1.819e-12
 10
42.80373300725659
 20
93.19514968513033
 30
1.819e-12
 10
43.36917018440362
 20
93.8851476406521
 30
1.819e-12
 10
43.80142346472712
 20
94.29674572094972
 30
1.819e-12
 10
44.88317625126183
 20
95.14969914986646
 30
1.819e-12
 10
45.50257798388338
 20
95.53752895638728
 30
1.819e-12
 10
47.00668719532404
 20
96.35497165266295
 30
3.638e-12
 10
47.95648486246864
 20
96.74922707475504
 30
1.819e-12
 10
49.79494167168377
 20
97.34076733322972
 30
1.819e-12
 10
50.59447495811764
 20
97.50934906008786
 30
1.819e-12
 10
51.8295400248262
 20
97.69655666282154
 30
1.819e-12
 10
52.28881772932436
 20
97.72751944829808
 30
1.819e-12
 10
52.61536059919672
 20
97.73969380846388
 30
3.638e-12
  0
LINE
  5
DDB
330
70
100
AcDbEntity
  8
Visible
100
AcDbLine
 10
46.779246
 20
87.456969
 30
0.0
 11
46.779246
 21
89.739973
 31
0.0
210
0.0
220
1.0
230
0.0
  0
LINE
  5
DDC
330
70
100
AcDbEntity
  8
Visible
100
AcDbLine
 10
46.779246
 20
93.739965
 30
0.0
 11
46.779246
 21
96.209601
 31
0.0
210
0.0
220
1.0
230
0.0
  0
LINE
  5
DDD
330
70
100
AcDbEntity
  8
Visible
100
AcDbLine
 10
46.779246
 20
86.289726
 30
0.0
 11
46.779246
 21
86.656969
 31
0.0
210
0.0
220
1.0
230
0.0
  0
LINE
  5
DDE
330
70
100
AcDbEntity
  8
Visible
100
AcDbLine
 10
45.779246
 20
92.739961
 30
0.0
 11
45.779246
 21
90.739977
 31
0.0
210
0.0
220
1.0
230
0.0
  0
LINE
  5
DDF
330
70
100
AcDbEntity
  8
Visible
100
AcDbLine
 10
32.779246
 20
120.306969
 30
0.0
 11
32.779246
 21
123.223636
 31
0.0
210
0.0
220
1.0
230
0.0
  0
LINE
  5
DE0
330
70
100
AcDbEntity
  8
Visible
100
AcDbLine
 10
32.779246
 20
144.556969
 30
0.0
 11
32.779246
 21
123.223636
 31
0.0
210
0.0
220
1.0
230
0.0
  0
LINE
  5
DE1
330
70
100
AcDbEntity
  8
Visible
100
AcDbLine
 10
34.279246
 20
72.556969
 30
0.0
 11
32.779246
 21
72.556969
 31
0.0
210
0.0
220
1.0
230
0.0
  0
LINE
  5
DE2
330
70
100
AcDbEntity
  8
Visible
100
AcDbLine
 10
34.279246
 20
99.056969
 30
0.0
 11
32.779246
 21
99.056969
 31
0.0
210
0.0
220
1.0
230
0.0
  0
LINE
  5
DE3
330
70
100
AcDbEntity
  8
Visible
100
AcDbLine
 10
32.779246
 20
99.056969
 30
0.0
 11
32.779246
 21
73.071255
 31
0.0
210
0.0
220
1.0
230
0.0
  0
LINE
  5
DE4
330
70
100
AcDbEntity
  8
Visible
100
AcDbLine
 10
32.779246
 20
73.071255
 30
0.0
 11
32.779246
 21
72.556969
 31
0.0
210
0.0
220
1.0
230
0.0
  0
LINE
  5
DE5
330
70
100
AcDbEntity
  8
Visible
100
AcDbLine
 10
34.938413
 20
99.056969
 30
0.0
 11
34.279246
 21
99.056969
 31
0.0
210
0.0
220
1.0
230
0.0
  0
LINE
  5
DE6
330
70
100
AcDbEntity
  8
Visible
100
AcDbLine
 10
36.601706
 20
99.056969
 30
0.0
 11
34.938413
 21
99.056969
 31
0.0
210
0.0
220
1.0
230
0.0
  0
LINE
  5
DE7
330
70
100
AcDbEntity
  8
Visible
100
AcDbLine
 10
37.180806
 20
99.056969
 30
0.0
 11
36.601706
 21
99.056969
 31
0.0
210
0.0
220
1.0
230
0.0
  0
LINE
  5
DE8
330
70
100
AcDbEntity
  8
Visible
100
AcDbLine
 10
42.779246
 20
99.056969
 30
0.0
 11
37.180806
 21
99.056969
 31
0.0
210
0.0
220
1.0
230
0.0
  0
SPLINE
  5
DE9
330
70
100
AcDbEntity
  8
Visible
100
AcDbSpline
 70
8
 71
3
 72
10
 73
6
 74
0
 42
1e-09
 40
-0.059210157712783
 40
-0.059210157712783
 40
-0.059210157712783
 40
-0.059210157712783
 40
-0.0295196690803614
 40
-0.0295196690803614
 40
0.0
 40
0.0
 40
0.0
 40
0.0
 10
53.72978890708691
 20
93.13033448209661
 30
3.638e-12
 10
53.73466304723661
 20
93.08675946925698
 30
3.638e-12
 10
53.73845800027448
 20
93.05268450586195
 30
3.638e-12
 10
53.74380666907928
 20
93.00486818377645
 30
3.638e-12
 10
53.74535779321923
 20
92.99114800153389
 30
3.638e-12
 10
53.74573382687049
 20
92.98778624527496
 30
3.638e-12
  0
LINE
  5
DEA
330
70
100
AcDbEntity
  8
Visible
100
AcDbLine
 10
53.763933
 20
92.825085
 30
0.0
 11
53.745825
 21
92.986969
 31
0.0
210
0.0
220
1.0
230
0.0
  0
SPLINE
  5
DEB
330
70
100
AcDbEntity
  8
Visible
100
AcDbSpline
 70
24
 71
3
 72
8
 73
4
 74
0
 42
1e-09
 40
0.2063077914581009
 40
0.2063077914581009
 40
0.2063077914581009
 40
0.2063077914581009
 40
0.2068295884096496
 40
0.2068295884096496
 40
0.2068295884096496
 40
0.2068295884096496
 10
53.7458252473807
 20
92.98696894216206
 30
3.638e-12
 10
53.74579465305578
 20
92.98724245668168
 30
3.638e-12
 10
53.74576402174352
 20
92.9875163018768
 30
3.638e-12
 10
53.74573382687049
 20
92.98778624527496
 30
3.638e-12
  0
LINE
  5
DEC
330
70
100
AcDbEntity
  8
Visible
100
AcDbLine
 10
53.729789
 20
93.130334
 30
0.0
 11
53.698992
 21
93.405658
 31
0.0
210
0.0
220
1.0
230
0.0
  0
LINE
  5
DED
330
70
100
AcDbEntity
  8
Visible
100
AcDbLine
 10
53.698992
 20
93.405658
 30
0.0
 11
52.834917
 21
101.130527
 31
0.0
210
0.0
220
1.0
230
0.0
  0
SPLINE
  5
DEE
330
70
100
AcDbEntity
  8
Visible
100
AcDbSpline
 70
8
 71
3
 72
26
 73
22
 74
0
 42
1e-09
 40
-0.6701688367969467
 40
-0.6701688367969467
 40
-0.6701688367969467
 40
-0.6701688367969467
 40
-0.6324701292145495
 40
-0.6324701292145495
 40
-0.5892073318003654
 40
-0.5892073318003654
 40
-0.5339286346146334
 40
-0.5339286346146334
 40
-0.4565442655106743
 40
-0.4565442655106743
 40
-0.372839172208965
 40
-0.372839172208965
 40
-0.2810365834020923
 40
-0.2810365834020923
 40
-0.1944216473302754
 40
-0.1944216473302754
 40
-0.1179420748510435
 40
-0.1179420748510435
 40
-0.0445200690016088
 40
-0.0445200690016088
 40
0.0
 40
0.0
 40
0.0
 40
0.0
 10
51.98084400383596
 20
101.5266740210671
 30
1.819e-12
 10
51.99742877932476
 20
101.4022090013048
 30
1.819e-12
 10
52.01007352589659
 20
101.2777643105099
 30
1.819e-12
 10
52.02821744744688
 20
101.0141917292973
 30
1.819e-12
 10
52.03231343351399
 20
100.876690320359
 30
1.819e-12
 10
52.02821358630171
 20
100.5767588048241
 30
1.819e-12
 10
52.01631640540108
 20
100.4201898287093
 30
1.819e-12
 10
51.96433852765586
 20
100.0825048389582
 30
1.819e-12
 10
51.91559202850112
 20
99.92136251626313
 30
1.819e-12
 10
51.77958866440713
 20
99.67225068387548
 30
1.819e-12
 10
51.69124930735415
 20
99.59447698800226
 30
1.819e-12
 10
51.48001213143107
 20
99.53814910710162
 30
1.819e-12
 10
51.35638941993602
 20
99.57032299305315
 30
1.819e-12
 10
51.10795903424151
 20
99.7402667146874
 30
1.819e-12
 10
50.98441142810043
 20
99.87145992570518
 30
1.819e-12
 10
50.76243156617784
 20
100.1970434612211
 30
1.819e-12
 10
50.66324724599144
 20
100.3815892712633
 30
1.819e-12
 10
50.4917983540181
 20
100.7932611724463
 30
1.819e-12
 10
50.41954504881869
 20
101.0163102644462
 30
1.819e-12
 10
50.33208559333434
 20
101.3952041432474
 30
1.819e-12
 10
50.30597316078092
 20
101.5414498757333
 30
1.819e-12
 10
50.28774425441406
 20
101.688407875288
 30
1.819e-12
  0
LINE
  5
DEF
330
70
100
AcDbEntity
  8
Visible
100
AcDbLine
 10
42.779246
 20
101.519552
 30
0.0
 11
42.779246
 21
99.056969
 31
0.0
210
0.0
220
1.0
230
0.0
  0
LINE
  5
DF0
330
70
100
AcDbEntity
  8
Visible
100
AcDbLine
 10
34.779246
 20
123.340286
 30
0.0
 11
34.779246
 21
120.306969
 31
0.0
210
0.0
220
1.0
230
0.0
  0
LINE
  5
DF1
330
70
100
AcDbEntity
  8
Visible
100
AcDbLine
 10
34.779246
 20
123.496291
 30
0.0
 11
34.779246
 21
123.340286
 31
0.0
210
0.0
220
1.0
230
0.0
  0
LINE
  5
DF2
330
70
100
AcDbEntity
  8
Visible
100
AcDbLine
 10
34.779246
 20
145.548637
 30
0.0
 11
34.779246
 21
123.496291
 31
0.0
210
0.0
220
1.0
230
0.0
  0
LINE
  5
DF3
330
70
100
AcDbEntity
  8
Visible
100
AcDbLine
 10
34.779246
 20
120.306969
 30
0.0
 11
32.779246
 21
120.306969
 31
0.0
210
0.0
220
1.0
230
0.0
  0
LINE
  5
DF4
330
70
100
AcDbEntity
  8
Visible
100
AcDbLine
 10
34.279246
 20
71.556969
 30
0.0
 11
34.279246
 21
72.128398
 31
0.0
210
0.0
220
1.0
230
0.0
  0
LINE
  5
DF5
330
70
100
AcDbEntity
  8
Visible
100
AcDbLine
 10
34.279246
 20
72.128398
 30
0.0
 11
34.279246
 21
99.056969
 31
0.0
210
0.0
220
1.0
230
0.0
  0
LINE
  5
DF6
330
70
100
AcDbEntity
  8
Visible
100
AcDbLine
 10
34.279246
 20
71.556969
 30
0.0
 11
34.728204
 21
71.556969
 31
0.0
210
0.0
220
1.0
230
0.0
  0
LINE
  5
DF7
330
70
100
AcDbEntity
  8
Visible
100
AcDbLine
 10
35.931827
 20
71.556969
 30
0.0
 11
38.153341
 21
71.556969
 31
0.0
210
0.0
220
1.0
230
0.0
  0
LINE
  5
DF8
330
70
100
AcDbEntity
  8
Visible
100
AcDbLine
 10
34.728204
 20
71.556969
 30
0.0
 11
35.931827
 21
71.556969
 31
0.0
210
0.0
220
1.0
230
0.0
  0
LINE
  5
DF9
330
70
100
AcDbEntity
  8
Visible
100
AcDbLine
 10
50.342187
 20
123.415634
 30
0.0
 11
49.754383
 21
128.670626
 31
0.0
210
0.0
220
1.0
230
0.0
  0
SPLINE
  5
DFA
330
70
100
AcDbEntity
  8
Visible
100
AcDbSpline
 70
8
 71
3
 72
25
 73
21
 74
0
 42
1e-09
 40
-0.0043943920617428
 40
-0.0043943920617428
 40
-0.0043943920617428
 40
-0.0043943920617428
 40
0.0
 40
0.0
 40
0.0
 40
0.0744137169822232
 40
0.0744137169822232
 40
0.1488274339644463
 40
0.1488274339644463
 40
0.2316425543268088
 40
0.2316425543268088
 40
0.3144576746891714
 40
0.3144576746891714
 40
0.3962726226197957
 40
0.3962726226197957
 40
0.4780875705504201
 40
0.4780875705504201
 40
0.554133376007114
 40
0.554133376007114
 40
0.6157333337158823
 40
0.6157333337158823
 40
0.6157333337158823
 40
0.6157333337158823
 10
50.28774425441406
 20
101.6884078752879
 30
1.819e-12
 10
50.28593416751755
 20
101.7030004539204
 30
1.819e-12
 10
50.28421825078294
 20
101.7175511231751
 30
1.819e-12
 10
50.28259611201247
 20
101.7320531103018
 30
1.819e-12
 10
50.25512715303375
 20
101.9776267301704
 30
1.819e-12
 10
50.25355974870945
 20
102.2359465734899
 30
1.819e-12
 10
50.30823934261753
 20
102.6995468736558
 30
1.819e-12
 10
50.36395590136089
 20
102.9049669526416
 30
1.819e-12
 10
50.50637623373223
 20
103.2370901337463
 30
1.819e-12
 10
50.60570566587739
 20
103.3771492174482
 30
1.819e-12
 10
50.82219827034714
 20
103.5443799523835
 30
1.819e-12
 10
50.93913106764921
 20
103.5715233271156
 30
1.819e-12
 10
51.15420312874448
 20
103.5273263542953
 30
1.819e-12
 10
51.26785494957585
 20
103.4539096387028
 30
1.819e-12
 10
51.47960118102492
 20
103.202739088671
 30
1.819e-12
 10
51.57797747558106
 20
103.0248687712555
 30
1.819e-12
 10
51.73642690266206
 20
102.6365471371084
 30
1.819e-12
 10
51.80877421233162
 20
102.404364482973
 30
1.819e-12
 10
51.91457681212523
 20
101.9501650288592
 30
1.819e-12
 10
51.9531346194708
 20
101.7346267350031
 30
1.819e-12
 10
51.98084400383596
 20
101.5266740210671
 30
1.819e-12
  0
LINE
  5
DFB
330
70
100
AcDbEntity
  8
Visible
100
AcDbLine
 10
52.834917
 20
101.130527
 30
0.0
 11
51.497056
 21
113.091056
 31
0.0
210
0.0
220
1.0
230
0.0
  0
LINE
  5
DFC
330
70
100
AcDbEntity
  8
Visible
100
AcDbLine
 10
40.779246
 20
104.056969
 30
0.0
 11
40.779246
 21
113.438279
 31
0.0
210
0.0
220
1.0
230
0.0
  0
LINE
  5
DFD
330
70
100
AcDbEntity
  8
Visible
100
AcDbLine
 10
42.779246
 20
104.056969
 30
0.0
 11
40.779246
 21
104.056969
 31
0.0
210
0.0
220
1.0
230
0.0
  0
LINE
  5
DFE
330
70
100
AcDbEntity
  8
Visible
100
AcDbLine
 10
42.779246
 20
101.519552
 30
0.0
 11
42.779246
 21
104.056969
 31
0.0
210
0.0
220
1.0
230
0.0
  0
LINE
  5
DFF
330
70
100
AcDbEntity
  8
Visible
100
AcDbLine
 10
51.497056
 20
113.091056
 30
0.0
 11
50.342187
 21
123.415634
 31
0.0
210
0.0
220
1.0
230
0.0
  0
SPLINE
  5
E00
330
70
100
AcDbEntity
  8
Visible
100
AcDbSpline
210
0.0
220
0.0003376025803008
230
-0.9999999430122471
 70
8
 71
3
 72
8
 73
4
 74
0
 42
1e-09
 40
-0.4542863335769359
 40
-0.4542863335769359
 40
-0.4542863335769359
 40
-0.4542863335769359
 40
-0.0582889575315229
 40
-0.0582889575315229
 40
-0.0582889575315229
 40
-0.0582889575315229
 10
37.18629378296828
 20
120.3069689367736
 30
1.819e-12
 10
38.43408078586254
 20
120.3069689367736
 30
1.819e-12
 10
39.63769797793793
 20
120.3069689421616
 30
1.819e-12
 10
40.77924642957805
 20
120.3069689421616
 30
3.638e-12
  0
LINE
  5
E01
330
70
100
AcDbEntity
  8
Visible
100
AcDbLine
 10
40.779246
 20
120.306969
 30
0.0
 11
40.779246
 21
113.438279
 31
0.0
210
0.0
220
1.0
230
0.0
  0
LINE
  5
E02
330
70
100
AcDbEntity
  8
Visible
100
AcDbLine
 10
34.779246
 20
120.306969
 30
0.0
 11
37.186294
 21
120.306969
 31
0.0
210
0.0
220
1.0
230
0.0
  0
ARC
  5
E03
330
70
100
AcDbEntity
  8
Visible
100
AcDbCircle
 10
33.887896
 20
90.601762
 30
0.0
 40
20.0
100
AcDbArc
 50
295.246755
 51
6.382364
  0
LINE
  5
E04
330
70
100
AcDbEntity
  8
Visible
100
AcDbLine
 10
32.779246
 20
144.556969
 30
0.0
 11
34.779246
 21
144.556969
 31
0.0
210
0.0
220
1.0
230
0.0
  0
ARC
  5
E05
330
70
100
AcDbEntity
  8
Visible
100
AcDbCircle
 10
34.414346
 20
137.556969
 30
0.0
 40
8.0
100
AcDbArc
 50
67.790148
 51
87.385689
  0
ARC
  5
E06
330
70
100
AcDbEntity
  8
Visible
100
AcDbCircle
 10
29.878346
 20
126.447302
 30
0.0
 40
20.0
100
AcDbArc
 50
6.382364
 51
67.790148
  0
ARC
  5
E07
330
70
100
AcDbEntity
  8
Visible
100
AcDbCircle
 10
-38.153071
 20
81.556969
 30
0.0
 40
10.0
210
-2e-16
220
0.0
230
-1.0
100
AcDbArc
 50
244.753245
 51
270.0
  0
ARC
  5
E08
330
70
100
AcDbEntity
  8
Visible
100
AcDbCircle
 10
206.341553
 20
136.576848
 30
0.0
 40
3.524844625609636
100
AcDbArc
 50
44.914112
 51
60.532671
  0
ARC
  5
E09
330
70
100
AcDbEntity
  8
Visible
100
AcDbCircle
 10
197.161038
 20
120.427748
 30
0.0
 40
22.10109345763544
100
AcDbArc
 50
60.406398
 51
70.799486
  0
ARC
  5
E0A
330
70
100
AcDbEntity
  8
Visible
100
AcDbCircle
 10
203.317609
 20
138.144608
 30
0.0
 40
3.344935624977923
100
AcDbArc
 50
70.584828
 51
87.279653
  0
LINE
  5
E0B
330
70
100
AcDbEntity
  8
Visible
100
AcDbLine
 10
224.342938
 20
99.056969
 30
0.0
 11
222.240241
 21
99.056969
 31
0.0
210
0.0
220
1.0
230
0.0
  0
LINE
  5
E0C
330
70
100
AcDbEntity
  8
Visible
100
AcDbLine
 10
224.466113
 20
99.056969
 30
0.0
 11
224.342938
 21
99.056969
 31
0.0
210
0.0
220
1.0
230
0.0
  0
LINE
  5
E0D
330
70
100
AcDbEntity
  8
Visible
100
AcDbLine
 10
224.641048
 20
99.056969
 30
0.0
 11
224.466113
 21
99.056969
 31
0.0
210
0.0
220
1.0
230
0.0
  0
LINE
  5
E0E
330
70
100
AcDbEntity
  8
Visible
100
AcDbLine
 10
169.852359
 20
99.056969
 30
0.0
 11
169.677424
 21
99.056969
 31
0.0
210
0.0
220
1.0
230
0.0
  0
LINE
  5
E0F
330
70
100
AcDbEntity
  8
Visible
100
AcDbLine
 10
169.975534
 20
99.056969
 30
0.0
 11
169.852359
 21
99.056969
 31
0.0
210
0.0
220
1.0
230
0.0
  0
LINE
  5
E10
330
70
100
AcDbEntity
  8
Visible
100
AcDbLine
 10
172.078231
 20
99.056969
 30
0.0
 11
169.975534
 21
99.056969
 31
0.0
210
0.0
220
1.0
230
0.0
  0
SPLINE
  5
E11
330
70
100
AcDbEntity
  8
Visible
100
AcDbSpline
 70
8
 71
3
 72
34
 73
30
 74
0
 42
1e-09
 40
-1.025711013186869
 40
-1.025711013186869
 40
-1.025711013186869
 40
-1.025711013186869
 40
-1.019900032352827
 40
-1.019900032352827
 40
-1.006343128712166
 40
-1.006343128712166
 40
-0.9849086311174394
 40
-0.9849086311174394
 40
-0.9261875849896014
 40
-0.9261875849896014
 40
-0.8552370454934962
 40
-0.8552370454934962
 40
-0.7606214188903371
 40
-0.7606214188903371
 40
-0.6501105483304599
 40
-0.6501105483304599
 40
-0.5545821764034395
 40
-0.5545821764034395
 40
-0.4750531520395777
 40
-0.4750531520395777
 40
-0.4092460754303361
 40
-0.4092460754303361
 40
-0.3471077626872828
 40
-0.3471077626872828
 40
-0.3247421013258195
 40
-0.3247421013258195
 40
-0.3108631307903003
 40
-0.3108631307903003
 40
-0.308021974749795
 40
-0.308021974749795
 40
-0.308021974749795
 40
-0.308021974749795
 10
204.3211972027202
 20
141.0312811844802
 30
5.8244041e-09
 10
204.3029775363284
 20
141.0375518884484
 30
5.8244041e-09
 10
204.284816352465
 20
141.0439922532728
 30
5.8244041e-09
 10
204.2244975758567
 20
141.0660196417274
 30
5.8244041e-09
 10
204.1826847233533
 20
141.0823329497987
 30
5.8244041e-09
 10
204.075976507318
 20
141.126689177993
 30
5.8244041e-09
 10
204.011989896575
 20
141.1559555661603
 30
5.8244041e-09
 10
203.7786797985664
 20
141.2727258487727
 30
5.8244041e-09
 10
203.622673797634
 20
141.371517153969
 30
5.8244041e-09
 10
203.3172697532373
 20
141.6096186813267
 30
5.8244041e-09
 10
203.1794106604429
 20
141.7503338339174
 30
5.8244041e-09
 10
202.9275922213692
 20
142.0843194657102
 30
5.8244041e-09
 10
202.8381463599308
 20
142.2774827253754
 30
5.8244041e-09
 10
202.755300820465
 20
142.6713708050458
 30
5.8244041e-09
 10
202.780414025232
 20
142.8679307284484
 30
5.8244041e-09
 10
202.9485938952166
 20
143.1776763717914
 30
5.8244041e-09
 10
203.0751471931908
 20
143.2984524678271
 30
5.8244041e-09
 10
203.3905263126726
 20
143.4632447654833
 30
5.8244041e-09
 10
203.5645758042883
 20
143.5162893514409
 30
5.8244041e-09
 10
203.9321004580997
 20
143.5657885560437
 30
5.8244041e-09
 10
204.115450899857
 20
143.5701958233428
 30
5.8244041e-09
 10
204.4965946066696
 20
143.5407572118755
 30
5.8244041e-09
 10
204.690366499377
 20
143.5092276874831
 30
5.8244041e-09
 10
204.9581745758678
 20
143.4429872690208
 30
5.8262231e-09
 10
205.0291347042839
 20
143.4233076561223
 30
5.8262231e-09
 10
205.1437701756513
 20
143.3880305202843
 30
5.8262231e-09
 10
205.1875206267214
 20
143.3737362498636
 30
5.8262231e-09
 10
205.2399628282947
 20
143.355593446383
 30
5.8262231e-09
 10
205.2488629341533
 20
143.3524791136934
 30
5.8262231e-09
 10
205.2577513189644
 20
143.3493335629484
 30
5.8262231e-09
  0
SPLINE
  5
E12
330
70
100
AcDbEntity
  8
Visible
100
AcDbSpline
 70
8
 71
3
 72
34
 73
30
 74
0
 42
1e-09
 40
-1.132565629955589
 40
-1.132565629955589
 40
-1.132565629955589
 40
-1.132565629955589
 40
-1.130636315328989
 40
-1.130636315328989
 40
-1.117029316519219
 40
-1.117029316519219
 40
-1.09668827307029
 40
-1.09668827307029
 40
-1.045819641720395
 40
-1.045819641720395
 40
-0.9673246432056298
 40
-0.9673246432056298
 40
-0.8709558673316073
 40
-0.8709558673316073
 40
-0.7595627565518209
 40
-0.7595627565518209
 40
-0.6626675192430125
 40
-0.6626675192430125
 40
-0.5852741375642939
 40
-0.5852741375642939
 40
-0.5229481831557146
 40
-0.5229481831557146
 40
-0.4634006017118393
 40
-0.4634006017118393
 40
-0.434537109275985
 40
-0.434537109275985
 40
-0.4190525776420426
 40
-0.4190525776420426
 40
-0.414539845598768
 40
-0.414539845598768
 40
-0.414539845598768
 40
-0.414539845598768
 10
208.9084379590367
 20
141.7072314464434
 30
5.828042e-09
 10
208.9140503839681
 20
141.7041270085791
 30
5.828042e-09
 10
208.9196557282157
 20
141.7010091453932
 30
5.828042e-09
 10
208.9647358281454
 20
141.6757945640775
 30
5.828042e-09
 10
209.0038193738037
 20
141.6530703307962
 30
5.828042e-09
 10
209.1001919373048
 20
141.594885776938
 30
5.828042e-09
 10
209.1568214437375
 20
141.5587468074624
 30
5.828042e-09
 10
209.3505566770818
 20
141.4282948597111
 30
5.828042e-09
 10
209.4798519666965
 20
141.3287857004396
 30
5.828042e-09
 10
209.7803177848454
 20
141.0655753882478
 30
5.828042e-09
 10
209.9334326629432
 20
140.8987476458419
 30
5.828042e-09
 10
210.2017767578054
 20
140.5271836535526
 30
5.828042e-09
 10
210.2986660503484
 20
140.3249986436491
 30
5.828042e-09
 10
210.3965106114392
 20
139.9155586673215
 30
5.828042e-09
 10
210.3798612517457
 20
139.7134925283429
 30
5.828042e-09
 10
210.2247107704607
 20
139.3935805258578
 30
5.828042e-09
 10
210.1023547983823
 20
139.2682045841727
 30
5.828042e-09
 10
209.7978868359551
 20
139.1051097219233
 30
5.828042e-09
 10
209.6329884906372
 20
139.0550620489255
 30
5.828042e-09
 10
209.2888439549861
 20
139.0185935740489
 30
5.828042e-09
 10
209.1199812296181
 20
139.0218940931883
 30
5.828042e-09
 10
208.7679539355959
 20
139.0734286987225
 30
5.828042e-09
 10
208.5891463817625
 20
139.119204736563
 30
5.828042e-09
 10
208.3211596232868
 20
139.2186611694344
 30
5.828042e-09
 10
208.2341558558655
 20
139.2557852489229
 30
5.828042e-09
 10
208.1021266189018
 20
139.319602568807
 30
5.828042e-09
 10
208.0564686698872
 20
139.3430900380778
 30
5.828042e-09
 10
207.9981805914449
 20
139.3748997942733
 30
5.828042e-09
 10
207.9850778341042
 20
139.3821718142449
 30
5.828042e-09
 10
207.9720278970853
 20
139.3895356148018
 30
5.828042e-09
  0
ARC
  5
E13
330
70
100
AcDbEntity
  8
Visible
100
AcDbCircle
 10
197.159969
 20
120.467399
 30
0.0
 40
24.27255630960795
100
AcDbArc
 50
61.051535
 51
70.511427
  0
ARC
  5
E14
330
70
100
AcDbEntity
  8
Visible
100
AcDbCircle
 10
197.164998
 20
120.237548
 30
0.0
 40
21.99069155996974
100
AcDbArc
 50
60.564953
 51
71.009009
  0
ARC
  5
E15
330
70
100
AcDbEntity
  8
Visible
100
AcDbCircle
 10
195.639236
 20
94.886969
 30
0.0
 40
1.4
100
AcDbArc
 50
90.0
 51
180.0
  0
LINE
  5
E16
330
70
100
AcDbEntity
  8
Visible
100
AcDbLine
 10
195.639236
 20
96.286969
 30
0.0
 11
201.939236
 21
96.286969
 31
0.0
210
0.0
220
1.0
230
0.0
  0
ARC
  5
E17
330
70
100
AcDbEntity
  8
Visible
100
AcDbCircle
 10
195.639236
 20
94.386969
 30
0.0
 40
1.4
100
AcDbArc
 50
268.042119
 51
270.0
  0
ARC
  5
E18
330
70
100
AcDbEntity
  8
Visible
100
AcDbCircle
 10
195.639236
 20
94.386969
 30
0.0
 40
1.4
100
AcDbArc
 50
180.0
 51
243.843855
  0
ARC
  5
E19
330
70
100
AcDbEntity
  8
Visible
100
AcDbCircle
 10
195.639236
 20
94.386969
 30
0.0
 40
1.399999999999976
100
AcDbArc
 50
243.843855
 51
268.042119
  0
LINE
  5
E1A
330
70
100
AcDbEntity
  8
Visible
100
AcDbLine
 10
194.239236
 20
94.386969
 30
0.0
 11
194.239236
 21
94.886969
 31
0.0
210
0.0
220
1.0
230
0.0
  0
ARC
  5
E1B
330
70
100
AcDbEntity
  8
Visible
100
AcDbCircle
 10
201.939236
 20
94.386969
 30
0.0
 40
1.399999999971036
100
AcDbArc
 50
270.000001
 51
360.0
  0
LINE
  5
E1C
330
70
100
AcDbEntity
  8
Visible
100
AcDbLine
 10
198.723168
 20
92.986969
 30
0.0
 11
195.639236
 21
92.986969
 31
0.0
210
0.0
220
1.0
230
0.0
  0
LINE
  5
E1D
330
70
100
AcDbEntity
  8
Visible
100
AcDbLine
 10
201.939236
 20
92.986969
 30
0.0
 11
198.723168
 21
92.986969
 31
0.0
210
0.0
220
1.0
230
0.0
  0
ARC
  5
E1E
330
70
100
AcDbEntity
  8
Visible
100
AcDbCircle
 10
201.939236
 20
94.886969
 30
0.0
 40
1.4
100
AcDbArc
 50
33.870524
 51
90.0
  0
ARC
  5
E1F
330
70
100
AcDbEntity
  8
Visible
100
AcDbCircle
 10
201.939236
 20
94.886969
 30
0.0
 40
1.399999999999987
100
AcDbArc
 50
0.0
 51
33.870524
  0
LINE
  5
E20
330
70
100
AcDbEntity
  8
Visible
100
AcDbLine
 10
203.339236
 20
94.886969
 30
0.0
 11
203.339236
 21
94.386969
 31
0.0
210
0.0
220
1.0
230
0.0
  0
ARC
  5
E21
330
70
100
AcDbEntity
  8
Visible
100
AcDbCircle
 10
212.359236
 20
101.556969
 30
0.0
 40
1.999999999999531
100
AcDbArc
 50
180.867919
 51
3.768164
  0
ARC
  5
E22
330
70
100
AcDbEntity
  8
Visible
100
AcDbCircle
 10
181.959236
 20
101.556969
 30
0.0
 40
1.999999999998804
100
AcDbArc
 50
176.231836
 51
359.132081
  0
SPLINE
  5
E23
330
70
100
AcDbEntity
  8
Visible
100
AcDbSpline
 70
8
 71
3
 72
8
 73
4
 74
0
 42
1e-09
 40
-0.2977542933917543
 40
-0.2977542933917543
 40
-0.2977542933917543
 40
-0.2977542933917543
 40
-0.0500507761657882
 40
-0.0500507761657882
 40
-0.0500507761657882
 40
-0.0500507761657882
 10
172.3279109052673
 20
101.5195517799297
 30
5.8062142e-09
 10
172.2041141938389
 20
100.7032067071253
 30
5.8062142e-09
 10
172.1207965150242
 20
99.88134326951513
 30
5.8062142e-09
 10
172.078231204292
 20
99.0569689421616
 30
5.8062142e-09
  0
SPLINE
  5
E24
330
70
100
AcDbEntity
  8
Visible
100
AcDbSpline
 70
8
 71
3
 72
8
 73
4
 74
0
 42
1e-09
 40
-0.2477035351558482
 40
-0.2477035351558482
 40
-0.2477035351558482
 40
-0.2477035351558482
 40
0.0
 40
0.0
 40
0.0
 40
0.0
 10
222.240240851117
 20
99.0569689421616
 30
5.835318e-09
 10
222.1976755403848
 20
99.88134326951516
 30
5.835318e-09
 10
222.1143578615683
 20
100.7032067071253
 30
5.835318e-09
 10
221.9905611501417
 20
101.5195517799297
 30
5.835318e-09
  0
SPLINE
  5
E25
330
70
100
AcDbEntity
  8
Visible
100
AcDbSpline
 70
8
 71
3
 72
10
 73
6
 74
0
 42
1e-09
 40
-0.3052369338126919
 40
-0.3052369338126919
 40
-0.3052369338126919
 40
-0.3052369338126919
 40
-0.1536470780109902
 40
-0.1536470780109902
 40
0.0
 40
0.0
 40
0.0
 40
0.0
 10
222.3417162517216
 20
120.3069689421616
 30
5.835318e-09
 10
222.2853385689432
 20
120.8091142963156
 30
5.835318e-09
 10
222.2289242628776
 20
121.3112801473553
 30
5.835318e-09
 10
222.1152666022499
 20
122.3223685017279
 30
5.835318e-09
 10
222.058016532279
 20
122.8313422942597
 30
5.835318e-09
 10
222.0007336818362
 20
123.3402857023272
 30
5.835318e-09
  0
SPLINE
  5
E26
330
70
100
AcDbEntity
  8
Visible
100
AcDbSpline
 70
8
 71
3
 72
10
 73
6
 74
0
 42
1e-09
 40
-0.3074808502381292
 40
-0.3074808502381292
 40
-0.3074808502381292
 40
-0.3074808502381292
 40
-0.1536263304916725
 40
-0.1536263304916725
 40
-0.002243885016761
 40
-0.002243885016761
 40
-0.002243885016761
 40
-0.002243885016761
 10
172.3177383735637
 20
123.3402857023271
 30
5.8062142e-09
 10
172.2603781904417
 20
122.8306552132842
 30
5.8062142e-09
 10
172.2030508723946
 20
122.3209942224489
 30
5.8062142e-09
 10
172.0893934009836
 20
121.3099058471675
 30
5.8062142e-09
 10
172.0330563426723
 20
120.8084271912281
 30
5.8062142e-09
 10
171.9767558036765
 20
120.3069689421616
 30
5.8062142e-09
  0
SPLINE
  5
E27
330
70
100
AcDbEntity
  8
Visible
100
AcDbSpline
 70
8
 71
3
 72
10
 73
6
 74
0
 42
1e-09
 40
-0.015704259182171
 40
-0.015704259182171
 40
-0.015704259182171
 40
-0.015704259182171
 40
-0.0078523910598061
 40
-0.0078523910598061
 40
0.0
 40
0.0
 40
0.0
 40
0.0
 10
172.3357674261715
 20
123.4962910353588
 30
5.8062142e-09
 10
172.3326853768449
 20
123.4703002394663
 30
5.8062142e-09
 10
172.3296418991849
 20
123.4443042236892
 30
5.8062142e-09
 10
172.3236322370994
 20
123.3923027994503
 30
5.8062142e-09
 10
172.3206659095012
 20
123.3662961069453
 30
5.8062142e-09
 10
172.3177383735637
 20
123.3402857023272
 30
5.8062142e-09
  0
ARC
  5
E28
330
70
100
AcDbEntity
  8
Visible
100
AcDbCircle
 10
197.159248
 20
120.551202
 30
0.0
 40
24.99765018119578
100
AcDbArc
 50
6.766023
 51
173.233984
  0
SPLINE
  5
E29
330
70
100
AcDbEntity
  8
Visible
100
AcDbSpline
 70
8
 71
3
 72
10
 73
6
 74
0
 42
1e-09
 40
-0.0157042606970225
 40
-0.0157042606970225
 40
-0.0157042606970225
 40
-0.0157042606970225
 40
-0.0078518636574333
 40
-0.0078518636574333
 40
0.0
 40
0.0
 40
0.0
 40
0.0
 10
222.0007336818362
 20
123.3402857023272
 30
5.835318e-09
 10
221.9978061439506
 20
123.3662961242444
 30
5.835318e-09
 10
221.9948398143533
 20
123.392302834044
 30
5.835318e-09
 10
221.9888301521641
 20
123.4443042582732
 30
5.835318e-09
 10
221.9857866765051
 20
123.4703002567573
 30
5.835318e-09
 10
221.9827046292285
 20
123.4962910353588
 30
5.835318e-09
  0
LINE
  5
E2A
330
70
100
AcDbEntity
  8
Visible
100
AcDbLine
 10
221.92388
 20
120.306969
 30
0.0
 11
222.341716
 21
120.306969
 31
0.0
210
0.0
220
1.0
230
0.0
  0
SPLINE
  5
E2B
330
70
100
AcDbEntity
  8
Visible
100
AcDbSpline
 70
8
 71
3
 72
8
 73
4
 74
0
 42
1e-09
 40
-0.5430425394008283
 40
-0.5430425394008283
 40
-0.5430425394008283
 40
-0.5430425394008283
 40
-0.1470207714338012
 40
-0.1470207714338012
 40
-0.1470207714338012
 40
-0.1470207714338012
 10
220.2972451333299
 20
120.3069689421616
 30
5.835318e-09
 10
220.9572900793537
 20
120.3069689421616
 30
5.835318e-09
 10
221.5018190415904
 20
120.3069689370471
 30
5.835318e-09
 10
221.9238799168834
 20
120.3069689370471
 30
5.835318e-09
  0
SPLINE
  5
E2C
330
70
100
AcDbEntity
  8
Visible
100
AcDbSpline
 70
8
 71
3
 72
10
 73
6
 74
0
 42
1e-09
 40
-0.0137584153749365
 40
-0.0137584153749365
 40
-0.0137584153749365
 40
-0.0137584153749365
 40
-0.0068792076874683
 40
-0.0068792076874683
 40
0.0
 40
0.0
 40
0.0
 40
0.0
 10
187.8155415164401
 20
72.19299065419797
 30
5.8153091e-09
 10
187.8459558204176
 20
72.1820030960593
 30
5.8153091e-09
 10
187.8763965833914
 20
72.17106693870966
 30
5.8153091e-09
 10
187.9368615682287
 20
72.14946346574752
 30
5.8153091e-09
 10
187.9668871190406
 20
72.1387958686477
 30
5.8153091e-09
 10
187.9963116215149
 20
72.12839751359019
 30
5.8153091e-09
  0
ARC
  5
E2D
330
70
100
AcDbEntity
  8
Visible
100
AcDbCircle
 10
197.159236
 20
98.056969
 30
0.0
 40
27.5
100
AcDbArc
 50
177.916058
 51
250.137095
  0
ARC
  5
E2E
330
70
100
AcDbEntity
  8
Visible
100
AcDbCircle
 10
191.328284
 20
81.556969
 30
0.0
 40
9.999999999999044
100
AcDbArc
 50
250.537049
 51
270.0
  0
LINE
  5
E2F
330
70
100
AcDbEntity
  8
Visible
100
AcDbLine
 10
202.170336
 20
71.556969
 30
0.0
 11
202.990188
 21
71.556969
 31
0.0
210
0.0
220
1.0
230
0.0
  0
LINE
  5
E30
330
70
100
AcDbEntity
  8
Visible
100
AcDbLine
 10
192.148136
 20
71.556969
 30
0.0
 11
202.170336
 21
71.556969
 31
0.0
210
0.0
220
1.0
230
0.0
  0
LINE
  5
E31
330
70
100
AcDbEntity
  8
Visible
100
AcDbLine
 10
191.328284
 20
71.556969
 30
0.0
 11
192.148136
 21
71.556969
 31
0.0
210
0.0
220
1.0
230
0.0
  0
ARC
  5
E32
330
70
100
AcDbEntity
  8
Visible
100
AcDbCircle
 10
202.990188
 20
81.556969
 30
0.0
 40
10.00000000000031
100
AcDbArc
 50
270.0
 51
289.462951
  0
ARC
  5
E33
330
70
100
AcDbEntity
  8
Visible
100
AcDbCircle
 10
197.159236
 20
98.056969
 30
0.0
 40
27.5
100
AcDbArc
 50
289.862905
 51
2.083942
  0
SPLINE
  5
E34
330
70
100
AcDbEntity
  8
Visible
100
AcDbSpline
 70
8
 71
3
 72
10
 73
6
 74
0
 42
1e-09
 40
0.0
 40
0.0
 40
0.0
 40
0.0
 40
0.006879207685829
 40
0.006879207685829
 40
0.013758415371658
 40
0.013758415371658
 40
0.013758415371658
 40
0.013758415371658
 10
206.3221604338851
 20
72.12839751359019
 30
5.8262231e-09
 10
206.3515849363503
 20
72.1387958686452
 30
5.8262231e-09
 10
206.3816104871548
 20
72.14946346574243
 30
5.8262231e-09
 10
206.4420754719777
 20
72.17106693869928
 30
5.8262231e-09
 10
206.4725162349459
 20
72.18200309604624
 30
5.8262231e-09
 10
206.5029305389162
 20
72.19299065418225
 30
5.8262231e-09
  0
ARC
  5
E35
330
70
100
AcDbEntity
  8
Visible
100
AcDbCircle
 10
207.501236
 20
124.468969
 30
0.0
 40
0.9999999999988789
100
AcDbArc
 50
231.048056
 51
314.988952
  0
ARC
  5
E36
330
70
100
AcDbEntity
  8
Visible
100
AcDbCircle
 10
207.501236
 20
124.468969
 30
0.0
 40
0.9999999999987152
100
AcDbArc
 50
314.988952
 51
231.048056
  0
ARC
  5
E37
330
70
100
AcDbEntity
  8
Visible
100
AcDbCircle
 10
181.959236
 20
101.556969
 30
0.0
 40
2.000000000000542
100
AcDbArc
 50
359.132081
 51
176.231836
  0
CIRCLE
  5
E38
330
70
100
AcDbEntity
  8
Visible
100
AcDbCircle
 10
181.959236
 20
101.556969
 30
0.0
 40
1.0
  0
ARC
  5
E39
330
70
100
AcDbEntity
  8
Visible
100
AcDbCircle
 10
212.359236
 20
101.556969
 30
0.0
 40
1.999999999999467
100
AcDbArc
 50
3.768164
 51
180.867919
  0
CIRCLE
  5
E3A
330
70
100
AcDbEntity
  8
Visible
100
AcDbCircle
 10
212.359236
 20
101.556969
 30
0.0
 40
1.0
  0
ELLIPSE
  5
E3B
330
70
100
AcDbEntity
  8
Visible
100
AcDbEllipse
 10
183.409899
 20
28.992809
 30
0.0
 11
15.81016563239631
 21
179.9073869605416
 31
9.3801e-12
210
-5.933e-13
220
0.0
230
1.0
 40
0.1107415141695831
 41
1.091961200538974
 42
1.150145889526391
  0
LINE
  5
E3C
330
70
100
AcDbEntity
  8
Visible
100
AcDbLine
 10
172.715823
 20
104.056969
 30
0.0
 11
171.679667
 21
104.056969
 31
0.0
210
0.0
220
1.0
230
0.0
  0
ELLIPSE
  5
E3D
330
70
100
AcDbEntity
  8
Visible
100
AcDbEllipse
 10
181.838607
 20
11.112727
 30
0.0
 11
15.81016562035876
 21
179.9073869061563
 31
9.3801e-12
210
-5.933e-13
220
0.0
230
0.9999999999999996
 40
0.110741514191919
 41
1.037654709975897
 42
1.054045887124922
  0
ELLIPSE
  5
E3E
330
70
100
AcDbEntity
  8
Visible
100
AcDbEllipse
 10
212.479865
 20
11.112727
 30
0.0
 11
-15.81016562030106
 21
179.9073869058985
 31
-9.3801e-12
210
-5.933e-13
220
0.0
230
1.0
 40
0.1107415141920228
 41
-1.054045887124077
 42
-1.037654709975019
  0
LINE
  5
E3F
330
70
100
AcDbEntity
  8
Visible
100
AcDbLine
 10
222.638805
 20
104.056969
 30
0.0
 11
221.602649
 21
104.056969
 31
0.0
210
0.0
220
1.0
230
0.0
  0
ELLIPSE
  5
E40
330
70
100
AcDbEntity
  8
Visible
100
AcDbEllipse
 10
210.908573
 20
28.992809
 30
0.0
 11
-15.81016563237815
 21
179.9073869604501
 31
-9.3801e-12
210
-5.933e-13
220
0.0
230
1.0
 40
0.1107415141696267
 41
-1.150145889526155
 42
-1.091961200538702
  0
SPLINE
  5
E41
330
70
100
AcDbEntity
  8
Visible
100
AcDbSpline
 70
8
 71
3
 72
8
 73
4
 74
0
 42
1e-09
 40
-0.7441404467534147
 40
-0.7441404467534147
 40
-0.7441404467534147
 40
-0.7441404467534147
 40
-0.0505351467519293
 40
-0.0505351467519293
 40
-0.0505351467519293
 40
-0.0505351467519293
 10
221.3066050624093
 20
113.4382790533621
 30
5.835318e-09
 10
220.9723866036857
 20
115.7257702820122
 30
5.835318e-09
 10
220.6355192695537
 20
118.0190276742724
 30
5.835318e-09
 10
220.2972451333299
 20
120.3069689421616
 30
5.835318e-09
  0
SPLINE
  5
E42
330
70
100
AcDbEntity
  8
Visible
100
AcDbSpline
 70
8
 71
3
 72
8
 73
4
 74
0
 42
1e-09
 40
-0.4542863335769359
 40
-0.4542863335769359
 40
-0.4542863335769359
 40
-0.4542863335769359
 40
-0.0582889575315229
 40
-0.0582889575315229
 40
-0.0582889575315229
 40
-0.0582889575315229
 10
172.3945921384474
 20
120.3069689367736
 30
5.8062142e-09
 10
172.8166530560884
 20
120.3069689367736
 30
5.8062142e-09
 10
173.3611819737852
 20
120.3069689421616
 30
5.8062142e-09
 10
174.0212269220774
 20
120.3069689421616
 30
5.8062142e-09
  0
SPLINE
  5
E43
330
70
100
AcDbEntity
  8
Visible
100
AcDbSpline
 70
8
 71
3
 72
8
 73
4
 74
0
 42
1e-09
 40
-0.6935334375064272
 40
-0.6935334375064272
 40
-0.6935334375064272
 40
-0.6935334375064272
 40
0.0
 40
0.0
 40
0.0
 40
0.0
 10
174.0212269220774
 20
120.3069689421616
 30
5.8062142e-09
 10
173.6829527858535
 20
118.0190276742749
 30
5.8062142e-09
 10
173.3460854517197
 20
115.7257702820175
 30
5.8062142e-09
 10
173.0118669929961
 20
113.4382790533621
 30
5.8062142e-09
  0
LINE
  5
E44
330
70
100
AcDbEntity
  8
Visible
100
AcDbLine
 10
171.976756
 20
120.306969
 30
0.0
 11
172.394592
 21
120.306969
 31
0.0
210
0.0
220
1.0
230
0.0
  0
LINE
  5
E45
330
70
100
AcDbEntity
  8
Visible
100
AcDbLine
 10
261.364379
 20
144.556969
 30
0.0
 11
261.364379
 21
145.548643
 31
0.0
210
0.0
220
1.0
230
-1.276e-13
  0
ARC
  5
E46
330
70
100
AcDbEntity
  8
Visible
100
AcDbCircle
 10
-261.729279
 20
137.556969
 30
0.0
 40
7.999999999999992
210
2e-16
220
0.0
230
-1.0
100
AcDbArc
 50
67.790148
 51
87.385689
  0
ARC
  5
E47
330
70
100
AcDbEntity
  8
Visible
100
AcDbCircle
 10
-266.265278
 20
126.447302
 30
0.0
 40
19.99999999999998
210
2e-16
220
0.0
230
-1.0
100
AcDbArc
 50
6.382364
 51
67.790148
  0
LINE
  5
E48
330
70
100
AcDbEntity
  8
Visible
100
AcDbLine
 10
246.389235
 20
128.670563
 30
0.0
 11
242.766926
 21
96.286969
 31
0.0
210
0.0
220
1.0
230
-1.276e-13
  0
LINE
  5
E49
330
70
100
AcDbEntity
  8
Visible
100
AcDbLine
 10
242.766926
 20
96.286969
 30
0.0
 11
244.779398
 21
96.286969
 31
0.0
210
0.0
220
1.0
230
-1.276e-13
  0
LINE
  5
E4A
330
70
100
AcDbEntity
  8
Visible
100
AcDbLine
 10
244.779398
 20
96.286969
 30
0.0
 11
244.999755
 21
98.256969
 31
0.0
210
0.0
220
1.0
230
-1.276e-13
  0
LINE
  5
E4B
330
70
100
AcDbEntity
  8
Visible
100
AcDbLine
 10
244.999755
 20
98.256969
 30
0.0
 11
249.364379
 21
98.256969
 31
0.0
210
0.0
220
1.0
230
-1.276e-13
  0
LINE
  5
E4C
330
70
100
AcDbEntity
  8
Visible
100
AcDbLine
 10
249.364379
 20
98.256969
 30
0.0
 11
249.364379
 21
99.056969
 31
0.0
210
0.0
220
1.0
230
-1.276e-13
  0
LINE
  5
E4D
330
70
100
AcDbEntity
  8
Visible
100
AcDbLine
 10
249.364379
 20
99.056969
 30
0.0
 11
245.08924
 21
99.056969
 31
0.0
210
0.0
220
1.0
230
-1.276e-13
  0
LINE
  5
E4E
330
70
100
AcDbEntity
  8
Visible
100
AcDbLine
 10
245.08924
 20
99.056969
 30
0.0
 11
246.386774
 21
110.656969
 31
0.0
210
0.0
220
1.0
230
-1.276e-13
  0
LINE
  5
E4F
330
70
100
AcDbEntity
  8
Visible
100
AcDbLine
 10
246.386774
 20
110.656969
 30
0.0
 11
249.364379
 21
110.656969
 31
0.0
210
0.0
220
1.0
230
-1.276e-13
  0
LINE
  5
E50
330
70
100
AcDbEntity
  8
Visible
100
AcDbLine
 10
249.364379
 20
110.656969
 30
0.0
 11
249.364379
 21
111.456969
 31
0.0
210
0.0
220
1.0
230
-1.276e-13
  0
LINE
  5
E51
330
70
100
AcDbEntity
  8
Visible
100
AcDbLine
 10
249.364379
 20
111.456969
 30
0.0
 11
246.476259
 21
111.456969
 31
0.0
210
0.0
220
1.0
230
-1.276e-13
  0
LINE
  5
E52
330
70
100
AcDbEntity
  8
Visible
100
AcDbLine
 10
246.476259
 20
111.456969
 30
0.0
 11
246.962834
 21
115.806969
 31
0.0
210
0.0
220
1.0
230
-1.276e-13
  0
LINE
  5
E53
330
70
100
AcDbEntity
  8
Visible
100
AcDbLine
 10
246.962834
 20
115.806969
 30
0.0
 11
250.364379
 21
115.806969
 31
0.0
210
0.0
220
1.0
230
-1.276e-13
  0
LINE
  5
E54
330
70
100
AcDbEntity
  8
Visible
100
AcDbLine
 10
250.364379
 20
115.806969
 30
0.0
 11
250.364379
 21
118.456969
 31
0.0
210
0.0
220
1.0
230
-1.276e-13
  0
LINE
  5
E55
330
70
100
AcDbEntity
  8
Visible
100
AcDbLine
 10
250.364379
 20
118.456969
 30
0.0
 11
247.259253
 21
118.456969
 31
0.0
210
0.0
220
1.0
230
-1.276e-13
  0
LINE
  5
E56
330
70
100
AcDbEntity
  8
Visible
100
AcDbLine
 10
247.259253
 20
118.456969
 30
0.0
 11
247.729049
 21
122.656969
 31
0.0
210
0.0
220
1.0
230
-1.276e-13
  0
LINE
  5
E57
330
70
100
AcDbEntity
  8
Visible
100
AcDbLine
 10
247.729049
 20
122.656969
 30
0.0
 11
250.364379
 21
122.656969
 31
0.0
210
0.0
220
1.0
230
-1.276e-13
  0
LINE
  5
E58
330
70
100
AcDbEntity
  8
Visible
100
AcDbLine
 10
250.364379
 20
122.656969
 30
0.0
 11
250.364379
 21
125.306969
 31
0.0
210
0.0
220
1.0
230
-1.276e-13
  0
LINE
  5
E59
330
70
100
AcDbEntity
  8
Visible
100
AcDbLine
 10
250.364379
 20
125.306969
 30
0.0
 11
248.025469
 21
125.306969
 31
0.0
210
0.0
220
1.0
230
-1.276e-13
  0
LINE
  5
E5A
330
70
100
AcDbEntity
  8
Visible
100
AcDbLine
 10
248.025469
 20
125.306969
 30
0.0
 11
248.376839
 21
128.448237
 31
0.0
210
0.0
220
1.0
230
-1.276e-13
  0
ARC
  5
E5B
330
70
100
AcDbEntity
  8
Visible
100
AcDbCircle
 10
-266.265278
 20
126.447302
 30
0.0
 40
17.99999999999998
210
2e-16
220
0.0
230
-1.0
100
AcDbArc
 50
6.382364
 51
67.790148
  0
ARC
  5
E5C
330
70
100
AcDbEntity
  8
Visible
100
AcDbCircle
 10
-261.729279
 20
137.556969
 30
0.0
 40
5.999999999999828
210
2e-16
220
0.0
230
-1.0
100
AcDbArc
 50
67.790148
 51
90.0
  0
LINE
  5
E5D
330
70
100
AcDbEntity
  8
Visible
100
AcDbLine
 10
261.729279
 20
143.556969
 30
0.0
 11
263.364379
 21
143.556969
 31
0.0
210
0.0
220
1.0
230
-1.276e-13
  0
LINE
  5
E5E
330
70
100
AcDbEntity
  8
Visible
100
AcDbLine
 10
263.364379
 20
143.556969
 30
0.0
 11
263.364379
 21
144.556969
 31
0.0
210
0.0
220
1.0
230
-1.276e-13
  0
LINE
  5
E5F
330
70
100
AcDbEntity
  8
Visible
100
AcDbLine
 10
263.364379
 20
144.556969
 30
0.0
 11
261.364379
 21
144.556969
 31
0.0
210
0.0
220
1.0
230
-1.276e-13
  0
ARC
  5
E60
330
70
100
AcDbEntity
  8
Visible
100
AcDbCircle
 10
-262.255729
 20
90.601762
 30
0.0
 40
20.00000000000002
210
2e-16
220
0.0
230
-1.0
100
AcDbArc
 50
295.246755
 51
6.382364
  0
ARC
  5
E61
330
70
100
AcDbEntity
  8
Visible
100
AcDbCircle
 10
-257.990554
 20
81.556969
 30
0.0
 40
10.0
210
2e-16
220
0.0
230
-1.0
100
AcDbArc
 50
270.0
 51
295.246755
  0
LINE
  5
E62
330
70
100
AcDbEntity
  8
Visible
100
AcDbLine
 10
257.990554
 20
71.556969
 30
0.0
 11
261.864379
 21
71.556969
 31
0.0
210
0.0
220
1.0
230
-1.276e-13
  0
LINE
  5
E63
330
70
100
AcDbEntity
  8
Visible
100
AcDbLine
 10
261.864379
 20
71.556969
 30
0.0
 11
261.864379
 21
72.556969
 31
0.0
210
0.0
220
1.0
230
-1.276e-13
  0
LINE
  5
E64
330
70
100
AcDbEntity
  8
Visible
100
AcDbLine
 10
261.864379
 20
72.556969
 30
0.0
 11
263.364379
 21
72.556969
 31
0.0
210
0.0
220
1.0
230
-1.276e-13
  0
LINE
  5
E65
330
70
100
AcDbEntity
  8
Visible
100
AcDbLine
 10
263.364379
 20
72.556969
 30
0.0
 11
263.364379
 21
73.556969
 31
0.0
210
0.0
220
1.0
230
-1.276e-13
  0
LINE
  5
E66
330
70
100
AcDbEntity
  8
Visible
100
AcDbLine
 10
263.364379
 20
73.556969
 30
0.0
 11
257.990554
 21
73.556969
 31
0.0
210
0.0
220
1.0
230
-1.276e-13
  0
ARC
  5
E67
330
70
100
AcDbEntity
  8
Visible
100
AcDbCircle
 10
-257.990554
 20
81.556969
 30
0.0
 40
8.000000000000089
210
2e-16
220
0.0
230
-1.0
100
AcDbArc
 50
270.0
 51
295.246755
  0
ARC
  5
E68
330
70
100
AcDbEntity
  8
Visible
100
AcDbCircle
 10
-262.255729
 20
90.601762
 30
0.0
 40
18.0
210
2e-16
220
0.0
230
-1.0
100
AcDbArc
 50
295.246755
 51
347.340583
  0
LINE
  5
E69
330
70
100
AcDbEntity
  8
Visible
100
AcDbLine
 10
244.693308
 20
86.656969
 30
0.0
 11
249.364379
 21
86.656969
 31
0.0
210
0.0
220
1.0
230
-1.276e-13
  0
LINE
  5
E6A
330
70
100
AcDbEntity
  8
Visible
100
AcDbLine
 10
249.364379
 20
86.656969
 30
0.0
 11
249.364379
 21
87.456969
 31
0.0
210
0.0
220
1.0
230
-1.276e-13
  0
LINE
  5
E6B
330
70
100
AcDbEntity
  8
Visible
100
AcDbLine
 10
249.364379
 20
87.456969
 30
0.0
 11
244.532572
 21
87.456969
 31
0.0
210
0.0
220
1.0
230
-1.276e-13
  0
ARC
  5
E6C
330
70
100
AcDbEntity
  8
Visible
100
AcDbCircle
 10
-262.255729
 20
90.601762
 30
0.0
 40
17.9999999999999
210
2e-16
220
0.0
230
-1.0
100
AcDbArc
 50
349.938176
 51
6.382364
  0
LINE
  5
E6D
330
70
100
AcDbEntity
  8
Visible
100
AcDbLine
 10
244.367289
 20
92.602697
 30
0.0
 11
244.410273
 21
92.986969
 31
0.0
210
0.0
220
1.0
230
-1.276e-13
  0
LINE
  5
E6E
330
70
100
AcDbEntity
  8
Visible
100
AcDbLine
 10
244.410273
 20
92.986969
 30
0.0
 11
242.3978
 21
92.986969
 31
0.0
210
0.0
220
1.0
230
-1.276e-13
  0
LINE
  5
E6F
330
70
100
AcDbEntity
  8
Visible
100
AcDbLine
 10
242.3978
 20
92.986969
 30
0.0
 11
242.379685
 21
92.825023
 31
0.0
210
0.0
220
1.0
230
-1.276e-13
  0
LINE
  5
E70
330
70
100
AcDbEntity
  8
Visible
100
AcDbLine
 10
263.364379
 20
99.056969
 30
0.0
 11
263.364379
 21
74.014112
 31
0.0
210
0.0
220
1.0
230
-1.276e-13
  0
LINE
  5
E71
330
70
100
AcDbEntity
  8
Visible
100
AcDbLine
 10
263.364379
 20
74.014112
 30
0.0
 11
263.364379
 21
73.556969
 31
0.0
210
0.0
220
1.0
230
-1.276e-13
  0
SPLINE
  5
E72
330
70
100
AcDbEntity
  8
Visible
100
AcDbSpline
 70
8
 71
3
 72
10
 73
6
 74
0
 42
1e-09
 40
-0.059210157712783
 40
-0.059210157712783
 40
-0.059210157712783
 40
-0.059210157712783
 40
-0.0295196690803614
 40
-0.0295196690803614
 40
0.0
 40
0.0
 40
0.0
 40
0.0
 10
242.4138360662455
 20
93.13033448211549
 30
1.819e-12
 10
242.4089619260976
 20
93.08675946927583
 30
1.819e-12
 10
242.4051669730579
 20
93.05268450588085
 30
1.819e-12
 10
242.3998183042531
 20
93.00486818379537
 30
1.819e-12
 10
242.3982671801132
 20
92.9911480015528
 30
1.819e-12
 10
242.3978911464619
 20
92.9877862452939
 30
1.819e-12
  0
LINE
  5
E73
330
70
100
AcDbEntity
  8
Visible
100
AcDbLine
 10
242.554399
 20
94.386969
 30
0.0
 11
242.413836
 21
93.130334
 31
0.0
210
0.0
220
1.0
230
-1.276e-13
  0
LINE
  5
E74
330
70
100
AcDbEntity
  8
Visible
100
AcDbLine
 10
242.554399
 20
94.386969
 30
0.0
 11
242.610327
 21
94.886969
 31
0.0
210
0.0
220
1.0
230
-1.276e-13
  0
LINE
  5
E75
330
70
100
AcDbEntity
  8
Visible
100
AcDbLine
 10
242.766926
 20
96.286969
 30
0.0
 11
242.610327
 21
94.886969
 31
0.0
210
0.0
220
1.0
230
-1.276e-13
  0
LINE
  5
E76
330
70
100
AcDbEntity
  8
Visible
100
AcDbLine
 10
263.364379
 20
143.556969
 30
0.0
 11
263.364379
 21
123.112524
 31
0.0
210
0.0
220
1.0
230
-1.276e-13
  0
LINE
  5
E77
330
70
100
AcDbEntity
  8
Visible
100
AcDbLine
 10
263.364379
 20
123.112524
 30
0.0
 11
263.364379
 21
120.306969
 31
0.0
210
0.0
220
1.0
230
-1.276e-13
  0
LINE
  5
E78
330
70
100
AcDbEntity
  8
Visible
100
AcDbLine
 10
249.364379
 20
86.656969
 30
0.0
 11
249.364379
 21
78.592443
 31
0.0
210
0.0
220
1.0
230
-1.276e-13
  0
LINE
  5
E79
330
70
100
AcDbEntity
  8
Visible
100
AcDbLine
 10
249.364379
 20
131.879878
 30
0.0
 11
249.364379
 21
125.306969
 31
0.0
210
0.0
220
1.0
230
-1.276e-13
  0
LINE
  5
E7A
330
70
100
AcDbEntity
  8
Visible
100
AcDbLine
 10
249.364379
 20
115.806969
 30
0.0
 11
249.364379
 21
111.456969
 31
0.0
210
0.0
220
1.0
230
-1.276e-13
  0
LINE
  5
E7B
330
70
100
AcDbEntity
  8
Visible
100
AcDbLine
 10
249.364379
 20
110.656969
 30
0.0
 11
249.364379
 21
99.056969
 31
0.0
210
0.0
220
1.0
230
-1.276e-13
  0
LINE
  5
E7C
330
70
100
AcDbEntity
  8
Visible
100
AcDbLine
 10
249.364379
 20
98.256969
 30
0.0
 11
249.364379
 21
87.456969
 31
0.0
210
0.0
220
1.0
230
-1.276e-13
  0
LINE
  5
E7D
330
70
100
AcDbEntity
  8
Visible
100
AcDbLine
 10
259.381078
 20
99.056969
 30
0.0
 11
256.364379
 21
99.056969
 31
0.0
210
0.0
220
1.0
230
-1.276e-13
  0
ARC
  5
E7E
330
70
100
AcDbEntity
  8
Visible
100
AcDbCircle
 10
-262.61321
 20
91.047977
 30
0.0
 40
18.18438566609451
210
2e-16
220
0.0
230
-1.0
100
AcDbArc
 50
316.76772
 51
346.026602
  0
ARC
  5
E7F
330
70
100
AcDbEntity
  8
Visible
100
AcDbCircle
 10
-273.499056
 20
123.640524
 30
0.0
 40
25.50249523941849
210
2e-16
220
0.0
230
-1.0
100
AcDbArc
 50
5.55536
 51
18.849427
  0
LINE
  5
E80
330
70
100
AcDbEntity
  8
Visible
100
AcDbLine
 10
256.364379
 20
98.256969
 30
0.0
 11
255.778592
 21
98.256969
 31
0.0
210
0.0
220
1.0
230
-1.276e-13
  0
LINE
  5
E81
330
70
100
AcDbEntity
  8
Visible
100
AcDbLine
 10
253.950165
 20
98.256969
 30
0.0
 11
255.778592
 21
98.256969
 31
0.0
210
0.0
220
1.0
230
-1.276e-13
  0
LINE
  5
E82
330
70
100
AcDbEntity
  8
Visible
100
AcDbLine
 10
253.950165
 20
98.256969
 30
0.0
 11
252.535951
 21
98.256969
 31
0.0
210
0.0
220
1.0
230
-1.276e-13
  0
LINE
  5
E83
330
70
100
AcDbEntity
  8
Visible
100
AcDbLine
 10
252.535951
 20
98.256969
 30
0.0
 11
249.364379
 21
98.256969
 31
0.0
210
0.0
220
1.0
230
-1.276e-13
  0
LINE
  5
E84
330
70
100
AcDbEntity
  8
Visible
100
AcDbLine
 10
255.364379
 20
113.23796
 30
0.0
 11
255.364379
 21
120.306969
 31
0.0
210
0.0
220
1.0
230
-1.276e-13
  0
LINE
  5
E85
330
70
100
AcDbEntity
  8
Visible
100
AcDbLine
 10
255.364379
 20
120.306969
 30
0.0
 11
259.590377
 21
120.306969
 31
0.0
210
0.0
220
1.0
230
-1.276e-13
  0
LINE
  5
E86
330
70
100
AcDbEntity
  8
Visible
100
AcDbLine
 10
249.364379
 20
99.056969
 30
0.0
 11
252.535951
 21
99.056969
 31
0.0
210
0.0
220
1.0
230
-1.276e-13
  0
LINE
  5
E87
330
70
100
AcDbEntity
  8
Visible
100
AcDbLine
 10
252.535951
 20
99.056969
 30
0.0
 11
253.950165
 21
99.056969
 31
0.0
210
0.0
220
1.0
230
-1.276e-13
  0
LINE
  5
E88
330
70
100
AcDbEntity
  8
Visible
100
AcDbLine
 10
255.778592
 20
99.056969
 30
0.0
 11
253.950165
 21
99.056969
 31
0.0
210
0.0
220
1.0
230
-1.276e-13
  0
LINE
  5
E89
330
70
100
AcDbEntity
  8
Visible
100
AcDbLine
 10
255.778592
 20
99.056969
 30
0.0
 11
256.364379
 21
99.056969
 31
0.0
210
0.0
220
1.0
230
-1.276e-13
  0
LINE
  5
E8A
330
70
100
AcDbEntity
  8
Visible
100
AcDbLine
 10
259.957742
 20
99.056969
 30
0.0
 11
259.381078
 21
99.056969
 31
0.0
210
0.0
220
1.0
230
-1.276e-13
  0
LINE
  5
E8B
330
70
100
AcDbEntity
  8
Visible
100
AcDbLine
 10
261.205212
 20
99.056969
 30
0.0
 11
259.957742
 21
99.056969
 31
0.0
210
0.0
220
1.0
230
-1.276e-13
  0
LINE
  5
E8C
330
70
100
AcDbEntity
  8
Visible
100
AcDbLine
 10
263.364379
 20
99.056969
 30
0.0
 11
261.205212
 21
99.056969
 31
0.0
210
0.0
220
1.0
230
-1.276e-13
  0
LINE
  5
E8D
330
70
100
AcDbEntity
  8
Visible
100
AcDbLine
 10
253.364379
 20
101.314421
 30
0.0
 11
253.364379
 21
104.056969
 31
0.0
210
0.0
220
1.0
230
-1.276e-13
  0
LINE
  5
E8E
330
70
100
AcDbEntity
  8
Visible
100
AcDbLine
 10
253.364379
 20
104.056969
 30
0.0
 11
255.364379
 21
104.056969
 31
0.0
210
0.0
220
1.0
230
-1.276e-13
  0
LINE
  5
E8F
330
70
100
AcDbEntity
  8
Visible
100
AcDbLine
 10
255.364379
 20
104.056969
 30
0.0
 11
255.364379
 21
113.23796
 31
0.0
210
0.0
220
1.0
230
-1.276e-13
  0
ARC
  5
E90
330
70
100
AcDbEntity
  8
Visible
100
AcDbCircle
 10
-265.002767
 20
91.545142
 30
0.0
 40
20.62745150153308
210
2e-16
220
0.0
230
-1.0
100
AcDbArc
 50
348.568814
 51
7.239418
  0
LINE
  5
E91
330
70
100
AcDbEntity
  8
Visible
100
AcDbLine
 10
244.6228
 20
94.886969
 30
0.0
 11
244.779398
 21
96.286969
 31
0.0
210
0.0
220
1.0
230
-1.276e-13
  0
LINE
  5
E92
330
70
100
AcDbEntity
  8
Visible
100
AcDbLine
 10
242.397891
 20
92.987786
 30
0.0
 11
242.3978
 21
92.986969
 31
0.0
210
0.0
220
1.0
230
-1.276e-13
  0
LINE
  5
E93
330
70
100
AcDbEntity
  8
Visible
100
AcDbLine
 10
244.410273
 20
92.986969
 30
0.0
 11
244.566872
 21
94.386969
 31
0.0
210
0.0
220
1.0
230
-1.276e-13
  0
LINE
  5
E94
330
70
100
AcDbEntity
  8
Visible
100
AcDbLine
 10
244.6228
 20
94.886969
 30
0.0
 11
244.566872
 21
94.386969
 31
0.0
210
0.0
220
1.0
230
-1.276e-13
  0
LINE
  5
E95
330
70
100
AcDbEntity
  8
Visible
100
AcDbLine
 10
250.364379
 20
93.739969
 30
0.0
 11
250.364379
 21
89.739969
 31
0.0
210
0.0
220
1.0
230
-1.276e-13
  0
LINE
  5
E96
330
70
100
AcDbEntity
  8
Visible
100
AcDbLine
 10
250.364379
 20
122.656969
 30
0.0
 11
250.364379
 21
118.456969
 31
0.0
210
0.0
220
1.0
230
-1.276e-13
  0
LINE
  5
E97
330
70
100
AcDbEntity
  8
Visible
100
AcDbLine
 10
256.364379
 20
98.256969
 30
0.0
 11
256.364379
 21
99.056969
 31
0.0
210
0.0
220
1.0
230
-1.276e-13
  0
LINE
  5
E98
330
70
100
AcDbEntity
  8
Visible
100
AcDbLine
 10
253.364379
 20
99.056969
 30
0.0
 11
253.364379
 21
101.314421
 31
0.0
210
0.0
220
1.0
230
-1.276e-13
  0
LINE
  5
E99
330
70
100
AcDbEntity
  8
Visible
100
AcDbLine
 10
261.510505
 20
120.306969
 30
0.0
 11
263.364379
 21
120.306969
 31
0.0
210
0.0
220
1.0
230
-1.276e-13
  0
LINE
  5
E9A
330
70
100
AcDbEntity
  8
Visible
100
AcDbLine
 10
259.590377
 20
120.306969
 30
0.0
 11
261.510505
 21
120.306969
 31
0.0
210
0.0
220
1.0
230
-1.276e-13
  0
LINE
  5
E9B
330
70
100
AcDbEntity
  8
Visible
100
AcDbLine
 10
250.364379
 20
89.739969
 30
0.0
 11
249.364379
 21
89.739969
 31
0.0
210
0.0
220
1.0
230
-1.276e-13
  0
LINE
  5
E9C
330
70
100
AcDbEntity
  8
Visible
100
AcDbLine
 10
250.364379
 20
93.739969
 30
0.0
 11
249.364379
 21
93.739969
 31
0.0
210
0.0
220
1.0
230
-1.276e-13
  0
LINE
  5
E9D
330
70
100
AcDbEntity
  8
Visible
100
AcDbLine
 10
97.85418
 20
41.00524
 30
0.0
 11
97.85418
 21
37.807746
 31
0.0
  0
LINE
  5
E9E
330
70
100
AcDbEntity
  8
Visible
100
AcDbLine
 10
97.85418
 20
37.807746
 30
0.0
 11
96.85418
 21
37.807746
 31
0.0
  0
LINE
  5
E9F
330
70
100
AcDbEntity
  8
Visible
100
AcDbLine
 10
96.85418
 20
37.807746
 30
0.0
 11
96.85418
 21
35.807746
 31
0.0
  0
LINE
  5
EA0
330
70
100
AcDbEntity
  8
Visible
100
AcDbLine
 10
96.85418
 20
35.807746
 30
0.0
 11
98.60418
 21
35.807746
 31
0.0
  0
LINE
  5
EA1
330
70
100
AcDbEntity
  8
Visible
100
AcDbLine
 10
98.60418
 20
35.807746
 30
0.0
 11
98.60418
 21
39.122146
 31
0.0
  0
ELLIPSE
  5
EA2
330
70
100
AcDbEntity
  8
Visible
100
AcDbEllipse
 10
103.681743
 20
21.690987
 30
0.0
 11
-11.23213387797451
 21
14.29668459278414
 31
0.0
210
0.0
220
0.0
230
-1.0
 40
0.9900336785785295
 41
0.3859586706489169
 42
0.6610670185829491
  0
LINE
  5
EA3
330
70
100
AcDbEntity
  8
Visible
100
AcDbLine
 10
103.505902
 20
39.803244
 30
0.0
 11
105.65418
 21
39.803244
 31
0.0
  0
LINE
  5
EA4
330
70
100
AcDbEntity
  8
Visible
100
AcDbLine
 10
105.65418
 20
39.803244
 30
0.0
 11
105.65418
 21
35.807746
 31
0.0
  0
LINE
  5
EA5
330
70
100
AcDbEntity
  8
Visible
100
AcDbLine
 10
105.65418
 20
35.807746
 30
0.0
 11
106.45418
 21
35.807746
 31
0.0
  0
LINE
  5
EA6
330
70
100
AcDbEntity
  8
Visible
100
AcDbLine
 10
106.45418
 20
35.807746
 30
0.0
 11
106.45418
 21
39.803244
 31
0.0
  0
LINE
  5
EA7
330
70
100
AcDbEntity
  8
Visible
100
AcDbLine
 10
106.45418
 20
39.803244
 30
0.0
 11
115.65418
 21
39.803244
 31
0.0
  0
LINE
  5
EA8
330
70
100
AcDbEntity
  8
Visible
100
AcDbLine
 10
115.65418
 20
39.803244
 30
0.0
 11
115.65418
 21
35.807746
 31
0.0
  0
LINE
  5
EA9
330
70
100
AcDbEntity
  8
Visible
100
AcDbLine
 10
115.65418
 20
35.807746
 30
0.0
 11
116.45418
 21
35.807746
 31
0.0
  0
LINE
  5
EAA
330
70
100
AcDbEntity
  8
Visible
100
AcDbLine
 10
116.45418
 20
35.807746
 30
0.0
 11
116.45418
 21
39.803244
 31
0.0
  0
LINE
  5
EAB
330
70
100
AcDbEntity
  8
Visible
100
AcDbLine
 10
116.45418
 20
39.803244
 30
0.0
 11
118.602458
 21
39.803244
 31
0.0
  0
ELLIPSE
  5
EAC
330
70
100
AcDbEntity
  8
Visible
100
AcDbEllipse
 10
118.426617
 20
21.690987
 30
0.0
 11
11.23213387797276
 21
14.29668459278551
 31
0.0
210
0.0
220
0.0
230
-1.0
 40
0.9900336785785281
 41
-0.6610670185828273
 42
-0.3859586706487938
  0
LINE
  5
EAD
330
70
100
AcDbEntity
  8
Visible
100
AcDbLine
 10
123.50418
 20
39.122146
 30
0.0
 11
123.50418
 21
35.807746
 31
0.0
  0
LINE
  5
EAE
330
70
100
AcDbEntity
  8
Visible
100
AcDbLine
 10
123.50418
 20
35.807746
 30
0.0
 11
125.25418
 21
35.807746
 31
0.0
  0
LINE
  5
EAF
330
70
100
AcDbEntity
  8
Visible
100
AcDbLine
 10
125.25418
 20
35.807746
 30
0.0
 11
125.25418
 21
37.807746
 31
0.0
  0
LINE
  5
EB0
330
70
100
AcDbEntity
  8
Visible
100
AcDbLine
 10
125.25418
 20
37.807746
 30
0.0
 11
124.25418
 21
37.807746
 31
0.0
  0
LINE
  5
EB1
330
70
100
AcDbEntity
  8
Visible
100
AcDbLine
 10
124.25418
 20
37.807746
 30
0.0
 11
124.25418
 21
41.00524
 31
0.0
  0
ELLIPSE
  5
EB2
330
70
100
AcDbEntity
  8
Visible
100
AcDbEllipse
 10
118.426617
 20
21.690987
 30
0.0
 11
12.48014875097156
 21
15.88520510490958
 31
0.0
 40
0.9900336785764221
 41
0.3763006196516805
 42
0.6610670184371723
  0
LINE
  5
EB3
330
70
100
AcDbEntity
  8
Visible
100
AcDbLine
 10
118.621996
 20
41.815717
 30
0.0
 11
103.486364
 21
41.815717
 31
0.0
  0
ELLIPSE
  5
EB4
330
70
100
AcDbEntity
  8
Visible
100
AcDbEllipse
 10
103.681743
 20
21.690987
 30
0.0
 11
-12.48014875097321
 21
15.8852051049083
 31
0.0
210
0.0
220
0.0
230
0.9999999999999998
 40
0.9900336785764235
 41
-0.6610670184372751
 42
-0.376300619651784
  0
ARC
  5
EB5
330
70
100
AcDbEntity
  8
Visible
100
AcDbCircle
 10
118.662674
 20
21.991309
 30
0.0
 40
19.81890306521366
100
AcDbArc
 50
31.832763
 51
61.055809
  0
LINE
  5
EB6
330
70
100
AcDbEntity
  8
Visible
100
AcDbLine
 10
128.25418
 20
39.334663
 30
0.0
 11
128.25418
 21
37.807746
 31
0.0
  0
LINE
  5
EB7
330
70
100
AcDbEntity
  8
Visible
100
AcDbLine
 10
128.25418
 20
37.807746
 30
0.0
 11
127.25418
 21
37.807746
 31
0.0
  0
LINE
  5
EB8
330
70
100
AcDbEntity
  8
Visible
100
AcDbLine
 10
127.25418
 20
37.807746
 30
0.0
 11
127.25418
 21
35.807746
 31
0.0
  0
LINE
  5
EB9
330
70
100
AcDbEntity
  8
Visible
100
AcDbLine
 10
127.25418
 20
35.807746
 30
0.0
 11
129.00418
 21
35.807746
 31
0.0
  0
LINE
  5
EBA
330
70
100
AcDbEntity
  8
Visible
100
AcDbLine
 10
129.00418
 20
35.807746
 30
0.0
 11
129.00418
 21
36.478065
 31
0.0
  0
ELLIPSE
  5
EBB
330
70
100
AcDbEntity
  8
Visible
100
AcDbEllipse
 10
118.426617
 20
21.690987
 30
0.0
 11
11.23213387812231
 21
14.29668459267068
 31
0.0
210
0.0
220
0.0
230
-1.0
 40
0.9900336785780603
 41
-0.0454421421260114
 42
0.3170821036767186
  0
LINE
  5
EBC
330
70
100
AcDbEntity
  8
Visible
100
AcDbLine
 10
133.512036
 20
31.807746
 30
0.0
 11
135.879831
 21
31.807746
 31
0.0
  0
ELLIPSE
  5
EBD
330
70
100
AcDbEntity
  8
Visible
100
AcDbEllipse
 10
118.426617
 20
21.690987
 30
0.0
 11
12.48014875606185
 21
15.88520510091837
 31
0.0
 40
0.9900336785726187
 41
-0.3830067086642586
 42
-0.3459914040886021
  0
ARC
  5
EBE
330
70
100
AcDbEntity
  8
Visible
100
AcDbCircle
 10
103.445687
 20
21.991309
 30
0.0
 40
19.81890325686061
100
AcDbArc
 50
118.944191
 51
148.167237
  0
ELLIPSE
  5
EBF
330
70
100
AcDbEntity
  8
Visible
100
AcDbEllipse
 10
103.681743
 20
21.690987
 30
0.0
 11
-12.48014872225191
 21
15.88520512768468
 31
0.0
 40
0.9900336786218149
 41
0.3459914062239398
 42
0.383006710797092
  0
LINE
  5
EC0
330
70
100
AcDbEntity
  8
Visible
100
AcDbLine
 10
86.22853
 20
31.807746
 30
0.0
 11
88.596325
 21
31.807746
 31
0.0
  0
ELLIPSE
  5
EC1
330
70
100
AcDbEntity
  8
Visible
100
AcDbEllipse
 10
103.681743
 20
21.690987
 30
0.0
 11
-11.23213387812229
 21
14.29668459267069
 31
0.0
210
0.0
220
0.0
230
-1.0
 40
0.9900336785780584
 41
-0.3170821036767206
 42
0.0454421421260101
  0
LINE
  5
EC2
330
70
100
AcDbEntity
  8
Visible
100
AcDbLine
 10
93.10418
 20
36.478065
 30
0.0
 11
93.10418
 21
35.807746
 31
0.0
  0
LINE
  5
EC3
330
70
100
AcDbEntity
  8
Visible
100
AcDbLine
 10
93.10418
 20
35.807746
 30
0.0
 11
94.85418
 21
35.807746
 31
0.0
  0
LINE
  5
EC4
330
70
100
AcDbEntity
  8
Visible
100
AcDbLine
 10
94.85418
 20
35.807746
 30
0.0
 11
94.85418
 21
37.807746
 31
0.0
  0
LINE
  5
EC5
330
70
100
AcDbEntity
  8
Visible
100
AcDbLine
 10
94.85418
 20
37.807746
 30
0.0
 11
93.85418
 21
37.807746
 31
0.0
  0
LINE
  5
EC6
330
70
100
AcDbEntity
  8
Visible
100
AcDbLine
 10
93.85418
 20
37.807746
 30
0.0
 11
93.85418
 21
39.334663
 31
0.0
  0
LINE
  5
EC7
330
70
100
AcDbEntity
  8
Visible
100
AcDbLine
 10
86.22853
 20
31.807746
 30
0.0
 11
86.222855
 21
31.807746
 31
0.0
  0
LINE
  5
EC8
330
70
100
AcDbEntity
  8
Visible
100
AcDbLine
 10
85.973175
 20
31.807746
 30
0.0
 11
86.222855
 21
31.807746
 31
0.0
  0
SPLINE
  5
EC9
330
70
100
AcDbEntity
  8
Visible
100
AcDbSpline
 70
8
 71
3
 72
26
 73
22
 74
0
 42
1e-09
 40
-0.6565350985055964
 40
-0.6565350985055964
 40
-0.6565350985055964
 40
-0.6565350985055964
 40
-0.627874554737129
 40
-0.627874554737129
 40
-0.5703263373472665
 40
-0.5703263373472665
 40
-0.4851800237508223
 40
-0.4851800237508223
 40
-0.3903462187193853
 40
-0.3903462187193853
 40
-0.3018721778793296
 40
-0.3018721778793296
 40
-0.2247009672163269
 40
-0.2247009672163269
 40
-0.1463738387306046
 40
-0.1463738387306046
 40
-0.0865704279529734
 40
-0.0865704279529734
 40
-0.0415633769895929
 40
-0.0415633769895929
 40
0.0
 40
0.0
 40
0.0
 40
0.0
 10
93.85418031454174
 20
39.33466328416216
 30
0.0
 10
93.85418031454174
 20
39.34937978787639
 30
0.0
 10
93.8608391588841
 20
39.36724935191342
 30
0.0
 10
93.90016173130061
 20
39.42969369563252
 30
0.0
 10
93.95193183438094
 20
39.48252669033355
 30
0.0
 10
94.13481750207575
 20
39.63399808921531
 30
0.0
 10
94.29055638017235
 20
39.74118533407636
 30
0.0
 10
94.69057056162637
 20
39.98313745166525
 30
0.0
 10
94.94141901106013
 20
40.11868575617882
 30
0.0
 10
95.46928287111768
 20
40.37424346987973
 30
0.0
 10
95.7418114030279
 20
40.49388147901481
 30
0.0
 10
96.25539798142383
 20
40.69585962507335
 30
0.0
 10
96.49315451446637
 20
40.77988252205432
 30
0.0
 10
96.94395134459046
 20
40.92019002165216
 30
0.0
 10
97.1516377799453
 20
40.97452666690696
 30
0.0
 10
97.46033745376735
 20
41.03748743622054
 30
0.0
 10
97.57233047111733
 20
41.05338350657802
 30
0.0
 10
97.72305236520697
 20
41.06148708942964
 30
0.0
 10
97.77231390151428
 20
41.05854424241442
 30
0.0
 10
97.83564081408986
 20
41.0411383574883
 30
0.0
 10
97.85187063894591
 20
41.02764102450419
 30
0.0
 10
97.85395085581877
 20
41.00934396755838
 30
0.0
  0
SPLINE
  5
ECA
330
70
100
AcDbEntity
  8
Visible
100
AcDbSpline
 70
8
 71
3
 72
10
 73
6
 74
0
 42
1e-09
 40
-0.0833697049463453
 40
-0.0833697049463453
 40
-0.0833697049463453
 40
-0.0833697049463453
 40
-0.0552091680862224
 40
-0.0552091680862224
 40
0.0
 40
0.0
 40
0.0
 40
0.0
 10
104.8741803145421
 20
42.54987447228631
 30
0.0
 10
104.8741809776638
 20
42.54162964265924
 30
0.0
 10
104.8834571246589
 20
42.53329664560988
 30
0.0
 10
104.9383596197331
 20
42.50828014024228
 30
0.0
 10
105.0096375076937
 20
42.49154131812065
 30
0.0
 10
105.1117615617295
 20
42.47452286775842
 30
0.0
  0
LINE
  5
ECB
330
70
100
AcDbEntity
  8
Visible
100
AcDbLine
 10
104.87418
 20
42.549874
 30
0.0
 11
104.87418
 21
42.59096
 31
0.0
  0
SPLINE
  5
ECC
330
70
100
AcDbEntity
  8
Visible
100
AcDbSpline
 70
8
 71
3
 72
16
 73
12
 74
0
 42
1e-09
 40
-0.3371795175124628
 40
-0.3371795175124628
 40
-0.3371795175124628
 40
-0.3371795175124628
 40
-0.3082283618132036
 40
-0.3082283618132036
 40
-0.2790806313408731
 40
-0.2790806313408731
 40
-0.223921669296265
 40
-0.223921669296265
 40
-0.1680281875956449
 40
-0.1680281875956449
 40
-0.1161870512285302
 40
-0.1161870512285302
 40
-0.1161870512285302
 40
-0.1161870512285302
 10
106.2741802834771
 20
42.73571989964875
 30
0.0
 10
106.1777400704632
 20
42.73248309208611
 30
0.0
 10
106.0815873443353
 20
42.72839530838609
 30
0.0
 10
105.8922803866553
 20
42.71887716461242
 30
0.0
 10
105.7996593157204
 20
42.71346429669029
 30
0.0
 10
105.5428769870559
 20
42.69647727224946
 30
0.0
 10
105.391078055125
 20
42.68392050091825
 30
0.0
 10
105.135420883953
 20
42.65737535029984
 30
0.0
 10
105.0347335241986
 20
42.64362531414917
 30
0.0
 10
104.9059093984615
 20
42.61679222888233
 30
0.0
 10
104.8741804939909
 20
42.60394906021974
 30
0.0
 10
104.8741803145421
 20
42.59095964569496
 30
0.0
  0
ARC
  5
ECD
330
70
100
AcDbEntity
  8
Visible
100
AcDbCircle
 10
108.865948
 20
-39.196257
 30
0.0
 40
81.97295947676209
100
AcDbArc
 50
89.563635
 51
91.811843
  0
ARC
  5
ECE
330
70
100
AcDbEntity
  8
Visible
100
AcDbCircle
 10
112.588755
 20
31.415088
 30
0.0
 40
11.35919477006055
100
AcDbArc
 50
86.959199
 51
89.832255
  0
SPLINE
  5
ECF
330
70
100
AcDbEntity
  8
Visible
100
AcDbSpline
 70
8
 71
3
 72
26
 73
22
 74
0
 42
1e-09
 40
-0.6701688367969467
 40
-0.6701688367969467
 40
-0.6701688367969467
 40
-0.6701688367969467
 40
-0.6324701292145495
 40
-0.6324701292145495
 40
-0.5892073318003654
 40
-0.5892073318003654
 40
-0.5339286346146334
 40
-0.5339286346146334
 40
-0.4565442655106743
 40
-0.4565442655106743
 40
-0.372839172208965
 40
-0.372839172208965
 40
-0.2810365834020923
 40
-0.2810365834020923
 40
-0.1944216473302754
 40
-0.1944216473302754
 40
-0.1179420748510435
 40
-0.1179420748510435
 40
-0.0445200690016088
 40
-0.0445200690016088
 40
-0.0132988834914228
 40
-0.0132988834914228
 40
-0.0132988834914228
 40
-0.0132988834914228
 10
124.2544097732661
 20
41.00934396755838
 30
0.0
 10
124.2562953185697
 20
41.02592874304718
 30
0.0
 10
124.2698060586644
 20
41.03857348961901
 30
0.0
 10
124.3238786226375
 20
41.0567174111693
 30
0.0
 10
124.3679188552341
 20
41.06081339723641
 30
0.0
 10
124.501159066911
 20
41.05671355002414
 30
0.0
 10
124.5985303479538
 20
41.04481636912351
 30
0.0
 10
124.8788639296817
 20
40.99283849137828
 30
0.0
 10
125.07641880347
 20
40.94409199222172
 30
0.0
 10
125.5325392985614
 20
40.80808862812955
 30
0.0
 10
125.7887632957445
 20
40.71974927107658
 30
0.0
 10
126.3325667299905
 20
40.50851209515167
 30
0.0
 10
126.6161975704672
 20
40.38488938365662
 30
0.0
 10
127.1310299366287
 20
40.13645899796211
 30
0.0
 10
127.3627430019187
 20
40.01291139182285
 30
0.0
 10
127.7391259058586
 20
39.79093152989845
 30
0.0
 10
127.8900275519918
 20
39.69174720971205
 30
0.0
 10
128.1169087618727
 20
39.52029831773871
 30
0.0
 10
128.1944499455912
 20
39.44804501254111
 30
0.0
 10
128.2462856829552
 20
39.37044728884393
 30
0.0
 10
128.2541803145432
 20
39.3506874903851
 30
0.0
 10
128.2541803145432
 20
39.33466328416216
 30
0.0
  0
LINE
  5
ED0
330
70
100
AcDbEntity
  8
Visible
100
AcDbLine
 10
135.885505
 20
31.807746
 30
0.0
 11
136.135185
 21
31.807746
 31
0.0
  0
SPLINE
  5
ED1
330
70
100
AcDbEntity
  8
Visible
100
AcDbSpline
 70
8
 71
3
 72
8
 73
4
 74
0
 42
1e-09
 40
-0.6017180137814802
 40
-0.6017180137814802
 40
-0.6017180137814802
 40
-0.6017180137814802
 40
0.0
 40
0.0
 40
0.0
 40
0.0
 10
136.1351851379549
 20
31.80774639329684
 30
0.0
 10
137.1115372552685
 20
30.05819510643778
 30
0.0
 10
137.8205986505836
 20
28.17114501725882
 30
0.0
 10
138.2378825475844
 20
26.20930562654394
 30
0.0
  0
SPLINE
  5
ED2
330
70
100
AcDbEntity
  8
Visible
100
AcDbSpline
 70
8
 71
3
 72
8
 73
4
 74
0
 42
1e-09
 40
-0.6594785114137002
 40
-0.6594785114137002
 40
-0.6594785114137002
 40
-0.6594785114137002
 40
-0.0577630735535753
 40
-0.0577630735535753
 40
-0.0577630735535753
 40
-0.0577630735535753
 10
83.87047808150056
 20
26.20930562654394
 30
0.0
 10
84.2877619785013
 20
28.17114501725882
 30
0.0
 10
84.99682337381637
 20
30.05819510643778
 30
0.0
 10
85.97317549112995
 20
31.80774639329684
 30
0.0
  0
LINE
  5
ED3
330
70
100
AcDbEntity
  8
Visible
100
AcDbLine
 10
127.25418
 20
37.807746
 30
0.0
 11
125.25418
 21
37.807746
 31
0.0
  0
LINE
  5
ED4
330
70
100
AcDbEntity
  8
Visible
100
AcDbLine
 10
127.25418
 20
35.807746
 30
0.0
 11
125.25418
 21
35.807746
 31
0.0
  0
SPLINE
  5
ED5
330
70
100
AcDbEntity
  8
Visible
100
AcDbSpline
 70
8
 71
3
 72
8
 73
4
 74
0
 42
1e-09
 40
0.6127470845152151
 40
0.6127470845152151
 40
0.6127470845152151
 40
0.6127470845152151
 40
0.6157333337158823
 40
0.6157333337158823
 40
0.6157333337158823
 40
0.6157333337158823
 10
124.2541803145432
 20
41.00523954809069
 30
0.0
 10
124.2541803145432
 20
41.00663250881189
 30
0.0
 10
124.2542570518708
 20
41.00800066912234
 30
0.0
 10
124.2544097732661
 20
41.00934396755838
 30
0.0
  0
LINE
  5
ED6
330
70
100
AcDbEntity
  8
Visible
100
AcDbLine
 10
106.45418
 20
35.807746
 30
0.0
 11
115.65418
 21
35.807746
 31
0.0
  0
LINE
  5
ED7
330
70
100
AcDbEntity
  8
Visible
100
AcDbLine
 10
100.05418
 20
35.807746
 30
0.0
 11
105.65418
 21
35.807746
 31
0.0
  0
LINE
  5
ED8
330
70
100
AcDbEntity
  8
Visible
100
AcDbLine
 10
116.45418
 20
35.807746
 30
0.0
 11
122.05418
 21
35.807746
 31
0.0
  0
SPLINE
  5
ED9
330
70
100
AcDbEntity
  8
Visible
100
AcDbSpline
 70
8
 71
3
 72
8
 73
4
 74
0
 42
1e-09
 40
-0.6157333337158813
 40
-0.6157333337158813
 40
-0.6157333337158813
 40
-0.6157333337158813
 40
-0.6127470845152163
 40
-0.6127470845152163
 40
-0.6127470845152163
 40
-0.6127470845152163
 10
97.85395085581877
 20
41.00934396755838
 30
0.0
 10
97.85410357721412
 20
41.00800066912234
 30
0.0
 10
97.85418031454174
 20
41.00663250881189
 30
0.0
 10
97.85418031454174
 20
41.00523954809069
 30
0.0
  0
LINE
  5
EDA
330
70
100
AcDbEntity
  8
Visible
100
AcDbLine
 10
84.55418
 20
21.807746
 30
0.0
 11
84.573055
 21
21.807746
 31
0.0
  0
LINE
  5
EDB
330
70
100
AcDbEntity
  8
Visible
100
AcDbLine
 10
84.573055
 20
23.307746
 30
0.0
 11
84.573055
 21
21.807746
 31
0.0
  0
LINE
  5
EDC
330
70
100
AcDbEntity
  8
Visible
100
AcDbLine
 10
137.535306
 20
23.307746
 30
0.0
 11
137.535306
 21
21.807746
 31
0.0
  0
LINE
  5
EDD
330
70
100
AcDbEntity
  8
Visible
100
AcDbLine
 10
137.535306
 20
21.807746
 30
0.0
 11
137.55418
 21
21.807746
 31
0.0
  0
LINE
  5
EDE
330
70
100
AcDbEntity
  8
Visible
100
AcDbLine
 10
137.535306
 20
21.807746
 30
0.0
 11
136.534565
 21
21.807746
 31
0.0
  0
LINE
  5
EDF
330
70
100
AcDbEntity
  8
Visible
100
AcDbLine
 10
136.534565
 20
21.807746
 30
0.0
 11
119.55071
 21
21.807746
 31
0.0
  0
LINE
  5
EE0
330
70
100
AcDbEntity
  8
Visible
100
AcDbLine
 10
119.55071
 20
21.807746
 30
0.0
 11
116.885132
 21
21.807746
 31
0.0
  0
LINE
  5
EE1
330
70
100
AcDbEntity
  8
Visible
100
AcDbLine
 10
116.885132
 20
21.807746
 30
0.0
 11
105.223228
 21
21.807746
 31
0.0
  0
LINE
  5
EE2
330
70
100
AcDbEntity
  8
Visible
100
AcDbLine
 10
105.223228
 20
21.807746
 30
0.0
 11
102.55765
 21
21.807746
 31
0.0
  0
LINE
  5
EE3
330
70
100
AcDbEntity
  8
Visible
100
AcDbLine
 10
102.55765
 20
21.807746
 30
0.0
 11
85.573796
 21
21.807746
 31
0.0
  0
LINE
  5
EE4
330
70
100
AcDbEntity
  8
Visible
100
AcDbLine
 10
85.573796
 20
21.807746
 30
0.0
 11
84.573055
 21
21.807746
 31
0.0
  0
LINE
  5
EE5
330
70
100
AcDbEntity
  8
Visible
100
AcDbLine
 10
96.85418
 20
35.807746
 30
0.0
 11
94.85418
 21
35.807746
 31
0.0
  0
SPLINE
  5
EE6
330
70
100
AcDbEntity
  8
Visible
100
AcDbSpline
 70
8
 71
3
 72
8
 73
4
 74
0
 42
1e-09
 40
-0.3168649153563244
 40
-0.3168649153563244
 40
-0.3168649153563244
 40
-0.3168649153563244
 40
0.0
 40
0.0
 40
0.0
 40
0.0
 10
86.75136709405704
 20
28.80774639329684
 30
0.0
 10
86.35693653141789
 20
27.83342150826502
 30
0.0
 10
86.04744578150714
 20
26.82414692714701
 30
0.0
 10
85.82768103951275
 20
25.7910464919969
 30
0.0
  0
SPLINE
  5
EE7
330
70
100
AcDbEntity
  8
Visible
100
AcDbSpline
 70
8
 71
3
 72
8
 73
4
 74
0
 42
1e-09
 40
-0.716811019453787
 40
-0.716811019453787
 40
-0.716811019453787
 40
-0.716811019453787
 40
-0.3999496718576378
 40
-0.3999496718576378
 40
-0.3999496718576378
 40
-0.3999496718576378
 10
136.2806795895721
 20
25.7910464919969
 30
0.0
 10
136.0609148475778
 20
26.82414692714701
 30
0.0
 10
135.751424097667
 20
27.83342150826502
 30
0.0
 10
135.3569935350279
 20
28.80774639329684
 30
0.0
  0
LINE
  5
EE8
330
70
100
AcDbEntity
  8
Visible
100
AcDbLine
 10
83.747304
 20
25.630206
 30
0.0
 11
83.870478
 21
26.209306
 31
0.0
  0
ARC
  5
EE9
330
70
100
AcDbEntity
  8
Visible
100
AcDbCircle
 10
91.567309
 20
23.966897
 30
0.0
 40
7.994940688363953
100
AcDbArc
 50
167.992178
 51
179.999888
  0
LINE
  5
EEA
330
70
100
AcDbEntity
  8
Visible
100
AcDbLine
 10
83.572368
 20
23.307746
 30
0.0
 11
83.572368
 21
23.966913
 31
0.0
  0
LINE
  5
EEB
330
70
100
AcDbEntity
  8
Visible
100
AcDbLine
 10
83.572368
 20
23.307746
 30
0.0
 11
84.573055
 21
23.307746
 31
0.0
  0
LINE
  5
EEC
330
70
100
AcDbEntity
  8
Visible
100
AcDbLine
 10
85.573796
 20
23.966913
 30
0.0
 11
85.573796
 21
21.807746
 31
0.0
  0
ARC
  5
EED
330
70
100
AcDbEntity
  8
Visible
100
AcDbCircle
 10
91.569398
 20
23.966898
 30
0.0
 40
5.995602164073748
100
AcDbArc
 50
167.990923
 51
179.999859
  0
LINE
  5
EEE
330
70
100
AcDbEntity
  8
Visible
100
AcDbLine
 10
85.827681
 20
25.791046
 30
0.0
 11
85.705012
 21
25.214383
 31
0.0
  0
LINE
  5
EEF
330
70
100
AcDbEntity
  8
Visible
100
AcDbLine
 10
86.751367
 20
28.807746
 30
0.0
 11
96.225753
 21
28.807746
 31
0.0
  0
ARC
  5
EF0
330
70
100
AcDbEntity
  8
Visible
100
AcDbCircle
 10
-96.225753
 20
30.807746
 30
0.0
 40
2.0
210
0.0
220
0.0
230
-1.0
100
AcDbArc
 50
225.0
 51
270.0
  0
LINE
  5
EF1
330
70
100
AcDbEntity
  8
Visible
100
AcDbLine
 10
99.468394
 20
31.22196
 30
0.0
 11
97.639967
 21
29.393533
 31
0.0
  0
ARC
  5
EF2
330
70
100
AcDbEntity
  8
Visible
100
AcDbCircle
 10
-98.05418
 20
32.636174
 30
0.0
 40
1.999999999999999
210
0.0
220
0.0
230
-1.0
100
AcDbArc
 50
180.0
 51
225.0
  0
LINE
  5
EF3
330
70
100
AcDbEntity
  8
Visible
100
AcDbLine
 10
100.05418
 20
32.636174
 30
0.0
 11
100.05418
 21
35.807746
 31
0.0
  0
LINE
  5
EF4
330
70
100
AcDbEntity
  8
Visible
100
AcDbLine
 10
122.05418
 20
35.807746
 30
0.0
 11
122.05418
 21
32.636174
 31
0.0
  0
ARC
  5
EF5
330
70
100
AcDbEntity
  8
Visible
100
AcDbCircle
 10
-124.05418
 20
32.636174
 30
0.0
 40
1.999999999999999
210
0.0
220
0.0
230
-1.0
100
AcDbArc
 50
315.0
 51
0.0
  0
LINE
  5
EF6
330
70
100
AcDbEntity
  8
Visible
100
AcDbLine
 10
124.468394
 20
29.393533
 30
0.0
 11
122.639967
 21
31.22196
 31
0.0
  0
ARC
  5
EF7
330
70
100
AcDbEntity
  8
Visible
100
AcDbCircle
 10
-125.882607
 20
30.807746
 30
0.0
 40
2.0
210
0.0
220
0.0
230
-1.0
100
AcDbArc
 50
270.0
 51
315.0
  0
LINE
  5
EF8
330
70
100
AcDbEntity
  8
Visible
100
AcDbLine
 10
125.882607
 20
28.807746
 30
0.0
 11
135.356994
 21
28.807746
 31
0.0
  0
LINE
  5
EF9
330
70
100
AcDbEntity
  8
Visible
100
AcDbLine
 10
136.403349
 20
25.214383
 30
0.0
 11
136.28068
 21
25.791046
 31
0.0
  0
ARC
  5
EFA
330
70
100
AcDbEntity
  8
Visible
100
AcDbCircle
 10
130.538963
 20
23.966898
 30
0.0
 40
5.995602164074015
100
AcDbArc
 50
0.000141
 51
12.009077
  0
LINE
  5
EFB
330
70
100
AcDbEntity
  8
Visible
100
AcDbLine
 10
136.534565
 20
21.807746
 30
0.0
 11
136.534565
 21
23.966913
 31
0.0
  0
LINE
  5
EFC
330
70
100
AcDbEntity
  8
Visible
100
AcDbLine
 10
137.535306
 20
23.307746
 30
0.0
 11
138.535992
 21
23.307746
 31
0.0
  0
LINE
  5
EFD
330
70
100
AcDbEntity
  8
Visible
100
AcDbLine
 10
138.535992
 20
23.966913
 30
0.0
 11
138.535992
 21
23.307746
 31
0.0
  0
ARC
  5
EFE
330
70
100
AcDbEntity
  8
Visible
100
AcDbCircle
 10
130.541052
 20
23.966897
 30
0.0
 40
7.994940688363194
100
AcDbArc
 50
0.000112
 51
12.007822
  0
LINE
  5
EFF
330
70
100
AcDbEntity
  8
Visible
100
AcDbLine
 10
138.237883
 20
26.209306
 30
0.0
 11
138.361057
 21
25.630206
 31
0.0
  0
ELLIPSE
  5
F00
330
70
100
AcDbEntity
  8
Visible
100
AcDbEllipse
 10
112.57418
 20
42.561798
 30
0.0
 11
1.399999999999635
 21
8.167e-13
 31
0.0
 40
0.1118563101097117
 41
4.712388980384623
 42
6.28318530717437
  0
LINE
  5
F01
330
70
100
AcDbEntity
  8
Visible
100
AcDbLine
 10
112.57418
 20
42.405199
 30
0.0
 11
106.27418
 21
42.405199
 31
0.0
  0
ELLIPSE
  5
F02
330
70
100
AcDbEntity
  8
Visible
100
AcDbEllipse
 10
112.57418
 20
42.617726
 30
0.0
 11
-1.400000014640128
 21
1.021035e-10
 31
0.0
 40
0.111856308939975
 41
4.678217508778488
 42
4.712388980392847
  0
ELLIPSE
  5
F03
330
70
100
AcDbEntity
  8
Visible
100
AcDbEllipse
 10
112.57418
 20
42.617726
 30
0.0
 11
-1.399999999999635
 21
1.1842e-12
 31
0.0
 40
0.1118563101102754
 41
3.141592653597355
 42
4.255878133390347
  0
LINE
  5
F04
330
70
100
AcDbEntity
  8
Visible
100
AcDbLine
 10
113.97418
 20
42.617726
 30
0.0
 11
113.97418
 21
42.561798
 31
0.0
  0
LINE
  5
F05
330
70
100
AcDbEntity
  8
Visible
100
AcDbLine
 10
109.490249
 20
42.774325
 30
0.0
 11
112.57418
 21
42.774325
 31
0.0
  0
ELLIPSE
  5
F06
330
70
100
AcDbEntity
  8
Visible
100
AcDbEllipse
 10
106.27418
 20
42.561798
 30
0.0
 11
-1.40000000001279
 21
2.7012e-12
 31
0.0
 40
0.1118563101086608
 41
0.5911521629721466
 42
1.570796326795112
  0
LINE
  5
F07
330
70
100
AcDbEntity
  8
Visible
100
AcDbLine
 10
122.05418
 20
34.807746
 30
0.0
 11
121.24818
 21
34.807746
 31
0.0
  0
LINE
  5
F08
330
70
100
AcDbEntity
  8
Visible
100
AcDbLine
 10
83.572368
 20
23.307746
 30
0.0
 11
83.55418
 21
23.307746
 31
0.0
  0
LINE
  5
F09
330
70
100
AcDbEntity
  8
Visible
100
AcDbLine
 10
138.55418
 20
23.307746
 30
0.0
 11
138.535992
 21
23.307746
 31
0.0
  0
LINE
  5
F0A
330
70
100
AcDbEntity
  8
Visible
100
AcDbLine
 10
96.85418
 20
37.807746
 30
0.0
 11
94.85418
 21
37.807746
 31
0.0
  0
LINE
  5
F0B
330
70
100
AcDbEntity
  8
Visible
100
AcDbLine
 10
135.885505
 20
31.807746
 30
0.0
 11
135.879831
 21
31.807746
 31
0.0
  0
SPLINE
  5
F0C
330
70
100
AcDbEntity
  8
Visible
100
AcDbSpline
 70
8
 71
3
 72
38
 73
34
 74
0
 42
1e-09
 40
-1.547018293517538
 40
-1.547018293517538
 40
-1.547018293517538
 40
-1.547018293517538
 40
-1.509587241575389
 40
-1.509587241575389
 40
-1.463223290284145
 40
-1.463223290284145
 40
-1.395361801086713
 40
-1.395361801086713
 40
-1.280762543712883
 40
-1.280762543712883
 40
-1.090446190954677
 40
-1.090446190954677
 40
-0.6906105286742951
 40
-0.6906105286742951
 40
-0.3812068699708251
 40
-0.3812068699708251
 40
0.072084820258208
 40
0.072084820258208
 40
0.482781429296455
 40
0.482781429296455
 40
0.9736239523981103
 40
0.9736239523981103
 40
1.260321122957635
 40
1.260321122957635
 40
1.361635022005416
 40
1.361635022005416
 40
1.431301413152598
 40
1.431301413152598
 40
1.47547525225879
 40
1.47547525225879
 40
1.536604595921137
 40
1.536604595921137
 40
1.54701829351716
 40
1.54701829351716
 40
1.54701829351716
 40
1.54701829351716
 10
83.85876785980508
 20
26.24071812971124
 30
0.0
 10
84.30493842463329
 20
28.33978560296964
 30
0.0
 10
85.05976174195348
 20
30.20144150404849
 30
0.0
 10
86.9247248043248
 20
33.60626635684821
 30
0.0
 10
88.05561961484455
 20
34.98891560575612
 30
0.0
 10
90.56236564243225
 20
37.586145729294
 30
0.0
 10
91.82628825790925
 20
38.47051156556336
 30
0.0
 10
94.60896596099701
 20
40.22699222820847
 30
0.0
 10
95.77617925103732
 20
40.68073164205816
 30
0.0
 10
98.28114842088144
 20
41.61983780295122
 30
0.0
 10
99.23942943105612
 20
41.82966936098455
 30
0.0
 10
101.8602263781613
 20
42.39244110015351
 30
0.0
 10
103.0696077352168
 20
42.51737235312975
 30
0.0
 10
105.3399516954032
 20
42.72728848390943
 30
0.0
 10
106.3198357081273
 20
42.79024223866872
 30
0.0
 10
108.7797871674593
 20
42.9005615123151
 30
0.0
 10
110.2752042353586
 20
42.92556687110482
 30
0.0
 10
113.1159973209178
 20
42.90261490785269
 30
0.0
 10
114.4552025862904
 20
42.86153345602724
 30
0.0
 10
117.3401070167201
 20
42.69234475650409
 30
0.0
 10
118.7997981072549
 20
42.57576401273763
 30
0.0
 10
121.6746986059715
 20
42.10272040223389
 30
0.0
 10
122.757515538593
 20
41.95819610279613
 30
0.0
 10
125.6696727350045
 20
40.94266331929975
 30
0.0
 10
126.5813821335268
 20
40.59994148751866
 30
0.0
 10
128.7195865585963
 20
39.47286740454547
 30
0.0
 10
129.7684727134292
 20
38.86624855908849
 30
0.0
 10
131.9096460871296
 20
37.1599818344439
 30
0.0
 10
132.8509553579679
 20
36.31591118273354
 30
0.0
 10
135.2538196876667
 20
33.50397506041736
 30
0.0
 10
136.8302728803155
 20
31.14500122007121
 30
0.0
 10
137.9775475247515
 20
27.39215908246843
 30
0.0
 10
138.125463601189
 20
26.82469995137945
 30
0.0
 10
138.2495927692798
 20
26.24071812971124
 30
0.0
  0
LINE
  5
F0D
330
70
100
AcDbEntity
  8
Visible
100
AcDbLine
 10
84.55418
 20
23.307746
 30
0.0
 11
84.55418
 21
21.807746
 31
0.0
  0
LINE
  5
F0E
330
70
100
AcDbEntity
  8
Visible
100
AcDbLine
 10
137.55418
 20
23.307746
 30
0.0
 11
137.55418
 21
21.807746
 31
0.0
  0
LINE
  5
F0F
330
70
100
AcDbEntity
  8
Visible
100
AcDbLine
 10
138.55418
 20
23.307746
 30
0.0
 11
138.55418
 21
23.966913
 31
0.0
  0
LINE
  5
F10
330
70
100
AcDbEntity
  8
Visible
100
AcDbLine
 10
83.55418
 20
23.307746
 30
0.0
 11
83.55418
 21
23.966913
 31
0.0
  0
LINE
  5
F11
330
70
100
AcDbEntity
  8
Visible
100
AcDbLine
 10
121.24818
 20
34.807746
 30
0.0
 11
121.24818
 21
35.807746
 31
0.0
  0
ARC
  5
F12
330
70
100
AcDbEntity
  8
Visible
100
AcDbCircle
 10
-91.55418
 20
23.966913
 30
0.0
 40
8.0
210
0.0
220
0.0
230
-1.0
100
AcDbArc
 50
0.0
 51
12.0
  0
LINE
  5
F13
330
70
100
AcDbEntity
  8
Visible
100
AcDbLine
 10
83.858768
 20
26.240718
 30
0.0
 11
83.729
 21
25.630206
 31
0.0
  0
LINE
  5
F14
330
70
100
AcDbEntity
  8
Visible
100
AcDbLine
 10
138.249593
 20
26.240718
 30
0.0
 11
138.379361
 21
25.630206
 31
0.0
  0
ARC
  5
F15
330
70
100
AcDbEntity
  8
Visible
100
AcDbCircle
 10
-130.55418
 20
23.966913
 30
0.0
 40
8.0
210
0.0
220
0.0
230
-1.0
100
AcDbArc
 50
168.0
 51
180.0
  0
LINE
  5
F16
330
70
100
AcDbEntity
  8
Visible
100
AcDbLine
 10
242.286718
 20
175.883797
 30
0.0
 11
243.580094
 21
175.361239
 31
0.0
210
-0.3473292285762451
220
0.140330141690146
230
0.9271838319933401
  0
LINE
  5
F17
330
70
100
AcDbEntity
  8
Visible
100
AcDbLine
 10
242.286718
 20
175.883797
 30
0.0
 11
200.456195
 21
192.784429
 31
0.0
210
-0.3473292285762451
220
0.140330141690146
230
0.9271838319933401
  0
LINE
  5
F18
330
70
100
AcDbEntity
  8
Visible
100
AcDbLine
 10
255.093886
 20
170.709365
 30
0.0
 11
252.94121
 21
171.579102
 31
0.0
210
-0.3473292285762451
220
0.140330141690146
230
0.9271838319933401
  0
LINE
  5
F19
330
70
100
AcDbEntity
  8
Visible
100
AcDbLine
 10
252.3793
 20
170.188326
 30
0.0
 11
252.94121
 21
171.579102
 31
0.0
210
-0.3473292285762451
220
0.140330141690146
230
0.9271838319933401
  0
LINE
  5
F1A
330
70
100
AcDbEntity
  8
Visible
100
AcDbLine
 10
243.580094
 20
175.361239
 30
0.0
 11
244.045774
 21
175.173092
 31
0.0
210
-0.3473292285762451
220
0.140330141690146
230
0.9271838319933401
  0
LINE
  5
F1B
330
70
100
AcDbEntity
  8
Visible
100
AcDbLine
 10
244.045774
 20
175.173092
 30
0.0
 11
246.178512
 21
174.31141
 31
0.0
210
-0.3473292285762451
220
0.140330141690146
230
0.9271838319933401
  0
LINE
  5
F1C
330
70
100
AcDbEntity
  8
Visible
100
AcDbLine
 10
246.178512
 20
174.31141
 30
0.0
 11
252.080904
 21
171.926689
 31
0.0
210
-0.3473292285762451
220
0.140330141690146
230
0.9271838319933401
  0
LINE
  5
F1D
330
70
100
AcDbEntity
  8
Visible
100
AcDbLine
 10
252.080904
 20
171.926689
 30
0.0
 11
252.94121
 21
171.579102
 31
0.0
210
-0.3473292285762451
220
0.140330141690146
230
0.9271838319933401
  0
SPLINE
  5
F1E
330
70
100
AcDbEntity
  8
Visible
100
AcDbSpline
210
6.8542e-12
220
-5.5097e-12
230
-1.0
 70
8
 71
3
 72
8
 73
4
 74
0
 42
1e-09
 40
-0.3168649153563244
 40
-0.3168649153563244
 40
-0.3168649153563244
 40
-0.3168649153563244
 40
0.0
 40
0.0
 40
0.0
 40
0.0
 10
248.4463344318829
 20
165.8454068763749
 30
0.0
 10
249.150403078278
 20
166.6117878938394
 30
0.0
 10
249.794543916445
 20
167.4400757840767
 30
4.547e-13
 10
250.370475333446
 20
168.3216190860694
 30
-4.547e-13
  0
SPLINE
  5
F1F
330
70
100
AcDbEntity
  8
Visible
100
AcDbSpline
210
-7.639e-13
220
7.707e-13
230
-1.0
 70
8
 71
3
 72
8
 73
4
 74
0
 42
1e-09
 40
-0.6594785114137002
 40
-0.6594785114137002
 40
-0.6594785114137002
 40
-0.6594785114137002
 40
-0.0577630735535753
 40
-0.0577630735535753
 40
-0.0577630735535753
 40
-0.0577630735535753
 10
251.8963410701181
 20
167.2540221853596
 30
0.0
 10
250.8026966009111
 20
165.5799713153628
 30
-4.547e-13
 10
249.4862363807278
 20
164.0766067299619
 30
0.0
 10
247.9915023490485
 20
162.7935666912662
 30
-4.547e-13
  0
LINE
  5
F20
330
70
100
AcDbEntity
  8
Visible
100
AcDbLine
 10
252.219165
 20
167.748172
 30
0.0
 11
251.896341
 21
167.254022
 31
0.0
210
-0.3473292285762451
220
0.140330141690146
230
0.9271838319933401
  0
ARC
  5
F21
330
70
100
AcDbEntity
  8
Visible
100
AcDbCircle
 10
245.03116
 20
172.44375
 30
0.0
 40
8.58579389136481
100
AcDbArc
 50
326.845346
 51
338.015373
  0
LINE
  5
F22
330
70
100
AcDbEntity
  8
Visible
100
AcDbLine
 10
253.239561
 20
169.840759
 30
0.0
 11
252.992633
 21
169.229591
 31
0.0
210
-0.3473292285762451
220
0.140330141690146
230
0.9271838319933401
  0
LINE
  5
F23
330
70
100
AcDbEntity
  8
Visible
100
AcDbLine
 10
253.239561
 20
169.840759
 30
0.0
 11
252.3793
 21
170.188326
 31
0.0
210
-0.3473292285762451
220
0.140330141690146
230
0.9271838319933401
  0
LINE
  5
F24
330
70
100
AcDbEntity
  8
Visible
100
AcDbLine
 10
251.272066
 20
169.924745
 30
0.0
 11
252.080904
 21
171.926689
 31
0.0
210
-0.3473292285762451
220
0.140330141690146
230
0.9271838319933401
  0
ARC
  5
F25
330
70
100
AcDbEntity
  8
Visible
100
AcDbCircle
 10
245.301568
 20
172.335122
 30
0.0
 40
6.438692455740183
100
AcDbArc
 50
326.844176
 51
338.015351
  0
LINE
  5
F26
330
70
100
AcDbEntity
  8
Visible
100
AcDbLine
 10
250.370475
 20
168.321619
 30
0.0
 11
250.691953
 21
168.813686
 31
0.0
210
-0.3473292285762451
220
0.140330141690146
230
0.9271838319933401
  0
LINE
  5
F27
330
70
100
AcDbEntity
  8
Visible
100
AcDbLine
 10
248.446334
 20
165.845407
 30
0.0
 11
240.529069
 21
169.04419
 31
0.0
210
-0.3473292285762451
220
0.140330141690146
230
0.9271838319933401
  0
ARC
  5
F28
330
70
100
AcDbEntity
  8
Visible
100
AcDbCircle
 10
-219.025351
 20
177.425334
 30
0.0
 40
2.100000000001142
210
-2e-16
220
1e-16
230
-1.0
100
AcDbArc
 50
292.000003
 51
112.000003
  0
ARC
  5
F29
330
70
100
AcDbEntity
  8
Visible
100
AcDbCircle
 10
222.734087
 20
175.926907
 30
0.0
 40
2.100000000000575
100
AcDbArc
 50
247.999997
 51
67.999997
  0
SPLINE
  5
F2A
330
70
100
AcDbEntity
  8
Visible
100
AcDbSpline
 70
24
 71
3
 72
10
 73
6
 74
0
 42
1e-09
 40
-11.90504263355285
 40
-11.90504263355285
 40
-11.90504263355285
 40
-11.90504263355285
 40
-11.84730496714859
 40
-11.84730496714859
 40
-11.50336830143991
 40
-11.50336830143991
 40
-11.50336830143991
 40
-11.50336830143991
 10
219.8120253702327
 20
179.3724196930398
 30
0.0
 10
219.990105902054
 20
179.3004704753893
 30
4.547e-13
 10
220.1683693172017
 20
179.2284473680538
 30
0.0
 10
221.4095441783211
 20
178.7269800863141
 30
-4.547e-13
 10
222.4701485593141
 20
178.2984680268282
 30
-4.547e-13
 10
223.5207606982076
 20
177.8739930958927
 30
0.0
  0
SPLINE
  5
F2B
330
70
100
AcDbEntity
  8
Visible
100
AcDbSpline
 70
24
 71
3
 72
10
 73
6
 74
0
 42
1e-09
 40
-3.45813397092988
 40
-3.45813397092988
 40
-3.45813397092988
 40
-3.45813397092988
 40
-3.437157221495094
 40
-3.437157221495094
 40
-3.056165101685999
 40
-3.056165101685999
 40
-3.056165101685999
 40
-3.056165101685999
 10
221.9474127712019
 20
173.9798210015196
 30
0.0
 10
221.8831546298334
 20
174.00578298036
 30
0.0
 10
221.8188421613868
 20
174.0317669087999
 30
0.0
 10
220.5854476876484
 20
174.5300907094452
 30
0.0
 10
219.4091347852809
 20
175.0053520542115
 30
0.0
 10
218.238677443227
 20
175.4782475986658
 30
4.547e-13
  0
ELLIPSE
  5
F2C
330
70
100
AcDbEntity
  8
Visible
100
AcDbEllipse
 10
222.543244
 20
161.476714
 30
0.0
 11
-1.275831049644767
 21
0.5794254282161344
 31
-1e-16
210
-3e-16
220
-5e-16
230
1.0
 40
0.1035276168774018
 41
-1.182438749958028
 42
0.3883575768287768
  0
LINE
  5
F2D
330
70
100
AcDbEntity
  8
Visible
100
AcDbLine
 10
222.115646
 20
161.818372
 30
0.0
 11
227.531566
 21
159.630197
 31
0.0
210
-0.3473292285762451
220
0.140330141690146
230
0.9271838319933401
  0
ELLIPSE
  5
F2E
330
70
100
AcDbEntity
  8
Visible
100
AcDbEllipse
 10
222.695957
 20
161.354693
 30
0.0
 11
-1.275831017978891
 21
0.5794254169062004
 31
-1e-16
210
1e-16
220
3e-16
230
1.0
 40
0.103527618960948
 41
1.924982440708817
 42
1.959153913621247
  0
ELLIPSE
  5
F2F
330
70
100
AcDbEntity
  8
Visible
100
AcDbEllipse
 10
222.695957
 20
161.354693
 30
0.0
 11
-1.275831049644799
 21
0.5794254282133685
 31
-1e-16
210
1e-16
220
3e-16
230
1.0
 40
0.103527616877196
 41
0.3883575768242331
 42
1.502643056635643
  0
ARC
  5
F30
330
70
100
AcDbEntity
  8
Visible
100
AcDbCircle
 10
228.031732
 20
173.101428
 30
0.0
 40
13.0468790149812
100
AcDbArc
 50
245.151776
 51
247.705569
  0
LINE
  5
F31
330
70
100
AcDbEntity
  8
Visible
100
AcDbLine
 10
221.49242
 20
161.840954
 30
0.0
 11
221.339706
 21
161.962974
 31
0.0
210
-0.3473292285762451
220
0.140330141690146
230
0.9271838319933401
  0
SPLINE
  5
F32
330
70
100
AcDbEntity
  8
Visible
100
AcDbSpline
210
-5.0688e-12
220
-1.78753e-11
230
-1.0
 70
8
 71
3
 72
16
 73
12
 74
0
 42
1e-09
 40
-0.3371795175124628
 40
-0.3371795175124628
 40
-0.3371795175124628
 40
-0.3371795175124628
 40
-0.3082283618132036
 40
-0.3082283618132036
 40
-0.2790806313408731
 40
-0.2790806313408731
 40
-0.223921669296265
 40
-0.223921669296265
 40
-0.1680281875956449
 40
-0.1680281875956449
 40
-0.1161870512285302
 40
-0.1161870512285302
 40
-0.1161870512285302
 40
-0.1161870512285302
 10
228.5539373144093
 20
158.8606547135041
 30
0.0
 10
228.6380565875607
 20
158.8301593246506
 30
4.547e-13
 10
228.7187863102044
 20
158.8019512106893
 30
4.547e-13
 10
228.8713254436043
 20
158.7505870386312
 30
-4.547e-13
 10
228.9426606549205
 20
158.727603703689
 30
-4.547e-13
 10
229.1305738074243
 20
158.6700029452067
 30
4.547e-13
 10
229.2289127658369
 20
158.6438143345585
 30
4.547e-13
 10
229.3661130918936
 20
158.6170116629118
 30
-9.095e-13
 10
229.4028228410225
 20
158.6170098510083
 30
-4.547e-13
 10
229.4075625139703
 20
158.6440353139214
 30
-4.547e-13
 10
229.3803450344331
 20
158.668883695309
 30
-4.547e-13
 10
229.3254423230355
 20
158.7050753696257
 30
-4.547e-13
  0
LINE
  5
F33
330
70
100
AcDbEntity
  8
Visible
100
AcDbLine
 10
225.774719
 20
159.941895
 30
0.0
 11
223.123555
 21
161.013035
 31
0.0
210
-0.3473292285762451
220
0.140330141690146
230
0.9271838319933401
  0
ARC
  5
F34
330
70
100
AcDbEntity
  8
Visible
100
AcDbCircle
 10
252.711017
 20
225.066454
 30
0.0
 40
70.47533189535989
100
AcDbArc
 50
247.529426
 51
249.954056
  0
ELLIPSE
  5
F35
330
70
100
AcDbEntity
  8
Visible
100
AcDbEllipse
 10
227.959164
 20
159.288539
 30
0.0
 11
-1.275831049583614
 21
0.5794254281849475
 31
-1e-16
210
-3e-16
220
-5e-16
230
1.0
 40
0.1035276168829128
 41
4.121102393349231
 42
5.10074655724077
  0
ARC
  5
F36
330
70
100
AcDbEntity
  8
Visible
100
AcDbCircle
 10
-226.753121
 20
155.205066
 30
0.0
 40
4.341338658170034
210
-1e-16
220
1e-16
230
-1.0
100
AcDbArc
 50
116.942323
 51
123.783804
  0
SPLINE
  5
F37
330
70
100
AcDbEntity
  8
Visible
100
AcDbSpline
210
7.61508e-11
220
1.155329e-10
230
-1.0
 70
8
 71
3
 72
8
 73
4
 74
0
 42
1e-09
 40
-0.2408400762040099
 40
-0.2408400762040099
 40
-0.2408400762040099
 40
-0.2408400762040099
 40
-0.1906281416699138
 40
-0.1906281416699138
 40
-0.1906281416699138
 40
-0.1906281416699138
 10
229.1671684878729
 20
158.8133339489977
 30
0.0
 10
229.219410734273
 20
158.776327897448
 30
-4.547e-13
 10
229.2721143904473
 20
158.7402252286165
 30
-4.547e-13
 10
229.3254423230355
 20
158.7050753696257
 30
-4.547e-13
  0
SPLINE
  5
F38
330
70
100
AcDbEntity
  8
Visible
100
AcDbSpline
210
6e-15
220
-8.208e-13
230
1.0
 70
8
 71
3
 72
26
 73
22
 74
0
 42
1e-09
 40
-0.6698291539683742
 40
-0.6698291539683742
 40
-0.6698291539683742
 40
-0.6698291539683742
 40
-0.627874554737129
 40
-0.627874554737129
 40
-0.5703263373472665
 40
-0.5703263373472665
 40
-0.4851800237508223
 40
-0.4851800237508223
 40
-0.3903462187193853
 40
-0.3903462187193853
 40
-0.3018721778793296
 40
-0.3018721778793296
 40
-0.2247009672163269
 40
-0.2247009672163269
 40
-0.1463738387306046
 40
-0.1463738387306046
 40
-0.0865704279529734
 40
-0.0865704279529734
 40
-0.0415633769895929
 40
-0.0415633769895929
 40
0.0
 40
0.0
 40
0.0
 40
0.0
 10
237.4860142097186
 20
158.9398841845695
 30
0.0
 10
237.5355355583906
 20
158.9013435026691
 30
0.0
 10
237.569743078333
 20
158.8614303515014
 30
0.0
 10
237.6151177551492
 20
158.765363751324
 30
0.0
 10
237.6127000981869
 20
158.7093583265759
 30
-4.547e-13
 10
237.5420731808372
 20
158.5745262881928
 30
-4.547e-13
 10
237.4435370661958
 20
158.4987322992383
 30
0.0
 10
237.1404434338856
 20
158.3602363255832
 30
-4.547e-13
 10
236.9262686371349
 20
158.3005750161083
 30
-4.547e-13
 10
236.4386368845881
 20
158.2219631871721
 30
-4.547e-13
 10
236.1716112346021
 20
158.2008148189134
 30
-4.547e-13
 10
235.6399420685393
 20
158.1977826896491
 30
4.547e-13
 10
235.3823114233692
 20
158.2112506291569
 30
4.547e-13
 10
234.8673540060226
 20
158.2679804503896
 30
0.0
 10
234.6156846657559
 20
158.3110575206028
 30
0.0
 10
234.2100640689078
 20
158.4070335291162
 30
4.547e-13
 10
234.0504924138113
 20
158.454360209289
 30
0.0
 10
233.8084649317934
 20
158.5434056805024
 30
0.0
 10
233.7178774380664
 20
158.5831793728775
 30
0.0
 10
233.5723697150442
 20
158.6607411713175
 30
0.0
 10
233.5158051999788
 20
158.6981520657309
 30
0.0
 10
233.4731774794272
 20
158.7351087978559
 30
0.0
  0
ARC
  5
F39
330
70
100
AcDbEntity
  8
Visible
100
AcDbCircle
 10
-203.006255
 20
159.298005
 30
0.0
 40
11.59605376622889
210
-1e-16
220
1e-16
230
-1.0
100
AcDbArc
 50
132.079632
 51
132.782669
  0
LINE
  5
F3A
330
70
100
AcDbEntity
  8
Visible
100
AcDbLine
 10
247.991502
 20
162.793567
 30
0.0
 11
246.921533
 21
163.225862
 31
0.0
210
-0.3473292285762451
220
0.140330141690146
230
0.9271838319933401
  0
LINE
  5
F3B
330
70
100
AcDbEntity
  8
Visible
100
AcDbLine
 10
243.694845
 20
173.157807
 30
0.0
 11
242.348153
 21
173.701906
 31
0.0
210
-0.3473292285762451
220
0.140330141690146
230
0.9271838319933401
  0
LINE
  5
F3C
330
70
100
AcDbEntity
  8
Visible
100
AcDbLine
 10
242.278469
 20
173.730061
 30
0.0
 11
198.783823
 21
191.303041
 31
0.0
210
-0.3473292285762451
220
0.140330141690146
230
0.9271838319933401
  0
LINE
  5
F3D
330
70
100
AcDbEntity
  8
Visible
100
AcDbLine
 10
242.348153
 20
173.701906
 30
0.0
 11
242.278469
 21
173.730061
 31
0.0
210
-0.3473292285762451
220
0.140330141690146
230
0.9271838319933401
  0
LINE
  5
F3E
330
70
100
AcDbEntity
  8
Visible
100
AcDbLine
 10
243.580094
 20
175.361239
 30
0.0
 11
242.830881
 21
173.506872
 31
0.0
210
-0.3473292285762451
220
0.140330141690146
230
0.9271838319933401
  0
ARC
  5
F3F
330
70
100
AcDbEntity
  8
Visible
100
AcDbCircle
 10
235.851283
 20
176.473145
 30
0.0
 40
8.515452315899028
100
AcDbArc
 50
320.626392
 51
337.087066
  0
SPLINE
  5
F40
330
70
100
AcDbEntity
  8
Visible
100
AcDbSpline
210
-1.8462e-12
220
1.6671e-12
230
-1.0
 70
8
 71
3
 72
8
 73
4
 74
0
 42
1e-09
 40
-0.5430425394008283
 40
-0.5430425394008283
 40
-0.5430425394008283
 40
-0.5430425394008283
 40
-0.1470207714338012
 40
-0.1470207714338012
 40
-0.1470207714338012
 40
-0.1470207714338012
 10
239.6896346869707
 20
168.3048090699531
 30
4.547e-13
 10
240.6846870711415
 20
169.1339814320572
 30
0.0
 10
241.6036852544512
 20
170.0608251122239
 30
0.0
 10
242.4339475346351
 20
171.0711588677295
 30
0.0
  0
LINE
  5
F41
330
70
100
AcDbEntity
  8
Visible
100
AcDbLine
 10
253.239561
 20
169.840759
 30
0.0
 11
255.45916
 21
168.943982
 31
0.0
210
-0.3473292285762451
220
0.140330141690146
230
0.9271838319933401
  0
SPLINE
  5
F42
330
70
100
AcDbEntity
  8
Visible
100
AcDbSpline
210
-7.371e-13
220
-6.4212e-12
230
-1.0
 70
8
 71
3
 72
18
 73
14
 74
0
 42
1e-09
 40
-0.1507513167259532
 40
-0.1507513167259532
 40
-0.1507513167259532
 40
-0.1507513167259532
 40
-0.1232011791790764
 40
-0.1232011791790764
 40
-0.0959916996539942
 40
-0.0959916996539942
 40
-0.0766265308495953
 40
-0.0766265308495953
 40
-0.0583923906967962
 40
-0.0583923906967962
 40
-0.0358126454544263
 40
-0.0358126454544263
 40
0.0
 40
0.0
 40
0.0
 40
0.0
 10
224.8074731496472
 20
164.8463454973398
 30
0.0
 10
224.7658144627985
 20
164.8352342270427
 30
4.547e-13
 10
224.7141142335349
 20
164.8274406594891
 30
4.547e-13
 10
224.5943119782478
 20
164.8193395407934
 30
0.0
 10
224.5267383643495
 20
164.8189647941799
 30
4.547e-13
 10
224.4001379558322
 20
164.8249032965859
 30
0.0
 10
224.3444632934607
 20
164.8293086970861
 30
-4.547e-13
 10
224.2317861362681
 20
164.841608038173
 30
4.547e-13
 10
224.1752437749656
 20
164.8492620803344
 30
0.0
 10
224.0458236857412
 20
164.8700231298089
 30
-4.547e-13
 10
223.9726694483143
 20
164.8839314388042
 30
0.0
 10
223.7827624861402
 20
164.9254684565567
 30
4.547e-13
 10
223.6673457078268
 20
164.9559815844559
 30
0.0
 10
223.5582268376584
 20
164.989743904026
 30
0.0
  0
SPLINE
  5
F43
330
70
100
AcDbEntity
  8
Visible
100
AcDbSpline
 70
8
 71
3
 72
34
 73
30
 74
0
 42
1e-09
 40
-0.4921352987671554
 40
-0.4921352987671554
 40
-0.4921352987671554
 40
-0.4921352987671554
 40
-0.464993545740432
 40
-0.464993545740432
 40
-0.4361955838853715
 40
-0.4361955838853715
 40
-0.4055137100291553
 40
-0.4055137100291553
 40
-0.3722434646491204
 40
-0.3722434646491204
 40
-0.3344870144297601
 40
-0.3344870144297601
 40
-0.2920140524692511
 40
-0.2920140524692511
 40
-0.2506820150340101
 40
-0.2506820150340101
 40
-0.2119906477043669
 40
-0.2119906477043669
 40
-0.1756532970747063
 40
-0.1756532970747063
 40
-0.1395821381176905
 40
-0.1395821381176905
 40
-0.1094919822822242
 40
-0.1094919822822242
 40
-0.0789048356256477
 40
-0.0789048356256477
 40
-0.0421497931815603
 40
-0.0421497931815603
 40
0.0
 40
0.0
 40
0.0
 40
0.0
 10
223.5582268376584
 20
164.989743904026
 30
0.0
 10
223.4756153885792
 20
165.0153045988891
 30
0.0
 10
223.3977644687457
 20
165.0424871217528
 30
0.0
 10
223.2514793924729
 20
165.100032117647
 30
0.0
 10
223.1848694322907
 20
165.1301041493488
 30
0.0
 10
223.0692739616061
 20
165.190966817724
 30
0.0
 10
223.0225326458985
 20
165.2212452132335
 30
4.547e-13
 10
222.9547556581601
 20
165.2798894921989
 30
0.0
 10
222.9367196592957
 20
165.3074440868931
 30
0.0
 10
222.9355637115296
 20
165.3582099860768
 30
0.0
 10
222.9574800997943
 20
165.3799211319174
 30
0.0
 10
223.0484941525901
 20
165.4137643416561
 30
0.0
 10
223.1223108438426
 20
165.4240791388629
 30
4.547e-13
 10
223.3090664246774
 20
165.4292910820814
 30
0.0
 10
223.4194880483992
 20
165.4245612983113
 30
4.547e-13
 10
223.6565804726433
 20
165.4017569380257
 30
0.0
 10
223.7801448558112
 20
165.384699753642
 30
-4.547e-13
 10
224.024762131181
 20
165.3408316424438
 30
-9.095e-13
 10
224.143676338419
 20
165.3149920793412
 30
-4.547e-13
 10
224.3698828638717
 20
165.2558598173464
 30
-4.547e-13
 10
224.4750752678592
 20
165.2231780766997
 30
0.0
 10
224.6445427276667
 20
165.1595665007862
 30
-4.547e-13
 10
224.7113911883498
 20
165.129736925739
 30
-4.547e-13
 10
224.8211992687739
 20
165.0696177710642
 30
0.0
 10
224.8628814079784
 20
165.0398037350578
 30
-4.547e-13
 10
224.9223739776553
 20
164.9774458510583
 30
-4.547e-13
 10
224.9331216278733
 20
164.9461586191028
 30
0.0
 10
224.9107412285139
 20
164.8881599847691
 30
0.0
 10
224.87116976584
 20
164.8633347587165
 30
-4.547e-13
 10
224.8074731496472
 20
164.8463454973398
 30
0.0
  0
ARC
  5
F44
330
70
100
AcDbEntity
  8
Visible
100
AcDbCircle
 10
248.327583
 20
211.062629
 30
0.0
 40
57.20611304991179
100
AcDbArc
 50
227.441849
 51
228.974662
  0
SPLINE
  5
F45
330
70
100
AcDbEntity
  8
Visible
100
AcDbSpline
210
-2.67e-14
220
1.176e-12
230
1.0
 70
8
 71
3
 72
25
 73
21
 74
0
 42
1e-09
 40
-0.6157333337158813
 40
-0.6157333337158813
 40
-0.6157333337158813
 40
-0.6157333337158813
 40
-0.554133376007114
 40
-0.554133376007114
 40
-0.4780875705504199
 40
-0.4780875705504199
 40
-0.3962726226197954
 40
-0.3962726226197954
 40
-0.3144576746891711
 40
-0.3144576746891711
 40
-0.231642554326809
 40
-0.231642554326809
 40
-0.1488274339644469
 40
-0.1488274339644469
 40
-0.0744137169822234
 40
-0.0744137169822234
 40
0.0
 40
0.0
 40
0.0
 40
0.0043953191575508
 40
0.0043953191575508
 40
0.0043953191575508
 40
0.0043953191575508
 10
233.4731774794272
 20
158.7351087978559
 30
0.0
 10
233.4086213108094
 20
158.7910767220055
 30
4.547e-13
 10
233.3743563765274
 20
158.8465065923201
 30
0.0
 10
233.3782335070791
 20
158.9590519121457
 30
0.0
 10
233.4362069270574
 20
159.0136582149271
 30
0.0
 10
233.6338803897779
 20
159.1046861542036
 30
-4.547e-13
 10
233.7937091016793
 20
159.1462134058711
 30
-4.547e-13
 10
234.1976777382788
 20
159.2113751267616
 30
0.0
 10
234.4417231526804
 20
159.2353518022628
 30
0.0
 10
234.9392910071347
 20
159.2662840007706
 30
-4.547e-13
 10
235.2290762987577
 20
159.2753192103018
 30
-4.547e-13
 10
235.814868691039
 20
159.2721384810029
 30
-4.547e-13
 10
236.1108699989982
 20
159.2596764151058
 30
0.0
 10
236.6058984373449
 20
159.2132771890437
 30
0.0
 10
236.8403028735702
 20
159.1786638787371
 30
0.0
 10
237.2256648236708
 20
159.0819413606277
 30
0.0
 10
237.3763423219643
 20
159.0193731890486
 30
-4.547e-13
 10
237.4698995946874
 20
158.9519473633691
 30
4.547e-13
 10
237.4754256467368
 20
158.947964790862
 30
0.0
 10
237.4807986861215
 20
158.9439432387234
 30
-4.547e-13
 10
237.4860142097186
 20
158.9398841845695
 30
0.0
  0
LINE
  5
F46
330
70
100
AcDbEntity
  8
Visible
100
AcDbLine
 10
245.706738
 20
163.716672
 30
0.0
 11
246.921533
 21
163.225862
 31
0.0
210
-0.3473292285762451
220
0.140330141690146
230
0.9271838319933401
  0
ELLIPSE
  5
F47
330
70
100
AcDbEntity
  8
Visible
100
AcDbEllipse
 10
234.737026
 20
179.361602
 30
0.0
 11
6.369658435867354
 21
19.09603553413204
 31
1.7e-15
210
1e-16
220
-1e-16
230
1.0
 40
0.9244279779245897
 41
4.112173286008113
 42
4.224664465372585
  0
LINE
  5
F48
330
70
100
AcDbEntity
  8
Visible
100
AcDbLine
 10
242.943048
 20
166.990345
 30
0.0
 11
247.346703
 21
165.211152
 31
0.0
210
-0.3473292285762451
220
0.140330141690146
230
0.9271838319933401
  0
LINE
  5
F49
330
70
100
AcDbEntity
  8
Visible
100
AcDbLine
 10
242.943048
 20
166.990345
 30
0.0
 11
239.689635
 21
168.304809
 31
0.0
210
-0.3473292285762451
220
0.140330141690146
230
0.9271838319933401
  0
LINE
  5
F4A
330
70
100
AcDbEntity
  8
Visible
100
AcDbLine
 10
254.531976
 20
169.318589
 30
0.0
 11
255.093886
 21
170.709365
 31
0.0
210
-0.3473292285762451
220
0.140330141690146
230
0.9271838319933401
  0
SPLINE
  5
F4B
330
70
100
AcDbEntity
  8
Visible
100
AcDbSpline
210
9.8e-15
220
-1.84e-14
230
1.0
 70
8
 71
3
 72
28
 73
24
 74
0
 42
1e-09
 40
-1.164874828400223
 40
-1.164874828400223
 40
-1.164874828400223
 40
-1.164874828400223
 40
-1.130782316241403
 40
-1.130782316241403
 40
-1.089524909823568
 40
-1.089524909823568
 40
-1.030407644629209
 40
-1.030407644629209
 40
-0.9314719074135771
 40
-0.9314719074135771
 40
-0.7638122246458279
 40
-0.7638122246458279
 40
-0.4650751460532174
 40
-0.4650751460532174
 40
0.0884634226230152
 40
0.0884634226230152
 40
0.5140565042059191
 40
0.5140565042059191
 40
0.9216699867437688
 40
0.9216699867437688
 40
1.428237498516163
 40
1.428237498516163
 40
1.602818014980939
 40
1.602818014980939
 40
1.602818014980939
 40
1.602818014980939
 10
253.8968199375467
 20
166.0700087400973
 30
0.0
 10
252.6979075249128
 20
164.2925482234996
 30
4.547e-13
 10
251.2824587929845
 20
162.8266786319973
 30
4.547e-13
 10
248.2407501137295
 20
160.3560610544355
 30
-4.547e-13
 10
246.6473037564829
 20
159.488063836985
 30
0.0
 10
243.3116725643686
 20
158.029311236146
 30
-4.547e-13
 10
241.7760337745931
 20
157.6853834293815
 30
4.547e-13
 10
238.4812782592471
 20
157.1255159959628
 30
0.0
 10
237.1970651891752
 20
157.1607795876698
 30
0.0
 10
234.450438020116
 20
157.2770734437581
 30
0.0
 10
233.4894409982898
 20
157.4696306906908
 30
0.0
 10
231.1902705231532
 20
157.9299613232833
 30
-4.547e-13
 10
230.2557460788376
 20
158.2176162163277
 30
0.0
 10
227.6069078772816
 20
159.0607461772861
 30
0.0
 10
226.0557651117215
 20
159.6601908004595
 30
0.0
 10
223.1717271455291
 20
160.8602282489028
 30
0.0
 10
221.9045621936311
 20
161.4224104002087
 30
0.0
 10
219.4700140726963
 20
162.5667594133647
 30
4.547e-13
 10
218.3062180679062
 20
163.1439235901107
 30
-4.547e-13
 10
215.7819656565025
 20
164.4818053567569
 30
-4.547e-13
 10
214.5311728645938
 20
165.1661627753137
 30
-4.547e-13
 10
212.3284399770509
 20
166.6758784969606
 30
-4.547e-13
 10
211.7109719518776
 20
167.1143456624286
 30
-4.547e-13
 10
210.8833967654355
 20
167.8079750350353
 30
4.547e-13
  0
LINE
  5
F4C
330
70
100
AcDbEntity
  8
Visible
100
AcDbLine
 10
200.456195
 20
192.784429
 30
0.0
 11
199.706981
 21
190.930061
 31
0.0
210
-0.3473292285762451
220
0.140330141690146
230
0.9271838319933401
  0
ARC
  5
F4D
330
70
100
AcDbEntity
  8
Visible
100
AcDbCircle
 10
-206.297162
 20
188.551471
 30
0.0
 40
8.001345263265916
210
-1e-16
220
1e-16
230
-1.0
100
AcDbArc
 50
1.435996
 51
20.113981
  0
LINE
  5
F4E
330
70
100
AcDbEntity
  8
Visible
100
AcDbLine
 10
255.45916
 20
168.943982
 30
0.0
 11
255.212232
 21
168.332814
 31
0.0
210
-0.3473292285762451
220
0.140330141690146
230
0.9271838319933401
  0
ARC
  5
F4F
330
70
100
AcDbEntity
  8
Visible
100
AcDbCircle
 10
-218.578021
 20
188.291769
 30
0.0
 40
20.28591206441885
210
-1e-16
220
1e-16
230
-1.0
100
AcDbArc
 50
312.141461
 51
1.300018
  0
LINE
  5
F50
330
70
100
AcDbEntity
  8
Visible
100
AcDbLine
 10
209.6369
 20
168.924988
 30
0.0
 11
207.26234
 21
171.130542
 31
0.0
210
-0.3473292285762451
220
0.140330141690146
230
0.9271838319933401
  0
ARC
  5
F51
330
70
100
AcDbEntity
  8
Visible
100
AcDbCircle
 10
82.967313
 20
-141.345405
 30
0.0
 40
426.4674309947507
210
-1e-16
220
1e-16
230
-1.0
100
AcDbArc
 50
132.466392
 51
132.886132
  0
ARC
  5
F52
330
70
100
AcDbEntity
  8
Visible
100
AcDbCircle
 10
-247.794761
 20
171.329667
 30
0.0
 40
8.0
210
-1e-16
220
1e-16
230
-1.0
100
AcDbArc
 50
202.000003
 51
214.000003
  0
LINE
  5
F53
330
70
100
AcDbEntity
  8
Visible
100
AcDbLine
 10
253.89682
 20
166.070009
 30
0.0
 11
254.427061
 21
166.856124
 31
0.0
210
-0.3473292285762451
220
0.140330141690146
230
0.9271838319933401
  0
LINE
  5
F54
330
70
100
AcDbEntity
  8
Section Lines
370
50
100
AcDbLine
 10
111.05418
 20
150.401747
 30
0.0
 11
111.05418
 21
146.901747
 31
0.0
  0
LINE
  5
F55
330
70
100
AcDbEntity
  8
Section Lines
370
50
100
AcDbLine
 10
111.05418
 20
66.706958
 30
0.0
 11
111.05418
 21
70.206958
 31
0.0
  0
LINE
  5
F56
330
70
100
AcDbEntity
  8
Section Lines
370
25
100
AcDbLine
 10
111.05418
 20
146.901747
 30
0.0
 11
111.05418
 21
70.206958
 31
0.0
  0
LINE
  5
F57
330
70
100
AcDbEntity
  8
Section Lines
100
AcDbLine
 10
107.55418
 20
148.701747
 30
0.0
 11
104.05418
 21
148.701747
 31
0.0
  0
SOLID
  5
F58
330
70
100
AcDbEntity
  8
Section Lines
100
AcDbTrace
 10
107.55418
 20
149.28508
 30
0.0
 11
111.05418
 21
148.701747
 31
0.0
 12
107.55418
 22
148.118414
 32
0.0
 13
107.55418
 23
148.118414
 33
0.0
  0
LINE
  5
F59
330
70
100
AcDbEntity
  8
Section Lines
100
AcDbLine
 10
107.55418
 20
68.406958
 30
0.0
 11
104.05418
 21
68.406958
 31
0.0
  0
SOLID
  5
F5A
330
70
100
AcDbEntity
  8
Section Lines
100
AcDbTrace
 10
107.55418
 20
68.990291
 30
0.0
 11
111.05418
 21
68.406958
 31
0.0
 12
107.55418
 22
67.823625
 32
0.0
 13
107.55418
 23
67.823625
 33
0.0
  0
MTEXT
  5
F5B
330
70
100
AcDbEntity
  8
Section Lines
100
AcDbMText
 10
111.05418
 20
153.551747
 30
0.0
 40
3.5
 41
0.0
 46
0.0
 71
5
 72
5
  1
B
  0
MTEXT
  5
F5C
330
70
100
AcDbEntity
  8
Section Lines
100
AcDbMText
 10
111.05418
 20
63.556958
 30
0.0
 40
3.5
 41
0.0
 46
0.0
 71
5
 72
5
  1
B
  0
LINE
  5
F5D
330
70
100
AcDbEntity
  8
Section Lines
370
50
100
AcDbLine
 10
79.095651
 20
101.556969
 30
0.0
 11
82.595651
 21
101.556969
 31
0.0
  0
LINE
  5
F5E
330
70
100
AcDbEntity
  8
Section Lines
370
50
100
AcDbLine
 10
142.670685
 20
101.556969
 30
0.0
 11
139.170685
 21
101.556969
 31
0.0
  0
LINE
  5
F5F
330
70
100
AcDbEntity
  8
Section Lines
370
25
100
AcDbLine
 10
82.595651
 20
101.556969
 30
0.0
 11
139.170685
 21
101.556969
 31
0.0
  0
LINE
  5
F60
330
70
100
AcDbEntity
  8
Section Lines
100
AcDbLine
 10
80.795651
 20
105.056969
 30
0.0
 11
80.795651
 21
108.556969
 31
0.0
  0
SOLID
  5
F61
330
70
100
AcDbEntity
  8
Section Lines
100
AcDbTrace
 10
81.378984
 20
105.056969
 30
0.0
 11
80.795651
 21
101.556969
 31
0.0
 12
80.212318
 22
105.056969
 32
0.0
 13
80.212318
 23
105.056969
 33
0.0
  0
LINE
  5
F62
330
70
100
AcDbEntity
  8
Section Lines
100
AcDbLine
 10
140.970685
 20
105.056969
 30
0.0
 11
140.970685
 21
108.556969
 31
0.0
  0
SOLID
  5
F63
330
70
100
AcDbEntity
  8
Section Lines
100
AcDbTrace
 10
141.554018
 20
105.056969
 30
0.0
 11
140.970685
 21
101.556969
 31
0.0
 12
140.387351
 22
105.056969
 32
0.0
 13
140.387351
 23
105.056969
 33
0.0
  0
MTEXT
  5
F64
330
70
100
AcDbEntity
  8
Section Lines
100
AcDbMText
 10
76.148584
 20
101.556969
 30
0.0
 40
3.5
 41
0.0
 46
0.0
 71
5
 72
5
  1
C
  0
MTEXT
  5
F65
330
70
100
AcDbEntity
  8
Section Lines
100
AcDbMText
 10
145.617751
 20
101.556969
 30
0.0
 40
3.5
 41
0.0
 46
0.0
 71
5
 72
5
  1
C
  0
ENDSEC
  0
SECTION
  2
OBJECTS
  0
DICTIONARY
  5
C
330
0
100
AcDbDictionary
281
1
  3
ACAD_COLOR
350
63
  3
ACAD_DETAILVIEWSTYLE
350
6A
  3
ACAD_FIELDLIST
350
5ED
  3
ACAD_GROUP
350
D
  3
ACAD_LAYOUT
350
62
  3
ACAD_MATERIAL
350
10
  3
ACAD_MLEADERSTYLE
350
66
  3
ACAD_MLINESTYLE
350
5F
  3
ACAD_PLOTSETTINGS
350
61
  3
ACAD_PLOTSTYLENAME
350
E
  3
ACAD_SCALELIST
350
42
  3
ACAD_SECTIONVIEWSTYLE
350
68
  3
ACAD_TABLESTYLE
350
64
  3
ACAD_VISUALSTYLE
350
29
  3
ACDB_RECOMPOSE_DATA
350
12BA
  3
AcDbVariableDictionary
350
12B1
  3
EZDXF_META
350
12C9
  0
DICTIONARY
  5
BC
330
70
100
AcDbDictionary
280
1
281
1
  3
ACAD_SORTENTS
360
332
  0
DICTIONARY
  5
35A
330
359
100
AcDbDictionary
280
1
281
1
  0
DICTIONARY
  5
363
330
362
100
AcDbDictionary
280
1
281
1
  0
DICTIONARY
  5
63
102
{ACAD_REACTORS
330
C
102
}
330
C
100
AcDbDictionary
281
1
  0
DICTIONARY
  5
6A
102
{ACAD_REACTORS
330
C
102
}
330
C
100
AcDbDictionary
281
1
  3
Imperial24
350
6B
  0
FIELDLIST
  5
5ED
102
{ACAD_REACTORS
330
C
102
}
330
C
100
AcDbIdSet
 90
6
330
35D
330
35E
330
35F
330
366
330
367
330
368
100
AcDbFieldList
  0
DICTIONARY
  5
D
102
{ACAD_REACTORS
330
C
102
}
330
C
100
AcDbDictionary
281
1
  0
DICTIONARY
  5
62
102
{ACAD_REACTORS
330
C
102
}
330
C
100
AcDbDictionary
281
1
  3
Model
350
73
  3
Sheet1
350
6F
  3
Sheet2
350
77
  0
DICTIONARY
  5
10
102
{ACAD_REACTORS
330
C
102
}
330
C
100
AcDbDictionary
281
1
  3
ByBlock
350
19
  3
ByLayer
350
11
  3
Global
350
21
  0
DICTIONARY
  5
66
102
{ACAD_REACTORS
330
C
102
}
330
C
100
AcDbDictionary
281
1
  3
Standard
350
67
  0
DICTIONARY
  5
5F
102
{ACAD_REACTORS
330
C
102
}
330
C
100
AcDbDictionary
281
1
  3
Standard
350
60
  0
DICTIONARY
  5
61
102
{ACAD_REACTORS
330
C
102
}
330
C
100
AcDbDictionary
281
1
  0
ACDBDICTIONARYWDFLT
  5
E
102
{ACAD_REACTORS
330
C
102
}
330
C
100
AcDbDictionary
281
1
  3
Normal
350
F
100
AcDbDictionaryWithDefault
340
F
  0
DICTIONARY
  5
42
102
{ACAD_REACTORS
330
C
102
}
330
C
100
AcDbDictionary
281
1
  3
*A1
350
AC
  3
*A10
350
B5
  3
*A11
350
B6
  3
*A12
350
B7
  3
*A13
350
B8
  3
*A14
350
B9
  3
*A15
350
BA
  3
*A16
350
BB
  3
*A2
350
AD
  3
*A3
350
AE
  3
*A4
350
AF
  3
*A5
350
B0
  3
*A6
350
B1
  3
*A7
350
B2
  3
*A8
350
B3
  3
*A9
350
B4
  3
A0
350
43
  3
A1
350
44
  3
A2
350
45
  3
A3
350
46
  3
A4
350
47
  3
A5
350
48
  3
A6
350
49
  3
A7
350
4A
  3
A8
350
4B
  3
A9
350
4C
  3
B0
350
4D
  3
B1
350
4E
  3
B2
350
4F
  3
B3
350
50
  3
B4
350
51
  3
B5
350
52
  3
B6
350
53
  0
DICTIONARY
  5
68
102
{ACAD_REACTORS
330
C
102
}
330
C
100
AcDbDictionary
281
1
  3
Imperial24
350
69
  0
DICTIONARY
  5
64
102
{ACAD_REACTORS
330
C
102
}
330
C
100
AcDbDictionary
281
1
  3
Standard
350
65
  0
DICTIONARY
  5
29
102
{ACAD_REACTORS
330
C
102
}
330
C
100
AcDbDictionary
281
1
  3
2dWireframe
350
2F
  3
Basic
350
2E
  3
Brighten
350
35
  3
ColorChange
350
39
  3
Conceptual
350
32
  3
Dim
350
34
  3
EdgeColorOff
350
41
  3
Facepattern
350
38
  3
Flat
350
2A
  3
FlatWithEdges
350
2B
  3
Gouraud
350
2C
  3
GouraudWithEdges
350
2D
  3
Hidden
350
31
  3
JitterOff
350
3F
  3
Linepattern
350
37
  3
OverhangOff
350
40
  3
Realistic
350
33
  3
Shaded
350
3E
  3
Shaded with edges
350
3D
  3
Shades of Gray
350
3A
  3
Sketchy
350
3B
  3
Thicken
350
36
  3
Wireframe
350
30
  3
X-Ray
350
3C
  0
XRECORD
  5
12BA
102
{ACAD_REACTORS
330
C
102
}
330
C
100
AcDbXrecord
280
1
 90
1
330
65
  0
DICTIONARY
  5
12B1
102
{ACAD_REACTORS
330
C
102
}
330
C
100
AcDbDictionary
281
1
  3
ANNOALLVISIBLE
350
12B6
  3
CANNOSCALE
350
12B7
  3
CMLEADERSTYLE
350
12B3
  3
CTABLESTYLE
350
12B2
  3
CVIEWDETAILSTYLE
350
12B4
  3
CVIEWSECTIONSTYLE
350
12B5
  0
SORTENTSTABLE
  5
332
102
{ACAD_REACTORS
330
BC
102
}
330
BC
100
AcDbSortentsTable
330
70
  0
ACDBDETAILVIEWSTYLE
  5
6B
102
{ACAD_XDICTIONARY
360
12BD
102
}
102
{ACAD_REACTORS
330
6A
102
}
330
6A
100
AcDbModelDocViewStyle
 70
0
  3
Imperial24
290
0
100
AcDbDetailViewStyle
 70
0
 71
0
 90
3
 71
1
340
55
 62
256
 40
0.24
340
0
 62
256
 40
0.24
300

 40
0.36
280
3
 71
2
340
5D
 90
25
 62
256
 71
3
340
55
 62
256
 40
0.24
 90
1
 40
0.75
 90
1
300
%<\AcVar ViewType \f "%tc1">% %<\AcVar ViewDetailId>%\PSCALE %<\AcVar ViewScale \f "%sn">%
 71
4
340
5D
 90
25
 62
256
340
5D
 90
25
 62
256
280
0
  0
LAYOUT
  5
73
102
{ACAD_REACTORS
330
62
102
}
330
62
100
AcDbPlotSettings
  1

  2
AutoCAD PDF (High Quality Print).pc3
  4
ISO_full_bleed_A4_(297.00_x_210.00_MM)
  6

 40
0.0
 41
0.0
 42
0.0
 43
0.0
 44
297.0
 45
210.0
 46
0.0
 47
0.0
 48
0.0
 49
0.0
140
0.0
141
0.0
142
1.0
143
1.239067
 70
11952
 72
1
 73
0
 74
0
  7

 75
0
 76
0
 77
2
 78
300
147
0.807059
148
77.690776
149
17.317662
100
AcDbLayout
  1
Model
 70
1
 71
0
 10
0.0
 20
0.0
 11
12.0
 21
9.0
 12
0.0
 22
0.0
 32
0.0
 14
0.0
 24
0.0
 34
0.0
 15
0.0
 25
0.0
 35
0.0
146
0.0
 13
0.0
 23
0.0
 33
0.0
 16
1.0
 26
0.0
 36
0.0
 17
0.0
 27
1.0
 37
0.0
 76
0
330
70
1001
ACAD_PSEXT
1000
AutoCAD PDF (High Quality Print).pc3
1000
DWG To PDF
1000
File
1000

1070
0
  0
LAYOUT
  5
6F
102
{ACAD_REACTORS
330
62
102
}
330
62
100
AcDbPlotSettings
  1

  2
None
  4

  6

 40
0.0
 41
0.0
 42
0.0
 43
0.0
 44
0.0
 45
0.0
 46
0.0
 47
0.0
 48
0.0
 49
0.0
140
0.0
141
0.0
142
1.0
143
1.0
 70
688
 72
0
 73
0
 74
5
  7

 75
16
 76
0
 77
2
 78
300
147
1.0
148
0.0
149
0.0
100
AcDbLayout
  1
Sheet1
 70
1
 71
1
 10
0.0
 20
0.0
 11
12.0
 21
9.0
 12
0.0
 22
0.0
 32
0.0
 14
0.0
 24
0.0
 34
0.0
 15
0.0
 25
0.0
 35
0.0
146
0.0
 13
0.0
 23
0.0
 33
0.0
 16
1.0
 26
0.0
 36
0.0
 17
0.0
 27
1.0
 37
0.0
 76
0
330
6C
  0
LAYOUT
  5
77
102
{ACAD_REACTORS
330
62
102
}
330
62
100
AcDbPlotSettings
  1

  2
None
  4

  6

 40
0.0
 41
0.0
 42
0.0
 43
0.0
 44
0.0
 45
0.0
 46
0.0
 47
0.0
 48
0.0
 49
0.0
140
0.0
141
0.0
142
1.0
143
1.0
 70
688
 72
0
 73
0
 74
5
  7

 75
16
 76
0
 77
2
 78
300
147
1.0
148
0.0
149
0.0
100
AcDbLayout
  1
Sheet2
 70
1
 71
2
 10
0.0
 20
0.0
 11
12.0
 21
9.0
 12
0.0
 22
0.0
 32
0.0
 14
0.0
 24
0.0
 34
0.0
 15
0.0
 25
0.0
 35
0.0
146
0.0
 13
0.0
 23
0.0
 33
0.0
 16
1.0
 26
0.0
 36
0.0
 17
0.0
 27
1.0
 37
0.0
 76
0
330
74
  0
MATERIAL
  5
19
102
{ACAD_XDICTIONARY
360
1A
102
}
102
{ACAD_REACTORS
330
10
102
}
330
10
100
AcDbMaterial
  1
ByBlock
  2

 70
0
 40
1.0
 71
0
 41
1.0
 91
-1023410177
 42
1.0
 72
0
  3

 73
1
 74
1
 75
1
 43
0.020833
 43
0.0
 43
0.0
 43
0.0
 43
0.0
 43
0.020833
 43
0.0
 43
0.0
 43
0.0
 43
0.0
 43
1.0
 43
0.0
 43
0.0
 43
0.0
 43
0.0
 43
1.0
 44
0.5
 73
0
 45
1.0
 46
1.0
 77
0
  4

 78
1
 79
1
170
1
 47
0.020833
 47
0.0
 47
0.0
 47
0.0
 47
0.0
 47
0.020833
 47
0.0
 47
0.0
 47
0.0
 47
0.0
 47
1.0
 47
0.0
 47
0.0
 47
0.0
 47
0.0
 47
1.0
 48
1.0
171
0
  6

172
1
173
1
174
1
 49
0.020833
 49
0.0
 49
0.0
 49
0.0
 49
0.0
 49
0.020833
 49
0.0
 49
0.0
 49
0.0
 49
0.0
 49
1.0
 49
0.0
 49
0.0
 49
0.0
 49
0.0
 49
1.0
140
1.0
141
1.0
175
0
  7

176
1
177
1
178
1
142
0.020833
142
0.0
142
0.0
142
0.0
142
0.0
142
0.020833
142
0.0
142
0.0
142
0.0
142
0.0
142
1.0
142
0.0
142
0.0
142
0.0
142
0.0
142
1.0
143
1.0
179
0
  8

270
1
271
1
272
1
144
0.020833
144
0.0
144
0.0
144
0.0
144
0.0
144
0.020833
144
0.0
144
0.0
144
0.0
144
0.0
144
1.0
144
0.0
144
0.0
144
0.0
144
0.0
144
1.0
145
1.0
146
1.0
273
1
  9

274
1
275
1
276
1
147
0.020833
147
0.0
147
0.0
147
0.0
147
0.0
147
0.020833
147
0.0
147
0.0
147
0.0
147
0.0
147
1.0
147
0.0
147
0.0
147
0.0
147
0.0
147
1.0
 42
1.0
 72
1
  3

 73
1
 74
1
 75
1
 94
63
  0
MATERIAL
  5
11
102
{ACAD_XDICTIONARY
360
12
102
}
102
{ACAD_REACTORS
330
10
102
}
330
10
100
AcDbMaterial
  1
ByLayer
  2

 70
0
 40
1.0
 71
0
 41
1.0
 91
-1023410177
 42
1.0
 72
0
  3

 73
1
 74
1
 75
1
 43
0.020833
 43
0.0
 43
0.0
 43
0.0
 43
0.0
 43
0.020833
 43
0.0
 43
0.0
 43
0.0
 43
0.0
 43
1.0
 43
0.0
 43
0.0
 43
0.0
 43
0.0
 43
1.0
 44
0.5
 73
0
 45
1.0
 46
1.0
 77
0
  4

 78
1
 79
1
170
1
 47
0.020833
 47
0.0
 47
0.0
 47
0.0
 47
0.0
 47
0.020833
 47
0.0
 47
0.0
 47
0.0
 47
0.0
 47
1.0
 47
0.0
 47
0.0
 47
0.0
 47
0.0
 47
1.0
 48
1.0
171
0
  6

172
1
173
1
174
1
 49
0.020833
 49
0.0
 49
0.0
 49
0.0
 49
0.0
 49
0.020833
 49
0.0
 49
0.0
 49
0.0
 49
0.0
 49
1.0
 49
0.0
 49
0.0
 49
0.0
 49
0.0
 49
1.0
140
1.0
141
1.0
175
0
  7

176
1
177
1
178
1
142
0.020833
142
0.0
142
0.0
142
0.0
142
0.0
142
0.020833
142
0.0
142
0.0
142
0.0
142
0.0
142
1.0
142
0.0
142
0.0
142
0.0
142
0.0
142
1.0
143
1.0
179
0
  8

270
1
271
1
272
1
144
0.020833
144
0.0
144
0.0
144
0.0
144
0.0
144
0.020833
144
0.0
144
0.0
144
0.0
144
0.0
144
1.0
144
0.0
144
0.0
144
0.0
144
0.0
144
1.0
145
1.0
146
1.0
273
1
  9

274
1
275
1
276
1
147
0.020833
147
0.0
147
0.0
147
0.0
147
0.0
147
0.020833
147
0.0
147
0.0
147
0.0
147
0.0
147
1.0
147
0.0
147
0.0
147
0.0
147
0.0
147
1.0
 42
1.0
 72
1
  3

 73
1
 74
1
 75
1
 94
63
  0
MATERIAL
  5
21
102
{ACAD_XDICTIONARY
360
22
102
}
102
{ACAD_REACTORS
330
10
102
}
330
10
100
AcDbMaterial
  1
Global
  2

 70
0
 40
1.0
 71
0
 41
1.0
 91
-1023410177
 42
1.0
 72
0
  3

 73
1
 74
1
 75
1
 43
0.020833
 43
0.0
 43
0.0
 43
0.0
 43
0.0
 43
0.020833
 43
0.0
 43
0.0
 43
0.0
 43
0.0
 43
1.0
 43
0.0
 43
0.0
 43
0.0
 43
0.0
 43
1.0
 44
0.5
 73
0
 45
1.0
 46
1.0
 77
0
  4

 78
1
 79
1
170
1
 47
0.020833
 47
0.0
 47
0.0
 47
0.0
 47
0.0
 47
0.020833
 47
0.0
 47
0.0
 47
0.0
 47
0.0
 47
1.0
 47
0.0
 47
0.0
 47
0.0
 47
0.0
 47
1.0
 48
1.0
171
0
  6

172
1
173
1
174
1
 49
0.020833
 49
0.0
 49
0.0
 49
0.0
 49
0.0
 49
0.020833
 49
0.0
 49
0.0
 49
0.0
 49
0.0
 49
1.0
 49
0.0
 49
0.0
 49
0.0
 49
0.0
 49
1.0
140
1.0
141
1.0
175
0
  7

176
1
177
1
178
1
142
0.020833
142
0.0
142
0.0
142
0.0
142
0.0
142
0.020833
142
0.0
142
0.0
142
0.0
142
0.0
142
1.0
142
0.0
142
0.0
142
0.0
142
0.0
142
1.0
143
1.0
179
0
  8

270
1
271
1
272
1
144
0.020833
144
0.0
144
0.0
144
0.0
144
0.0
144
0.020833
144
0.0
144
0.0
144
0.0
144
0.0
144
1.0
144
0.0
144
0.0
144
0.0
144
0.0
144
1.0
145
1.0
146
1.0
273
1
  9

274
1
275
1
276
1
147
0.020833
147
0.0
147
0.0
147
0.0
147
0.0
147
0.020833
147
0.0
147
0.0
147
0.0
147
0.0
147
1.0
147
0.0
147
0.0
147
0.0
147
0.0
147
1.0
 42
1.0
 72
1
  3

 73
1
 74
1
 75
1
 94
63
  0
MLEADERSTYLE
  5
67
102
{ACAD_REACTORS
330
66
102
}
330
66
100
AcDbMLeaderStyle
179
2
170
2
171
1
172
0
 90
2
 40
0.0
 41
0.0
173
1
 91
-1056964608
340
5B
 92
-2
290
1
 42
0.09
291
1
 43
0.36
  3
Standard
 44
0.18
300

342
55
174
1
175
1
176
0
178
6
 93
-1056964608
 45
0.18
292
0
297
0
 46
0.18
293
1
 94
-1056964608
 47
1.0
 49
1.0
140
1.0
294
1
141
0.0
177
0
142
1.0
295
0
296
0
143
0.125
271
0
272
9
273
9
298
1
  0
MLINESTYLE
  5
60
102
{ACAD_REACTORS
330
5F
102
}
330
5F
100
AcDbMlineStyle
  2
STANDARD
 70
0
  3

 62
256
 51
90.0
 52
90.0
 71
0
  0
ACDBPLACEHOLDER
  5
F
102
{ACAD_REACTORS
330
E
102
}
330
E
  0
SCALE
  5
AC
102
{ACAD_REACTORS
330
42
102
}
330
42
100
AcDbScale
 70
0
300
1:2
140
1.0
141
2.0
290
0
  0
SCALE
  5
B5
102
{ACAD_REACTORS
330
42
102
}
330
42
100
AcDbScale
 70
0
300
1:50
140
1.0
141
50.0
290
0
  0
SCALE
  5
B6
102
{ACAD_REACTORS
330
42
102
}
330
42
100
AcDbScale
 70
0
300
1:100
140
1.0
141
100.0
290
0
  0
SCALE
  5
B7
102
{ACAD_REACTORS
330
42
102
}
330
42
100
AcDbScale
 70
0
300
2:1
140
2.0
141
1.0
290
0
  0
SCALE
  5
B8
102
{ACAD_REACTORS
330
42
102
}
330
42
100
AcDbScale
 70
0
300
4:1
140
4.0
141
1.0
290
0
  0
SCALE
  5
B9
102
{ACAD_REACTORS
330
42
102
}
330
42
100
AcDbScale
 70
0
300
8:1
140
8.0
141
1.0
290
0
  0
SCALE
  5
BA
102
{ACAD_REACTORS
330
42
102
}
330
42
100
AcDbScale
 70
0
300
10:1
140
10.0
141
1.0
290
0
  0
SCALE
  5
BB
102
{ACAD_REACTORS
330
42
102
}
330
42
100
AcDbScale
 70
0
300
100:1
140
100.0
141
1.0
290
0
  0
SCALE
  5
AD
102
{ACAD_REACTORS
330
42
102
}
330
42
100
AcDbScale
 70
0
300
1:4
140
1.0
141
4.0
290
0
  0
SCALE
  5
AE
102
{ACAD_REACTORS
330
42
102
}
330
42
100
AcDbScale
 70
0
300
1:5
140
1.0
141
5.0
290
0
  0
SCALE
  5
AF
102
{ACAD_REACTORS
330
42
102
}
330
42
100
AcDbScale
 70
0
300
1:8
140
1.0
141
8.0
290
0
  0
SCALE
  5
B0
102
{ACAD_REACTORS
330
42
102
}
330
42
100
AcDbScale
 70
0
300
1:10
140
1.0
141
10.0
290
0
  0
SCALE
  5
B1
102
{ACAD_REACTORS
330
42
102
}
330
42
100
AcDbScale
 70
0
300
1:16
140
1.0
141
16.0
290
0
  0
SCALE
  5
B2
102
{ACAD_REACTORS
330
42
102
}
330
42
100
AcDbScale
 70
0
300
1:20
140
1.0
141
20.0
290
0
  0
SCALE
  5
B3
102
{ACAD_REACTORS
330
42
102
}
330
42
100
AcDbScale
 70
0
300
1:30
140
1.0
141
30.0
290
0
  0
SCALE
  5
B4
102
{ACAD_REACTORS
330
42
102
}
330
42
100
AcDbScale
 70
0
300
1:40
140
1.0
141
40.0
290
0
  0
SCALE
  5
43
102
{ACAD_REACTORS
330
42
102
}
330
42
100
AcDbScale
 70
0
300
1:1
140
1.0
141
1.0
290
1
  0
SCALE
  5
44
102
{ACAD_REACTORS
330
42
102
}
330
42
100
AcDbScale
 70
0
300
1/128" = 1'-0"
140
0.007813
141
12.0
290
0
  0
SCALE
  5
45
102
{ACAD_REACTORS
330
42
102
}
330
42
100
AcDbScale
 70
0
300
1/64" = 1'-0"
140
0.015625
141
12.0
290
0
  0
SCALE
  5
46
102
{ACAD_REACTORS
330
42
102
}
330
42
100
AcDbScale
 70
0
300
1/32" = 1'-0"
140
0.03125
141
12.0
290
0
  0
SCALE
  5
47
102
{ACAD_REACTORS
330
42
102
}
330
42
100
AcDbScale
 70
0
300
1/16" = 1'-0"
140
0.0625
141
12.0
290
0
  0
SCALE
  5
48
102
{ACAD_REACTORS
330
42
102
}
330
42
100
AcDbScale
 70
0
300
3/32" = 1'-0"
140
0.09375
141
12.0
290
0
  0
SCALE
  5
49
102
{ACAD_REACTORS
330
42
102
}
330
42
100
AcDbScale
 70
0
300
1/8" = 1'-0"
140
0.125
141
12.0
290
0
  0
SCALE
  5
4A
102
{ACAD_REACTORS
330
42
102
}
330
42
100
AcDbScale
 70
0
300
3/16" = 1'-0"
140
0.1875
141
12.0
290
0
  0
SCALE
  5
4B
102
{ACAD_REACTORS
330
42
102
}
330
42
100
AcDbScale
 70
0
300
1/4" = 1'-0"
140
0.25
141
12.0
290
0
  0
SCALE
  5
4C
102
{ACAD_REACTORS
330
42
102
}
330
42
100
AcDbScale
 70
0
300
3/8" = 1'-0"
140
0.375
141
12.0
290
0
  0
SCALE
  5
4D
102
{ACAD_REACTORS
330
42
102
}
330
42
100
AcDbScale
 70
0
300
1/2" = 1'-0"
140
0.5
141
12.0
290
0
  0
SCALE
  5
4E
102
{ACAD_REACTORS
330
42
102
}
330
42
100
AcDbScale
 70
0
300
3/4" = 1'-0"
140
0.75
141
12.0
290
0
  0
SCALE
  5
4F
102
{ACAD_REACTORS
330
42
102
}
330
42
100
AcDbScale
 70
0
300
1" = 1'-0"
140
1.0
141
12.0
290
0
  0
SCALE
  5
50
102
{ACAD_REACTORS
330
42
102
}
330
42
100
AcDbScale
 70
0
300
1-1/2" = 1'-0"
140
1.5
141
12.0
290
0
  0
SCALE
  5
51
102
{ACAD_REACTORS
330
42
102
}
330
42
100
AcDbScale
 70
0
300
3" = 1'-0"
140
3.0
141
12.0
290
0
  0
SCALE
  5
52
102
{ACAD_REACTORS
330
42
102
}
330
42
100
AcDbScale
 70
0
300
6" = 1'-0"
140
6.0
141
12.0
290
0
  0
SCALE
  5
53
102
{ACAD_REACTORS
330
42
102
}
330
42
100
AcDbScale
 70
0
300
1'-0" = 1'-0"
140
12.0
141
12.0
290
0
  0
ACDBSECTIONVIEWSTYLE
  5
69
102
{ACAD_XDICTIONARY
360
12BB
102
}
102
{ACAD_REACTORS
330
68
102
}
330
68
100
AcDbModelDocViewStyle
 70
0
  3
Imperial24
290
0
100
AcDbSectionViewStyle
 70
0
 71
0
 90
78
 71
1
340
55
 62
256
 40
0.24
340
0
340
0
 62
256
 40
0.24
300
I, O, Q, S, X, Z
 40
0.48
 90
3
 40
0.18
 90
1
 71
2
340
5D
 90
25
 62
256
340
5D
 90
50
 62
256
 40
0.24
 40
0.0
 40
0.24
 71
3
340
55
 62
256
 40
0.24
 90
1
 40
0.75
 90
1
300
%<\AcVar ViewType \f "%tc1">% %<\AcVar ViewSectionStartId>%-%<\AcVar ViewSectionEndId>%\PSCALE %<\AcVar ViewScale \f "%sn">%
 71
4
 62
256
 62
257
300
ANSI31
 40
1.0
 90
0
290
0
290
0
 90
6
 40
0.0
 40
1.570796
 40
0.261799
 40
1.308997
 40
-0.261799
 40
1.832596
  0
TABLESTYLE
  5
65
102
{ACAD_XDICTIONARY
360
12B8
102
}
102
{ACAD_REACTORS
330
64
102
}
330
64
100
AcDbTableStyle
280
0
  3
Standard
 70
0
 71
0
 40
1.5
 41
1.5
280
0
281
0
  7
Standard
140
0.18
170
2
 62
0
 63
7
283
0
 90
512
 91
0
  1

274
-2
284
1
 64
0
275
-2
285
1
 65
0
276
-2
286
1
 66
0
277
-2
287
1
 67
0
278
-2
288
1
 68
0
279
-2
289
1
 69
0
  7
Standard
140
0.25
170
5
 62
0
 63
7
283
0
 90
512
 91
0
  1

274
-2
284
1
 64
0
275
-2
285
1
 65
0
276
-2
286
1
 66
0
277
-2
287
1
 67
0
278
-2
288
1
 68
0
279
-2
289
1
 69
0
  7
Standard
140
0.18
170
5
 62
0
 63
7
283
0
 90
512
 91
0
  1

274
-2
284
1
 64
0
275
-2
285
1
 65
0
276
-2
286
1
 66
0
277
-2
287
1
 67
0
278
-2
288
1
 68
0
279
-2
289
1
 69
0
  0
VISUALSTYLE
  5
2F
102
{ACAD_REACTORS
330
29
102
}
330
29
100
AcDbVisualStyle
  2
2dWireframe
 70
4
177
3
291
0
 70
58
 90
0
176
1
 90
2
176
1
 90
0
176
1
 90
0
176
1
 40
0.6
176
1
 40
30.0
176
1
 62
7
420
16777215
176
1
 90
1
176
1
 90
4
176
1
 62
7
176
1
 62
257
176
1
 90
1
176
1
 90
1
176
1
 40
1.0
176
1
 90
0
176
1
 62
257
176
1
 40
1.0
176
1
 90
1
176
1
 90
6
176
1
 90
2
176
1
 62
7
176
1
 90
5
176
1
 90
0
176
1
 90
0
176
1
290
0
176
1
 90
1
176
1
 40
0.0
176
1
 90
0
176
1
290
1
176
1
290
1
176
1
290
0
176
1
290
0
176
1
290
0
176
1
290
0
176
1
290
0
176
1
290
0
176
1
290
0
176
1
 90
50
176
1
 40
0.0
176
1
 40
1.0
176
1
 90
0
176
1
 62
18
420
0
176
1
 90
50
176
1
 90
3
176
1
 62
5
420
255
176
1
290
0
176
1
 90
50
176
1
 90
50
176
1
 90
50
176
1
290
0
176
1
 90
50
176
1
 62
256
176
0
 40
1.0
176
0
 90
2
176
1
  1
strokes_ogs.tif
176
1
290
0
176
1
 40
1.0
176
1
 40
1.0
176
1
1001
ACAD
1000
AcDbSavedByObjectVersion
1070
0
  0
VISUALSTYLE
  5
2E
102
{ACAD_REACTORS
330
29
102
}
330
29
100
AcDbVisualStyle
  2
Basic
 70
7
177
3
291
1
 70
58
 90
1
176
1
 90
0
176
1
 90
1
176
1
 90
0
176
1
 40
0.6
176
1
 40
30.0
176
1
 62
7
420
16777215
176
1
 90
0
176
1
 90
4
176
1
 62
7
176
1
 62
257
176
1
 90
1
176
1
 90
1
176
1
 40
1.0
176
1
 90
8
176
1
 62
7
176
1
 40
1.0
176
1
 90
1
176
1
 90
6
176
1
 90
2
176
1
 62
7
176
1
 90
5
176
1
 90
0
176
1
 90
0
176
1
290
0
176
1
 90
1
176
1
 40
0.0
176
1
 90
0
176
1
290
0
176
1
290
1
176
1
290
1
176
1
290
0
176
1
290
0
176
1
290
0
176
1
290
0
176
1
290
0
176
1
290
0
176
1
 90
50
176
1
 40
0.0
176
1
 40
1.0
176
1
 90
0
176
1
 62
18
420
0
176
1
 90
50
176
1
 90
3
176
1
 62
5
420
255
176
1
290
0
176
1
 90
50
176
1
 90
50
176
1
 90
50
176
1
290
0
176
1
 90
50
176
1
 62
256
176
0
 40
1.0
176
0
 90
2
176
1
  1
strokes_ogs.tif
176
1
290
0
176
1
 40
1.0
176
1
 40
1.0
176
1
1001
ACAD
1000
AcDbSavedByObjectVersion
1070
0
  0
VISUALSTYLE
  5
35
102
{ACAD_REACTORS
330
29
102
}
330
29
100
AcDbVisualStyle
  2
Brighten
 70
12
177
3
291
1
 70
58
 90
2
176
1
 90
2
176
1
 90
0
176
1
 90
0
176
1
 40
0.6
176
1
 40
30.0
176
1
 62
7
420
16777215
176
1
 90
1
176
1
 90
4
176
1
 62
7
176
1
 62
257
176
1
 90
1
176
1
 90
1
176
1
 40
1.0
176
1
 90
8
176
1
 62
7
176
1
 40
1.0
176
1
 90
1
176
1
 90
6
176
1
 90
2
176
1
 62
7
176
1
 90
5
176
1
 90
0
176
1
 90
0
176
1
290
0
176
1
 90
1
176
1
 40
50.0
176
1
 90
0
176
1
290
0
176
1
290
1
176
1
290
1
176
1
290
0
176
1
290
0
176
1
290
0
176
1
290
0
176
1
290
0
176
1
290
0
176
1
 90
50
176
1
 40
0.0
176
1
 40
1.0
176
1
 90
0
176
1
 62
18
420
0
176
1
 90
50
176
1
 90
3
176
1
 62
5
420
255
176
1
290
0
176
1
 90
50
176
1
 90
50
176
1
 90
50
176
1
290
0
176
1
 90
50
176
1
 62
256
176
0
 40
1.0
176
0
 90
2
176
1
  1
strokes_ogs.tif
176
1
290
0
176
1
 40
1.0
176
1
 40
1.0
176
1
1001
ACAD
1000
AcDbSavedByObjectVersion
1070
0
  0
VISUALSTYLE
  5
39
102
{ACAD_REACTORS
330
29
102
}
330
29
100
AcDbVisualStyle
  2
ColorChange
 70
16
177
3
291
1
 70
58
 90
2
176
1
 90
2
176
1
 90
3
176
1
 90
0
176
1
 40
0.6
176
1
 40
30.0
176
1
 62
8
420
8421504
176
1
 90
1
176
1
 90
4
176
1
 62
7
176
1
 62
257
176
1
 90
1
176
1
 90
1
176
1
 40
1.0
176
1
 90
8
176
1
 62
8
420
8421504
176
1
 40
1.0
176
1
 90
1
176
1
 90
6
176
1
 90
2
176
1
 62
7
176
1
 90
5
176
1
 90
0
176
1
 90
0
176
1
290
0
176
1
 90
1
176
1
 40
0.0
176
1
 90
0
176
1
290
0
176
1
290
1
176
1
290
1
176
1
290
0
176
1
290
0
176
1
290
0
176
1
290
0
176
1
290
0
176
1
290
0
176
1
 90
50
176
1
 40
0.0
176
1
 40
1.0
176
1
 90
0
176
1
 62
18
420
0
176
1
 90
50
176
1
 90
3
176
1
 62
5
420
255
176
1
290
0
176
1
 90
50
176
1
 90
50
176
1
 90
50
176
1
290
0
176
1
 90
50
176
1
 62
256
176
0
 40
1.0
176
0
 90
2
176
1
  1
strokes_ogs.tif
176
1
290
0
176
1
 40
1.0
176
1
 40
1.0
176
1
1001
ACAD
1000
AcDbSavedByObjectVersion
1070
0
  0
VISUALSTYLE
  5
32
102
{ACAD_REACTORS
330
29
102
}
330
29
100
AcDbVisualStyle
  2
Conceptual
 70
9
177
3
291
0
 70
58
 90
3
176
1
 90
2
176
1
 90
0
176
1
 90
0
176
1
 40
0.6
176
1
 40
30.0
176
1
 62
7
420
16777215
176
1
 90
2
176
1
 90
2
176
1
 62
7
176
1
 62
257
176
1
 90
1
176
1
 90
1
176
1
 40
179.0
176
1
 90
8
176
1
 62
7
176
1
 40
1.0
176
1
 90
1
176
1
 90
6
176
1
 90
2
176
1
 62
7
176
1
 90
3
176
1
 90
0
176
1
 90
0
176
1
290
0
176
1
 90
1
176
1
 40
0.0
176
1
 90
0
176
1
290
0
176
1
290
1
176
1
290
1
176
1
290
0
176
1
290
0
176
1
290
0
176
1
290
0
176
1
290
0
176
1
290
0
176
1
 90
50
176
1
 40
0.0
176
1
 40
1.0
176
1
 90
0
176
1
 62
18
420
0
176
1
 90
50
176
1
 90
3
176
1
 62
5
420
255
176
1
290
0
176
1
 90
50
176
1
 90
50
176
1
 90
50
176
1
290
0
176
1
 90
50
176
1
 62
256
176
0
 40
1.0
176
0
 90
2
176
1
  1
strokes_ogs.tif
176
1
290
0
176
1
 40
1.0
176
1
 40
1.0
176
1
1001
ACAD
1000
AcDbSavedByObjectVersion
1070
0
  0
VISUALSTYLE
  5
34
102
{ACAD_REACTORS
330
29
102
}
330
29
100
AcDbVisualStyle
  2
Dim
 70
11
177
3
291
1
 70
58
 90
2
176
1
 90
2
176
1
 90
0
176
1
 90
0
176
1
 40
0.6
176
1
 40
30.0
176
1
 62
7
420
16777215
176
1
 90
1
176
1
 90
4
176
1
 62
7
176
1
 62
257
176
1
 90
1
176
1
 90
1
176
1
 40
1.0
176
1
 90
8
176
1
 62
7
176
1
 40
1.0
176
1
 90
1
176
1
 90
6
176
1
 90
2
176
1
 62
7
176
1
 90
5
176
1
 90
0
176
1
 90
0
176
1
290
0
176
1
 90
1
176
1
 40
-50.0
176
1
 90
0
176
1
290
0
176
1
290
1
176
1
290
1
176
1
290
0
176
1
290
0
176
1
290
0
176
1
290
0
176
1
290
0
176
1
290
0
176
1
 90
50
176
1
 40
0.0
176
1
 40
1.0
176
1
 90
0
176
1
 62
18
420
0
176
1
 90
50
176
1
 90
3
176
1
 62
5
420
255
176
1
290
0
176
1
 90
50
176
1
 90
50
176
1
 90
50
176
1
290
0
176
1
 90
50
176
1
 62
256
176
0
 40
1.0
176
0
 90
2
176
1
  1
strokes_ogs.tif
176
1
290
0
176
1
 40
1.0
176
1
 40
1.0
176
1
1001
ACAD
1000
AcDbSavedByObjectVersion
1070
0
  0
VISUALSTYLE
  5
41
102
{ACAD_REACTORS
330
29
102
}
330
29
100
AcDbVisualStyle
  2
EdgeColorOff
 70
22
177
3
291
1
 70
58
 90
2
176
0
 90
2
176
0
 90
0
176
0
 90
0
176
0
 40
0.6
176
0
 40
30.0
176
0
 62
7
420
16777215
176
0
 90
1
176
0
 90
4
176
0
 62
7
176
0
 62
257
176
0
 90
1
176
0
 90
1
176
0
 40
1.0
176
0
 90
8
176
2
 62
7
176
0
 40
1.0
176
0
 90
1
176
0
 90
6
176
0
 90
2
176
0
 62
7
176
0
 90
5
176
0
 90
0
176
0
 90
0
176
0
290
0
176
0
 90
1
176
0
 40
0.0
176
0
 90
0
176
0
290
0
176
0
290
1
176
0
290
1
176
0
290
0
176
0
290
0
176
0
290
0
176
0
290
0
176
0
290
0
176
0
290
0
176
0
 90
50
176
0
 40
0.0
176
0
 40
1.0
176
0
 90
0
176
0
 62
18
420
0
176
0
 90
50
176
0
 90
3
176
0
 62
5
420
255
176
0
290
0
176
0
 90
50
176
0
 90
50
176
0
 90
50
176
0
290
0
176
0
 90
50
176
0
 62
256
176
0
 40
1.0
176
0
 90
2
176
0
  1
strokes_ogs.tif
176
0
290
0
176
0
 40
1.0
176
0
 40
1.0
176
0
1001
ACAD
1000
AcDbSavedByObjectVersion
1070
0
  0
VISUALSTYLE
  5
38
102
{ACAD_REACTORS
330
29
102
}
330
29
100
AcDbVisualStyle
  2
Facepattern
 70
15
177
3
291
1
 70
58
 90
2
176
1
 90
2
176
1
 90
0
176
1
 90
0
176
1
 40
0.6
176
1
 40
30.0
176
1
 62
7
420
16777215
176
1
 90
1
176
1
 90
4
176
1
 62
7
176
1
 62
257
176
1
 90
1
176
1
 90
1
176
1
 40
1.0
176
1
 90
8
176
1
 62
7
176
1
 40
1.0
176
1
 90
1
176
1
 90
6
176
1
 90
2
176
1
 62
7
176
1
 90
5
176
1
 90
0
176
1
 90
0
176
1
290
0
176
1
 90
1
176
1
 40
0.0
176
1
 90
0
176
1
290
0
176
1
290
1
176
1
290
1
176
1
290
0
176
1
290
0
176
1
290
0
176
1
290
0
176
1
290
0
176
1
290
0
176
1
 90
50
176
1
 40
0.0
176
1
 40
1.0
176
1
 90
0
176
1
 62
18
420
0
176
1
 90
50
176
1
 90
3
176
1
 62
5
420
255
176
1
290
0
176
1
 90
50
176
1
 90
50
176
1
 90
50
176
1
290
0
176
1
 90
50
176
1
 62
256
176
0
 40
1.0
176
0
 90
2
176
1
  1
strokes_ogs.tif
176
1
290
0
176
1
 40
1.0
176
1
 40
1.0
176
1
1001
ACAD
1000
AcDbSavedByObjectVersion
1070
0
  0
VISUALSTYLE
  5
2A
102
{ACAD_REACTORS
330
29
102
}
330
29
100
AcDbVisualStyle
  2
Flat
 70
0
177
3
291
1
 70
58
 90
2
176
1
 90
1
176
1
 90
1
176
1
 90
2
176
1
 40
0.6
176
1
 40
30.0
176
1
 62
7
420
16777215
176
1
 90
0
176
1
 90
0
176
1
 62
7
176
1
 62
257
176
1
 90
1
176
1
 90
1
176
1
 40
1.0
176
1
 90
8
176
1
 62
7
176
1
 40
1.0
176
1
 90
1
176
1
 90
6
176
1
 90
2
176
1
 62
7
176
1
 90
5
176
1
 90
0
176
1
 90
0
176
1
290
0
176
1
 90
13
176
1
 40
0.0
176
1
 90
0
176
1
290
0
176
1
290
1
176
1
290
1
176
1
290
0
176
1
290
0
176
1
290
0
176
1
290
0
176
1
290
0
176
1
290
0
176
1
 90
50
176
1
 40
0.0
176
1
 40
1.0
176
1
 90
0
176
1
 62
18
420
0
176
1
 90
50
176
1
 90
3
176
1
 62
5
420
255
176
1
290
0
176
1
 90
50
176
1
 90
50
176
1
 90
50
176
1
290
0
176
1
 90
50
176
1
 62
256
176
0
 40
1.0
176
0
 90
2
176
1
  1
strokes_ogs.tif
176
1
290
0
176
1
 40
1.0
176
1
 40
1.0
176
1
1001
ACAD
1000
AcDbSavedByObjectVersion
1070
0
  0
VISUALSTYLE
  5
2B
102
{ACAD_REACTORS
330
29
102
}
330
29
100
AcDbVisualStyle
  2
FlatWithEdges
 70
1
177
3
291
1
 70
58
 90
2
176
1
 90
1
176
1
 90
1
176
1
 90
2
176
1
 40
0.6
176
1
 40
30.0
176
1
 62
7
420
16777215
176
1
 90
1
176
1
 90
0
176
1
 62
7
176
1
 62
257
176
1
 90
1
176
1
 90
1
176
1
 40
1.0
176
1
 90
0
176
1
 62
257
176
1
 40
1.0
176
1
 90
1
176
1
 90
6
176
1
 90
2
176
1
 62
7
176
1
 90
5
176
1
 90
0
176
1
 90
0
176
1
290
0
176
1
 90
13
176
1
 40
0.0
176
1
 90
0
176
1
290
0
176
1
290
1
176
1
290
1
176
1
290
0
176
1
290
0
176
1
290
0
176
1
290
0
176
1
290
0
176
1
290
0
176
1
 90
50
176
1
 40
0.0
176
1
 40
1.0
176
1
 90
0
176
1
 62
18
420
0
176
1
 90
50
176
1
 90
3
176
1
 62
5
420
255
176
1
290
0
176
1
 90
50
176
1
 90
50
176
1
 90
50
176
1
290
0
176
1
 90
50
176
1
 62
256
176
0
 40
1.0
176
0
 90
2
176
1
  1
strokes_ogs.tif
176
1
290
0
176
1
 40
1.0
176
1
 40
1.0
176
1
1001
ACAD
1000
AcDbSavedByObjectVersion
1070
0
  0
VISUALSTYLE
  5
2C
102
{ACAD_REACTORS
330
29
102
}
330
29
100
AcDbVisualStyle
  2
Gouraud
 70
2
177
3
291
1
 70
58
 90
2
176
1
 90
2
176
1
 90
1
176
1
 90
2
176
1
 40
0.6
176
1
 40
30.0
176
1
 62
7
420
16777215
176
1
 90
0
176
1
 90
0
176
1
 62
7
176
1
 62
257
176
1
 90
1
176
1
 90
1
176
1
 40
1.0
176
1
 90
0
176
1
 62
7
176
1
 40
1.0
176
1
 90
1
176
1
 90
6
176
1
 90
2
176
1
 62
7
176
1
 90
5
176
1
 90
0
176
1
 90
0
176
1
290
0
176
1
 90
13
176
1
 40
0.0
176
1
 90
0
176
1
290
0
176
1
290
1
176
1
290
1
176
1
290
0
176
1
290
0
176
1
290
0
176
1
290
0
176
1
290
0
176
1
290
0
176
1
 90
50
176
1
 40
0.0
176
1
 40
1.0
176
1
 90
0
176
1
 62
18
420
0
176
1
 90
50
176
1
 90
3
176
1
 62
5
420
255
176
1
290
0
176
1
 90
50
176
1
 90
50
176
1
 90
50
176
1
290
0
176
1
 90
50
176
1
 62
256
176
0
 40
1.0
176
0
 90
2
176
1
  1
strokes_ogs.tif
176
1
290
0
176
1
 40
1.0
176
1
 40
1.0
176
1
1001
ACAD
1000
AcDbSavedByObjectVersion
1070
0
  0
VISUALSTYLE
  5
2D
102
{ACAD_REACTORS
330
29
102
}
330
29
100
AcDbVisualStyle
  2
GouraudWithEdges
 70
3
177
3
291
1
 70
58
 90
2
176
1
 90
2
176
1
 90
1
176
1
 90
2
176
1
 40
0.6
176
1
 40
30.0
176
1
 62
7
420
16777215
176
1
 90
1
176
1
 90
0
176
1
 62
7
176
1
 62
257
176
1
 90
1
176
1
 90
1
176
1
 40
1.0
176
1
 90
0
176
1
 62
257
176
1
 40
1.0
176
1
 90
1
176
1
 90
6
176
1
 90
2
176
1
 62
7
176
1
 90
5
176
1
 90
0
176
1
 90
0
176
1
290
0
176
1
 90
13
176
1
 40
0.0
176
1
 90
0
176
1
290
0
176
1
290
1
176
1
290
1
176
1
290
0
176
1
290
0
176
1
290
0
176
1
290
0
176
1
290
0
176
1
290
0
176
1
 90
50
176
1
 40
0.0
176
1
 40
1.0
176
1
 90
0
176
1
 62
18
420
0
176
1
 90
50
176
1
 90
3
176
1
 62
5
420
255
176
1
290
0
176
1
 90
50
176
1
 90
50
176
1
 90
50
176
1
290
0
176
1
 90
50
176
1
 62
256
176
0
 40
1.0
176
0
 90
2
176
1
  1
strokes_ogs.tif
176
1
290
0
176
1
 40
1.0
176
1
 40
1.0
176
1
1001
ACAD
1000
AcDbSavedByObjectVersion
1070
0
  0
VISUALSTYLE
  5
31
102
{ACAD_REACTORS
330
29
102
}
330
29
100
AcDbVisualStyle
  2
Hidden
 70
6
177
3
291
0
 70
58
 90
1
176
1
 90
2
176
1
 90
2
176
1
 90
0
176
1
 40
0.6
176
1
 40
30.0
176
1
 62
7
420
16777215
176
1
 90
2
176
1
 90
2
176
1
 62
7
176
1
 62
257
176
1
 90
2
176
1
 90
1
176
1
 40
40.0
176
1
 90
0
176
1
 62
257
176
1
 40
1.0
176
1
 90
1
176
1
 90
6
176
1
 90
2
176
1
 62
7
176
1
 90
3
176
1
 90
0
176
1
 90
0
176
1
290
0
176
1
 90
1
176
1
 40
0.0
176
1
 90
0
176
1
290
0
176
1
290
1
176
1
290
1
176
1
290
0
176
1
290
0
176
1
290
0
176
1
290
0
176
1
290
0
176
1
290
0
176
1
 90
50
176
1
 40
0.0
176
1
 40
1.0
176
1
 90
0
176
1
 62
18
420
0
176
1
 90
50
176
1
 90
3
176
1
 62
5
420
255
176
1
290
0
176
1
 90
50
176
1
 90
50
176
1
 90
50
176
1
290
0
176
1
 90
50
176
1
 62
256
176
0
 40
1.0
176
0
 90
2
176
1
  1
strokes_ogs.tif
176
1
290
0
176
1
 40
1.0
176
1
 40
1.0
176
1
1001
ACAD
1000
AcDbSavedByObjectVersion
1070
0
  0
VISUALSTYLE
  5
3F
102
{ACAD_REACTORS
330
29
102
}
330
29
100
AcDbVisualStyle
  2
JitterOff
 70
20
177
3
291
1
 70
58
 90
2
176
0
 90
2
176
0
 90
0
176
0
 90
0
176
0
 40
0.6
176
0
 40
30.0
176
0
 62
7
420
16777215
176
0
 90
1
176
0
 90
4
176
0
 62
7
176
0
 62
257
176
0
 90
1
176
0
 90
1
176
0
 40
1.0
176
0
 90
10
176
2
 62
7
176
0
 40
1.0
176
0
 90
1
176
0
 90
6
176
0
 90
2
176
0
 62
7
176
0
 90
5
176
0
 90
0
176
0
 90
0
176
0
290
0
176
0
 90
1
176
0
 40
0.0
176
0
 90
0
176
0
290
0
176
0
290
1
176
0
290
1
176
0
290
0
176
0
290
0
176
0
290
0
176
0
290
0
176
0
290
0
176
0
290
0
176
0
 90
50
176
0
 40
0.0
176
0
 40
1.0
176
0
 90
0
176
0
 62
18
420
0
176
0
 90
50
176
0
 90
3
176
0
 62
5
420
255
176
0
290
0
176
0
 90
50
176
0
 90
50
176
0
 90
50
176
0
290
0
176
0
 90
50
176
0
 62
256
176
0
 40
1.0
176
0
 90
2
176
0
  1
strokes_ogs.tif
176
0
290
0
176
0
 40
1.0
176
0
 40
1.0
176
0
1001
ACAD
1000
AcDbSavedByObjectVersion
1070
0
  0
VISUALSTYLE
  5
37
102
{ACAD_REACTORS
330
29
102
}
330
29
100
AcDbVisualStyle
  2
Linepattern
 70
14
177
3
291
1
 70
58
 90
2
176
1
 90
2
176
1
 90
0
176
1
 90
0
176
1
 40
0.6
176
1
 40
30.0
176
1
 62
7
420
16777215
176
1
 90
1
176
1
 90
4
176
1
 62
7
176
1
 62
257
176
1
 90
7
176
1
 90
7
176
1
 40
1.0
176
1
 90
8
176
1
 62
7
176
1
 40
1.0
176
1
 90
1
176
1
 90
6
176
1
 90
2
176
1
 62
7
176
1
 90
5
176
1
 90
0
176
1
 90
0
176
1
290
0
176
1
 90
1
176
1
 40
0.0
176
1
 90
0
176
1
290
0
176
1
290
1
176
1
290
1
176
1
290
0
176
1
290
0
176
1
290
0
176
1
290
0
176
1
290
0
176
1
290
0
176
1
 90
50
176
1
 40
0.0
176
1
 40
1.0
176
1
 90
0
176
1
 62
18
420
0
176
1
 90
50
176
1
 90
3
176
1
 62
5
420
255
176
1
290
0
176
1
 90
50
176
1
 90
50
176
1
 90
50
176
1
290
0
176
1
 90
50
176
1
 62
256
176
0
 40
1.0
176
0
 90
2
176
1
  1
strokes_ogs.tif
176
1
290
0
176
1
 40
1.0
176
1
 40
1.0
176
1
1001
ACAD
1000
AcDbSavedByObjectVersion
1070
0
  0
VISUALSTYLE
  5
40
102
{ACAD_REACTORS
330
29
102
}
330
29
100
AcDbVisualStyle
  2
OverhangOff
 70
21
177
3
291
1
 70
58
 90
2
176
0
 90
2
176
0
 90
0
176
0
 90
0
176
0
 40
0.6
176
0
 40
30.0
176
0
 62
7
420
16777215
176
0
 90
1
176
0
 90
4
176
0
 62
7
176
0
 62
257
176
0
 90
1
176
0
 90
1
176
0
 40
1.0
176
0
 90
9
176
2
 62
7
176
0
 40
1.0
176
0
 90
1
176
0
 90
6
176
0
 90
2
176
0
 62
7
176
0
 90
5
176
0
 90
0
176
0
 90
0
176
0
290
0
176
0
 90
1
176
0
 40
0.0
176
0
 90
0
176
0
290
0
176
0
290
1
176
0
290
1
176
0
290
0
176
0
290
0
176
0
290
0
176
0
290
0
176
0
290
0
176
0
290
0
176
0
 90
50
176
0
 40
0.0
176
0
 40
1.0
176
0
 90
0
176
0
 62
18
420
0
176
0
 90
50
176
0
 90
3
176
0
 62
5
420
255
176
0
290
0
176
0
 90
50
176
0
 90
50
176
0
 90
50
176
0
290
0
176
0
 90
50
176
0
 62
256
176
0
 40
1.0
176
0
 90
2
176
0
  1
strokes_ogs.tif
176
0
290
0
176
0
 40
1.0
176
0
 40
1.0
176
0
1001
ACAD
1000
AcDbSavedByObjectVersion
1070
0
  0
VISUALSTYLE
  5
33
102
{ACAD_REACTORS
330
29
102
}
330
29
100
AcDbVisualStyle
  2
Realistic
 70
8
177
3
291
0
 70
58
 90
2
176
1
 90
3
176
1
 90
0
176
1
 90
2
176
1
 40
0.6
176
1
 40
30.0
176
1
 62
7
420
16777215
176
1
 90
0
176
1
 90
0
176
1
 62
7
176
1
 62
257
176
1
 90
1
176
1
 90
1
176
1
 40
1.0
176
1
 90
8
176
1
 62
257
176
1
 40
1.0
176
1
 90
1
176
1
 90
6
176
1
 90
2
176
1
 62
7
176
1
 90
3
176
1
 90
0
176
1
 90
0
176
1
290
0
176
1
 90
13
176
1
 40
0.0
176
1
 90
0
176
1
290
0
176
1
290
1
176
1
290
1
176
1
290
0
176
1
290
0
176
1
290
0
176
1
290
0
176
1
290
0
176
1
290
0
176
1
 90
50
176
1
 40
0.0
176
1
 40
1.0
176
1
 90
0
176
1
 62
18
420
0
176
1
 90
50
176
1
 90
3
176
1
 62
5
420
255
176
1
290
0
176
1
 90
50
176
1
 90
50
176
1
 90
50
176
1
290
0
176
1
 90
50
176
1
 62
256
176
0
 40
1.0
176
0
 90
2
176
1
  1
strokes_ogs.tif
176
1
290
0
176
1
 40
1.0
176
1
 40
1.0
176
1
1001
ACAD
1000
AcDbSavedByObjectVersion
1070
0
  0
VISUALSTYLE
  5
3E
102
{ACAD_REACTORS
330
29
102
}
330
29
100
AcDbVisualStyle
  2
Shaded
 70
27
177
3
291
0
 70
58
 90
2
176
1
 90
2
176
1
 90
1
176
1
 90
2
176
1
 40
0.6
176
1
 40
30.0
176
1
 62
7
420
16777215
176
1
 90
0
176
1
 90
4
176
1
 62
7
176
1
 62
257
176
1
 90
1
176
1
 90
1
176
1
 40
1.0
176
1
 90
8
176
1
 62
257
176
1
 40
1.0
176
1
 90
1
176
1
 90
6
176
1
 90
2
176
1
 62
8
420
7895160
176
1
 90
3
176
1
 90
0
176
1
 90
0
176
1
290
0
176
1
 90
5
176
1
 40
0.0
176
1
 90
0
176
1
290
0
176
1
290
1
176
1
290
1
176
1
290
0
176
1
290
0
176
1
290
0
176
1
290
0
176
1
290
0
176
1
290
0
176
1
 90
50
176
1
 40
0.0
176
1
 40
1.0
176
1
 90
0
176
1
 62
18
420
0
176
1
 90
50
176
1
 90
3
176
1
 62
5
420
255
176
1
290
0
176
1
 90
50
176
1
 90
50
176
1
 90
50
176
1
290
0
176
1
 90
50
176
1
 62
256
176
0
 40
1.0
176
0
 90
2
176
1
  1
strokes_ogs.tif
176
1
290
0
176
1
 40
1.0
176
1
 40
1.0
176
1
1001
ACAD
1000
AcDbSavedByObjectVersion
1070
0
  0
VISUALSTYLE
  5
3D
102
{ACAD_REACTORS
330
29
102
}
330
29
100
AcDbVisualStyle
  2
Shaded with edges
 70
26
177
3
291
0
 70
58
 90
2
176
1
 90
2
176
1
 90
1
176
1
 90
2
176
1
 40
0.6
176
1
 40
30.0
176
1
 62
7
420
16777215
176
1
 90
1
176
1
 90
2
176
1
 62
7
176
1
 62
257
176
1
 90
2
176
1
 90
1
176
1
 40
1.0
176
1
 90
8
176
1
 62
257
176
1
 40
1.0
176
1
 90
1
176
1
 90
6
176
1
 90
2
176
1
 62
7
176
1
 90
3
176
1
 90
0
176
1
 90
0
176
1
290
0
176
1
 90
5
176
1
 40
0.0
176
1
 90
0
176
1
290
0
176
1
290
1
176
1
290
1
176
1
290
0
176
1
290
0
176
1
290
0
176
1
290
0
176
1
290
0
176
1
290
0
176
1
 90
50
176
1
 40
0.0
176
1
 40
1.0
176
1
 90
0
176
1
 62
18
420
0
176
1
 90
50
176
1
 90
3
176
1
 62
5
420
255
176
1
290
0
176
1
 90
50
176
1
 90
50
176
1
 90
50
176
1
290
0
176
1
 90
50
176
1
 62
256
176
0
 40
1.0
176
0
 90
2
176
1
  1
strokes_ogs.tif
176
1
290
0
176
1
 40
1.0
176
1
 40
1.0
176
1
1001
ACAD
1000
AcDbSavedByObjectVersion
1070
0
  0
VISUALSTYLE
  5
3A
102
{ACAD_REACTORS
330
29
102
}
330
29
100
AcDbVisualStyle
  2
Shades of Gray
 70
23
177
3
291
0
 70
58
 90
2
176
1
 90
2
176
1
 90
3
176
1
 90
0
176
1
 40
0.6
176
1
 40
30.0
176
1
 62
7
420
16777215
176
1
 90
2
176
1
 90
2
176
1
 62
7
176
1
 62
7
176
1
 90
1
176
1
 90
1
176
1
 40
40.0
176
1
 90
8
176
1
 62
7
176
1
 40
1.0
176
1
 90
1
176
1
 90
6
176
1
 90
2
176
1
 62
7
176
1
 90
3
176
1
 90
0
176
1
 90
0
176
1
290
0
176
1
 90
1
176
1
 40
0.0
176
1
 90
0
176
1
290
0
176
1
290
1
176
1
290
1
176
1
290
0
176
1
290
0
176
1
290
0
176
1
290
0
176
1
290
0
176
1
290
0
176
1
 90
50
176
1
 40
0.0
176
1
 40
1.0
176
1
 90
0
176
1
 62
18
420
0
176
1
 90
50
176
1
 90
3
176
1
 62
5
420
255
176
1
290
0
176
1
 90
50
176
1
 90
50
176
1
 90
50
176
1
290
0
176
1
 90
50
176
1
 62
256
176
0
 40
1.0
176
0
 90
2
176
1
  1
strokes_ogs.tif
176
1
290
0
176
1
 40
1.0
176
1
 40
1.0
176
1
1001
ACAD
1000
AcDbSavedByObjectVersion
1070
0
  0
VISUALSTYLE
  5
3B
102
{ACAD_REACTORS
330
29
102
}
330
29
100
AcDbVisualStyle
  2
Sketchy
 70
24
177
3
291
0
 70
58
 90
1
176
1
 90
2
176
1
 90
2
176
1
 90
0
176
1
 40
0.6
176
1
 40
30.0
176
1
 62
7
420
16777215
176
1
 90
2
176
1
 90
2
176
1
 62
7
176
1
 62
7
176
1
 90
1
176
1
 90
1
176
1
 40
40.0
176
1
 90
11
176
1
 62
7
176
1
 40
1.0
176
1
 90
1
176
1
 90
6
176
1
 90
2
176
1
 62
7
176
1
 90
6
176
1
 90
0
176
1
 90
0
176
1
290
0
176
1
 90
1
176
1
 40
0.0
176
1
 90
0
176
1
290
0
176
1
290
1
176
1
290
1
176
1
290
0
176
1
290
0
176
1
290
0
176
1
290
0
176
1
290
0
176
1
290
0
176
1
 90
50
176
1
 40
0.0
176
1
 40
1.0
176
1
 90
0
176
1
 62
18
420
0
176
1
 90
50
176
1
 90
3
176
1
 62
5
420
255
176
1
290
0
176
1
 90
50
176
1
 90
50
176
1
 90
50
176
1
290
0
176
1
 90
50
176
1
 62
256
176
0
 40
1.0
176
0
 90
2
176
1
  1
strokes_ogs.tif
176
1
290
0
176
1
 40
1.0
176
1
 40
1.0
176
1
1001
ACAD
1000
AcDbSavedByObjectVersion
1070
0
  0
VISUALSTYLE
  5
36
102
{ACAD_REACTORS
330
29
102
}
330
29
100
AcDbVisualStyle
  2
Thicken
 70
13
177
3
291
1
 70
58
 90
2
176
1
 90
2
176
1
 90
0
176
1
 90
0
176
1
 40
0.6
176
1
 40
30.0
176
1
 62
7
420
16777215
176
1
 90
1
176
1
 90
4
176
1
 62
7
176
1
 62
257
176
1
 90
1
176
1
 90
1
176
1
 40
1.0
176
1
 90
12
176
1
 62
7
176
1
 40
1.0
176
1
 90
1
176
1
 90
6
176
1
 90
2
176
1
 62
7
176
1
 90
5
176
1
 90
0
176
1
 90
0
176
1
290
0
176
1
 90
1
176
1
 40
0.0
176
1
 90
0
176
1
290
0
176
1
290
1
176
1
290
1
176
1
290
0
176
1
290
0
176
1
290
0
176
1
290
0
176
1
290
0
176
1
290
0
176
1
 90
50
176
1
 40
0.0
176
1
 40
1.0
176
1
 90
0
176
1
 62
18
420
0
176
1
 90
50
176
1
 90
3
176
1
 62
5
420
255
176
1
290
0
176
1
 90
50
176
1
 90
50
176
1
 90
50
176
1
290
0
176
1
 90
50
176
1
 62
256
176
0
 40
1.0
176
0
 90
2
176
1
  1
strokes_ogs.tif
176
1
290
0
176
1
 40
1.0
176
1
 40
1.0
176
1
1001
ACAD
1000
AcDbSavedByObjectVersion
1070
0
  0
VISUALSTYLE
  5
30
102
{ACAD_REACTORS
330
29
102
}
330
29
100
AcDbVisualStyle
  2
Wireframe
 70
5
177
3
291
0
 70
58
 90
0
176
1
 90
2
176
1
 90
0
176
1
 90
0
176
1
 40
0.6
176
1
 40
30.0
176
1
 62
7
420
16777215
176
1
 90
1
176
1
 90
4
176
1
 62
7
176
1
 62
257
176
1
 90
1
176
1
 90
1
176
1
 40
1.0
176
1
 90
0
176
1
 62
257
176
1
 40
1.0
176
1
 90
1
176
1
 90
6
176
1
 90
2
176
1
 62
7
176
1
 90
3
176
1
 90
0
176
1
 90
0
176
1
290
0
176
1
 90
1
176
1
 40
0.0
176
1
 90
0
176
1
290
0
176
1
290
1
176
1
290
1
176
1
290
0
176
1
290
0
176
1
290
0
176
1
290
0
176
1
290
0
176
1
290
0
176
1
 90
50
176
1
 40
0.0
176
1
 40
1.0
176
1
 90
0
176
1
 62
18
420
0
176
1
 90
50
176
1
 90
3
176
1
 62
5
420
255
176
1
290
0
176
1
 90
50
176
1
 90
50
176
1
 90
50
176
1
290
0
176
1
 90
50
176
1
 62
256
176
0
 40
1.0
176
0
 90
2
176
1
  1
strokes_ogs.tif
176
1
290
0
176
1
 40
1.0
176
1
 40
1.0
176
1
1001
ACAD
1000
AcDbSavedByObjectVersion
1070
0
  0
VISUALSTYLE
  5
3C
102
{ACAD_REACTORS
330
29
102
}
330
29
100
AcDbVisualStyle
  2
X-Ray
 70
25
177
3
291
0
 70
58
 90
2
176
1
 90
2
176
1
 90
1
176
1
 90
1
176
1
 40
0.5
176
1
 40
30.0
176
1
 62
7
420
16777215
176
1
 90
1
176
1
 90
0
176
1
 62
7
176
1
 62
257
176
1
 90
1
176
1
 90
1
176
1
 40
1.0
176
1
 90
8
176
1
 62
7
176
1
 40
1.0
176
1
 90
1
176
1
 90
6
176
1
 90
2
176
1
 62
7
176
1
 90
3
176
1
 90
0
176
1
 90
0
176
1
290
0
176
1
 90
13
176
1
 40
0.0
176
1
 90
0
176
1
290
0
176
1
290
1
176
1
290
1
176
1
290
0
176
1
290
0
176
1
290
0
176
1
290
0
176
1
290
0
176
1
290
0
176
1
 90
50
176
1
 40
0.0
176
1
 40
1.0
176
1
 90
0
176
1
 62
18
420
0
176
1
 90
50
176
1
 90
3
176
1
 62
5
420
255
176
1
290
0
176
1
 90
50
176
1
 90
50
176
1
 90
50
176
1
290
0
176
1
 90
50
176
1
 62
256
176
0
 40
1.0
176
0
 90
2
176
1
  1
strokes_ogs.tif
176
1
290
0
176
1
 40
1.0
176
1
 40
1.0
176
1
1001
ACAD
1000
AcDbSavedByObjectVersion
1070
0
  0
DICTIONARYVAR
  5
12B6
102
{ACAD_REACTORS
330
12B1
102
}
330
12B1
100
DictionaryVariables
280
0
  1
0
  0
DICTIONARYVAR
  5
12B7
102
{ACAD_REACTORS
330
12B1
102
}
330
12B1
100
DictionaryVariables
280
0
  1
1:1
  0
DICTIONARYVAR
  5
12B3
102
{ACAD_REACTORS
330
12B1
102
}
330
12B1
100
DictionaryVariables
280
0
  1
STANDARD
  0
DICTIONARYVAR
  5
12B2
102
{ACAD_REACTORS
330
12B1
102
}
330
12B1
100
DictionaryVariables
280
0
  1
STANDARD
  0
DICTIONARYVAR
  5
12B4
102
{ACAD_REACTORS
330
12B1
102
}
330
12B1
100
DictionaryVariables
280
0
  1
Imperial24
  0
DICTIONARYVAR
  5
12B5
102
{ACAD_REACTORS
330
12B1
102
}
330
12B1
100
DictionaryVariables
280
0
  1
Imperial24
  0
DICTIONARY
  5
12BD
330
6B
100
AcDbDictionary
280
1
281
1
  3
ACAD_XREC_ROUNDTRIP
360
12BE
  0
DICTIONARY
  5
1A
330
19
100
AcDbDictionary
280
1
281
1
  3
BUMPTILE
360
1C
  3
DIFFUSETILE
360
1B
  3
OPACITYTILE
360
1F
  3
REFLECTIONTILE
360
1E
  3
REFRACTIONTILE
360
20
  3
SPECULARTILE
360
1D
  0
DICTIONARY
  5
12
330
11
100
AcDbDictionary
280
1
281
1
  3
BUMPTILE
360
14
  3
DIFFUSETILE
360
13
  3
OPACITYTILE
360
17
  3
REFLECTIONTILE
360
16
  3
REFRACTIONTILE
360
18
  3
SPECULARTILE
360
15
  0
DICTIONARY
  5
22
330
21
100
AcDbDictionary
280
1
281
1
  3
BUMPTILE
360
24
  3
DIFFUSETILE
360
23
  3
OPACITYTILE
360
27
  3
REFLECTIONTILE
360
26
  3
REFRACTIONTILE
360
28
  3
SPECULARTILE
360
25
  0
DICTIONARY
  5
12BB
330
69
100
AcDbDictionary
280
1
281
1
  3
ACAD_XREC_ROUNDTRIP
360
12BC
  0
DICTIONARY
  5
12B8
330
65
100
AcDbDictionary
280
1
281
1
  3
ACAD_ROUNDTRIP_2008_TABLESTYLE_CELLSTYLEMAP
360
12B9
  0
XRECORD
  5
12BE
102
{ACAD_REACTORS
330
12BD
102
}
330
12BD
100
AcDbXrecord
280
1
102
DISPLAYNAME
  1
Imperial24
102
FLAGS
 90
0
  0
XRECORD
  5
1C
102
{ACAD_REACTORS
330
1A
102
}
330
1A
100
AcDbXrecord
280
1
270
1
271
1
  0
XRECORD
  5
1B
102
{ACAD_REACTORS
330
1A
102
}
330
1A
100
AcDbXrecord
280
1
270
1
271
1
  0
XRECORD
  5
1F
102
{ACAD_REACTORS
330
1A
102
}
330
1A
100
AcDbXrecord
280
1
270
1
271
1
  0
XRECORD
  5
1E
102
{ACAD_REACTORS
330
1A
102
}
330
1A
100
AcDbXrecord
280
1
270
1
271
1
  0
XRECORD
  5
20
102
{ACAD_REACTORS
330
1A
102
}
330
1A
100
AcDbXrecord
280
1
270
1
271
1
  0
XRECORD
  5
1D
102
{ACAD_REACTORS
330
1A
102
}
330
1A
100
AcDbXrecord
280
1
270
1
271
1
  0
XRECORD
  5
14
102
{ACAD_REACTORS
330
12
102
}
330
12
100
AcDbXrecord
280
1
270
1
271
1
  0
XRECORD
  5
13
102
{ACAD_REACTORS
330
12
102
}
330
12
100
AcDbXrecord
280
1
270
1
271
1
  0
XRECORD
  5
17
102
{ACAD_REACTORS
330
12
102
}
330
12
100
AcDbXrecord
280
1
270
1
271
1
  0
XRECORD
  5
16
102
{ACAD_REACTORS
330
12
102
}
330
12
100
AcDbXrecord
280
1
270
1
271
1
  0
XRECORD
  5
18
102
{ACAD_REACTORS
330
12
102
}
330
12
100
AcDbXrecord
280
1
270
1
271
1
  0
XRECORD
  5
15
102
{ACAD_REACTORS
330
12
102
}
330
12
100
AcDbXrecord
280
1
270
1
271
1
  0
XRECORD
  5
24
102
{ACAD_REACTORS
330
22
102
}
330
22
100
AcDbXrecord
280
1
270
1
271
1
  0
XRECORD
  5
23
102
{ACAD_REACTORS
330
22
102
}
330
22
100
AcDbXrecord
280
1
270
1
271
1
  0
XRECORD
  5
27
102
{ACAD_REACTORS
330
22
102
}
330
22
100
AcDbXrecord
280
1
270
1
271
1
  0
XRECORD
  5
26
102
{ACAD_REACTORS
330
22
102
}
330
22
100
AcDbXrecord
280
1
270
1
271
1
  0
XRECORD
  5
28
102
{ACAD_REACTORS
330
22
102
}
330
22
100
AcDbXrecord
280
1
270
1
271
1
  0
XRECORD
  5
25
102
{ACAD_REACTORS
330
22
102
}
330
22
100
AcDbXrecord
280
1
270
1
271
1
  0
XRECORD
  5
12BC
102
{ACAD_REACTORS
330
12BB
102
}
330
12BB
100
AcDbXrecord
280
1
102
DISPLAYNAME
  1
Imperial24
102
FLAGS
 90
0
  0
CELLSTYLEMAP
  5
12B9
102
{ACAD_REACTORS
330
12B8
102
}
330
12B8
100
AcDbCellStyleMap
 90
3
300
CELLSTYLE
  1
TABLEFORMAT_BEGIN
 90
5
170
1
 91
0
 92
32768
 62
257
 93
1
300
CONTENTFORMAT
  1
CONTENTFORMAT_BEGIN
 90
0
 91
0
 92
512
 93
0
300

 40
0.0
140
1.0
 94
5
 62
0
340
55
144
0.25
309
CONTENTFORMAT_END
171
1
301
MARGIN
  1
CELLMARGIN_BEGIN
 40
1.5
 40
1.5
 40
1.5
 40
1.5
 40
0.18
 40
0.18
309
CELLMARGIN_END
 94
0
309
TABLEFORMAT_END
  1
CELLSTYLE_BEGIN
 90
1
 91
1
300
_TITLE
309
CELLSTYLE_END
300
CELLSTYLE
  1
TABLEFORMAT_BEGIN
 90
5
170
1
 91
0
 92
0
 62
257
 93
1
300
CONTENTFORMAT
  1
CONTENTFORMAT_BEGIN
 90
0
 91
0
 92
512
 93
0
300

 40
0.0
140
1.0
 94
5
 62
0
340
55
144
0.18
309
CONTENTFORMAT_END
171
1
301
MARGIN
  1
CELLMARGIN_BEGIN
 40
1.5
 40
1.5
 40
1.5
 40
1.5
 40
0.18
 40
0.18
309
CELLMARGIN_END
 94
0
309
TABLEFORMAT_END
  1
CELLSTYLE_BEGIN
 90
2
 91
1
300
_HEADER
309
CELLSTYLE_END
300
CELLSTYLE
  1
TABLEFORMAT_BEGIN
 90
5
170
1
 91
0
 92
0
 62
257
 93
1
300
CONTENTFORMAT
  1
CONTENTFORMAT_BEGIN
 90
0
 91
0
 92
512
 93
0
300

 40
0.0
140
1.0
 94
2
 62
0
340
55
144
0.18
309
CONTENTFORMAT_END
171
1
301
MARGIN
  1
CELLMARGIN_BEGIN
 40
1.5
 40
1.5
 40
1.5
 40
1.5
 40
0.18
 40
0.18
309
CELLMARGIN_END
 94
0
309
TABLEFORMAT_END
  1
CELLSTYLE_BEGIN
 90
3
 91
2
300
_DATA
309
CELLSTYLE_END
  0
DICTIONARY
  5
12C9
330
C
100
AcDbDictionary
280
1
281
1
  3
WRITTEN_BY_EZDXF
350
12CA
  0
DICTIONARYVAR
  5
12CA
330
12C9
100
DictionaryVariables
280
0
  1
1.4.4 @ 2026-09-02T13:22:04.920461+00:00
  0
ENDSEC
  0
EOF
