  0
SECTION
  2
HEADER
  9
$ACADVER
  1
AC1032
  9
$ACADMAINTVER
 90
4
  9
$DWGCODEPAGE
  3
ANSI_1252
  9
$REQUIREDVERSIONS
160
0
  9
$INSBASE
 10
0.0
 20
0.0
 30
0.0
  9
$EXTMIN
 10
0.0
 20
0.0
 30
0.0
  9
$EXTMAX
 10
210.0
 20
148.5
 30
0.0
  9
$LIMMIN
 10
0.0
 20
0.0
  9
$LIMMAX
 10
12.0
 20
9.0
  9
$ORTHOMODE
 70
0
  9
$REGENMODE
 70
1
  9
$FILLMODE
 70
1
  9
$QTEXTMODE
 70
0
  9
$MIRRTEXT
 70
0
  9
$LTSCALE
 40
0.5
  9
$ATTMODE
 70
1
  9
$TEXTSIZE
 40
0.2
  9
$TRACEWID
 40
0.05
  9
$TEXTSTYLE
  7
Standard
  9
$CLAYER
  8
0
  9
$CELTYPE
  6
ByLayer
  9
$CECOLOR
 62
256
  9
$CELTSCALE
 40
1.0
  9
$DISPSILH
 70
0
  9
$DIMSCALE
 40
1.0
  9
$DIMASZ
 40
0.18
  9
$DIMEXO
 40
0.0625
  9
$DIMDLI
 40
0.38
  9
$DIMRND
 40
0.0
  9
$DIMDLE
 40
0.0
  9
$DIMEXE
 40
0.18
  9
$DIMTP
 40
0.0
  9
$DIMTM
 40
0.0
  9
$DIMTXT
 40
0.18
  9
$DIMCEN
 40
0.09
  9
$DIMTSZ
 40
0.0
  9
$DIMTOL
 70
0
  9
$DIMLIM
 70
0
  9
$DIMTIH
 70
1
  9
$DIMTOH
 70
1
  9
$DIMSE1
 70
0
  9
$DIMSE2
 70
0
  9
$DIMTAD
 70
0
  9
$DIMZIN
 70
0
  9
$DIMBLK
  1

  9
$DIMASO
 70
1
  9
$DIMSHO
 70
1
  9
$DIMPOST
  1

  9
$DIMAPOST
  1

  9
$DIMALT
 70
0
  9
$DIMALTD
 70
2
  9
$DIMALTF
 40
25.4
  9
$DIMLFAC
 40
1.0
  9
$DIMTOFL
 70
0
  9
$DIMTVP
 40
0.0
  9
$DIMTIX
 70
0
  9
$DIMSOXD
 70
0
  9
$DIMSAH
 70
0
  9
$DIMBLK1
  1

  9
$DIMBLK2
  1

  9
$DIMSTYLE
  2
Standard
  9
$DIMCLRD
 70
0
  9
$DIMCLRE
 70
0
  9
$DIMCLRT
 70
0
  9
$DIMTFAC
 40
1.0
  9
$DIMGAP
 40
0.09
  9
$DIMJUST
 70
0
  9
$DIMSD1
 70
0
  9
$DIMSD2
 70
0
  9
$DIMTOLJ
 70
1
  9
$DIMTZIN
 70
0
  9
$DIMALTZ
 70
0
  9
$DIMALTTZ
 70
0
  9
$DIMUPT
 70
0
  9
$DIMDEC
 70
4
  9
$DIMTDEC
 70
4
  9
$DIMALTU
 70
2
  9
$DIMALTTD
 70
2
  9
$DIMTXSTY
  7
Standard
  9
$DIMAUNIT
 70
0
  9
$DIMADEC
 70
0
  9
$DIMALTRND
 40
0.0
  9
$DIMAZIN
 70
0
  9
$DIMDSEP
 70
46
  9
$DIMATFIT
 70
3
  9
$DIMFRAC
 70
0
  9
$DIMLDRBLK
  1

  9
$DIMLUNIT
 70
2
  9
$DIMLWD
 70
-2
  9
$DIMLWE
 70
-2
  9
$DIMTMOVE
 70
0
  9
$DIMFXL
 40
1.0
  9
$DIMFXLON
 70
0
  9
$DIMJOGANG
 40
0.7853981633974483
  9
$DIMTFILL
 70
0
  9
$DIMTFILLCLR
 70
0
  9
$DIMARCSYM
 70
0
  9
$DIMLTYPE
  6

  9
$DIMLTEX1
  6

  9
$DIMLTEX2
  6

  9
$DIMTXTDIRECTION
 70
0
  9
$LUNITS
 70
2
  9
$LUPREC
 70
4
  9
$SKETCHINC
 40
0.1
  9
$FILLETRAD
 40
0.0
  9
$AUNITS
 70
0
  9
$AUPREC
 70
0
  9
$MENU
  1
.
  9
$ELEVATION
 40
0.0
  9
$PELEVATION
 40
0.0
  9
$THICKNESS
 40
0.0
  9
$LIMCHECK
 70
0
  9
$CHAMFERA
 40
0.0
  9
$CHAMFERB
 40
0.0
  9
$CHAMFERC
 40
0.0
  9
$CHAMFERD
 40
0.0
  9
$SKPOLY
 70
0
  9
$TDCREATE
 40
2461286.4132060185
  9
$TDUCREATE
 40
2461064.253321759
  9
$TDUPDATE
 40
2461286.4132060185
  9
$TDUUPDATE
 40
2461064.253321759
  9
$TDINDWG
 40
3.47222e-05
  9
$TDUSRTIMER
 40
3.47222e-05
  9
$USRTIMER
 70
1
  9
$ANGBASE
 50
0.0
  9
$ANGDIR
 70
0
  9
$PDMODE
 70
0
  9
$PDSIZE
 40
0.0
  9
$PLINEWID
 40
0.0
  9
$SPLFRAME
 70
0
  9
$SPLINETYPE
 70
6
  9
$SPLINESEGS
 70
8
  9
$HANDSEED
  5
1F06
  9
$SURFTAB1
 70
6
  9
$SURFTAB2
 70
6
  9
$SURFTYPE
 70
6
  9
$SURFU
 70
6
  9
$SURFV
 70
6
  9
$UCSBASE
  2

  9
$UCSNAME
  2

  9
$UCSORG
 10
0.0
 20
0.0
 30
0.0
  9
$UCSXDIR
 10
1.0
 20
0.0
 30
0.0
  9
$UCSYDIR
 10
0.0
 20
1.0
 30
0.0
  9
$UCSORTHOREF
  2

  9
$UCSORTHOVIEW
 70
0
  9
$UCSORGTOP
 10
0.0
 20
0.0
 30
0.0
  9
$UCSORGBOTTOM
 10
0.0
 20
0.0
 30
0.0
  9
$UCSORGLEFT
 10
0.0
 20
0.0
 30
0.0
  9
$UCSORGRIGHT
 10
0.0
 20
0.0
 30
0.0
  9
$UCSORGFRONT
 10
0.0
 20
0.0
 30
0.0
  9
$UCSORGBACK
 10
0.0
 20
0.0
 30
0.0
  9
$PUCSBASE
  2

  9
$PUCSNAME
  2

  9
$PUCSORG
 10
0.0
 20
0.0
 30
0.0
  9
$PUCSXDIR
 10
1.0
 20
0.0
 30
0.0
  9
$PUCSYDIR
 10
0.0
 20
1.0
 30
0.0
  9
$PUCSORTHOREF
  2

  9
$PUCSORTHOVIEW
 70
0
  9
$PUCSORGTOP
 10
0.0
 20
0.0
 30
0.0
  9
$PUCSORGBOTTOM
 10
0.0
 20
0.0
 30
0.0
  9
$PUCSORGLEFT
 10
0.0
 20
0.0
 30
0.0
  9
$PUCSORGRIGHT
 10
0.0
 20
0.0
 30
0.0
  9
$PUCSORGFRONT
 10
0.0
 20
0.0
 30
0.0
  9
$PUCSORGBACK
 10
0.0
 20
0.0
 30
0.0
  9
$USERI1
 70
0
  9
$USERI2
 70
0
  9
$USERI3
 70
0
  9
$USERI4
 70
0
  9
$USERI5
 70
0
  9
$USERR1
 40
0.0
  9
$USERR2
 40
0.0
  9
$USERR3
 40
0.0
  9
$USERR4
 40
0.0
  9
$USERR5
 40
0.0
  9
$WORLDVIEW
 70
1
  9
$SHADEDGE
 70
3
  9
$SHADEDIF
 70
70
  9
$TILEMODE
 70
1
  9
$MAXACTVP
 70
64
  9
$PINSBASE
 10
0.0
 20
0.0
 30
0.0
  9
$PLIMCHECK
 70
0
  9
$PEXTMIN
 10
0.0
 20
0.0
 30
0.0
  9
$PEXTMAX
 10
0.0
 20
0.0
 30
0.0
  9
$PLIMMIN
 10
0.0
 20
0.0
  9
$PLIMMAX
 10
12.0
 20
9.0
  9
$UNITMODE
 70
0
  9
$VISRETAIN
 70
1
  9
$PLINEGEN
 70
0
  9
$PSLTSCALE
 70
1
  9
$TREEDEPTH
 70
3020
  9
$CMLSTYLE
  2
Standard
  9
$CMLJUST
 70
0
  9
$CMLSCALE
 40
1.0
  9
$PROXYGRAPHICS
 70
1
  9
$MEASUREMENT
 70
1
  9
$CELWEIGHT
370
-1
  9
$ENDCAPS
280
0
  9
$JOINSTYLE
280
0
  9
$LWDISPLAY
290
0
  9
$INSUNITS
 70
4
  9
$HYPERLINKBASE
  1

  9
$STYLESHEET
  1

  9
$XEDIT
290
1
  9
$CEPSNTYPE
380
0
  9
$PSTYLEMODE
290
1
  9
$FINGERPRINTGUID
  2
{98A37D45-3C89-FF4F-BEDA-436FBB4E24BF}
  9
$VERSIONGUID
  2
{24C8F79E-2A31-4401-AEB7-2F302066BD3A}
  9
$EXTNAMES
290
1
  9
$PSVPSCALE
 40
0.0
  9
$OLESTARTUP
290
0
  9
$SORTENTS
280
127
  9
$INDEXCTL
280
0
  9
$HIDETEXT
280
1
  9
$XCLIPFRAME
280
2
  9
$HALOGAP
280
0
  9
$OBSCOLOR
 70
257
  9
$OBSLTYPE
280
0
  9
$INTERSECTIONDISPLAY
280
0
  9
$INTERSECTIONCOLOR
 70
257
  9
$DIMASSOC
280
1
  9
$PROJECTNAME
  1

  9
$CAMERADISPLAY
290
0
  9
$LENSLENGTH
 40
50.0
  9
$CAMERAHEIGHT
 40
0.0
  9
$STEPSPERSEC
 40
2.0
  9
$STEPSIZE
 40
6.0
  9
$3DDWFPREC
 40
2.0
  9
$PSOLWIDTH
 40
0.25
  9
$PSOLHEIGHT
 40
4.0
  9
$LOFTANG1
 40
1.570796326794896
  9
$LOFTANG2
 40
1.570796326794896
  9
$LOFTMAG1
 40
0.0
  9
$LOFTMAG2
 40
0.0
  9
$LOFTPARAM
 70
7
  9
$LOFTNORMALS
280
1
  9
$LATITUDE
 40
37.795
  9
$LONGITUDE
 40
-122.394
  9
$NORTHDIRECTION
 40
0.0
  9
$TIMEZONE
 70
-8000
  9
$LIGHTGLYPHDISPLAY
280
1
  9
$TILEMODELIGHTSYNCH
280
1
  9
$CMATERIAL
347
11
  9
$SOLIDHIST
280
0
  9
$SHOWHIST
280
1
  9
$DWFFRAME
280
2
  9
$DGNFRAME
280
0
  9
$REALWORLDSCALE
290
1
  9
$INTERFERECOLOR
 62
1
  9
$INTERFEREOBJVS
345
33
  9
$INTERFEREVPVS
346
30
  9
$CSHADOW
280
0
  9
$SHADOWPLANELOCATION
 40
0.0
  0
ENDSEC
  0
SECTION
  2
CLASSES
  0
CLASS
  1
ACDBDICTIONARYWDFLT
  2
AcDbDictionaryWithDefault
  3
ObjectDBX Classes
 90
0
 91
1
280
0
281
0
  0
CLASS
  1
MATERIAL
  2
AcDbMaterial
  3
ObjectDBX Classes
 90
1153
 91
3
280
0
281
0
  0
CLASS
  1
VISUALSTYLE
  2
AcDbVisualStyle
  3
ObjectDBX Classes
 90
4095
 91
24
280
0
281
0
  0
CLASS
  1
SCALE
  2
AcDbScale
  3
ObjectDBX Classes
 90
1153
 91
17
280
0
281
0
  0
CLASS
  1
TABLESTYLE
  2
AcDbTableStyle
  3
ObjectDBX Classes
 90
4095
 91
1
280
0
281
0
  0
CLASS
  1
MLEADERSTYLE
  2
AcDbMLeaderStyle
  3
ACDB_MLEADERSTYLE_CLASS
 90
4095
 91
1
280
0
281
0
  0
CLASS
  1
ACDBSECTIONVIEWSTYLE
  2
AcDbSectionViewStyle
  3
ObjectDBX Classes
 90
1025
 91
2
280
0
281
0
  0
CLASS
  1
ACDBDETAILVIEWSTYLE
  2
AcDbDetailViewStyle
  3
ObjectDBX Classes
 90
1025
 91
2
280
0
281
0
  0
CLASS
  1
DICTIONARYVAR
  2
AcDbDictionaryVar
  3
ObjectDBX Classes
 90
0
 91
5
280
0
281
0
  0
CLASS
  1
CELLSTYLEMAP
  2
AcDbCellStyleMap
  3
ObjectDBX Classes
 90
1152
 91
1
280
0
281
0
  0
CLASS
  1
SUN
  2
AcDbSun
  3
SCENEOE
 90
1153
 91
0
280
0
281
0
  0
CLASS
  1
MENTALRAYRENDERSETTINGS
  2
AcDbMentalRayRenderSettings
  3
SCENEOE
 90
1024
 91
0
280
0
281
0
  0
CLASS
  1
RASTERVARIABLES
  2
AcDbRasterVariables
  3
ISM
 90
0
 91
0
280
0
281
0
  0
CLASS
  1
LAYOUT
  2
AcDbLayout
  3
ObjectDBX Classes
 90
0
 91
0
280
0
281
0
  0
CLASS
  1
ACDBPLACEHOLDER
  2
AcDbPlaceHolder
  3
ObjectDBX Classes
 90
0
 91
0
280
0
281
0
  0
ENDSEC
  0
SECTION
  2
TABLES
  0
TABLE
  2
VPORT
  5
8
330
0
100
AcDbSymbolTable
 70
1
  0
VPORT
  5
57
330
8
100
AcDbSymbolTableRecord
100
AcDbViewportTableRecord
  2
*Active
 70
0
 10
0.0
 20
0.0
 11
1.0
 21
1.0
 12
105.0
 22
74.25
 13
0.0
 23
0.0
 14
1.0
 24
1.0
 15
0.0
 25
0.0
 16
0.0
 26
0.0
 36
1.0
 17
0.0
 27
0.0
 37
0.0
 40
148.5
 41
1.414141414141414
 42
50.0
 43
0.0
 44
0.0
 50
0.0
 51
0.0
 71
0
 72
100
 73
1
 74
1
 75
0
 76
0
 77
0
 78
0
281
0
 65
1
110
0.0
120
0.0
130
0.0
111
1.0
121
0.0
131
0.0
112
0.0
122
1.0
132
0.0
 79
0
146
0.0
 60
3
 61
5
292
1
282
1
141
0.0
142
0.0
 63
250
421
3355443
  0
ENDTAB
  0
TABLE
  2
LTYPE
  5
5
330
0
100
AcDbSymbolTable
 70
61
  0
LTYPE
  5
5B
330
5
100
AcDbSymbolTableRecord
100
AcDbLinetypeTableRecord
  2
ByBlock
 70
0
  3

 72
65
 73
0
 40
0.0
  0
LTYPE
  5
5C
330
5
100
AcDbSymbolTableRecord
100
AcDbLinetypeTableRecord
  2
ByLayer
 70
0
  3

 72
65
 73
0
 40
0.0
  0
LTYPE
  5
5D
330
5
100
AcDbSymbolTableRecord
100
AcDbLinetypeTableRecord
  2
Continuous
 70
0
  3
Solid line
 72
65
 73
0
 40
0.0
  0
LTYPE
  5
82
330
5
100
AcDbSymbolTableRecord
100
AcDbLinetypeTableRecord
  2
Section_View_Lines
 70
0
  3
Section View Lines
 72
65
 73
4
 40
0.8406
 49
0.6614
 74
0
 49
-0.0827
 74
0
 49
0.0138
 74
0
 49
-0.0827
 74
0
  0
LTYPE
  5
83
330
5
100
AcDbSymbolTableRecord
100
AcDbLinetypeTableRecord
  2
CHAIN
 70
0
  3
Chain ____ _ ____ _ ____ _ ____ _ ____ _ ____
 72
65
 73
4
 40
0.3543
 49
0.2362
 74
0
 49
-0.0295
 74
0
 49
0.0591
 74
0
 49
-0.0295
 74
0
  0
LTYPE
  5
84
330
5
100
AcDbSymbolTableRecord
100
AcDbLinetypeTableRecord
  2
DASH_DOT
 70
0
  3
Dash dot _._._._._._._._._._._._._._._.
 72
65
 73
4
 40
0.182
 49
0.1181
 74
0
 49
-0.0295
 74
0
 49
0.0049
 74
0
 49
-0.0295
 74
0
  0
LTYPE
  5
85
330
5
100
AcDbSymbolTableRecord
100
AcDbLinetypeTableRecord
  2
DASH_DOUBLE_DOT
 70
0
  3
Dash Double Dot __ __ . __ __ . __ __ . __ _
 72
65
 73
6
 40
0.2164
 49
0.1181
 74
0
 49
-0.0295
 74
0
 49
0.0049
 74
0
 49
-0.0295
 74
0
 49
0.0049
 74
0
 49
-0.0295
 74
0
  0
LTYPE
  5
86
330
5
100
AcDbSymbolTableRecord
100
AcDbLinetypeTableRecord
  2
DASH_TRIPLE_DOT
 70
0
  3
Dash Triple-Dot _ . . . _ . . . _ . . . _
 72
65
 73
8
 40
0.2508
 49
0.1181
 74
0
 49
-0.0295
 74
0
 49
0.0049
 74
0
 49
-0.0295
 74
0
 49
0.0049
 74
0
 49
-0.0295
 74
0
 49
0.0049
 74
0
 49
-0.0295
 74
0
  0
LTYPE
  5
87
330
5
100
AcDbSymbolTableRecord
100
AcDbLinetypeTableRecord
  2
DASHED
 70
0
  3
Dashed __ __ __ __ __ __ __ __ __ __ __ __ __ _
 72
65
 73
2
 40
0.2068
 49
0.1655
 74
0
 49
-0.0413
 74
0
  0
LTYPE
  5
88
330
5
100
AcDbSymbolTableRecord
100
AcDbLinetypeTableRecord
  2
DASHED_SPACE
 70
0
  3
Dashed Space __ __ __ __ __ __ __ __ __ __ __ _
 72
65
 73
2
 40
0.2067
 49
0.1654
 74
0
 49
-0.0413
 74
0
  0
LTYPE
  5
89
330
5
100
AcDbSymbolTableRecord
100
AcDbLinetypeTableRecord
  2
DOTTED
 70
0
  3
Dotted . . . . . . . . . . . . . . . . . . . . 
 72
65
 73
2
 40
0.0481
 49
0.0068
 74
0
 49
-0.0413
 74
0
  0
LTYPE
  5
8A
330
5
100
AcDbSymbolTableRecord
100
AcDbLinetypeTableRecord
  2
DOUBLE_DASH_CHAIN
 70
0
  3
Double Dash Chain ___ _ _ ___ _ _ ___ _ _ ___ _
 72
65
 73
6
 40
1.240299999999999
 49
0.6614
 74
0
 49
-0.0827
 74
0
 49
0.1654
 74
0
 49
-0.0827
 74
0
 49
0.1654
 74
0
 49
-0.0827
 74
0
  0
LTYPE
  5
8B
330
5
100
AcDbSymbolTableRecord
100
AcDbLinetypeTableRecord
  2
DOUBLE_DASH_DOT
 70
0
  3
Double Dash Dot __ __ . __ __ . __ __ . __ _
 72
65
 73
6
 40
0.3296
 49
0.1181
 74
0
 49
-0.0295
 74
0
 49
0.1181
 74
0
 49
-0.0295
 74
0
 49
0.0049
 74
0
 49
-0.0295
 74
0
  0
LTYPE
  5
8C
330
5
100
AcDbSymbolTableRecord
100
AcDbLinetypeTableRecord
  2
DOUBLE_DASH_DOUBLE_DOT
 70
0
  3
Double Dash Double Dot _ _ . . _ _ . . _ _
 72
65
 73
8
 40
0.364
 49
0.1181
 74
0
 49
-0.0295
 74
0
 49
0.1181
 74
0
 49
-0.0295
 74
0
 49
0.0049
 74
0
 49
-0.0295
 74
0
 49
0.0049
 74
0
 49
-0.0295
 74
0
  0
LTYPE
  5
8D
330
5
100
AcDbSymbolTableRecord
100
AcDbLinetypeTableRecord
  2
DOUBLE_DASH_TRIPLE_DOT
 70
0
  3
Double Dash Triple Dot __ __ . . . __ __ . . .
 72
65
 73
10
 40
0.3984
 49
0.1181
 74
0
 49
-0.0295
 74
0
 49
0.1181
 74
0
 49
-0.0295
 74
0
 49
0.0049
 74
0
 49
-0.0295
 74
0
 49
0.0049
 74
0
 49
-0.0295
 74
0
 49
0.0049
 74
0
 49
-0.0295
 74
0
  0
LTYPE
  5
8E
330
5
100
AcDbSymbolTableRecord
100
AcDbLinetypeTableRecord
  2
LONG_DASH_DOTTED
 70
0
  3
Long Dash Dotted ____ . ____ . ____ . ____ . _
 72
65
 73
4
 40
0.3001
 49
0.2362
 74
0
 49
-0.0295
 74
0
 49
0.0049
 74
0
 49
-0.0295
 74
0
  0
LTYPE
  5
8F
330
5
100
AcDbSymbolTableRecord
100
AcDbLinetypeTableRecord
  2
LONG_DASH_DOUBLE_DOT
 70
0
  3
Long Dash Double Dot ____ . . ____ . . ____ . .
 72
65
 73
6
 40
0.3345
 49
0.2362
 74
0
 49
-0.0295
 74
0
 49
0.0049
 74
0
 49
-0.0295
 74
0
 49
0.0049
 74
0
 49
-0.0295
 74
0
  0
LTYPE
  5
90
330
5
100
AcDbSymbolTableRecord
100
AcDbLinetypeTableRecord
  2
LONG_DASH_TRIPLE_DOT
 70
0
  3
Long Dash Triple Dot ____ ... ____ ... ____
 72
65
 73
8
 40
0.3689
 49
0.2362
 74
0
 49
-0.0295
 74
0
 49
0.0049
 74
0
 49
-0.0295
 74
0
 49
0.0049
 74
0
 49
-0.0295
 74
0
 49
0.0049
 74
0
 49
-0.0295
 74
0
  0
LTYPE
  5
91
330
5
100
AcDbSymbolTableRecord
100
AcDbLinetypeTableRecord
  2
BORDER
 70
0
  3
Border __ __ . __ __ . __ __ . __ __ . __ __ .
 72
65
 73
6
 40
44.45
 49
12.7
 74
0
 49
-6.349999999999999
 74
0
 49
12.7
 74
0
 49
-6.349999999999999
 74
0
 49
0.0
 74
0
 49
-6.349999999999999
 74
0
  0
LTYPE
  5
92
330
5
100
AcDbSymbolTableRecord
100
AcDbLinetypeTableRecord
  2
BORDER2
 70
0
  3
Border (.5x) __.__.__.__.__.__.__.__.__.__.__.
 72
65
 73
6
 40
22.225
 49
6.349999999999999
 74
0
 49
-3.174999999999999
 74
0
 49
6.349999999999999
 74
0
 49
-3.174999999999999
 74
0
 49
0.0
 74
0
 49
-3.174999999999999
 74
0
  0
LTYPE
  5
93
330
5
100
AcDbSymbolTableRecord
100
AcDbLinetypeTableRecord
  2
BORDERX2
 70
0
  3
Border (2x) ____  ____  .  ____  ____  .  ___
 72
65
 73
6
 40
88.9
 49
25.4
 74
0
 49
-12.7
 74
0
 49
25.4
 74
0
 49
-12.7
 74
0
 49
0.0
 74
0
 49
-12.7
 74
0
  0
LTYPE
  5
94
330
5
100
AcDbSymbolTableRecord
100
AcDbLinetypeTableRecord
  2
CENTER
 70
0
  3
Center ____ _ ____ _ ____ _ ____ _ ____ _ ____
 72
65
 73
4
 40
50.8
 49
31.75
 74
0
 49
-6.349999999999999
 74
0
 49
6.349999999999999
 74
0
 49
-6.349999999999999
 74
0
  0
LTYPE
  5
95
330
5
100
AcDbSymbolTableRecord
100
AcDbLinetypeTableRecord
  2
CENTER2
 70
0
  3
Center (.5x) ___ _ ___ _ ___ _ ___ _ ___ _ ___
 72
65
 73
4
 40
28.575
 49
19.05
 74
0
 49
-3.174999999999999
 74
0
 49
3.174999999999999
 74
0
 49
-3.174999999999999
 74
0
  0
LTYPE
  5
96
330
5
100
AcDbSymbolTableRecord
100
AcDbLinetypeTableRecord
  2
CENTERX2
 70
0
  3
Center (2x) ________  __  ________  __  _____
 72
65
 73
4
 40
101.6
 49
63.5
 74
0
 49
-12.7
 74
0
 49
12.7
 74
0
 49
-12.7
 74
0
  0
LTYPE
  5
97
330
5
100
AcDbSymbolTableRecord
100
AcDbLinetypeTableRecord
  2
DASHDOT2
 70
0
  3
Dash dot (.5x) _._._._._._._._._._._._._._._.
 72
65
 73
4
 40
12.7
 49
6.349999999999999
 74
0
 49
-3.174999999999999
 74
0
 49
0.0
 74
0
 49
-3.174999999999999
 74
0
  0
LTYPE
  5
98
330
5
100
AcDbSymbolTableRecord
100
AcDbLinetypeTableRecord
  2
DASHDOTX2
 70
0
  3
Dash dot (2x) ____  .  ____  .  ____  .  ___
 72
65
 73
4
 40
50.8
 49
25.4
 74
0
 49
-12.7
 74
0
 49
0.0
 74
0
 49
-12.7
 74
0
  0
LTYPE
  5
99
330
5
100
AcDbSymbolTableRecord
100
AcDbLinetypeTableRecord
  2
DASHED2
 70
0
  3
Dashed (.5x) _ _ _ _ _ _ _ _ _ _ _ _ _ _ _ _ _
 72
65
 73
2
 40
9.524999999999999
 49
6.349999999999999
 74
0
 49
-3.174999999999999
 74
0
  0
LTYPE
  5
9A
330
5
100
AcDbSymbolTableRecord
100
AcDbLinetypeTableRecord
  2
DASHEDX2
 70
0
  3
Dashed (2x) ____  ____  ____  ____  ____  ___
 72
65
 73
2
 40
38.1
 49
25.4
 74
0
 49
-12.7
 74
0
  0
LTYPE
  5
9B
330
5
100
AcDbSymbolTableRecord
100
AcDbLinetypeTableRecord
  2
DIVIDE
 70
0
  3
Divide ____ . . ____ . . ____ . . ____ . . ____
 72
65
 73
6
 40
31.75
 49
12.7
 74
0
 49
-6.349999999999999
 74
0
 49
0.0
 74
0
 49
-6.349999999999999
 74
0
 49
0.0
 74
0
 49
-6.349999999999999
 74
0
  0
LTYPE
  5
9C
330
5
100
AcDbSymbolTableRecord
100
AcDbLinetypeTableRecord
  2
DIVIDE2
 70
0
  3
Divide (.5x) __..__..__..__..__..__..__..__.._
 72
65
 73
6
 40
15.875
 49
6.349999999999999
 74
0
 49
-3.174999999999999
 74
0
 49
0.0
 74
0
 49
-3.174999999999999
 74
0
 49
0.0
 74
0
 49
-3.174999999999999
 74
0
  0
LTYPE
  5
9D
330
5
100
AcDbSymbolTableRecord
100
AcDbLinetypeTableRecord
  2
DIVIDEX2
 70
0
  3
Divide (2x) ________  .  .  ________  .  .  _
 72
65
 73
6
 40
63.49999999999999
 49
25.4
 74
0
 49
-12.7
 74
0
 49
0.0
 74
0
 49
-12.7
 74
0
 49
0.0
 74
0
 49
-12.7
 74
0
  0
LTYPE
  5
9E
330
5
100
AcDbSymbolTableRecord
100
AcDbLinetypeTableRecord
  2
DOT
 70
0
  3
Dot . . . . . . . . . . . . . . . . . . . . . .
 72
65
 73
2
 40
6.349999999999999
 49
0.0
 74
0
 49
-6.349999999999999
 74
0
  0
LTYPE
  5
9F
330
5
100
AcDbSymbolTableRecord
100
AcDbLinetypeTableRecord
  2
DOT2
 70
0
  3
Dot (.5x) .....................................
 72
65
 73
2
 40
3.174999999999999
 49
0.0
 74
0
 49
-3.174999999999999
 74
0
  0
LTYPE
  5
A0
330
5
100
AcDbSymbolTableRecord
100
AcDbLinetypeTableRecord
  2
DOTX2
 70
0
  3
Dot (2x) .  .  .  .  .  .  .  .  .  .  .  .  . 
 72
65
 73
2
 40
12.7
 49
0.0
 74
0
 49
-12.7
 74
0
  0
LTYPE
  5
A1
330
5
100
AcDbSymbolTableRecord
100
AcDbLinetypeTableRecord
  2
HIDDEN
 70
0
  3
Hidden __ __ __ __ __ __ __ __ __ __ __ __ __ _
 72
65
 73
2
 40
9.524999999999999
 49
6.349999999999999
 74
0
 49
-3.174999999999999
 74
0
  0
LTYPE
  5
A2
330
5
100
AcDbSymbolTableRecord
100
AcDbLinetypeTableRecord
  2
HIDDEN2
 70
0
  3
Hidden (.5x) _ _ _ _ _ _ _ _ _ _ _ _ _ _ _ _ _
 72
65
 73
2
 40
4.762499999999999
 49
3.174999999999999
 74
0
 49
-1.587499999999999
 74
0
  0
LTYPE
  5
A3
330
5
100
AcDbSymbolTableRecord
100
AcDbLinetypeTableRecord
  2
HIDDENX2
 70
0
  3
Hidden (2x) ____ ____ ____ ____ ____ ____ ____
 72
65
 73
2
 40
19.05
 49
12.7
 74
0
 49
-6.349999999999999
 74
0
  0
LTYPE
  5
A4
330
5
100
AcDbSymbolTableRecord
100
AcDbLinetypeTableRecord
  2
PHANTOM
 70
0
  3
Phantom ______  __  __  ______  __  __  ______
 72
65
 73
6
 40
63.5
 49
31.75
 74
0
 49
-6.349999999999999
 74
0
 49
6.349999999999999
 74
0
 49
-6.349999999999999
 74
0
 49
6.349999999999999
 74
0
 49
-6.349999999999999
 74
0
  0
LTYPE
  5
A5
330
5
100
AcDbSymbolTableRecord
100
AcDbLinetypeTableRecord
  2
PHANTOM2
 70
0
  3
Phantom (.5x) ___ _ _ ___ _ _ ___ _ _ ___ _ _
 72
65
 73
6
 40
31.75
 49
15.875
 74
0
 49
-3.174999999999999
 74
0
 49
3.174999999999999
 74
0
 49
-3.174999999999999
 74
0
 49
3.174999999999999
 74
0
 49
-3.174999999999999
 74
0
  0
LTYPE
  5
A6
330
5
100
AcDbSymbolTableRecord
100
AcDbLinetypeTableRecord
  2
PHANTOMX2
 70
0
  3
Phantom (2x) ____________    ____    ____   _
 72
65
 73
6
 40
127.0
 49
63.5
 74
0
 49
-12.7
 74
0
 49
12.7
 74
0
 49
-12.7
 74
0
 49
12.7
 74
0
 49
-12.7
 74
0
  0
LTYPE
  5
A7
330
5
100
AcDbSymbolTableRecord
100
AcDbLinetypeTableRecord
  2
ACAD_ISO02W100
 70
0
  3
ISO dash __ __ __ __ __ __ __ __ __ __ __ __ __
 72
65
 73
2
 40
15.0
 49
12.0
 74
0
 49
-3.0
 74
0
  0
LTYPE
  5
A8
330
5
100
AcDbSymbolTableRecord
100
AcDbLinetypeTableRecord
  2
ACAD_ISO03W100
 70
0
  3
ISO dash space __    __    __    __    __    __
 72
65
 73
2
 40
30.0
 49
12.0
 74
0
 49
-18.0
 74
0
  0
LTYPE
  5
A9
330
5
100
AcDbSymbolTableRecord
100
AcDbLinetypeTableRecord
  2
ACAD_ISO04W100
 70
0
  3
ISO long-dash dot ____ . ____ . ____ . ____ . _
 72
65
 73
4
 40
30.0
 49
24.0
 74
0
 49
-3.0
 74
0
 49
0.0
 74
0
 49
-3.0
 74
0
  0
LTYPE
  5
AA
330
5
100
AcDbSymbolTableRecord
100
AcDbLinetypeTableRecord
  2
ACAD_ISO05W100
 70
0
  3
ISO long-dash double-dot ____ .. ____ .. ____ .
 72
65
 73
6
 40
33.0
 49
24.0
 74
0
 49
-3.0
 74
0
 49
0.0
 74
0
 49
-3.0
 74
0
 49
0.0
 74
0
 49
-3.0
 74
0
  0
LTYPE
  5
AB
330
5
100
AcDbSymbolTableRecord
100
AcDbLinetypeTableRecord
  2
ACAD_ISO06W100
 70
0
  3
ISO long-dash triple-dot ____ ... ____ ... ____
 72
65
 73
8
 40
36.0
 49
24.0
 74
0
 49
-3.0
 74
0
 49
0.0
 74
0
 49
-3.0
 74
0
 49
0.0
 74
0
 49
-3.0
 74
0
 49
0.0
 74
0
 49
-3.0
 74
0
  0
LTYPE
  5
AC
330
5
100
AcDbSymbolTableRecord
100
AcDbLinetypeTableRecord
  2
ACAD_ISO07W100
 70
0
  3
ISO dot . . . . . . . . . . . . . . . . . . . .
 72
65
 73
2
 40
3.0
 49
0.0
 74
0
 49
-3.0
 74
0
  0
LTYPE
  5
AD
330
5
100
AcDbSymbolTableRecord
100
AcDbLinetypeTableRecord
  2
ACAD_ISO08W100
 70
0
  3
ISO long-dash short-dash ____ __ ____ __ ____ _
 72
65
 73
4
 40
36.0
 49
24.0
 74
0
 49
-3.0
 74
0
 49
6.0
 74
0
 49
-3.0
 74
0
  0
LTYPE
  5
AE
330
5
100
AcDbSymbolTableRecord
100
AcDbLinetypeTableRecord
  2
ACAD_ISO09W100
 70
0
  3
ISO long-dash double-short-dash ____ __ __ ____
 72
65
 73
6
 40
45.0
 49
24.0
 74
0
 49
-3.0
 74
0
 49
6.0
 74
0
 49
-3.0
 74
0
 49
6.0
 74
0
 49
-3.0
 74
0
  0
LTYPE
  5
AF
330
5
100
AcDbSymbolTableRecord
100
AcDbLinetypeTableRecord
  2
ACAD_ISO10W100
 70
0
  3
ISO dash dot __ . __ . __ . __ . __ . __ . __ .
 72
65
 73
4
 40
18.0
 49
12.0
 74
0
 49
-3.0
 74
0
 49
0.0
 74
0
 49
-3.0
 74
0
  0
LTYPE
  5
B0
330
5
100
AcDbSymbolTableRecord
100
AcDbLinetypeTableRecord
  2
ACAD_ISO11W100
 70
0
  3
ISO double-dash dot __ __ . __ __ . __ __ . __ 
 72
65
 73
6
 40
33.0
 49
12.0
 74
0
 49
-3.0
 74
0
 49
12.0
 74
0
 49
-3.0
 74
0
 49
0.0
 74
0
 49
-3.0
 74
0
  0
LTYPE
  5
B1
330
5
100
AcDbSymbolTableRecord
100
AcDbLinetypeTableRecord
  2
ACAD_ISO12W100
 70
0
  3
ISO dash double-dot __ . . __ . . __ . . __ . .
 72
65
 73
6
 40
21.0
 49
12.0
 74
0
 49
-3.0
 74
0
 49
0.0
 74
0
 49
-3.0
 74
0
 49
0.0
 74
0
 49
-3.0
 74
0
  0
LTYPE
  5
B2
330
5
100
AcDbSymbolTableRecord
100
AcDbLinetypeTableRecord
  2
ACAD_ISO13W100
 70
0
  3
ISO double-dash double-dot __ __ . . __ __ . . 
 72
65
 73
8
 40
36.0
 49
12.0
 74
0
 49
-3.0
 74
0
 49
12.0
 74
0
 49
-3.0
 74
0
 49
0.0
 74
0
 49
-3.0
 74
0
 49
0.0
 74
0
 49
-3.0
 74
0
  0
LTYPE
  5
B3
330
5
100
AcDbSymbolTableRecord
100
AcDbLinetypeTableRecord
  2
ACAD_ISO14W100
 70
0
  3
ISO dash triple-dot __ . . . __ . . . __ . . . 
 72
65
 73
8
 40
24.0
 49
12.0
 74
0
 49
-3.0
 74
0
 49
0.0
 74
0
 49
-3.0
 74
0
 49
0.0
 74
0
 49
-3.0
 74
0
 49
0.0
 74
0
 49
-3.0
 74
0
  0
LTYPE
  5
B4
330
5
100
AcDbSymbolTableRecord
100
AcDbLinetypeTableRecord
  2
ACAD_ISO15W100
 70
0
  3
ISO double-dash triple-dot __ __ . . . __ __ . 
 72
65
 73
10
 40
39.0
 49
12.0
 74
0
 49
-3.0
 74
0
 49
12.0
 74
0
 49
-3.0
 74
0
 49
0.0
 74
0
 49
-3.0
 74
0
 49
0.0
 74
0
 49
-3.0
 74
0
 49
0.0
 74
0
 49
-3.0
 74
0
  0
LTYPE
  5
B7
330
5
100
AcDbSymbolTableRecord
100
AcDbLinetypeTableRecord
  2
FENCELINE1
 70
0
  3
Fenceline circle ----0-----0----0-----0----0---
 72
65
 73
4
 40
36.83
 49
6.349999999999999
 74
0
 49
-2.54
 74
4
 75
133
340
B6
 46
2.54
 50
0.0
 44
-2.54
 45
0.0
 49
-2.54
 74
0
 49
25.4
 74
0
  0
LTYPE
  5
B8
330
5
100
AcDbSymbolTableRecord
100
AcDbLinetypeTableRecord
  2
FENCELINE2
 70
0
  3
Fenceline square ----[]-----[]----[]-----[]----
 72
65
 73
4
 40
36.83
 49
6.349999999999999
 74
0
 49
-2.54
 74
4
 75
132
340
B6
 46
2.54
 50
0.0
 44
-2.54
 45
0.0
 49
-2.54
 74
0
 49
25.4
 74
0
  0
LTYPE
  5
B9
330
5
100
AcDbSymbolTableRecord
100
AcDbLinetypeTableRecord
  2
TRACKS
 70
0
  3
Tracks -|-|-|-|-|-|-|-|-|-|-|-|-|-|-|-|-|-|-|-|
 72
65
 73
2
 40
7.62
 49
3.81
 74
4
 75
130
340
B6
 46
6.349999999999999
 50
0.0
 44
0.0
 45
0.0
 49
3.81
 74
0
  0
LTYPE
  5
BA
330
5
100
AcDbSymbolTableRecord
100
AcDbLinetypeTableRecord
  2
BATTING
 70
0
  3
Batting SSSSSSSSSSSSSSSSSSSSSSSSSSSSSSSSSSSSSSS
 72
65
 73
4
 40
10.16254
 49
0.00254
 74
0
 49
-2.54
 74
4
 75
134
340
B6
 46
2.54
 50
0.0
 44
-2.54
 45
0.0
 49
-5.08
 74
4
 75
134
340
B6
 46
2.54
 50
180.0
 44
2.54
 45
0.0
 49
-2.54
 74
0
  0
LTYPE
  5
BB
330
5
100
AcDbSymbolTableRecord
100
AcDbLinetypeTableRecord
  2
HOT_WATER_SUPPLY
 70
0
  3
Hot water supply ---- HW ---- HW ---- HW ----
 72
65
 73
3
 40
22.86
 49
12.7
 74
0
 49
-5.08
 74
2
 75
0
340
55
 46
2.54
 50
0.0
 44
-2.54
 45
-1.27
  9
HW
 49
-5.08
 74
0
  0
LTYPE
  5
BC
330
5
100
AcDbSymbolTableRecord
100
AcDbLinetypeTableRecord
  2
GAS_LINE
 70
0
  3
Gas line ----GAS----GAS----GAS----GAS----GAS---
 72
65
 73
3
 40
24.13
 49
12.7
 74
0
 49
-5.08
 74
2
 75
0
340
55
 46
2.54
 50
0.0
 44
-2.54
 45
-1.27
  9
GAS
 49
-6.349999999999999
 74
0
  0
LTYPE
  5
BD
330
5
100
AcDbSymbolTableRecord
100
AcDbLinetypeTableRecord
  2
ZIGZAG
 70
0
  3
Zig zag /\/\/\/\/\/\/\/\/\/\/\/\/\/\/\/\/\/\/\/
 72
65
 73
4
 40
20.32254
 49
0.00254
 74
0
 49
-5.08
 74
4
 75
131
340
B6
 46
5.08
 50
0.0
 44
-5.08
 45
0.0
 49
-10.16
 74
4
 75
131
340
B6
 46
5.08
 50
180.0
 44
5.08
 45
0.0
 49
-5.08
 74
0
  0
ENDTAB
  0
TABLE
  2
LAYER
  5
2
330
0
100
AcDbSymbolTable
 70
11
  0
LAYER
  5
54
330
2
100
AcDbSymbolTableRecord
100
AcDbLayerTableRecord
  2
0
 70
0
 62
7
  6
Continuous
370
-3
390
F
347
21
348
0
  0
LAYER
  5
C2
330
2
100
AcDbSymbolTableRecord
100
AcDbLayerTableRecord
  2
Border (ISO)
 70
0
 62
7
  6
Continuous
370
70
390
F
347
21
348
0
  0
LAYER
  5
C7
330
2
100
AcDbSymbolTableRecord
100
AcDbLayerTableRecord
  2
Dimension (ISO)
 70
0
 62
7
  6
Continuous
370
25
390
F
347
21
348
0
  0
LAYER
  5
C8
330
2
100
AcDbSymbolTableRecord
100
AcDbLayerTableRecord
  2
Hatch (ISO)
 70
0
 62
7
  6
Continuous
370
18
390
F
347
21
348
0
  0
LAYER
  5
C9
330
2
100
AcDbSymbolTableRecord
100
AcDbLayerTableRecord
  2
Hidden (ISO)
 70
0
 62
7
  6
DASHED
370
35
390
F
347
21
348
0
  0
LAYER
  5
CE
330
2
100
AcDbSymbolTableRecord
100
AcDbLayerTableRecord
  2
Section Line (ISO)
 70
0
 62
7
  6
CHAIN
370
70
390
F
347
21
348
0
  0
LAYER
  5
CF
330
2
100
AcDbSymbolTableRecord
100
AcDbLayerTableRecord
  2
Sketch Geometry (ISO)
 70
0
 62
7
  6
Continuous
370
25
390
F
347
21
348
0
  0
LAYER
  5
D0
330
2
100
AcDbSymbolTableRecord
100
AcDbLayerTableRecord
  2
Symbol (ISO)
 70
0
 62
7
  6
Continuous
370
25
390
F
347
21
348
0
  0
LAYER
  5
D1
330
2
100
AcDbSymbolTableRecord
100
AcDbLayerTableRecord
  2
Title (ISO)
 70
0
 62
7
  6
Continuous
370
50
390
F
347
21
348
0
  0
LAYER
  5
D3
330
2
100
AcDbSymbolTableRecord
100
AcDbLayerTableRecord
  2
Visible (ISO)
 70
0
 62
7
  6
Continuous
370
50
390
F
347
21
348
0
  0
LAYER
  5
1D9
330
2
100
AcDbSymbolTableRecord
100
AcDbLayerTableRecord
  2
Defpoints
 70
0
 62
7
  6
Continuous
290
0
370
-3
390
F
347
21
348
0
  0
ENDTAB
  0
TABLE
  2
STYLE
  5
3
330
0
100
AcDbSymbolTable
 70
7
  0
STYLE
  5
55
330
3
100
AcDbSymbolTableRecord
100
AcDbTextStyleTableRecord
  2
Standard
 70
0
 40
0.0
 41
1.0
 50
0.0
 71
0
 42
0.2
  3
txt
  4

  0
STYLE
  5
5A
330
3
100
AcDbSymbolTableRecord
100
AcDbTextStyleTableRecord
  2
Annotative
 70
0
 40
0.0
 41
1.0
 50
0.0
 71
0
 42
0.2
  3
txt
  4

1001
AcadAnnotative
1000
AnnotativeData
1002
{
1070
1
1070
1
1002
}
  0
STYLE
  5
D8
330
3
100
AcDbSymbolTableRecord
100
AcDbTextStyleTableRecord
  2
Label Text (ISO)
 70
0
 40
0.0
 41
1.0
 50
0.0
 71
0
 42
0.2
  3
tahoma.ttf
  4

1001
ACAD
1000
Tahoma
1071
256
  0
STYLE
  5
D9
330
3
100
AcDbSymbolTableRecord
100
AcDbTextStyleTableRecord
  2
Note Text (ISO)
 70
0
 40
0.0
 41
1.0
 50
0.0
 71
0
 42
0.2
  3
tahoma.ttf
  4

1001
ACAD
1000
Tahoma
1071
256
  0
STYLE
  5
167
330
3
100
AcDbSymbolTableRecord
100
AcDbTextStyleTableRecord
  2
Text Style41
 70
0
 40
0.0
 41
1.0
 50
0.0
 71
0
 42
0.2
  3
tahoma.ttf
  4

1001
ACAD
1000
Tahoma
1071
256
  0
STYLE
  5
178
330
3
100
AcDbSymbolTableRecord
100
AcDbTextStyleTableRecord
  2
Text Style39
 70
0
 40
0.0
 41
1.0
 50
0.0
 71
0
 42
0.2
  3
tahoma.ttf
  4

1001
ACAD
1000
Tahoma
1071
256
  0
STYLE
  5
17F
330
3
100
AcDbSymbolTableRecord
100
AcDbTextStyleTableRecord
  2
Text Style35
 70
0
 40
0.0
 41
1.0
 50
0.0
 71
0
 42
0.2
  3
tahoma.ttf
  4

1001
ACAD
1000
Tahoma
1071
256
  0
STYLE
  5
B6
330
3
100
AcDbSymbolTableRecord
100
AcDbTextStyleTableRecord
  2

 70
1
 40
0.0
 41
1.0
 50
0.0
 71
0
 42
0.2
  3
ltypeshp.shx
  4

  0
ENDTAB
  0
TABLE
  2
VIEW
  5
6
330
0
100
AcDbSymbolTable
 70
0
  0
ENDTAB
  0
TABLE
  2
UCS
  5
7
330
0
100
AcDbSymbolTable
 70
0
  0
ENDTAB
  0
TABLE
  2
APPID
  5
9
330
0
100
AcDbSymbolTable
 70
5
  0
APPID
  5
56
330
9
100
AcDbSymbolTableRecord
100
AcDbRegAppTableRecord
  2
ACAD
 70
0
  0
APPID
  5
5E
330
9
100
AcDbSymbolTableRecord
100
AcDbRegAppTableRecord
  2
AcadAnnotative
 70
0
  0
APPID
  5
28C
330
9
100
AcDbSymbolTableRecord
100
AcDbRegAppTableRecord
  2
ACAD_DSTYLE_DIMRADIAL_EXTENSION
 70
0
  0
APPID
  5
1F02
330
9
100
AcDbSymbolTableRecord
100
AcDbRegAppTableRecord
  2
HATCHBACKGROUNDCOLOR
 70
0
  0
APPID
  5
1F03
330
9
100
AcDbSymbolTableRecord
100
AcDbRegAppTableRecord
  2
EZDXF
 70
0
  0
ENDTAB
  0
TABLE
  2
DIMSTYLE
  5
A
330
0
100
AcDbSymbolTable
 70
17
100
AcDbDimStyleTable
  0
DIMSTYLE
105
58
330
A
100
AcDbSymbolTableRecord
100
AcDbDimStyleTableRecord
  2
Standard
 70
0
 40
1.0
 41
2.5
 42
0.625
 43
3.75
 44
1.25
 45
0.0
 46
0.0
 47
0.0
 48
0.0
 49
2.5
140
2.5
141
2.5
142
0.0
143
0.03937007874
144
1.0
145
0.0
146
1.0
147
0.625
148
0.0
 69
0
 70
0
 71
0
 72
0
 73
0
 74
0
 75
0
 76
0
 77
1
 78
8
 79
3
170
0
171
3
172
1
173
0
174
0
175
0
176
0
177
0
178
0
179
2
271
2
272
2
273
2
274
3
275
0
276
0
277
2
278
44
279
0
280
0
281
0
282
0
283
0
284
8
285
0
286
0
288
0
289
3
290
0
340
55
371
-2
372
-2
  0
DIMSTYLE
105
59
330
A
100
AcDbSymbolTableRecord
100
AcDbDimStyleTableRecord
  2
Annotative
 70
0
 40
1.0
 41
2.5
 42
0.625
 43
3.75
 44
1.25
 45
0.0
 46
0.0
 47
0.0
 48
0.0
 49
2.5
140
2.5
141
2.5
142
0.0
143
0.03937007874
144
1.0
145
0.0
146
1.0
147
0.625
148
0.0
 69
0
 70
0
 71
0
 72
0
 73
0
 74
0
 75
0
 76
0
 77
1
 78
8
 79
3
170
0
171
3
172
1
173
0
174
0
175
0
176
0
177
0
178
0
179
2
271
2
272
2
273
2
274
3
275
0
276
0
277
2
278
44
279
0
280
0
281
0
282
0
283
0
284
8
285
0
286
0
288
0
289
3
290
0
340
55
371
-2
372
-2
1001
AcadAnnotative
1000
AnnotativeData
1002
{
1070
1
1070
1
1002
}
  0
DIMSTYLE
105
DA
330
A
100
AcDbSymbolTableRecord
100
AcDbDimStyleTableRecord
  2
Architectural - m_ cm (ISO)
 70
0
 40
0.5
 41
2.5
 42
0.0
 43
5.999999999999999
 44
3.174999999999999
 45
0.005
 46
2.0
 47
0.0
 48
0.0
 49
6.825
140
3.5
141
2.5
142
0.0
143
39.37007874015748
144
0.001
145
0.0
146
1.001485705375671
147
0.762
148
0.0
 69
0
 70
0
 71
0
 72
0
 73
0
 74
0
 75
0
 76
0
 77
1
 78
8
 79
3
170
0
171
3
172
1
173
0
174
0
175
0
176
256
177
256
178
256
179
2
271
3
272
2
273
2
274
3
275
0
276
0
277
2
278
44
279
0
280
0
281
0
282
0
283
0
284
8
285
0
286
0
288
0
289
3
290
1
340
D9
342
DB
371
-1
372
-1
  0
DIMSTYLE
105
DF
330
A
100
AcDbSymbolTableRecord
100
AcDbDimStyleTableRecord
  2
Architectural - m_ cm (ISO)$7
 70
0
 40
0.5
 41
2.5
 42
0.0
 43
5.999999999999999
 44
3.174999999999999
 45
0.005
 46
2.0
 47
0.0
 48
0.0
 49
6.825
140
3.5
141
2.5
142
0.0
143
39.37007874015748
144
0.001
145
0.0
146
1.001485705375671
147
0.762
148
0.0
 69
0
 70
0
 71
0
 72
0
 73
0
 74
0
 75
0
 76
0
 77
1
 78
8
 79
3
170
0
171
3
172
1
173
0
174
0
175
0
176
256
177
256
178
256
179
2
271
3
272
2
273
2
274
3
275
0
276
0
277
2
278
44
279
0
280
0
281
0
282
0
283
0
284
8
285
0
286
0
288
0
289
3
290
1
340
D9
342
DB
371
-1
372
-1
  0
DIMSTYLE
105
E0
330
A
100
AcDbSymbolTableRecord
100
AcDbDimStyleTableRecord
  2
Default - Method 1b (ISO)
 70
0
 40
0.5
 41
2.5
 42
0.0
 43
5.999999999999999
 44
3.174999999999999
 45
0.0
 46
10.0
 47
0.0
 48
0.0
 49
0.0
140
3.5
141
2.5
142
0.0
143
0.0393700787401575
144
1.0
145
0.0
146
1.0
147
0.762
148
0.0
 69
0
 70
0
 71
0
 72
0
 73
0
 74
0
 75
0
 76
0
 77
1
 78
8
 79
2
170
0
171
3
172
1
173
0
174
0
175
0
176
256
177
256
178
256
179
2
271
2
272
2
273
2
274
3
275
0
276
0
277
2
278
44
279
0
280
0
281
0
282
0
283
0
284
8
285
0
286
8
288
0
289
3
290
0
340
D9
371
-1
372
-1
  0
DIMSTYLE
105
E1
330
A
100
AcDbSymbolTableRecord
100
AcDbDimStyleTableRecord
  2
Default - Method 1b (ISO)$7
 70
0
 40
0.5
 41
2.5
 42
0.0
 43
5.999999999999999
 44
3.174999999999999
 45
0.0
 46
10.0
 47
0.0
 48
0.0
 49
0.0
140
3.5
141
2.5
142
0.0
143
0.0393700787401575
144
1.0
145
0.0
146
1.0
147
0.762
148
0.0
 69
0
 70
0
 71
0
 72
0
 73
0
 74
0
 75
0
 76
0
 77
1
 78
8
 79
2
170
0
171
3
172
1
173
0
174
0
175
0
176
256
177
256
178
256
179
2
271
2
272
2
273
2
274
3
275
0
276
0
277
2
278
44
279
0
280
0
281
0
282
0
283
0
284
8
285
0
286
8
288
0
289
3
290
0
340
D9
371
-1
372
-1
  0
DIMSTYLE
105
E2
330
A
100
AcDbSymbolTableRecord
100
AcDbDimStyleTableRecord
  2
Default - Method 2a (ISO)
 70
0
 40
0.5
 41
2.5
 42
0.0
 43
5.999999999999999
 44
3.174999999999999
 45
0.0
 46
10.0
 47
0.0
 48
0.0
 49
0.0
140
3.5
141
2.5
142
0.0
143
0.0393700787401575
144
1.0
145
0.0
146
1.0
147
0.762
148
0.0
 69
0
 70
0
 71
0
 72
0
 73
0
 74
0
 75
0
 76
0
 77
1
 78
8
 79
2
170
0
171
3
172
1
173
0
174
0
175
0
176
256
177
256
178
256
179
2
271
2
272
2
273
2
274
3
275
0
276
0
277
2
278
44
279
0
280
0
281
0
282
0
283
0
284
8
285
0
286
8
288
0
289
3
290
0
340
D9
371
-1
372
-1
  0
DIMSTYLE
105
E3
330
A
100
AcDbSymbolTableRecord
100
AcDbDimStyleTableRecord
  2
Default - Method 2a (ISO)$7
 70
0
 40
0.5
 41
2.5
 42
0.0
 43
5.999999999999999
 44
3.174999999999999
 45
0.0
 46
10.0
 47
0.0
 48
0.0
 49
0.0
140
3.5
141
2.5
142
0.0
143
0.0393700787401575
144
1.0
145
0.0
146
1.0
147
0.762
148
0.0
 69
0
 70
0
 71
0
 72
0
 73
0
 74
0
 75
0
 76
0
 77
1
 78
8
 79
2
170
0
171
3
172
1
173
0
174
0
175
0
176
256
177
256
178
256
179
2
271
2
272
2
273
2
274
3
275
0
276
0
277
2
278
44
279
0
280
0
281
0
282
0
283
0
284
8
285
0
286
8
288
0
289
3
290
0
340
D9
371
-1
372
-1
  0
DIMSTYLE
105
E4
330
A
100
AcDbSymbolTableRecord
100
AcDbDimStyleTableRecord
  2
Default - Method 2b (ISO)
 70
0
 40
0.5
 41
2.5
 42
0.0
 43
5.999999999999999
 44
3.174999999999999
 45
0.0
 46
10.0
 47
0.0
 48
0.0
 49
0.0
140
3.5
141
2.5
142
0.0
143
0.0393700787401575
144
1.0
145
0.0
146
1.0
147
0.762
148
0.0
 69
0
 70
0
 71
0
 72
0
 73
0
 74
0
 75
0
 76
0
 77
1
 78
8
 79
2
170
0
171
3
172
1
173
0
174
0
175
0
176
256
177
256
178
256
179
2
271
2
272
2
273
2
274
3
275
0
276
0
277
2
278
44
279
0
280
0
281
0
282
0
283
0
284
8
285
0
286
8
288
0
289
3
290
0
340
D9
371
-1
372
-1
  0
DIMSTYLE
105
E5
330
A
100
AcDbSymbolTableRecord
100
AcDbDimStyleTableRecord
  2
Default - Method 2b (ISO)$7
 70
0
 40
0.5
 41
2.5
 42
0.0
 43
5.999999999999999
 44
3.174999999999999
 45
0.0
 46
10.0
 47
0.0
 48
0.0
 49
0.0
140
3.5
141
2.5
142
0.0
143
0.0393700787401575
144
1.0
145
0.0
146
1.0
147
0.762
148
0.0
 69
0
 70
0
 71
0
 72
0
 73
0
 74
0
 75
0
 76
0
 77
1
 78
8
 79
2
170
0
171
3
172
1
173
0
174
0
175
0
176
256
177
256
178
256
179
2
271
2
272
2
273
2
274
3
275
0
276
0
277
2
278
44
279
0
280
0
281
0
282
0
283
0
284
8
285
0
286
8
288
0
289
3
290
0
340
D9
371
-1
372
-1
  0
DIMSTYLE
105
E6
330
A
100
AcDbSymbolTableRecord
100
AcDbDimStyleTableRecord
  2
Default - mm [in] (ISO)
 70
0
 40
0.5
 41
2.5
 42
0.0
 43
5.999999999999999
 44
3.174999999999999
 45
0.0
 46
10.0
 47
0.0
 48
0.0
 49
0.0
140
3.5
141
2.5
142
0.0
143
0.0393700787401575
144
1.0
145
0.0
146
1.0
147
0.762
148
0.0
 69
0
 70
0
 71
0
 72
0
 73
0
 74
0
 75
0
 76
0
 77
1
 78
8
 79
2
170
1
171
3
172
1
173
0
174
0
175
0
176
256
177
256
178
256
179
3
271
3
272
2
273
2
274
3
275
1
276
0
277
2
278
44
279
0
280
0
281
0
282
0
283
0
284
8
285
8
286
8
288
0
289
3
290
0
340
D9
371
-1
372
-1
  0
DIMSTYLE
105
E7
330
A
100
AcDbSymbolTableRecord
100
AcDbDimStyleTableRecord
  2
Default - mm [in] (ISO)$7
 70
0
 40
0.5
 41
2.5
 42
0.0
 43
5.999999999999999
 44
3.174999999999999
 45
0.0
 46
10.0
 47
0.0
 48
0.0
 49
0.0
140
3.5
141
2.5
142
0.0
143
0.0393700787401575
144
1.0
145
0.0
146
1.0
147
0.762
148
0.0
 69
0
 70
0
 71
0
 72
0
 73
0
 74
0
 75
0
 76
0
 77
1
 78
8
 79
2
170
1
171
3
172
1
173
0
174
0
175
0
176
256
177
256
178
256
179
3
271
3
272
2
273
2
274
3
275
1
276
0
277
2
278
44
279
0
280
0
281
0
282
0
283
0
284
8
285
8
286
8
288
0
289
3
290
0
340
D9
371
-1
372
-1
  0
DIMSTYLE
105
E8
102
{ACAD_REACTORS
330
1D8
330
29F
330
38C
330
511
330
60E
330
709
330
7F6
330
899
330
93C
330
9FE
330
AC0
330
B84
330
C27
330
CCA
330
D6D
330
E2F
330
F2C
330
1088
330
1191
330
1285
330
1328
330
13CB
330
14B8
330
15A5
330
1699
330
178D
330
187A
330
1968
330
1A5C
330
1B50
330
1C2F
330
1D1C
330
1DFB
102
}
330
A
100
AcDbSymbolTableRecord
100
AcDbDimStyleTableRecord
  2
Default (ISO)
 70
0
 40
0.5
 41
2.5
 42
1.0
 43
12.0
 44
3.174999999999999
 45
0.0
 46
10.0
 47
0.0
 48
0.0
 49
0.0
140
3.5
141
2.5
142
0.0
143
0.0393700787401575
144
1.0
145
0.0
146
1.001485705375671
147
0.762
148
0.0
 69
0
 70
0
 71
0
 72
0
 73
0
 74
0
 75
0
 76
0
 77
1
 78
8
 79
3
170
0
171
3
172
1
173
0
174
0
175
0
176
256
177
256
178
256
179
2
271
2
272
2
273
2
274
3
275
0
276
0
277
2
278
44
279
0
280
0
281
0
282
0
283
0
284
8
285
0
286
0
288
0
289
3
290
0
340
D9
371
-1
372
-1
  0
DIMSTYLE
105
E9
330
A
100
AcDbSymbolTableRecord
100
AcDbDimStyleTableRecord
  2
Default (ISO)$7
 70
0
 40
0.5
 41
2.5
 42
1.0
 43
12.0
 44
3.174999999999999
 45
0.0
 46
10.0
 47
0.0
 48
0.0
 49
0.0
140
3.5
141
2.5
142
0.0
143
0.0393700787401575
144
1.0
145
0.0
146
1.001485705375671
147
0.762
148
0.0
 69
0
 70
0
 71
0
 72
0
 73
0
 74
0
 75
0
 76
0
 77
1
 78
8
 79
3
170
0
171
3
172
1
173
0
174
0
175
0
176
256
177
256
178
256
179
2
271
2
272
2
273
2
274
3
275
0
276
0
277
2
278
44
279
0
280
0
281
0
282
0
283
0
284
8
285
0
286
0
288
0
289
3
290
0
340
D9
371
-1
372
-1
  0
DIMSTYLE
105
EA
330
A
100
AcDbSymbolTableRecord
100
AcDbDimStyleTableRecord
  2
Alternate (ISO)
 70
0
 40
0.5
 41
2.5
 42
0.625
 43
3.75
 44
1.25
 45
0.0
 46
0.0
 47
0.0
 48
0.0
 49
2.5
140
2.5
141
2.5
142
0.0
143
0.03937007874
144
1.0
145
0.0
146
1.0
147
0.625
148
0.0
 69
0
 70
0
 71
0
 72
0
 73
0
 74
0
 75
0
 76
0
 77
1
 78
8
 79
3
170
0
171
3
172
1
173
0
174
0
175
0
176
0
177
0
178
0
179
2
271
2
272
2
273
2
274
3
275
0
276
0
277
2
278
44
279
0
280
0
281
0
282
0
283
0
284
8
285
0
286
0
288
0
289
3
290
0
340
55
342
EB
371
-2
372
-2
  0
DIMSTYLE
105
FD
330
A
100
AcDbSymbolTableRecord
100
AcDbDimStyleTableRecord
  2
Datum (ISO)
 70
0
 40
0.5
 41
2.5
 42
0.625
 43
3.75
 44
1.25
 45
0.0
 46
0.0
 47
0.0
 48
0.0
 49
2.5
140
2.5
141
2.5
142
0.0
143
0.03937007874
144
1.0
145
0.0
146
1.0
147
0.625
148
0.0
 69
0
 70
0
 71
0
 72
0
 73
0
 74
0
 75
0
 76
0
 77
1
 78
8
 79
3
170
0
171
3
172
1
173
0
174
0
175
0
176
0
177
0
178
0
179
2
271
2
272
2
273
2
274
3
275
0
276
0
277
2
278
44
279
0
280
0
281
0
282
0
283
0
284
8
285
0
286
0
288
0
289
3
290
0
340
55
342
EB
371
-2
372
-2
  0
DIMSTYLE
105
10C
330
A
100
AcDbSymbolTableRecord
100
AcDbDimStyleTableRecord
  2
Large (ISO)
 70
0
 40
0.5
 41
5.0
 42
0.625
 43
3.75
 44
1.25
 45
0.0
 46
0.0
 47
0.0
 48
0.0
 49
2.5
140
2.5
141
2.5
142
0.0
143
0.03937007874
144
1.0
145
0.0
146
1.0
147
0.625
148
0.0
 69
0
 70
0
 71
0
 72
0
 73
0
 74
0
 75
0
 76
0
 77
1
 78
8
 79
3
170
0
171
3
172
1
173
0
174
0
175
0
176
0
177
0
178
0
179
2
271
2
272
2
273
2
274
3
275
0
276
0
277
2
278
44
279
0
280
0
281
0
282
0
283
0
284
8
285
0
286
0
288
0
289
3
290
0
340
55
342
EB
371
-2
372
-2
  0
ENDTAB
  0
TABLE
  2
BLOCK_RECORD
  5
1
330
0
100
AcDbSymbolTable
 70
43
  0
BLOCK_RECORD
  5
70
330
1
100
AcDbSymbolTableRecord
100
AcDbBlockTableRecord
  2
*Model_Space
340
73
 70
0
280
1
281
0
  0
BLOCK_RECORD
  5
6C
330
1
100
AcDbSymbolTableRecord
100
AcDbBlockTableRecord
  2
*Paper_Space
340
6F
 70
0
280
1
281
0
  0
BLOCK_RECORD
  5
74
330
1
100
AcDbSymbolTableRecord
100
AcDbBlockTableRecord
  2
*Paper_Space0
340
77
 70
0
280
1
281
0
  0
BLOCK_RECORD
  5
DB
330
1
100
AcDbSymbolTableRecord
100
AcDbBlockTableRecord
  2
_Oblique
340
0
 70
0
280
1
281
0
  0
BLOCK_RECORD
  5
EB
330
1
100
AcDbSymbolTableRecord
100
AcDbBlockTableRecord
  2
_Closed
340
0
 70
0
280
1
281
0
  0
BLOCK_RECORD
  5
F2
330
1
100
AcDbSymbolTableRecord
100
AcDbBlockTableRecord
  2
DatumFilled45
340
0
 70
0
280
1
281
0
  0
BLOCK_RECORD
  5
FE
330
1
100
AcDbSymbolTableRecord
100
AcDbBlockTableRecord
  2
Filled-1
340
0
 70
0
280
1
281
0
  0
BLOCK_RECORD
  5
10D
330
1
100
AcDbSymbolTableRecord
100
AcDbBlockTableRecord
  2
Borders Default Border
340
0
 70
0
280
1
281
0
  0
BLOCK_RECORD
  5
155
330
1
100
AcDbSymbolTableRecord
100
AcDbBlockTableRecord
  2
Title Blocks ISO
340
0
 70
0
280
1
281
0
  0
BLOCK_RECORD
  5
1DA
330
1
100
AcDbSymbolTableRecord
100
AcDbBlockTableRecord
  2
*D7
340
0
 70
0
280
1
281
0
  0
BLOCK_RECORD
  5
2A0
330
1
100
AcDbSymbolTableRecord
100
AcDbBlockTableRecord
  2
*D8
340
0
 70
0
280
1
281
0
  0
BLOCK_RECORD
  5
38D
330
1
100
AcDbSymbolTableRecord
100
AcDbBlockTableRecord
  2
*D9
340
0
 70
0
280
1
281
0
  0
BLOCK_RECORD
  5
479
330
1
100
AcDbSymbolTableRecord
100
AcDbBlockTableRecord
  2
2dTransSection0
340
0
 70
0
280
1
281
0
  0
BLOCK_RECORD
  5
512
330
1
100
AcDbSymbolTableRecord
100
AcDbBlockTableRecord
  2
*D11
340
0
 70
0
280
1
281
0
  0
BLOCK_RECORD
  5
60F
330
1
100
AcDbSymbolTableRecord
100
AcDbBlockTableRecord
  2
*D12
340
0
 70
0
280
1
281
0
  0
BLOCK_RECORD
  5
70A
330
1
100
AcDbSymbolTableRecord
100
AcDbBlockTableRecord
  2
*D13
340
0
 70
0
280
1
281
0
  0
BLOCK_RECORD
  5
7F7
330
1
100
AcDbSymbolTableRecord
100
AcDbBlockTableRecord
  2
*D14
340
0
 70
0
280
1
281
0
  0
BLOCK_RECORD
  5
89A
330
1
100
AcDbSymbolTableRecord
100
AcDbBlockTableRecord
  2
*D15
340
0
 70
0
280
1
281
0
  0
BLOCK_RECORD
  5
93D
330
1
100
AcDbSymbolTableRecord
100
AcDbBlockTableRecord
  2
*D16
340
0
 70
0
280
1
281
0
  0
BLOCK_RECORD
  5
9FF
330
1
100
AcDbSymbolTableRecord
100
AcDbBlockTableRecord
  2
*D17
340
0
 70
0
280
1
281
0
  0
BLOCK_RECORD
  5
AC1
330
1
100
AcDbSymbolTableRecord
100
AcDbBlockTableRecord
  2
*D18
340
0
 70
0
280
1
281
0
  0
BLOCK_RECORD
  5
B85
330
1
100
AcDbSymbolTableRecord
100
AcDbBlockTableRecord
  2
*D19
340
0
 70
0
280
1
281
0
  0
BLOCK_RECORD
  5
C28
330
1
100
AcDbSymbolTableRecord
100
AcDbBlockTableRecord
  2
*D20
340
0
 70
0
280
1
281
0
  0
BLOCK_RECORD
  5
CCB
330
1
100
AcDbSymbolTableRecord
100
AcDbBlockTableRecord
  2
*D21
340
0
 70
0
280
1
281
0
  0
BLOCK_RECORD
  5
D6E
330
1
100
AcDbSymbolTableRecord
100
AcDbBlockTableRecord
  2
*D22
340
0
 70
0
280
1
281
0
  0
BLOCK_RECORD
  5
E30
330
1
100
AcDbSymbolTableRecord
100
AcDbBlockTableRecord
  2
*D23
340
0
 70
0
280
1
281
0
  0
BLOCK_RECORD
  5
F2D
330
1
100
AcDbSymbolTableRecord
100
AcDbBlockTableRecord
  2
*D24
340
0
 70
0
280
1
281
0
  0
BLOCK_RECORD
  5
1089
330
1
100
AcDbSymbolTableRecord
100
AcDbBlockTableRecord
  2
*D25
340
0
 70
0
280
1
281
0
  0
BLOCK_RECORD
  5
1192
330
1
100
AcDbSymbolTableRecord
100
AcDbBlockTableRecord
  2
*D26
340
0
 70
0
280
1
281
0
  0
BLOCK_RECORD
  5
1286
330
1
100
AcDbSymbolTableRecord
100
AcDbBlockTableRecord
  2
*D27
340
0
 70
0
280
1
281
0
  0
BLOCK_RECORD
  5
1329
330
1
100
AcDbSymbolTableRecord
100
AcDbBlockTableRecord
  2
*D28
340
0
 70
0
280
1
281
0
  0
BLOCK_RECORD
  5
13CC
330
1
100
AcDbSymbolTableRecord
100
AcDbBlockTableRecord
  2
*D29
340
0
 70
0
280
1
281
0
  0
BLOCK_RECORD
  5
14B9
330
1
100
AcDbSymbolTableRecord
100
AcDbBlockTableRecord
  2
*D30
340
0
 70
0
280
1
281
0
  0
BLOCK_RECORD
  5
15A6
330
1
100
AcDbSymbolTableRecord
100
AcDbBlockTableRecord
  2
*D31
340
0
 70
0
280
1
281
0
  0
BLOCK_RECORD
  5
169A
330
1
100
AcDbSymbolTableRecord
100
AcDbBlockTableRecord
  2
*D32
340
0
 70
0
280
1
281
0
  0
BLOCK_RECORD
  5
178E
330
1
100
AcDbSymbolTableRecord
100
AcDbBlockTableRecord
  2
*D33
340
0
 70
0
280
1
281
0
  0
BLOCK_RECORD
  5
187B
330
1
100
AcDbSymbolTableRecord
100
AcDbBlockTableRecord
  2
*D34
340
0
 70
0
280
1
281
0
  0
BLOCK_RECORD
  5
1969
330
1
100
AcDbSymbolTableRecord
100
AcDbBlockTableRecord
  2
*D35
340
0
 70
0
280
1
281
0
  0
BLOCK_RECORD
  5
1A5D
330
1
100
AcDbSymbolTableRecord
100
AcDbBlockTableRecord
  2
*D36
340
0
 70
0
280
1
281
0
  0
BLOCK_RECORD
  5
1B51
330
1
100
AcDbSymbolTableRecord
100
AcDbBlockTableRecord
  2
*D37
340
0
 70
0
280
1
281
0
  0
BLOCK_RECORD
  5
1C30
330
1
100
AcDbSymbolTableRecord
100
AcDbBlockTableRecord
  2
*D38
340
0
 70
0
280
1
281
0
  0
BLOCK_RECORD
  5
1D1D
330
1
100
AcDbSymbolTableRecord
100
AcDbBlockTableRecord
  2
*D39
340
0
 70
0
280
1
281
0
  0
BLOCK_RECORD
  5
1DFC
330
1
100
AcDbSymbolTableRecord
100
AcDbBlockTableRecord
  2
*D40
340
0
 70
0
280
1
281
0
  0
ENDTAB
  0
ENDSEC
  0
SECTION
  2
BLOCKS
  0
BLOCK
  5
71
330
70
100
AcDbEntity
  8
0
100
AcDbBlockBegin
  2
*Model_Space
 70
0
 10
0.0
 20
0.0
 30
0.0
  3
*Model_Space
  1

  0
ENDBLK
  5
72
330
70
100
AcDbEntity
  8
0
100
AcDbBlockEnd
  0
BLOCK
  5
6D
330
6C
100
AcDbEntity
 67
1
  8
0
100
AcDbBlockBegin
  2
*Paper_Space
 70
0
 10
0.0
 20
0.0
 30
0.0
  3
*Paper_Space
  1

  0
ENDBLK
  5
6E
330
6C
100
AcDbEntity
 67
1
  8
0
100
AcDbBlockEnd
  0
BLOCK
  5
75
330
74
100
AcDbEntity
 67
1
  8
0
100
AcDbBlockBegin
  2
*Paper_Space0
 70
0
 10
0.0
 20
0.0
 30
0.0
  3
*Paper_Space0
  1

  0
ENDBLK
  5
76
330
74
100
AcDbEntity
 67
1
  8
0
100
AcDbBlockEnd
  0
BLOCK
  5
DD
330
DB
100
AcDbEntity
  8
0
100
AcDbBlockBegin
  2
_Oblique
 70
0
 10
0.0
 20
0.0
 30
0.0
  3
_Oblique
  1

  0
LINE
  5
DC
330
DB
100
AcDbEntity
  8
0
  6
ByBlock
 62
0
370
-2
100
AcDbLine
 10
-0.5
 20
-0.5
 30
0.0
 11
0.5
 21
0.5
 31
0.0
  0
ENDBLK
  5
DE
330
DB
100
AcDbEntity
  8
0
100
AcDbBlockEnd
  0
BLOCK
  5
F0
330
EB
100
AcDbEntity
  8
0
100
AcDbBlockBegin
  2
_Closed
 70
0
 10
0.0
 20
0.0
 30
0.0
  3
_Closed
  1

  0
LINE
  5
EC
330
EB
100
AcDbEntity
  8
0
  6
ByBlock
 62
0
370
-2
100
AcDbLine
 10
-1.0
 20
0.1666666666666666
 30
0.0
 11
0.0
 21
0.0
 31
0.0
  0
LINE
  5
ED
330
EB
100
AcDbEntity
  8
0
  6
ByBlock
 62
0
370
-2
100
AcDbLine
 10
0.0
 20
0.0
 30
0.0
 11
-1.0
 21
-0.1666666666666666
 31
0.0
  0
LINE
  5
EE
330
EB
100
AcDbEntity
  8
0
  6
ByBlock
 62
0
370
-2
100
AcDbLine
 10
-1.0
 20
0.1666666666666666
 30
0.0
 11
-1.0
 21
-0.1666666666666666
 31
0.0
  0
LINE
  5
EF
330
EB
100
AcDbEntity
  8
0
  6
ByBlock
 62
0
370
-2
100
AcDbLine
 10
0.0
 20
0.0
 30
0.0
 11
-1.0
 21
0.0
 31
0.0
  0
ENDBLK
  5
F1
330
EB
100
AcDbEntity
  8
0
100
AcDbBlockEnd
  0
BLOCK
  5
F3
330
F2
100
AcDbEntity
  8
0
100
AcDbBlockBegin
  2
DatumFilled45
 70
0
 10
0.0
 20
0.0
 30
0.0
  3
DatumFilled45
  1

  0
POLYLINE
  5
F5
330
F2
100
AcDbEntity
  8
0
 62
0
100
AcDb2dPolyline
 66
1
 10
0.0
 20
0.0
 30
0.0
 70
128
  0
VERTEX
  5
F6
330
F5
100
AcDbEntity
  8
0
 62
0
100
AcDbVertex
100
AcDb2dVertex
 10
0.0
 20
1.0
 30
0.0
 70
0
  0
VERTEX
  5
F7
330
F5
100
AcDbEntity
  8
0
 62
0
100
AcDbVertex
100
AcDb2dVertex
 10
0.0
 20
-1.0
 30
0.0
 70
0
  0
VERTEX
  5
F9
330
F5
100
AcDbEntity
  8
0
 62
0
100
AcDbVertex
100
AcDb2dVertex
 10
-1.0
 20
0.0
 30
0.0
 70
0
  0
VERTEX
  5
FA
330
F5
100
AcDbEntity
  8
0
 62
0
100
AcDbVertex
100
AcDb2dVertex
 10
0.0
 20
1.0
 30
0.0
 70
0
  0
SEQEND
  5
F8
330
F5
100
AcDbEntity
  8
0
 62
0
  0
SOLID
  5
FC
330
F2
100
AcDbEntity
  8
0
 62
0
100
AcDbTrace
 10
0.0
 20
1.0
 30
0.0
 11
0.0
 21
-1.0
 31
0.0
 12
-1.0
 22
0.0
 32
0.0
 13
0.0
 23
1.0
 33
0.0
  0
ENDBLK
  5
F4
330
F2
100
AcDbEntity
  8
0
100
AcDbBlockEnd
  0
BLOCK
  5
FF
330
FE
100
AcDbEntity
  8
0
100
AcDbBlockBegin
  2
Filled-1
 70
0
 10
0.0
 20
0.0
 30
0.0
  3
Filled-1
  1

  0
LINE
  5
101
330
FE
100
AcDbEntity
  8
0
 62
0
100
AcDbLine
 10
-1.0
 20
0.0
 30
0.0
 11
0.0
 21
0.0
 31
0.0
  0
POLYLINE
  5
102
330
FE
100
AcDbEntity
  8
0
 62
0
100
AcDb2dPolyline
 66
1
 10
0.0
 20
0.0
 30
0.0
 70
128
  0
VERTEX
  5
103
330
102
100
AcDbEntity
  8
0
 62
0
100
AcDbVertex
100
AcDb2dVertex
 10
-1.0
 20
-0.1
 30
0.0
 70
0
  0
VERTEX
  5
104
330
102
100
AcDbEntity
  8
0
 62
0
100
AcDbVertex
100
AcDb2dVertex
 10
0.0
 20
0.0
 30
0.0
 70
0
  0
VERTEX
  5
106
330
102
100
AcDbEntity
  8
0
 62
0
100
AcDbVertex
100
AcDb2dVertex
 10
-1.0
 20
0.1
 30
0.0
 70
0
  0
VERTEX
  5
107
330
102
100
AcDbEntity
  8
0
 62
0
100
AcDbVertex
100
AcDb2dVertex
 10
-1.0
 20
-0.1
 30
0.0
 70
0
  0
SEQEND
  5
105
330
102
100
AcDbEntity
  8
0
 62
0
  0
SOLID
  5
108
330
FE
100
AcDbEntity
  8
0
 62
0
100
AcDbTrace
 10
-1.0
 20
-0.1
 30
0.0
 11
0.0
 21
0.0
 31
0.0
 12
-1.0
 22
0.1
 32
0.0
 13
-1.0
 23
-0.1
 33
0.0
  0
LINE
  5
109
330
FE
100
AcDbEntity
  8
0
 62
0
100
AcDbLine
 10
-1.0
 20
-0.1
 30
0.0
 11
0.0
 21
0.0
 31
0.0
  0
LINE
  5
10A
330
FE
100
AcDbEntity
  8
0
 62
0
100
AcDbLine
 10
0.0
 20
0.0
 30
0.0
 11
-1.0
 21
0.1
 31
0.0
  0
LINE
  5
10B
330
FE
100
AcDbEntity
  8
0
 62
0
100
AcDbLine
 10
-1.0
 20
0.1
 30
0.0
 11
-1.0
 21
-0.1
 31
0.0
  0
ENDBLK
  5
100
330
FE
100
AcDbEntity
  8
0
100
AcDbBlockEnd
  0
BLOCK
  5
10E
330
10D
100
AcDbEntity
  8
0
100
AcDbBlockBegin
  2
Borders Default Border
 70
0
 10
0.0
 20
0.0
 30
0.0
  3
Borders Default Border
  1

  0
POLYLINE
  5
110
330
10D
100
AcDbEntity
  8
Border (ISO)
100
AcDb2dPolyline
 66
1
 10
0.0
 20
0.0
 30
0.0
 70
128
  0
VERTEX
  5
111
330
110
100
AcDbEntity
  8
Border (ISO)
100
AcDbVertex
100
AcDb2dVertex
 10
10.0
 20
10.0
 30
0.0
 70
0
  0
VERTEX
  5
112
330
110
100
AcDbEntity
  8
Border (ISO)
100
AcDbVertex
100
AcDb2dVertex
 10
10.0
 20
287.0000076293946
 30
0.0
 70
0
  0
VERTEX
  5
114
330
110
100
AcDbEntity
  8
Border (ISO)
100
AcDbVertex
100
AcDb2dVertex
 10
410.0
 20
287.0000076293946
 30
0.0
 70
0
  0
VERTEX
  5
115
330
110
100
AcDbEntity
  8
Border (ISO)
100
AcDbVertex
100
AcDb2dVertex
 10
410.0
 20
10.0
 30
0.0
 70
0
  0
VERTEX
  5
116
330
110
100
AcDbEntity
  8
Border (ISO)
100
AcDbVertex
100
AcDb2dVertex
 10
10.0
 20
10.0
 30
0.0
 70
0
  0
SEQEND
  5
113
330
110
100
AcDbEntity
  8
Border (ISO)
  0
POLYLINE
  5
117
330
10D
100
AcDbEntity
  8
Border (ISO)
100
AcDb2dPolyline
 66
1
 10
0.0
 20
0.0
 30
0.0
 70
128
  0
VERTEX
  5
118
330
117
100
AcDbEntity
  8
Border (ISO)
100
AcDbVertex
100
AcDb2dVertex
 10
210.0
 20
0.0
 30
0.0
 70
0
  0
VERTEX
  5
119
330
117
100
AcDbEntity
  8
Border (ISO)
100
AcDbVertex
100
AcDb2dVertex
 10
210.0
 20
10.0
 30
0.0
 70
0
  0
VERTEX
  5
11B
330
117
100
AcDbEntity
  8
Border (ISO)
100
AcDbVertex
100
AcDb2dVertex
 10
207.1132469177246
 20
5.0
 30
0.0
 70
0
  0
VERTEX
  5
11C
330
117
100
AcDbEntity
  8
Border (ISO)
100
AcDbVertex
100
AcDb2dVertex
 10
212.8867530822754
 20
5.0
 30
0.0
 70
0
  0
VERTEX
  5
11D
330
117
100
AcDbEntity
  8
Border (ISO)
100
AcDbVertex
100
AcDb2dVertex
 10
210.0
 20
10.0
 30
0.0
 70
0
  0
SEQEND
  5
11A
330
117
100
AcDbEntity
  8
Border (ISO)
  0
POLYLINE
  5
11E
330
10D
100
AcDbEntity
  8
Border (ISO)
100
AcDb2dPolyline
 66
1
 10
0.0
 20
0.0
 30
0.0
 70
128
  0
VERTEX
  5
11F
330
11E
100
AcDbEntity
  8
Border (ISO)
100
AcDbVertex
100
AcDb2dVertex
 10
210.0
 20
297.0000076293946
 30
0.0
 70
0
  0
VERTEX
  5
120
330
11E
100
AcDbEntity
  8
Border (ISO)
100
AcDbVertex
100
AcDb2dVertex
 10
210.0
 20
287.0000076293946
 30
0.0
 70
0
  0
VERTEX
  5
122
330
11E
100
AcDbEntity
  8
Border (ISO)
100
AcDbVertex
100
AcDb2dVertex
 10
207.1132469177246
 20
292.0000076293945
 30
0.0
 70
0
  0
VERTEX
  5
123
330
11E
100
AcDbEntity
  8
Border (ISO)
100
AcDbVertex
100
AcDb2dVertex
 10
212.8867530822754
 20
292.0000076293945
 30
0.0
 70
0
  0
VERTEX
  5
124
330
11E
100
AcDbEntity
  8
Border (ISO)
100
AcDbVertex
100
AcDb2dVertex
 10
210.0
 20
287.0000076293946
 30
0.0
 70
0
  0
SEQEND
  5
121
330
11E
100
AcDbEntity
  8
Border (ISO)
  0
POLYLINE
  5
125
330
10D
100
AcDbEntity
  8
Border (ISO)
100
AcDb2dPolyline
 66
1
 10
0.0
 20
0.0
 30
0.0
 70
128
  0
VERTEX
  5
126
330
125
100
AcDbEntity
  8
Border (ISO)
100
AcDbVertex
100
AcDb2dVertex
 10
0.0
 20
148.5000038146973
 30
0.0
 70
0
  0
VERTEX
  5
127
330
125
100
AcDbEntity
  8
Border (ISO)
100
AcDbVertex
100
AcDb2dVertex
 10
10.0
 20
148.5000038146973
 30
0.0
 70
0
  0
VERTEX
  5
129
330
125
100
AcDbEntity
  8
Border (ISO)
100
AcDbVertex
100
AcDb2dVertex
 10
5.0
 20
151.3867473602295
 30
0.0
 70
0
  0
VERTEX
  5
12A
330
125
100
AcDbEntity
  8
Border (ISO)
100
AcDbVertex
100
AcDb2dVertex
 10
5.0
 20
145.6132507324219
 30
0.0
 70
0
  0
VERTEX
  5
12B
330
125
100
AcDbEntity
  8
Border (ISO)
100
AcDbVertex
100
AcDb2dVertex
 10
10.0
 20
148.5000038146973
 30
0.0
 70
0
  0
SEQEND
  5
128
330
125
100
AcDbEntity
  8
Border (ISO)
  0
POLYLINE
  5
12C
330
10D
100
AcDbEntity
  8
Border (ISO)
100
AcDb2dPolyline
 66
1
 10
0.0
 20
0.0
 30
0.0
 70
128
  0
VERTEX
  5
12D
330
12C
100
AcDbEntity
  8
Border (ISO)
100
AcDbVertex
100
AcDb2dVertex
 10
420.0
 20
148.5000038146973
 30
0.0
 70
0
  0
VERTEX
  5
12E
330
12C
100
AcDbEntity
  8
Border (ISO)
100
AcDbVertex
100
AcDb2dVertex
 10
410.0
 20
148.5000038146973
 30
0.0
 70
0
  0
VERTEX
  5
130
330
12C
100
AcDbEntity
  8
Border (ISO)
100
AcDbVertex
100
AcDb2dVertex
 10
415.0
 20
151.3867473602295
 30
0.0
 70
0
  0
VERTEX
  5
131
330
12C
100
AcDbEntity
  8
Border (ISO)
100
AcDbVertex
100
AcDb2dVertex
 10
415.0
 20
145.6132507324219
 30
0.0
 70
0
  0
VERTEX
  5
132
330
12C
100
AcDbEntity
  8
Border (ISO)
100
AcDbVertex
100
AcDb2dVertex
 10
410.0
 20
148.5000038146973
 30
0.0
 70
0
  0
SEQEND
  5
12F
330
12C
100
AcDbEntity
  8
Border (ISO)
  0
LINE
  5
133
330
10D
100
AcDbEntity
  8
Border (ISO)
100
AcDbLine
 10
70.0
 20
10.0
 30
0.0
 11
70.0
 21
6.100000143051147
 31
0.0
  0
LINE
  5
134
330
10D
100
AcDbEntity
  8
Border (ISO)
100
AcDbLine
 10
70.0
 20
287.0000076293946
 30
0.0
 11
70.0
 21
290.9000015258789
 31
0.0
  0
LINE
  5
135
330
10D
100
AcDbEntity
  8
Border (ISO)
100
AcDbLine
 10
140.0
 20
10.0
 30
0.0
 11
140.0
 21
6.100000143051147
 31
0.0
  0
LINE
  5
136
330
10D
100
AcDbEntity
  8
Border (ISO)
100
AcDbLine
 10
140.0
 20
287.0000076293946
 30
0.0
 11
140.0
 21
290.9000015258789
 31
0.0
  0
LINE
  5
137
330
10D
100
AcDbEntity
  8
Border (ISO)
100
AcDbLine
 10
280.0
 20
10.0
 30
0.0
 11
280.0
 21
6.100000143051147
 31
0.0
  0
LINE
  5
138
330
10D
100
AcDbEntity
  8
Border (ISO)
100
AcDbLine
 10
280.0
 20
287.0000076293946
 30
0.0
 11
280.0
 21
290.9000015258789
 31
0.0
  0
LINE
  5
139
330
10D
100
AcDbEntity
  8
Border (ISO)
100
AcDbLine
 10
350.0
 20
10.0
 30
0.0
 11
350.0
 21
6.100000143051147
 31
0.0
  0
LINE
  5
13A
330
10D
100
AcDbEntity
  8
Border (ISO)
100
AcDbLine
 10
350.0
 20
287.0000076293946
 30
0.0
 11
350.0
 21
290.9000015258789
 31
0.0
  0
MTEXT
  5
13B
330
10D
100
AcDbEntity
  8
Border (ISO)
100
AcDbMText
 10
384.2103922448459
 20
287.4
 30
0.0
 40
3.499999940395355
 41
0.0
 46
0.0
 71
7
  1
1
  7
Note Text (ISO)
  0
MTEXT
  5
13D
330
10D
100
AcDbEntity
  8
Border (ISO)
100
AcDbMText
 10
384.2103922448459
 20
6.100000059604644
 30
0.0
 40
3.499999940395355
 41
0.0
 46
0.0
 71
7
  1
1
  7
Note Text (ISO)
  0
MTEXT
  5
13E
330
10D
100
AcDbEntity
  8
Border (ISO)
100
AcDbMText
 10
313.9387915541735
 20
287.4
 30
0.0
 40
3.499999940395355
 41
0.0
 46
0.0
 71
7
  1
2
  7
Note Text (ISO)
  0
MTEXT
  5
13F
330
10D
100
AcDbEntity
  8
Border (ISO)
100
AcDbMText
 10
313.9387915541735
 20
6.100000059604644
 30
0.0
 40
3.499999940395355
 41
0.0
 46
0.0
 71
7
  1
2
  7
Note Text (ISO)
  0
MTEXT
  5
140
330
10D
100
AcDbEntity
  8
Border (ISO)
100
AcDbMText
 10
243.9107914829702
 20
287.3262560764327
 30
0.0
 40
3.499999940395355
 41
0.0
 46
0.0
 71
7
  1
3
  7
Note Text (ISO)
  0
MTEXT
  5
141
330
10D
100
AcDbEntity
  8
Border (ISO)
100
AcDbMText
 10
243.9107914829702
 20
6.026256136037408
 30
0.0
 40
3.499999940395355
 41
0.0
 46
0.0
 71
7
  1
3
  7
Note Text (ISO)
  0
MTEXT
  5
142
330
10D
100
AcDbEntity
  8
Border (ISO)
100
AcDbMText
 10
173.7791911483144
 20
287.4
 30
0.0
 40
3.499999940395355
 41
0.0
 46
0.0
 71
7
  1
4
  7
Note Text (ISO)
  0
MTEXT
  5
143
330
10D
100
AcDbEntity
  8
Border (ISO)
100
AcDbMText
 10
173.7791911483144
 20
6.100000059604644
 30
0.0
 40
3.499999940395355
 41
0.0
 46
0.0
 71
7
  1
4
  7
Note Text (ISO)
  0
MTEXT
  5
144
330
10D
100
AcDbEntity
  8
Border (ISO)
100
AcDbMText
 10
103.9751916467378
 20
287.3262560764327
 30
0.0
 40
3.499999940395355
 41
0.0
 46
0.0
 71
7
  1
5
  7
Note Text (ISO)
  0
MTEXT
  5
145
330
10D
100
AcDbEntity
  8
Border (ISO)
100
AcDbMText
 10
103.9751916467378
 20
6.026256136037408
 30
0.0
 40
3.499999940395355
 41
0.0
 46
0.0
 71
7
  1
5
  7
Note Text (ISO)
  0
MTEXT
  5
146
330
10D
100
AcDbEntity
  8
Border (ISO)
100
AcDbMText
 10
33.88279141176685
 20
287.3262560764327
 30
0.0
 40
3.499999940395355
 41
0.0
 46
0.0
 71
7
  1
6
  7
Note Text (ISO)
  0
MTEXT
  5
147
330
10D
100
AcDbEntity
  8
Border (ISO)
100
AcDbMText
 10
33.88279141176685
 20
6.026256136037408
 30
0.0
 40
3.499999940395355
 41
0.0
 46
0.0
 71
7
  1
6
  7
Note Text (ISO)
  0
LINE
  5
148
330
10D
100
AcDbEntity
  8
Border (ISO)
100
AcDbLine
 10
10.0
 20
74.25000190734863
 30
0.0
 11
6.100000143051147
 21
74.25000190734863
 31
0.0
  0
LINE
  5
149
330
10D
100
AcDbEntity
  8
Border (ISO)
100
AcDbLine
 10
410.0
 20
74.25000190734863
 30
0.0
 11
413.8999938964843
 21
74.25000190734863
 31
0.0
  0
LINE
  5
14A
330
10D
100
AcDbEntity
  8
Border (ISO)
100
AcDbLine
 10
10.0
 20
222.7499961853027
 30
0.0
 11
6.100000143051147
 21
222.7499961853027
 31
0.0
  0
LINE
  5
14B
330
10D
100
AcDbEntity
  8
Border (ISO)
100
AcDbLine
 10
410.0
 20
222.7499961853027
 30
0.0
 11
413.8999938964843
 21
222.7499961853027
 31
0.0
  0
MTEXT
  5
14C
330
10D
100
AcDbEntity
  8
Border (ISO)
100
AcDbMText
 10
6.361230343933396
 20
35.37500002980233
 30
0.0
 40
3.499999940395355
 41
0.0
 46
0.0
 71
7
  1
A
  7
Note Text (ISO)
  0
MTEXT
  5
14D
330
10D
100
AcDbEntity
  8
Border (ISO)
100
AcDbMText
 10
410.6612302843287
 20
35.37500002980233
 30
0.0
 40
3.499999940395355
 41
0.0
 46
0.0
 71
7
  1
A
  7
Note Text (ISO)
  0
MTEXT
  5
14E
330
10D
100
AcDbEntity
  8
Border (ISO)
100
AcDbMText
 10
6.781848468328938
 20
109.6250000298023
 30
0.0
 40
3.499999940395355
 41
0.0
 46
0.0
 71
7
  1
B
  7
Note Text (ISO)
  0
MTEXT
  5
14F
330
10D
100
AcDbEntity
  8
Border (ISO)
100
AcDbMText
 10
411.0818484087242
 20
109.6250000298023
 30
0.0
 40
3.499999940395355
 41
0.0
 46
0.0
 71
7
  1
B
  7
Note Text (ISO)
  0
MTEXT
  5
150
330
10D
100
AcDbEntity
  8
Border (ISO)
100
AcDbMText
 10
6.558903094188359
 20
183.8126013241708
 30
0.0
 40
3.499999940395355
 41
0.0
 46
0.0
 71
7
  1
C
  7
Note Text (ISO)
  0
MTEXT
  5
151
330
10D
100
AcDbEntity
  8
Border (ISO)
100
AcDbMText
 10
410.8589030345837
 20
183.8126013241708
 30
0.0
 40
3.499999940395355
 41
0.0
 46
0.0
 71
7
  1
C
  7
Note Text (ISO)
  0
MTEXT
  5
152
330
10D
100
AcDbEntity
  8
Border (ISO)
100
AcDbMText
 10
6.56770745709084
 20
258.1250000298023
 30
0.0
 40
3.499999940395355
 41
0.0
 46
0.0
 71
7
  1
D
  7
Note Text (ISO)
  0
MTEXT
  5
153
330
10D
100
AcDbEntity
  8
Border (ISO)
100
AcDbMText
 10
410.8677073974861
 20
258.1250000298023
 30
0.0
 40
3.499999940395355
 41
0.0
 46
0.0
 71
7
  1
D
  7
Note Text (ISO)
  0
ENDBLK
  5
10F
330
10D
100
AcDbEntity
  8
0
100
AcDbBlockEnd
  0
BLOCK
  5
156
330
155
100
AcDbEntity
  8
0
100
AcDbBlockBegin
  2
Title Blocks ISO
 70
2
 10
0.0
 20
0.0
 30
0.0
  3
Title Blocks ISO
  1

  0
LINE
  5
158
330
155
100
AcDbEntity
  8
Title (ISO)
100
AcDbLine
 10
105.7201311529996
 20
100.0
 30
0.0
 11
275.7201311529996
 21
100.0
 31
0.0
  0
LINE
  5
159
330
155
100
AcDbEntity
  8
Title (ISO)
100
AcDbLine
 10
275.7201311529996
 20
100.0
 30
0.0
 11
275.7201311529996
 21
130.0
 31
0.0
  0
LINE
  5
15A
330
155
100
AcDbEntity
  8
Title (ISO)
100
AcDbLine
 10
275.7201311529996
 20
130.0
 30
0.0
 11
105.7201311529996
 21
130.0
 31
0.0
  0
LINE
  5
15B
330
155
100
AcDbEntity
  8
Title (ISO)
100
AcDbLine
 10
105.7201311529996
 20
130.0
 30
0.0
 11
105.7201311529996
 21
100.0
 31
0.0
  0
LINE
  5
15C
330
155
100
AcDbEntity
  8
Title (ISO)
100
AcDbLine
 10
105.7201311529996
 20
120.0
 30
0.0
 11
275.7201311529996
 21
120.0
 31
0.0
  0
LINE
  5
15D
330
155
100
AcDbEntity
  8
Title (ISO)
100
AcDbLine
 10
137.7201311529996
 20
120.0
 30
0.0
 11
137.7201311529996
 21
130.0
 31
0.0
  0
LINE
  5
15E
330
155
100
AcDbEntity
  8
Title (ISO)
100
AcDbLine
 10
162.7201311529996
 20
120.0
 30
0.0
 11
162.7201311529996
 21
130.0
 31
0.0
  0
LINE
  5
15F
330
155
100
AcDbEntity
  8
Title (ISO)
100
AcDbLine
 10
180.7201311529996
 20
120.0
 30
0.0
 11
180.7201311529996
 21
100.0
 31
0.0
  0
LINE
  5
160
330
155
100
AcDbEntity
  8
Title (ISO)
100
AcDbLine
 10
202.7201311529996
 20
120.0
 30
0.0
 11
202.7201311529996
 21
130.0
 31
0.0
  0
LINE
  5
161
330
155
100
AcDbEntity
  8
Title (ISO)
100
AcDbLine
 10
225.7201311529996
 20
120.0
 30
0.0
 11
225.7201311529996
 21
130.0
 31
0.0
  0
LINE
  5
162
330
155
100
AcDbEntity
  8
Title (ISO)
100
AcDbLine
 10
275.7201311529996
 20
110.0
 30
0.0
 11
180.7201311529996
 21
110.0
 31
0.0
  0
LINE
  5
163
330
155
100
AcDbEntity
  8
Title (ISO)
100
AcDbLine
 10
240.7201311529996
 20
100.0
 30
0.0
 11
240.7201311529996
 21
110.0
 31
0.0
  0
LINE
  5
164
330
155
100
AcDbEntity
  8
Title (ISO)
100
AcDbLine
 10
255.7201311529996
 20
100.0
 30
0.0
 11
255.7201311529996
 21
110.0
 31
0.0
  0
LINE
  5
165
330
155
100
AcDbEntity
  8
Title (ISO)
100
AcDbLine
 10
255.7201311529996
 20
120.0
 30
0.0
 11
255.7201311529996
 21
130.0
 31
0.0
  0
MTEXT
  5
166
330
155
100
AcDbEntity
  8
Title (ISO)
100
AcDbMText
 10
137.7895253853165
 20
108.5518384619511
 30
0.0
 40
3.499999940395355
 41
73.37793693868926
 46
0.0
 71
5
  1
\fTahoma|b0|i0;General Magic (Thailand) Co., Ltd.
  7
Note Text (ISO)
  0
TEXT
  5
168
330
155
100
AcDbEntity
  8
Title (ISO)
100
AcDbText
 10
106.7201311529996
 20
126.9999999701976
 30
0.0
 40
2.000000029802322
  1
Designed by
  7
Text Style41
 11
106.7201311529996
 21
129.0
 31
0.0
100
AcDbText
 73
3
  0
TEXT
  5
16B
330
155
100
AcDbEntity
  8
Title (ISO)
100
AcDbText
 10
138.7201311529996
 20
126.9999999701977
 30
0.0
 40
2.000000029802322
  1
Checked by
  7
Text Style41
 11
138.7201311529996
 21
129.0
 31
0.0
100
AcDbText
 73
3
  0
TEXT
  5
16C
330
155
100
AcDbEntity
  8
Title (ISO)
100
AcDbText
 10
163.7201311529996
 20
126.9999999701977
 30
0.0
 40
2.000000029802322
  1
Approved by
  7
Text Style41
 11
163.7201311529996
 21
129.0
 31
0.0
100
AcDbText
 73
3
  0
TEXT
  5
16D
330
155
100
AcDbEntity
  8
Title (ISO)
100
AcDbText
 10
226.7201311529996
 20
126.9999999701977
 30
0.0
 40
2.000000029802322
  1
Date
  7
Text Style41
 11
226.7201311529996
 21
129.0
 31
0.0
100
AcDbText
 73
3
  0
TEXT
  5
16E
330
155
100
AcDbEntity
  8
Title (ISO)
100
AcDbText
 10
259.9153965680689
 20
101.7500000298021
 30
0.0
 40
3.499999940395355
  1
1 / 1 
  7
Note Text (ISO)
 72
1
 11
265.7201311529996
 21
103.4999999999998
 31
0.0
100
AcDbText
 73
2
  0
TEXT
  5
16F
330
155
100
AcDbEntity
  8
Title (ISO)
100
AcDbText
 10
244.0858127836529
 20
106.9999999701977
 30
0.0
 40
2.000000029802322
  1
Edition
  7
Text Style41
 72
1
 11
248.2201311529996
 21
109.0
 31
0.0
100
AcDbText
 73
3
  0
TEXT
  5
170
330
155
100
AcDbEntity
  8
Title (ISO)
100
AcDbText
 10
262.2788953952782
 20
106.9999999701977
 30
0.0
 40
2.000000029802322
  1
Sheet
  7
Text Style41
 72
1
 11
265.7201311529996
 21
109.0
 31
0.0
100
AcDbText
 73
3
  0
TEXT
  5
171
330
155
100
AcDbEntity
  8
Title (ISO)
100
AcDbText
 10
196.0424951077661
 20
126.9999999701977
 30
0.0
 40
2.000000029802322
  1
Date
  7
Text Style41
 72
2
 11
201.7201311529996
 21
129.0
 31
0.0
100
AcDbText
 73
3
  0
MTEXT
  5
172
330
155
100
AcDbEntity
  8
Title (ISO)
100
AcDbMText
 10
181.7201311529996
 20
109.0
 30
0.0
 40
2.000000029802322
 41
0.0
 46
0.0
 71
1
  1
\fTahoma|b0|i0;{\H2.0000;PART NUMBER}
  7
Note Text (ISO)
  0
MTEXT
  5
173
330
155
100
AcDbEntity
  8
Title (ISO)
100
AcDbMText
 10
181.7201311529996
 20
119.0
 30
0.0
 40
2.000000029802322
 41
0.0
 46
0.0
 71
1
  1
\fTahoma|b0|i0;{\H2.0000;TITLE}
  7
Note Text (ISO)
  0
MTEXT
  5
174
330
155
100
AcDbEntity
  8
Title (ISO)
100
AcDbMText
 10
202.7201311529996
 20
129.0000001490116
 30
0.0
 40
2.029999941587448
 41
0.0
 46
0.0
 71
1
  1
\fTahoma|b0|i0;{\H2.0300;UNIT}
  7
Note Text (ISO)
  0
MTEXT
  5
175
330
155
100
AcDbEntity
  8
Title (ISO)
100
AcDbMText
 10
256.7201311529996
 20
129.0000001490108
 30
0.0
 40
2.029999941587448
 41
0.0
 46
0.0
 71
1
  1
\fTahoma|b0|i0;{\H2.0300;MATERIAL}
  7
Note Text (ISO)
  0
ATTDEF
  5
176
330
155
100
AcDbEntity
  8
Title (ISO)
100
AcDbText
 10
228.2201311529996
 20
113.2500000298023
 30
0.0
 40
3.499999940395355
  1

  7
Note Text (ISO)
 72
1
 11
228.2201311529996
 21
115.0
 31
0.0
100
AcDbAttributeDefinition
  3
TITLE
  2
TITLE
 70
0
 74
2
 71
1
 72
0
 11
228.2201311529996
 21
115.0
 31
0.0
  0
ATTDEF
  5
177
330
155
100
AcDbEntity
  8
Title (ISO)
100
AcDbText
 10
181.7201311529996
 20
103.2500000298023
 30
0.0
 40
3.499999940395355
  1

  7
Note Text (ISO)
 11
181.7201311529996
 21
105.0
 31
0.0
100
AcDbAttributeDefinition
  3
PART_NUMBER
  2
PART_NUMBER
 70
0
 74
2
 71
1
 72
0
 11
181.7201311529996
 21
105.0
 31
0.0
  0
ATTDEF
  5
179
330
155
100
AcDbEntity
  8
Title (ISO)
100
AcDbText
 10
106.7201311529996
 20
121.2871054380375
 30
0.0
 40
2.5
  1
Russapat
  7
Text Style39
 11
106.7201311529996
 21
120.9999999999999
 31
0.0
100
AcDbAttributeDefinition
  3
AUTHOR
  2
AUTHOR
 70
0
 74
1
 71
1
 72
0
 11
106.7201311529996
 21
120.9999999999999
 31
0.0
  0
ATTDEF
  5
17A
330
155
100
AcDbEntity
  8
Title (ISO)
100
AcDbText
 10
138.7201311529996
 20
121.2871054380375
 30
0.0
 40
2.5
  1

  7
Text Style39
 11
138.7201311529996
 21
120.9999999999999
 31
0.0
100
AcDbAttributeDefinition
  3
CHECKED_BY
  2
CHECKED_BY
 70
0
 74
1
 71
1
 72
0
 11
138.7201311529996
 21
120.9999999999999
 31
0.0
  0
ATTDEF
  5
17B
330
155
100
AcDbEntity
  8
Title (ISO)
100
AcDbText
 10
163.7201311529996
 20
121.2871054380375
 30
0.0
 40
2.5
  1

  7
Text Style39
 11
163.7201311529996
 21
121.0
 31
0.0
100
AcDbAttributeDefinition
  3
ENG_APPROVED_BY
  2
ENG_APPROVED_BY
 70
0
 74
1
 71
1
 72
0
 11
163.7201311529996
 21
121.0
 31
0.0
  0
ATTDEF
  5
17C
330
155
100
AcDbEntity
  8
Title (ISO)
100
AcDbText
 10
201.7201311529996
 20
121.2871054380376
 30
0.0
 40
2.5
  1

  7
Text Style39
 72
2
 11
201.7201311529996
 21
121.0
 31
0.0
100
AcDbAttributeDefinition
  3
ENG_APPROVAL_DATE
  2
ENG_APPROVAL_DATE
 70
0
 74
1
 71
1
 72
0
 11
201.7201311529996
 21
121.0
 31
0.0
  0
ATTDEF
  5
17D
330
155
100
AcDbEntity
  8
Title (ISO)
100
AcDbText
 10
226.7201311529996
 20
121.2871054380376
 30
0.0
 40
2.5
  1
1/23/2026
  7
Text Style39
 11
226.7201311529996
 21
121.0
 31
0.0
100
AcDbAttributeDefinition
  3
CREATION_DATE
  2
CREATION_DATE
 70
0
 74
1
 71
1
 72
0
 11
226.7201311529996
 21
121.0
 31
0.0
  0
ATTDEF
  5
17E
330
155
100
AcDbEntity
  8
Title (ISO)
100
AcDbText
 10
248.2201311529996
 20
101.7500000298021
 30
0.0
 40
3.499999940395355
  1

  7
Note Text (ISO)
 72
1
 11
248.2201311529996
 21
103.4999999999998
 31
0.0
100
AcDbAttributeDefinition
  3
REVISION_NUMBER
  2
REVISION_NUMBER
 70
0
 74
2
 71
1
 72
0
 11
248.2201311529996
 21
103.4999999999998
 31
0.0
  0
ATTDEF
  5
180
330
155
100
AcDbEntity
  8
Title (ISO)
100
AcDbText
 10
256.7201311529996
 20
121.030557450907
 30
0.0
 40
3.048000037670135
  1
Generic
  7
Text Style35
 11
256.7201311529996
 21
124.0785574885771
 31
0.0
100
AcDbAttributeDefinition
  3
MATERIAL
  2
MATERIAL
 70
0
 74
3
 71
4
 72
0
 11
256.7201311529996
 21
124.0785574885771
 31
0.0
101
Embedded Object
 10
256.7201311529996
 20
124.0785574885771
 30
0.0
 40
3.048000037670135
 41
0.0
 46
0.0
 71
1
 72
5
  1
Generic
  7
Text Style35
  0
ENDBLK
  5
157
330
155
100
AcDbEntity
  8
0
100
AcDbBlockEnd
  0
BLOCK
  5
1DB
330
1DA
100
AcDbEntity
  8
0
100
AcDbBlockBegin
  2
*D7
 70
1
 10
0.0
 20
0.0
 30
0.0
  3
*D7
  1

  0
LINE
  5
295
330
1DA
100
AcDbEntity
  8
Dimension (ISO)
440
16777216
100
AcDbLine
 10
-72.5816476423778
 20
48.52578567999722
 30
0.0
 11
-70.82077558982024
 21
46.751150614829925
 31
0.0
  0
LINE
  5
296
330
1DA
100
AcDbEntity
  8
Dimension (ISO)
440
16777216
100
AcDbLine
 10
-69.94033956354146
 20
45.86383308224626
 30
0.0
 11
-48.87665361083698
 21
24.635512921761904
 31
0.0
  0
LINE
  5
297
330
1DA
100
AcDbEntity
  8
Dimension (ISO)
440
16777216
100
AcDbLine
 10
-48.87665361083698
 20
24.635512921761904
 30
0.0
 11
-48.87665361083698
 21
17.878953471969414
 31
0.0
  0
SOLID
  5
298
330
1DA
100
AcDbEntity
  8
Dimension (ISO)
440
16777216
100
AcDbTrace
 10
-72.72953389780841
 20
48.379046342284084
 30
0.0
 11
-72.4337613869472
 21
48.67252501771035
 31
0.0
 12
-73.46208366865662
 22
49.4131032125809
 32
0.0
 13
-73.46208366865662
 23
49.4131032125809
 33
0.0
  0
SOLID
  5
299
330
1DA
100
AcDbEntity
  8
Dimension (ISO)
440
16777216
100
AcDbTrace
 10
-70.96866184525086
 20
46.604411277116796
 30
0.0
 11
-70.67288933438965
 21
46.89788995254306
 31
0.0
 12
-69.94033956354146
 22
45.86383308224626
 32
0.0
 13
-69.94033956354146
 23
45.86383308224626
 33
0.0
  0
MTEXT
  5
29A
330
1DA
100
AcDbEntity
  8
Dimension (ISO)
440
16777216
100
AcDbMText
 10
-51.14254448129009
 20
17.878953471969393
 30
0.0
 40
1.75
 41
0.0
 46
0.0
 71
1
  1
\A1;∅5.00
  7
Note Text (ISO)
 11
6.123233995736766e-17
 21
1.0
 31
0.0
  0
POINT
  5
29B
330
1DA
100
AcDbEntity
  8
Defpoints
 62
0
440
16777216
100
AcDbPoint
 10
-69.94033956354146
 20
45.86383308224626
 30
0.0
  0
POINT
  5
29C
330
1DA
100
AcDbEntity
  8
Defpoints
 62
0
440
16777216
100
AcDbPoint
 10
-73.46208366865662
 20
49.4131032125809
 30
0.0
  0
ENDBLK
  5
1DC
330
1DA
100
AcDbEntity
  8
0
100
AcDbBlockEnd
  0
BLOCK
  5
2A1
330
2A0
100
AcDbEntity
  8
0
100
AcDbBlockBegin
  2
*D8
 70
1
 10
0.0
 20
0.0
 30
0.0
  3
*D8
  1

  0
LINE
  5
383
330
2A0
100
AcDbEntity
  8
Dimension (ISO)
440
16777216
100
AcDbLine
 10
-90.95121161609913
 20
34.18846814741361
 30
0.0
 11
-104.1458182187988
 21
34.18846814741361
 31
0.0
  0
LINE
  5
384
330
2A0
100
AcDbEntity
  8
Dimension (ISO)
440
16777216
100
AcDbLine
 10
-72.20121161609913
 20
47.638468147413604
 30
0.0
 11
-104.1458182187988
 21
47.638468147413604
 31
0.0
  0
LINE
  5
385
330
2A0
100
AcDbEntity
  8
Dimension (ISO)
440
16777216
100
AcDbLine
 10
-102.5583182187988
 20
35.43846814741361
 30
0.0
 11
-102.5583182187988
 21
46.388468147413604
 31
0.0
  0
SOLID
  5
386
330
2A0
100
AcDbEntity
  8
Dimension (ISO)
440
16777216
100
AcDbTrace
 10
-102.7666515521321
 20
35.43846814741361
 30
0.0
 11
-102.3499848854655
 21
35.43846814741361
 31
0.0
 12
-102.5583182187988
 22
34.18846814741361
 32
0.0
 13
-102.5583182187988
 23
34.18846814741361
 33
0.0
  0
SOLID
  5
387
330
2A0
100
AcDbEntity
  8
Dimension (ISO)
440
16777216
100
AcDbTrace
 10
-102.7666515521321
 20
46.388468147413604
 30
0.0
 11
-102.3499848854655
 21
46.388468147413604
 31
0.0
 12
-102.5583182187988
 22
47.638468147413604
 32
0.0
 13
-102.5583182187988
 23
47.638468147413604
 33
0.0
  0
MTEXT
  5
388
330
2A0
100
AcDbEntity
  8
Dimension (ISO)
440
16777216
100
AcDbMText
 10
-104.7621859034617
 20
39.027606777741376
 30
0.0
 40
1.75
 41
0.0
 46
0.0
 71
1
  1
\A1;13.45
  7
Note Text (ISO)
 11
6.123233995736766e-17
 21
1.0
 31
0.0
  0
POINT
  5
389
330
2A0
100
AcDbEntity
  8
Defpoints
 62
0
440
16777216
100
AcDbPoint
 10
-90.45121161609912
 20
34.18846814741361
 30
0.0
  0
POINT
  5
38A
330
2A0
100
AcDbEntity
  8
Defpoints
 62
0
440
16777216
100
AcDbPoint
 10
-71.70121161609912
 20
47.638468147413604
 30
0.0
  0
POINT
  5
38B
330
2A0
100
AcDbEntity
  8
Defpoints
 62
0
440
16777216
100
AcDbPoint
 10
-102.5583182187988
 20
47.638468147413604
 30
0.0
  0
ENDBLK
  5
2A2
330
2A0
100
AcDbEntity
  8
0
100
AcDbBlockEnd
  0
BLOCK
  5
38E
330
38D
100
AcDbEntity
  8
0
100
AcDbBlockBegin
  2
*D9
 70
1
 10
0.0
 20
0.0
 30
0.0
  3
*D9
  1

  0
LINE
  5
470
330
38D
100
AcDbEntity
  8
Dimension (ISO)
440
16777216
100
AcDbLine
 10
-71.70121161609916
 20
48.13846814741364
 30
0.0
 11
-71.70121161609916
 21
79.37803863901644
 31
0.0
  0
LINE
  5
471
330
38D
100
AcDbEntity
  8
Dimension (ISO)
440
16777216
100
AcDbLine
 10
-89.25121161609917
 20
34.68846814741363
 30
0.0
 11
-89.25121161609917
 21
79.37803863901644
 31
0.0
  0
LINE
  5
472
330
38D
100
AcDbEntity
  8
Dimension (ISO)
440
16777216
100
AcDbLine
 10
-72.95121161609916
 20
77.79053863901645
 30
0.0
 11
-88.00121161609917
 21
77.79053863901645
 31
0.0
  0
SOLID
  5
473
330
38D
100
AcDbEntity
  8
Dimension (ISO)
440
16777216
100
AcDbTrace
 10
-72.95121161609916
 20
77.58220530568312
 30
0.0
 11
-72.95121161609916
 21
77.99887197234978
 31
0.0
 12
-71.70121161609916
 22
77.79053863901645
 32
0.0
 13
-71.70121161609916
 23
77.79053863901645
 33
0.0
  0
SOLID
  5
474
330
38D
100
AcDbEntity
  8
Dimension (ISO)
440
16777216
100
AcDbTrace
 10
-88.00121161609917
 20
77.58220530568312
 30
0.0
 11
-88.00121161609917
 21
77.99887197234978
 31
0.0
 12
-89.25121161609917
 22
77.79053863901645
 32
0.0
 13
-89.25121161609917
 23
77.79053863901645
 33
0.0
  0
MTEXT
  5
475
330
38D
100
AcDbEntity
  8
Dimension (ISO)
440
16777216
100
AcDbMText
 10
-77.6846199619048
 20
75.61722837524405
 30
0.0
 40
1.75
 41
0.0
 46
0.0
 71
1
  1
\A1;17.55
  7
Note Text (ISO)
 11
-1.0
 21
1.6123233995736767e-16
 31
0.0
  0
POINT
  5
476
330
38D
100
AcDbEntity
  8
Defpoints
 62
0
440
16777216
100
AcDbPoint
 10
-71.70121161609916
 20
47.638468147413626
 30
0.0
  0
POINT
  5
477
330
38D
100
AcDbEntity
  8
Defpoints
 62
0
440
16777216
100
AcDbPoint
 10
-89.25121161609917
 20
34.18846814741363
 30
0.0
  0
POINT
  5
478
330
38D
100
AcDbEntity
  8
Defpoints
 62
0
440
16777216
100
AcDbPoint
 10
-89.25121161609917
 20
77.79053863901645
 30
0.0
  0
ENDBLK
  5
38F
330
38D
100
AcDbEntity
  8
0
100
AcDbBlockEnd
  0
BLOCK
  5
47A
330
479
100
AcDbEntity
  8
0
100
AcDbBlockBegin
  2
2dTransSection0
 70
0
 10
0.0
 20
0.0
 30
0.0
  3
2dTransSection0
  1

  0
LINE
  5
47C
330
479
100
AcDbEntity
  8
Section Line (ISO)
  6
CHAIN
 48
45.69575881958008
100
AcDbLine
 10
95.27693629482717
 20
240.1923140843412
 30
0.0
 11
95.27693629482717
 21
67.7022341766349
 31
0.0
  0
LINE
  5
47D
330
479
100
AcDbEntity
  8
Section Line (ISO)
  6
Continuous
370
140
100
AcDbLine
 10
95.27693629482717
 20
240.1923140843412
 30
0.0
 11
95.27693629482717
 21
229.6023068200043
 31
0.0
  0
LINE
  5
47E
330
479
100
AcDbEntity
  8
Section Line (ISO)
  6
Continuous
370
140
100
AcDbLine
 10
95.27693629482717
 20
78.29224144097184
 30
0.0
 11
95.27693629482717
 21
67.7022341766349
 31
0.0
  0
LINE
  5
47F
330
479
100
AcDbEntity
  8
Section Line (ISO)
  6
Continuous
100
AcDbLine
 10
92.77693629482717
 20
234.8973104521727
 30
0.0
 11
95.27693629482717
 21
234.8973104521727
 31
0.0
  0
POLYLINE
  5
480
330
479
100
AcDbEntity
  8
Section Line (ISO)
  6
Continuous
100
AcDb2dPolyline
 66
1
 10
0.0
 20
0.0
 30
0.0
 70
128
  0
VERTEX
  5
481
330
480
100
AcDbEntity
  8
Section Line (ISO)
  6
Continuous
100
AcDbVertex
100
AcDb2dVertex
 10
92.77693629482721
 20
234.397312068165
 30
0.0
 70
0
  0
VERTEX
  5
482
330
480
100
AcDbEntity
  8
Section Line (ISO)
  6
Continuous
100
AcDbVertex
100
AcDb2dVertex
 10
95.27693629482717
 20
234.8973139755136
 30
0.0
 70
0
  0
VERTEX
  5
484
330
480
100
AcDbEntity
  8
Section Line (ISO)
  6
Continuous
100
AcDbVertex
100
AcDb2dVertex
 10
92.77693629482721
 20
235.3973063461191
 30
0.0
 70
0
  0
VERTEX
  5
485
330
480
100
AcDbEntity
  8
Section Line (ISO)
  6
Continuous
100
AcDbVertex
100
AcDb2dVertex
 10
92.77693629482721
 20
234.397312068165
 30
0.0
 70
0
  0
SEQEND
  5
483
330
480
100
AcDbEntity
  8
Section Line (ISO)
  6
Continuous
  0
SOLID
  5
486
330
479
100
AcDbEntity
  8
Section Line (ISO)
100
AcDbTrace
 10
92.77693629482721
 20
234.397312068165
 30
0.0
 11
95.27693629482717
 21
234.8973139755136
 31
0.0
 12
92.77693629482721
 22
235.3973063461191
 32
0.0
 13
92.77693629482721
 23
234.397312068165
 33
0.0
  0
LINE
  5
487
330
479
100
AcDbEntity
  8
Section Line (ISO)
  6
Continuous
100
AcDbLine
 10
92.77693629482717
 20
234.3973104521727
 30
0.0
 11
95.27693629482717
 21
234.8973104521727
 31
0.0
  0
LINE
  5
488
330
479
100
AcDbEntity
  8
Section Line (ISO)
  6
Continuous
100
AcDbLine
 10
95.27693629482717
 20
234.8973104521727
 30
0.0
 11
92.77693629482717
 21
235.3973104521728
 31
0.0
  0
LINE
  5
489
330
479
100
AcDbEntity
  8
Section Line (ISO)
  6
Continuous
100
AcDbLine
 10
92.77693629482717
 20
235.3973104521728
 30
0.0
 11
92.77693629482717
 21
234.3973104521727
 31
0.0
  0
LINE
  5
48A
330
479
100
AcDbEntity
  8
Section Line (ISO)
  6
Continuous
100
AcDbLine
 10
87.99428132121506
 20
234.8973104521727
 30
0.0
 11
92.77693629482717
 21
234.8973104521727
 31
0.0
  0
LINE
  5
48B
330
479
100
AcDbEntity
  8
Section Line (ISO)
  6
Continuous
100
AcDbLine
 10
92.77693629482717
 20
72.99723780880338
 30
0.0
 11
95.27693629482717
 21
72.99723780880338
 31
0.0
  0
POLYLINE
  5
48C
330
479
100
AcDbEntity
  8
Section Line (ISO)
  6
Continuous
100
AcDb2dPolyline
 66
1
 10
0.0
 20
0.0
 30
0.0
 70
128
  0
VERTEX
  5
48D
330
48C
100
AcDbEntity
  8
Section Line (ISO)
  6
Continuous
100
AcDbVertex
100
AcDb2dVertex
 10
92.77693629482721
 20
72.49723997038666
 30
0.0
 70
0
  0
VERTEX
  5
48E
330
48C
100
AcDbEntity
  8
Section Line (ISO)
  6
Continuous
100
AcDbVertex
100
AcDb2dVertex
 10
95.27693629482717
 20
72.99723710936371
 30
0.0
 70
0
  0
VERTEX
  5
490
330
48C
100
AcDbEntity
  8
Section Line (ISO)
  6
Continuous
100
AcDbVertex
100
AcDb2dVertex
 10
92.77693629482721
 20
73.49723901671234
 30
0.0
 70
0
  0
VERTEX
  5
491
330
48C
100
AcDbEntity
  8
Section Line (ISO)
  6
Continuous
100
AcDbVertex
100
AcDb2dVertex
 10
92.77693629482721
 20
72.49723997038666
 30
0.0
 70
0
  0
SEQEND
  5
48F
330
48C
100
AcDbEntity
  8
Section Line (ISO)
  6
Continuous
  0
SOLID
  5
492
330
479
100
AcDbEntity
  8
Section Line (ISO)
100
AcDbTrace
 10
92.77693629482721
 20
72.49723997038666
 30
0.0
 11
95.27693629482717
 21
72.99723710936371
 31
0.0
 12
92.77693629482721
 22
73.49723901671234
 32
0.0
 13
92.77693629482721
 23
72.49723997038666
 33
0.0
  0
LINE
  5
493
330
479
100
AcDbEntity
  8
Section Line (ISO)
  6
Continuous
100
AcDbLine
 10
92.77693629482717
 20
72.49723780880338
 30
0.0
 11
95.27693629482717
 21
72.99723780880338
 31
0.0
  0
LINE
  5
494
330
479
100
AcDbEntity
  8
Section Line (ISO)
  6
Continuous
100
AcDbLine
 10
95.27693629482717
 20
72.99723780880338
 30
0.0
 11
92.77693629482717
 21
73.49723780880338
 31
0.0
  0
LINE
  5
495
330
479
100
AcDbEntity
  8
Section Line (ISO)
  6
Continuous
100
AcDbLine
 10
92.77693629482717
 20
73.49723780880338
 30
0.0
 11
92.77693629482717
 21
72.49723780880338
 31
0.0
  0
LINE
  5
496
330
479
100
AcDbEntity
  8
Section Line (ISO)
  6
Continuous
100
AcDbLine
 10
87.99428132121507
 20
72.99723780880338
 30
0.0
 11
92.77693629482717
 21
72.99723780880338
 31
0.0
  0
MTEXT
  5
497
330
479
100
AcDbEntity
  8
Section Line (ISO)
100
AcDbMText
 10
77.87478224132525
 20
232.272310571382
 30
0.0
 40
5.24999976158142
 41
0.0
 46
0.0
 71
7
  1
A 
  7
Label Text (ISO)
  0
MTEXT
  5
498
330
479
100
AcDbEntity
  8
Section Line (ISO)
100
AcDbMText
 10
77.87478224132525
 20
70.37223792801265
 30
0.0
 40
5.24999976158142
 41
0.0
 46
0.0
 71
7
  1
A 
  7
Label Text (ISO)
  0
ENDBLK
  5
47B
330
479
100
AcDbEntity
  8
0
100
AcDbBlockEnd
  0
BLOCK
  5
513
330
512
100
AcDbEntity
  8
0
100
AcDbBlockBegin
  2
*D11
 70
1
 10
0.0
 20
0.0
 30
0.0
  3
*D11
  1

  0
LINE
  5
603
330
512
100
AcDbEntity
  8
Dimension (ISO)
440
16777216
100
AcDbLine
 10
-61.20121161609912
 20
110.3920304690139
 30
0.0
 11
-35.773092818392556
 21
110.3920304690139
 31
0.0
  0
LINE
  5
604
330
512
100
AcDbEntity
  8
Dimension (ISO)
440
16777216
100
AcDbLine
 10
-49.201211616099116
 20
106.8920304690139
 30
0.0
 11
-35.773092818392556
 21
106.8920304690139
 31
0.0
  0
LINE
  5
605
330
512
100
AcDbEntity
  8
Dimension (ISO)
440
16777216
100
AcDbLine
 10
-37.360592818392554
 20
111.6420304690139
 30
0.0
 11
-37.360592818392554
 21
112.8920304690139
 31
0.0
  0
LINE
  5
606
330
512
100
AcDbEntity
  8
Dimension (ISO)
440
16777216
100
AcDbLine
 10
-37.360592818392554
 20
105.6420304690139
 30
0.0
 11
-37.360592818392554
 21
99.17099758983201
 31
0.0
  0
LINE
  5
607
330
512
100
AcDbEntity
  8
Dimension (ISO)
440
16777216
100
AcDbLine
 10
-37.360592818392554
 20
110.3920304690139
 30
0.0
 11
-37.360592818392554
 21
106.8920304690139
 31
0.0
  0
SOLID
  5
608
330
512
100
AcDbEntity
  8
Dimension (ISO)
440
16777216
100
AcDbTrace
 10
-37.56892615172589
 20
111.6420304690139
 30
0.0
 11
-37.152259485059226
 21
111.6420304690139
 31
0.0
 12
-37.360592818392554
 22
110.3920304690139
 32
0.0
 13
-37.360592818392554
 23
110.3920304690139
 33
0.0
  0
SOLID
  5
609
330
512
100
AcDbEntity
  8
Dimension (ISO)
440
16777216
100
AcDbTrace
 10
-37.56892615172589
 20
105.6420304690139
 30
0.0
 11
-37.152259485059226
 21
105.6420304690139
 31
0.0
 12
-37.360592818392554
 22
106.8920304690139
 32
0.0
 13
-37.360592818392554
 23
106.8920304690139
 33
0.0
  0
MTEXT
  5
60A
330
512
100
AcDbEntity
  8
Dimension (ISO)
440
16777216
100
AcDbMText
 10
-39.564460503055486
 20
99.55199758983201
 30
0.0
 40
1.75
 41
0.0
 46
0.0
 71
1
  1
\A1;3.50
  7
Note Text (ISO)
 11
6.123233995736766e-17
 21
1.0
 31
0.0
  0
POINT
  5
60B
330
512
100
AcDbEntity
  8
Defpoints
 62
0
440
16777216
100
AcDbPoint
 10
-61.701211616099116
 20
110.3920304690139
 30
0.0
  0
POINT
  5
60C
330
512
100
AcDbEntity
  8
Defpoints
 62
0
440
16777216
100
AcDbPoint
 10
-49.70121161609912
 20
106.8920304690139
 30
0.0
  0
POINT
  5
60D
330
512
100
AcDbEntity
  8
Defpoints
 62
0
440
16777216
100
AcDbPoint
 10
-37.360592818392554
 20
106.8920304690139
 30
0.0
  0
ENDBLK
  5
514
330
512
100
AcDbEntity
  8
0
100
AcDbBlockEnd
  0
BLOCK
  5
610
330
60F
100
AcDbEntity
  8
0
100
AcDbBlockBegin
  2
*D12
 70
1
 10
0.0
 20
0.0
 30
0.0
  3
*D12
  1

  0
LINE
  5
6FF
330
60F
100
AcDbEntity
  8
Dimension (ISO)
440
16777216
100
AcDbLine
 10
-52.00121161609912
 20
111.7920304690139
 30
0.0
 11
-29.773092818392552
 21
111.7920304690139
 31
0.0
  0
LINE
  5
700
330
60F
100
AcDbEntity
  8
Dimension (ISO)
440
16777216
100
AcDbLine
 10
-49.201211616099116
 20
106.8920304690139
 30
0.0
 11
-29.773092818392552
 21
106.8920304690139
 31
0.0
  0
LINE
  5
701
330
60F
100
AcDbEntity
  8
Dimension (ISO)
440
16777216
100
AcDbLine
 10
-31.360592818392554
 20
110.5420304690139
 30
0.0
 11
-31.360592818392554
 21
108.1420304690139
 31
0.0
  0
LINE
  5
702
330
60F
100
AcDbEntity
  8
Dimension (ISO)
440
16777216
100
AcDbLine
 10
-31.360592818392554
 20
106.8920304690139
 30
0.0
 11
-31.360592818392554
 21
100.3540063209566
 31
0.0
  0
SOLID
  5
703
330
60F
100
AcDbEntity
  8
Dimension (ISO)
440
16777216
100
AcDbTrace
 10
-31.568926151725883
 20
110.5420304690139
 30
0.0
 11
-31.152259485059222
 21
110.5420304690139
 31
0.0
 12
-31.360592818392554
 22
111.7920304690139
 32
0.0
 13
-31.360592818392554
 23
111.7920304690139
 33
0.0
  0
SOLID
  5
704
330
60F
100
AcDbEntity
  8
Dimension (ISO)
440
16777216
100
AcDbTrace
 10
-31.568926151725883
 20
108.1420304690139
 30
0.0
 11
-31.152259485059222
 21
108.1420304690139
 31
0.0
 12
-31.360592818392554
 22
106.8920304690139
 32
0.0
 13
-31.360592818392554
 23
106.8920304690139
 33
0.0
  0
MTEXT
  5
705
330
60F
100
AcDbEntity
  8
Dimension (ISO)
440
16777216
100
AcDbMText
 10
-33.56328521763661
 20
100.7350063209565
 30
0.0
 40
1.75
 41
0.0
 46
0.0
 71
1
  1
\A1;4.90
  7
Note Text (ISO)
 11
6.123233995736766e-17
 21
1.0
 31
0.0
  0
POINT
  5
706
330
60F
100
AcDbEntity
  8
Defpoints
 62
0
440
16777216
100
AcDbPoint
 10
-52.50121161609912
 20
111.7920304690139
 30
0.0
  0
POINT
  5
707
330
60F
100
AcDbEntity
  8
Defpoints
 62
0
440
16777216
100
AcDbPoint
 10
-49.70121161609912
 20
106.8920304690139
 30
0.0
  0
POINT
  5
708
330
60F
100
AcDbEntity
  8
Defpoints
 62
0
440
16777216
100
AcDbPoint
 10
-31.360592818392554
 20
106.8920304690139
 30
0.0
  0
ENDBLK
  5
611
330
60F
100
AcDbEntity
  8
0
100
AcDbBlockEnd
  0
BLOCK
  5
70B
330
70A
100
AcDbEntity
  8
0
100
AcDbBlockBegin
  2
*D13
 70
1
 10
0.0
 20
0.0
 30
0.0
  3
*D13
  1

  0
LINE
  5
7ED
330
70A
100
AcDbEntity
  8
Dimension (ISO)
440
16777216
100
AcDbLine
 10
-53.70121161609916
 20
48.13846814741363
 30
0.0
 11
-53.70121161609915
 21
79.37803863901644
 31
0.0
  0
LINE
  5
7EE
330
70A
100
AcDbEntity
  8
Dimension (ISO)
440
16777216
100
AcDbLine
 10
-71.70121161609916
 20
48.13846814741364
 30
0.0
 11
-71.70121161609916
 21
79.37803863901644
 31
0.0
  0
LINE
  5
7EF
330
70A
100
AcDbEntity
  8
Dimension (ISO)
440
16777216
100
AcDbLine
 10
-54.95121161609915
 20
77.79053863901645
 30
0.0
 11
-70.45121161609916
 21
77.79053863901645
 31
0.0
  0
SOLID
  5
7F0
330
70A
100
AcDbEntity
  8
Dimension (ISO)
440
16777216
100
AcDbTrace
 10
-54.95121161609915
 20
77.58220530568312
 30
0.0
 11
-54.95121161609915
 21
77.99887197234978
 31
0.0
 12
-53.70121161609915
 22
77.79053863901645
 32
0.0
 13
-53.70121161609915
 23
77.79053863901645
 33
0.0
  0
SOLID
  5
7F1
330
70A
100
AcDbEntity
  8
Dimension (ISO)
440
16777216
100
AcDbTrace
 10
-70.45121161609916
 20
77.58220530568312
 30
0.0
 11
-70.45121161609916
 21
77.99887197234978
 31
0.0
 12
-71.70121161609916
 22
77.79053863901645
 32
0.0
 13
-71.70121161609916
 23
77.79053863901645
 33
0.0
  0
MTEXT
  5
7F2
330
70A
100
AcDbEntity
  8
Dimension (ISO)
440
16777216
100
AcDbMText
 10
-59.88551653687837
 20
75.57961924184032
 30
0.0
 40
1.75
 41
0.0
 46
0.0
 71
1
  1
\A1;18.00
  7
Note Text (ISO)
 11
-1.0
 21
1.6123233995736767e-16
 31
0.0
  0
POINT
  5
7F3
330
70A
100
AcDbEntity
  8
Defpoints
 62
0
440
16777216
100
AcDbPoint
 10
-53.70121161609915
 20
47.63846814741362
 30
0.0
  0
POINT
  5
7F4
330
70A
100
AcDbEntity
  8
Defpoints
 62
0
440
16777216
100
AcDbPoint
 10
-71.70121161609916
 20
47.638468147413626
 30
0.0
  0
POINT
  5
7F5
330
70A
100
AcDbEntity
  8
Defpoints
 62
0
440
16777216
100
AcDbPoint
 10
-71.70121161609916
 20
77.79053863901645
 30
0.0
  0
ENDBLK
  5
70C
330
70A
100
AcDbEntity
  8
0
100
AcDbBlockEnd
  0
BLOCK
  5
7F8
330
7F7
100
AcDbEntity
  8
0
100
AcDbBlockBegin
  2
*D14
 70
1
 10
0.0
 20
0.0
 30
0.0
  3
*D14
  1

  0
LINE
  5
893
330
7F7
100
AcDbEntity
  8
Dimension (ISO)
440
16777216
100
AcDbLine
 10
-56.15359761203017
 20
13.108191407369684
 30
0.0
 11
-56.15359761203018
 21
22.328394116567374
 31
0.0
  0
LINE
  5
894
330
7F7
100
AcDbEntity
  8
Dimension (ISO)
440
16777216
100
AcDbLine
 10
-56.15359761203018
 20
22.328394116567374
 30
0.0
 11
-65.28934068762236
 21
37.20053678164223
 31
0.0
  0
MTEXT
  5
895
330
7F7
100
AcDbEntity
  8
Dimension (ISO)
440
16777216
100
AcDbMText
 10
-58.35629001127424
 20
13.108191407369684
 30
0.0
 40
1.75
 41
0.0
 46
0.0
 71
1
  1
\A1;R11.00
  7
Note Text (ISO)
 11
6.123233995736766e-17
 21
1.0
 31
0.0
  0
SOLID
  5
896
330
7F7
100
AcDbEntity
  8
Dimension (ISO)
440
16777216
100
AcDbTrace
 10
-65.46685652717629
 20
37.09149135768854
 30
0.0
 11
-65.11182484806842
 21
37.30958220559591
 31
0.0
 12
-65.94361323134447
 22
38.265631818965836
 32
0.0
 13
-65.94361323134447
 23
38.265631818965836
 33
0.0
  0
POINT
  5
897
330
7F7
100
AcDbEntity
  8
Defpoints
 62
0
440
16777216
100
AcDbPoint
 10
-65.94361323134447
 20
38.265631818965836
 30
0.0
  0
POINT
  5
898
330
7F7
100
AcDbEntity
  8
Defpoints
 62
0
440
16777216
100
AcDbPoint
 10
-71.70121161609912
 20
47.638468147413626
 30
0.0
  0
ENDBLK
  5
7F9
330
7F7
100
AcDbEntity
  8
0
100
AcDbBlockEnd
  0
BLOCK
  5
89B
330
89A
100
AcDbEntity
  8
0
100
AcDbBlockBegin
  2
*D15
 70
1
 10
0.0
 20
0.0
 30
0.0
  3
*D15
  1

  0
LINE
  5
936
330
89A
100
AcDbEntity
  8
Dimension (ISO)
440
16777216
100
AcDbLine
 10
-61.33761000985407
 20
12.116467262007813
 30
0.0
 11
-61.33761000985407
 21
21.336669971205573
 31
0.0
  0
LINE
  5
937
330
89A
100
AcDbEntity
  8
Dimension (ISO)
440
16777216
100
AcDbLine
 10
-61.33761000985407
 20
21.336669971205573
 30
0.0
 11
-67.57702289051478
 21
37.171684144876664
 31
0.0
  0
MTEXT
  5
938
330
89A
100
AcDbEntity
  8
Dimension (ISO)
440
16777216
100
AcDbMText
 10
-63.54030240909813
 20
12.116467262007813
 30
0.0
 40
1.75
 41
0.0
 46
0.0
 71
1
  1
\A1;R10.00
  7
Note Text (ISO)
 11
6.123233995736766e-17
 21
1.0
 31
0.0
  0
SOLID
  5
939
330
89A
100
AcDbEntity
  8
Dimension (ISO)
440
16777216
100
AcDbTrace
 10
-67.77085222389512
 20
37.09531027958808
 30
0.0
 11
-67.38319355713449
 21
37.24805801016528
 31
0.0
 12
-68.0352660822464
 22
38.33466014515856
 32
0.0
 13
-68.0352660822464
 23
38.33466014515856
 33
0.0
  0
POINT
  5
93A
330
89A
100
AcDbEntity
  8
Defpoints
 62
0
440
16777216
100
AcDbPoint
 10
-68.0352660822464
 20
38.33466014515856
 30
0.0
  0
POINT
  5
93B
330
89A
100
AcDbEntity
  8
Defpoints
 62
0
440
16777216
100
AcDbPoint
 10
-71.70121161609912
 20
47.63846814741359
 30
0.0
  0
ENDBLK
  5
89C
330
89A
100
AcDbEntity
  8
0
100
AcDbBlockEnd
  0
BLOCK
  5
93E
330
93D
100
AcDbEntity
  8
0
100
AcDbBlockBegin
  2
*D16
 70
1
 10
0.0
 20
0.0
 30
0.0
  3
*D16
  1

  0
LINE
  5
9F6
330
93D
100
AcDbEntity
  8
Dimension (ISO)
440
16777216
100
AcDbLine
 10
-86.67165347230241
 20
11.143586014312195
 30
0.0
 11
-86.6716534723024
 21
20.840807918751093
 31
0.0
  0
LINE
  5
9F7
330
93D
100
AcDbEntity
  8
Dimension (ISO)
440
16777216
100
AcDbLine
 10
-86.6716534723024
 20
20.840807918751093
 30
0.0
 11
-75.724770835934
 21
40.436144133285794
 31
0.0
  0
MTEXT
  5
9F8
330
93D
100
AcDbEntity
  8
Dimension (ISO)
440
16777216
100
AcDbMText
 10
-88.93754434275549
 20
11.143586014312195
 30
0.0
 40
1.75
 41
0.0
 46
0.0
 71
1
  1
\A1;∅14.00
  7
Note Text (ISO)
 11
6.123233995736766e-17
 21
1.0
 31
0.0
  0
SOLID
  5
9F9
330
93D
100
AcDbEntity
  8
Dimension (ISO)
440
16777216
100
AcDbTrace
 10
-75.90664770497763
 20
40.53774916408971
 30
0.0
 11
-75.54289396689038
 21
40.3345391024819
 31
0.0
 12
-75.11514065111052
 22
41.527405347547585
 32
0.0
 13
-75.11514065111052
 23
41.527405347547585
 33
0.0
  0
LINE
  5
9FA
330
93D
100
AcDbEntity
  8
Dimension (ISO)
440
16777216
100
AcDbLine
 10
-71.70121161609914
 20
47.59346814741362
 30
0.0
 11
-71.70121161609914
 21
47.68346814741362
 31
0.0
  0
LINE
  5
9FB
330
93D
100
AcDbEntity
  8
Dimension (ISO)
440
16777216
100
AcDbLine
 10
-71.65621161609914
 20
47.63846814741362
 30
0.0
 11
-71.74621161609913
 21
47.638468147413604
 31
0.0
  0
POINT
  5
9FC
330
93D
100
AcDbEntity
  8
Defpoints
 62
0
440
16777216
100
AcDbPoint
 10
-75.11514065111052
 20
41.527405347547585
 30
0.0
  0
POINT
  5
9FD
330
93D
100
AcDbEntity
  8
Defpoints
 62
0
440
16777216
100
AcDbPoint
 10
-68.28728258108774
 20
53.749530947279624
 30
0.0
  0
ENDBLK
  5
93F
330
93D
100
AcDbEntity
  8
0
100
AcDbBlockEnd
  0
BLOCK
  5
A00
330
9FF
100
AcDbEntity
  8
0
100
AcDbBlockBegin
  2
*D17
 70
1
 10
0.0
 20
0.0
 30
0.0
  3
*D17
  1

  0
LINE
  5
AB8
330
9FF
100
AcDbEntity
  8
Dimension (ISO)
440
16777216
100
AcDbLine
 10
-93.61372224851871
 20
10.873115792849855
 30
0.0
 11
-93.61372224851871
 21
20.57033769728873
 31
0.0
  0
LINE
  5
AB9
330
9FF
100
AcDbEntity
  8
Dimension (ISO)
440
16777216
100
AcDbLine
 10
-93.61372224851871
 20
20.57033769728873
 30
0.0
 11
-76.2629257567359
 21
42.00346467810548
 31
0.0
  0
MTEXT
  5
ABA
330
9FF
100
AcDbEntity
  8
Dimension (ISO)
440
16777216
100
AcDbMText
 10
-95.8796131189718
 20
10.873115792849845
 30
0.0
 40
1.75
 41
0.0
 46
0.0
 71
1
  1
\A1;∅12.00
  7
Note Text (ISO)
 11
6.123233995736766e-17
 21
1.0
 31
0.0
  0
SOLID
  5
ABB
330
9FF
100
AcDbEntity
  8
Dimension (ISO)
440
16777216
100
AcDbTrace
 10
-76.42485114378498
 20
42.134548417778944
 30
0.0
 11
-76.10100036968683
 21
41.87238093843201
 31
0.0
 12
-75.47642331869507
 22
42.97501700039998
 32
0.0
 13
-75.47642331869507
 23
42.97501700039998
 33
0.0
  0
LINE
  5
ABC
330
9FF
100
AcDbEntity
  8
Dimension (ISO)
440
16777216
100
AcDbLine
 10
-71.70121161609912
 20
47.593468147413596
 30
0.0
 11
-71.70121161609912
 21
47.6834681474136
 31
0.0
  0
LINE
  5
ABD
330
9FF
100
AcDbEntity
  8
Dimension (ISO)
440
16777216
100
AcDbLine
 10
-71.65621161609911
 20
47.6384681474136
 30
0.0
 11
-71.74621161609913
 21
47.63846814741359
 31
0.0
  0
POINT
  5
ABE
330
9FF
100
AcDbEntity
  8
Defpoints
 62
0
440
16777216
100
AcDbPoint
 10
-75.47642331869507
 20
42.97501700039998
 30
0.0
  0
POINT
  5
ABF
330
9FF
100
AcDbEntity
  8
Defpoints
 62
0
440
16777216
100
AcDbPoint
 10
-67.92599991350316
 20
52.301919294427215
 30
0.0
  0
ENDBLK
  5
A01
330
9FF
100
AcDbEntity
  8
0
100
AcDbBlockEnd
  0
BLOCK
  5
AC2
330
AC1
100
AcDbEntity
  8
0
100
AcDbBlockBegin
  2
*D18
 70
1
 10
0.0
 20
0.0
 30
0.0
  3
*D18
  1

  0
LINE
  5
B7B
330
AC1
100
AcDbEntity
  8
Dimension (ISO)
440
16777216
100
AcDbLine
 10
-55.2902732005453
 20
45.77369382304149
 30
0.0
 11
-56.10101890689539
 21
44.82227835142307
 31
0.0
  0
LINE
  5
B7C
330
AC1
100
AcDbEntity
  8
Dimension (ISO)
440
16777216
100
AcDbLine
 10
-52.11215003165294
 20
49.50324247178569
 30
0.0
 11
-43.648741472723266
 21
59.4351086321923
 31
0.0
  0
LINE
  5
B7D
330
AC1
100
AcDbEntity
  8
Dimension (ISO)
440
16777216
100
AcDbLine
 10
-43.648741472723266
 20
59.4351086321923
 30
0.0
 11
-43.64874147272327
 21
69.6262072281823
 31
0.0
  0
LINE
  5
B7E
330
AC1
100
AcDbEntity
  8
Dimension (ISO)
440
16777216
100
AcDbLine
 10
-54.47952749419521
 20
46.72510929465991
 30
0.0
 11
-52.92289573800303
 21
48.55182700016727
 31
0.0
  0
SOLID
  5
B7F
330
AC1
100
AcDbEntity
  8
Dimension (ISO)
440
16777216
100
AcDbTrace
 10
-55.44884244581503
 20
45.90881810743317
 30
0.0
 11
-55.13170395527557
 21
45.63856953864981
 31
0.0
 12
-54.47952749419521
 22
46.72510929465991
 32
0.0
 13
-54.47952749419521
 23
46.72510929465991
 33
0.0
  0
SOLID
  5
B80
330
AC1
100
AcDbEntity
  8
Dimension (ISO)
440
16777216
100
AcDbTrace
 10
-52.27071927692268
 20
49.63836675617737
 30
0.0
 11
-51.95358078638321
 21
49.36811818739401
 31
0.0
 12
-52.92289573800303
 22
48.55182700016727
 32
0.0
 13
-52.92289573800303
 23
48.55182700016727
 33
0.0
  0
MTEXT
  5
B81
330
AC1
100
AcDbEntity
  8
Dimension (ISO)
440
16777216
100
AcDbMText
 10
-45.914632343176336
 20
59.81610863219228
 30
0.0
 40
1.75
 41
0.0
 46
0.0
 71
1
  1
\A1;\fTahoma|b0|i0;2X ∅2.40 
  7
Note Text (ISO)
 11
6.123233995736766e-17
 21
1.0
 31
0.0
  0
POINT
  5
B82
330
AC1
100
AcDbEntity
  8
Defpoints
 62
0
440
16777216
100
AcDbPoint
 10
-52.92289573800303
 20
48.55182700016727
 30
0.0
  0
POINT
  5
B83
330
AC1
100
AcDbEntity
  8
Defpoints
 62
0
440
16777216
100
AcDbPoint
 10
-54.47952749419521
 20
46.72510929465991
 30
0.0
  0
ENDBLK
  5
AC3
330
AC1
100
AcDbEntity
  8
0
100
AcDbBlockEnd
  0
BLOCK
  5
B86
330
B85
100
AcDbEntity
  8
0
100
AcDbBlockBegin
  2
*D19
 70
1
 10
0.0
 20
0.0
 30
0.0
  3
*D19
  1

  0
LINE
  5
C21
330
B85
100
AcDbEntity
  8
Dimension (ISO)
440
16777216
100
AcDbLine
 10
-109.4988252933097
 20
10.293434377188758
 30
0.0
 11
-109.4988252933097
 21
21.481713535972716
 31
0.0
  0
LINE
  5
C22
330
B85
100
AcDbEntity
  8
Dimension (ISO)
440
16777216
100
AcDbLine
 10
-109.4988252933097
 20
21.481713535972716
 30
0.0
 11
-103.4611799384039
 21
27.169786502783886
 31
0.0
  0
MTEXT
  5
C23
330
B85
100
AcDbEntity
  8
Dimension (ISO)
440
16777216
100
AcDbMText
 10
-111.7026929779726
 20
10.293434377188747
 30
0.0
 40
1.75
 41
0.0
 46
0.0
 71
1
  1
\A1;\fTahoma|b0|i0;2x R3.00
  7
Note Text (ISO)
 11
6.123233995736766e-17
 21
1.0
 31
0.0
  0
SOLID
  5
C24
330
B85
100
AcDbEntity
  8
Dimension (ISO)
440
16777216
100
AcDbTrace
 10
-103.6040385915206
 20
27.321424832395756
 30
0.0
 11
-103.3183212852873
 21
27.018148173172015
 31
0.0
 12
-102.5513499607327
 22
28.026938421483678
 32
0.0
 13
-102.5513499607327
 23
28.026938421483678
 33
0.0
  0
POINT
  5
C25
330
B85
100
AcDbEntity
  8
Defpoints
 62
0
440
16777216
100
AcDbPoint
 10
-102.5513499607327
 20
28.026938421483678
 30
0.0
  0
POINT
  5
C26
330
B85
100
AcDbEntity
  8
Defpoints
 62
0
440
16777216
100
AcDbPoint
 10
-100.3677580143216
 20
30.08410302636315
 30
0.0
  0
ENDBLK
  5
B87
330
B85
100
AcDbEntity
  8
0
100
AcDbBlockEnd
  0
BLOCK
  5
C29
330
C28
100
AcDbEntity
  8
0
100
AcDbBlockBegin
  2
*D20
 70
1
 10
0.0
 20
0.0
 30
0.0
  3
*D20
  1

  0
LINE
  5
CC4
330
C28
100
AcDbEntity
  8
Dimension (ISO)
440
16777216
100
AcDbLine
 10
-103.588034322964
 20
10.027351982520248
 30
0.0
 11
-103.588034322964
 21
21.201527716277926
 31
0.0
  0
LINE
  5
CC5
330
C28
100
AcDbEntity
  8
Dimension (ISO)
440
16777216
100
AcDbLine
 10
-103.588034322964
 20
21.201527716277926
 30
0.0
 11
-101.5606678699683
 21
26.793667481286896
 31
0.0
  0
MTEXT
  5
CC6
330
C28
100
AcDbEntity
  8
Dimension (ISO)
440
16777216
100
AcDbMText
 10
-105.7919020076269
 20
10.027351982520248
 30
0.0
 40
1.75
 41
0.0
 46
0.0
 71
1
  1
\A1;\fTahoma|b0|i0;2x R2.25
  7
Note Text (ISO)
 11
6.123233995736766e-17
 21
1.0
 31
0.0
  0
SOLID
  5
CC7
330
C28
100
AcDbEntity
  8
Dimension (ISO)
440
16777216
100
AcDbTrace
 10
-101.7565271286038
 20
26.864674020313476
 30
0.0
 11
-101.3648086113328
 21
26.722660942260315
 31
0.0
 12
-101.1346286358088
 22
27.96882303309985
 32
0.0
 13
-101.1346286358088
 23
27.96882303309985
 33
0.0
  0
POINT
  5
CC8
330
C28
100
AcDbEntity
  8
Defpoints
 62
0
440
16777216
100
AcDbPoint
 10
-101.1346286358088
 20
27.96882303309985
 30
0.0
  0
POINT
  5
CC9
330
C28
100
AcDbEntity
  8
Defpoints
 62
0
440
16777216
100
AcDbPoint
 10
-100.3677580143217
 20
30.084103026363167
 30
0.0
  0
ENDBLK
  5
C2A
330
C28
100
AcDbEntity
  8
0
100
AcDbBlockEnd
  0
BLOCK
  5
CCC
330
CCB
100
AcDbEntity
  8
0
100
AcDbBlockBegin
  2
*D21
 70
1
 10
0.0
 20
0.0
 30
0.0
  3
*D21
  1

  0
LINE
  5
D67
330
CCB
100
AcDbEntity
  8
Dimension (ISO)
440
16777216
100
AcDbLine
 10
-106.5607796362273
 20
82.45312705929967
 30
0.0
 11
-106.5607796362273
 21
71.26484790051603
 31
0.0
  0
LINE
  5
D68
330
CCB
100
AcDbEntity
  8
Dimension (ISO)
440
16777216
100
AcDbLine
 10
-106.5607796362273
 20
71.26484790051603
 30
0.0
 11
-102.3313909868499
 21
67.11809832792986
 31
0.0
  0
MTEXT
  5
D69
330
CCB
100
AcDbEntity
  8
Dimension (ISO)
440
16777216
100
AcDbMText
 10
-108.7646473208903
 20
73.25651865666434
 30
0.0
 40
1.75
 41
0.0
 46
0.0
 71
1
  1
\A1;\fTahoma|b0|i0;2x R1.50
  7
Note Text (ISO)
 11
6.123233995736766e-17
 21
1.0
 31
0.0
  0
SOLID
  5
D6A
330
CCB
100
AcDbEntity
  8
Dimension (ISO)
440
16777216
100
AcDbTrace
 10
-102.4772444004458
 20
66.96933825425347
 30
0.0
 11
-102.185537573254
 21
67.26685840160624
 31
0.0
 12
-101.4388305447916
 22
66.24297784635449
 32
0.0
 13
-101.4388305447916
 23
66.24297784635449
 33
0.0
  0
POINT
  5
D6B
330
CCB
100
AcDbEntity
  8
Defpoints
 62
0
440
16777216
100
AcDbPoint
 10
-101.4388305447916
 20
66.24297784635449
 30
0.0
  0
POINT
  5
D6C
330
CCB
100
AcDbEntity
  8
Defpoints
 62
0
440
16777216
100
AcDbPoint
 10
-100.3677580143217
 20
65.19283326846404
 30
0.0
  0
ENDBLK
  5
CCD
330
CCB
100
AcDbEntity
  8
0
100
AcDbBlockEnd
  0
BLOCK
  5
D6F
330
D6E
100
AcDbEntity
  8
0
100
AcDbBlockBegin
  2
*D22
 70
1
 10
0.0
 20
0.0
 30
0.0
  3
*D22
  1

  0
LINE
  5
E27
330
D6E
100
AcDbEntity
  8
Dimension (ISO)
440
16777216
100
AcDbLine
 10
-54.42143522852356
 20
47.01897000528058
 30
0.0
 11
-52.98098800367464
 21
48.25796628954659
 31
0.0
  0
LINE
  5
E28
330
D6E
100
AcDbEntity
  8
Dimension (ISO)
440
16777216
100
AcDbLine
 10
-52.0333253557477
 20
49.07309542393212
 30
0.0
 11
-39.66502092755371
 21
59.71165473026863
 31
0.0
  0
LINE
  5
E29
330
D6E
100
AcDbEntity
  8
Dimension (ISO)
440
16777216
100
AcDbLine
 10
-39.66502092755371
 20
59.71165473026863
 30
0.0
 11
-39.665020927553705
 21
69.69707837795687
 31
0.0
  0
SOLID
  5
E2A
330
D6E
100
AcDbEntity
  8
Dimension (ISO)
440
16777216
100
AcDbTrace
 10
-54.55729008425449
 20
47.17691377993506
 30
0.0
 11
-54.28558037279265
 21
46.86102623062609
 31
0.0
 12
-55.3690978764505
 22
46.20384087089504
 32
0.0
 13
-55.3690978764505
 23
46.20384087089504
 33
0.0
  0
SOLID
  5
E2B
330
D6E
100
AcDbEntity
  8
Dimension (ISO)
440
16777216
100
AcDbTrace
 10
-53.11684285940556
 20
48.41591006420107
 30
0.0
 11
-52.84513314794372
 21
48.1000225148921
 31
0.0
 12
-52.0333253557477
 22
49.07309542393212
 32
0.0
 13
-52.0333253557477
 23
49.07309542393212
 33
0.0
  0
MTEXT
  5
E2C
330
D6E
100
AcDbEntity
  8
Dimension (ISO)
440
16777216
100
AcDbMText
 10
-41.93091179800679
 20
60.09265473026863
 30
0.0
 40
1.75
 41
0.0
 46
0.0
 71
1
  1
\A1;\fTahoma|b0|i0;2x ∅4.40
  7
Note Text (ISO)
 11
6.123233995736766e-17
 21
1.0
 31
0.0
  0
POINT
  5
E2D
330
D6E
100
AcDbEntity
  8
Defpoints
 62
0
440
16777216
100
AcDbPoint
 10
-52.0333253557477
 20
49.07309542393212
 30
0.0
  0
POINT
  5
E2E
330
D6E
100
AcDbEntity
  8
Defpoints
 62
0
440
16777216
100
AcDbPoint
 10
-55.3690978764505
 20
46.20384087089504
 30
0.0
  0
ENDBLK
  5
D70
330
D6E
100
AcDbEntity
  8
0
100
AcDbBlockEnd
  0
BLOCK
  5
E31
330
E30
100
AcDbEntity
  8
0
100
AcDbBlockBegin
  2
*D23
 70
1
 10
0.0
 20
0.0
 30
0.0
  3
*D23
  1

  0
LINE
  5
F21
330
E30
100
AcDbEntity
  8
Dimension (ISO)
440
16777216
100
AcDbLine
 10
-52.00121161609912
 20
111.7920304690139
 30
0.0
 11
-41.773092818392556
 21
111.7920304690139
 31
0.0
  0
LINE
  5
F22
330
E30
100
AcDbEntity
  8
Dimension (ISO)
440
16777216
100
AcDbLine
 10
-52.00121161609912
 20
108.3920304690139
 30
0.0
 11
-41.773092818392556
 21
108.3920304690139
 31
0.0
  0
LINE
  5
F23
330
E30
100
AcDbEntity
  8
Dimension (ISO)
440
16777216
100
AcDbLine
 10
-43.360592818392554
 20
113.0420304690139
 30
0.0
 11
-43.360592818392554
 21
114.2920304690139
 31
0.0
  0
LINE
  5
F24
330
E30
100
AcDbEntity
  8
Dimension (ISO)
440
16777216
100
AcDbLine
 10
-43.360592818392554
 20
107.1420304690139
 30
0.0
 11
-43.360592818392554
 21
100.670997589832
 31
0.0
  0
LINE
  5
F25
330
E30
100
AcDbEntity
  8
Dimension (ISO)
440
16777216
100
AcDbLine
 10
-43.360592818392554
 20
111.7920304690139
 30
0.0
 11
-43.360592818392554
 21
108.3920304690139
 31
0.0
  0
SOLID
  5
F26
330
E30
100
AcDbEntity
  8
Dimension (ISO)
440
16777216
100
AcDbTrace
 10
-43.56892615172588
 20
113.0420304690139
 30
0.0
 11
-43.15225948505921
 21
113.0420304690139
 31
0.0
 12
-43.360592818392554
 22
111.7920304690139
 32
0.0
 13
-43.360592818392554
 23
111.7920304690139
 33
0.0
  0
SOLID
  5
F27
330
E30
100
AcDbEntity
  8
Dimension (ISO)
440
16777216
100
AcDbTrace
 10
-43.56892615172588
 20
107.1420304690139
 30
0.0
 11
-43.15225948505921
 21
107.1420304690139
 31
0.0
 12
-43.360592818392554
 22
108.3920304690139
 32
0.0
 13
-43.360592818392554
 23
108.3920304690139
 33
0.0
  0
MTEXT
  5
F28
330
E30
100
AcDbEntity
  8
Dimension (ISO)
440
16777216
100
AcDbMText
 10
-45.56446050305547
 20
101.051997589832
 30
0.0
 40
1.75
 41
0.0
 46
0.0
 71
1
  1
\A1;3.40
  7
Note Text (ISO)
 11
6.123233995736766e-17
 21
1.0
 31
0.0
  0
POINT
  5
F29
330
E30
100
AcDbEntity
  8
Defpoints
 62
0
440
16777216
100
AcDbPoint
 10
-52.50121161609912
 20
111.7920304690139
 30
0.0
  0
POINT
  5
F2A
330
E30
100
AcDbEntity
  8
Defpoints
 62
0
440
16777216
100
AcDbPoint
 10
-52.50121161609912
 20
108.3920304690139
 30
0.0
  0
POINT
  5
F2B
330
E30
100
AcDbEntity
  8
Defpoints
 62
0
440
16777216
100
AcDbPoint
 10
-43.360592818392554
 20
108.3920304690139
 30
0.0
  0
ENDBLK
  5
E32
330
E30
100
AcDbEntity
  8
0
100
AcDbBlockEnd
  0
BLOCK
  5
F2E
330
F2D
100
AcDbEntity
  8
0
100
AcDbBlockBegin
  2
*D24
 70
1
 10
0.0
 20
0.0
 30
0.0
  3
*D24
  1

  0
LINE
  5
102A
330
F2D
100
AcDbEntity
  8
Dimension (ISO)
440
16777216
100
AcDbLine
 10
-47.951211616099116
 20
113.8920304690139
 30
0.0
 11
-41.773092818392556
 21
113.8920304690139
 31
0.0
  0
LINE
  5
102B
330
F2D
100
AcDbEntity
  8
Dimension (ISO)
440
16777216
100
AcDbLine
 10
-47.951211616099116
 20
111.8920304690139
 30
0.0
 11
-41.773092818392556
 21
111.8920304690139
 31
0.0
  0
LINE
  5
102C
330
F2D
100
AcDbEntity
  8
Dimension (ISO)
440
16777216
100
AcDbLine
 10
-43.360592818392554
 20
110.6420304690139
 30
0.0
 11
-43.360592818392554
 21
109.3920304690139
 31
0.0
  0
LINE
  5
102D
330
F2D
100
AcDbEntity
  8
Dimension (ISO)
440
16777216
100
AcDbLine
 10
-43.360592818392554
 20
115.1420304690139
 30
0.0
 11
-43.360592818392554
 21
121.5989599231694
 31
0.0
  0
LINE
  5
102E
330
F2D
100
AcDbEntity
  8
Dimension (ISO)
440
16777216
100
AcDbLine
 10
-43.360592818392554
 20
111.8920304690139
 30
0.0
 11
-43.360592818392554
 21
113.8920304690139
 31
0.0
  0
SOLID
  5
102F
330
F2D
100
AcDbEntity
  8
Dimension (ISO)
440
16777216
100
AcDbTrace
 10
-43.56892615172588
 20
110.6420304690139
 30
0.0
 11
-43.15225948505921
 21
110.6420304690139
 31
0.0
 12
-43.360592818392554
 22
111.8920304690139
 32
0.0
 13
-43.360592818392554
 23
111.8920304690139
 33
0.0
  0
SOLID
  5
1030
330
F2D
100
AcDbEntity
  8
Dimension (ISO)
440
16777216
100
AcDbTrace
 10
-43.56892615172588
 20
115.1420304690139
 30
0.0
 11
-43.15225948505921
 21
115.1420304690139
 31
0.0
 12
-43.360592818392554
 22
113.8920304690139
 32
0.0
 13
-43.360592818392554
 23
113.8920304690139
 33
0.0
  0
MTEXT
  5
1031
330
F2D
100
AcDbEntity
  8
Dimension (ISO)
440
16777216
100
AcDbMText
 10
-45.56446050305547
 20
116.7730304690139
 30
0.0
 40
1.75
 41
0.0
 46
0.0
 71
1
  1
\A1;2.00
  7
Note Text (ISO)
 11
6.123233995736766e-17
 21
1.0
 31
0.0
  0
POINT
  5
1032
330
F2D
100
AcDbEntity
  8
Defpoints
 62
0
440
16777216
100
AcDbPoint
 10
-48.45121161609912
 20
113.8920304690139
 30
0.0
  0
POINT
  5
1033
330
F2D
100
AcDbEntity
  8
Defpoints
 62
0
440
16777216
100
AcDbPoint
 10
-48.45121161609912
 20
111.8920304690139
 30
0.0
  0
POINT
  5
1034
330
F2D
100
AcDbEntity
  8
Defpoints
 62
0
440
16777216
100
AcDbPoint
 10
-43.360592818392554
 20
111.8920304690139
 30
0.0
  0
ENDBLK
  5
F2F
330
F2D
100
AcDbEntity
  8
0
100
AcDbBlockEnd
  0
BLOCK
  5
108A
330
1089
100
AcDbEntity
  8
0
100
AcDbBlockBegin
  2
*D25
 70
1
 10
0.0
 20
0.0
 30
0.0
  3
*D25
  1

  0
LINE
  5
1186
330
1089
100
AcDbEntity
  8
Dimension (ISO)
440
16777216
100
AcDbLine
 10
-64.62395439819602
 20
147.3597961674164
 30
0.0
 11
-42.121069929993624
 21
147.3597961674164
 31
0.0
  0
LINE
  5
1187
330
1089
100
AcDbEntity
  8
Dimension (ISO)
440
16777216
100
AcDbLine
 10
-64.62395439819602
 20
145.8597961674164
 30
0.0
 11
-42.121069929993624
 21
145.8597961674164
 31
0.0
  0
LINE
  5
1188
330
1089
100
AcDbEntity
  8
Dimension (ISO)
440
16777216
100
AcDbLine
 10
-43.70856992999362
 20
148.6097961674164
 30
0.0
 11
-43.70856992999362
 21
149.8597961674164
 31
0.0
  0
LINE
  5
1189
330
1089
100
AcDbEntity
  8
Dimension (ISO)
440
16777216
100
AcDbLine
 10
-43.70856992999362
 20
144.6097961674164
 30
0.0
 11
-43.70856992999362
 21
143.3597961674164
 31
0.0
  0
LINE
  5
118A
330
1089
100
AcDbEntity
  8
Dimension (ISO)
440
16777216
100
AcDbLine
 10
-43.70856992999362
 20
147.3597961674164
 30
0.0
 11
-43.70856992999362
 21
145.8597961674164
 31
0.0
  0
SOLID
  5
118B
330
1089
100
AcDbEntity
  8
Dimension (ISO)
440
16777216
100
AcDbTrace
 10
-43.91690326332695
 20
148.6097961674164
 30
0.0
 11
-43.50023659666028
 21
148.6097961674164
 31
0.0
 12
-43.70856992999362
 22
147.3597961674164
 32
0.0
 13
-43.70856992999362
 23
147.3597961674164
 33
0.0
  0
SOLID
  5
118C
330
1089
100
AcDbEntity
  8
Dimension (ISO)
440
16777216
100
AcDbTrace
 10
-43.91690326332695
 20
144.6097961674164
 30
0.0
 11
-43.50023659666028
 21
144.6097961674164
 31
0.0
 12
-43.70856992999362
 22
145.8597961674164
 32
0.0
 13
-43.70856992999362
 23
145.8597961674164
 33
0.0
  0
MTEXT
  5
118D
330
1089
100
AcDbEntity
  8
Dimension (ISO)
440
16777216
100
AcDbMText
 10
-45.91126232923768
 20
144.4560856373424
 30
0.0
 40
1.75
 41
0.0
 46
0.0
 71
1
  1
\A1;1.50
  7
Note Text (ISO)
 11
6.123233995736766e-17
 21
1.0
 31
0.0
  0
POINT
  5
118E
330
1089
100
AcDbEntity
  8
Defpoints
 62
0
440
16777216
100
AcDbPoint
 10
-65.12395439819602
 20
147.3597961674164
 30
0.0
  0
POINT
  5
118F
330
1089
100
AcDbEntity
  8
Defpoints
 62
0
440
16777216
100
AcDbPoint
 10
-65.12395439819602
 20
145.8597961674164
 30
0.0
  0
POINT
  5
1190
330
1089
100
AcDbEntity
  8
Defpoints
 62
0
440
16777216
100
AcDbPoint
 10
-43.70856992999362
 20
145.8597961674164
 30
0.0
  0
ENDBLK
  5
108B
330
1089
100
AcDbEntity
  8
0
100
AcDbBlockEnd
  0
BLOCK
  5
1193
330
1192
100
AcDbEntity
  8
0
100
AcDbBlockBegin
  2
*D26
 70
1
 10
0.0
 20
0.0
 30
0.0
  3
*D26
  1

  0
LINE
  5
127C
330
1192
100
AcDbEntity
  8
Dimension (ISO)
440
16777216
100
AcDbLine
 10
-65.12395439819605
 20
145.3597961674165
 30
0.0
 11
-65.12395439819605
 21
133.2722961674164
 31
0.0
  0
LINE
  5
127D
330
1192
100
AcDbEntity
  8
Dimension (ISO)
440
16777216
100
AcDbLine
 10
-73.12395439819605
 20
145.3597961674165
 30
0.0
 11
-73.12395439819605
 21
133.2722961674164
 31
0.0
  0
LINE
  5
127E
330
1192
100
AcDbEntity
  8
Dimension (ISO)
440
16777216
100
AcDbLine
 10
-66.37395439819605
 20
134.8597961674164
 30
0.0
 11
-71.87395439819605
 21
134.8597961674164
 31
0.0
  0
SOLID
  5
127F
330
1192
100
AcDbEntity
  8
Dimension (ISO)
440
16777216
100
AcDbTrace
 10
-66.37395439819605
 20
134.6514628340831
 30
0.0
 11
-66.37395439819605
 21
135.0681295007498
 31
0.0
 12
-65.12395439819605
 22
134.8597961674164
 32
0.0
 13
-65.12395439819605
 23
134.8597961674164
 33
0.0
  0
SOLID
  5
1280
330
1192
100
AcDbEntity
  8
Dimension (ISO)
440
16777216
100
AcDbTrace
 10
-71.87395439819605
 20
134.6514628340831
 30
0.0
 11
-71.87395439819605
 21
135.0681295007498
 31
0.0
 12
-73.12395439819605
 22
134.8597961674164
 32
0.0
 13
-73.12395439819605
 23
134.8597961674164
 33
0.0
  0
MTEXT
  5
1281
330
1192
100
AcDbEntity
  8
Dimension (ISO)
440
16777216
100
AcDbMText
 10
-66.8809221762881
 20
132.6488767702403
 30
0.0
 40
1.75
 41
0.0
 46
0.0
 71
1
  1
\A1;8.00
  7
Note Text (ISO)
 11
-1.0
 21
1.6123233995736767e-16
 31
0.0
  0
POINT
  5
1282
330
1192
100
AcDbEntity
  8
Defpoints
 62
0
440
16777216
100
AcDbPoint
 10
-65.12395439819605
 20
145.8597961674165
 30
0.0
  0
POINT
  5
1283
330
1192
100
AcDbEntity
  8
Defpoints
 62
0
440
16777216
100
AcDbPoint
 10
-73.12395439819605
 20
145.8597961674165
 30
0.0
  0
POINT
  5
1284
330
1192
100
AcDbEntity
  8
Defpoints
 62
0
440
16777216
100
AcDbPoint
 10
-73.12395439819605
 20
134.8597961674164
 30
0.0
  0
ENDBLK
  5
1194
330
1192
100
AcDbEntity
  8
0
100
AcDbBlockEnd
  0
BLOCK
  5
1287
330
1286
100
AcDbEntity
  8
0
100
AcDbBlockBegin
  2
*D27
 70
1
 10
0.0
 20
0.0
 30
0.0
  3
*D27
  1

  0
LINE
  5
1322
330
1286
100
AcDbEntity
  8
Dimension (ISO)
440
16777216
100
AcDbLine
 10
-110.69623346416448
 20
151.5627007054478
 30
0.0
 11
-110.69623346416448
 21
160.7829034146457
 31
0.0
  0
LINE
  5
1323
330
1286
100
AcDbEntity
  8
Dimension (ISO)
440
16777216
100
AcDbLine
 10
-110.69623346416448
 20
160.7829034146457
 30
0.0
 11
-94.28100809293909
 21
162.195274881133
 31
0.0
  0
MTEXT
  5
1324
330
1286
100
AcDbEntity
  8
Dimension (ISO)
440
16777216
100
AcDbMText
 10
-112.90010114882749
 20
151.5627007054478
 30
0.0
 40
1.75
 41
0.0
 46
0.0
 71
1
  1
\A1;R24.00
  7
Note Text (ISO)
 11
6.123233995736766e-17
 21
1.0
 31
0.0
  0
SOLID
  5
1325
330
1286
100
AcDbEntity
  8
Dimension (ISO)
440
16777216
100
AcDbTrace
 10
-94.29886717945959
 20
162.4028413302678
 30
0.0
 11
-94.2631490064186
 21
161.9877084319982
 31
0.0
 12
-93.03560939813026
 22
162.302429400256
 32
0.0
 13
-93.03560939813026
 23
162.302429400256
 33
0.0
  0
POINT
  5
1326
330
1286
100
AcDbEntity
  8
Defpoints
 62
0
440
16777216
100
AcDbPoint
 10
-93.03560939813026
 20
162.302429400256
 30
0.0
  0
POINT
  5
1327
330
1286
100
AcDbEntity
  8
Defpoints
 62
0
440
16777216
100
AcDbPoint
 10
-69.12395445780075
 20
164.3597961674167
 30
0.0
  0
ENDBLK
  5
1288
330
1286
100
AcDbEntity
  8
0
100
AcDbBlockEnd
  0
BLOCK
  5
132A
330
1329
100
AcDbEntity
  8
0
100
AcDbBlockBegin
  2
*D28
 70
1
 10
0.0
 20
0.0
 30
0.0
  3
*D28
  1

  0
LINE
  5
13C5
330
1329
100
AcDbEntity
  8
Dimension (ISO)
440
16777216
100
AcDbLine
 10
-42.59056790508511
 20
200.9561697340433
 30
0.0
 11
-42.59056790508511
 21
191.7359670248454
 31
0.0
  0
LINE
  5
13C6
330
1329
100
AcDbEntity
  8
Dimension (ISO)
440
16777216
100
AcDbLine
 10
-42.59056790508511
 20
191.7359670248454
 30
0.0
 11
-51.550779465418394
 21
182.4911507965419
 31
0.0
  0
MTEXT
  5
13C7
330
1329
100
AcDbEntity
  8
Dimension (ISO)
440
16777216
100
AcDbMText
 10
-44.794435589748026
 20
193.7528454018066
 30
0.0
 40
1.75
 41
0.0
 46
0.0
 71
1
  1
\A1;R24.00
  7
Note Text (ISO)
 11
6.123233995736766e-17
 21
1.0
 31
0.0
  0
SOLID
  5
13C8
330
1329
100
AcDbEntity
  8
Dimension (ISO)
440
16777216
100
AcDbTrace
 10
-51.70037810097226
 20
182.6361439895483
 30
0.0
 11
-51.40118082986456
 21
182.3461576035354
 31
0.0
 12
-52.420738623457126
 22
181.5935589832189
 32
0.0
 13
-52.420738623457126
 23
181.5935589832189
 33
0.0
  0
POINT
  5
13C9
330
1329
100
AcDbEntity
  8
Defpoints
 62
0
440
16777216
100
AcDbPoint
 10
-52.420738623457126
 20
181.5935589832189
 30
0.0
  0
POINT
  5
13CA
330
1329
100
AcDbEntity
  8
Defpoints
 62
0
440
16777216
100
AcDbPoint
 10
-69.12395445780068
 20
164.3597961674164
 30
0.0
  0
ENDBLK
  5
132B
330
1329
100
AcDbEntity
  8
0
100
AcDbBlockEnd
  0
BLOCK
  5
13CD
330
13CC
100
AcDbEntity
  8
0
100
AcDbBlockBegin
  2
*D29
 70
1
 10
0.0
 20
0.0
 30
0.0
  3
*D29
  1

  0
LINE
  5
14AF
330
13CC
100
AcDbEntity
  8
Dimension (ISO)
440
16777216
100
AcDbLine
 10
-89.52782341693073
 20
144.5778919121184
 30
0.0
 11
-112.94190969594628
 21
138.9220789759604
 31
0.0
  0
LINE
  5
14B0
330
13CC
100
AcDbEntity
  8
Dimension (ISO)
440
16777216
100
AcDbLine
 10
-93.26237793331708
 20
154.1691505920141
 30
0.0
 11
-115.33689846393018
 21
148.8369177946822
 31
0.0
  0
LINE
  5
14B1
330
13CC
100
AcDbEntity
  8
Dimension (ISO)
440
16777216
100
AcDbLine
 10
-111.69229492489329
 20
140.5098822301346
 30
0.0
 11
-113.50027664190068
 21
147.994613495248
 31
0.0
  0
SOLID
  5
14B2
330
13CC
100
AcDbEntity
  8
Dimension (ISO)
440
16777216
100
AcDbTrace
 10
-111.89480388769398
 20
140.4609649758866
 30
0.0
 11
-111.48978596209258
 21
140.5587994843827
 31
0.0
 12
-111.39879139940508
 22
139.2948284533305
 32
0.0
 13
-111.39879139940508
 23
139.2948284533305
 33
0.0
  0
SOLID
  5
14B3
330
13CC
100
AcDbEntity
  8
Dimension (ISO)
440
16777216
100
AcDbTrace
 10
-113.70278560470139
 20
147.945696241
 30
0.0
 11
-113.29776767909999
 21
148.043530749496
 31
0.0
 12
-113.79378016738899
 22
149.2096672720522
 32
0.0
 13
-113.79378016738899
 23
149.2096672720522
 33
0.0
  0
MTEXT
  5
14B4
330
13CC
100
AcDbEntity
  8
Dimension (ISO)
440
16777216
100
AcDbMText
 10
-114.07858085459908
 20
141.0026569774032
 30
0.0
 40
1.75
 41
0.0
 46
0.0
 71
1
  1
\A1;10.20
  7
Note Text (ISO)
 11
-0.23480282039057535
 21
0.9720430214433058
 31
0.0
  0
POINT
  5
14B5
330
13CC
100
AcDbEntity
  8
Defpoints
 62
0
440
16777216
100
AcDbPoint
 10
-89.04180190620907
 20
144.6952933223137
 30
0.0
  0
POINT
  5
14B6
330
13CC
100
AcDbEntity
  8
Defpoints
 62
0
440
16777216
100
AcDbPoint
 10
-92.77635642259544
 20
154.2865520022094
 30
0.0
  0
POINT
  5
14B7
330
13CC
100
AcDbEntity
  8
Defpoints
 62
0
440
16777216
100
AcDbPoint
 10
-113.79378016738899
 20
149.2096672720522
 30
0.0
  0
ENDBLK
  5
13CE
330
13CC
100
AcDbEntity
  8
0
100
AcDbBlockEnd
  0
BLOCK
  5
14BA
330
14B9
100
AcDbEntity
  8
0
100
AcDbBlockBegin
  2
*D30
 70
1
 10
0.0
 20
0.0
 30
0.0
  3
*D30
  1

  0
LINE
  5
159C
330
14B9
100
AcDbEntity
  8
Dimension (ISO)
440
16777216
100
AcDbLine
 10
-93.69797186083521
 20
144.5993286010963
 30
0.0
 11
-108.50171444320138
 21
141.0233958141764
 31
0.0
  0
LINE
  5
159D
330
14B9
100
AcDbEntity
  8
Dimension (ISO)
440
16777216
100
AcDbLine
 10
-92.84526942004845
 20
153.2411446038262
 30
0.0
 11
-110.42709757040419
 21
148.9941485900114
 31
0.0
  0
LINE
  5
159E
330
14B9
100
AcDbEntity
  8
Dimension (ISO)
440
16777216
100
AcDbLine
 10
-107.25209967214839
 20
142.6111990683506
 30
0.0
 11
-108.59047574837469
 21
148.1518442905774
 31
0.0
  0
SOLID
  5
159F
330
14B9
100
AcDbEntity
  8
Dimension (ISO)
440
16777216
100
AcDbTrace
 10
-107.45460863494908
 20
142.5622818141025
 30
0.0
 11
-107.04959070934768
 21
142.6601163225986
 31
0.0
 12
-106.95859614666018
 22
141.3961452915464
 32
0.0
 13
-106.95859614666018
 23
141.3961452915464
 33
0.0
  0
SOLID
  5
15A0
330
14B9
100
AcDbEntity
  8
Dimension (ISO)
440
16777216
100
AcDbTrace
 10
-108.79298471117538
 20
148.1029270363293
 30
0.0
 11
-108.38796678557398
 21
148.2007615448254
 31
0.0
 12
-108.88397927386299
 22
149.3668980673815
 32
0.0
 13
-108.88397927386299
 23
149.3668980673815
 33
0.0
  0
MTEXT
  5
15A1
330
14B9
100
AcDbEntity
  8
Dimension (ISO)
440
16777216
100
AcDbMText
 10
-109.54372618932919
 20
142.6820677511724
 30
0.0
 40
1.7499999999999998
 41
0.0
 46
0.0
 71
1
  1
\A1;8.20
  7
Note Text (ISO)
 11
-0.23480282039058653
 21
0.9720430214433031
 31
0.0
  0
POINT
  5
15A2
330
14B9
100
AcDbEntity
  8
Defpoints
 62
0
440
16777216
100
AcDbPoint
 10
-93.21195035011354
 20
144.7167300112916
 30
0.0
  0
POINT
  5
15A3
330
14B9
100
AcDbEntity
  8
Defpoints
 62
0
440
16777216
100
AcDbPoint
 10
-92.35924790932681
 20
153.3585460140215
 30
0.0
  0
POINT
  5
15A4
330
14B9
100
AcDbEntity
  8
Defpoints
 62
0
440
16777216
100
AcDbPoint
 10
-108.88397927386299
 20
149.3668980673815
 30
0.0
  0
ENDBLK
  5
14BB
330
14B9
100
AcDbEntity
  8
0
100
AcDbBlockEnd
  0
BLOCK
  5
15A7
330
15A6
100
AcDbEntity
  8
0
100
AcDbBlockBegin
  2
*D31
 70
1
 10
0.0
 20
0.0
 30
0.0
  3
*D31
  1

  0
LINE
  5
1690
330
15A6
100
AcDbEntity
  8
Dimension (ISO)
440
16777216
100
AcDbLine
 10
-84.35163957462751
 20
145.3138496313258
 30
0.0
 11
-80.10464356081287
 21
127.73202148097
 31
0.0
  0
LINE
  5
1691
330
15A6
100
AcDbEntity
  8
Dimension (ISO)
440
16777216
100
AcDbLine
 10
-94.75564839962064
 20
144.943939991883
 30
0.0
 11
-90.01948237953455
 21
125.3370327129861
 31
0.0
  0
LINE
  5
1692
330
15A6
100
AcDbEntity
  8
Dimension (ISO)
440
16777216
100
AcDbLine
 10
-81.69244681498705
 20
128.9816362520231
 30
0.0
 11
-89.17717808010048
 21
127.1736545350156
 31
0.0
  0
SOLID
  5
1693
330
15A6
100
AcDbEntity
  8
Dimension (ISO)
440
16777216
100
AcDbTrace
 10
-81.74136406923509
 20
129.1841452148238
 30
0.0
 11
-81.64352956073901
 21
128.7791272892224
 31
0.0
 12
-80.47739303818292
 22
129.2751397775113
 32
0.0
 13
-80.47739303818292
 23
129.2751397775113
 33
0.0
  0
SOLID
  5
1694
330
15A6
100
AcDbEntity
  8
Dimension (ISO)
440
16777216
100
AcDbTrace
 10
-89.22609533434851
 20
127.3761634978163
 30
0.0
 11
-89.12826082585245
 21
126.9711455722149
 31
0.0
 12
-90.3922318569046
 22
126.8801510095274
 32
0.0
 13
-90.3922318569046
 23
126.8801510095274
 33
0.0
  0
MTEXT
  5
1695
330
15A6
100
AcDbEntity
  8
Dimension (ISO)
440
16777216
100
AcDbMText
 10
-88.68440333283185
 20
129.5599404647214
 30
0.0
 40
1.7499999999999998
 41
0.0
 46
0.0
 71
1
  1
\A1;10.20
  7
Note Text (ISO)
 11
0.9720430214433047
 21
0.23480282039058104
 31
0.0
  0
POINT
  5
1696
330
15A6
100
AcDbEntity
  8
Defpoints
 62
0
440
16777216
100
AcDbPoint
 10
-84.4690409848228
 20
145.7998711420475
 30
0.0
  0
POINT
  5
1697
330
15A6
100
AcDbEntity
  8
Defpoints
 62
0
440
16777216
100
AcDbPoint
 10
-94.87304980981594
 20
145.4299615026046
 30
0.0
  0
POINT
  5
1698
330
15A6
100
AcDbEntity
  8
Defpoints
 62
0
440
16777216
100
AcDbPoint
 10
-90.3922318569046
 20
126.8801510095274
 30
0.0
  0
ENDBLK
  5
15A8
330
15A6
100
AcDbEntity
  8
0
100
AcDbBlockEnd
  0
BLOCK
  5
169B
330
169A
100
AcDbEntity
  8
0
100
AcDbBlockBegin
  2
*D32
 70
1
 10
0.0
 20
0.0
 30
0.0
  3
*D32
  1

  0
LINE
  5
1784
330
169A
100
AcDbEntity
  8
Dimension (ISO)
440
16777216
100
AcDbLine
 10
-85.55848541646144
 20
146.0510898323786
 30
0.0
 11
-82.32298853382443
 21
132.6566929489116
 31
0.0
  0
LINE
  5
1785
330
169A
100
AcDbEntity
  8
Dimension (ISO)
440
16777216
100
AcDbLine
 10
-93.91906998723351
 20
145.7395428387235
 30
0.0
 11
-90.2937413096595
 21
130.7313098217088
 31
0.0
  0
LINE
  5
1786
330
169A
100
AcDbEntity
  8
Dimension (ISO)
440
16777216
100
AcDbLine
 10
-83.91079178799859
 20
133.9063077199646
 30
0.0
 11
-89.45143701022542
 21
132.5679316437383
 31
0.0
  0
SOLID
  5
1787
330
169A
100
AcDbEntity
  8
Dimension (ISO)
440
16777216
100
AcDbTrace
 10
-83.95970904224664
 20
134.1088166827653
 30
0.0
 11
-83.86187453375055
 21
133.7037987571639
 31
0.0
 12
-82.69573801119448
 22
134.1998112454529
 32
0.0
 13
-82.69573801119448
 23
134.1998112454529
 33
0.0
  0
SOLID
  5
1788
330
169A
100
AcDbEntity
  8
Dimension (ISO)
440
16777216
100
AcDbTrace
 10
-89.50035426447347
 20
132.770440606539
 30
0.0
 11
-89.4025197559774
 21
132.3654226809376
 31
0.0
 12
-90.66649078702955
 22
132.2744281182501
 32
0.0
 13
-90.66649078702955
 23
132.2744281182501
 33
0.0
  0
MTEXT
  5
1789
330
169A
100
AcDbEntity
  8
Dimension (ISO)
440
16777216
100
AcDbMText
 10
-89.38056832740328
 20
134.8595581609192
 30
0.0
 40
1.7500000000000002
 41
0.0
 46
0.0
 71
1
  1
\A1;8.20
  7
Note Text (ISO)
 11
0.9720430214433043
 21
0.23480282039058145
 31
0.0
  0
POINT
  5
178A
330
169A
100
AcDbEntity
  8
Defpoints
 62
0
440
16777216
100
AcDbPoint
 10
-85.67588682665674
 20
146.5371113431002
 30
0.0
  0
POINT
  5
178B
330
169A
100
AcDbEntity
  8
Defpoints
 62
0
440
16777216
100
AcDbPoint
 10
-94.0364713974288
 20
146.2255643494452
 30
0.0
  0
POINT
  5
178C
330
169A
100
AcDbEntity
  8
Defpoints
 62
0
440
16777216
100
AcDbPoint
 10
-90.66649078702955
 20
132.2744281182501
 30
0.0
  0
ENDBLK
  5
169C
330
169A
100
AcDbEntity
  8
0
100
AcDbBlockEnd
  0
BLOCK
  5
178F
330
178E
100
AcDbEntity
  8
0
100
AcDbBlockBegin
  2
*D33
 70
1
 10
0.0
 20
0.0
 30
0.0
  3
*D33
  1

  0
LINE
  5
1871
330
178E
100
AcDbEntity
  8
Dimension (ISO)
440
16777216
100
AcDbLine
 10
-86.45541186286661
 20
147.6347637097091
 30
0.0
 11
-104.78940990310818
 21
143.2060765488341
 31
0.0
  0
LINE
  5
1872
330
178E
100
AcDbEntity
  8
Dimension (ISO)
440
16777216
100
AcDbLine
 10
-87.79378793909271
 20
153.175408931936
 30
0.0
 11
-106.12778597933449
 21
148.7467217710609
 31
0.0
  0
LINE
  5
1873
330
178E
100
AcDbEntity
  8
Dimension (ISO)
440
16777216
100
AcDbLine
 10
-103.53979513205519
 20
144.7938798030083
 30
0.0
 11
-104.29116415730509
 21
147.9044174716268
 31
0.0
  0
SOLID
  5
1874
330
178E
100
AcDbEntity
  8
Dimension (ISO)
440
16777216
100
AcDbTrace
 10
-103.74230409485588
 20
144.7449625487602
 30
0.0
 11
-103.33728616925448
 21
144.8427970572563
 31
0.0
 12
-103.24629160656698
 22
143.5788260262041
 32
0.0
 13
-103.24629160656698
 23
143.5788260262041
 33
0.0
  0
SOLID
  5
1875
330
178E
100
AcDbEntity
  8
Dimension (ISO)
440
16777216
100
AcDbTrace
 10
-104.49367312010568
 20
147.8555002173788
 30
0.0
 11
-104.08865519450438
 21
147.9533347258749
 31
0.0
 12
-104.58466768279328
 22
149.119471248431
 32
0.0
 13
-104.58466768279328
 23
149.119471248431
 33
0.0
  0
MTEXT
  5
1876
330
178E
100
AcDbEntity
  8
Dimension (ISO)
440
16777216
100
AcDbMText
 10
-105.53682013609838
 20
143.6801871310844
 30
0.0
 40
1.75
 41
0.0
 46
0.0
 71
1
  1
\A1;5.70
  7
Note Text (ISO)
 11
-0.23480282039058045
 21
0.9720430214433047
 31
0.0
  0
POINT
  5
1877
330
178E
100
AcDbEntity
  8
Defpoints
 62
0
440
16777216
100
AcDbPoint
 10
-85.96939035214494
 20
147.7521651199044
 30
0.0
  0
POINT
  5
1878
330
178E
100
AcDbEntity
  8
Defpoints
 62
0
440
16777216
100
AcDbPoint
 10
-87.30776642837104
 20
153.2928103421312
 30
0.0
  0
POINT
  5
1879
330
178E
100
AcDbEntity
  8
Defpoints
 62
0
440
16777216
100
AcDbPoint
 10
-104.58466768279328
 20
149.119471248431
 30
0.0
  0
ENDBLK
  5
1790
330
178E
100
AcDbEntity
  8
0
100
AcDbBlockEnd
  0
BLOCK
  5
187C
330
187B
100
AcDbEntity
  8
0
100
AcDbBlockBegin
  2
*D34
 70
1
 10
0.0
 20
0.0
 30
0.0
  3
*D34
  1

  0
LINE
  5
195F
330
187B
100
AcDbEntity
  8
Dimension (ISO)
440
16777216
100
AcDbLine
 10
-103.3183023645358
 20
113.8920304690139
 30
0.0
 11
-109.4058023645358
 21
113.8920304690139
 31
0.0
  0
LINE
  5
1960
330
187B
100
AcDbEntity
  8
Dimension (ISO)
440
16777216
100
AcDbLine
 10
-101.6846061310597
 20
109.3920304690139
 30
0.0
 11
-109.4058023645358
 21
109.3920304690139
 31
0.0
  0
LINE
  5
1961
330
187B
100
AcDbEntity
  8
Dimension (ISO)
440
16777216
100
AcDbLine
 10
-107.8183023645358
 20
112.6420304690139
 30
0.0
 11
-107.8183023645358
 21
110.6420304690139
 31
0.0
  0
SOLID
  5
1962
330
187B
100
AcDbEntity
  8
Dimension (ISO)
440
16777216
100
AcDbTrace
 10
-108.0266356978691
 20
112.6420304690139
 30
0.0
 11
-107.6099690312025
 21
112.6420304690139
 31
0.0
 12
-107.8183023645358
 22
113.8920304690139
 32
0.0
 13
-107.8183023645358
 23
113.8920304690139
 33
0.0
  0
SOLID
  5
1963
330
187B
100
AcDbEntity
  8
Dimension (ISO)
440
16777216
100
AcDbTrace
 10
-108.0266356978691
 20
110.6420304690139
 30
0.0
 11
-107.6099690312025
 21
110.6420304690139
 31
0.0
 12
-107.8183023645358
 22
109.3920304690139
 32
0.0
 13
-107.8183023645358
 23
109.3920304690139
 33
0.0
  0
MTEXT
  5
1964
330
187B
100
AcDbEntity
  8
Dimension (ISO)
440
16777216
100
AcDbMText
 10
-110.0209947637798
 20
109.3790183949852
 30
0.0
 40
1.75
 41
0.0
 46
0.0
 71
1
  1
\A1;4.50
  7
Note Text (ISO)
 11
6.123233995736766e-17
 21
1.0
 31
0.0
  0
POINT
  5
1965
330
187B
100
AcDbEntity
  8
Defpoints
 62
0
440
16777216
100
AcDbPoint
 10
-102.8183023645358
 20
113.8920304690139
 30
0.0
  0
POINT
  5
1966
330
187B
100
AcDbEntity
  8
Defpoints
 62
0
440
16777216
100
AcDbPoint
 10
-101.1846061310597
 20
109.3920304690139
 30
0.0
  0
POINT
  5
1967
330
187B
100
AcDbEntity
  8
Defpoints
 62
0
440
16777216
100
AcDbPoint
 10
-107.8183023645358
 20
109.3920304690139
 30
0.0
  0
ENDBLK
  5
187D
330
187B
100
AcDbEntity
  8
0
100
AcDbBlockEnd
  0
BLOCK
  5
196A
330
1969
100
AcDbEntity
  8
0
100
AcDbBlockBegin
  2
*D35
 70
1
 10
0.0
 20
0.0
 30
0.0
  3
*D35
  1

  0
LINE
  5
1A53
330
1969
100
AcDbEntity
  8
Dimension (ISO)
440
16777216
100
AcDbLine
 10
-101.1846061310598
 20
108.8920304690139
 30
0.0
 11
-101.1846061310598
 21
96.80453046901391
 31
0.0
  0
LINE
  5
1A54
330
1969
100
AcDbEntity
  8
Dimension (ISO)
440
16777216
100
AcDbLine
 10
-95.7016276412627
 20
108.8920304690139
 30
0.0
 11
-95.7016276412627
 21
96.80453046901393
 31
0.0
  0
LINE
  5
1A55
330
1969
100
AcDbEntity
  8
Dimension (ISO)
440
16777216
100
AcDbLine
 10
-99.9346061310598
 20
98.39203046901392
 30
0.0
 11
-96.95162764126273
 21
98.39203046901392
 31
0.0
  0
SOLID
  5
1A56
330
1969
100
AcDbEntity
  8
Dimension (ISO)
440
16777216
100
AcDbTrace
 10
-99.9346061310598
 20
98.1836971356806
 30
0.0
 11
-99.9346061310598
 21
98.60036380234725
 31
0.0
 12
-101.1846061310598
 22
98.39203046901392
 32
0.0
 13
-101.1846061310598
 23
98.39203046901392
 33
0.0
  0
SOLID
  5
1A57
330
1969
100
AcDbEntity
  8
Dimension (ISO)
440
16777216
100
AcDbTrace
 10
-96.95162764126273
 20
98.1836971356806
 30
0.0
 11
-96.95162764126273
 21
98.60036380234725
 31
0.0
 12
-95.7016276412627
 22
98.39203046901395
 32
0.0
 13
-95.7016276412627
 23
98.39203046901395
 33
0.0
  0
MTEXT
  5
1A58
330
1969
100
AcDbEntity
  8
Dimension (ISO)
440
16777216
100
AcDbMText
 10
-96.22417801534007
 20
96.18111107183779
 30
0.0
 40
1.75
 41
0.0
 46
0.0
 71
1
  1
\A1;5.48
  7
Note Text (ISO)
 11
-1.0
 21
1.6123233995736767e-16
 31
0.0
  0
POINT
  5
1A59
330
1969
100
AcDbEntity
  8
Defpoints
 62
0
440
16777216
100
AcDbPoint
 10
-101.1846061310598
 20
109.392030469014
 30
0.0
  0
POINT
  5
1A5A
330
1969
100
AcDbEntity
  8
Defpoints
 62
0
440
16777216
100
AcDbPoint
 10
-95.7016276412627
 20
109.392030469014
 30
0.0
  0
POINT
  5
1A5B
330
1969
100
AcDbEntity
  8
Defpoints
 62
0
440
16777216
100
AcDbPoint
 10
-95.7016276412627
 20
98.39203046901395
 30
0.0
  0
ENDBLK
  5
196B
330
1969
100
AcDbEntity
  8
0
100
AcDbBlockEnd
  0
BLOCK
  5
1A5E
330
1A5D
100
AcDbEntity
  8
0
100
AcDbBlockBegin
  2
*D36
 70
1
 10
0.0
 20
0.0
 30
0.0
  3
*D36
  1

  0
LINE
  5
1B47
330
1A5D
100
AcDbEntity
  8
Dimension (ISO)
440
16777216
100
AcDbLine
 10
-102.8183023645358
 20
114.392030469014
 30
0.0
 11
-102.81830236453578
 21
120.4795304690139
 31
0.0
  0
LINE
  5
1B48
330
1A5D
100
AcDbEntity
  8
Dimension (ISO)
440
16777216
100
AcDbLine
 10
-95.66735145552268
 20
114.392030469014
 30
0.0
 11
-95.66735145552266
 21
120.4795304690139
 31
0.0
  0
LINE
  5
1B49
330
1A5D
100
AcDbEntity
  8
Dimension (ISO)
440
16777216
100
AcDbLine
 10
-101.56830236453578
 20
118.8920304690139
 30
0.0
 11
-96.91735145552269
 21
118.8920304690139
 31
0.0
  0
SOLID
  5
1B4A
330
1A5D
100
AcDbEntity
  8
Dimension (ISO)
440
16777216
100
AcDbTrace
 10
-101.56830236453578
 20
118.6836971356806
 30
0.0
 11
-101.56830236453578
 21
119.1003638023472
 31
0.0
 12
-102.81830236453578
 22
118.8920304690139
 32
0.0
 13
-102.81830236453578
 23
118.8920304690139
 33
0.0
  0
SOLID
  5
1B4B
330
1A5D
100
AcDbEntity
  8
Dimension (ISO)
440
16777216
100
AcDbTrace
 10
-96.91735145552269
 20
118.6836971356806
 30
0.0
 11
-96.91735145552269
 21
119.1003638023472
 31
0.0
 12
-95.66735145552266
 22
118.8920304690139
 32
0.0
 13
-95.66735145552266
 23
118.8920304690139
 33
0.0
  0
MTEXT
  5
1B4C
330
1A5D
100
AcDbEntity
  8
Dimension (ISO)
440
16777216
100
AcDbMText
 10
-97.02858918088353
 20
116.7187202052415
 30
0.0
 40
1.75
 41
0.0
 46
0.0
 71
1
  1
\A1;7.15
  7
Note Text (ISO)
 11
-1.0
 21
1.6123233995736767e-16
 31
0.0
  0
POINT
  5
1B4D
330
1A5D
100
AcDbEntity
  8
Defpoints
 62
0
440
16777216
100
AcDbPoint
 10
-102.8183023645358
 20
113.8920304690139
 30
0.0
  0
POINT
  5
1B4E
330
1A5D
100
AcDbEntity
  8
Defpoints
 62
0
440
16777216
100
AcDbPoint
 10
-95.66735145552268
 20
113.8920304690139
 30
0.0
  0
POINT
  5
1B4F
330
1A5D
100
AcDbEntity
  8
Defpoints
 62
0
440
16777216
100
AcDbPoint
 10
-95.66735145552266
 20
118.8920304690139
 30
0.0
  0
ENDBLK
  5
1A5F
330
1A5D
100
AcDbEntity
  8
0
100
AcDbBlockEnd
  0
BLOCK
  5
1B52
330
1B51
100
AcDbEntity
  8
0
100
AcDbBlockBegin
  2
*D37
 70
1
 10
0.0
 20
0.0
 30
0.0
  3
*D37
  1

  0
LINE
  5
1C26
330
1B51
100
AcDbEntity
  8
Dimension (ISO)
440
16777216
100
AcDbLine
 10
-93.70121161609914
 20
106.3920304690139
 30
0.0
 11
-93.70121161609914
 21
96.84279604171986
 31
0.0
  0
LINE
  5
1C27
330
1B51
100
AcDbEntity
  8
Dimension (ISO)
440
16777216
100
AcDbLine
 10
-49.70121161609915
 20
106.3920304690139
 30
0.0
 11
-49.70121161609915
 21
96.84279604171986
 31
0.0
  0
LINE
  5
1C28
330
1B51
100
AcDbEntity
  8
Dimension (ISO)
440
16777216
100
AcDbLine
 10
-92.45121161609914
 20
98.43029604171988
 30
0.0
 11
-50.95121161609915
 21
98.43029604171988
 31
0.0
  0
SOLID
  5
1C29
330
1B51
100
AcDbEntity
  8
Dimension (ISO)
440
16777216
100
AcDbTrace
 10
-92.45121161609914
 20
98.22196270838654
 30
0.0
 11
-92.45121161609914
 21
98.6386293750532
 31
0.0
 12
-93.70121161609914
 22
98.43029604171988
 32
0.0
 13
-93.70121161609914
 23
98.43029604171988
 33
0.0
  0
SOLID
  5
1C2A
330
1B51
100
AcDbEntity
  8
Dimension (ISO)
440
16777216
100
AcDbTrace
 10
-50.95121161609915
 20
98.22196270838654
 30
0.0
 11
-50.95121161609915
 21
98.6386293750532
 31
0.0
 12
-49.70121161609915
 22
98.43029604171988
 32
0.0
 13
-49.70121161609915
 23
98.43029604171988
 33
0.0
  0
MTEXT
  5
1C2B
330
1B51
100
AcDbEntity
  8
Dimension (ISO)
440
16777216
100
AcDbMText
 10
-68.78121499292374
 20
96.2276036424758
 30
0.0
 40
1.75
 41
0.0
 46
0.0
 71
1
  1
\A1;44.00
  7
Note Text (ISO)
 11
-1.0
 21
1.6123233995736767e-16
 31
0.0
  0
POINT
  5
1C2C
330
1B51
100
AcDbEntity
  8
Defpoints
 62
0
440
16777216
100
AcDbPoint
 10
-93.70121161609914
 20
106.892030469014
 30
0.0
  0
POINT
  5
1C2D
330
1B51
100
AcDbEntity
  8
Defpoints
 62
0
440
16777216
100
AcDbPoint
 10
-49.70121161609915
 20
106.892030469014
 30
0.0
  0
POINT
  5
1C2E
330
1B51
100
AcDbEntity
  8
Defpoints
 62
0
440
16777216
100
AcDbPoint
 10
-49.70121161609915
 20
98.43029604171988
 30
0.0
  0
ENDBLK
  5
1B53
330
1B51
100
AcDbEntity
  8
0
100
AcDbBlockEnd
  0
BLOCK
  5
1C31
330
1C30
100
AcDbEntity
  8
0
100
AcDbBlockBegin
  2
*D38
 70
1
 10
0.0
 20
0.0
 30
0.0
  3
*D38
  1

  0
LINE
  5
1D13
330
1C30
100
AcDbEntity
  8
Dimension (ISO)
440
16777216
100
AcDbLine
 10
-49.201211616099116
 20
106.8920304690139
 30
0.0
 11
-23.863711616099113
 21
106.8920304690139
 31
0.0
  0
LINE
  5
1D14
330
1C30
100
AcDbEntity
  8
Dimension (ISO)
440
16777216
100
AcDbLine
 10
-47.951211616099116
 20
113.8920304690139
 30
0.0
 11
-23.863711616099113
 21
113.8920304690139
 31
0.0
  0
LINE
  5
1D15
330
1C30
100
AcDbEntity
  8
Dimension (ISO)
440
16777216
100
AcDbLine
 10
-25.451211616099112
 20
108.1420304690139
 30
0.0
 11
-25.451211616099112
 21
112.6420304690139
 31
0.0
  0
SOLID
  5
1D16
330
1C30
100
AcDbEntity
  8
Dimension (ISO)
440
16777216
100
AcDbTrace
 10
-25.659544949432444
 20
108.1420304690139
 30
0.0
 11
-25.242878282765783
 21
108.1420304690139
 31
0.0
 12
-25.451211616099112
 22
106.8920304690139
 32
0.0
 13
-25.451211616099112
 23
106.8920304690139
 33
0.0
  0
SOLID
  5
1D17
330
1C30
100
AcDbEntity
  8
Dimension (ISO)
440
16777216
100
AcDbTrace
 10
-25.659544949432444
 20
112.6420304690139
 30
0.0
 11
-25.242878282765783
 21
112.6420304690139
 31
0.0
 12
-25.451211616099112
 22
113.8920304690139
 32
0.0
 13
-25.451211616099112
 23
113.8920304690139
 33
0.0
  0
MTEXT
  5
1D18
330
1C30
100
AcDbEntity
  8
Dimension (ISO)
440
16777216
100
AcDbMText
 10
-27.653904015343162
 20
108.1636893148418
 30
0.0
 40
1.75
 41
0.0
 46
0.0
 71
1
  1
\A1;7.00
  7
Note Text (ISO)
 11
6.123233995736766e-17
 21
1.0
 31
0.0
  0
POINT
  5
1D19
330
1C30
100
AcDbEntity
  8
Defpoints
 62
0
440
16777216
100
AcDbPoint
 10
-49.70121161609912
 20
106.8920304690139
 30
0.0
  0
POINT
  5
1D1A
330
1C30
100
AcDbEntity
  8
Defpoints
 62
0
440
16777216
100
AcDbPoint
 10
-48.4512116160991
 20
113.8920304690139
 30
0.0
  0
POINT
  5
1D1B
330
1C30
100
AcDbEntity
  8
Defpoints
 62
0
440
16777216
100
AcDbPoint
 10
-25.451211616099112
 20
113.8920304690139
 30
0.0
  0
ENDBLK
  5
1C32
330
1C30
100
AcDbEntity
  8
0
100
AcDbBlockEnd
  0
BLOCK
  5
1D1E
330
1D1D
100
AcDbEntity
  8
0
100
AcDbBlockBegin
  2
*D39
 70
1
 10
0.0
 20
0.0
 30
0.0
  3
*D39
  1

  0
LINE
  5
1DF2
330
1D1D
100
AcDbEntity
  8
Dimension (ISO)
440
16777216
100
AcDbLine
 10
-72.18645445780068
 20
188.6676363378224
 30
0.0
 11
-73.30929351754428
 21
197.5798950811159
 31
0.0
  0
LINE
  5
1DF3
330
1D1D
100
AcDbEntity
  8
Dimension (ISO)
440
16777216
100
AcDbLine
 10
-98.2280008560232
 20
185.3867098842392
 30
0.0
 11
-99.35083991576683
 21
194.2989686275327
 31
0.0
  0
LINE
  5
1DF4
330
1D1D
100
AcDbEntity
  8
Dimension (ISO)
440
16777216
100
AcDbLine
 10
-74.3510519446058
 20
195.8485962537477
 30
0.0
 11
-97.9122064887053
 21
192.8801698001646
 31
0.0
  0
SOLID
  5
1DF5
330
1D1D
100
AcDbEntity
  8
Dimension (ISO)
440
16777216
100
AcDbTrace
 10
-74.37709361127249
 20
196.0552955749247
 30
0.0
 11
-74.32501027793914
 21
195.6418969325708
 31
0.0
 12
-73.11085601754428
 22
196.0048462537477
 32
0.0
 13
-73.11085601754428
 23
196.0048462537477
 33
0.0
  0
SOLID
  5
1DF6
330
1D1D
100
AcDbEntity
  8
Dimension (ISO)
440
16777216
100
AcDbTrace
 10
-97.93824815537198
 20
193.0868691213415
 30
0.0
 11
-97.88616482203861
 21
192.6734704789876
 31
0.0
 12
-99.1524024157668
 22
192.7239198001646
 32
0.0
 13
-99.1524024157668
 23
192.7239198001646
 33
0.0
  0
MTEXT
  5
1DF7
330
1D1D
100
AcDbEntity
  8
Dimension (ISO)
440
16777216
100
AcDbMText
 10
-90.59399216236828
 20
196.0234679752806
 30
0.0
 40
1.7499999999999998
 41
0.0
 46
0.0
 71
1
  1
\A1;26.25
  7
Note Text (ISO)
 11
0.9921567416492216
 21
0.12500000000000006
 31
0.0
  0
POINT
  5
1DF8
330
1D1D
100
AcDbEntity
  8
Defpoints
 62
0
440
16777216
100
AcDbPoint
 10
-72.12395445780068
 20
188.1715579669978
 30
0.0
  0
POINT
  5
1DF9
330
1D1D
100
AcDbEntity
  8
Defpoints
 62
0
440
16777216
100
AcDbPoint
 10
-98.1655008560232
 20
184.8906315134146
 30
0.0
  0
POINT
  5
1DFA
330
1D1D
100
AcDbEntity
  8
Defpoints
 62
0
440
16777216
100
AcDbPoint
 10
-99.1524024157668
 20
192.7239198001646
 30
0.0
  0
ENDBLK
  5
1D1F
330
1D1D
100
AcDbEntity
  8
0
100
AcDbBlockEnd
  0
BLOCK
  5
1DFD
330
1DFC
100
AcDbEntity
  8
0
100
AcDbBlockBegin
  2
*D40
 70
1
 10
0.0
 20
0.0
 30
0.0
  3
*D40
  1

  0
LINE
  5
1EE6
330
1DFC
100
AcDbEntity
  8
Dimension (ISO)
440
16777216
100
AcDbLine
 10
-100.64946926460628
 20
179.8951764844815
 30
0.0
 11
-110.52312087567718
 21
172.9224682507177
 31
0.0
  0
LINE
  5
1EE7
330
1DFC
100
AcDbEntity
  8
Dimension (ISO)
440
16777216
100
AcDbLine
 10
-93.49851835559319
 20
169.7691256594129
 30
0.0
 11
-103.37216996666409
 21
162.7964174256491
 31
0.0
  0
LINE
  5
1EE8
330
1DFC
100
AcDbEntity
  8
Dimension (ISO)
440
16777216
100
AcDbLine
 10
-108.50530848893219
 20
172.8171619266028
 30
0.0
 11
-102.79648958276579
 21
164.7332313933793
 31
0.0
  0
SOLID
  5
1EE9
330
1DFC
100
AcDbEntity
  8
Dimension (ISO)
440
16777216
100
AcDbTrace
 10
-108.67548517991929
 20
172.696984259699
 30
0.0
 11
-108.33513179794508
 21
172.9373395935067
 31
0.0
 12
-109.22637449035558
 22
173.8382220725254
 32
0.0
 13
-109.22637449035558
 23
173.8382220725254
 33
0.0
  0
SOLID
  5
1EEA
330
1DFC
100
AcDbEntity
  8
Dimension (ISO)
440
16777216
100
AcDbTrace
 10
-102.96666627375289
 20
164.6130537264754
 30
0.0
 11
-102.62631289177868
 21
164.8534090602832
 31
0.0
 12
-102.07542358134239
 22
163.7121712474568
 32
0.0
 13
-102.07542358134239
 23
163.7121712474568
 33
0.0
  0
MTEXT
  5
1EEB
330
1DFC
100
AcDbEntity
  8
Dimension (ISO)
440
16777216
100
AcDbMText
 10
-106.83712443873299
 20
166.6344396144281
 30
0.0
 40
1.7500000000000002
 41
0.0
 46
0.0
 71
1
  1
\A1;12.40
  7
Note Text (ISO)
 11
-0.5768528011386783
 21
0.8168481167380264
 31
0.0
  0
POINT
  5
1EEC
330
1DFC
100
AcDbEntity
  8
Defpoints
 62
0
440
16777216
100
AcDbPoint
 10
-100.24104520623729
 20
180.1836028850508
 30
0.0
  0
POINT
  5
1EED
330
1DFC
100
AcDbEntity
  8
Defpoints
 62
0
440
16777216
100
AcDbPoint
 10
-93.09009429722418
 20
170.0575520599822
 30
0.0
  0
POINT
  5
1EEE
330
1DFC
100
AcDbEntity
  8
Defpoints
 62
0
440
16777216
100
AcDbPoint
 10
-102.07542358134239
 20
163.7121712474568
 30
0.0
  0
ENDBLK
  5
1DFE
330
1DFC
100
AcDbEntity
  8
0
100
AcDbBlockEnd
  0
ENDSEC
  0
SECTION
  2
ENTITIES
  0
INSERT
  5
154
330
70
100
AcDbEntity
  8
0
100
AcDbBlockReference
  2
Borders Default Border
 10
0.0
 20
0.0
 30
0.0
 41
0.5
 42
0.5
 43
0.5
 50
90.0
  0
INSERT
  5
181
330
70
100
AcDbEntity
  8
0
100
AcDbBlockReference
 66
1
  2
Title Blocks ISO
 10
45.00000000000001
 20
67.1399344235002
 30
0.0
 41
0.5
 42
0.5
 43
0.5
 50
90.0
  0
ATTRIB
  5
183
330
181
100
AcDbEntity
  8
Title (ISO)
100
AcDbText
 10
-11.625000014901149
 20
181.25
 30
0.0
 40
1.749999970197677
  1

 50
90.0
  7
Note Text (ISO)
 72
1
 11
-12.49999999999999
 21
181.25
 31
0.0
100
AcDbAttribute
  2
TITLE
 70
0
 74
2
 71
1
 72
0
 11
-12.49999999999999
 21
181.25
 31
0.0
  0
ATTRIB
  5
184
330
181
100
AcDbEntity
  8
Title (ISO)
100
AcDbText
 10
-6.625000014901151
 20
158.0
 30
0.0
 40
1.749999970197677
  1

 50
90.0
  7
Note Text (ISO)
 11
-7.49999999999999
 21
158.0
 31
0.0
100
AcDbAttribute
  2
PART_NUMBER
 70
0
 74
2
 71
1
 72
0
 11
-7.49999999999999
 21
158.0
 31
0.0
  0
ATTRIB
  5
185
330
181
100
AcDbEntity
  8
Title (ISO)
100
AcDbText
 10
-15.643552719018732
 20
120.5
 30
0.0
 40
1.25
  1
Russapat
 50
90.0
  7
Text Style39
 11
-15.499999999999963
 21
120.5
 31
0.0
100
AcDbAttribute
  2
AUTHOR
 70
0
 74
1
 71
1
 72
0
 11
-15.499999999999963
 21
120.5
 31
0.0
  0
ATTRIB
  5
186
330
181
100
AcDbEntity
  8
Title (ISO)
100
AcDbText
 10
-15.643552719018752
 20
136.5
 30
0.0
 40
1.25
  1

 50
90.0
  7
Text Style39
 11
-15.49999999999998
 21
136.5
 31
0.0
100
AcDbAttribute
  2
CHECKED_BY
 70
0
 74
1
 71
1
 72
0
 11
-15.49999999999998
 21
136.5
 31
0.0
  0
ATTRIB
  5
187
330
181
100
AcDbEntity
  8
Title (ISO)
100
AcDbText
 10
-15.64355271901876
 20
149.0
 30
0.0
 40
1.25
  1

 50
90.0
  7
Text Style39
 11
-15.499999999999991
 21
149.0
 31
0.0
100
AcDbAttribute
  2
ENG_APPROVED_BY
 70
0
 74
1
 71
1
 72
0
 11
-15.499999999999991
 21
149.0
 31
0.0
  0
ATTRIB
  5
188
330
181
100
AcDbEntity
  8
Title (ISO)
100
AcDbText
 10
-15.64355271901877
 20
168.0
 30
0.0
 40
1.25
  1

 50
90.0
  7
Text Style39
 72
2
 11
-15.5
 21
168.0
 31
0.0
100
AcDbAttribute
  2
ENG_APPROVAL_DATE
 70
0
 74
1
 71
1
 72
0
 11
-15.5
 21
168.0
 31
0.0
  0
ATTRIB
  5
189
330
181
100
AcDbEntity
  8
Title (ISO)
100
AcDbText
 10
-15.64355271901878
 20
180.5
 30
0.0
 40
1.25
  1
1/23/2026
 50
90.0
  7
Text Style39
 11
-15.500000000000009
 21
180.5
 31
0.0
100
AcDbAttribute
  2
CREATION_DATE
 70
0
 74
1
 71
1
 72
0
 11
-15.500000000000009
 21
180.5
 31
0.0
  0
ATTRIB
  5
18A
330
181
100
AcDbEntity
  8
Title (ISO)
100
AcDbText
 10
-5.875000014901067
 20
191.25
 30
0.0
 40
1.749999970197677
  1

 50
90.0
  7
Note Text (ISO)
 72
1
 11
-6.749999999999907
 21
191.25
 31
0.0
100
AcDbAttribute
  2
REVISION_NUMBER
 70
0
 74
2
 71
1
 72
0
 11
-6.749999999999907
 21
191.25
 31
0.0
  0
ATTRIB
  5
18B
330
181
100
AcDbEntity
  8
Title (ISO)
100
AcDbText
 10
-17.03927874428856
 20
195.5
 30
0.0
 40
1.524000018835067
  1
Generic
 50
90.0
  7
Text Style35
 11
-17.03927874428856
 21
195.5
 31
0.0
100
AcDbAttribute
  2
MATERIAL
 70
0
 74
3
 71
2
 72
0
 11
-17.03927874428856
 21
195.5
 31
0.0
101
Embedded Object
 10
-17.03927874428856
 20
195.5
 30
0.0
 40
1.524000018835067
 41
0.0
 46
0.0
 71
1
 72
5
  1
Generic
  7
Text Style35
 11
6.123233995736766e-17
 21
1.0
 31
0.0
  0
SEQEND
  5
182
330
70
100
AcDbEntity
  8
0
  0
LINE
  5
18C
330
70
100
AcDbEntity
  8
Visible (ISO)
100
AcDbLine
 10
-96.61372855572725
 20
65.77269996538486
 30
0.0
 11
-97.58577157717056
 21
66.00750278577544
 31
0.0
  0
LINE
  5
18D
330
70
100
AcDbEntity
  8
Visible (ISO)
100
AcDbLine
 10
-95.91718930017595
 20
56.29032180899639
 30
0.0
 11
-95.70162764127593
 21
56.85184957523591
 31
0.0
  0
ARC
  5
18E
330
70
100
AcDbEntity
  8
Visible (ISO)
100
AcDbCircle
 10
-71.70121161608125
 20
47.63846814740633
 30
0.0
 40
25.70809924356713
100
AcDbArc
 50
156.93148861498855
 51
158.9989911014138
  0
LINE
  5
18F
330
70
100
AcDbEntity
  8
Visible (ISO)
100
AcDbLine
 10
-95.35361358089389
 20
57.71171231262067
 30
0.0
 11
-95.02079487215121
 21
57.6313179578775
 31
0.0
  0
LINE
  5
190
330
70
100
AcDbEntity
  8
Visible (ISO)
100
AcDbLine
 10
-94.78599205176064
 20
58.603360979320804
 30
0.0
 11
-94.9365050676239
 21
58.6397183008079
 31
0.0
  0
ARC
  5
191
330
70
100
AcDbEntity
  8
Visible (ISO)
100
AcDbCircle
 10
-71.70121161608125
 20
47.63846814740633
 30
0.0
 40
25.70809924356562
100
AcDbArc
 50
134.90554134669011
 51
154.66377701923747
  0
LINE
  5
192
330
70
100
AcDbEntity
  8
Visible (ISO)
100
AcDbLine
 10
-74.51371161609914
 20
69.9619948345211
 30
0.0
 11
-92.99019400265807
 21
67.63417685842107
 31
0.0
  0
ARC
  5
193
330
70
100
AcDbEntity
  8
Visible (ISO)
100
AcDbCircle
 10
-71.70121161609912
 20
47.638468147413604
 30
0.0
 40
22.5
100
AcDbArc
 50
-97.1807557814583
 51
97.18075578145833
  0
LINE
  5
194
330
70
100
AcDbEntity
  8
Visible (ISO)
100
AcDbLine
 10
-100.5552580143217
 20
28.595867913889318
 30
0.0
 11
-74.51371161609912
 21
25.314941460306123
 31
0.0
  0
ARC
  5
195
330
70
100
AcDbEntity
  8
Visible (ISO)
100
AcDbCircle
 10
-100.3677580143217
 20
30.08410302636315
 30
0.0
 40
1.5
100
AcDbArc
 50
144.77051148528508
 51
-97.18075578145789
  0
LINE
  5
196
330
70
100
AcDbEntity
  8
Visible (ISO)
100
AcDbLine
 10
-94.44207928041563
 20
41.07543305313974
 30
0.0
 11
-101.5930301894287
 21
30.949382228071176
 31
0.0
  0
ARC
  5
197
330
70
100
AcDbEntity
  8
Visible (ISO)
100
AcDbCircle
 10
-97.3010476889987
 20
43.09441785712513
 30
0.0
 40
3.5
100
AcDbArc
 50
-35.22948851471447
 51
10.06534160490969
  0
ARC
  5
198
330
70
100
AcDbEntity
  8
Visible (ISO)
100
AcDbCircle
 10
-71.70121161609912
 20
47.638468147413604
 30
0.0
 40
22.5
100
AcDbArc
 50
169.93465839509025
 51
-169.93465839509022
  0
ARC
  5
199
330
70
100
AcDbEntity
  8
Visible (ISO)
100
AcDbCircle
 10
-97.3010476889987
 20
52.182518437702086
 30
0.0
 40
3.5
100
AcDbArc
 50
-10.065341604909973
 51
35.229488514714504
  0
LINE
  5
19A
330
70
100
AcDbEntity
  8
Visible (ISO)
100
AcDbLine
 10
-95.91718930017595
 20
56.29032180899639
 30
0.0
 11
-94.44207928041563
 21
54.20150324168747
 31
0.0
  0
LINE
  5
19B
330
70
100
AcDbEntity
  8
Visible (ISO)
100
AcDbLine
 10
-101.5930301894287
 20
64.32755406675602
 30
0.0
 11
-98.90948833710848
 21
60.52754459479286
 31
0.0
  0
ARC
  5
19C
330
70
100
AcDbEntity
  8
Visible (ISO)
100
AcDbCircle
 10
-100.3677580143217
 20
65.19283326846406
 30
0.0
 40
1.500000000000022
100
AcDbArc
 50
97.18075578145842
 51
-144.7705114852852
  0
LINE
  5
19D
330
70
100
AcDbEntity
  8
Visible (ISO)
100
AcDbLine
 10
-97.32475318563803
 20
67.08807373264696
 30
0.0
 11
-100.5552580143217
 21
66.68106838093792
 31
0.0
  0
LINE
  5
19E
330
70
100
AcDbEntity
  8
Visible (ISO)
100
AcDbLine
 10
-97.32475318563803
 20
67.08807373264696
 30
0.0
 11
-97.58577157717056
 21
66.00750278577544
 31
0.0
  0
CIRCLE
  5
19F
330
70
100
AcDbEntity
  8
Visible (ISO)
100
AcDbCircle
 10
-71.70121161609912
 20
47.638468147413604
 30
0.0
 40
6.0
  0
CIRCLE
  5
1A0
330
70
100
AcDbEntity
  8
Visible (ISO)
100
AcDbCircle
 10
-71.70121161609912
 20
47.638468147413604
 30
0.0
 40
7.0
  0
LINE
  5
1A1
330
70
100
AcDbEntity
  8
Visible (ISO)
100
AcDbLine
 10
-75.70121155649448
 20
66.13846814741362
 30
0.0
 11
-67.70121155649448
 21
66.13846814741362
 31
0.0
  0
LINE
  5
1A2
330
70
100
AcDbEntity
  8
Visible (ISO)
100
AcDbLine
 10
-67.70121155649448
 20
66.13846814741362
 30
0.0
 11
-67.70121155649448
 21
64.6384681474136
 31
0.0
  0
LINE
  5
1A3
330
70
100
AcDbEntity
  8
Visible (ISO)
100
AcDbLine
 10
-67.70121155649448
 20
64.6384681474136
 30
0.0
 11
-75.70121161609913
 21
64.6384681474136
 31
0.0
  0
LINE
  5
1A4
330
70
100
AcDbEntity
  8
Visible (ISO)
100
AcDbLine
 10
-75.70121161609913
 20
64.6384681474136
 30
0.0
 11
-75.70121155649448
 21
66.13846814741362
 31
0.0
  0
ARC
  5
1A5
330
70
100
AcDbEntity
  8
Visible (ISO)
100
AcDbCircle
 10
-71.70121161609912
 20
47.638468147413604
 30
0.0
 40
10.0
100
AcDbArc
 50
106.15924594769572
 51
90.7103995458358
  0
LINE
  5
1A6
330
70
100
AcDbEntity
  8
Visible (ISO)
100
AcDbLine
 10
-72.390509365621
 20
58.61685002328696
 30
0.0
 11
-71.82519655012597
 21
57.637699504679745
 31
0.0
  0
ARC
  5
1A7
330
70
100
AcDbEntity
  8
Visible (ISO)
100
AcDbCircle
 10
-71.70121161609912
 20
47.638468147413604
 30
0.0
 40
11.0
100
AcDbArc
 50
107.43914079543019
 51
93.5927040402722
  0
LINE
  5
1A8
330
70
100
AcDbEntity
  8
Visible (ISO)
100
AcDbLine
 10
-74.48429147534019
 20
57.243387017299334
 30
0.0
 11
-74.99783019533717
 21
58.13286217198801
 31
0.0
  0
CIRCLE
  5
1A9
330
70
100
AcDbEntity
  8
Visible (ISO)
100
AcDbCircle
 10
-73.86627512556022
 20
48.888468147413604
 30
0.0
 40
1.0
  0
CIRCLE
  5
1AA
330
70
100
AcDbEntity
  8
Visible (ISO)
100
AcDbCircle
 10
-69.53614810663804
 20
48.888468147413604
 30
0.0
 40
1.0
  0
CIRCLE
  5
1AB
330
70
100
AcDbEntity
  8
Visible (ISO)
100
AcDbCircle
 10
-71.70121161609912
 20
45.138468147413604
 30
0.0
 40
1.0
  0
LINE
  5
1AC
330
70
100
AcDbEntity
  8
Visible (ISO)
100
AcDbLine
 10
-94.78599205176064
 20
58.603360979320804
 30
0.0
 11
-95.02079487215119
 21
57.6313179578775
 31
0.0
  0
LINE
  5
1AD
330
70
100
AcDbEntity
  8
Visible (ISO)
100
AcDbLine
 10
-88.25314398495519
 20
65.46115297172976
 30
0.0
 11
-95.78920750841206
 21
67.28153430353841
 31
0.0
  0
LINE
  5
1AE
330
70
100
AcDbEntity
  8
Visible (ISO)
100
AcDbLine
 10
-96.61372855572725
 20
65.77269996538486
 30
0.0
 11
-98.1429309709566
 21
59.442066740343996
 31
0.0
  0
SPLINE
  5
1AF
330
70
100
AcDbEntity
  8
Visible (ISO)
100
AcDbSpline
 70
8
 71
3
 72
15
 73
11
 74
0
 42
1e-09
 40
-0.002407597878967
 40
-0.002407597878967
 40
-0.002407597878967
 40
-0.002407597878967
 40
0.1769957366465835
 40
0.1769957366465835
 40
0.356399071172134
 40
0.356399071172134
 40
0.356399071172134
 40
0.5358024056976846
 40
0.5358024056976846
 40
0.7152057402232352
 40
0.7152057402232352
 40
0.7152057402232352
 40
0.7152057402232352
 10
-74.51371161609916
 20
69.9619948345211
 30
0.0
 10
-74.99170808721858
 20
69.9017729397521
 30
0.0
 10
-75.46949120104351
 20
69.82597657077798
 30
0.0
 10
-76.42255060609222
 20
69.64288632215171
 30
0.0
 10
-76.89777532446432
 20
69.53560027561161
 30
0.0
 10
-77.3705510201299
 20
69.41250293019797
 30
0.0
 10
-77.84332671579547
 20
69.28940558478436
 30
0.0
 10
-78.31365067930999
 20
69.15049995244001
 30
0.0
 10
-79.24728808112197
 20
68.8410291420004
 30
0.0
 10
-79.71060086531652
 20
68.67046744476735
 30
0.0
 10
-80.16947100937548
 20
68.48405719757449
 30
0.0
  0
SPLINE
  5
1B0
330
70
100
AcDbEntity
  8
Visible (ISO)
100
AcDbSpline
 70
8
 71
3
 72
15
 73
11
 74
0
 42
1e-09
 40
0.8003227231685205
 40
0.8003227231685205
 40
0.8003227231685205
 40
0.8003227231685205
 40
0.9797273877555716
 40
0.9797273877555716
 40
1.159132052342622
 40
1.159132052342622
 40
1.159132052342622
 40
1.338536716929673
 40
1.338536716929673
 40
1.517941381516724
 40
1.517941381516724
 40
1.517941381516724
 40
1.517941381516724
 10
-80.16947100937548
 20
26.792879097252733
 30
0.0
 10
-79.71060220969838
 20
26.606469396198154
 30
0.0
 10
-79.24729093115116
 20
26.435908199043574
 30
0.0
 10
-78.31365619921175
 20
26.126438070534633
 30
0.0
 10
-77.84333339683118
 20
25.987532617775074
 30
0.0
 10
-77.37055827399365
 20
25.864435253330335
 30
0.0
 10
-76.89778315115612
 20
25.741337888885603
 30
0.0
 10
-76.42255841408311
 20
25.634051623554072
 30
0.0
 10
-75.46949688902178
 20
25.450960665855195
 30
0.0
 10
-74.99171163159774
 20
25.375163801624904
 30
0.0
 10
-74.51371161609914
 20
25.314941460306123
 30
0.0
  0
LINE
  5
1B1
330
70
100
AcDbEntity
  8
Visible (ISO)
100
AcDbLine
 10
-98.90948833710848
 20
60.52754459479286
 30
0.0
 11
-98.1429309709566
 21
59.442066740343996
 31
0.0
  0
LINE
  5
1B2
330
70
100
AcDbEntity
  8
Visible (ISO)
100
AcDbLine
 10
-92.99019400265809
 20
67.63417685842109
 30
0.0
 11
-95.78920750841206
 21
67.28153430353841
 31
0.0
  0
ARC
  5
1B3
330
70
100
AcDbEntity
  8
Visible (ISO)
100
AcDbCircle
 10
-97.3010476889987
 20
52.182518437702086
 30
0.0
 40
2.750000000000001
100
AcDbArc
 50
-10.065341604909717
 51
35.2294885147146
  0
ARC
  5
1B4
330
70
100
AcDbEntity
  8
Visible (ISO)
100
AcDbCircle
 10
-71.70121161609912
 20
47.638468147413604
 30
0.0
 40
23.25
100
AcDbArc
 50
169.9346583950902
 51
-169.93465839509022
  0
ARC
  5
1B5
330
70
100
AcDbEntity
  8
Visible (ISO)
100
AcDbCircle
 10
-97.3010476889987
 20
43.09441785712513
 30
0.0
 40
2.750000000000001
100
AcDbArc
 50
-35.22948851471463
 51
10.06534160490969
  0
LINE
  5
1B6
330
70
100
AcDbEntity
  8
Visible (ISO)
100
AcDbLine
 10
-102.2056662769822
 20
31.382021828925186
 30
0.0
 11
-95.0547153679691
 21
41.50807265399375
 31
0.0
  0
ARC
  5
1B7
330
70
100
AcDbEntity
  8
Visible (ISO)
100
AcDbCircle
 10
-100.3677580143217
 20
30.08410302636315
 30
0.0
 40
2.250000000000003
100
AcDbArc
 50
144.7705114852853
 51
-97.1807557814585
  0
LINE
  5
1B8
330
70
100
AcDbEntity
  8
Visible (ISO)
100
AcDbLine
 10
-74.60746161609906
 20
24.570823904069194
 30
0.0
 11
-100.6490080143217
 21
27.851750357652396
 31
0.0
  0
ARC
  5
1B9
330
70
100
AcDbEntity
  8
Visible (ISO)
100
AcDbCircle
 10
-71.70121161609912
 20
47.638468147413604
 30
0.0
 40
23.25000000000001
100
AcDbArc
 50
-97.18075578145809
 51
97.18075578145826
  0
LINE
  5
1BA
330
70
100
AcDbEntity
  8
Visible (ISO)
100
AcDbLine
 10
-100.6490080143217
 20
67.42518593717483
 30
0.0
 11
-74.60746161609913
 21
70.70611239075801
 31
0.0
  0
ARC
  5
1BB
330
70
100
AcDbEntity
  8
Visible (ISO)
100
AcDbCircle
 10
-100.3677580143217
 20
65.19283326846406
 30
0.0
 40
2.250000000000019
100
AcDbArc
 50
97.180755781458
 51
-144.77051148528537
  0
LINE
  5
1BC
330
70
100
AcDbEntity
  8
Visible (ISO)
100
AcDbLine
 10
-95.05471536796912
 20
53.76886364083348
 30
0.0
 11
-102.2056662769822
 21
63.894914465902026
 31
0.0
  0
SPLINE
  5
1BD
330
70
100
AcDbEntity
  8
Visible (ISO)
100
AcDbSpline
 70
8
 71
3
 72
15
 73
11
 74
0
 42
1e-09
 40
0.0
 40
0.0
 40
0.0
 40
0.0
 40
0.0714298110676507
 40
0.0714298110676507
 40
0.1428596221353014
 40
0.1428596221353014
 40
0.1428596221353014
 40
0.1949722668783667
 40
0.1949722668783667
 40
0.2857192442706029
 40
0.2857192442706029
 40
0.2857192442706029
 40
0.2857192442706029
 10
-93.85491590995451
 20
43.70611693466396
 30
0.0
 10
-93.85491590995451
 20
43.70611693466396
 30
0.0
 10
-93.85036726062854
 20
43.680256935155654
 30
0.0
 10
-93.83244234916118
 20
43.58123288107732
 30
0.0
 10
-93.81907630071699
 20
43.508241428758716
 30
0.0
 10
-93.80156338549756
 20
43.41656671928341
 30
0.0
 10
-93.78878658662879
 20
43.349684118092064
 30
0.0
 10
-93.77380617583188
 20
43.27291671677969
 30
0.0
 10
-93.72694344112742
 20
43.04066553802237
 30
0.0
 10
-93.69077658430105
 20
42.86920554638372
 30
0.0
 10
-93.64849903562698
 20
42.6820001585496
 30
0.0
  0
SPLINE
  5
1BE
330
70
100
AcDbEntity
  8
Visible (ISO)
100
AcDbSpline
 70
8
 71
3
 72
15
 73
11
 74
0
 42
1e-09
 40
0.4320893573892392
 40
0.4320893573892392
 40
0.4320893573892392
 40
0.4320893573892392
 40
0.5228363347814682
 40
0.5228363347814682
 40
0.5749489795245358
 40
0.5749489795245358
 40
0.5749489795245358
 40
0.6463787905921841
 40
0.6463787905921841
 40
0.7178086016598324
 40
0.7178086016598324
 40
0.7178086016598324
 40
0.7178086016598324
 10
-93.64849903562698
 20
52.594936136277624
 30
0.0
 10
-93.69077658430108
 20
52.40773074844343
 30
0.0
 10
-93.72694344112739
 20
52.236270756804835
 30
0.0
 10
-93.77380617583188
 20
52.004019578047526
 30
0.0
 10
-93.78878658662879
 20
51.927252176735145
 30
0.0
 10
-93.80156338549756
 20
51.86036957554381
 30
0.0
 10
-93.81907630071699
 20
51.76869486606851
 30
0.0
 10
-93.83244234916121
 20
51.6957034137499
 30
0.0
 10
-93.85036726062854
 20
51.59667935967157
 30
0.0
 10
-93.85491590995451
 20
51.570819360163256
 30
0.0
 10
-93.85491590995451
 20
51.570819360163256
 30
0.0
  0
LINE
  5
1BF
330
70
100
AcDbEntity
  8
Visible (ISO)
100
AcDbLine
 10
-97.58577157717056
 20
66.00750278577544
 30
0.0
 11
-98.90948833710848
 21
60.52754459479286
 31
0.0
  0
LINE
  5
1C0
330
70
100
AcDbEntity
  8
Visible (ISO)
100
AcDbLine
 10
-102.8183023645358
 20
63.462274865048016
 30
0.0
 11
-95.66735145552263
 21
53.33622403997945
 31
0.0
  0
ARC
  5
1C1
330
70
100
AcDbEntity
  8
Visible (ISO)
100
AcDbCircle
 10
-97.3010476889987
 20
52.182518437702086
 30
0.0
 40
2.0
100
AcDbArc
 50
-10.065341604909566
 51
35.22948851471501
  0
ARC
  5
1C2
330
70
100
AcDbEntity
  8
Visible (ISO)
100
AcDbCircle
 10
-71.70121161609912
 20
47.638468147413604
 30
0.0
 40
24.0
100
AcDbArc
 50
169.9346583950902
 51
-169.93465839509022
  0
ARC
  5
1C3
330
70
100
AcDbEntity
  8
Visible (ISO)
100
AcDbCircle
 10
-97.3010476889987
 20
43.09441785712513
 30
0.0
 40
1.999999999999999
100
AcDbArc
 50
-35.22948851471422
 51
10.065341604909895
  0
LINE
  5
1C4
330
70
100
AcDbEntity
  8
Visible (ISO)
100
AcDbLine
 10
-95.66735145552263
 20
41.94071225484777
 30
0.0
 11
-102.8183023645357
 21
31.814661429779196
 31
0.0
  0
ARC
  5
1C5
330
70
100
AcDbEntity
  8
Visible (ISO)
100
AcDbCircle
 10
-100.3677580143217
 20
30.08410302636315
 30
0.0
 40
3.0
100
AcDbArc
 50
144.7705114852854
 51
-97.18075578145822
  0
LINE
  5
1C6
330
70
100
AcDbEntity
  8
Visible (ISO)
100
AcDbLine
 10
-100.7427580143217
 20
27.107632801415477
 30
0.0
 11
-74.70121161609913
 21
23.826706347832292
 31
0.0
  0
ARC
  5
1C7
330
70
100
AcDbEntity
  8
Visible (ISO)
100
AcDbCircle
 10
-71.70121161609912
 20
47.638468147413604
 30
0.0
 40
24.0
100
AcDbArc
 50
-97.1807557814583
 51
97.18075578145826
  0
LINE
  5
1C8
330
70
100
AcDbEntity
  8
Visible (ISO)
100
AcDbLine
 10
-74.70121161609913
 20
71.45022994699492
 30
0.0
 11
-100.7427580143217
 21
68.16930349341175
 31
0.0
  0
ARC
  5
1C9
330
70
100
AcDbEntity
  8
Visible (ISO)
100
AcDbCircle
 10
-100.3677580143217
 20
65.19283326846406
 30
0.0
 40
3.000000000000022
100
AcDbArc
 50
97.18075578145816
 51
-144.7705114852858
  0
LINE
  5
1CA
330
70
100
AcDbEntity
  8
Visible (ISO)
100
AcDbLine
 10
-95.02079487215119
 20
57.6313179578775
 30
0.0
 11
-89.44128691110538
 21
56.28355435406085
 31
0.0
  0
LINE
  5
1CB
330
70
100
AcDbEntity
  8
Visible (ISO)
100
AcDbLine
 10
-89.44128691110538
 20
56.28355435406085
 30
0.0
 11
-88.91298056522623
 21
58.470651152308015
 31
0.0
  0
LINE
  5
1CC
330
70
100
AcDbEntity
  8
Visible (ISO)
100
AcDbLine
 10
-89.8850235866695
 20
58.70545397269877
 30
0.0
 11
-88.91298056522623
 21
58.470651152308015
 31
0.0
  0
LINE
  5
1CD
330
70
100
AcDbEntity
  8
Visible (ISO)
100
AcDbLine
 10
-90.17852711215794
 20
57.490400195894686
 30
0.0
 11
-89.8850235866695
 21
58.70545397269877
 31
0.0
  0
LINE
  5
1CE
330
70
100
AcDbEntity
  8
Visible (ISO)
100
AcDbLine
 10
-94.78599205176064
 20
58.603360979320804
 30
0.0
 11
-90.17852711215794
 21
57.490400195894686
 31
0.0
  0
LINE
  5
1CF
330
70
100
AcDbEntity
  8
Visible (ISO)
100
AcDbLine
 10
-92.99019400265809
 20
67.63417685842109
 30
0.0
 11
-87.04629814312129
 21
66.19839317278247
 31
0.0
  0
LINE
  5
1D0
330
70
100
AcDbEntity
  8
Visible (ISO)
100
AcDbLine
 10
-87.57460448900008
 20
64.01129637453506
 30
0.0
 11
-87.04629814312129
 21
66.19839317278247
 31
0.0
  0
LINE
  5
1D1
330
70
100
AcDbEntity
  8
Visible (ISO)
100
AcDbLine
 10
-88.54664751044339
 20
64.24609919492563
 30
0.0
 11
-87.57460448900008
 21
64.01129637453506
 31
0.0
  0
LINE
  5
1D2
330
70
100
AcDbEntity
  8
Visible (ISO)
100
AcDbLine
 10
-88.54664751044339
 20
64.24609919492563
 30
0.0
 11
-88.25314398495519
 21
65.46115297172976
 31
0.0
  0
CIRCLE
  5
1D3
330
70
100
AcDbEntity
  8
Visible (ISO)
100
AcDbCircle
 10
-53.70121161609913
 20
47.6384681474136
 30
0.0
 40
1.199999999999999
  0
CIRCLE
  5
1D4
330
70
100
AcDbEntity
  8
Visible (ISO)
100
AcDbCircle
 10
-53.70121161609913
 20
47.6384681474136
 30
0.0
 40
2.2
  0
CIRCLE
  5
1D5
330
70
100
AcDbEntity
  8
Visible (ISO)
100
AcDbCircle
 10
-89.25121161609913
 20
34.18846814741361
 30
0.0
 40
1.199999999999998
  0
CIRCLE
  5
1D6
330
70
100
AcDbEntity
  8
Visible (ISO)
100
AcDbCircle
 10
-89.25121161609913
 20
34.18846814741361
 30
0.0
 40
2.199999999999999
  0
CIRCLE
  5
1D7
330
70
100
AcDbEntity
  8
Sketch Geometry (ISO)
  6
DASHED
 48
25.31908988952637
100
AcDbCircle
 10
-71.70121161609912
 20
47.638468147413604
 30
0.0
 40
2.499999999999996
  0
DIMENSION
  5
1D8
330
70
100
AcDbEntity
  8
Dimension (ISO)
100
AcDbDimension
280
0
  2
*D7
  3
Default (ISO)
 10
-73.46208366865662
 20
49.4131032125809
 30
0.0
 11
-48.87665361083699
 21
21.066733196865645
 31
0.0
 70
163
 71
5
 42
4.999999999999992
 73
0
 74
0
 75
0
  1
<>
100
AcDbDiametricDimension
 15
-69.94033956354146
 25
45.86383308224626
 35
0.0
 40
0.0
1001
ACAD
1000
DSTYLE
1002
{
1070
144
1040
1.000000000000027
1070
73
1070
1
1070
289
1070
2
1070
271
1070
2
1070
147
1040
0.762
1070
72
1070
0
1070
71
1070
0
1070
272
1070
2
1070
48
1040
0.0
1070
47
1040
0.0
1002
}
1001
ACAD_DSTYLE_DIMRADIAL_EXTENSION
1070
387
1070
1
1070
388
1040
0.0
1070
390
1040
0.0
  0
MTEXT
  5
29D
102
{ACAD_REACTORS
330
29E
102
}
330
70
100
AcDbEntity
  8
Symbol (ISO)
100
AcDbMText
 10
-82.67338281540592
 20
22.118803577168112
 30
0.0
 40
1.39500007033348
 41
14.2427921295166
 46
0.0
 71
3
  1
\fTahoma|b0|i0;{\H1.3950;3x M2 THRU ALL}
  7
Note Text (ISO)
 11
6.123233995736766e-17
 21
1.0
 31
0.0
  0
LEADER
  5
29E
330
70
100
AcDbEntity
  8
Symbol (ISO)
100
AcDbLeader
  3
Default - Method 1b (ISO)$7
 73
0
 40
1.453085954345588
 41
14.15142704087047
 76
3
 10
-72.23894623189176
 20
44.295353989675554
 30
0.0
 10
-81.79838283030708
 20
23.749803577168112
 30
0.0
 10
-81.79838283030708
 20
22.499803577168112
 30
0.0
340
29D
211
6.123233995736766e-17
221
1.0
231
0.0
213
0.0
223
-0.8749999850988388
233
0.0
1001
ACAD
1000
DSTYLE
1002
{
1070
77
1070
0
1002
}
  0
DIMENSION
  5
29F
330
70
100
AcDbEntity
  8
Dimension (ISO)
100
AcDbDimension
280
0
  2
*D8
  3
Default (ISO)
 10
-102.5583182187988
 20
47.638468147413604
 30
0.0
 11
-102.5583182187988
 21
41.82419843193572
 31
0.0
 70
160
 71
5
 42
13.45
 73
0
 74
0
 75
0
  1
<>
100
AcDbAlignedDimension
 13
-90.45121161609912
 23
34.18846814741361
 33
0.0
 14
-71.70121161609912
 24
47.638468147413604
 34
0.0
 50
-90.00000000000001
100
AcDbRotatedDimension
1001
ACAD
1000
DSTYLE
1002
{
1070
172
1070
0
1070
289
1070
1
1070
74
1070
0
1070
271
1070
2
1070
147
1040
0.762
1070
72
1070
0
1070
71
1070
0
1070
272
1070
2
1070
48
1040
0.0
1070
47
1040
0.0
1002
}
  0
DIMENSION
  5
38C
330
70
100
AcDbEntity
  8
Dimension (ISO)
100
AcDbDimension
280
0
  2
*D9
  3
Default (ISO)
 10
-89.25121161609917
 20
77.79053863901645
 30
0.0
 11
-80.48121161609915
 21
77.79053863901645
 31
0.0
 70
160
 71
5
 42
17.55000000000001
 73
0
 74
0
 75
0
  1
<>
100
AcDbAlignedDimension
 13
-71.70121161609912
 23
47.638468147413604
 33
0.0
 14
-89.25121161609913
 24
34.18846814741361
 34
0.0
 50
180.0
100
AcDbRotatedDimension
1001
ACAD
1000
DSTYLE
1002
{
1070
172
1070
0
1070
289
1070
1
1070
74
1070
0
1070
271
1070
2
1070
147
1040
0.762
1070
72
1070
0
1070
71
1070
0
1070
272
1070
2
1070
48
1040
0.0
1070
47
1040
0.0
1002
}
  0
INSERT
  5
499
330
70
100
AcDbEntity
  8
Section Line (ISO)
100
AcDbBlockReference
  2
2dTransSection0
 10
0.0
 20
0.0
 30
0.0
 41
0.5
 42
0.5
 43
0.5
 50
90.0
  0
LINE
  5
49A
330
70
100
AcDbEntity
  8
Visible (ISO)
100
AcDbLine
 10
-52.50121161609912
 20
111.7920304690139
 30
0.0
 11
-52.50121161609912
 21
108.3920304690139
 31
0.0
  0
LINE
  5
49B
330
70
100
AcDbEntity
  8
Visible (ISO)
100
AcDbLine
 10
-52.50121161609912
 20
108.3920304690139
 30
0.0
 11
-54.901211616099125
 21
108.3920304690139
 31
0.0
  0
LINE
  5
49C
330
70
100
AcDbEntity
  8
Visible (ISO)
100
AcDbLine
 10
-54.901211616099125
 20
108.3920304690139
 30
0.0
 11
-54.901211616099125
 21
111.7920304690139
 31
0.0
  0
LINE
  5
49D
330
70
100
AcDbEntity
  8
Visible (ISO)
100
AcDbLine
 10
-54.901211616099125
 20
111.7920304690139
 30
0.0
 11
-55.901211616099125
 21
111.7920304690139
 31
0.0
  0
LINE
  5
49E
330
70
100
AcDbEntity
  8
Visible (ISO)
100
AcDbLine
 10
-55.901211616099125
 20
111.7920304690139
 30
0.0
 11
-55.901211616099125
 21
108.3920304690139
 31
0.0
  0
LINE
  5
49F
330
70
100
AcDbEntity
  8
Visible (ISO)
100
AcDbLine
 10
-55.901211616099125
 20
108.3920304690139
 30
0.0
 11
-60.70121161609912
 21
108.3920304690139
 31
0.0
  0
LINE
  5
4A0
330
70
100
AcDbEntity
  8
Visible (ISO)
100
AcDbLine
 10
-60.70121161609912
 20
108.3920304690139
 30
0.0
 11
-60.70121161609912
 21
110.3920304690139
 31
0.0
  0
LINE
  5
4A1
330
70
100
AcDbEntity
  8
Visible (ISO)
100
AcDbLine
 10
-60.70121161609912
 20
110.3920304690139
 30
0.0
 11
-61.701211616099116
 21
110.3920304690139
 31
0.0
  0
LINE
  5
4A2
330
70
100
AcDbEntity
  8
Visible (ISO)
100
AcDbLine
 10
-61.701211616099116
 20
110.3920304690139
 30
0.0
 11
-61.701211616099116
 21
108.3920304690139
 31
0.0
  0
LINE
  5
4A3
330
70
100
AcDbEntity
  8
Visible (ISO)
100
AcDbLine
 10
-61.701211616099116
 20
108.3920304690139
 30
0.0
 11
-64.70121161609913
 21
108.3920304690139
 31
0.0
  0
LINE
  5
4A4
330
70
100
AcDbEntity
  8
Visible (ISO)
100
AcDbLine
 10
-64.70121161609913
 20
108.3920304690139
 30
0.0
 11
-64.70121161609913
 21
110.3920304690139
 31
0.0
  0
LINE
  5
4A5
330
70
100
AcDbEntity
  8
Visible (ISO)
100
AcDbLine
 10
-64.70121161609913
 20
110.3920304690139
 30
0.0
 11
-65.70121161609913
 21
110.3920304690139
 31
0.0
  0
LINE
  5
4A6
330
70
100
AcDbEntity
  8
Visible (ISO)
100
AcDbLine
 10
-65.70121161609913
 20
110.3920304690139
 30
0.0
 11
-65.70121161609913
 21
108.3920304690139
 31
0.0
  0
LINE
  5
4A7
330
70
100
AcDbEntity
  8
Visible (ISO)
100
AcDbLine
 10
-65.70121161609913
 20
108.3920304690139
 30
0.0
 11
-77.70121161609913
 21
108.3920304690139
 31
0.0
  0
LINE
  5
4A8
330
70
100
AcDbEntity
  8
Visible (ISO)
100
AcDbLine
 10
-77.70121161609913
 20
108.3920304690139
 30
0.0
 11
-77.70121161609913
 21
110.3920304690139
 31
0.0
  0
LINE
  5
4A9
330
70
100
AcDbEntity
  8
Visible (ISO)
100
AcDbLine
 10
-77.70121161609913
 20
110.3920304690139
 30
0.0
 11
-78.70121161609913
 21
110.3920304690139
 31
0.0
  0
LINE
  5
4AA
330
70
100
AcDbEntity
  8
Visible (ISO)
100
AcDbLine
 10
-78.70121161609913
 20
110.3920304690139
 30
0.0
 11
-78.70121161609913
 21
108.3920304690139
 31
0.0
  0
LINE
  5
4AB
330
70
100
AcDbEntity
  8
Visible (ISO)
100
AcDbLine
 10
-78.70121161609913
 20
108.3920304690139
 30
0.0
 11
-81.70121161609912
 21
108.3920304690139
 31
0.0
  0
LINE
  5
4AC
330
70
100
AcDbEntity
  8
Visible (ISO)
100
AcDbLine
 10
-81.70121161609912
 20
108.3920304690139
 30
0.0
 11
-81.70121161609912
 21
110.3920304690139
 31
0.0
  0
LINE
  5
4AD
330
70
100
AcDbEntity
  8
Visible (ISO)
100
AcDbLine
 10
-81.70121161609912
 20
110.3920304690139
 30
0.0
 11
-82.70121161609912
 21
110.3920304690139
 31
0.0
  0
LINE
  5
4AE
330
70
100
AcDbEntity
  8
Visible (ISO)
100
AcDbLine
 10
-82.70121161609912
 20
110.3920304690139
 30
0.0
 11
-82.70121161609912
 21
108.3920304690139
 31
0.0
  0
LINE
  5
4AF
330
70
100
AcDbEntity
  8
Visible (ISO)
100
AcDbLine
 10
-82.70121161609912
 20
108.3920304690139
 30
0.0
 11
-93.70121161609914
 21
108.3920304690139
 31
0.0
  0
ARC
  5
4B0
330
70
100
AcDbEntity
  8
Visible (ISO)
100
AcDbCircle
 10
-93.70121161609914
 20
108.8920304690139
 30
0.0
 40
0.5
100
AcDbArc
 50
180.0
 51
-90.00000000000001
  0
LINE
  5
4B1
330
70
100
AcDbEntity
  8
Visible (ISO)
100
AcDbLine
 10
-94.20121161609912
 20
108.8920304690139
 30
0.0
 11
-94.20121161609912
 21
111.8920304690139
 31
0.0
  0
LINE
  5
4B2
330
70
100
AcDbEntity
  8
Visible (ISO)
100
AcDbLine
 10
-94.20121161609912
 20
111.8920304690139
 30
0.0
 11
-94.95121161609914
 21
111.8920304690139
 31
0.0
  0
LINE
  5
4B3
330
70
100
AcDbEntity
  8
Visible (ISO)
100
AcDbLine
 10
-94.95121161609914
 20
111.8920304690139
 30
0.0
 11
-94.95121161609914
 21
113.8920304690139
 31
0.0
  0
LINE
  5
4B4
330
70
100
AcDbEntity
  8
Visible (ISO)
100
AcDbLine
 10
-94.95121161609914
 20
113.8920304690139
 30
0.0
 11
-95.70121161609913
 21
113.8920304690139
 31
0.0
  0
LINE
  5
4B5
330
70
100
AcDbEntity
  8
Visible (ISO)
100
AcDbLine
 10
-95.70121161609913
 20
113.8920304690139
 30
0.0
 11
-95.70121161609913
 21
108.8920304690139
 31
0.0
  0
ARC
  5
4B6
330
70
100
AcDbEntity
  8
Visible (ISO)
100
AcDbCircle
 10
-93.70121161609914
 20
108.8920304690139
 30
0.0
 40
2.0
100
AcDbArc
 50
180.0
 51
-90.00000000000001
  0
LINE
  5
4B7
330
70
100
AcDbEntity
  8
Visible (ISO)
100
AcDbLine
 10
-93.70121161609914
 20
106.8920304690139
 30
0.0
 11
-49.70121161609912
 21
106.8920304690139
 31
0.0
  0
ARC
  5
4B8
330
70
100
AcDbEntity
  8
Visible (ISO)
100
AcDbCircle
 10
-49.70121161609912
 20
108.8920304690139
 30
0.0
 40
2.0
100
AcDbArc
 50
-90.00000000000001
 51
-1.4033418597069752e-14
  0
LINE
  5
4B9
330
70
100
AcDbEntity
  8
Visible (ISO)
100
AcDbLine
 10
-47.70121161609912
 20
108.8920304690139
 30
0.0
 11
-47.70121161609912
 21
113.8920304690139
 31
0.0
  0
LINE
  5
4BA
330
70
100
AcDbEntity
  8
Visible (ISO)
100
AcDbLine
 10
-47.70121161609912
 20
113.8920304690139
 30
0.0
 11
-48.45121161609912
 21
113.8920304690139
 31
0.0
  0
LINE
  5
4BB
330
70
100
AcDbEntity
  8
Visible (ISO)
100
AcDbLine
 10
-48.45121161609912
 20
113.8920304690139
 30
0.0
 11
-48.45121161609912
 21
111.8920304690139
 31
0.0
  0
LINE
  5
4BC
330
70
100
AcDbEntity
  8
Visible (ISO)
100
AcDbLine
 10
-48.45121161609912
 20
111.8920304690139
 30
0.0
 11
-49.201211616099116
 21
111.8920304690139
 31
0.0
  0
LINE
  5
4BD
330
70
100
AcDbEntity
  8
Visible (ISO)
100
AcDbLine
 10
-49.201211616099116
 20
111.8920304690139
 30
0.0
 11
-49.201211616099116
 21
108.8920304690139
 31
0.0
  0
ARC
  5
4BE
330
70
100
AcDbEntity
  8
Visible (ISO)
100
AcDbCircle
 10
-49.70121161609912
 20
108.8920304690139
 30
0.0
 40
0.5
100
AcDbArc
 50
-90.00000000000001
 51
-1.4033418597069752e-14
  0
LINE
  5
4BF
330
70
100
AcDbEntity
  8
Visible (ISO)
100
AcDbLine
 10
-49.70121161609912
 20
108.3920304690139
 30
0.0
 11
-51.50121161609912
 21
108.3920304690139
 31
0.0
  0
LINE
  5
4C0
330
70
100
AcDbEntity
  8
Visible (ISO)
100
AcDbLine
 10
-51.50121161609912
 20
108.3920304690139
 30
0.0
 11
-51.50121161609912
 21
111.7920304690139
 31
0.0
  0
LINE
  5
4C1
330
70
100
AcDbEntity
  8
Visible (ISO)
100
AcDbLine
 10
-51.50121161609912
 20
111.7920304690139
 30
0.0
 11
-52.50121161609912
 21
111.7920304690139
 31
0.0
  0
LINE
  5
4C2
330
70
100
AcDbEntity
  8
Visible (ISO)
100
AcDbLine
 10
-77.70121161609913
 20
110.3920304690139
 30
0.0
 11
-65.70121161609913
 21
110.3920304690139
 31
0.0
  0
LINE
  5
4C3
330
70
100
AcDbEntity
  8
Visible (ISO)
100
AcDbLine
 10
-64.70121161609913
 20
110.3920304690139
 30
0.0
 11
-61.701211616099116
 21
110.3920304690139
 31
0.0
  0
LINE
  5
4C4
330
70
100
AcDbEntity
  8
Visible (ISO)
100
AcDbLine
 10
-81.70121161609912
 20
110.3920304690139
 30
0.0
 11
-78.70121161609913
 21
110.3920304690139
 31
0.0
  0
LINE
  5
4C5
330
70
100
AcDbEntity
  8
Visible (ISO)
100
AcDbLine
 10
-52.50121161609912
 20
111.7920304690139
 30
0.0
 11
-54.901211616099125
 21
111.7920304690139
 31
0.0
  0
LINE
  5
4C6
330
70
100
AcDbEntity
  8
Visible (ISO)
100
AcDbLine
 10
-93.85491590995451
 20
111.8920304690139
 30
0.0
 11
-94.20121161609912
 21
111.8920304690139
 31
0.0
  0
LINE
  5
4C7
330
70
100
AcDbEntity
  8
Visible (ISO)
100
AcDbLine
 10
-93.85491590995451
 20
111.8920304690139
 30
0.0
 11
-93.8010476889987
 21
111.8920304690139
 31
0.0
  0
LINE
  5
4C8
330
70
100
AcDbEntity
  8
Visible (ISO)
100
AcDbLine
 10
-74.51371161609914
 20
111.8920304690139
 30
0.0
 11
-87.04629814312129
 21
111.8920304690139
 31
0.0
  0
LINE
  5
4C9
330
70
100
AcDbEntity
  8
Visible (ISO)
100
AcDbLine
 10
-49.201211616099116
 20
111.8920304690139
 30
0.0
 11
-74.51371161609914
 21
111.8920304690139
 31
0.0
  0
SPLINE
  5
4CA
330
70
100
AcDbEntity
  8
Visible (ISO)
100
AcDbSpline
 70
8
 71
3
 72
8
 73
4
 74
0
 42
1e-09
 40
1.576254171136012
 40
1.576254171136012
 40
1.576254171136012
 40
1.576254171136012
 40
1.612184535053898
 40
1.612184535053898
 40
1.612184535053898
 40
1.612184535053898
 10
-88.54670124580961
 20
110.7034731587295
 30
0.0
 10
-88.66565798132588
 20
110.7384640769665
 30
0.0
 10
-88.78852754660485
 20
110.7695075236906
 30
0.0
 10
-88.91298950032424
 20
110.7954534497706
 30
0.0
  0
LINE
  5
4CB
330
70
100
AcDbEntity
  8
Visible (ISO)
100
AcDbLine
 10
-88.54664751044339
 20
113.8920304690139
 30
0.0
 11
-88.91298056522623
 21
113.8920304690139
 31
0.0
  0
LINE
  5
4CC
330
70
100
AcDbEntity
  8
Visible (ISO)
100
AcDbLine
 10
-94.5510476889987
 20
113.8920304690139
 30
0.0
 11
-94.59337271974971
 21
113.8920304690139
 31
0.0
  0
LINE
  5
4CD
330
70
100
AcDbEntity
  8
Visible (ISO)
100
AcDbLine
 10
-94.95121161609914
 20
113.8920304690139
 30
0.0
 11
-94.59337271974968
 21
113.8920304690139
 31
0.0
  0
LINE
  5
4CE
330
70
100
AcDbEntity
  8
Visible (ISO)
100
AcDbLine
 10
-74.60746161609913
 20
113.8920304690139
 30
0.0
 11
-48.4512116160991
 21
113.8920304690139
 31
0.0
  0
LINE
  5
4CF
330
70
100
AcDbEntity
  8
Visible (ISO)
100
AcDbLine
 10
-87.04629814312128
 20
113.8920304690139
 30
0.0
 11
-74.60746161609913
 21
113.8920304690139
 31
0.0
  0
LINE
  5
4D0
330
70
100
AcDbEntity
  8
Visible (ISO)
100
AcDbLine
 10
-102.8183023645357
 20
113.8920304690139
 30
0.0
 11
-103.3677580143217
 21
113.8920304690139
 31
0.0
  0
LINE
  5
4D1
330
70
100
AcDbEntity
  8
Visible (ISO)
100
AcDbLine
 10
-102.8183023645358
 20
113.8920304690139
 30
0.0
 11
-95.70121161609913
 21
113.8920304690139
 31
0.0
  0
SPLINE
  5
4D2
330
70
100
AcDbEntity
  8
Visible (ISO)
100
AcDbSpline
 70
8
 71
3
 72
12
 73
8
 74
0
 42
1e-09
 40
1.170845051948822
 40
1.170845051948822
 40
1.170845051948822
 40
1.170845051948822
 40
1.172864803452281
 40
1.172864803452281
 40
1.302966513535439
 40
1.302966513535439
 40
1.4061009132329
 40
1.4061009132329
 40
1.4061009132329
 40
1.4061009132329
 10
-92.14950979807494
 20
108.7045304690139
 30
0.0
 10
-92.15201592677764
 20
108.7107895159022
 30
0.0
 10
-92.15453318944724
 20
108.7170243074124
 30
0.0
 10
-92.31989034837376
 20
109.1232484043417
 30
0.0
 10
-92.60358997366615
 20
109.5541097867659
 30
0.0
 10
-93.14080262515643
 20
110.1009163006217
 30
0.0
 10
-93.4546065727895
 20
110.3312983132375
 30
0.0
 10
-93.76906409916101
 20
110.4995874531334
 30
0.0
  0
SPLINE
  5
4D3
330
70
100
AcDbEntity
  8
Visible (ISO)
100
AcDbSpline
 70
8
 71
3
 72
14
 73
10
 74
0
 42
1e-09
 40
-0.074742604818605
 40
-0.074742604818605
 40
-0.074742604818605
 40
-0.074742604818605
 40
-0.0557671909039718
 40
-0.0557671909039718
 40
-0.0369786788404077
 40
-0.0369786788404077
 40
-0.0184038090314112
 40
-0.0184038090314112
 40
-0.0181232021868596
 40
-0.0181232021868596
 40
-0.0181232021868596
 40
-0.0181232021868596
 10
-91.69053846134865
 20
108.3920304690139
 30
0.0
 10
-91.7520215235977
 20
108.3920304690139
 30
0.0
 10
-91.82442191579636
 20
108.4066382821428
 30
0.0
 10
-91.9376451803523
 20
108.4543687268957
 30
0.0
 10
-91.99864426543596
 20
108.4957224614085
 30
0.0
 10
-92.0847199244753
 20
108.5833011619763
 30
0.0
 10
-92.12522217551052
 20
108.6448175191368
 30
0.0
 10
-92.14881203480925
 20
108.7027948462161
 30
0.0
 10
-92.14916166873878
 20
108.703661017323
 30
0.0
 10
-92.14950979807494
 20
108.7045304690139
 30
0.0
  0
LINE
  5
4D4
330
70
100
AcDbEntity
  8
Visible (ISO)
100
AcDbLine
 10
-89.44128691110538
 20
113.8920304690139
 30
0.0
 11
-89.44128691110537
 21
108.3920304690139
 31
0.0
  0
LINE
  5
4D5
330
70
100
AcDbEntity
  8
Visible (ISO)
100
AcDbLine
 10
-94.5510476889987
 20
113.8920304690139
 30
0.0
 11
-89.44128691110538
 21
113.8920304690139
 31
0.0
  0
LINE
  5
4D6
330
70
100
AcDbEntity
  8
Visible (ISO)
100
AcDbLine
 10
-88.91298056522623
 20
113.8920304690139
 30
0.0
 11
-88.91298056522623
 21
108.3920304690139
 31
0.0
  0
LINE
  5
4D7
330
70
100
AcDbEntity
  8
Visible (ISO)
100
AcDbLine
 10
-89.44128691110538
 20
113.8920304690139
 30
0.0
 11
-88.91298056522623
 21
113.8920304690139
 31
0.0
  0
SPLINE
  5
4D8
330
70
100
AcDbEntity
  8
Visible (ISO)
100
AcDbSpline
 70
8
 71
3
 72
10
 73
6
 74
0
 42
1e-09
 40
0.8782481895699927
 40
0.8782481895699927
 40
0.8782481895699927
 40
0.8782481895699927
 40
1.075757105913753
 40
1.075757105913753
 40
1.117218550785383
 40
1.117218550785383
 40
1.117218550785383
 40
1.117218550785383
 10
-87.04629814312129
 20
110.491350709642
 30
0.0
 10
-87.19752079247587
 20
110.2887648012798
 30
0.0
 10
-87.3643552183237
 20
109.9667363555094
 30
0.0
 10
-87.51969672231616
 20
109.5230826725632
 30
0.0
 10
-87.54737163780337
 20
109.4380481263727
 30
0.0
 10
-87.57460448900008
 20
109.3459230367779
 30
0.0
  0
SPLINE
  5
4D9
330
70
100
AcDbEntity
  8
Visible (ISO)
100
AcDbSpline
 70
8
 71
3
 72
10
 73
6
 74
0
 42
1e-09
 40
1.309564958351542
 40
1.309564958351542
 40
1.309564958351542
 40
1.309564958351542
 40
1.367750907212716
 40
1.367750907212716
 40
1.436232030244035
 40
1.436232030244035
 40
1.436232030244035
 40
1.436232030244035
 10
-87.57460448900008
 20
109.3459230367779
 30
0.0
 10
-87.70239055731028
 20
109.5110532581184
 30
0.0
 10
-87.84374281332165
 20
109.6626632670897
 30
0.0
 10
-88.14846765825934
 20
109.9455013127672
 30
0.0
 10
-88.34099545421051
 20
110.0956666585894
 30
0.0
 10
-88.54664751044339
 20
110.2269533404538
 30
0.0
  0
LINE
  5
4DA
330
70
100
AcDbEntity
  8
Visible (ISO)
100
AcDbLine
 10
-87.04629814312129
 20
113.8920304690139
 30
0.0
 11
-87.04629814312129
 21
110.491350709642
 31
0.0
  0
LINE
  5
4DB
330
70
100
AcDbEntity
  8
Visible (ISO)
100
AcDbLine
 10
-87.57460448900008
 20
113.8920304690139
 30
0.0
 11
-87.04629814312129
 21
113.8920304690139
 31
0.0
  0
LINE
  5
4DC
330
70
100
AcDbEntity
  8
Visible (ISO)
100
AcDbLine
 10
-87.57460448900008
 20
113.8920304690139
 30
0.0
 11
-87.57460448900008
 21
109.3459230367779
 31
0.0
  0
LINE
  5
4DD
330
70
100
AcDbEntity
  8
Visible (ISO)
100
AcDbLine
 10
-88.54664751044339
 20
113.8920304690139
 30
0.0
 11
-87.57460448900008
 21
113.8920304690139
 31
0.0
  0
LINE
  5
4DE
330
70
100
AcDbEntity
  8
Visible (ISO)
100
AcDbLine
 10
-88.54664751044339
 20
113.8920304690139
 30
0.0
 11
-88.54664751044339
 21
110.2269533404538
 31
0.0
  0
LINE
  5
4DF
330
70
100
AcDbEntity
  8
Visible (ISO)
100
AcDbLine
 10
-101.1846061310597
 20
109.3920304690139
 30
0.0
 11
-95.70162764126269
 21
109.3920304690139
 31
0.0
  0
LINE
  5
4E0
330
70
100
AcDbEntity
  8
Visible (ISO)
100
AcDbLine
 10
-101.1846061310597
 20
109.3920304690139
 30
0.0
 11
-101.3677580143217
 21
109.3920304690139
 31
0.0
  0
LINE
  5
4E1
330
70
100
AcDbEntity
  8
Visible (ISO)
100
AcDbLine
 10
-94.5510476889987
 20
113.8920304690139
 30
0.0
 11
-94.5510476889987
 21
111.8920304690139
 31
0.0
  0
LINE
  5
4E2
330
70
100
AcDbEntity
  8
Visible (ISO)
100
AcDbLine
 10
-93.8010476889987
 20
111.8920304690139
 30
0.0
 11
-93.8010476889987
 21
111.3920304690139
 31
0.0
  0
ARC
  5
4E3
330
70
100
AcDbEntity
  8
Visible (ISO)
100
AcDbCircle
 10
-101.3677580143217
 20
111.3920304690139
 30
0.0
 40
2.0
100
AcDbArc
 50
180.0
 51
-90.00000000000001
  0
SPLINE
  5
4E4
330
70
100
AcDbEntity
  8
Visible (ISO)
100
AcDbSpline
 70
8
 71
3
 72
8
 73
4
 74
0
 42
1e-09
 40
3.053664886001339
 40
3.053664886001339
 40
3.053664886001339
 40
3.053664886001339
 40
3.053733576994642
 40
3.053733576994642
 40
3.053733576994642
 40
3.053733576994642
 10
-95.7016276412488
 20
109.3920304690139
 30
0.0
 10
-95.70148895299498
 20
109.3920304690139
 30
0.0
 10
-95.7013502779403
 20
109.3920304447541
 30
0.0
 10
-95.70121161609912
 20
109.3920303962518
 30
0.0
  0
SPLINE
  5
4E5
330
70
100
AcDbEntity
  8
Visible (ISO)
100
AcDbSpline
 70
8
 71
3
 72
16
 73
12
 74
0
 42
1e-09
 40
0.4320893573892917
 40
0.4320893573892917
 40
0.4320893573892917
 40
0.4320893573892917
 40
0.4892332062433998
 40
0.4892332062433998
 40
0.546377055097508
 40
0.546377055097508
 40
0.6035209039516162
 40
0.6035209039516162
 40
0.6606647528057243
 40
0.6606647528057243
 40
0.7178086016598324
 40
0.7178086016598324
 40
0.7178086016598324
 40
0.7178086016598324
 10
-93.65724150389752
 20
109.7007751696568
 30
0.0
 10
-93.66910203558777
 20
109.7507148249668
 30
0.0
 10
-93.68288505680887
 20
109.8168600047888
 30
0.0
 10
-93.71051678761305
 20
109.9779585821424
 30
0.0
 10
-93.72438921411394
 20
110.0729413473385
 30
0.0
 10
-93.74980211713773
 20
110.2876371120689
 30
0.0
 10
-93.76135436673346
 20
110.4073965066362
 30
0.0
 10
-93.78051351964638
 20
110.6659268019111
 30
0.0
 10
-93.78812090847251
 20
110.8046818480622
 30
0.0
 10
-93.79838992491842
 20
111.092973301724
 30
0.0
 10
-93.8010476889987
 20
111.2425352946023
 30
0.0
 10
-93.8010476889987
 20
111.3920304690139
 30
0.0
  0
LINE
  5
4E6
330
70
100
AcDbEntity
  8
Visible (ISO)
100
AcDbLine
 10
-103.3677580143217
 20
111.3920304690139
 30
0.0
 11
-103.3677580143217
 21
113.8920304690139
 31
0.0
  0
MTEXT
  5
4E7
330
70
100
AcDbEntity
  8
Symbol (ISO)
100
AcDbMText
 10
-116.1650802786187
 20
101.10010313599952
 30
0.0
 40
2.62499988079071
 41
0.0
 46
0.0
 71
7
  1
A-A ( 2 : 1 ) 
  7
Label Text (ISO)
 11
6.123233995736766e-17
 21
1.0
 31
0.0
  0
HATCH
  5
510
330
70
100
AcDbEntity
  8
Hatch (ISO)
100
AcDbHatch
 10
0.0
 20
0.0
 30
0.0
210
0.0
220
0.0
230
1.0
  2
ANSI31
 70
0
 71
0
 91
1
 92
1
 93
40
 72
1
 10
-52.50121161609912
 20
111.7920304690139
 11
-52.50121161609912
 21
108.3920304690139
 72
1
 10
-52.50121161609912
 20
108.3920304690139
 11
-54.901211616099125
 21
108.3920304690139
 72
1
 10
-54.901211616099125
 20
108.3920304690139
 11
-54.901211616099125
 21
111.7920304690139
 72
1
 10
-54.901211616099125
 20
111.7920304690139
 11
-55.901211616099125
 21
111.7920304690139
 72
1
 10
-55.901211616099125
 20
111.7920304690139
 11
-55.901211616099125
 21
108.3920304690139
 72
1
 10
-55.901211616099125
 20
108.3920304690139
 11
-60.70121161609912
 21
108.3920304690139
 72
1
 10
-60.701211616099116
 20
108.3920304690139
 11
-60.701211616099116
 21
110.3920304690139
 72
1
 10
-60.701211616099116
 20
110.3920304690139
 11
-61.701211616099116
 21
110.3920304690139
 72
1
 10
-61.701211616099116
 20
110.3920304690139
 11
-61.701211616099116
 21
108.3920304690139
 72
1
 10
-61.701211616099116
 20
108.3920304690139
 11
-64.70121161609913
 21
108.3920304690139
 72
1
 10
-64.70121161609913
 20
108.3920304690139
 11
-64.70121161609913
 21
110.3920304690139
 72
1
 10
-64.70121161609913
 20
110.3920304690139
 11
-65.70121161609913
 21
110.3920304690139
 72
1
 10
-65.70121161609913
 20
110.3920304690139
 11
-65.70121161609913
 21
108.3920304690139
 72
1
 10
-65.70121161609913
 20
108.3920304690139
 11
-77.70121161609913
 21
108.3920304690139
 72
1
 10
-77.70121161609913
 20
108.3920304690139
 11
-77.70121161609913
 21
110.3920304690139
 72
1
 10
-77.70121161609913
 20
110.3920304690139
 11
-78.70121161609913
 21
110.3920304690139
 72
1
 10
-78.70121161609913
 20
110.3920304690139
 11
-78.70121161609913
 21
108.3920304690139
 72
1
 10
-78.70121161609913
 20
108.3920304690139
 11
-81.70121161609912
 21
108.3920304690139
 72
1
 10
-81.70121161609912
 20
108.3920304690139
 11
-81.70121161609912
 21
110.3920304690139
 72
1
 10
-81.70121161609912
 20
110.3920304690139
 11
-82.70121161609912
 21
110.3920304690139
 72
1
 10
-82.70121161609912
 20
110.3920304690139
 11
-82.70121161609912
 21
108.3920304690139
 72
1
 10
-82.70121161609912
 20
108.3920304690139
 11
-93.70121161609914
 21
108.3920304690139
 72
3
 10
-93.70121161609914
 20
108.8920304690139
 11
-0.4999999999999991
 21
3.0616169978683775e-17
 40
1.0
 50
270.0
 51
360.0
 73
0
 72
1
 10
-94.20121161609912
 20
108.8920304690139
 11
-94.20121161609912
 21
111.8920304690139
 72
1
 10
-94.20121161609912
 20
111.8920304690139
 11
-94.95121161609914
 21
111.8920304690139
 72
1
 10
-94.95121161609914
 20
111.8920304690139
 11
-94.95121161609914
 21
113.8920304690139
 72
1
 10
-94.95121161609914
 20
113.8920304690139
 11
-95.70121161609913
 21
113.8920304690139
 72
1
 10
-95.70121161609912
 20
113.8920304690139
 11
-95.70121161609913
 21
108.8920304690139
 72
3
 10
-93.70121161609914
 20
108.8920304690139
 11
1.5775353200852643e-15
 21
-2.000000000000006
 40
1.0
 50
270.0
 51
359.9999999999999
 73
1
 72
1
 10
-93.70121161609914
 20
106.8920304690139
 11
-49.70121161609912
 21
106.8920304690139
 72
3
 10
-49.70121161609912
 20
108.8920304690139
 11
2.000000000000002
 21
-1.2246467991473547e-16
 40
1.0
 50
270.0
 51
360.0
 73
1
 72
1
 10
-47.70121161609912
 20
108.8920304690139
 11
-47.70121161609912
 21
113.8920304690139
 72
1
 10
-47.70121161609912
 20
113.8920304690139
 11
-48.45121161609912
 21
113.8920304690139
 72
1
 10
-48.45121161609912
 20
113.8920304690139
 11
-48.45121161609912
 21
111.8920304690139
 72
1
 10
-48.45121161609912
 20
111.8920304690139
 11
-49.201211616099116
 21
111.8920304690139
 72
1
 10
-49.201211616099116
 20
111.8920304690139
 11
-49.201211616099116
 21
108.8920304690139
 72
3
 10
-49.70121161609912
 20
108.8920304690139
 11
2.4693838300213162e-15
 21
-0.4999999999999983
 40
1.0
 50
270.0
 51
360.0
 73
0
 72
1
 10
-49.70121161609912
 20
108.3920304690139
 11
-51.50121161609912
 21
108.3920304690139
 72
1
 10
-51.50121161609912
 20
108.3920304690139
 11
-51.50121161609912
 21
111.7920304690139
 72
1
 10
-51.50121161609912
 20
111.7920304690139
 11
-52.50121161609912
 21
111.7920304690139
 97
0
 75
0
 76
1
 52
90.0
 41
12.7
 77
0
 78
1
 53
135.0
 43
0.0
 44
0.0
 45
-14.2561565922
 46
-14.2561565922
 79
0
 98
1
 10
110.3920304690139
 20
75.53448481521042
  0
DIMENSION
  5
511
330
70
100
AcDbEntity
  8
Dimension (ISO)
100
AcDbDimension
280
0
  2
*D11
  3
Default (ISO)
 10
-37.360592818392554
 20
106.8920304690139
 30
0.0
 11
-37.360592818392554
 21
101.7815140294229
 31
0.0
 70
160
 71
5
 42
3.5
 73
0
 74
0
 75
0
  1
<>
100
AcDbAlignedDimension
 13
-61.701211616099116
 23
110.3920304690139
 33
0.0
 14
-49.70121161609912
 24
106.8920304690139
 34
0.0
 50
0.0
100
AcDbRotatedDimension
1001
ACAD
1000
DSTYLE
1002
{
1070
172
1070
1
1070
289
1070
1
1070
74
1070
0
1070
271
1070
2
1070
147
1040
0.762
1070
72
1070
0
1070
71
1070
0
1070
272
1070
2
1070
48
1040
0.0
1070
47
1040
0.0
1002
}
  0
DIMENSION
  5
60E
330
70
100
AcDbEntity
  8
Dimension (ISO)
100
AcDbDimension
280
0
  2
*D12
  3
Default (ISO)
 10
-31.360592818392554
 20
106.8920304690139
 30
0.0
 11
-31.360592818392554
 21
102.9980183949852
 31
0.0
 70
160
 71
5
 42
4.900000000000005
 73
0
 74
0
 75
0
  1
<>
100
AcDbAlignedDimension
 13
-52.50121161609912
 23
111.7920304690139
 33
0.0
 14
-49.70121161609912
 24
106.8920304690139
 34
0.0
 50
-90.00000000000001
100
AcDbRotatedDimension
1001
ACAD
1000
DSTYLE
1002
{
1070
172
1070
0
1070
289
1070
2
1070
74
1070
0
1070
271
1070
2
1070
147
1040
0.762
1070
72
1070
0
1070
71
1070
0
1070
272
1070
2
1070
48
1040
0.0
1070
47
1040
0.0
1002
}
  0
DIMENSION
  5
709
330
70
100
AcDbEntity
  8
Dimension (ISO)
100
AcDbDimension
280
0
  2
*D13
  3
Default (ISO)
 10
-71.70121161609916
 20
77.79053863901645
 30
0.0
 11
-62.69621161609911
 21
77.79053863901645
 31
0.0
 70
160
 71
5
 42
17.99999999999999
 73
0
 74
0
 75
0
  1
<>
100
AcDbAlignedDimension
 13
-53.70121161609913
 23
47.6384681474136
 33
0.0
 14
-71.70121161609912
 24
47.638468147413604
 34
0.0
 50
180.0
100
AcDbRotatedDimension
1001
ACAD
1000
DSTYLE
1002
{
1070
172
1070
0
1070
289
1070
1
1070
74
1070
0
1070
271
1070
2
1070
147
1040
0.762
1070
72
1070
0
1070
71
1070
0
1070
272
1070
2
1070
48
1040
0.0
1070
47
1040
0.0
1002
}
  0
DIMENSION
  5
7F6
330
70
100
AcDbEntity
  8
Dimension (ISO)
100
AcDbDimension
280
0
  2
*D14
  3
Default (ISO)
 10
-71.70121161609912
 20
47.638468147413626
 30
0.0
 11
-56.15359761203018
 21
16.709853573488015
 31
0.0
 70
164
 71
5
 42
11.0
 73
0
 74
0
 75
0
  1
<>
100
AcDbRadialDimension
 15
-65.94361323134447
 25
38.265631818965836
 35
0.0
 40
0.0
1001
ACAD
1000
DSTYLE
1002
{
1070
144
1040
1.0
1070
172
1070
0
1070
73
1070
1
1070
271
1070
2
1070
141
1040
0.0
1070
147
1040
0.762
1070
72
1070
0
1070
71
1070
0
1070
272
1070
2
1070
48
1040
0.0
1070
47
1040
0.0
1002
}
1001
ACAD_DSTYLE_DIMRADIAL_EXTENSION
1070
387
1070
1
1070
388
1040
0.0
1070
390
1040
0.0
  0
DIMENSION
  5
899
330
70
100
AcDbEntity
  8
Dimension (ISO)
100
AcDbDimension
280
0
  2
*D15
  3
Default (ISO)
 10
-71.70121161609912
 20
47.63846814741359
 30
0.0
 11
-61.33761000985407
 21
15.718129428126144
 31
0.0
 70
164
 71
5
 42
9.999999999999991
 73
0
 74
0
 75
0
  1
<>
100
AcDbRadialDimension
 15
-68.0352660822464
 25
38.33466014515856
 35
0.0
 40
0.0
1001
ACAD
1000
DSTYLE
1002
{
1070
144
1040
1.000000000000002
1070
172
1070
0
1070
73
1070
1
1070
271
1070
2
1070
141
1040
0.0
1070
147
1040
0.762
1070
72
1070
0
1070
71
1070
0
1070
272
1070
2
1070
48
1040
0.0
1070
47
1040
0.0
1002
}
1001
ACAD_DSTYLE_DIMRADIAL_EXTENSION
1070
387
1070
1
1070
388
1040
0.0
1070
390
1040
0.0
  0
DIMENSION
  5
93C
330
70
100
AcDbEntity
  8
Dimension (ISO)
100
AcDbDimension
280
0
  2
*D16
  3
Default (ISO)
 10
-68.28728258108774
 20
53.749530947279624
 30
0.0
 11
-86.6716534723024
 21
14.988350288355166
 31
0.0
 70
163
 71
5
 42
14.0
 73
0
 74
0
 75
0
  1
<>
100
AcDbDiametricDimension
 15
-75.11514065111052
 25
41.527405347547585
 35
0.0
 40
0.0
1001
ACAD
1000
DSTYLE
1002
{
1070
144
1040
0.9999999999999984
1070
172
1070
0
1070
73
1070
1
1070
271
1070
2
1070
147
1040
0.762
1070
72
1070
0
1070
71
1070
0
1070
272
1070
2
1070
48
1040
0.0
1070
47
1040
0.0
1002
}
1001
ACAD_DSTYLE_DIMRADIAL_EXTENSION
1070
387
1070
1
1070
388
1040
0.0
1070
390
1040
0.0
  0
DIMENSION
  5
9FE
330
70
100
AcDbEntity
  8
Dimension (ISO)
100
AcDbDimension
280
0
  2
*D17
  3
Default (ISO)
 10
-67.92599991350316
 20
52.301919294427215
 30
0.0
 11
-93.61372224851871
 21
14.717880066892825
 31
0.0
 70
163
 71
5
 42
12.0
 73
0
 74
0
 75
0
  1
<>
100
AcDbDiametricDimension
 15
-75.47642331869507
 25
42.97501700039998
 35
0.0
 40
0.0
1001
ACAD
1000
DSTYLE
1002
{
1070
144
1040
0.9999999999999989
1070
172
1070
0
1070
73
1070
1
1070
271
1070
2
1070
147
1040
0.762
1070
72
1070
0
1070
71
1070
0
1070
272
1070
2
1070
48
1040
0.0
1070
47
1040
0.0
1002
}
1001
ACAD_DSTYLE_DIMRADIAL_EXTENSION
1070
387
1070
1
1070
388
1040
0.0
1070
390
1040
0.0
  0
DIMENSION
  5
AC0
330
70
100
AcDbEntity
  8
Dimension (ISO)
100
AcDbDimension
280
0
  2
*D18
  3
Default (ISO)
 10
-54.47952749419521
 20
46.72510929465991
 30
0.0
 11
-43.648741472723245
 21
64.72115793018727
 31
0.0
 70
163
 71
5
 42
2.399999999999985
 73
0
 74
0
 75
0
  1
\fTahoma|b0|i0;2X <> 
100
AcDbDiametricDimension
 15
-52.92289573800303
 25
48.55182700016727
 35
0.0
 40
0.0
1001
ACAD
1000
DSTYLE
1002
{
1070
144
1040
0.9999999999999946
1070
73
1070
1
1070
289
1070
2
1070
271
1070
2
1070
147
1040
0.762
1070
72
1070
0
1070
71
1070
0
1070
272
1070
2
1070
48
1040
0.0
1070
47
1040
0.0
1002
}
1001
ACAD_DSTYLE_DIMRADIAL_EXTENSION
1070
387
1070
1
1070
388
1040
0.0
1070
390
1040
0.0
  0
DIMENSION
  5
B84
330
70
100
AcDbEntity
  8
Dimension (ISO)
100
AcDbDimension
280
0
  2
*D19
  3
Default (ISO)
 10
-100.3677580143216
 20
30.08410302636315
 30
0.0
 11
-109.4988252933097
 21
14.891738578506407
 31
0.0
 70
164
 71
5
 42
3.0
 73
0
 74
0
 75
0
  1
\fTahoma|b0|i0;2x <>
100
AcDbRadialDimension
 15
-102.5513499607327
 25
28.026938421483678
 35
0.0
 40
0.0
1001
ACAD
1000
DSTYLE
1002
{
1070
144
1040
1.0
1070
172
1070
0
1070
73
1070
1
1070
271
1070
2
1070
141
1040
0.0
1070
147
1040
0.762
1070
72
1070
0
1070
71
1070
0
1070
272
1070
2
1070
48
1040
0.0
1070
47
1040
0.0
1002
}
1001
ACAD_DSTYLE_DIMRADIAL_EXTENSION
1070
387
1070
1
1070
388
1040
0.0
1070
390
1040
0.0
  0
DIMENSION
  5
C27
330
70
100
AcDbEntity
  8
Dimension (ISO)
100
AcDbDimension
280
0
  2
*D20
  3
Default (ISO)
 10
-100.3677580143217
 20
30.084103026363167
 30
0.0
 11
-103.588034322964
 21
14.611552758811508
 31
0.0
 70
164
 71
5
 42
2.250000000000003
 73
0
 74
0
 75
0
  1
\fTahoma|b0|i0;2x <>
100
AcDbRadialDimension
 15
-101.1346286358088
 25
27.96882303309985
 35
0.0
 40
0.0
1001
ACAD
1000
DSTYLE
1002
{
1070
144
1040
0.9999999999999982
1070
172
1070
0
1070
73
1070
1
1070
271
1070
2
1070
141
1040
0.0
1070
147
1040
0.762
1070
72
1070
0
1070
71
1070
0
1070
272
1070
2
1070
48
1040
0.0
1070
47
1040
0.0
1002
}
1001
ACAD_DSTYLE_DIMRADIAL_EXTENSION
1070
387
1070
1
1070
388
1040
0.0
1070
390
1040
0.0
  0
DIMENSION
  5
CCA
330
70
100
AcDbEntity
  8
Dimension (ISO)
100
AcDbDimension
280
0
  2
*D21
  3
Default (ISO)
 10
-100.3677580143217
 20
65.19283326846404
 30
0.0
 11
-106.5607796362273
 21
77.854822857982
 31
0.0
 70
164
 71
5
 42
1.500000000000022
 73
0
 74
0
 75
0
  1
\fTahoma|b0|i0;2x <>
100
AcDbRadialDimension
 15
-101.4388305447916
 25
66.24297784635449
 35
0.0
 40
0.0
1001
ACAD
1000
DSTYLE
1002
{
1070
144
1040
1.000000000000005
1070
172
1070
0
1070
73
1070
1
1070
271
1070
2
1070
141
1040
0.0
1070
147
1040
0.762
1070
72
1070
0
1070
71
1070
0
1070
272
1070
2
1070
48
1040
0.0
1070
47
1040
0.0
1002
}
1001
ACAD_DSTYLE_DIMRADIAL_EXTENSION
1070
387
1070
1
1070
388
1040
0.0
1070
390
1040
0.0
  0
DIMENSION
  5
D6D
330
70
100
AcDbEntity
  8
Dimension (ISO)
100
AcDbDimension
280
0
  2
*D22
  3
Default (ISO)
 10
-55.3690978764505
 20
46.20384087089504
 30
0.0
 11
-39.66502092755371
 21
64.89486655411275
 31
0.0
 70
163
 71
5
 42
4.399999999999995
 73
0
 74
0
 75
0
  1
\fTahoma|b0|i0;2x <>
100
AcDbDiametricDimension
 15
-52.0333253557477
 25
49.07309542393212
 35
0.0
 40
0.0
1001
ACAD
1000
DSTYLE
1002
{
1070
144
1040
1.000000000000001
1070
73
1070
1
1070
289
1070
2
1070
271
1070
2
1070
147
1040
0.762
1070
72
1070
0
1070
71
1070
0
1070
272
1070
2
1070
48
1040
0.0
1070
47
1040
0.0
1002
}
1001
ACAD_DSTYLE_DIMRADIAL_EXTENSION
1070
387
1070
1
1070
388
1040
0.0
1070
390
1040
0.0
  0
DIMENSION
  5
E2F
330
70
100
AcDbEntity
  8
Dimension (ISO)
100
AcDbDimension
280
0
  2
*D23
  3
Default (ISO)
 10
-43.360592818392554
 20
108.3920304690139
 30
0.0
 11
-43.360592818392554
 21
103.2815140294229
 31
0.0
 70
160
 71
5
 42
3.400000000000005
 73
0
 74
0
 75
0
  1
<>
100
AcDbAlignedDimension
 13
-52.50121161609912
 23
111.7920304690139
 33
0.0
 14
-52.50121161609912
 24
108.3920304690139
 34
0.0
 50
-90.00000000000001
100
AcDbRotatedDimension
1001
ACAD
1000
DSTYLE
1002
{
1070
172
1070
1
1070
289
1070
1
1070
74
1070
0
1070
271
1070
2
1070
147
1040
0.762
1070
72
1070
0
1070
71
1070
0
1070
272
1070
2
1070
48
1040
0.0
1070
47
1040
0.0
1002
}
  0
DIMENSION
  5
F2C
330
70
100
AcDbEntity
  8
Dimension (ISO)
100
AcDbDimension
280
0
  2
*D24
  3
Default (ISO)
 10
-43.360592818392554
 20
111.8920304690139
 30
0.0
 11
-43.360592818392554
 21
118.9954951960916
 31
0.0
 70
160
 71
5
 42
2.0
 73
0
 74
0
 75
0
  1
<>
100
AcDbAlignedDimension
 13
-48.45121161609912
 23
113.8920304690139
 33
0.0
 14
-48.45121161609912
 24
111.8920304690139
 34
0.0
 50
-90.00000000000001
100
AcDbRotatedDimension
1001
ACAD
1000
DSTYLE
1002
{
1070
172
1070
1
1070
289
1070
1
1070
74
1070
0
1070
271
1070
2
1070
147
1040
0.762
1070
72
1070
0
1070
71
1070
0
1070
272
1070
2
1070
48
1040
0.0
1070
47
1040
0.0
1002
}
  0
LINE
  5
1035
330
70
100
AcDbEntity
  8
Hidden (ISO)
 48
3.807451248168945
100
AcDbLine
 10
-94.0364713974288
 20
146.2255643494452
 30
0.0
 11
-95.00851441887208
 21
145.9907615290546
 31
0.0
  0
LINE
  5
1036
330
70
100
AcDbEntity
  8
Hidden (ISO)
 48
3.807451248168945
100
AcDbLine
 10
-92.20873489346215
 20
153.3949033355092
 30
0.0
 11
-92.44353771385273
 21
154.3669463569525
 31
0.0
  0
LINE
  5
1037
330
70
100
AcDbEntity
  8
Hidden (ISO)
 48
29.54762077331543
100
AcDbLine
 10
-93.21195035011358
 20
144.7167300112916
 30
0.0
 11
-87.27233194748328
 21
146.151480451566
 31
0.0
  0
LINE
  5
1038
330
70
100
AcDbEntity
  8
Hidden (ISO)
 48
10.74153614044189
100
AcDbLine
 10
-90.41293684435962
 20
144.364087456409
 30
0.0
 11
-93.21195035011358
 21
144.7167300112916
 31
0.0
  0
ARC
  5
1039
330
70
100
AcDbEntity
  8
Hidden (ISO)
 48
8.27750015258789
100
AcDbCircle
 10
-94.72379053070024
 20
159.8157458771279
 30
0.0
 40
2.750000000000001
100
AcDbArc
 50
-35.22948851471463
 51
10.065341604909895
  0
ARC
  5
103A
330
70
100
AcDbEntity
  8
Hidden (ISO)
 48
26.3340129852295
100
AcDbCircle
 10
-69.12395445780066
 20
164.3597961674164
 30
0.0
 40
23.25
100
AcDbArc
 50
169.93465839509025
 51
-169.93465839509022
  0
ARC
  5
103B
330
70
100
AcDbEntity
  8
Hidden (ISO)
 48
8.27750015258789
100
AcDbCircle
 10
-94.72379053070021
 20
168.9038464577049
 30
0.0
 40
2.750000000000001
100
AcDbArc
 50
-10.065341604909973
 51
35.2294885147142
  0
LINE
  5
103C
330
70
100
AcDbEntity
  8
Hidden (ISO)
 48
23.97773933410645
100
AcDbLine
 10
-99.62840911868379
 20
180.6162424859049
 30
0.0
 11
-92.47745820967064
 21
170.4901916608363
 31
0.0
  0
ARC
  5
103D
330
70
100
AcDbEntity
  8
Hidden (ISO)
 48
22.41664886474609
100
AcDbCircle
 10
-97.79050085602323
 20
181.9141612884669
 30
0.0
 40
2.250000000000003
100
AcDbArc
 50
97.18075578145852
 51
-144.77051148528548
  0
LINE
  5
103E
330
70
100
AcDbEntity
  8
Hidden (ISO)
 48
25.38434410095215
100
AcDbLine
 10
-72.03020445780061
 20
187.4274404107609
 30
0.0
 11
-98.07175085602323
 21
184.1465139571776
 31
0.0
  0
ARC
  5
103F
330
70
100
AcDbEntity
  8
Hidden (ISO)
 48
25.42545890808106
100
AcDbCircle
 10
-69.12395445780066
 20
164.3597961674164
 30
0.0
 40
23.25000000000001
100
AcDbArc
 50
-97.18075578145822
 51
97.18075578145802
  0
LINE
  5
1040
330
70
100
AcDbEntity
  8
Hidden (ISO)
 48
25.38434410095215
100
AcDbLine
 10
-98.07175085602323
 20
144.5730783776552
 30
0.0
 11
-72.03020445780066
 21
141.292151924072
 31
0.0
  0
ARC
  5
1041
330
70
100
AcDbEntity
  8
Hidden (ISO)
 48
22.41664886474609
100
AcDbCircle
 10
-97.79050085602323
 20
146.805431046366
 30
0.0
 40
2.250000000000019
100
AcDbArc
 50
144.77051148528537
 51
-97.18075578145802
  0
LINE
  5
1042
330
70
100
AcDbEntity
  8
Hidden (ISO)
 48
23.97773933410645
100
AcDbLine
 10
-92.47745820967064
 20
158.2294006739966
 30
0.0
 11
-99.62840911868382
 21
148.103349848928
 31
0.0
  0
LINE
  5
1043
330
70
100
AcDbEntity
  8
Hidden (ISO)
 48
31.49279022216797
100
AcDbLine
 10
-95.56567381265812
 20
152.5561975744861
 30
0.0
 11
-94.0364713974288
 21
146.2255643494452
 31
0.0
  0
LINE
  5
1044
330
70
100
AcDbEntity
  8
Hidden (ISO)
 48
5.059607505798339
100
AcDbLine
 10
-96.33223117880999
 20
151.4707197200372
 30
0.0
 11
-95.56567381265812
 21
152.5561975744861
 31
0.0
  0
CIRCLE
  5
1045
330
70
100
AcDbEntity
  8
Hidden (ISO)
 48
26.0424919128418
100
AcDbCircle
 10
-69.12395445780066
 20
164.3597961674164
 30
0.0
 40
6.0
  0
CIRCLE
  5
1046
330
70
100
AcDbEntity
  8
Hidden (ISO)
 48
25.02121734619141
100
AcDbCircle
 10
-69.12395445780066
 20
164.3597961674164
 30
0.0
 40
7.0
  0
CIRCLE
  5
1047
330
70
100
AcDbEntity
  8
Hidden (ISO)
 48
26.73695945739746
100
AcDbCircle
 10
-51.12395445780067
 20
164.3597961674164
 30
0.0
 40
2.2
  0
LINE
  5
1048
330
70
100
AcDbEntity
  8
Hidden (ISO)
 48
8.810354232788084
100
AcDbLine
 10
-86.8640297528069
 20
155.7147099607692
 30
0.0
 11
-89.1132813030502
 21
155.1713897618537
 31
0.0
  0
ARC
  5
1049
330
70
100
AcDbEntity
  8
Hidden (ISO)
 48
31.28644371032715
100
AcDbCircle
 10
-86.67395445780066
 20
177.8097961674164
 30
0.0
 40
2.199999999999999
100
AcDbArc
 50
-121.7172130056442
 51
46.78541825890898
  0
LINE
  5
104A
330
70
100
AcDbEntity
  8
Hidden (ISO)
 48
4.162856101989746
100
AcDbLine
 10
-88.66404549435626
 20
154.2511443145174
 30
0.0
 11
-87.60126995385947
 21
154.5078641189354
 31
0.0
  0
LINE
  5
104B
330
70
100
AcDbEntity
  8
Hidden (ISO)
 48
4.759338855743408
100
AcDbLine
 10
-87.60126995385947
 20
154.5078641189354
 30
0.0
 11
-87.30776642837102
 21
153.2928103421312
 31
0.0
  0
LINE
  5
104C
330
70
100
AcDbEntity
  8
Hidden (ISO)
 48
3.807451248168945
100
AcDbLine
 10
-87.30776642837102
 20
153.2928103421312
 30
0.0
 11
-86.33572340692777
 21
153.527613162522
 31
0.0
  0
LINE
  5
104D
330
70
100
AcDbEntity
  8
Hidden (ISO)
 48
8.566889762878416
100
AcDbLine
 10
-86.33572340692777
 20
153.527613162522
 30
0.0
 11
-86.8640297528069
 21
155.7147099607692
 31
0.0
  0
ARC
  5
104E
330
70
100
AcDbEntity
  8
Hidden (ISO)
 48
25.28614997863769
100
AcDbCircle
 10
-69.12395445780066
 20
164.3597961674164
 30
0.0
 40
10.0
100
AcDbArc
 50
-90.7103995458358
 51
-106.15924594769562
  0
LINE
  5
104F
330
70
100
AcDbEntity
  8
Hidden (ISO)
 48
4.30481481552124
100
AcDbLine
 10
-69.2479393918275
 20
154.3605648101503
 30
0.0
 11
-69.81325220732253
 21
153.3814142915431
 31
0.0
  0
ARC
  5
1050
330
70
100
AcDbEntity
  8
Hidden (ISO)
 48
25.70859336853028
100
AcDbCircle
 10
-69.12395445780066
 20
164.3597961674164
 30
0.0
 40
11.0
100
AcDbArc
 50
-93.59270404027221
 51
-107.43914079543029
  0
LINE
  5
1051
330
70
100
AcDbEntity
  8
Hidden (ISO)
 48
3.910549879074096
100
AcDbLine
 10
-72.42057303703871
 20
153.8654021428421
 30
0.0
 11
-71.90703431704172
 21
154.7548772975307
 31
0.0
  0
LINE
  5
1052
330
70
100
AcDbEntity
  8
Hidden (ISO)
 48
3.300812721252441
100
AcDbLine
 10
-93.3399321418775
 20
155.7079425058337
 30
0.0
 11
-93.12437048297748
 21
155.1464147395941
 31
0.0
  0
ARC
  5
1053
330
70
100
AcDbEntity
  8
Hidden (ISO)
 48
28.57943916320801
100
AcDbCircle
 10
-69.12395445780066
 20
164.3597961674164
 30
0.0
 40
25.70809924354784
100
AcDbArc
 50
-154.6637770192351
 51
-134.9055413466734
  0
ARC
  5
1054
330
70
100
AcDbEntity
  8
Hidden (ISO)
 48
3.532049894332885
100
AcDbCircle
 10
-69.12395445780066
 20
164.3597961674164
 30
0.0
 40
25.70809924354784
100
AcDbArc
 50
-158.99899110141513
 51
-156.9314886149878
  0
LINE
  5
1055
330
70
100
AcDbEntity
  8
Hidden (ISO)
 48
6.378392219543457
100
AcDbLine
 10
-85.67588682665671
 20
146.5371113431002
 30
0.0
 11
-87.27233194748328
 21
146.151480451566
 31
0.0
  0
LINE
  5
1056
330
70
100
AcDbEntity
  8
Hidden (ISO)
 48
25.38434410095215
100
AcDbLine
 10
-71.93645445780069
 20
186.6833228545239
 30
0.0
 11
-97.97800085602323
 21
183.4023964009407
 31
0.0
  0
ARC
  5
1057
330
70
100
AcDbEntity
  8
Hidden (ISO)
 48
25.0455322265625
100
AcDbCircle
 10
-69.12395445780066
 20
164.3597961674164
 30
0.0
 40
22.5
100
AcDbArc
 50
-112.10883221171561
 51
112.10883221171562
  0
LINE
  5
1058
330
70
100
AcDbEntity
  8
Hidden (ISO)
 48
25.72885322570801
100
AcDbLine
 10
-90.41293684435962
 20
144.364087456409
 30
0.0
 11
-71.93645445780069
 21
142.0362694803089
 31
0.0
  0
LINE
  5
1059
330
70
100
AcDbEntity
  8
Hidden (ISO)
 48
12.3974494934082
100
AcDbLine
 10
-97.97800085602323
 20
145.3171959338921
 30
0.0
 11
-94.74749602733955
 21
144.9101905821831
 31
0.0
  0
ARC
  5
105A
330
70
100
AcDbEntity
  8
Hidden (ISO)
 48
11.76716995239257
100
AcDbCircle
 10
-97.79050085602323
 20
146.805431046366
 30
0.0
 40
1.500000000000022
100
AcDbArc
 50
144.7705114852856
 51
-97.18075578145789
  0
LINE
  5
105B
330
70
100
AcDbEntity
  8
Hidden (ISO)
 48
22.49535369873047
100
AcDbLine
 10
-96.33223117880999
 20
151.4707197200372
 30
0.0
 11
-99.01577303113028
 21
147.670710248074
 31
0.0
  0
LINE
  5
105C
330
70
100
AcDbEntity
  8
Hidden (ISO)
 48
9.736451148986816
100
AcDbLine
 10
-91.86482212211713
 20
157.7967610731425
 30
0.0
 11
-93.33993214187747
 21
155.7079425058337
 31
0.0
  0
ARC
  5
105D
330
70
100
AcDbEntity
  8
Hidden (ISO)
 48
10.53502750396728
100
AcDbCircle
 10
-94.72379053070024
 20
159.8157458771279
 30
0.0
 40
3.500000000000004
100
AcDbArc
 50
-35.22948851471447
 51
10.06534160490959
  0
ARC
  5
105E
330
70
100
AcDbEntity
  8
Hidden (ISO)
 48
24.1656494140625
100
AcDbCircle
 10
-69.12395445780066
 20
164.3597961674164
 30
0.0
 40
22.5
100
AcDbArc
 50
167.27408217924463
 51
-167.27408217924662
  0
LINE
  5
105F
330
70
100
AcDbEntity
  8
Hidden (ISO)
 48
26.83784484863281
100
AcDbLine
 10
-96.17622098764136
 20
150.8248645410097
 30
0.0
 11
-94.87304980981597
 21
145.4299615026047
 31
0.0
  0
LINE
  5
1060
330
70
100
AcDbEntity
  8
Hidden (ISO)
 48
3.49944519996643
100
AcDbLine
 10
-96.17622098764136
 20
150.8248645410097
 30
0.0
 11
-96.33223117880999
 21
151.4707197200372
 31
0.0
  0
LINE
  5
1061
330
70
100
AcDbEntity
  8
Hidden (ISO)
 48
20.2711124420166
100
AcDbLine
 10
-89.5722526397765
 20
155.0605224833851
 30
0.0
 11
-92.77635642259541
 21
154.2865520022093
 31
0.0
  0
LINE
  5
1062
330
70
100
AcDbEntity
  8
Hidden (ISO)
 48
2.284577846527099
100
AcDbLine
 10
-89.1132813030502
 20
155.1713897618537
 30
0.0
 11
-89.5722526397765
 21
155.0605224833851
 31
0.0
  0
LINE
  5
1063
330
70
100
AcDbEntity
  8
Hidden (ISO)
 48
3.095043182373046
100
AcDbLine
 10
-94.87304980981597
 20
145.4299615026047
 30
0.0
 11
-94.74749602733955
 21
144.9101905821831
 31
0.0
  0
LINE
  5
1064
330
70
100
AcDbEntity
  8
Hidden (ISO)
 48
20.38299560546875
100
AcDbLine
 10
-92.35924790932681
 20
153.3585460140215
 30
0.0
 11
-89.12765237984918
 21
154.1391572914486
 31
0.0
  0
LINE
  5
1065
330
70
100
AcDbEntity
  8
Hidden (ISO)
 48
2.299715042114257
100
AcDbLine
 10
-89.12765237984918
 20
154.1391572914486
 30
0.0
 11
-88.66404549435629
 21
154.2511443145174
 31
0.0
  0
SPLINE
  5
1066
330
70
100
AcDbEntity
  8
Hidden (ISO)
 48
2.267329454421997
100
AcDbSpline
 70
8
 71
3
 72
14
 73
10
 74
0
 42
1e-09
 40
-0.0791398974736425
 40
-0.0791398974736425
 40
-0.0791398974736425
 40
-0.0791398974736425
 40
-0.0776682239840367
 40
-0.0776682239840367
 40
-0.0582581320840776
 40
-0.0582581320840776
 40
-0.0384971697815469
 40
-0.0384971697815469
 40
-0.0193897742944875
 40
-0.0193897742944875
 40
-0.0193897742944875
 40
-0.0193897742944875
 10
-85.16754272497326
 20
179.4131438188008
 30
0.0
 10
-85.17111184425171
 20
179.4164971546493
 30
0.0
 10
-85.17469489308266
 20
179.4198411360385
 30
0.0
 10
-85.22571802418649
 20
179.467141530857
 30
0.0
 10
-85.27430763576156
 20
179.5081764178756
 30
0.0
 10
-85.36854284867634
 20
179.5816695143053
 30
0.0
 10
-85.41313835543852
 20
179.613249312656
 30
0.0
 10
-85.48807974948791
 20
179.6633508666768
 30
0.0
 10
-85.51824566761097
 20
179.6819417218189
 30
0.0
 10
-85.53908578169612
 20
179.6944905956983
 30
0.0
  0
SPLINE
  5
1067
330
70
100
AcDbEntity
  8
Hidden (ISO)
 48
2.267329931259155
100
AcDbSpline
 70
8
 71
3
 72
14
 73
10
 74
0
 42
1e-09
 40
-0.1389020758119129
 40
-0.1389020758119129
 40
-0.1389020758119129
 40
-0.1389020758119129
 40
-0.135879739524331
 40
-0.135879739524331
 40
-0.1161231133306076
 40
-0.1161231133306076
 40
-0.096744306475605
 40
-0.096744306475605
 40
-0.0791533038138158
 40
-0.0791533038138158
 40
-0.0791533038138158
 40
-0.0791533038138158
 10
-88.19881717629782
 20
176.2239860622218
 30
0.0
 10
-88.19604657504992
 20
176.2213219433989
 30
0.0
 10
-88.19306442877634
 20
176.2184683244594
 30
0.0
 10
-88.16900174665028
 20
176.1955895780462
 30
0.0
 10
-88.1394547103735
 20
176.1682360036569
 30
0.0
 10
-88.06547369342934
 20
176.1050986415163
 30
0.0
 10
-88.02187197400717
 20
176.070025665299
 30
0.0
 10
-87.92842917390969
 20
176.0016678525106
 30
0.0
 10
-87.8803488943788
 20
175.9691335090434
 30
0.0
 10
-87.830554366245
 20
175.93835911216
 30
0.0
  0
LINE
  5
1068
330
70
100
AcDbEntity
  8
Hidden (ISO)
 48
7.805402278900146
100
AcDbLine
 10
-86.41010753475761
 20
145.3309948778944
 30
0.0
 11
-84.4690409848228
 21
145.7998711420475
 31
0.0
  0
LINE
  5
1069
330
70
100
AcDbEntity
  8
Hidden (ISO)
 48
9.663597106933594
100
AcDbLine
 10
-84.46904098482281
 20
145.7998711420475
 30
0.0
 11
-84.99734733070163
 21
147.986967940295
 31
0.0
  0
LINE
  5
106A
330
70
100
AcDbEntity
  8
Hidden (ISO)
 48
5.099184989929199
100
AcDbLine
 10
-84.99734733070163
 20
147.986967940295
 30
0.0
 11
-85.96939035214494
 21
147.7521651199044
 31
0.0
  0
LINE
  5
106B
330
70
100
AcDbEntity
  8
Hidden (ISO)
 48
4.976862907409667
100
AcDbLine
 10
-85.96939035214494
 20
147.7521651199044
 30
0.0
 11
-85.67588682665671
 21
146.5371113431002
 31
0.0
  0
LINE
  5
106C
330
70
100
AcDbEntity
  8
Hidden (ISO)
 48
10.30840587615966
100
AcDbLine
 10
-89.04180190620906
 20
144.6952933223137
 30
0.0
 11
-86.41010753475761
 21
145.3309948778944
 31
0.0
  0
LINE
  5
106D
330
70
100
AcDbEntity
  8
Hidden (ISO)
 48
6.042690277099609
100
AcDbLine
 10
-89.04180190620906
 20
144.6952933223137
 30
0.0
 11
-90.41293684435959
 21
144.364087456409
 31
0.0
  0
CIRCLE
  5
106E
330
70
100
AcDbEntity
  8
Hidden (ISO)
 48
24.30632591247559
100
AcDbCircle
 10
-51.12395445780067
 20
164.3597961674164
 30
0.0
 40
1.199999999999999
  0
ARC
  5
106F
330
70
100
AcDbEntity
  8
Hidden (ISO)
 48
13.25879955291748
100
AcDbCircle
 10
-86.67395445780066
 20
177.8097961674164
 30
0.0
 40
1.199999999999998
100
AcDbArc
 50
-120.5988344282539
 51
45.667039681520116
  0
SPLINE
  5
1070
330
70
100
AcDbEntity
  8
Hidden (ISO)
 48
2.275577545166015
100
AcDbSpline
 70
8
 71
3
 72
14
 73
10
 74
0
 42
1e-09
 40
-0.1403980109335118
 40
-0.1403980109335118
 40
-0.1403980109335118
 40
-0.1403980109335118
 40
-0.132405178411896
 40
-0.132405178411896
 40
-0.1127192165224555
 40
-0.1127192165224555
 40
-0.0943122471489922
 40
-0.0943122471489922
 40
-0.0804460296894105
 40
-0.0804460296894105
 40
-0.0804460296894105
 40
-0.0804460296894105
 10
-86.22689368022644
 20
178.9234104009617
 30
0.0
 10
-86.21721245464045
 20
178.9195238699638
 30
0.0
 10
-86.20575569251197
 20
178.9147809072829
 30
0.0
 10
-86.16073989294233
 20
178.8950759846192
 30
0.0
 10
-86.11970856978941
 20
178.8754471761606
 30
0.0
 10
-86.03102887940197
 20
178.824239459664
 30
0.0
 10
-85.98460160495792
 20
178.7938095714408
 30
0.0
 10
-85.90279611123464
 20
178.7302825406659
 30
0.0
 10
-85.86825198515146
 20
178.7002779347012
 30
0.0
 10
-85.83536219748302
 20
178.6681451762324
 30
0.0
  0
SPLINE
  5
1071
330
70
100
AcDbEntity
  8
Hidden (ISO)
 48
20.41382217407226
100
AcDbSpline
 70
8
 71
3
 72
24
 73
20
 74
0
 42
1e-09
 40
-0.5491929821529511
 40
-0.5491929821529511
 40
-0.5491929821529511
 40
-0.5491929821529511
 40
-0.4863255899379144
 40
-0.4863255899379144
 40
-0.4381536132351993
 40
-0.4381536132351993
 40
-0.3778182356788834
 40
-0.3778182356788834
 40
-0.323468846462795
 40
-0.323468846462795
 40
-0.2727701951102302
 40
-0.2727701951102302
 40
-0.2206392030477678
 40
-0.2206392030477678
 40
-0.1633244151013334
 40
-0.1633244151013334
 40
-0.0935599141326612
 40
-0.0935599141326612
 40
-8.02646605374e-05
 40
-8.02646605374e-05
 40
-8.02646605374e-05
 40
-8.02646605374e-05
 10
-87.63305752845011
 20
177.0886018109003
 30
0.0
 10
-87.67342958826842
 20
177.1422918684976
 30
0.0
 10
-87.71759507939963
 20
177.2099329457674
 30
0.0
 10
-87.78945833985756
 20
177.3615239222767
 30
0.0
 10
-87.8184458935723
 20
177.4378317252667
 30
0.0
 10
-87.86675307562471
 20
177.6362341074495
 30
0.0
 10
-87.87878503414798
 20
177.7542836891669
 30
0.0
 10
-87.86619823930158
 20
177.9843850871176
 30
0.0
 10
-87.84497976239813
 20
178.0988787378912
 30
0.0
 10
-87.76565050854283
 20
178.3208130642053
 30
0.0
 10
-87.71122623598815
 20
178.4246329955001
 30
0.0
 10
-87.56943763097351
 20
178.6177978538152
 30
0.0
 10
-87.48364299121168
 20
178.7032693856202
 30
0.0
 10
-87.28493599682098
 20
178.8507049919551
 30
0.0
 10
-87.17437929234589
 20
178.9066292659353
 30
0.0
 10
-86.93108860860492
 20
178.9904045802078
 30
0.0
 10
-86.79426871282952
 20
179.0108238453871
 30
0.0
 10
-86.48970110556651
 20
179.0083246178592
 30
0.0
 10
-86.34035311792327
 20
178.968958727224
 30
0.0
 10
-86.22689368022644
 20
178.9234104009617
 30
0.0
  0
SPLINE
  5
1072
330
70
100
AcDbEntity
  8
Hidden (ISO)
 48
2.275575876235961
100
AcDbSpline
 70
8
 71
3
 72
14
 73
10
 74
0
 42
1e-09
 40
-0.0794609909435304
 40
-0.0794609909435304
 40
-0.0794609909435304
 40
-0.0794609909435304
 40
-0.0763639417107224
 40
-0.0763639417107224
 40
-0.0576757531836606
 40
-0.0576757531836606
 40
-0.0376617172767774
 40
-0.0376617172767774
 40
-0.0194440239755057
 40
-0.0194440239755057
 40
-0.0194440239755057
 40
-0.0194440239755057
 10
-87.2847831444179
 20
176.7768933086705
 30
0.0
 10
-87.29362708870681
 20
176.7821233599079
 30
0.0
 10
-87.30241876522186
 20
176.7874759096043
 30
0.0
 10
-87.36381449432913
 20
176.8259485098366
 30
0.0
 10
-87.412388016457
 20
176.8622126576361
 30
0.0
 10
-87.50128198552265
 20
176.9384766231462
 30
0.0
 10
-87.53967760815553
 20
176.97755822895
 30
0.0
 10
-87.59784609500596
 20
177.0428793911598
 30
0.0
 10
-87.61875915729182
 20
177.0695866708631
 30
0.0
 10
-87.63305752845011
 20
177.0886018109003
 30
0.0
  0
SPLINE
  5
1073
330
70
100
AcDbEntity
  8
Hidden (ISO)
 48
25.67094802856445
100
AcDbSpline
 70
8
 71
3
 72
28
 73
24
 74
0
 42
1e-09
 40
-0.9222465733530288
 40
-0.9222465733530288
 40
-0.9222465733530288
 40
-0.9222465733530288
 40
-0.849903497106357
 40
-0.849903497106357
 40
-0.7760385817905594
 40
-0.7760385817905594
 40
-0.6872620988598352
 40
-0.6872620988598352
 40
-0.6023943118544711
 40
-0.6023943118544711
 40
-0.5213791048071581
 40
-0.5213791048071581
 40
-0.4547588590198359
 40
-0.4547588590198359
 40
-0.3884791101788287
 40
-0.3884791101788287
 40
-0.3086857816043257
 40
-0.3086857816043257
 40
-0.2154447537919957
 40
-0.2154447537919957
 40
-0.117102725818788
 40
-0.117102725818788
 40
-7.98860463074e-05
 40
-7.98860463074e-05
 40
-7.98860463074e-05
 40
-7.98860463074e-05
 10
-85.53908578169612
 20
179.6944905956983
 30
0.0
 10
-85.60677860451678
 20
179.735251826306
 30
0.0
 10
-85.69166478954371
 20
179.7816318432424
 30
0.0
 10
-85.90320420402432
 20
179.8736582995857
 30
0.0
 10
-86.02939543581772
 20
179.9186718569361
 30
0.0
 10
-86.35335366960405
 20
179.9938677477792
 30
0.0
 10
-86.55412619688113
 20
180.017618589955
 30
0.0
 10
-86.98593038201493
 20
179.9977869744967
 30
0.0
 10
-87.2055732555836
 20
179.9571144230114
 30
0.0
 10
-87.63101976606319
 20
179.8030008347115
 30
0.0
 10
-87.83064091479413
 20
179.695041000491
 30
0.0
 10
-88.16075611580784
 20
179.4421662277013
 30
0.0
 10
-88.2953685541672
 20
179.30868444413
 30
0.0
 10
-88.52646366032504
 20
179.0112519140979
 30
0.0
 10
-88.62218865339784
 20
178.8486827904967
 30
0.0
 10
-88.78448417660803
 20
178.4702877706019
 30
0.0
 10
-88.83981254173601
 20
178.2533466110468
 30
0.0
 10
-88.88853114427896
 20
177.7823531891211
 30
0.0
 10
-88.86921136385591
 20
177.5374106343865
 30
0.0
 10
-88.76191992905835
 20
177.0751237430205
 30
0.0
 10
-88.67170784912443
 20
176.8657988111374
 30
0.0
 10
-88.44268077219897
 20
176.478897581449
 30
0.0
 10
-88.30626256766068
 20
176.3273020084545
 30
0.0
 10
-88.19881717629782
 20
176.2239860622218
 30
0.0
  0
ARC
  5
1074
330
70
100
AcDbEntity
  8
Hidden (ISO)
 48
11.76716995239257
100
AcDbCircle
 10
-97.79050085602323
 20
181.9141612884669
 30
0.0
 40
1.5
100
AcDbArc
 50
97.18075578145856
 51
-144.77051148528537
  0
LINE
  5
1075
330
70
100
AcDbEntity
  8
Hidden (ISO)
 48
23.97773933410645
100
AcDbLine
 10
-99.01577303113028
 20
181.0488820867589
 30
0.0
 11
-91.86482212211713
 21
170.9228312616903
 31
0.0
  0
ARC
  5
1076
330
70
100
AcDbEntity
  8
Hidden (ISO)
 48
10.53502750396728
100
AcDbCircle
 10
-94.72379053070021
 20
168.9038464577049
 30
0.0
 40
3.499999999999999
100
AcDbArc
 50
-10.065341604909566
 51
35.2294885147147
  0
CIRCLE
  5
1077
330
70
100
AcDbEntity
  8
Visible (ISO)
100
AcDbCircle
 10
-71.28901796726176
 20
163.1097961674164
 30
0.0
 40
1.0
  0
CIRCLE
  5
1078
330
70
100
AcDbEntity
  8
Visible (ISO)
100
AcDbCircle
 10
-66.95889094833957
 20
163.1097961674164
 30
0.0
 40
1.0
  0
CIRCLE
  5
1079
330
70
100
AcDbEntity
  8
Visible (ISO)
100
AcDbCircle
 10
-69.12395445780066
 20
166.8597961674164
 30
0.0
 40
1.0
  0
LINE
  5
107A
330
70
100
AcDbEntity
  8
Visible (ISO)
100
AcDbLine
 10
-65.12395439819602
 20
145.8597961674164
 30
0.0
 11
-73.12395439819602
 21
145.8597961674164
 31
0.0
  0
LINE
  5
107B
330
70
100
AcDbEntity
  8
Visible (ISO)
100
AcDbLine
 10
-73.12395439819602
 20
145.8597961674164
 30
0.0
 11
-73.12395445780066
 21
147.3597961674164
 31
0.0
  0
LINE
  5
107C
330
70
100
AcDbEntity
  8
Visible (ISO)
100
AcDbLine
 10
-73.12395445780066
 20
147.3597961674164
 30
0.0
 11
-65.12395439819602
 21
147.3597961674164
 31
0.0
  0
LINE
  5
107D
330
70
100
AcDbEntity
  8
Visible (ISO)
100
AcDbLine
 10
-65.12395439819602
 20
147.3597961674164
 30
0.0
 11
-65.12395439819602
 21
145.8597961674164
 31
0.0
  0
LINE
  5
107E
330
70
100
AcDbEntity
  8
Visible (ISO)
100
AcDbLine
 10
-93.09009429722418
 20
158.6620402748506
 30
0.0
 11
-100.24104520623729
 21
148.535989449782
 31
0.0
  0
ARC
  5
107F
330
70
100
AcDbEntity
  8
Visible (ISO)
100
AcDbCircle
 10
-69.12395445780066
 20
164.3597961674164
 30
0.0
 40
24.00000000000001
100
AcDbArc
 50
-112.10883221171561
 51
112.10883221171562
  0
ARC
  5
1080
330
70
100
AcDbEntity
  8
Visible (ISO)
100
AcDbCircle
 10
-69.12395445780066
 20
164.3597961674164
 30
0.0
 40
24.00000000000001
100
AcDbArc
 50
167.27408217924463
 51
-167.27408217924463
  0
LINE
  5
1081
330
70
100
AcDbEntity
  8
Visible (ISO)
100
AcDbLine
 10
-98.16550085602323
 20
143.8289608214183
 30
0.0
 11
-72.12395445780068
 21
140.5480343678351
 31
0.0
  0
LINE
  5
1082
330
70
100
AcDbEntity
  8
Visible (ISO)
100
AcDbLine
 10
-100.24104520623729
 20
180.1836028850508
 30
0.0
 11
-93.09009429722418
 21
170.0575520599822
 31
0.0
  0
ARC
  5
1083
330
70
100
AcDbEntity
  8
Visible (ISO)
100
AcDbCircle
 10
-97.79050085602323
 20
181.9141612884669
 30
0.0
 40
3.0
100
AcDbArc
 50
97.18075578145826
 51
-144.770511485285
  0
LINE
  5
1084
330
70
100
AcDbEntity
  8
Visible (ISO)
100
AcDbLine
 10
-72.12395445780068
 20
188.1715579669977
 30
0.0
 11
-98.16550085602323
 21
184.8906315134146
 31
0.0
  0
ARC
  5
1085
330
70
100
AcDbEntity
  8
Visible (ISO)
100
AcDbCircle
 10
-97.79050085602323
 20
146.805431046366
 30
0.0
 40
3.000000000000022
100
AcDbArc
 50
144.77051148528548
 51
-97.1807557814585
  0
ARC
  5
1086
330
70
100
AcDbEntity
  8
Visible (ISO)
100
AcDbCircle
 10
-94.72379053070024
 20
159.8157458771279
 30
0.0
 40
2.000000000000004
100
AcDbArc
 50
-35.229488514714426
 51
10.065341604909285
  0
ARC
  5
1087
330
70
100
AcDbEntity
  8
Visible (ISO)
100
AcDbCircle
 10
-94.72379053070021
 20
168.9038464577049
 30
0.0
 40
1.999999999999999
100
AcDbArc
 50
-10.065341604909412
 51
35.22948851471512
  0
DIMENSION
  5
1088
330
70
100
AcDbEntity
  8
Dimension (ISO)
100
AcDbDimension
280
0
  2
*D25
  3
Default (ISO)
 10
-43.70856992999362
 20
145.8597961674164
 30
0.0
 11
-43.70856992999362
 21
146.6097961674164
 31
0.0
 70
160
 71
5
 42
1.5
 73
0
 74
0
 75
0
  1
<>
100
AcDbAlignedDimension
 13
-65.12395439819602
 23
147.3597961674164
 33
0.0
 14
-65.12395439819602
 24
145.8597961674164
 34
0.0
 50
-90.00000000000001
100
AcDbRotatedDimension
1001
ACAD
1000
DSTYLE
1002
{
1070
172
1070
1
1070
289
1070
1
1070
74
1070
0
1070
271
1070
2
1070
147
1040
0.762
1070
72
1070
0
1070
71
1070
0
1070
272
1070
2
1070
48
1040
0.0
1070
47
1040
0.0
1002
}
  0
DIMENSION
  5
1191
330
70
100
AcDbEntity
  8
Dimension (ISO)
100
AcDbDimension
280
0
  2
*D26
  3
Default (ISO)
 10
-73.12395439819605
 20
134.8597961674164
 30
0.0
 11
-69.12395439819602
 21
134.8597961674164
 31
0.0
 70
160
 71
5
 42
8.0
 73
0
 74
0
 75
0
  1
<>
100
AcDbAlignedDimension
 13
-65.12395439819602
 23
145.8597961674164
 33
0.0
 14
-73.12395439819602
 24
145.8597961674164
 34
0.0
 50
180.0
100
AcDbRotatedDimension
1001
ACAD
1000
DSTYLE
1002
{
1070
172
1070
0
1070
289
1070
1
1070
74
1070
0
1070
271
1070
2
1070
147
1040
0.762
1070
72
1070
0
1070
71
1070
0
1070
272
1070
2
1070
48
1040
0.0
1070
47
1040
0.0
1002
}
  0
DIMENSION
  5
1285
330
70
100
AcDbEntity
  8
Dimension (ISO)
100
AcDbDimension
280
0
  2
*D27
  3
Default (ISO)
 10
-69.12395445780075
 20
164.3597961674167
 30
0.0
 11
-110.69623346416448
 21
155.1643628715661
 31
0.0
 70
164
 71
5
 42
24.0
 73
0
 74
0
 75
0
  1
<>
100
AcDbRadialDimension
 15
-93.03560939813026
 25
162.302429400256
 35
0.0
 40
0.0
1001
ACAD
1000
DSTYLE
1002
{
1070
144
1040
0.9999999999999989
1070
172
1070
0
1070
73
1070
1
1070
271
1070
2
1070
141
1040
0.0
1070
147
1040
0.762
1070
72
1070
0
1070
71
1070
0
1070
272
1070
2
1070
48
1040
0.0
1070
47
1040
0.0
1002
}
1001
ACAD_DSTYLE_DIMRADIAL_EXTENSION
1070
387
1070
1
1070
388
1040
0.0
1070
390
1040
0.0
  0
DIMENSION
  5
1328
330
70
100
AcDbEntity
  8
Dimension (ISO)
100
AcDbDimension
280
0
  2
*D28
  3
Default (ISO)
 10
-69.12395445780068
 20
164.3597961674164
 30
0.0
 11
-42.59056790508511
 21
197.354507567925
 31
0.0
 70
164
 71
5
 42
24.0
 73
0
 74
0
 75
0
  1
<>
100
AcDbRadialDimension
 15
-52.420738623457126
 25
181.5935589832189
 35
0.0
 40
0.0
1001
ACAD
1000
DSTYLE
1002
{
1070
144
1040
1.0
1070
172
1070
0
1070
73
1070
1
1070
271
1070
2
1070
141
1040
0.0
1070
147
1040
0.762
1070
72
1070
0
1070
71
1070
0
1070
272
1070
2
1070
48
1040
0.0
1070
47
1040
0.0
1002
}
1001
ACAD_DSTYLE_DIMRADIAL_EXTENSION
1070
387
1070
1
1070
388
1040
0.0
1070
390
1040
0.0
  0
DIMENSION
  5
13CB
330
70
100
AcDbEntity
  8
Dimension (ISO)
100
AcDbDimension
280
0
  2
*D29
  3
Default (ISO)
 10
-113.79378016738899
 20
149.2096672720522
 30
0.0
 11
-112.59628578339698
 21
144.2522478626913
 31
0.0
 70
160
 71
5
 42
10.19999999999996
 73
0
 74
0
 75
0
  1
<>
100
AcDbAlignedDimension
 13
-89.04180190620906
 23
144.6952933223137
 33
0.0
 14
-92.77635642259541
 24
154.2865520022093
 34
0.0
 50
-76.42000000000043
100
AcDbRotatedDimension
1001
ACAD
1000
DSTYLE
1002
{
1070
172
1070
0
1070
289
1070
1
1070
74
1070
0
1070
271
1070
2
1070
147
1040
0.762
1070
72
1070
0
1070
71
1070
0
1070
272
1070
2
1070
48
1040
0.0
1070
47
1040
0.0
1002
}
  0
DIMENSION
  5
14B8
330
70
100
AcDbEntity
  8
Dimension (ISO)
100
AcDbDimension
280
0
  2
*D30
  3
Default (ISO)
 10
-108.88397927386299
 20
149.3668980673815
 30
0.0
 11
-107.92128771026148
 21
145.3815216794636
 31
0.0
 70
160
 71
5
 42
8.199999999999989
 73
0
 74
0
 75
0
  1
<>
100
AcDbAlignedDimension
 13
-93.21195035011357
 23
144.7167300112916
 33
0.0
 14
-92.35924790932681
 24
153.3585460140215
 34
0.0
 50
-76.41999999999979
100
AcDbRotatedDimension
1001
ACAD
1000
DSTYLE
1002
{
1070
172
1070
0
1070
289
1070
1
1070
74
1070
0
1070
271
1070
2
1070
147
1040
0.762
1070
72
1070
0
1070
71
1070
0
1070
272
1070
2
1070
48
1040
0.0
1070
47
1040
0.0
1002
}
  0
DIMENSION
  5
15A5
330
70
100
AcDbEntity
  8
Dimension (ISO)
100
AcDbDimension
280
0
  2
*D31
  3
Default (ISO)
 10
-90.3922318569046
 20
126.8801510095274
 30
0.0
 11
-85.43481244754379
 21
128.0776453935194
 31
0.0
 70
160
 71
5
 42
10.19999999999997
 73
0
 74
0
 75
0
  1
<>
100
AcDbAlignedDimension
 13
-84.46904098482281
 23
145.7998711420475
 33
0.0
 14
-94.87304980981597
 24
145.4299615026047
 34
0.0
 50
13.579999999999956
100
AcDbRotatedDimension
1001
ACAD
1000
DSTYLE
1002
{
1070
172
1070
0
1070
289
1070
1
1070
74
1070
0
1070
271
1070
2
1070
147
1040
0.762
1070
72
1070
0
1070
71
1070
0
1070
272
1070
2
1070
48
1040
0.0
1070
47
1040
0.0
1002
}
  0
DIMENSION
  5
1699
330
70
100
AcDbEntity
  8
Dimension (ISO)
100
AcDbDimension
280
0
  2
*D32
  3
Default (ISO)
 10
-90.66649078702955
 20
132.2744281182501
 30
0.0
 11
-86.68111439911202
 21
133.2371196818515
 31
0.0
 70
160
 71
5
 42
8.199999999999974
 73
0
 74
0
 75
0
  1
<>
100
AcDbAlignedDimension
 13
-85.67588682665672
 23
146.5371113431002
 33
0.0
 14
-94.0364713974288
 24
146.2255643494452
 34
0.0
 50
-166.4200000000001
100
AcDbRotatedDimension
1001
ACAD
1000
DSTYLE
1002
{
1070
172
1070
0
1070
289
1070
1
1070
74
1070
0
1070
271
1070
2
1070
147
1040
0.762
1070
72
1070
0
1070
71
1070
0
1070
272
1070
2
1070
48
1040
0.0
1070
47
1040
0.0
1002
}
  0
DIMENSION
  5
178D
330
70
100
AcDbEntity
  8
Dimension (ISO)
100
AcDbDimension
280
0
  2
*D33
  3
Default (ISO)
 10
-104.58466768279328
 20
149.119471248431
 30
0.0
 11
-103.91547964468009
 21
146.3491486373175
 31
0.0
 70
160
 71
5
 42
5.69999999999996
 73
0
 74
0
 75
0
  1
<>
100
AcDbAlignedDimension
 13
-85.96939035214494
 23
147.7521651199044
 33
0.0
 14
-87.30776642837102
 24
153.2928103421312
 34
0.0
 50
103.5799999999999
100
AcDbRotatedDimension
1001
ACAD
1000
DSTYLE
1002
{
1070
172
1070
0
1070
289
1070
1
1070
74
1070
0
1070
271
1070
2
1070
147
1040
0.762
1070
72
1070
0
1070
71
1070
0
1070
272
1070
2
1070
48
1040
0.0
1070
47
1040
0.0
1002
}
  0
DIMENSION
  5
187A
330
70
100
AcDbEntity
  8
Dimension (ISO)
100
AcDbDimension
280
0
  2
*D34
  3
Default (ISO)
 10
-107.8183023645358
 20
109.3920304690139
 30
0.0
 11
-107.8183023645358
 21
111.6420304690139
 31
0.0
 70
160
 71
5
 42
4.5
 73
0
 74
0
 75
0
  1
<>
100
AcDbAlignedDimension
 13
-102.8183023645358
 23
113.8920304690139
 33
0.0
 14
-101.1846061310597
 24
109.3920304690139
 34
0.0
 50
-90.00000000000001
100
AcDbRotatedDimension
1001
ACAD
1000
DSTYLE
1002
{
1070
172
1070
0
1070
289
1070
1
1070
74
1070
0
1070
271
1070
2
1070
147
1040
0.762
1070
72
1070
0
1070
71
1070
0
1070
272
1070
2
1070
48
1040
0.0
1070
47
1040
0.0
1002
}
  0
DIMENSION
  5
1968
330
70
100
AcDbEntity
  8
Dimension (ISO)
100
AcDbDimension
280
0
  2
*D35
  3
Default (ISO)
 10
-95.7016276412627
 20
98.39203046901395
 30
0.0
 11
-98.44311688616123
 21
98.39203046901392
 31
0.0
 70
160
 71
5
 42
5.482978489797062
 73
0
 74
0
 75
0
  1
<>
100
AcDbAlignedDimension
 13
-101.1846061310597
 23
109.3920304690139
 33
0.0
 14
-95.70162764126269
 24
109.3920304690139
 34
0.0
 50
180.0
100
AcDbRotatedDimension
1001
ACAD
1000
DSTYLE
1002
{
1070
172
1070
0
1070
289
1070
1
1070
74
1070
0
1070
271
1070
2
1070
147
1040
0.762
1070
72
1070
0
1070
71
1070
0
1070
272
1070
2
1070
48
1040
0.0
1070
47
1040
0.0
1002
}
  0
DIMENSION
  5
1A5C
330
70
100
AcDbEntity
  8
Dimension (ISO)
100
AcDbDimension
280
0
  2
*D36
  3
Default (ISO)
 10
-95.66735145552266
 20
118.8920304690139
 30
0.0
 11
-99.24282691002921
 21
118.8920304690139
 31
0.0
 70
160
 71
5
 42
7.150950909013161
 73
0
 74
0
 75
0
  1
<>
100
AcDbAlignedDimension
 13
-102.8183023645358
 23
113.8920304690139
 33
0.0
 14
-95.66735145552263
 24
113.8920304690139
 34
0.0
 50
180.0
100
AcDbRotatedDimension
1001
ACAD
1000
DSTYLE
1002
{
1070
172
1070
0
1070
289
1070
1
1070
74
1070
0
1070
271
1070
2
1070
147
1040
0.762
1070
72
1070
0
1070
71
1070
0
1070
272
1070
2
1070
48
1040
0.0
1070
47
1040
0.0
1002
}
  0
DIMENSION
  5
1B50
330
70
100
AcDbEntity
  8
Dimension (ISO)
100
AcDbDimension
280
0
  2
*D37
  3
Default (ISO)
 10
-49.70121161609915
 20
98.43029604171988
 30
0.0
 11
-71.70121161609912
 21
98.43029604171986
 31
0.0
 70
160
 71
5
 42
43.99999999999999
 73
0
 74
0
 75
0
  1
<>
100
AcDbAlignedDimension
 13
-93.70121161609914
 23
106.8920304690139
 33
0.0
 14
-49.70121161609912
 24
106.8920304690139
 34
0.0
 50
180.0
100
AcDbRotatedDimension
1001
ACAD
1000
DSTYLE
1002
{
1070
172
1070
0
1070
289
1070
1
1070
74
1070
0
1070
271
1070
2
1070
147
1040
0.762
1070
72
1070
0
1070
71
1070
0
1070
272
1070
2
1070
48
1040
0.0
1070
47
1040
0.0
1002
}
  0
DIMENSION
  5
1C2F
330
70
100
AcDbEntity
  8
Dimension (ISO)
100
AcDbDimension
280
0
  2
*D38
  3
Default (ISO)
 10
-25.451211616099112
 20
113.8920304690139
 30
0.0
 11
-25.451211616099112
 21
110.3920304690139
 31
0.0
 70
160
 71
5
 42
7.0
 73
0
 74
0
 75
0
  1
<>
100
AcDbAlignedDimension
 13
-49.70121161609912
 23
106.8920304690139
 33
0.0
 14
-48.4512116160991
 24
113.8920304690139
 34
0.0
 50
-90.00000000000001
100
AcDbRotatedDimension
1001
ACAD
1000
DSTYLE
1002
{
1070
172
1070
0
1070
289
1070
1
1070
74
1070
0
1070
271
1070
2
1070
147
1040
0.762
1070
72
1070
0
1070
71
1070
0
1070
272
1070
2
1070
48
1040
0.0
1070
47
1040
0.0
1002
}
  0
DIMENSION
  5
1D1C
330
70
100
AcDbEntity
  8
Dimension (ISO)
100
AcDbDimension
280
0
  2
*D39
  3
Default (ISO)
 10
-99.1524024157668
 20
192.7239198001646
 30
0.0
 11
-87.47563649836263
 21
194.1950540256392
 31
0.0
 70
160
 71
5
 42
26.24741162866539
 73
0
 74
0
 75
0
  1
<>
100
AcDbAlignedDimension
 13
-72.12395445780068
 23
188.1715579669977
 33
0.0
 14
-98.16550085602323
 24
184.8906315134146
 34
0.0
 50
7.18075578145827
100
AcDbRotatedDimension
1001
ACAD
1000
DSTYLE
1002
{
1070
172
1070
0
1070
289
1070
1
1070
74
1070
0
1070
271
1070
2
1070
147
1040
0.762
1070
72
1070
0
1070
71
1070
0
1070
272
1070
2
1070
48
1040
0.0
1070
47
1040
0.0
1002
}
  0
DIMENSION
  5
1DFB
330
70
100
AcDbEntity
  8
Dimension (ISO)
100
AcDbDimension
280
0
  2
*D40
  3
Default (ISO)
 10
-102.07542358134239
 20
163.7121712474568
 30
0.0
 11
-106.65825660057149
 21
170.2016578438512
 31
0.0
 70
160
 71
5
 42
12.3964916091202
 73
0
 74
0
 75
0
  1
<>
100
AcDbAlignedDimension
 13
-100.24104520623729
 23
180.1836028850508
 33
0.0
 14
-93.09009429722418
 24
170.0575520599822
 34
0.0
 50
125.22948851471426
100
AcDbRotatedDimension
1001
ACAD
1000
DSTYLE
1002
{
1070
172
1070
0
1070
289
1070
1
1070
74
1070
0
1070
271
1070
2
1070
147
1040
0.762
1070
72
1070
0
1070
71
1070
0
1070
272
1070
2
1070
48
1040
0.0
1070
47
1040
0.0
1002
}
  0
MTEXT
  5
1EEF
330
70
100
AcDbEntity
  8
Symbol (ISO)
100
AcDbMText
 10
-28.524839729761418
 20
40.17688418806831
 30
0.0
 40
1.749999970197677
 41
14.06948924064636
 46
0.0
 71
1
  1
\fTahoma|b0|i0;FRONT VIEW
  7
Note Text (ISO)
 11
6.123233995736766e-17
 21
1.0
 31
0.0
  0
MTEXT
  5
1EF0
330
70
100
AcDbEntity
  8
Symbol (ISO)
100
AcDbMText
 10
-29.612364935217368
 20
162.7409694951158
 30
0.0
 40
1.749999970197677
 41
12.32799887657165
 46
0.0
 71
1
  1
\fTahoma|b0|i0;BACK VIEW
  7
Note Text (ISO)
 11
6.123233995736766e-17
 21
1.0
 31
0.0
  0
MTEXT
  5
1EF1
330
70
100
AcDbEntity
  8
Symbol (ISO)
100
AcDbMText
 10
-7.273737154737615
 20
189.9900065924501
 30
0.0
 40
1.749999970197677
 41
2.62641817331314
 46
0.0
 71
1
  1
\fTahoma|b0|i0;01
  7
Note Text (ISO)
 11
6.123233995736766e-17
 21
1.0
 31
0.0
  0
ENDSEC
  0
SECTION
  2
OBJECTS
  0
DICTIONARY
  5
C
330
0
100
AcDbDictionary
281
1
  3
ACAD_CIP_PREVIOUS_PRODUCT_INFO
350
1EF2
  3
ACAD_COLOR
350
63
  3
ACAD_DETAILVIEWSTYLE
350
6A
  3
ACAD_GROUP
350
D
  3
ACAD_LAYOUT
350
62
  3
ACAD_MATERIAL
350
10
  3
ACAD_MLEADERSTYLE
350
66
  3
ACAD_MLINESTYLE
350
5F
  3
ACAD_PLOTSETTINGS
350
61
  3
ACAD_PLOTSTYLENAME
350
E
  3
ACAD_SCALELIST
350
42
  3
ACAD_SECTIONVIEWSTYLE
350
68
  3
ACAD_TABLESTYLE
350
64
  3
ACAD_VISUALSTYLE
350
29
  3
ACDB_RECOMPOSE_DATA
350
1EF5
  3
AcDbVariableDictionary
350
78
  3
EZDXF_META
350
1F04
  0
XRECORD
  5
1EF2
102
{ACAD_REACTORS
330
C
102
}
330
C
100
AcDbXrecord
280
1
300
INVPROSA
300
2026
300

  0
DICTIONARY
  5
63
102
{ACAD_REACTORS
330
C
102
}
330
C
100
AcDbDictionary
281
1
  0
DICTIONARY
  5
6A
102
{ACAD_REACTORS
330
C
102
}
330
C
100
AcDbDictionary
281
1
  3
Imperial24
350
6B
  3
Metric50
350
80
  0
DICTIONARY
  5
D
102
{ACAD_REACTORS
330
C
102
}
330
C
100
AcDbDictionary
281
1
  0
DICTIONARY
  5
62
102
{ACAD_REACTORS
330
C
102
}
330
C
100
AcDbDictionary
281
1
  3
Layout1
350
6F
  3
Layout2
350
77
  3
Model
350
73
  0
DICTIONARY
  5
10
102
{ACAD_REACTORS
330
C
102
}
330
C
100
AcDbDictionary
281
1
  3
ByBlock
350
19
  3
ByLayer
350
11
  3
Global
350
21
  0
DICTIONARY
  5
66
102
{ACAD_REACTORS
330
C
102
}
330
C
100
AcDbDictionary
281
1
  3
Standard
350
67
  0
DICTIONARY
  5
5F
102
{ACAD_REACTORS
330
C
102
}
330
C
100
AcDbDictionary
281
1
  3
Standard
350
60
  0
DICTIONARY
  5
61
102
{ACAD_REACTORS
330
C
102
}
330
C
100
AcDbDictionary
281
1
  0
ACDBDICTIONARYWDFLT
  5
E
102
{ACAD_REACTORS
330
C
102
}
330
C
100
AcDbDictionary
281
1
  3
Normal
350
F
100
AcDbDictionaryWithDefault
340
F
  0
DICTIONARY
  5
42
102
{ACAD_REACTORS
330
C
102
}
330
C
100
AcDbDictionary
281
1
  3
A0
350
43
  3
A1
350
44
  3
A2
350
45
  3
A3
350
46
  3
A4
350
47
  3
A5
350
48
  3
A6
350
49
  3
A7
350
4A
  3
A8
350
4B
  3
A9
350
4C
  3
B0
350
4D
  3
B1
350
4E
  3
B2
350
4F
  3
B3
350
50
  3
B4
350
51
  3
B5
350
52
  3
B6
350
53
  0
DICTIONARY
  5
68
102
{ACAD_REACTORS
330
C
102
}
330
C
100
AcDbDictionary
281
1
  3
Imperial24
350
69
  3
Metric50
350
7F
  0
DICTIONARY
  5
64
102
{ACAD_REACTORS
330
C
102
}
330
C
100
AcDbDictionary
281
1
  3
Standard
350
65
  0
DICTIONARY
  5
29
102
{ACAD_REACTORS
330
C
102
}
330
C
100
AcDbDictionary
281
1
  3
2dWireframe
350
2F
  3
Basic
350
2E
  3
Brighten
350
35
  3
ColorChange
350
39
  3
Conceptual
350
32
  3
Dim
350
34
  3
EdgeColorOff
350
41
  3
Facepattern
350
38
  3
Flat
350
2A
  3
FlatWithEdges
350
2B
  3
Gouraud
350
2C
  3
GouraudWithEdges
350
2D
  3
Hidden
350
31
  3
JitterOff
350
3F
  3
Linepattern
350
37
  3
OverhangOff
350
40
  3
Realistic
350
33
  3
Shaded
350
3E
  3
Shaded with edges
350
3D
  3
Shades of Gray
350
3A
  3
Sketchy
350
3B
  3
Thicken
350
36
  3
Wireframe
350
30
  3
X-Ray
350
3C
  0
XRECORD
  5
1EF5
102
{ACAD_REACTORS
330
C
102
}
330
C
100
AcDbXrecord
280
1
 90
1
330
65
330
1D8
330
60E
330
AC0
330
D6D
  0
DICTIONARY
  5
78
102
{ACAD_REACTORS
330
C
102
}
330
C
100
AcDbDictionary
281
1
  3
CANNOSCALE
350
7D
  3
CMLEADERSTYLE
350
7A
  3
CTABLESTYLE
350
79
  3
CVIEWDETAILSTYLE
350
7B
  3
CVIEWSECTIONSTYLE
350
7C
  0
ACDBDETAILVIEWSTYLE
  5
6B
102
{ACAD_REACTORS
330
6A
102
}
330
6A
100
AcDbModelDocViewStyle
 70
0
  3
Imperial24
290
1
300
Imperial24
 90
0
100
AcDbDetailViewStyle
 70
0
 71
0
 90
3
 71
1
340
55
 62
256
 40
0.24
340
0
 62
256
 40
0.24
300

 40
0.36
280
3
 71
2
340
5D
 90
25
 62
256
 71
3
340
55
 62
256
 40
0.24
 90
1
 40
0.75
 90
1
300
%<\AcVar ViewType \f "%tc1">% %<\AcVar ViewDetailId>%\PSCALE %<\AcVar ViewScale \f "%sn">%
 71
4
340
5D
 90
25
 62
256
340
5D
 90
25
 62
256
280
0
  0
ACDBDETAILVIEWSTYLE
  5
80
102
{ACAD_REACTORS
330
6A
102
}
330
6A
100
AcDbModelDocViewStyle
 70
0
  3
Metric50
290
1
300
Metric50
 90
0
100
AcDbDetailViewStyle
 70
0
 71
0
 90
3
 71
1
340
55
 62
256
 40
5.0
340
0
 62
256
 40
5.0
300

 40
0.0
280
1
 71
2
340
5D
 90
25
 62
256
 71
3
340
55
 62
256
 40
5.0
 90
0
 40
15.0
 90
1
300
%<\AcVar ViewDetailId>% (%<\AcVar ViewScale \f "%sn">%)
 71
4
340
5D
 90
25
 62
256
340
5D
 90
25
 62
256
280
0
  0
LAYOUT
  5
6F
102
{ACAD_REACTORS
330
62
102
}
330
62
100
AcDbPlotSettings
  1

  4

  6

 40
0.0
 41
0.0
 42
0.0
 43
0.0
 44
0.0
 45
0.0
 46
0.0
 47
0.0
 48
0.0
 49
0.0
140
0.0
141
0.0
142
1.0
143
1.0
 70
688
 72
0
 73
0
 74
5
  7

 75
16
 76
0
 77
2
 78
300
147
1.0
148
0.0
149
0.0
100
AcDbLayout
  1
Layout1
 70
1
 71
1
 10
0.0
 20
0.0
 11
12.0
 21
9.0
 12
0.0
 22
0.0
 32
0.0
 14
0.0
 24
0.0
 34
0.0
 15
0.0
 25
0.0
 35
0.0
146
0.0
 13
0.0
 23
0.0
 33
0.0
 16
1.0
 26
0.0
 36
0.0
 17
0.0
 27
1.0
 37
0.0
 76
0
330
6C
  0
LAYOUT
  5
77
102
{ACAD_REACTORS
330
62
102
}
330
62
100
AcDbPlotSettings
  1

  4

  6

 40
0.0
 41
0.0
 42
0.0
 43
0.0
 44
0.0
 45
0.0
 46
0.0
 47
0.0
 48
0.0
 49
0.0
140
0.0
141
0.0
142
1.0
143
1.0
 70
688
 72
0
 73
0
 74
5
  7

 75
16
 76
0
 77
2
 78
300
147
1.0
148
0.0
149
0.0
100
AcDbLayout
  1
Layout2
 70
1
 71
2
 10
0.0
 20
0.0
 11
12.0
 21
9.0
 12
0.0
 22
0.0
 32
0.0
 14
0.0
 24
0.0
 34
0.0
 15
0.0
 25
0.0
 35
0.0
146
0.0
 13
0.0
 23
0.0
 33
0.0
 16
1.0
 26
0.0
 36
0.0
 17
0.0
 27
1.0
 37
0.0
 76
0
330
74
  0
LAYOUT
  5
73
102
{ACAD_REACTORS
330
62
102
}
330
62
100
AcDbPlotSettings
  1

  4

  6

 40
0.0
 41
0.0
 42
0.0
 43
0.0
 44
0.0
 45
0.0
 46
0.0
 47
0.0
 48
0.0
 49
0.0
140
0.0
141
0.0
142
1.0
143
1.0
 70
1712
 72
0
 73
0
 74
0
  7

 75
0
 76
0
 77
2
 78
300
147
1.0
148
0.0
149
0.0
100
AcDbLayout
  1
Model
 70
1
 71
0
 10
0.0
 20
0.0
 11
12.0
 21
9.0
 12
0.0
 22
0.0
 32
0.0
 14
0.0
 24
0.0
 34
0.0
 15
0.0
 25
0.0
 35
0.0
146
0.0
 13
0.0
 23
0.0
 33
0.0
 16
1.0
 26
0.0
 36
0.0
 17
0.0
 27
1.0
 37
0.0
 76
0
330
70
  0
MATERIAL
  5
19
102
{ACAD_XDICTIONARY
360
1A
102
}
102
{ACAD_REACTORS
330
10
102
}
330
10
100
AcDbMaterial
  1
ByBlock
  2

 70
0
 40
1.0
 71
0
 41
1.0
 91
-1023410177
 42
1.0
 72
0
  3

 73
1
 74
1
 75
1
 43
0.0208333333333333
 43
0.0
 43
0.0
 43
0.0
 43
0.0
 43
0.0208333333333333
 43
0.0
 43
0.0
 43
0.0
 43
0.0
 43
1.0
 43
0.0
 43
0.0
 43
0.0
 43
0.0
 43
1.0
 44
0.5
 73
0
 45
1.0
 46
1.0
 77
0
  4

 78
1
 79
1
170
1
 47
0.0208333333333333
 47
0.0
 47
0.0
 47
0.0
 47
0.0
 47
0.0208333333333333
 47
0.0
 47
0.0
 47
0.0
 47
0.0
 47
1.0
 47
0.0
 47
0.0
 47
0.0
 47
0.0
 47
1.0
 48
1.0
171
0
  6

172
1
173
1
174
1
 49
0.0208333333333333
 49
0.0
 49
0.0
 49
0.0
 49
0.0
 49
0.0208333333333333
 49
0.0
 49
0.0
 49
0.0
 49
0.0
 49
1.0
 49
0.0
 49
0.0
 49
0.0
 49
0.0
 49
1.0
140
1.0
141
1.0
175
0
  7

176
1
177
1
178
1
142
0.0208333333333333
142
0.0
142
0.0
142
0.0
142
0.0
142
0.0208333333333333
142
0.0
142
0.0
142
0.0
142
0.0
142
1.0
142
0.0
142
0.0
142
0.0
142
0.0
142
1.0
143
1.0
179
0
  8

270
1
271
1
272
1
144
0.0208333333333333
144
0.0
144
0.0
144
0.0
144
0.0
144
0.0208333333333333
144
0.0
144
0.0
144
0.0
144
0.0
144
1.0
144
0.0
144
0.0
144
0.0
144
0.0
144
1.0
145
1.0
146
1.0
273
1
  9

274
1
275
1
276
1
147
0.0208333333333333
147
0.0
147
0.0
147
0.0
147
0.0
147
0.0208333333333333
147
0.0
147
0.0
147
0.0
147
0.0
147
1.0
147
0.0
147
0.0
147
0.0
147
0.0
147
1.0
 42
1.0
 72
1
  3

 73
1
 74
1
 75
1
 94
63
  0
MATERIAL
  5
11
102
{ACAD_XDICTIONARY
360
12
102
}
102
{ACAD_REACTORS
330
10
102
}
330
10
100
AcDbMaterial
  1
ByLayer
  2

 70
0
 40
1.0
 71
0
 41
1.0
 91
-1023410177
 42
1.0
 72
0
  3

 73
1
 74
1
 75
1
 43
0.0208333333333333
 43
0.0
 43
0.0
 43
0.0
 43
0.0
 43
0.0208333333333333
 43
0.0
 43
0.0
 43
0.0
 43
0.0
 43
1.0
 43
0.0
 43
0.0
 43
0.0
 43
0.0
 43
1.0
 44
0.5
 73
0
 45
1.0
 46
1.0
 77
0
  4

 78
1
 79
1
170
1
 47
0.0208333333333333
 47
0.0
 47
0.0
 47
0.0
 47
0.0
 47
0.0208333333333333
 47
0.0
 47
0.0
 47
0.0
 47
0.0
 47
1.0
 47
0.0
 47
0.0
 47
0.0
 47
0.0
 47
1.0
 48
1.0
171
0
  6

172
1
173
1
174
1
 49
0.0208333333333333
 49
0.0
 49
0.0
 49
0.0
 49
0.0
 49
0.0208333333333333
 49
0.0
 49
0.0
 49
0.0
 49
0.0
 49
1.0
 49
0.0
 49
0.0
 49
0.0
 49
0.0
 49
1.0
140
1.0
141
1.0
175
0
  7

176
1
177
1
178
1
142
0.0208333333333333
142
0.0
142
0.0
142
0.0
142
0.0
142
0.0208333333333333
142
0.0
142
0.0
142
0.0
142
0.0
142
1.0
142
0.0
142
0.0
142
0.0
142
0.0
142
1.0
143
1.0
179
0
  8

270
1
271
1
272
1
144
0.0208333333333333
144
0.0
144
0.0
144
0.0
144
0.0
144
0.0208333333333333
144
0.0
144
0.0
144
0.0
144
0.0
144
1.0
144
0.0
144
0.0
144
0.0
144
0.0
144
1.0
145
1.0
146
1.0
273
1
  9

274
1
275
1
276
1
147
0.0208333333333333
147
0.0
147
0.0
147
0.0
147
0.0
147
0.0208333333333333
147
0.0
147
0.0
147
0.0
147
0.0
147
1.0
147
0.0
147
0.0
147
0.0
147
0.0
147
1.0
 42
1.0
 72
1
  3

 73
1
 74
1
 75
1
 94
63
  0
MATERIAL
  5
21
102
{ACAD_XDICTIONARY
360
22
102
}
102
{ACAD_REACTORS
330
10
102
}
330
10
100
AcDbMaterial
  1
Global
  2

 70
0
 40
1.0
 71
0
 41
1.0
 91
-1023410177
 42
1.0
 72
0
  3

 73
1
 74
1
 75
1
 43
0.0208333333333333
 43
0.0
 43
0.0
 43
0.0
 43
0.0
 43
0.0208333333333333
 43
0.0
 43
0.0
 43
0.0
 43
0.0
 43
1.0
 43
0.0
 43
0.0
 43
0.0
 43
0.0
 43
1.0
 44
0.5
 73
0
 45
1.0
 46
1.0
 77
0
  4

 78
1
 79
1
170
1
 47
0.0208333333333333
 47
0.0
 47
0.0
 47
0.0
 47
0.0
 47
0.0208333333333333
 47
0.0
 47
0.0
 47
0.0
 47
0.0
 47
1.0
 47
0.0
 47
0.0
 47
0.0
 47
0.0
 47
1.0
 48
1.0
171
0
  6

172
1
173
1
174
1
 49
0.0208333333333333
 49
0.0
 49
0.0
 49
0.0
 49
0.0
 49
0.0208333333333333
 49
0.0
 49
0.0
 49
0.0
 49
0.0
 49
1.0
 49
0.0
 49
0.0
 49
0.0
 49
0.0
 49
1.0
140
1.0
141
1.0
175
0
  7

176
1
177
1
178
1
142
0.0208333333333333
142
0.0
142
0.0
142
0.0
142
0.0
142
0.0208333333333333
142
0.0
142
0.0
142
0.0
142
0.0
142
1.0
142
0.0
142
0.0
142
0.0
142
0.0
142
1.0
143
1.0
179
0
  8

270
1
271
1
272
1
144
0.0208333333333333
144
0.0
144
0.0
144
0.0
144
0.0
144
0.0208333333333333
144
0.0
144
0.0
144
0.0
144
0.0
144
1.0
144
0.0
144
0.0
144
0.0
144
0.0
144
1.0
145
1.0
146
1.0
273
1
  9

274
1
275
1
276
1
147
0.0208333333333333
147
0.0
147
0.0
147
0.0
147
0.0
147
0.0208333333333333
147
0.0
147
0.0
147
0.0
147
0.0
147
1.0
147
0.0
147
0.0
147
0.0
147
0.0
147
1.0
 42
1.0
 72
1
  3

 73
1
 74
1
 75
1
 94
63
  0
MLEADERSTYLE
  5
67
102
{ACAD_REACTORS
330
66
102
}
330
66
100
AcDbMLeaderStyle
179
2
170
2
171
1
172
0
 90
2
 40
0.0
 41
0.0
173
1
 91
-1056964608
340
5B
 92
-2
290
1
 42
0.09
291
1
 43
0.36
  3
Standard
 44
0.18
300

342
55
174
1
175
1
176
0
178
6
 93
-1056964608
 45
0.18
292
0
297
0
 46
0.18
293
1
 94
-1056964608
 47
1.0
 49
1.0
140
1.0
294
1
141
0.0
177
0
142
1.0
295
1
296
0
143
0.125
271
0
272
9
273
9
298
1
  0
MLINESTYLE
  5
60
102
{ACAD_REACTORS
330
5F
102
}
330
5F
100
AcDbMlineStyle
  2
STANDARD
 70
0
  3

 62
256
 51
90.0
 52
90.0
 71
2
 49
0.5
 62
256
  6
BYLAYER
 49
-0.5
 62
256
  6
BYLAYER
  0
ACDBPLACEHOLDER
  5
F
102
{ACAD_REACTORS
330
E
102
}
330
E
  0
SCALE
  5
43
102
{ACAD_REACTORS
330
42
102
}
330
42
100
AcDbScale
 70
0
300
1:1
140
1.0
141
1.0
290
1
  0
SCALE
  5
44
102
{ACAD_REACTORS
330
42
102
}
330
42
100
AcDbScale
 70
0
300
1/128" = 1'-0"
140
0.0078125
141
12.0
290
0
  0
SCALE
  5
45
102
{ACAD_REACTORS
330
42
102
}
330
42
100
AcDbScale
 70
0
300
1/64" = 1'-0"
140
0.015625
141
12.0
290
0
  0
SCALE
  5
46
102
{ACAD_REACTORS
330
42
102
}
330
42
100
AcDbScale
 70
0
300
1/32" = 1'-0"
140
0.03125
141
12.0
290
0
  0
SCALE
  5
47
102
{ACAD_REACTORS
330
42
102
}
330
42
100
AcDbScale
 70
0
300
1/16" = 1'-0"
140
0.0625
141
12.0
290
0
  0
SCALE
  5
48
102
{ACAD_REACTORS
330
42
102
}
330
42
100
AcDbScale
 70
0
300
3/32" = 1'-0"
140
0.09375
141
12.0
290
0
  0
SCALE
  5
49
102
{ACAD_REACTORS
330
42
102
}
330
42
100
AcDbScale
 70
0
300
1/8" = 1'-0"
140
0.125
141
12.0
290
0
  0
SCALE
  5
4A
102
{ACAD_REACTORS
330
42
102
}
330
42
100
AcDbScale
 70
0
300
3/16" = 1'-0"
140
0.1875
141
12.0
290
0
  0
SCALE
  5
4B
102
{ACAD_REACTORS
330
42
102
}
330
42
100
AcDbScale
 70
0
300
1/4" = 1'-0"
140
0.25
141
12.0
290
0
  0
SCALE
  5
4C
102
{ACAD_REACTORS
330
42
102
}
330
42
100
AcDbScale
 70
0
300
3/8" = 1'-0"
140
0.375
141
12.0
290
0
  0
SCALE
  5
4D
102
{ACAD_REACTORS
330
42
102
}
330
42
100
AcDbScale
 70
0
300
1/2" = 1'-0"
140
0.5
141
12.0
290
0
  0
SCALE
  5
4E
102
{ACAD_REACTORS
330
42
102
}
330
42
100
AcDbScale
 70
0
300
3/4" = 1'-0"
140
0.75
141
12.0
290
0
  0
SCALE
  5
4F
102
{ACAD_REACTORS
330
42
102
}
330
42
100
AcDbScale
 70
0
300
1" = 1'-0"
140
1.0
141
12.0
290
0
  0
SCALE
  5
50
102
{ACAD_REACTORS
330
42
102
}
330
42
100
AcDbScale
 70
0
300
1-1/2" = 1'-0"
140
1.5
141
12.0
290
0
  0
SCALE
  5
51
102
{ACAD_REACTORS
330
42
102
}
330
42
100
AcDbScale
 70
0
300
3" = 1'-0"
140
3.0
141
12.0
290
0
  0
SCALE
  5
52
102
{ACAD_REACTORS
330
42
102
}
330
42
100
AcDbScale
 70
0
300
6" = 1'-0"
140
6.0
141
12.0
290
0
  0
SCALE
  5
53
102
{ACAD_REACTORS
330
42
102
}
330
42
100
AcDbScale
 70
0
300
1'-0" = 1'-0"
140
12.0
141
12.0
290
0
  0
ACDBSECTIONVIEWSTYLE
  5
69
102
{ACAD_REACTORS
330
68
102
}
330
68
100
AcDbModelDocViewStyle
 70
0
  3
Imperial24
290
1
300
Imperial24
 90
0
100
AcDbSectionViewStyle
 70
0
 71
0
 90
78
 71
1
340
55
 62
256
 40
0.24
340
0
340
0
 62
256
 40
0.24
300
I, O, Q, S, X, Z
 40
0.48
 90
3
 40
0.18
 90
1
 71
2
340
5D
 90
25
 62
256
340
5D
 90
50
 62
256
 40
0.24
 40
0.0
 40
0.24
 71
3
340
55
 62
256
 40
0.24
 90
1
 40
0.75
 90
1
300
%<\AcVar ViewType \f "%tc1">% %<\AcVar ViewSectionStartId>%-%<\AcVar ViewSectionEndId>%\PSCALE %<\AcVar ViewScale \f "%sn">%
 71
4
 62
256
 62
257
300
ANSI31
 40
1.0
 90
0
290
0
290
0
 90
6
 40
0.0
 40
1.570796326794896
 40
0.2617993877991494
 40
1.308996938995747
 40
-0.2617993877991494
 40
1.832595714594046
  0
ACDBSECTIONVIEWSTYLE
  5
7F
102
{ACAD_REACTORS
330
68
102
}
330
68
100
AcDbModelDocViewStyle
 70
0
  3
Metric50
290
1
300
Metric50
 90
0
100
AcDbSectionViewStyle
 70
0
 71
0
 90
102
 71
1
340
55
 62
256
 40
5.0
340
0
340
0
 62
256
 40
5.0
300
I, O, Q, S, X, Z
 40
10.0
 90
0
 40
2.5
 90
0
 71
2
340
5D
 90
25
 62
256
340
5D
 90
50
 62
256
 40
5.0
 40
2.5
 40
5.0
 71
3
340
55
 62
256
 40
5.0
 90
0
 40
15.0
 90
1
300
%<\AcVar ViewSectionStartId>%-%<\AcVar ViewSectionEndId>% (%<\AcVar ViewScale \f "%sn">%)
 71
4
 62
256
 62
257
300
ANSI31
 40
1.0
 90
0
290
0
290
0
 90
6
 40
0.0
 40
1.570796326794896
 40
0.2617993877991494
 40
1.308996938995747
 40
-0.2617993877991494
 40
1.832595714594046
  0
TABLESTYLE
  5
65
102
{ACAD_XDICTIONARY
360
1EF3
102
}
102
{ACAD_REACTORS
330
64
102
}
330
64
100
AcDbTableStyle
280
0
  3
Standard
 70
0
 71
0
 40
0.06
 41
0.06
280
0
281
0
  7
Standard
140
0.18
170
2
 62
0
 63
7
283
0
 90
512
 91
0
  1

274
-2
284
1
 64
0
275
-2
285
1
 65
0
276
-2
286
1
 66
0
277
-2
287
1
 67
0
278
-2
288
1
 68
0
279
-2
289
1
 69
0
  7
Standard
140
0.25
170
5
 62
0
 63
7
283
0
 90
512
 91
0
  1

274
-2
284
1
 64
0
275
-2
285
1
 65
0
276
-2
286
1
 66
0
277
-2
287
1
 67
0
278
-2
288
1
 68
0
279
-2
289
1
 69
0
  7
Standard
140
0.18
170
5
 62
0
 63
7
283
0
 90
512
 91
0
  1

274
-2
284
1
 64
0
275
-2
285
1
 65
0
276
-2
286
1
 66
0
277
-2
287
1
 67
0
278
-2
288
1
 68
0
279
-2
289
1
 69
0
  0
VISUALSTYLE
  5
2F
102
{ACAD_REACTORS
330
29
102
}
330
29
100
AcDbVisualStyle
  2
2dWireframe
 70
4
177
3
291
0
 70
58
 90
0
176
1
 90
2
176
1
 90
0
176
1
 90
0
176
1
 40
0.6
176
1
 40
30.0
176
1
 62
7
420
16777215
176
1
 90
1
176
1
 90
4
176
1
 62
7
176
1
 62
257
176
1
 90
1
176
1
 90
1
176
1
 40
1.0
176
1
 90
0
176
1
 62
257
176
1
 40
1.0
176
1
 90
1
176
1
 90
6
176
1
 90
2
176
1
 62
7
176
1
 90
5
176
1
 90
0
176
1
 90
0
176
1
290
0
176
1
 90
1
176
1
 40
0.0
176
1
 90
0
176
1
290
1
176
1
290
1
176
1
290
0
176
1
290
0
176
1
290
0
176
1
290
0
176
1
290
0
176
1
290
0
176
1
290
0
176
1
 90
50
176
1
 40
0.0
176
1
 40
1.0
176
1
 90
0
176
1
 62
18
420
0
176
1
 90
50
176
1
 90
3
176
1
 62
5
420
255
176
1
290
0
176
1
 90
50
176
1
 90
50
176
1
 90
50
176
1
290
0
176
1
 90
50
176
1
 62
256
176
0
 40
1.0
176
0
 90
2
176
1
  1
strokes_ogs.tif
176
1
290
0
176
1
 40
1.0
176
1
 40
1.0
176
1
  0
VISUALSTYLE
  5
2E
102
{ACAD_REACTORS
330
29
102
}
330
29
100
AcDbVisualStyle
  2
Basic
 70
7
177
3
291
1
 70
58
 90
1
176
1
 90
0
176
1
 90
1
176
1
 90
0
176
1
 40
0.6
176
1
 40
30.0
176
1
 62
7
420
16777215
176
1
 90
0
176
1
 90
4
176
1
 62
7
176
1
 62
257
176
1
 90
1
176
1
 90
1
176
1
 40
1.0
176
1
 90
8
176
1
 62
7
176
1
 40
1.0
176
1
 90
1
176
1
 90
6
176
1
 90
2
176
1
 62
7
176
1
 90
5
176
1
 90
0
176
1
 90
0
176
1
290
0
176
1
 90
1
176
1
 40
0.0
176
1
 90
0
176
1
290
0
176
1
290
1
176
1
290
1
176
1
290
0
176
1
290
0
176
1
290
0
176
1
290
0
176
1
290
0
176
1
290
0
176
1
 90
50
176
1
 40
0.0
176
1
 40
1.0
176
1
 90
0
176
1
 62
18
420
0
176
1
 90
50
176
1
 90
3
176
1
 62
5
420
255
176
1
290
0
176
1
 90
50
176
1
 90
50
176
1
 90
50
176
1
290
0
176
1
 90
50
176
1
 62
256
176
0
 40
1.0
176
0
 90
2
176
1
  1
strokes_ogs.tif
176
1
290
0
176
1
 40
1.0
176
1
 40
1.0
176
1
  0
VISUALSTYLE
  5
35
102
{ACAD_REACTORS
330
29
102
}
330
29
100
AcDbVisualStyle
  2
Brighten
 70
12
177
3
291
1
 70
58
 90
2
176
1
 90
2
176
1
 90
0
176
1
 90
0
176
1
 40
0.6
176
1
 40
30.0
176
1
 62
7
420
16777215
176
1
 90
1
176
1
 90
4
176
1
 62
7
176
1
 62
257
176
1
 90
1
176
1
 90
1
176
1
 40
1.0
176
1
 90
8
176
1
 62
7
176
1
 40
1.0
176
1
 90
1
176
1
 90
6
176
1
 90
2
176
1
 62
7
176
1
 90
5
176
1
 90
0
176
1
 90
0
176
1
290
0
176
1
 90
1
176
1
 40
50.0
176
1
 90
0
176
1
290
0
176
1
290
1
176
1
290
1
176
1
290
0
176
1
290
0
176
1
290
0
176
1
290
0
176
1
290
0
176
1
290
0
176
1
 90
50
176
1
 40
0.0
176
1
 40
1.0
176
1
 90
0
176
1
 62
18
420
0
176
1
 90
50
176
1
 90
3
176
1
 62
5
420
255
176
1
290
0
176
1
 90
50
176
1
 90
50
176
1
 90
50
176
1
290
0
176
1
 90
50
176
1
 62
256
176
0
 40
1.0
176
0
 90
2
176
1
  1
strokes_ogs.tif
176
1
290
0
176
1
 40
1.0
176
1
 40
1.0
176
1
  0
VISUALSTYLE
  5
39
102
{ACAD_REACTORS
330
29
102
}
330
29
100
AcDbVisualStyle
  2
ColorChange
 70
16
177
3
291
1
 70
58
 90
2
176
1
 90
2
176
1
 90
3
176
1
 90
0
176
1
 40
0.6
176
1
 40
30.0
176
1
 62
8
420
8421504
176
1
 90
1
176
1
 90
4
176
1
 62
7
176
1
 62
257
176
1
 90
1
176
1
 90
1
176
1
 40
1.0
176
1
 90
8
176
1
 62
8
420
8421504
176
1
 40
1.0
176
1
 90
1
176
1
 90
6
176
1
 90
2
176
1
 62
7
176
1
 90
5
176
1
 90
0
176
1
 90
0
176
1
290
0
176
1
 90
1
176
1
 40
0.0
176
1
 90
0
176
1
290
0
176
1
290
1
176
1
290
1
176
1
290
0
176
1
290
0
176
1
290
0
176
1
290
0
176
1
290
0
176
1
290
0
176
1
 90
50
176
1
 40
0.0
176
1
 40
1.0
176
1
 90
0
176
1
 62
18
420
0
176
1
 90
50
176
1
 90
3
176
1
 62
5
420
255
176
1
290
0
176
1
 90
50
176
1
 90
50
176
1
 90
50
176
1
290
0
176
1
 90
50
176
1
 62
256
176
0
 40
1.0
176
0
 90
2
176
1
  1
strokes_ogs.tif
176
1
290
0
176
1
 40
1.0
176
1
 40
1.0
176
1
  0
VISUALSTYLE
  5
32
102
{ACAD_REACTORS
330
29
102
}
330
29
100
AcDbVisualStyle
  2
Conceptual
 70
9
177
3
291
0
 70
58
 90
3
176
1
 90
2
176
1
 90
0
176
1
 90
0
176
1
 40
0.6
176
1
 40
30.0
176
1
 62
7
420
16777215
176
1
 90
2
176
1
 90
2
176
1
 62
7
176
1
 62
257
176
1
 90
1
176
1
 90
1
176
1
 40
179.0
176
1
 90
8
176
1
 62
7
176
1
 40
1.0
176
1
 90
1
176
1
 90
6
176
1
 90
2
176
1
 62
7
176
1
 90
3
176
1
 90
0
176
1
 90
0
176
1
290
0
176
1
 90
1
176
1
 40
0.0
176
1
 90
0
176
1
290
0
176
1
290
1
176
1
290
1
176
1
290
0
176
1
290
0
176
1
290
0
176
1
290
0
176
1
290
0
176
1
290
0
176
1
 90
50
176
1
 40
0.0
176
1
 40
1.0
176
1
 90
0
176
1
 62
18
420
0
176
1
 90
50
176
1
 90
3
176
1
 62
5
420
255
176
1
290
0
176
1
 90
50
176
1
 90
50
176
1
 90
50
176
1
290
0
176
1
 90
50
176
1
 62
256
176
0
 40
1.0
176
0
 90
2
176
1
  1
strokes_ogs.tif
176
1
290
0
176
1
 40
1.0
176
1
 40
1.0
176
1
  0
VISUALSTYLE
  5
34
102
{ACAD_REACTORS
330
29
102
}
330
29
100
AcDbVisualStyle
  2
Dim
 70
11
177
3
291
1
 70
58
 90
2
176
1
 90
2
176
1
 90
0
176
1
 90
0
176
1
 40
0.6
176
1
 40
30.0
176
1
 62
7
420
16777215
176
1
 90
1
176
1
 90
4
176
1
 62
7
176
1
 62
257
176
1
 90
1
176
1
 90
1
176
1
 40
1.0
176
1
 90
8
176
1
 62
7
176
1
 40
1.0
176
1
 90
1
176
1
 90
6
176
1
 90
2
176
1
 62
7
176
1
 90
5
176
1
 90
0
176
1
 90
0
176
1
290
0
176
1
 90
1
176
1
 40
-50.0
176
1
 90
0
176
1
290
0
176
1
290
1
176
1
290
1
176
1
290
0
176
1
290
0
176
1
290
0
176
1
290
0
176
1
290
0
176
1
290
0
176
1
 90
50
176
1
 40
0.0
176
1
 40
1.0
176
1
 90
0
176
1
 62
18
420
0
176
1
 90
50
176
1
 90
3
176
1
 62
5
420
255
176
1
290
0
176
1
 90
50
176
1
 90
50
176
1
 90
50
176
1
290
0
176
1
 90
50
176
1
 62
256
176
0
 40
1.0
176
0
 90
2
176
1
  1
strokes_ogs.tif
176
1
290
0
176
1
 40
1.0
176
1
 40
1.0
176
1
  0
VISUALSTYLE
  5
41
102
{ACAD_REACTORS
330
29
102
}
330
29
100
AcDbVisualStyle
  2
EdgeColorOff
 70
22
177
3
291
1
 70
58
 90
2
176
0
 90
2
176
0
 90
0
176
0
 90
0
176
0
 40
0.6
176
0
 40
30.0
176
0
 62
7
420
16777215
176
0
 90
1
176
0
 90
4
176
0
 62
7
176
0
 62
257
176
0
 90
1
176
0
 90
1
176
0
 40
1.0
176
0
 90
8
176
2
 62
7
176
0
 40
1.0
176
0
 90
1
176
0
 90
6
176
0
 90
2
176
0
 62
7
176
0
 90
5
176
0
 90
0
176
0
 90
0
176
0
290
0
176
0
 90
1
176
0
 40
0.0
176
0
 90
0
176
0
290
0
176
0
290
1
176
0
290
1
176
0
290
0
176
0
290
0
176
0
290
0
176
0
290
0
176
0
290
0
176
0
290
0
176
0
 90
50
176
0
 40
0.0
176
0
 40
1.0
176
0
 90
0
176
0
 62
18
420
0
176
0
 90
50
176
0
 90
3
176
0
 62
5
420
255
176
0
290
0
176
0
 90
50
176
0
 90
50
176
0
 90
50
176
0
290
0
176
0
 90
50
176
0
 62
256
176
0
 40
1.0
176
0
 90
2
176
0
  1
strokes_ogs.tif
176
0
290
0
176
0
 40
1.0
176
0
 40
1.0
176
0
  0
VISUALSTYLE
  5
38
102
{ACAD_REACTORS
330
29
102
}
330
29
100
AcDbVisualStyle
  2
Facepattern
 70
15
177
3
291
1
 70
58
 90
2
176
1
 90
2
176
1
 90
0
176
1
 90
0
176
1
 40
0.6
176
1
 40
30.0
176
1
 62
7
420
16777215
176
1
 90
1
176
1
 90
4
176
1
 62
7
176
1
 62
257
176
1
 90
1
176
1
 90
1
176
1
 40
1.0
176
1
 90
8
176
1
 62
7
176
1
 40
1.0
176
1
 90
1
176
1
 90
6
176
1
 90
2
176
1
 62
7
176
1
 90
5
176
1
 90
0
176
1
 90
0
176
1
290
0
176
1
 90
1
176
1
 40
0.0
176
1
 90
0
176
1
290
0
176
1
290
1
176
1
290
1
176
1
290
0
176
1
290
0
176
1
290
0
176
1
290
0
176
1
290
0
176
1
290
0
176
1
 90
50
176
1
 40
0.0
176
1
 40
1.0
176
1
 90
0
176
1
 62
18
420
0
176
1
 90
50
176
1
 90
3
176
1
 62
5
420
255
176
1
290
0
176
1
 90
50
176
1
 90
50
176
1
 90
50
176
1
290
0
176
1
 90
50
176
1
 62
256
176
0
 40
1.0
176
0
 90
2
176
1
  1
strokes_ogs.tif
176
1
290
0
176
1
 40
1.0
176
1
 40
1.0
176
1
  0
VISUALSTYLE
  5
2A
102
{ACAD_REACTORS
330
29
102
}
330
29
100
AcDbVisualStyle
  2
Flat
 70
0
177
3
291
1
 70
58
 90
2
176
1
 90
1
176
1
 90
1
176
1
 90
2
176
1
 40
0.6
176
1
 40
30.0
176
1
 62
7
420
16777215
176
1
 90
0
176
1
 90
0
176
1
 62
7
176
1
 62
257
176
1
 90
1
176
1
 90
1
176
1
 40
1.0
176
1
 90
8
176
1
 62
7
176
1
 40
1.0
176
1
 90
1
176
1
 90
6
176
1
 90
2
176
1
 62
7
176
1
 90
5
176
1
 90
0
176
1
 90
0
176
1
290
0
176
1
 90
13
176
1
 40
0.0
176
1
 90
0
176
1
290
0
176
1
290
1
176
1
290
1
176
1
290
0
176
1
290
0
176
1
290
0
176
1
290
0
176
1
290
0
176
1
290
0
176
1
 90
50
176
1
 40
0.0
176
1
 40
1.0
176
1
 90
0
176
1
 62
18
420
0
176
1
 90
50
176
1
 90
3
176
1
 62
5
420
255
176
1
290
0
176
1
 90
50
176
1
 90
50
176
1
 90
50
176
1
290
0
176
1
 90
50
176
1
 62
256
176
0
 40
1.0
176
0
 90
2
176
1
  1
strokes_ogs.tif
176
1
290
0
176
1
 40
1.0
176
1
 40
1.0
176
1
  0
VISUALSTYLE
  5
2B
102
{ACAD_REACTORS
330
29
102
}
330
29
100
AcDbVisualStyle
  2
FlatWithEdges
 70
1
177
3
291
1
 70
58
 90
2
176
1
 90
1
176
1
 90
1
176
1
 90
2
176
1
 40
0.6
176
1
 40
30.0
176
1
 62
7
420
16777215
176
1
 90
1
176
1
 90
0
176
1
 62
7
176
1
 62
257
176
1
 90
1
176
1
 90
1
176
1
 40
1.0
176
1
 90
0
176
1
 62
257
176
1
 40
1.0
176
1
 90
1
176
1
 90
6
176
1
 90
2
176
1
 62
7
176
1
 90
5
176
1
 90
0
176
1
 90
0
176
1
290
0
176
1
 90
13
176
1
 40
0.0
176
1
 90
0
176
1
290
0
176
1
290
1
176
1
290
1
176
1
290
0
176
1
290
0
176
1
290
0
176
1
290
0
176
1
290
0
176
1
290
0
176
1
 90
50
176
1
 40
0.0
176
1
 40
1.0
176
1
 90
0
176
1
 62
18
420
0
176
1
 90
50
176
1
 90
3
176
1
 62
5
420
255
176
1
290
0
176
1
 90
50
176
1
 90
50
176
1
 90
50
176
1
290
0
176
1
 90
50
176
1
 62
256
176
0
 40
1.0
176
0
 90
2
176
1
  1
strokes_ogs.tif
176
1
290
0
176
1
 40
1.0
176
1
 40
1.0
176
1
  0
VISUALSTYLE
  5
2C
102
{ACAD_REACTORS
330
29
102
}
330
29
100
AcDbVisualStyle
  2
Gouraud
 70
2
177
3
291
1
 70
58
 90
2
176
1
 90
2
176
1
 90
1
176
1
 90
2
176
1
 40
0.6
176
1
 40
30.0
176
1
 62
7
420
16777215
176
1
 90
0
176
1
 90
0
176
1
 62
7
176
1
 62
257
176
1
 90
1
176
1
 90
1
176
1
 40
1.0
176
1
 90
0
176
1
 62
7
176
1
 40
1.0
176
1
 90
1
176
1
 90
6
176
1
 90
2
176
1
 62
7
176
1
 90
5
176
1
 90
0
176
1
 90
0
176
1
290
0
176
1
 90
13
176
1
 40
0.0
176
1
 90
0
176
1
290
0
176
1
290
1
176
1
290
1
176
1
290
0
176
1
290
0
176
1
290
0
176
1
290
0
176
1
290
0
176
1
290
0
176
1
 90
50
176
1
 40
0.0
176
1
 40
1.0
176
1
 90
0
176
1
 62
18
420
0
176
1
 90
50
176
1
 90
3
176
1
 62
5
420
255
176
1
290
0
176
1
 90
50
176
1
 90
50
176
1
 90
50
176
1
290
0
176
1
 90
50
176
1
 62
256
176
0
 40
1.0
176
0
 90
2
176
1
  1
strokes_ogs.tif
176
1
290
0
176
1
 40
1.0
176
1
 40
1.0
176
1
  0
VISUALSTYLE
  5
2D
102
{ACAD_REACTORS
330
29
102
}
330
29
100
AcDbVisualStyle
  2
GouraudWithEdges
 70
3
177
3
291
1
 70
58
 90
2
176
1
 90
2
176
1
 90
1
176
1
 90
2
176
1
 40
0.6
176
1
 40
30.0
176
1
 62
7
420
16777215
176
1
 90
1
176
1
 90
0
176
1
 62
7
176
1
 62
257
176
1
 90
1
176
1
 90
1
176
1
 40
1.0
176
1
 90
0
176
1
 62
257
176
1
 40
1.0
176
1
 90
1
176
1
 90
6
176
1
 90
2
176
1
 62
7
176
1
 90
5
176
1
 90
0
176
1
 90
0
176
1
290
0
176
1
 90
13
176
1
 40
0.0
176
1
 90
0
176
1
290
0
176
1
290
1
176
1
290
1
176
1
290
0
176
1
290
0
176
1
290
0
176
1
290
0
176
1
290
0
176
1
290
0
176
1
 90
50
176
1
 40
0.0
176
1
 40
1.0
176
1
 90
0
176
1
 62
18
420
0
176
1
 90
50
176
1
 90
3
176
1
 62
5
420
255
176
1
290
0
176
1
 90
50
176
1
 90
50
176
1
 90
50
176
1
290
0
176
1
 90
50
176
1
 62
256
176
0
 40
1.0
176
0
 90
2
176
1
  1
strokes_ogs.tif
176
1
290
0
176
1
 40
1.0
176
1
 40
1.0
176
1
  0
VISUALSTYLE
  5
31
102
{ACAD_REACTORS
330
29
102
}
330
29
100
AcDbVisualStyle
  2
Hidden
 70
6
177
3
291
0
 70
58
 90
1
176
1
 90
2
176
1
 90
2
176
1
 90
0
176
1
 40
0.6
176
1
 40
30.0
176
1
 62
7
420
16777215
176
1
 90
2
176
1
 90
2
176
1
 62
7
176
1
 62
257
176
1
 90
2
176
1
 90
1
176
1
 40
40.0
176
1
 90
0
176
1
 62
257
176
1
 40
1.0
176
1
 90
1
176
1
 90
6
176
1
 90
2
176
1
 62
7
176
1
 90
3
176
1
 90
0
176
1
 90
0
176
1
290
0
176
1
 90
1
176
1
 40
0.0
176
1
 90
0
176
1
290
0
176
1
290
1
176
1
290
1
176
1
290
0
176
1
290
0
176
1
290
0
176
1
290
0
176
1
290
0
176
1
290
0
176
1
 90
50
176
1
 40
0.0
176
1
 40
1.0
176
1
 90
0
176
1
 62
18
420
0
176
1
 90
50
176
1
 90
3
176
1
 62
5
420
255
176
1
290
0
176
1
 90
50
176
1
 90
50
176
1
 90
50
176
1
290
0
176
1
 90
50
176
1
 62
256
176
0
 40
1.0
176
0
 90
2
176
1
  1
strokes_ogs.tif
176
1
290
0
176
1
 40
1.0
176
1
 40
1.0
176
1
  0
VISUALSTYLE
  5
3F
102
{ACAD_REACTORS
330
29
102
}
330
29
100
AcDbVisualStyle
  2
JitterOff
 70
20
177
3
291
1
 70
58
 90
2
176
0
 90
2
176
0
 90
0
176
0
 90
0
176
0
 40
0.6
176
0
 40
30.0
176
0
 62
7
420
16777215
176
0
 90
1
176
0
 90
4
176
0
 62
7
176
0
 62
257
176
0
 90
1
176
0
 90
1
176
0
 40
1.0
176
0
 90
10
176
2
 62
7
176
0
 40
1.0
176
0
 90
1
176
0
 90
6
176
0
 90
2
176
0
 62
7
176
0
 90
5
176
0
 90
0
176
0
 90
0
176
0
290
0
176
0
 90
1
176
0
 40
0.0
176
0
 90
0
176
0
290
0
176
0
290
1
176
0
290
1
176
0
290
0
176
0
290
0
176
0
290
0
176
0
290
0
176
0
290
0
176
0
290
0
176
0
 90
50
176
0
 40
0.0
176
0
 40
1.0
176
0
 90
0
176
0
 62
18
420
0
176
0
 90
50
176
0
 90
3
176
0
 62
5
420
255
176
0
290
0
176
0
 90
50
176
0
 90
50
176
0
 90
50
176
0
290
0
176
0
 90
50
176
0
 62
256
176
0
 40
1.0
176
0
 90
2
176
0
  1
strokes_ogs.tif
176
0
290
0
176
0
 40
1.0
176
0
 40
1.0
176
0
  0
VISUALSTYLE
  5
37
102
{ACAD_REACTORS
330
29
102
}
330
29
100
AcDbVisualStyle
  2
Linepattern
 70
14
177
3
291
1
 70
58
 90
2
176
1
 90
2
176
1
 90
0
176
1
 90
0
176
1
 40
0.6
176
1
 40
30.0
176
1
 62
7
420
16777215
176
1
 90
1
176
1
 90
4
176
1
 62
7
176
1
 62
257
176
1
 90
7
176
1
 90
7
176
1
 40
1.0
176
1
 90
8
176
1
 62
7
176
1
 40
1.0
176
1
 90
1
176
1
 90
6
176
1
 90
2
176
1
 62
7
176
1
 90
5
176
1
 90
0
176
1
 90
0
176
1
290
0
176
1
 90
1
176
1
 40
0.0
176
1
 90
0
176
1
290
0
176
1
290
1
176
1
290
1
176
1
290
0
176
1
290
0
176
1
290
0
176
1
290
0
176
1
290
0
176
1
290
0
176
1
 90
50
176
1
 40
0.0
176
1
 40
1.0
176
1
 90
0
176
1
 62
18
420
0
176
1
 90
50
176
1
 90
3
176
1
 62
5
420
255
176
1
290
0
176
1
 90
50
176
1
 90
50
176
1
 90
50
176
1
290
0
176
1
 90
50
176
1
 62
256
176
0
 40
1.0
176
0
 90
2
176
1
  1
strokes_ogs.tif
176
1
290
0
176
1
 40
1.0
176
1
 40
1.0
176
1
  0
VISUALSTYLE
  5
40
102
{ACAD_REACTORS
330
29
102
}
330
29
100
AcDbVisualStyle
  2
OverhangOff
 70
21
177
3
291
1
 70
58
 90
2
176
0
 90
2
176
0
 90
0
176
0
 90
0
176
0
 40
0.6
176
0
 40
30.0
176
0
 62
7
420
16777215
176
0
 90
1
176
0
 90
4
176
0
 62
7
176
0
 62
257
176
0
 90
1
176
0
 90
1
176
0
 40
1.0
176
0
 90
9
176
2
 62
7
176
0
 40
1.0
176
0
 90
1
176
0
 90
6
176
0
 90
2
176
0
 62
7
176
0
 90
5
176
0
 90
0
176
0
 90
0
176
0
290
0
176
0
 90
1
176
0
 40
0.0
176
0
 90
0
176
0
290
0
176
0
290
1
176
0
290
1
176
0
290
0
176
0
290
0
176
0
290
0
176
0
290
0
176
0
290
0
176
0
290
0
176
0
 90
50
176
0
 40
0.0
176
0
 40
1.0
176
0
 90
0
176
0
 62
18
420
0
176
0
 90
50
176
0
 90
3
176
0
 62
5
420
255
176
0
290
0
176
0
 90
50
176
0
 90
50
176
0
 90
50
176
0
290
0
176
0
 90
50
176
0
 62
256
176
0
 40
1.0
176
0
 90
2
176
0
  1
strokes_ogs.tif
176
0
290
0
176
0
 40
1.0
176
0
 40
1.0
176
0
  0
VISUALSTYLE
  5
33
102
{ACAD_REACTORS
330
29
102
}
330
29
100
AcDbVisualStyle
  2
Realistic
 70
8
177
3
291
0
 70
58
 90
2
176
1
 90
3
176
1
 90
0
176
1
 90
2
176
1
 40
0.6
176
1
 40
30.0
176
1
 62
7
420
16777215
176
1
 90
0
176
1
 90
0
176
1
 62
7
176
1
 62
257
176
1
 90
1
176
1
 90
1
176
1
 40
1.0
176
1
 90
8
176
1
 62
257
176
1
 40
1.0
176
1
 90
1
176
1
 90
6
176
1
 90
2
176
1
 62
7
176
1
 90
3
176
1
 90
0
176
1
 90
0
176
1
290
0
176
1
 90
13
176
1
 40
0.0
176
1
 90
0
176
1
290
0
176
1
290
1
176
1
290
1
176
1
290
0
176
1
290
0
176
1
290
0
176
1
290
0
176
1
290
0
176
1
290
0
176
1
 90
50
176
1
 40
0.0
176
1
 40
1.0
176
1
 90
0
176
1
 62
18
420
0
176
1
 90
50
176
1
 90
3
176
1
 62
5
420
255
176
1
290
0
176
1
 90
50
176
1
 90
50
176
1
 90
50
176
1
290
0
176
1
 90
50
176
1
 62
256
176
0
 40
1.0
176
0
 90
2
176
1
  1
strokes_ogs.tif
176
1
290
0
176
1
 40
1.0
176
1
 40
1.0
176
1
  0
VISUALSTYLE
  5
3E
102
{ACAD_REACTORS
330
29
102
}
330
29
100
AcDbVisualStyle
  2
Shaded
 70
27
177
3
291
0
 70
58
 90
2
176
1
 90
2
176
1
 90
1
176
1
 90
2
176
1
 40
0.6
176
1
 40
30.0
176
1
 62
7
420
16777215
176
1
 90
0
176
1
 90
4
176
1
 62
7
176
1
 62
257
176
1
 90
1
176
1
 90
1
176
1
 40
1.0
176
1
 90
8
176
1
 62
257
176
1
 40
1.0
176
1
 90
1
176
1
 90
6
176
1
 90
2
176
1
 62
8
420
7895160
176
1
 90
3
176
1
 90
0
176
1
 90
0
176
1
290
0
176
1
 90
5
176
1
 40
0.0
176
1
 90
0
176
1
290
0
176
1
290
1
176
1
290
1
176
1
290
0
176
1
290
0
176
1
290
0
176
1
290
0
176
1
290
0
176
1
290
0
176
1
 90
50
176
1
 40
0.0
176
1
 40
1.0
176
1
 90
0
176
1
 62
18
420
0
176
1
 90
50
176
1
 90
3
176
1
 62
5
420
255
176
1
290
0
176
1
 90
50
176
1
 90
50
176
1
 90
50
176
1
290
0
176
1
 90
50
176
1
 62
256
176
0
 40
1.0
176
0
 90
2
176
1
  1
strokes_ogs.tif
176
1
290
0
176
1
 40
1.0
176
1
 40
1.0
176
1
  0
VISUALSTYLE
  5
3D
102
{ACAD_REACTORS
330
29
102
}
330
29
100
AcDbVisualStyle
  2
Shaded with edges
 70
26
177
3
291
0
 70
58
 90
2
176
1
 90
2
176
1
 90
1
176
1
 90
2
176
1
 40
0.6
176
1
 40
30.0
176
1
 62
7
420
16777215
176
1
 90
1
176
1
 90
2
176
1
 62
7
176
1
 62
257
176
1
 90
2
176
1
 90
1
176
1
 40
1.0
176
1
 90
8
176
1
 62
257
176
1
 40
1.0
176
1
 90
1
176
1
 90
6
176
1
 90
2
176
1
 62
7
176
1
 90
3
176
1
 90
0
176
1
 90
0
176
1
290
0
176
1
 90
5
176
1
 40
0.0
176
1
 90
0
176
1
290
0
176
1
290
1
176
1
290
1
176
1
290
0
176
1
290
0
176
1
290
0
176
1
290
0
176
1
290
0
176
1
290
0
176
1
 90
50
176
1
 40
0.0
176
1
 40
1.0
176
1
 90
0
176
1
 62
18
420
0
176
1
 90
50
176
1
 90
3
176
1
 62
5
420
255
176
1
290
0
176
1
 90
50
176
1
 90
50
176
1
 90
50
176
1
290
0
176
1
 90
50
176
1
 62
256
176
0
 40
1.0
176
0
 90
2
176
1
  1
strokes_ogs.tif
176
1
290
0
176
1
 40
1.0
176
1
 40
1.0
176
1
  0
VISUALSTYLE
  5
3A
102
{ACAD_REACTORS
330
29
102
}
330
29
100
AcDbVisualStyle
  2
Shades of Gray
 70
23
177
3
291
0
 70
58
 90
2
176
1
 90
2
176
1
 90
3
176
1
 90
0
176
1
 40
0.6
176
1
 40
30.0
176
1
 62
7
420
16777215
176
1
 90
2
176
1
 90
2
176
1
 62
7
176
1
 62
7
176
1
 90
1
176
1
 90
1
176
1
 40
40.0
176
1
 90
8
176
1
 62
7
176
1
 40
1.0
176
1
 90
1
176
1
 90
6
176
1
 90
2
176
1
 62
7
176
1
 90
3
176
1
 90
0
176
1
 90
0
176
1
290
0
176
1
 90
1
176
1
 40
0.0
176
1
 90
0
176
1
290
0
176
1
290
1
176
1
290
1
176
1
290
0
176
1
290
0
176
1
290
0
176
1
290
0
176
1
290
0
176
1
290
0
176
1
 90
50
176
1
 40
0.0
176
1
 40
1.0
176
1
 90
0
176
1
 62
18
420
0
176
1
 90
50
176
1
 90
3
176
1
 62
5
420
255
176
1
290
0
176
1
 90
50
176
1
 90
50
176
1
 90
50
176
1
290
0
176
1
 90
50
176
1
 62
256
176
0
 40
1.0
176
0
 90
2
176
1
  1
strokes_ogs.tif
176
1
290
0
176
1
 40
1.0
176
1
 40
1.0
176
1
  0
VISUALSTYLE
  5
3B
102
{ACAD_REACTORS
330
29
102
}
330
29
100
AcDbVisualStyle
  2
Sketchy
 70
24
177
3
291
0
 70
58
 90
1
176
1
 90
2
176
1
 90
2
176
1
 90
0
176
1
 40
0.6
176
1
 40
30.0
176
1
 62
7
420
16777215
176
1
 90
2
176
1
 90
2
176
1
 62
7
176
1
 62
7
176
1
 90
1
176
1
 90
1
176
1
 40
40.0
176
1
 90
11
176
1
 62
7
176
1
 40
1.0
176
1
 90
1
176
1
 90
6
176
1
 90
2
176
1
 62
7
176
1
 90
6
176
1
 90
0
176
1
 90
0
176
1
290
0
176
1
 90
1
176
1
 40
0.0
176
1
 90
0
176
1
290
0
176
1
290
1
176
1
290
1
176
1
290
0
176
1
290
0
176
1
290
0
176
1
290
0
176
1
290
0
176
1
290
0
176
1
 90
50
176
1
 40
0.0
176
1
 40
1.0
176
1
 90
0
176
1
 62
18
420
0
176
1
 90
50
176
1
 90
3
176
1
 62
5
420
255
176
1
290
0
176
1
 90
50
176
1
 90
50
176
1
 90
50
176
1
290
0
176
1
 90
50
176
1
 62
256
176
0
 40
1.0
176
0
 90
2
176
1
  1
strokes_ogs.tif
176
1
290
0
176
1
 40
1.0
176
1
 40
1.0
176
1
  0
VISUALSTYLE
  5
36
102
{ACAD_REACTORS
330
29
102
}
330
29
100
AcDbVisualStyle
  2
Thicken
 70
13
177
3
291
1
 70
58
 90
2
176
1
 90
2
176
1
 90
0
176
1
 90
0
176
1
 40
0.6
176
1
 40
30.0
176
1
 62
7
420
16777215
176
1
 90
1
176
1
 90
4
176
1
 62
7
176
1
 62
257
176
1
 90
1
176
1
 90
1
176
1
 40
1.0
176
1
 90
12
176
1
 62
7
176
1
 40
1.0
176
1
 90
1
176
1
 90
6
176
1
 90
2
176
1
 62
7
176
1
 90
5
176
1
 90
0
176
1
 90
0
176
1
290
0
176
1
 90
1
176
1
 40
0.0
176
1
 90
0
176
1
290
0
176
1
290
1
176
1
290
1
176
1
290
0
176
1
290
0
176
1
290
0
176
1
290
0
176
1
290
0
176
1
290
0
176
1
 90
50
176
1
 40
0.0
176
1
 40
1.0
176
1
 90
0
176
1
 62
18
420
0
176
1
 90
50
176
1
 90
3
176
1
 62
5
420
255
176
1
290
0
176
1
 90
50
176
1
 90
50
176
1
 90
50
176
1
290
0
176
1
 90
50
176
1
 62
256
176
0
 40
1.0
176
0
 90
2
176
1
  1
strokes_ogs.tif
176
1
290
0
176
1
 40
1.0
176
1
 40
1.0
176
1
  0
VISUALSTYLE
  5
30
102
{ACAD_REACTORS
330
29
102
}
330
29
100
AcDbVisualStyle
  2
Wireframe
 70
5
177
3
291
0
 70
58
 90
0
176
1
 90
2
176
1
 90
0
176
1
 90
0
176
1
 40
0.6
176
1
 40
30.0
176
1
 62
7
420
16777215
176
1
 90
1
176
1
 90
4
176
1
 62
7
176
1
 62
257
176
1
 90
1
176
1
 90
1
176
1
 40
1.0
176
1
 90
0
176
1
 62
257
176
1
 40
1.0
176
1
 90
1
176
1
 90
6
176
1
 90
2
176
1
 62
7
176
1
 90
3
176
1
 90
0
176
1
 90
0
176
1
290
0
176
1
 90
1
176
1
 40
0.0
176
1
 90
0
176
1
290
0
176
1
290
1
176
1
290
1
176
1
290
0
176
1
290
0
176
1
290
0
176
1
290
0
176
1
290
0
176
1
290
0
176
1
 90
50
176
1
 40
0.0
176
1
 40
1.0
176
1
 90
0
176
1
 62
18
420
0
176
1
 90
50
176
1
 90
3
176
1
 62
5
420
255
176
1
290
0
176
1
 90
50
176
1
 90
50
176
1
 90
50
176
1
290
0
176
1
 90
50
176
1
 62
256
176
0
 40
1.0
176
0
 90
2
176
1
  1
strokes_ogs.tif
176
1
290
0
176
1
 40
1.0
176
1
 40
1.0
176
1
  0
VISUALSTYLE
  5
3C
102
{ACAD_REACTORS
330
29
102
}
330
29
100
AcDbVisualStyle
  2
X-Ray
 70
25
177
3
291
0
 70
58
 90
2
176
1
 90
2
176
1
 90
1
176
1
 90
1
176
1
 40
0.5
176
1
 40
30.0
176
1
 62
7
420
16777215
176
1
 90
1
176
1
 90
0
176
1
 62
7
176
1
 62
257
176
1
 90
1
176
1
 90
1
176
1
 40
1.0
176
1
 90
8
176
1
 62
7
176
1
 40
1.0
176
1
 90
1
176
1
 90
6
176
1
 90
2
176
1
 62
7
176
1
 90
3
176
1
 90
0
176
1
 90
0
176
1
290
0
176
1
 90
13
176
1
 40
0.0
176
1
 90
0
176
1
290
0
176
1
290
1
176
1
290
1
176
1
290
0
176
1
290
0
176
1
290
0
176
1
290
0
176
1
290
0
176
1
290
0
176
1
 90
50
176
1
 40
0.0
176
1
 40
1.0
176
1
 90
0
176
1
 62
18
420
0
176
1
 90
50
176
1
 90
3
176
1
 62
5
420
255
176
1
290
0
176
1
 90
50
176
1
 90
50
176
1
 90
50
176
1
290
0
176
1
 90
50
176
1
 62
256
176
0
 40
1.0
176
0
 90
2
176
1
  1
strokes_ogs.tif
176
1
290
0
176
1
 40
1.0
176
1
 40
1.0
176
1
  0
DICTIONARYVAR
  5
7D
102
{ACAD_REACTORS
330
78
102
}
330
78
100
DictionaryVariables
280
0
  1
1:1
  0
DICTIONARYVAR
  5
7A
102
{ACAD_REACTORS
330
78
102
}
330
78
100
DictionaryVariables
280
0
  1
STANDARD
  0
DICTIONARYVAR
  5
79
102
{ACAD_REACTORS
330
78
102
}
330
78
100
DictionaryVariables
280
0
  1
STANDARD
  0
DICTIONARYVAR
  5
7B
102
{ACAD_REACTORS
330
78
102
}
330
78
100
DictionaryVariables
280
0
  1
Imperial24
  0
DICTIONARYVAR
  5
7C
102
{ACAD_REACTORS
330
78
102
}
330
78
100
DictionaryVariables
280
0
  1
Imperial24
  0
DICTIONARY
  5
1A
330
19
100
AcDbDictionary
280
1
281
1
  3
BUMPTILE
360
1C
  3
DIFFUSETILE
360
1B
  3
OPACITYTILE
360
1F
  3
REFLECTIONTILE
360
1E
  3
REFRACTIONTILE
360
20
  3
SPECULARTILE
360
1D
  0
DICTIONARY
  5
12
330
11
100
AcDbDictionary
280
1
281
1
  3
BUMPTILE
360
14
  3
DIFFUSETILE
360
13
  3
FBXASSET
360
FB
  3
OPACITYTILE
360
17
  3
REFLECTIONTILE
360
16
  3
REFRACTIONTILE
360
18
  3
SPECULARTILE
360
15
  0
DICTIONARY
  5
22
330
21
100
AcDbDictionary
280
1
281
1
  3
BUMPTILE
360
24
  3
DIFFUSETILE
360
23
  3
FBXASSET
360
BE
  3
OPACITYTILE
360
27
  3
REFLECTIONTILE
360
26
  3
REFRACTIONTILE
360
28
  3
SPECULARTILE
360
25
  0
DICTIONARY
  5
1EF3
330
65
100
AcDbDictionary
280
1
281
1
  3
ACAD_ROUNDTRIP_2008_TABLESTYLE_CELLSTYLEMAP
360
1EF4
  0
XRECORD
  5
1C
102
{ACAD_REACTORS
330
1A
102
}
330
1A
100
AcDbXrecord
280
1
270
1
271
1
  0
XRECORD
  5
1B
102
{ACAD_REACTORS
330
1A
102
}
330
1A
100
AcDbXrecord
280
1
270
1
271
1
  0
XRECORD
  5
1F
102
{ACAD_REACTORS
330
1A
102
}
330
1A
100
AcDbXrecord
280
1
270
1
271
1
  0
XRECORD
  5
1E
102
{ACAD_REACTORS
330
1A
102
}
330
1A
100
AcDbXrecord
280
1
270
1
271
1
  0
XRECORD
  5
20
102
{ACAD_REACTORS
330
1A
102
}
330
1A
100
AcDbXrecord
280
1
270
1
271
1
  0
XRECORD
  5
1D
102
{ACAD_REACTORS
330
1A
102
}
330
1A
100
AcDbXrecord
280
1
270
1
271
1
  0
XRECORD
  5
14
102
{ACAD_REACTORS
330
12
102
}
330
12
100
AcDbXrecord
280
1
270
1
271
1
  0
XRECORD
  5
13
102
{ACAD_REACTORS
330
12
102
}
330
12
100
AcDbXrecord
280
1
270
1
271
1
  0
XRECORD
  5
FB
102
{ACAD_REACTORS
330
12
102
}
330
12
100
AcDbXrecord
280
1
 70
1
 90
1959938040
 71
1
  1
07AD5B3F-3E7E-4783-9D75-1AC2213DFCCF
311
504B03041400060808009868375C2B0AD4753A010000A80100004F00000034314539423730302D314638342D343136452D423742352D4633373043354233323443302F4173736574446174612F446566696E6974696F6E4974657261746F7250726F706572746965732E62696E55503D4FC33010352C88818181BD8A588D3F
311
13375508CA270B2CC0C482DCC4B491F251C58950B78EFC6B38AB65C0D29D4F77EFDD7BF63742E8E774A044671007C857703F9ADE8C4DF55A6D4DA7D10574D2FD93DE9BF1164AB12C0326328E55A2389652A63849B2102B9A85A10A681208FF1C708E969B4F3DB793DBF9DCD8CAB4ADEECD30DB6B689C44169D9E404CB7778E
311
74895C3E4020F437B06ED3E668C9B9FC82D0F56EF5A0AD35D33D91AC0853452966E55262C98202A72AF57129C0929F0A2E334A5E8C1DE6B132965095E4D02DB1285481A55A0A1CE6CAC72CC93867222FB3AC24D3D67DCD0D28CDDDBAD74D4B283959F8D8F59BA16FF75E4C23B21E86368EA6A6338B5E77E6DE9B7735BCA7F6
311
624E798029C35CBC31B1A27225C3F78838641CCD4D3F09FE8F61BD9845E4388823D20F35E0C8661C7E01504B03041400060808009868375C310173C4F5000000300200004500000034314539423730302D314638342D343136452D423742352D4633373043354233323443302F4173736574446174612F496E7374616E6365
311
50726F706572746965732E62696EEB606060F80F0540260323103700495E20ED9E9A975A94991C9C9C919A9BA802143030777431753276D335763577D53531B730D6B5743137D5357474363232347671737676634768046931363471713532B5D435353131D635313332D475727372D13534373670367376B67474B5042A03
311
DBCBA019D37FE8ABC6157B20CD04146B0062181F4C03F940F0C11E2409D1C1C020E0C02000E242808A038C8583FE600F9580337028045AC300B4871928DD805002D3F5006A0C0F420A89050A4F840C4C0F9202283365A703A620B208C40D2011909126C85248EC0FF62C401E28E6F88038B83CB1243943D7A928312F253505
311
24434D0000504B03041400060808009868375CB5A795FFE3790000DE7900006B00000034314539423730302D314638342D343136452D423742352D4633373043354233323443302F5265736F75726365732F30374144354233462D334537452D343738332D394437352D3141433232313344464343462F7468756D626E6169
311
6C2F302F67656E657269635F706E6701DE79218689504E470D0A1A0A0000000D49484452000001000000010008030000006BAC58540000000467414D410000B18F0BFC6105000000017352474200AECE1CE900000192504C5445818181B3B3B35A5A5A4848486060605C5C5C6464648383835E5E5E6262624E4E4EAFAFAF4A
311
4A4AB5B5B54C4C4CB1B1B1858585B7B7B7585858ADADAD7C7C7C464646787878ABABAB747474A7A7A7686868707070B9B9B96E6E6E6A6A6A8B8B8B666666545454565656A5A5A5505050A1A1A1BBBBBB8F8F8F9F9F9F4242425252527676764040403E3E3E9B9B9B7A7A7A8989897E7E7E9393939797974444448787873C3C
311
3C727272BDBDBD3A3A3A6C6C6CA9A9A9A3A3A32020209D9D9DBFBFBF8D8D8D9595959191912626269999992222222424241E1E1EC1C1C1282828C3C3C32C2C2C2A2A2A2E2E2E303030C5C5C53232321C1C1C363636383838343434C7C7C71A1A1A0E0E0E121212484A484C4E4C1616160A0A0A4A4C4A787A781414147C7E7C
311
9193915E605E464846838583878987B1B3B18587856668665A5C5A626462818381A7A7A5A3A3A1B1B1AFADAFAD7072705C5E5C9D9D9BABADAB7E817EB7B9B7585A58BBBDBB4C4C4A8D8F8D747674B5B5B3B7B7B59FA19F606260ABABA9A5A5A39B9B99A9A9A78F8F8D6C6C6AC7C7C5451AD12700002000494441547801DCBD
311
89771BD7B5A70B8EE04C702641712605CE034890E220088028C93245451215B713AF388E7DFD9EEDB8DDCE6ABFF4B57D97137BE50FEFEFDBA74049B6AEED74869B7E87404D2814EBB7F76F0F67A8835CEEBFA0E42B854AA5B2BB5B6BCC951A8D52A93657A914FE0BEEE39FFE2FF395B9B9C6CAD2D4C4606F4B7FFF8D1B37EE
311
DCB97587F7CD9B4343BD134BABE7DB48E3FFA7A228ECD6F6574E4786C0FC8B5FFCE2CD5FFCE297BF7CF3CD5FFC92B52FFE58BFF9E69B776E0EF5F79E55CBBBF9FC3F5D3DFFB07F5898ABAF7CDA3B74E74EC0CE20230561BF096E97E05712BFFCC59BC80539DCE83DDD6E54FE61B7747DE17FB8980BBBFB2BBD4337DF487881
311
AAE6C5ACC6AF25207877B2B527BFF1CB3B77FA47561ABBD7F7FA7FE146A5B6BD74E3164C7F51449AE95DB412200EC539418717E7F2F11B376FF62E95FEAF1442BED0581DBCA1BD2780D23F506AFA16E1A7AD974EF17876F00DD7BCB187A1A97AE51FCED5BF2BC1F2BBE5B3C19BE27B43CF26DE00933658FE129B109C2FFF92
311
2CC22C4260FA01BEFB462A77DEBC35F42F600C3F5B0795D2E9E02DAD5E650B4438A92801B65C35CBAB7B1EE5041CE69D3B6F1822DFB873EBD6AD3B6FBC71EBC6C86AE967DFC2DFA4CEBFF1BF54F6276EBC114E2F43FEC60B01A0D440A868B2920E5C4BC10D60931ADCB871F3268B21D3851B08E1D6AD9BFD4BF57F7577909F
311
AB86F29B982571136AF01DF5FE32AC3BD9406CAAF2440A54CF176EDD01FBADA1FEFEFE21FE4C9858DFF4183458A9FD2B6708A5A5A137E0EE1D11A9EC0C7C58B2C73C0AD6B479BD76B7790CF899E287FA5B06FB7B07C9195B7851FA8794031EF1FC5F9406BBFB23375420286399B631E93B08022A785C4DBF9996EC35518740
311
94D71B6F487E80F6837E50F483BDBDBD83232323AC420A18C68DA196EDDADF68A77F938F78FD972BABBDB7B87FB164AC6FC2CB760365821ACB74AED44FFAD7E7431ECD7E08AC421F391D199998989A383D9D98E8E56F84A318C58D9BFD2DAB73FF5222C8EFAEF4DE7AF30D756E5108683DA471E70D0502099A7240F19E4089
311
D3FD203E620F1B47BF43501E85031AE44B4B9F2E4D2D9D4D51D8970983FA861B3706FF950CA170DE82F6B312CC4F42C8966295F7D725ED29882415DC055F36DEA1FE96FEC141493F05FAA9A9A5A595B333DED5B3D5A533F62183323032F46EFF13EA0AAFA5FBF7C8976F8C10F7280A014832593B90004D52341980D907EAEB
311
73411EB2F1EBC9F507F92746C40E7AE0AFAE54292BAB2BAB67CAE0746264A277B06508168C94BF772BE9765F7BF0B548FE1E07F3B5A521340A5CB5297C4B12811B89E82191ECF3E41B3259C529F135E23CF4C7F961FB13537F5A02ECCAEA76B5BA5D3D3FDF3F2FEFEFB3AA22053E5008833428DC6C59FA2F770595F311F235
311
D427F379BB8A121BD901B96076A388DC4C3C61C7933CCCD770FF375A6E0CE9F535FE2534BF5ADD3E3FAFD71BF57AA951B6D4CFEBFB8864758A26154430080B06ABFF557610ECC93726224F155D1471041E0D42F82F4891C926C1355B0831649FF365F46FF05300A7A790BD8ADEEB0D4AA9569A9BDBADCCD56AA55AE377F5F3
311
F3EA2A34983A1DE91D810543138D7F28E57FF4E2B5335A3928B76EA1CB9B00BF158C8F63A2E788826896D0B5E7C461949ECE089144F8EBEFC7FB4D8C9C4E9DAD60F7FBE572B416C2F2423ECF8B86C439E450DA970634ACFDA977629098D0B2FAF313A36B3869E37AF7853378CDA1171FBEBA95DF1E44FD5144A420588641B0
311
055A79ED91CC0DC41E27064512FB33F1F04D09D0D2DF0203A646A6CECE80DF28356A348CED8C4F1EF137B9319E1BCD29867CA556AA97F7B757567006A447FD375A26CAAFDED9CFDCFB2BB0BEEE8AA5911BC2C7F85DF88A3775389990AA72219D582409210F85A4E66F2987D875C30848023088FDF77E87F96FD7CBA5B9DCCE
311
F4F4C9FC7C676777577B7B7B67E7ECCCE4E8DEE85E81A6D55AA3BC7FBEB242589CE8ED4770E785D7DDE23FF2587EBF57F50B9E820527316488E5C32D50F979BCA58207297E2B6D658702FFCD211840FE43FC9F3A5BAD9E97E6F21B9FCF16BBBB3A3A5A175B5B1787875B5B3B86DFEFFC687A72674F19D46A8DFDF3EACA59E4
311
05375ACE76FFA922C817CE86A89BDD92F400F2C55B7462F610459837D3A61ACF50C7471C8F2F2A9D38C3DA2F068007F80EFCDBFBE5DCC674B1D83EBCBEB8BCBCBC3ED0D3D333D0B3DE33BCBEB0D8DA35FBF9F8CECE68AE020BCE61C112A4C1138CD47F9AD13F7DC6AB9CF9CFCFAF9D0E01FFE6CD503F5B91C5218E2899CA15
311
098714848B04FCE5654884ABF0E554F11F6C21D73D5D5AADD64B7B9327DDAD8B0B7D7D6D6D07070763BC0F3E38E8EB4310EBEB8BC3DDB347E3E37B5842B97C4E44A0C630427E5CFDFB71E03F471E12CA9FF70E055AE141042DD81234B879EB4606361D9328149037D7D76A571A7E974FA20AD0323832713AB5BA7ABE3B3E3D
311
3FBC30307070B0B9B645D93C3CDC3CDCA41CFC6AAC2D64D0D579B4B1B397A7C1BDBEBD7D36657A3CD4B2F44F4909F2B9CA597F4245C59DEC354316F0587020D0C661742BC02869435FD12CF195C422DB3C5A3E2305C000CE6B7B27ED8B7D63079B5B5B878787C787C7C7C757C76C51B60ED60EDAFA06D67B965B3B67267708
311
0BB5329E60E9B477847AE2E9EB53E35779FD37EFCD2D0DDD68AA355B6B0D81860502B8B68C801F5C697E9AD62F4B406244CB975560BAC756AAA577675B07C6D03778C17E7C95CAF1B3ABABE3E3ADADE3CDB1B1B6B681014470343EBA979F8B90383545727C63E43549D14FD0F927E5F1FDEFD7263058FE02EBCD1BDCBCA053
311
496BD58E69BC44F9F854D4D979AE9ADB908824382AC1D4014E9756EAF9CE85B6B54DB01F02F8EA5908E0D9D5F1B3E72188C3C3AB67879B07C8A0A767B8B831FE5E7EB754DEAE5261460243FFF07858D8EF0D658BDC563A2C5EF5833C13C90B69248C4DD97842B61DFA7F210A2F6108A0F96B62E2D3B3F3DD939EA47E30ABF5
311
AB2B903F4BE5F9B36757CF65021E616DAC6F60A1FB647274B4B05B2E5341B082D43278F67D8DFDA48AFF9A13F22B34C7586C9992BA6E66CABC190E313E7C811AA57304B421A75B289B9D174CC868C24548823E230B9A5A2DCD2CAFE1F98E61C015CA7E96B083FC59F3ED06EE60F360B3AD6F79787ED278D0A86FAFE00BA922
311
0EAEFE1D5DE1F7855939C3FCC1332426B377F692406E022C010DB437EF009803F0DCFD3B7C94440571D8F2C328F115F47FD324802070BAB43FBA80EFDB92FCA1F7E7CF9FA875CBB327CF9EB08C4DE4815BC4210E2CB7CF1CEDECEDCED5B757490968286899FAF95583BF46F9393CEE6A86D6F618CAAD9BFF0BE22B042412C5
311
CFB50556815CC5BBE33E9F61ECEC26A9BCB8145FD10590078F9C9E953B513FAE1FE387FAC246E14F9E3CE7F5F8194BD6594140876B6B84C5D6799C61A16434201E5237582AFD75C07EEED9863F463284E2E13425A036BD41061259289B6BDC1ED656FC8B8592C9D00701E27CEA749F0D8EF44EAD8C1F80FFF8F8F9D513191F
311
6803384C800097F24069C407CFAE88136B7DCB3D5D4A60B711F19070D83235F77331FD35E715966889038E2E0B346EAB7936C4162043E1A1F144093695443A570144898BC4079CEF1912809A3035A1D3F361235F90FFF1E3E0FB93C7E2750719F88E7D8E68123883ADB5B18185AE99F1D11C1238A792DC4BEDE8EC6FF503DF
311
377E0445F68FAF4E08D43082D02170F30131A154206CC559A8D9CFDD762B31273E4947A581E0D9BB71E33FFA07CD02CE2A6BE1EC80167497F2A81CFA3F7EFE58D0CF5D5D170DE4F89070B0BC4040CC17BEAC6B0586C3D3FF0309BC06F44B04A1E13729929B4DF73C44070692C810B08AC3012E8EE9EAE22067796288C193B2
311
139B970B86F47FAD0F98382B1E035D9C32FD318A4FAFCB274F2E1FA772F94411B0CD42493C23393A685B5FEF3E1ACF554AF5F3552A478383374E6B2FDDFC4F6DFE38F4F4ED7A7FE838F488EA852482F412D3CB07E293D02C9F074F12E84C5AAC423271450572A385449844706475FD38DC3C22486A0639E5F1E38B0CFE93CB
311
4B25910EF309A2224BD8DAD40C682C28341AD69047E8539A6AFC14EC573F7FAD10AE0FE6EB13E87B28E093B513B5803514DE408809BC12A14876DE0A25F643009E9176D9F0C330164285A7444DC8CAF0E9FE41429EE0A2F6A6DE91C0856C501272404A8468822E24C807030B1D33D40D4AFBDBABB411D093D88C86D7205E05
311
FC57EDD1F805FA4CED5920F0CED39157E007CE21757C5DE440ECBCB46CD283E378029B43FB077B4F47E60E9F61E8D01BE017D7E843EB49F50A2028F1E442FCC90C9EE308E4C0C2C94EAE30B75FAD3A0EAFA57FE9EF960F14BE15638840EAF3BA490BB6850EDB38EECAFD21A0C746D0C4234DBD035EFC7EDD121FA585FAB73D
311
B89FE6A03CF833AB0730E5E2F1A36CE3F202A128934B44E396961121E1F2C9F32BFCC0C140CFE22C1CA8E109B182919696BFB98120234F61B59F7BF46EC30CF067B21A33B0FB3E402448EE266CCD93135A8E823DB31F85E677434E608F53F8100BC0098EA2FD6BC01770E0F2F2D1E5452A711C4BB8486248FAD756D852026B
311
6DC90A2AA5C6B69E9068B8F27AFABFFEE8AB36F1D23985D5960014FD711940800B560250D2272CC54FF1D3A660B275AC3881E349689C1616E1E9044129D032313509DE4700BC867C71F128C400159407C761022BA8A040F40A244788808C60B3AD67A17576279F6F946923191921B0545FC2F12AC0EFEFBD7262B6935679FC
311
7F80629160ABFAEC88E8430E76D82A8DE62ACE50BD4A42FBF03B387B37FD321B37E31C3F063D99703F5160E6C9E5A300CF32A91E0A085A29C0FC507F6C21012303C6104B82C1F1E156DB3229D1A855A32A8352C9077AF733A0AFE0FB3EF81FDF2F0F82C21B0EB06998866878B103305E31EC17F4FD43831E570A2118D16676
311
32D4FFFFB125782F96168A833DBE78C3F11F8383A79D49F58F1E3DBC780417AE6581381E8610604888E2913E12492881274822C221AD04CB0B1D273B8542837460898C686864FF6F801E8269F40AD0481DFAF5E6E9C1F3BE391C325004DF0746A4E4448F7B52C0D5EAD39EC46896B888C4210D68E99DFA2820DF7FF850EC40
311
7EB55C3EBC5028611409BFCB8889C90F1C52355AEF98B18100094C9D0EF6F64FD47E5CBF3FF5293DDFB4B50DDD54F351446FA1F14580DC3902C085F593CB24ACC917B213BBC11B3F0A61042FD8B24F4FB9C4556D0CB9E1A880DE89934CE9607F18F81FDD950DD0E1D143F41D56110E227C250621FF098838042BC85B5B6BCB
311
CBC31DD37B34966E9FFD9936A2FEFEA9EBA4182E5CD3E17AE35501FCE0707E5525A7DBC64DFD077825BE37CE0BBE1BBEC061410C660B6E49912665E2B3749C7C9F93834022F74CDE6CA5EB501D9CBC04B768292C5CCB84478F3CA83074092C6082169015E5800D5839DC6C1B58EFE83ECA513BDE3EFB8EF1242D2D4B3FD55A
311
FE03D42F8492AF8A3F21444FA2FA9ABBF525EAF84C09F0168527B0138A85D1EC0443C467B28BF844EAF76323BE13D7C11F72FED783837B970FEFDE7D7817E077C17EF7E2A1C2C0FE851FE4C008388C15E818958746129E1009D054B67530D6B3D8DA3D59D82D9D57CF70039FF50FFE0DE94089DB269C3655A4F25B38C49D0B
311
D48E59F1526887C18FC5272197F85CA72862A593A4843CD25F920487DDF7AA0441A2C0600D062001F103FCEEA3D8560CEC3EBACB01CAE5A51E420349F602191E5F901893142381351CE17047E764BE50DEAF9E4D8C38B6ECFFACEB141E54A6865A88A60133EE9CBB4C256930B0B168C1C3AB59FE1743FB422C7166082E934A
311
FA5EFA3E4BCE0B69362FA7041818B7FDECE1DDFB4D022007CA23E521F0700AAEB5888BBBF08023E128B4045381542FA256B0D04E28A0C3804E233A1BFB476A2F48FD135BAF9843BEDA3264EB42BA499601F16B566E72C7EA35908ABCB9176BBED43204C696AFD3D7B24B08D3AFA44BE243D88A6D9D0B6562B52F741E1610C0
311
EFBBAF2B0829289A640EC4C8A4FF66A24430786CEBE1E1E61AF9507BFB496EAEB64F8F49B4129EBDEC065EC1F8A3F228A3CD0950883B41BEC6D1944AE06147289600A7726313AC69A3F91197F1438BCB743E76F01F6EF1D1C854071670FFFE43FF1EDED702EE5A14C85D0C42DF90B86068800659AC88981855E3E774A71C0C
311
AC2F76754EE7CC87C808D1E1E0F6CF47FD4224731337BE1E39C5010823EE997B1491BBD99FC8D8EF77482BEB5EB2CF66499A8E0F7511B19B3EFBDACB6507BC78731B1B383D02FFDD7BE8DD9256F7D0BA7B46015941097B80018F700FFA024CC08078F51806100ADBFA163ABA8A3B95B9D2F92AC30BC908ED31FABE0CBEBFFF
311
0279B675868F9AA24E9530B08C174055B7F48E4F58002F3E82F0BDFA003E8B431EB6C4A91E4D9B5FFB791265BA8827BBE5F1BCFA7F789F72F75EC800F8AE43FFAEC42F13009FB905A9A0132015D0068ED7682AC608BA6771038DEDB3B33082891FAB1ABF5614F93238079726B833958796B845B731FCB86316713C1DC581B1
311
E19B424EE32674093F80776F7E27C6FBFAC85C536CD955B96EDA2A3FBF770FF4BE11845470EB3E42D022000E0FE07D161811020742162444668308801E133A4C163BE68F6826A5523071CA78B2FED51F28F8C70FE4190073A3E5D3259D7A288CD19BDE623F10021BAB0C6E327FD507B2741627727EA00D31856492F9F009D7
311
F152D930704E642795C1C1B336E0DEBB7F0FDCB79318543B25341F36802D64A981A690B94259607DE0B19D466BF8C1C5E1CEF9A3FC5C639FD6117B4BAEAB453F8EFBDA500A67E8BAF76C8A06566E36EE1184E8329419161F83D843D5DE7D8221163E145F56921C3EE383978072129E290A9B7166E63D26BAB1FCDBF710009E
311
4051842390031845F20077CD079407C575F20364C4910ED2A574BC357630B0BCD8DE39335EB175646A698458F6A346F003A93002E846FFE0C459B8006E506D79BF902908A0AA05CB5E73530E33BA1D3C2EF99C712B7C8B41DF4D2A7830BE8707485FCFAEEB85A09AB6D39BBF7B4F23E00509C20DB04E240822A4B810E04D8D
311
53D10D504C059ED86BB8697F514777717A8F8144D48A4C89077F7EDB00E2D89DC02A7B975640A282C49A4AA84B70B12BFED8EA6584860DFB7EE23FCB00C6BAF7332FF259FA3C9346508813E372F1DDE425065BB61FDF8300F7EEDDBE8D0C6EDF46F7D8823478590AE23759D60DA6B7A9F125EDE8F4A5D2B37470D0B63C30DC
311
DE3D3D59A8D1501EB1B0A5377517BDD6E301F995E3F955F0F58FAC2E81CE172A8344AC03DC6781939D2484B8FFC15E8F3ACCD3954CE19576B942D0A029188EC7013FE59AE90B71292DE774F1F63D60230180B30A2EDC65291B6211B4081128856001A680015CE000708254891851D4B3BED0FA4D7166B466BFF1D2A924885A
311
D12B387FC0FCE6819AC3AE06A7AA4B715F0927B74D119D4A668FB54B8A8C268D8B038A207D10A7B1E95E42195B695BE0240F7408B311257C23F581E987C180140C584A02B1670CB817CEC0A080F259F1360E58452013200E3EC107AC1DF4FD7B0F6D23F33347F9527D9F51E6138E31AF35F1BDAAEEEBA3D71BB402E2FB47CE
311
CEE96B4DB85536772B07C82A34F3E66D0BCEC207FEB9E70643761276F7B50D5EE963CFF80C7AF4A2130F5BF8C4EBFB5F07B709840480DBD8007FB7EF3F90104908BA457D43AA2A6A02C91422285E5AAC143F3313A0CB74D9D164933B86C25587134E8D342B453FC982860D09FD13ABE72055ED020E85D3E312F74C25CB0293
311
D978A1C4001927C80B86FD06349126EC219F0C735C8053D8F5F310817EA01F1B7851F406144C211C6362C27DD51F1E310C0102280ADB891E9B085CC528A2B1369A46BA195B9A2B351862CE43174BA73FB7CBB430A5798F4C54B7333B96C3224A9863AD02B9FBD8E63092191924E77C199D92887DA594B6DCF0112857162FD0
311
949FE6A441F5E62E42FB2105BC405A2301A3424601DC807912CB2C39C604A27908021CDA30C4C8C2019A883B3A8BD393BB3546136EAF561980FB63E9E035FF73B96D09A905ACB2C11D79571C5159026227DDBDB81396EB03F14100BEB66DE1FA9EF82C3ECCBE318119C4269FD014E66361FC8BB0B4EA9A98EF3D8848A01360
311
430284335004C183CC25BCA82D2302EB03B8419241C64DF4F5ADAF77B533BE786334BFCBB8DA72BDBEFFC36103AFB30608A0B39B58D93F0BF42180841DD26BDC22CF0A770E90240006BAC65197D90920131C7B2EB3CFD3C71C6378A305EE8488FC1FF8D391E2BDDB0F6E3F45E7C8207C419800DB410073A3173942CA8D5242
311
642A74496FF115832A6314D9FA4257577BF7FCF8F8E8CEE8DEDE5EBE76DD3CF892BA7FB8B90F629431B5525E92A15A3A4A6FEA3FDD73136172060959206591F4C927196CF645AA285CF3014630121754261C0D31E1A7E3DA2DBDB54B04703BDE3A4209F02045C4BB0F529A14BED07098A2A1CD47513DA64B512F409BC01663
311
090796D787173B5AA141B1B39BB470EEBCF1E30F9D263ACC4D05110797CEF7B923B027F089F74D1D06F0A4D8C0CDA6604023FCA45B76C5CDE0BF3845ECBE13E0C0ED73700A8A753C1AC8AEFFF1B407FC8A20F42F0D94019121DE304077A027D4112283BB8FF0072444D68AAD111D6F591BC0061854BBC048EBBE9E81F6A33A
311
95C21BFD13AF3C7E7DCDFFEB0DE8903F77B41DF178E99C289895B0EA8CD640549D68935BA7C5294E0A1D66DA0CC419BD398E6265789CA1241441AC94532A3C19C95340BEFC68703077EFC1D307B71F3C500859C11494838E902203A2BE90EACC5135B80B078804340C920C2300BCC06F7A1C71B875DC572C9BD1D84BD5FB93
311
63CA6BA7D03E5C40FDFC54FC23C9B4B9DDD028787D89219038523BF64E638BB37CC25335937A00DFD32869C5B390C8C32FF25C8C47A7181B4A599A224A9DADB0E0406FEFF9F183B7448F081E3C55024FB33828784AB61704482CD0160C04174F9E33BA9291D58C2F1F1B1B3B5863B0D9F3E51C35C253D54A23E560E2C0CB3A
311
6F7A81382601C2079CAE96B7B1560D20A341E85A928A4E01083256420576C2ED477E2E565FD9223BCC691CF394D3D8E281501E0EE5C1C8159E92585D255CF30CC854C75318006EA4A01028EC853F9407C6053910BE105348324002260254886C156260F9189EE0F8C9A3CBAE9D5A992184568A69D5183A7DB97DB089FDC57A
311
EE54F858FE54F577DBA85309640290F2D220952620750C5811FB772A7876D1E4040FBFC6474D51246D8B3FB378283FB514F8AB3C20B8BF7DBE5DE541C9A5D3D38DDB30E00151E02523081BC89C2214103E0BC1B3D0199A08E002681A2613A2616CEDF0F0F9C5DDC75DA395C25C0309C03DEC8091A4AFD3FEB504AAC6633930
311
556DAC86EE3561941E862C4A75DD6B6BB3A0C59BE153DFA73EDFCBC3CE2188D3D378FC976D0EF9A95B7C8532F527CE3CF539581E0FE501291E9139FFB65EFF5DBD8E0C18DE3077170A64E033FD278F18068028802F156C3809FDEB11B1019C208D020C9BA2870457F0F8E1FDC7EDD393E3B9FC9C4308E9315704233F960E55
311
4802C14716B0B45DAB5EAB5E25AB7830EBB8D25E6CA94E4AA01794FB1EE164FE9F040FE82C940A4BCEF913075D087E85A7237D3CF29C47E4E676777779528C4781761F0BFBC1D3A77880E40C9A2E5109180D5255317890394229F0F082010354082D574F1E3FBAB7D6553C2113DACB97BEB5526C7C6F69F9310A94C46CD89F
311
F8F379AD1AA035FD00FF3F320180F01417A6F255A3A8D86319FE0C0B0E06A0DCD33F79841339C01E5BBE1911AFCFF7C1E0A540BFBDBFCF2372352686D863F83F59CB6865F43104007EE06F52406F680341102048A01BB048823082CBCB0B6AC48C313F3E7CFEF8F2D1FDC3D6F6F9F9D9E98D9D7CAE5EADE2A6512FAD7AB526
311
E17F600C85550DDE9ACFE9D97E694513103BC69F8A2813176032C890C1E9C49FC09C61670FF8705B1D7386260E7C8E7122C7F8208A55139E8C8D4763F7EBF5728DF9C34677364E3A3F9AEFDEC9CD95470788834F9FBEC512379890B38C94205B2557987C4186DF5C0837608DF0F9F3CB87B7EF6E920475752A01460E556919
311
B2B64296FB9FB70DD5F47232A0F77465BF140CD001F00ADCA175090E2665A14E6329B62660E02A1CB50C6025E3DA252A670B3F0FFAA5EAD94A509FE7036B159E0D1D9F2E76B7AE1FD5A606198D3A747AF450023CBDFD162278B9446688111009B4029B0F2180AE20A542D40610C073B47FEFE1416B2B12200F3C991C2F54EC
311
2491027A816B0A34A9D05C6F437AC23462385DADD75642EDDA738AF1600DBE07EE8437804D2D011A94DF71C2085EDD40266A407FFA1D1C00B0C03927E60338E3B9D8C47D1F8CAED578E06F7CFAA4BB63B175FA7C301B747CB377F45192003CB8FD34B12009224543D8604494011A80C1903CE0518C986208E1C5FDDB8FDA16
311
1686873BBABABAE74FA637BEA894A44078C19696F326E057D7F95D061A6B0394A9D5F2DCAAFE4C2388D8A6E9AB7695CB0BDD0A332430F1A9333DA41D1FFB97FA09AE84E738C75C407C260408F8DBD5EDED7DE1570A7BE333C54F16963B46AB0C2B71208EA3D16EF4EEDCD7005241166C005A73C03164792151205C007288AE
311
337B4D7103741BDE7B7AC913350B348B2D767515674EC6F72A0402BBCB41C81305AFCF05F2758D3ECAC8D26AB97606DB9581A4B7A8FFB068CD5C0604E6849046B70C2B60FF0CDDF93C13822B4E82FA0479A68220E66D9FD775FB3C1A9CDBDB9829B6AF2F77EC9E0678FB20ED8D1B1A1A39D10F9812E20D6281F5673121AACA
311
A9C53424000DAC173F7E18C3052EEE3E78E7F1160F5AAEAFB70E0F7775CFCE4EF384DDEEBEB9C0889D5243BDF557559FEDE5F17AB21E118C4C31A3DF6A96B56AC62180293910ECD6B721047664BCFCC6B2DD3C65CA0F0C823DFEF84083C7ECCDF05898EEF158F4FEF97EB9C123F1B9D1D1A3D9F9AEC5F5CEDA84A3C96C14A5
311
5584D62893D6A54D8D2028D05C8B1F124884543F3223B29D208B04910D3FC43F5C52196AEB5B5F5E58E8E82610F08C21BD443801233C0CE8BD1E40F84A1CA86001990048031ABBAB11EF83F9283EA89F181F2A0D9A9F62D94B7F625FD727E6A93F63F200F614F7CF100D4511C07DB45FC5F0CB4CA359ABE4774631FDAE85E5
311
99EA0878A3C33D5AD6430CF4C055EE5FDB80629000D7855DED3F436F3B61B3DC7FFACEFD2B1BC6FB0696312CFA477CE87A87070C7998E04FBA78AE3F915A065E819FCF35B410321D9ABB308146A11AD5196CDDD7C477A171C8AFC74B45CBC6F641AB53C8D4ADA5870C02379BC0470CF83DB55F073E29CF5CE5F7A3F8FD62EB
311
7AEB1774C2C6780B9523F9287193FD23DDB79FBEA513B45200E2E0C1B51350163AC19043C600F2C1DBF7DEBA7BB9B5457BC0D840CF325EB0BBABBB786D301437000020004944415472B491ABCCEDAFC0591201CAC8EBFACBF367FE7B6E40E69F551BBBE7123E3C00AC560CE20C62436E8C3C54CC225EE08C0D74CE26148877
311
689EDD004FB2BFBFFFBB984035373A7954EC5EE8591FE531348654514DB1D1C56411DFA2A7C212BE5ED91278F2851A432244C6822C29C85A8B320ADCBDFDD63BF71FD32648E7D098CD018BC35D7FE89E250EF2AC75F96C15271602687965C844B8807C6E7729D93F22E81D39ABD62A0820C1FE9F11CFA7208125D33E96FD69
311
E83AF6052DD32D49FF0802CD9F9DFD39260389A950887A647CCC99BAB17132DFB5DED35138FB3A060F6295AA5E195BF0BB56495A5A4A8FA440026E46A047D40ED2520A441C302D240F201FB8F7E0EDDB0E12A04D8816215A0579E8FE1B1281E9F19C9900DE79842E2A7CCD48E9876EB01C75DBA0E0C8D44AB5512947A00BE7
311
CF5DE9E1A6A6BE43CF1A78783DFD5A404E4477336C1ED8B18908B2A847B2AFE9839E891137A6673BBB96FBBA2A4B8E9373B001F08369BA11BE8ABC4302FD2345FD6014A127068427D007BE28B41D9B0D40FFB7EE531FA673C8870A69135B1CEEE8D009C08042A5B4EDA314920B635BF941E7487E45256439DFE9D276295F87
311
E698389CD49FB394FE19720412DEDDC40E9CE9C6DD605E0B719FADC416CB15AB3A61F9B5B9B9426E54F81D8B03DD950946D432B40CEDAB7BB5AF11213CBA73C9BCCCDAFBCF06127C7980FE6D1DC9B4DF14832D6568FEAEEBA76FBF438300B541064ED33F3AC0B0D10505306FD370AED02859234402F6C3FED006766DDED203
311
4D90D119057225EEE3DAF787EBF30EC51ACB4F551678BD6728E1944730C095F13E4D81A4DFFBF67C5BEE37E62A85FCCEC6CC6C7BC77A5B477E22223ECA4FCC0F87E2A5E3EB782BDB25B8CFC6736A044DE5A7CDA604526361D650484FE283B77EFBD65D52C1C73C4F48E7D0D81ACF572F2E2280F98FB230508FA906B42DE240
311
ED651B301CEC83DE1790C9FD96B6CBF986BECF3BD332C18EF627A0B6EECD5B152E02088D03D828AFFAD26B05BF671B4F9A09A8CE0CD2707F67F2A4B3BB75B9ADA331C1305BBAC182FB4A79820B7EEAF73199B8404C0B81231CDCBB871B80FC41FF5860E8E108222A1A076C29E6E03B6F3FBD4F1F295DC457573C7ADED636D6
311
B7B8C88413DDF3B327E1046AA51040B40CB50C7E3F1D2E44DAD34CFA604029BFFBE714DF0C069908027EB275F1F366C132E1A7450B04011CF82B2B647CE754F650FF6E25BF37AAF65B7BDA16CAA791F1D09F6CAB989EC5AB7809BE145FA459E8D3E4B0FB47DAEF093B946FED585B80FE1A0305FD5330FEDB4FDF79FBF6BDE8
311
1D8300CF6815E5F9896552412A03F31FCDCC7CB5E32365550CD9365FDCCEC8752E943161D78047336F8AF6539840A1F2E764FDA2970999F205CD2BD1F5CF496571F76EAEFA0E1CF8FD2A55FD06391F9EEF8B9DC9994E72BEBEE1FC928E2F223EBA0FBFBFB4F2DF137BC894B8087643D64ADE6EDED67F7680FAC9060239E845
311
FC94AE93D880F994FBF71FBCF5F66F9F32C292EA900F9C1E6F1105E81C5B5F58A067A448143842008D7275EA3BBA3D2516FDF02FF79260020D6B3C714711F3CFB61BFF56A826E627E82256F7400FB387FEF23C1C1E77FD6A21EBB1B2B35F2F95E7760BE1FA3ABB3A981423477517EEE36FF96F122B942F6FB64D9502BD1B90
311
89162532A2FEFED255028FE653C9F46FA321E0B588B7DE79FBED07C44106CC85133CA65190543004D01D02D8181DDDA5A9C91A7110805B7875B689FC3902200FB192E7DFD936B37B57D9C338BD49E99E181F4E5FCAB2ABC1CA7AAB382CBC7D515457CFABE6FBC63D525E5CDF74B16378B9AD6774A58531912D232DF01BAA91
311
3DFB7D3AAFF912984302B84D0500077800D26C60A4742101DE420C610C2E92FA93056022EFBCFD5BB6B38651470CD33BD87630C05831BA864C85997B8754B05167F0706499DC442FCD22592AEC2ABF3FF13F950039BF159FA9B36ABDB2778EFF83F70972B83BFD3F4899E64DD8346AA495CB155A7499F2CE39B0AAE755125E
311
B84FD8CF8D8E4F4E9FB4B72E8F1DBCCB98B31BC4607C2CFF21C8145FB48EA0F2159F86A3098415609554DEFA7B27EF1301033DD06D274BAF6821D220DEF96FA4CBB60B3CA241C021D38E1AA76B4406B4767576166766A6C7F77273F5F395291BBA19F64F2E3095C14F3E60371827741CB27E89543857D6D96BF9A47C6A9A26
311
057840332EB843717AAD171880217B71FCCC0355AED3D4819911F79D0EA8AD6DA31A83E36C5DC2D470295C011302387069158F6C9966022367ECF1D00BA9BB95C389AE7B6105A1FB640689033A7FCCFFEDB762189103A61C3A4FEFE0D6A6B5A19EC5755A443AE78BC5E9235B047890A65919A0D2F96AA3C01CEE913BB3ED23
311
9C3E0CD8DDAB99E4348BF3F8B977B6C43DEBEFBD7721A839A63B94C06A10DB87FCBFA3C2932F8C26F88B6D6BB30C3C4E09AFE40FAB52EFAA1EC0316920E031A46D65A0FFE45A673432E907FBCF86717AC04F2CD0EF512D665FF53F05BFCDC43489F150890C60A8E0314E70A06F619D30D841189CA15D3417F3CD50191AE439
311
6543F0C42BCFD696C58DF163F5B46D708BD5FDDA5E5E5FDF9401BC4F7E00E8A17520833D1CBFF495B5D1CE037C664123EEE74737268B5D1D3DBFDA6AAD8C08DF2C0BC7A737E10AAB2A7B958990CEBF556CDBEE823CB09FB344143463C630CFFF585D330CF0320E921744A7918280FEEF981161008E9FBC78C830217A07B7D6
311
985E83F9A79884ABB5AB383B4D7D788F9FB3D867A2112A43F19042B33A108690CF6F472F8661CFAC971478757F6E6F2F7AEB82FEA85E5715941778B278281F28C268AB24BDB470EF3303E09C359E9DF1CF990D8A096106E6A66C8620DDE7D281DF0B2831F20439A30D68386CE13E002F7EDA8D7806162B205D6A19AA1FABFD
311
6B1B400EC2BFFDD66FDF7E8755B4883C043F43046C1326136680404F1F934EBDDFDD39CB58A98DF1BD7880E0532E671FA1435E9D6EA5E9071000BE8F262E7C4044FD95D5FD526EB40A05A634775F32205C3D779FDC168CD5E56BF982508BF572BDA4F6F57D3304BE9EB18149461B12F760D7485891CA47CFC44909136FBF49
311
31716A2E100123FC6CCAA6A644F25EDF4AC980B14039009BECE8B798BF69A05DC5B6885CD23F8E13A46FF0C0A986D617F001C52241801E87C2974C31411DA3A5D7B6175472763D637D3E57C33B908F867F4A59CFCA7923375E5F027A983E18BD7BD4E6FDDBB2250C1529F4202EFAAF979DFFB1F2612E87EBEFEC58581EDB9A
311
A95AD1D7C1905F7305BF8182D5BBB524D47C4E3B81CD843220DE1E6536497C0962C225F75A2D6A998303B23FC501F0B3F736EE1FF01200FC8C99F5515207C9C40081DF304C0A17D06E26CCBC5B3C47459308178301FA8057C2C0AE9D99B05F038828B08400F2E3251254DD7EB8BC4853B101F99AB48E387457C96951E5DB67
311
0648BAB70A7B04FE93EEC5F5B183F9739C98952C6845C380D401B8FC86E70A20744EC720E09D35955D96A9041720196D183AC2CFE6AEA816652D0234883D788BEC8F5DF2615261DB031C2381092401B48D8D2D870FECEA9C3D99DDB036C8A051058030E32190976718C89F031DFBFF2EEA3D88606A8A19BD0AE305BDFD12BA
311
4FF46F1A0002B07137989C748936E9DB2C91F43B07E4E4D16C3779CF5A4FFE8CC981F07C29E34B7C012AF0054FAEA4A6A3D49D3A16D2B3CF220A029003366663053C89B3FB1827080DEC2780076FBFFD8E39810CB0593CC68B5D9009F2D400418028B0BC6CC74067E7C9CC0C2690FBB084AA5254A12AF63543B35EB40D17B6
311
93F7E3464D5094C00AA9E04E0E0524F5C35C5EC6BA94B21AAF2440725E2A9FF94FE7A8F0E769EB83FDEB039B631B18BF396F5C13CF89ACC02C387DA56DC3B1CD84B96CFAAA37B55FE723B611062258257D331F186AC93D8AD600B4FEF4AD777E4BF68F2168FF08C081A37AC13446C859964803961928476D78F68419390D83
311
0C1935B5C2A0A22A3AB17D3D6428BF12DC373B8D464E04C0A496BB3B3B75639DCC2500E0F0B15FB6F47B5A7ED0183A87CAE8D535F2EDBD4B3B7FC762DFE65A07C30B2851DB890082ADC07131EEEFA3DB7DD5CD32C0860CA83CD4B7993A175F422A8149B1C1D94C1145059D9C78A8A572A90B7C8B1E3392FF77A80C50220880
311
FF3669004E90F101740D2B808181455A044904674E7482CC3EC85C4BCE339404C0B0BF6A5611E4F9B8157BAB6DE327EC9BFBA1B4557ECB609C1F45326499EFB90EE78F18227F09E563C9E63D847EDB3B68EB9C39E95AC4F7ADCF7D87F6752BB6912040281E4A0D8A8314E80D60470999B8A51FB1488A66A9F3F81FFA61C83F
311
4FA6969E472288FADFD61B005E0EA4284822E018911828E868614DA0C36E11F3A051070BF2F0840E35F200E2C0C80A776CC9E7E6841C0503D0EDF15ED9AFE527E798D23BEE5F0604E58DFB7099D739BF0BA5D332EF29F1535995BDBD0DE681C4F71DFE6A7AC5A13554AE6910963E9ABC9A0DB5B202225545F5CFACC942B5B9
311
3C207352B6E5310BF349AF200175D7DFDF78F6D683B7C87E087FA9B35812C4F8F13452CED610A2207541E6D659A739441F3833CD0C9C3C3DC2B0712F62333C4FA9327C9CA1124904B4FDE0FE21C119776CB0C212AAFBA5CAF80EB43772ADFE77CD9FA8A4144C54C2FB2304C65F62FC3678E4F6C68F30FEE1BE8383CE7DB86F
311
58B1AE0C51F0F055E188D02F00911DDB0991832228B3172B3E623E513FF1734FF414A611A603163F401BEA790FC9FF7FC3FD3DB02DC00184145B850D01D120424DC03C00FCEB7880EEEE939399F1F18DBD4AA54C939899304D913CC2D5CFBC55E50C7FBE4C0E14AEEF53D6843DFF56BE2D554637EA047D3C210E2C61077875
311
FB5B40E19F43AB7470CAFE1C0D3ED3B3B4778D1DF6D4F837C08747180FE8394F2CA1E0A46B6DA62CE2B2DABEDE0B1924098580FC16B369730E9E90541D3730D47FDE16EE1FFAD3419CDA05ED1F2715C607F2E81893AFC5936303F40EB776F1D808BDE393A3FA401E1C706E154C892860AD74A2949C409E28A8FB3349C764D1
311
3E4D1D3468952B7B1B35001BF41142CAD58D6011C8B78961EACAB66E9AFBC627673B61FFDA4167950A274145BF11EA17BA9AA60815C2C43AE1F648E3772E53C94E6364AF826019E723069A8AA353A3BF7FB5359281700061FF64C28C10B9AF0B70B0B0D30A31CD1CFD22F68C76DA1E44558869257892363C091D313EFA46B5
311
7C3BEB252E9C6BF5B4799EC58F1910F469E25AA17B343799DB3E33CF410061F96C6D63FA91B1000CEBB7D2971BDD39A2A76361E000F5DBC1688D47CB812DD60F8001AF25B328D173A9E4BAC18CE9F1F628704330741B2649B92E9714447C68559C6CD2F681919367E4811100750058809D0230C087A89FF3C80C23C4C60882
311
E481F48D531764BABD5CCECA308DE2F63D3BB50373D630796126803C2D1FBAC148F7592881B395ED7D26B7DD38D7096AF98841CB37592561D9C6565317AFBE9FC4AF7371E060736C7635E0CBA1809FC80F544DBAA1F2F9393D970D44C0615A0C6930E758B9E63AE690F73045F0C8C0731DE9CD80F718E94652383458799E02
311
C06D328010011C7090D8C5E5336A83D4059953877EA1E1D66FBE994F04608C4C991917230FB61F9AEE183A40AB9108D032449FD1A7283DD25ED15360EF7EA9303EDDC0043403531EDEAB10DFF87F5E2FD56DF0F1B701A9F614DB17FA0E0EDF6FD0B1622A81FA3D1DE5A33F551930335C353A87F9AB05C60455193448246944
311
A232C5D07636D864CDD7A50D0B4440CDCC465D1C418321F50E1648D500294065D869559EF3C40C8FCC6C323E989AD0F0C73142480B200842802C061008B480A9954AF282052B3AF67350FD0DD30D1F4075AC303A5D490250F5400ACF479656861E4C77AFF327F3EBECA4B57B6B6C8FF62602BF150744656A87DABD7BC6BED5
311
0527B2120C001A0B3718C74F0C65CD34F275164D7968148DDF259AB8AD6CA81CDA4E8819509B996A7F642D987A401A2B04018C01E6C169A8700F9DE3B489DB2BC49C9B7B858A4F50D22AE15428FCA4A1EDB20C83492690CFE361CC7F8C8066FFD0D77AEE797977F468A36E0B0DFC87F90EE6348BC748F7CB73B5B9DD5C6EE7
311
AB19ADBF6DF359F1DC2A0F9E44F213F8041F64274C0859A2AB7C37440FEDDD2F95BE44065F22067E3EA0CC3BD8C0D8194EAB291CCEE20B9CD8E02950AD806080047A279F19024C837C848816719AC4A34DF8F0706CED904E8185753A458A27E4C1E37B5F30A104932BE140E0BF4E400160F320B054A8705042FFC47B494081
311
0173F9C9E97240C7FCC3F3813EA239B745DE9F1B1F3FC2F9330374DBD1A7B475923F9A2ED81716D18D1B577DAAB9D1A0458655AD3CA7E211867AE7C702DCACCD291E0F798013DC01BC326087775C0833E04EA3778FBCB8DA4687A0255CA0AD210C15661E4E92001A4449031D1DD27D327334BE830B64DAD90CBF537A45FBD4
311
E94A7A88888E715B7E74FCD040E818BDC1BF5AC609CCCC015DED23877080FCDC47BD8EF3A7B783A17D33F3ADEB6D6BC7AD75EA7C7852C5B6FDADA6AFEFC2D181C03F8C40DD8A4AB5024F0B72E34B57BC1182472DC80946789AFB711DB7F1193C03C893B0345F420246114D3EA71D04FBA731C0DAB0D3CD311B218F0D5A15EC
311
C105D02F3AC32F13600084731A83220040019B03180634B5923D438300B05BAC80881F061095FED5D572A3323ABD83F1D37A2301A8C930AB3F66ADF7CBEFED30BAAD7D78A06DEB6A87F15491F5AB7E25842B6B34BEFC12C8A159F187C64B3CBD2356DE5FBAB98BBE9583F0E3280C0076DA15BF34C15238145742B07080B1EF
311
B83382F9FEF2239D003541041083C5AF9EF3C8944DC2030BC3ADEDDD9D27475800693049E05413BFB3FEB4308731512F13400D06F813368A0101D8D863EB3E75FCCADED124F532AD3F123F131AB46A93DF1ECE7F96CE9EB6C365C6D6A07EEC461FC919FE288AF7AE1A7D012D291EB073735FF26BBB1C99FB706E972192819B
311
7A34BF22424BEA1CC7958AC2E04BFC8E02DB90A4A1DD04811ACDBC181037864672C78F6C0EC3073A40CC49D5E813593B7002763BC6A909D31AC86F3F6E335C9E1C309BC58F16418642E2AF6B290A34FEDC0CFEE08FCA0F56700699CB73B9C99302AA17BD516D7F1FD755A2B32B3FBE7134D3BEC813195BD355020A7DBB5415
311
39CD2C06E45F46FC0EE08293E6C0E1972176D9B678340AA1A4823404EF79B1E2347E47C35D0A2260730E0B513025DC0BD1C07E3366E9B9D17F767405FB531070700035618606F0B40C73C974CFD321B0C174A80C0F3AA54945FFEF348F5488895713E89B5C98DA501E06D8D24FF04FF0CD7ECD7BAA755A854EC6A180AD13BE
311
094E8D5D63BFD6DFA5F5D3E4DB1BA18FD8473DC6E17FFC9832B71A2A94D96E808BB53F9192955D62C82E282B05168AA0927D54AB20A20A74800B7CC9655C8B15F62377CA4C91641F9F4D0478F4FEFDCE273A002CC0A725EC165CE3A149F0333E8E9600B2C05A7D15FD831F0938DBE5D0FF13E3C0F0765965A0961C3FA86DEE
311
B0E28304747BFBA5FCDEE44C23544F7BB7BF7A132DDE34F99E44EC3FEEAE92F667A10F7E90B0E8C6442DF5A5318B0F816311DB2E6DC6F172C363FC800EE09186BB9EC82A24C0117700CD884AA42023B81EA6E0CF8B3056411110D78606EBC5AD5417B45BCC8E61EA01C4006AC233933E35D860BC1B6CB9C9CCCE7840D2E0C1
311
C1FFC11CCE54D59300F2B47D66A10F09D8E24B71B9BDDF98FB62A3B897C53EC88D16D1FFE8C649B17BB8E760EB20B784F52F992544753F2CBF642CD3C9C70D8722C197142C567E74FB431EE248A8F3FC00377F5142144A82FFC28AC2970A780C85A7EE9146FA4B2981F3C93BCB0F3FBCB6DD3DE69C72B6073B99140DE28B8E
311
919D9D9E7C2F5FA99FC1FFD07E9AC0965CDAEA0A945FADE52C791EA989E8E7A21A355FB37E44405D171B98A6E946DB26AE71DBD01FEF07FD378F5B4B518724481820890E7486E3FCE61A60E096D577701890EE07CA5D7F2B086040749FCEF3F81972E510A86359C9BB579883035887542090614E5C4461705D7CA1CF84DB56
311
4838606CF1597E8119790D021080C935A908324EDE9F60A04B7830A33F0670CB08605B8D01BF9A3D435693FAB4FD84EF6754930640C1F9D74B052A7ABBA9F502B39DA3BF6BC7514EA4BEC71D752BFDC198EDA8DFE8F32B3EF811E4576B0A2074B99B070A069F60173E7427BDF285024E35A4418B7A412914F2800F1965C4F1
311
120A2D5D2C64400563D5942044807BE7C738EBF3034C4A6F4D70C04ED1F97673C039FABC4CFF18866E08200BB66BDC9CCDCC3FFD1E43BEFC52C317F0F5E64900FBFCDA4DEE68768FFF46350E0EDADB7B34DBBEDE3776BC55599AF84E312229F931E700D04478D66A0D88D09B2276141AF0F8811C5F8067DC04C0F90929F7F1
311
AC9CCD368488AFB965C97B855A3E2E93AE5B4866502E55991B82D4388614F2C36B8484A5FA06E3EFFA984A6AF17D5C2073299D9F12FD63826F67FC460E54030981684E9FBFC22009A3006962285FDF4FC84B699FB5BEF3736C6072F6844C15EDF25883037DE6BB7AFAD6AE164B367812FA8CFCA6FA25725D99AEC5C6EDEEC6
311
4ADDA2BE0056002032E1D7A20A54CF444E360D520A5B69816C0A953CE0434A8A898BF18E2B704588C01BDB2133342F5404FEE698957C200EF54E31BE6DF4E888C9C67F5F3F1B41F922777E7FA6332677C20098C59F762F5DFE4A23F9801A3BB6F8A4F66E0D40EC867E92DEFCE84C714FC7CE8DD3DD3BDBF9C781B1C3B549FA
311
D2C89D711808CAB100E09700BB85240374A7209212F320CA577222A7020E7824500179FC7096C714884BDFD9499E027ABEB3CB0226CD293CAE6E0C41A6788F396606A073E28CBE5CC67D584D36CA39D37974FE1023253E3FFB007A26F657FFC901D851130DDC2BF54884F20D5D40A0B7E5C7BCC7CC87B84F2ED820192CCE1A
311
ABA1FF24ADBE1D03635B5B3B53D4A5F84120125FADC36A0E792D3AD7E255792CD5241A4C84171F1104090017DA493D0A7790A7BDE6DF326180398E4B0DEADA5C2763825E43E05C388E184678C88CE6422606C017F030366981353DF03A753DBF6370879F79889DD0BF75408724DB53C5B0063AB6568D02DC47AE4627B58D7E
311
367A6000267E7840C23A0940B992DB98ED1C4731B4FB4DCFB6D3EAFB6CAC7646F0335C5031888CD74E2103380260AD47176D703960230370FBBF28813524C17FFFBD6288BB28E4F905ADB4A788B40B4A6201C1878BED224DE9906C4C79EF32EE679B9F5D3B5DFA137327320643909A823F62106CB8F9BFE4BFEAFF0FC7A639
311
3EC7F64A698EFF8ACE31BA05ECE6DAB6DF124118D1D13F892F3D3530602E3F3ED3D59DFB821ECFA3D9AE85B1ADAB9E328DE738BF55D5DFD039445AE76D0194180F57B15BEE5F09C07F952F9A10372BC894CF7DA12CF6507E2A8916E0DF430C519485C55D61EFE209912D8C32866214E121611E22A0B1238DB18E86636A3BFA
311
FD5B4EE02FF1E505F902BDF424D0516907BFC95EF3A76B6B3872769D67E25B548F0DA46E2B93DFDFD5F2B9E9EEE1EE1DCC7FBE6380DFBF38A165CAC73DF912AD76A4690D2B766A3EB4AFA2D05BE543EA20B095FB17AE3F1928D84482049B659E671A4763CFA567C08824913D37F2F92F841FC244085C1681225C04AD6DE168
311
4831682CE0D6096B56101C0D4FB3A1BD3F11FC1105AECF5660BD3FEEDF162B0D9DEC6DB55AF27FC98050BDDEDFF63ED14B01336053A19DE9AEF5F5D9E9D9F9E19ECDADCD497BCC57681922F327EB41FF681E17C1921B04FBAE371AC69E53F98183E91B84897A5DB164158BD1D12FF6F6BEF0E02847727BF2628F9FD48B6FB1
311
1DF6928C868B29590A0606F92140D0C08850DAA7DD8A5FE8A50389F61288AEB743E9C801BB67DBE0A7F64F63BC87770FDF57AA73FE1F5A84F8DD3AADDFC32087FBC0A7D645C327B97D65E7A8BBA76DFD9BCEE1B1CDE3F5F7CE4E6DF4013ECD7CB60BD1239E8A4E9A5722AD9C4FAC8F7FF17B214AF8801950430639A08E3ABD
311
05A0D94E253BD5951C885B0CE750309070555FF21F2EF83FF53F4E15038B8D8A244740A5C9CBC120043DA0B323FB1DA0A4EDA268C05A304619505000BE10415DE898809DB6B66896E60AE347ED3D6DC707CB7D5B5BC374A158EDC343D0EA61C217D4878CBBDC1D85686782C3CF4272E7DCFB5E9EF628F5A95AC1AC0C6848F5
311
771329EF8DF2BB79EFEDEC8DBEC72EB7F245287FD4B31008AB38EA4D52F2BF57167159E3004CD8950E217DDD6F699FC763E9D1A0AECC701F7BD4430A3E030374066938F883C01DE40E7DAFD609345E33570F4CE6BE467FBD7F793B5AF2A9D331D86DBA7BF98067918F9FCDD609A0384B523F4413B574B818C6889FAEFC5E7B
311
8F90CEFD62BC2C85B2478D54DD076635BE434FCADE68B3ECF1C8708E27863DBEC352D87BCC7A92A8E135700CDE65BC114026DE5DB68275E656D2C0D4087293D43BB4C9C14EA83C0D806783B40DD7CD4F19EE9F33801F55A3F1FD600017A6CD5DE607783D5F74E34680E7DAB98D99F6E5B5ABC7F7DF19D8278322F6A97FDB2F
311
ADE1539BD945DDF868EE2B8B70D9EDAA45D1BB0A5801198CF1DA891540474745BF0317F8A3703E02510AE94B084221F887FE950272D62D4232781054A87C58D015CD45EBF9B70E60820A2056E9D4D619E8494BBFA68B61EBDD8CF52CCBA124BACD4A4077E8420A7F36FCDAF661E577B792A7E1B7E337C7CF1FDEBB3B49F501
311
F3C7366C1730E793F51FA20A9C3D2E9F18E63DC277449054CEADA36DA0807467D45F8A744E1BDED725A033868703F1392BBE221158220588F30574A0B0893D0515B0B7C404AD0E7F40C11D504C49BD7DA39A85A19CD7357DFC966E5D92272FF06D59CA5A6A1C8AE30E52F1247C1F1D78F81887F9F3E387075B170F9F5EEE4A
311
7F5BFC69DF02FD8795FCFFAB472E7C88D563DA514861B85BD41594A75F5E866BE69471110A9F75C8609C7E6BF6C7C727431EE3E9E3773D2378C25226E82C08104A57ED273FE0921D6990E02B006BD038263BA360355E8DC446A380F0BA35FA9945A80CF60DFD54054202F91897C241C147D59F8E0FC67CD0F2BF377A3463F8
311
BBBABCFBD6833C57E214AC3F5AE9C2FDE88852968F20337972C7E04EE5658223008AE82D93BC37D8DDD900BD6B16EF221F0D4149045D740A8A215D4FC186C658E01994B8CCD317465828704BB630DA2243B3B4ADD3EA554A97408454148C04A1A0CAAC2E04033C04073851F54380E0BF2DFFA43FAD3D6B574F2E1E5EF6E5F4
311
FEFBD1CA87C161FCBCF5C7AAE2F726F814027BAE10F79BC3D765D61D1803952210A9AA07F8C6BB2105B61145B324F96014EF223D4A9261080239F03FF6F4DD4975C183B887E081F7A467A25EAA0C94028FEB808637768B07400A8235D4EF33143253198900E079E3FACB0C59B00F827A5785A6FFE2FCF0C0E6F1714F11CDE5
311
140D931D707950631F3DE877F300002000494441540ADFB08704E252AADE1BD4E8DF55796A32B9B6F17737C67702E5C638682737286CB0E0A89B624D5BF28222432848C9AB8C07170C97B814FF492A61072407D638006F7C8400860444C01B1930A522788045633DFA9507267A3A42BA05925BAD705CDD3792FA23C1075C6E
311
E768A673919EB6C3FCFE7629B7310AA794CC9C0D14A1FB88F95C845BF22543F57996E0B26C9E4C2ADF187F979F8A55F11B47BC26594C52588518D25E6C2B1CCED231EA1B748F093E5726A21A54C91EF95789041030C20FD5AD68613432E19A4D0DA2505B6BD843516E10BB00AF9AC315EE9FDB39CC1F9EA59CD88F9CD071D4
311
70C86C4647FDEDDBB1CDAB81DA94034747A779F4CED497CFF817348F69F52E55490840E48840BA72DB71F3E84F6DA2F4717AA928F153DA6E4C7E8E00363CEC9A2E1C8E65F298FC4A52F087FCDEE5CBA38A80CBE11FF7BC2AFF249203FFAB77A128A001B1987BD334AD9B901890A8C2005B6B248196AD09C0025ED841325B31
311
845032E327C531C839E66DBAB39566B631C2FF0A1DA5A3CC47E665AD8751B47CFE33899DF047C9F3C365E3B11278D49DF939298E09002F6430F9958803309827A7C791048CA070061B7E9A64C557D235F83EE24822E5EAB805F9862F20FC58F483DC0EF02181F572930205107E00E523861895A2811309808F2B6C14B2AA57
311
9E893753C155D2F54302007E9FF36AC5FEDBCAD47E182D91A73920CFA5C18E01F8FFF4C3F1FF553BCAD0E58DEF85DD63B91BE38ECE1A9FFC4AD4A1FBA30D462C328C5A0340DFD393D3D3D3C0659195C96990F391EFF4175213BC74C020922D4830FE215E76940962BC0713A3B82784C0CB6623DC40D6E1485BAD454F689220
311
0B225096127FBD82D2B12006BAE2E329C771E25FEBC0DAB3B5395289D56D7A8A89081B34EE06F80F819EFE75C67DEEE95D227E283FE98A7B9F1C97D2D05B4D07A469153C3DA3048EA68FA667A6D90E291C7D7E2D063E4D044964D055F2DBF3E31BB851AE9F78A0A7314F0AD24901F581D74A6929142039C65AF5830D1C8095
311
36CDC05E4BA51038F79D713DA930CF18BA3010E385351CF47F74D439BCBC793556A1F99814926AF12835E251C59BEA3C083EC2B2760FEBDF4304C9EB87B35769E1EB24B648542CFA4EBA9EF93CD42F03C08F249A2C98897D8E2225E90077823F4A52171A61219998CED6FA050992B6B0A74A2220ED12123004FB977084208F
311
8E2AFC80F456CB110BCA647A3A0F854085D84FE0052BE31FFE7F925610BAFEC06FC33F9931BF063F39DB3D1BB20EE357F594045F4226131578582CB055A59A073AE0413989D215019B6EB8A21CF154D71164E0D8F4E730C2CD382D098DA5261456A425643686BC8301710F2C50665881399156AA2B4C3191BC555728384800
311
CE10040F746A3D8A80A5F0E500A93456FEC52833BBB45203DACCA37FE1D3EE4B9BF0EC27ED47D89B8266F11EA2DB8B5A8BB93EAEDF0C06B7AD0402B9EAC6E787365535AF19F15158308A9D9785C1BC1C01377F8C6B4D07B50DAD25649764A91DC9812C7B34CA98184084F7C01055466B48058CD44085AF26648520C85C41C6
311
7805462D8425680425559F4440F3ABBE1F3F81B1EC72708767DDC8FFB6465796C8FE310FEABE0C9B242A74137EC3E0427091967023299BE5D6D4D0C6D15747DC2AEA4ECC57C72856E827D33CBD319D70FF854369EB841282F84B7CA4881447ACFCB257E252E00FBB3272120A75B99119840858486615636E0E0334031AAA8C
311
08A62E080053A0AAA4158431EC727A084021D41CF5D630C94184F6FE7432E8F5F9A4FCDF3EA7CF136FC2988093F98ED622E38E4976E1BF0CF49D2889E6DF3566719FE1F9B47A2D3BF89C69155DCF24F88C609EE551160F0415900B4C48FB013D8900A9192A700748002924771A3686A0A580FE4009E00ACC090253E280B90A
311
C15048E047020483A038A60ED232831F2CC90498648690D960C48E439F18F4DDBEB0B6F5AC7B7B89F6230243B4FA160A7B9327F3AD5D937C8BFFE5FF8B3A5E64283BEF8EAB9F71159514CFED62DBC880614AA1F7994CCFAE7D8C87057F451733699B8DF87056E1F0654B5021E38097E4E23221B810DE20559AD183A61C2C88
311
A648DB096081E9801CA00BC1DA0124E08DAAC15FD2936905CA8DA1C40E42B13F1764E0C4015EAD7F8BFEC99A310B1B7C0BCC7746D3C0702759C89EAD57122092122D1F857067684A578F1DAB7EAC400841F493A468113282FFE42316CC74C756B1C880FE78795C692813CF4644480EE9B02991BCA257A71861F00666D94102
311
88487618D120D0E80D7773E2B7DD180E100EC98B221C94BFC4FF531A09B986230F1CD08378A8E4D0FDD7D9B1BC75F5C12EAD7FF83F3ED19EB018620303C217A6A35D826E72ABF2D8E2BB1B783F6E48D2E3F360806E1D192085D022103473A10375B63853EC54F500B5B064DBC20945B88160DCF7E4F83A0200BF6FAEAC88E9
311
F54D22D898E43F378D20B51B5D6B1457000922202800DD401A9266483029C0D6D57ED80D42A0E6E08835F0F3AC73D7FAE6D56185F04FC44472B854EB7D9CBF7134DF3DDC35A9F6B38417DD6F508B37C1A718B0D054124176F7222F62DFB327F34D451799D56216880193254FF782D7DDE26C271BF38C6E422E271CE4AB8823
311
C9510F021126A7A944E00DB4031D013C88EA0746C96D4574069BD5439C4110403B40020C30B07A604F1E41D19C21A93FD9002DFC35F23B1E7B98E95E38387E3603FE7393680410D702FF9ED5A3C5E5CE68B5827D721FA78F3A9A0C08A79722D9C9B418F46C0057BB1640C70AA4A03D29CECF33987596D53CFB27B32C3BE304
311
C540E14BF8464E080918268D254838C91A01F0FFB99154FD8A9C0495EAA6534A6C464440B4A71E16100E7405088122A35F7A511DC003D002E6C8E7E15F6D1D2FD09014139EC11FDC89394621F77B9F88EB5A583C41E2FEDBC8F82334494C0BFA97FF3C3A34ADE60385B60E5A30CF036E5E75370BE3B83AE73B3B7DC0BB337D
311
A0045299ED0C66681E4AE223D01B1BC3BD4C921E2005FEB5114739040758189BA8A320067B62A3995E4720055065AC2B4A8006BF8CFCC907C0063EACE41813C5F017065AD46CFDC6FF1BFEE052932CA3478C8E5A6F25DC8503D40F61FC1B047E4DFFE8E84407C81F1AC7B5C79DA358551CD0D13785A9AEB38D6EB68A0A8087
311
FC6543E7471082873CDCE5CBEA1EFC5CC0579469E225428E9A43D6A6000B4219DE52E8DF00A55F4BF5035960661C2DB88AC1F67C2890A93FC420193C8326409E7B595FBBBA9AE1D1511B3F6D65B09AC10A71C2317201A603E88C56CC68C91279E83F5C147787EFE6C675F00941D23EF092920330982DF38C65EDFCA89DA98E
311
8ADDECCD77CB86D85118F3DD9884820B1128010D02F1060F582871CC8FF42024C02239273A1CC3BF71E770DFB7E96081682803188118B50310BD620234F230B12711B063E0F0490FCDA9248B580D3D3DE944A30CFCF2A1E0F6E59E8FBEA289CCCC943785BB8880ADA9C2FD70F6A13F5418444E3A669273C006C4B4EEEC0678
311
27539FFBEA9CFF04D84E7F170480037005AAC8829084329899F90B5E013927F8E646514B4824B01D11F72C012CEACD163B6358A4454A4221D06E68A71062520649BF9E9127D0772D6E5EADED52FF216BC2FC513C7D3C5CC4C8AF009811826AE20203B076A2AA66D8D32E317DEE0EFC000FCE16D9E0BEB17C74AB009256C5D8
311
AD1CBABBDA61402612C675FBD72D07E633B1A42F2421208CE01397560811204306617A5141706105C9F4984C459F2D0F6C392FA05BED808512B0B9A8A9FC6CED89640EA347D31F0DF76D3D9E61E800FE9F7601BE4C9614A1C58E6C839F13A12D0EB426DE6386B82369A9E6A7F1F9146EB578A2EF4289AA109B4F6CEFEC0463
311
E0072A05CC9DEDEDFE08407B173B8AA65399C80B2911252E6290C82CC1B8909140C11B7AE161B42B93905045D017E00CED6D27AAA15F2C2179F1E83D411A7020B9408D202381E7E5DEE5A9E7E5CDE3B186433F488AC81554BEC09BC579018ADD1DCB3D9D70F02B14BF9159A4DA376225FE43DA224FED327941705DA582B2FD
311
1BB5DC0540667B650BECDD1D5DDFB0C7F36DEE2B94F6EE2EE4E426F20A1174C31DF153321A24114C4FFF25E505475F6906D4149B21F1BD9D9DF7B059F8E0FD83323CB97991FE80EE131A9003B81C491B218B1D42C0C0D593D9D548003839DC29A740298B0C23F0CE14BB167BD61989AEF0B985C8FAC8F923A73F31953989F0
311
F6C96CA6C4D0A9A88184BEDBBBDA3BBADE77CD8E2FFEDEEF46184A86671D7DDC51417477BE9F04804F305AC82C2D018A21EA903866A0F959FBD4139916D036635EE03DDB7408BCF0627A03027AD314C09B0A27F0A79490D53839D0DAF1416995CAB24101FA63F75029D57A4CBBA9FB4D120ADB17FB5A999FC9420DFE04FA67
311
0430B90FE7F589F7FE8D50A4B5F004CE5F07EB4EA007F8AEAE8E8EF7DB3BE2F81F42166C7246FA9E62D02C8209BA1024414C483498B50229FD923F2414040B2081390AAC353B5283EADA12A30B1080866D746B9ABF5BC107F33C2A015B275480759334B83AB02175EFD0DEC785DFC505E0064F4EBA5A97073A74C5C9FEC97B
311
D25D819E28AEE661FD2732B8BBFB1BF13441B3C1F45E8AC1752BBF80C113DE960E0AC7D9D02C58C80505A19BA0E84B14402601A590A4AE00A825E98C3212342302EE10FC5100681F86834A2804BC409D70270A2091DCE874B16BE0706C974EB3D26EFEDFFCA6C4579AA4DB781708469F055532A7046C6BEB0CF39F3ED2EC4F
311
BCA3D00EA91CA68FD2B87B5C191E0EB2C300F00A1C9881F263571C6CFD83D079D09F176FAD839340CF030F70458F81F09AEE1329505150CA0A00576B56C06D58070B23086F685E44232D9D53DE3FC3731044F286D19F459351863F749F1104198D6E14BBC68E17CAE70D7AFD958E350BEBBC70C9C4DFBA075240DA27D40AD7
311
DB063A097DD3F041EDB3E4B682A7A12A548F3393DB01945547175879989302521EEB1431B08759B632B174E0F700E774FCA1BB83F95029ED1A084288C8893520E49415E00DA080AE8027C34206D35491D050A4C6B080F6A20889A2FF82379AB6234F6710C05F9080ADF002B9C9F9C583AB220F45D618D7E7F7547FB27CED8A
311
8B7A7D24EDA4988B0C1C2A1AFB53FDC61BF3DE50D63C560F0120B0372F0839DDDAF13E583B868717C1CB8CC71D1D7F440CC82184803144196EFD58BBE00B7EE77DE8C015942357FB06FC906A5E2B8882CCF9FFE184B0035A5CF186A962A63F84B3AAEE3D5A2C830008807568B6A9F424086D2095A3E262DBF124350082C4B5
311
DF4704A9D2C93553DE47BD6766B69349610716999FA25854F759CA9792599D3837ACF6247CE8597B0F960FA3EC45B61715050260C5844FCCFEC9666BC71F875B17E3BCB4CB151405D7D08F846B4CB952248B4603CC402B609E90F0044A007FA800EC46D07A51232B00E5683C55D5096E1374DA4FCBBDE2C25A5B8D26008227
311
CA7758033D7D70DF12CAF7F247939F93F1CC63047D63ADA0B7CC8771B234D8095FCDB577B586D1834062035670E204B245EC093FCBE15626C10D210CB38A13F50E10A0D5C0814B0C4B30AA9858516001669002229618F100767AA3D6D2528595FE7A398C2D2300ED0013A0AE60B91644A057327BD3C36BEBF48C91279B45F8
311
BD145494674AFB211A91977CB838DF35DCB3D6D6AA2FB2784B591ED785DFD7DB77747DAC9D2F7674810EFC2895F9ED8007EC7885101679C06F21E4B1C8A6120956F80518D1DAF1717BEBFB5803E20C6F2A11B2E48AFF4AD2810A70054623E341B3D1ACD92DA91150DE631EEB2C28882D092049C0DD38E262A7BD6F98549930
311
C9D44B7C37028AEA9F8C5628A2BEF5704C0DCB2B428181B1BE766F43014498D2E57791E4C8DA6BD2ABF5003F0C40202E2E32EDFB02852D16C30B7F646B98FDF86C7891690043128B0A0DE6B4EA27F08C30CA34C9D0AA0852A5997F8D11A6EE84E040B20472020256F4AFEBBB74E6705A12083B249089218E6452C8E5A69717
311
E904A3F5EF3D5D08EC1F4D4E85086B238CFFC11AB9AE972CB775616C6D1DE04DDF073B4DE3747C41FBAE6072901CAD0237100670C5A00C2C3CE063610ED824826C1F6650700E88C00B62468903A0D71D3A390255AD7040048348C56C4647413C2C2561216E0C469203EF06A5B101AD40D0E207F78B124747DB5B4BBB4E88B1
311
C373C114E0470B345156EDDBCE1B4DBDF81DBC400746B0B54E05F693707B89A5E430982C2AC7D10DFF11D5B102B9505034B35D07E8E5F585757F088B390F2D4C85CF7218E8418BB4F25B885053D07D5A908326809F31D6CC6B77CC948413B28664484439D118DBAC27DB5AC40C1AD166F25E6A2F0AE82100C0BF220405323E
311
1FF80DFC518CACA8DE1003F3C9FAE9C7B2D60703A0004F8EAEAD2DE0F5485452D15B77B4B67F4C2403B8D8F9C533558ADE058A9E177A1698F75DC0EB4C800F74C0270178C8579C1FACD025F0560844502D2BBC01E620030CB93636C1041636A693949CD80139FD15BE107F905590A292840F8860706D07E2970A2F15E5B13B
311
87C3143CB2930374CC46A6F9B9D7A5CCCC14E11B9E879A49FBE27ADBD6DA82410FBB94FAA8487D61B51F4BE0A03FD08743C31020D6628ED20305A22C2C2FAFA7ED1E7881C438AA5B9035F20759E243C51F34D0D5F02F11403B9E204CC1686C0B6C9000470561519CBE1B0E4FBEAB37A39EE4B84C05F023858779341991F36D
311
9D9F351E7BB3B5ADF00148D9D05784F9AD8B037D48C01BFA83D4247F03BB768BEEF973A14E610090D4B96B1EEC5C5E66928F28EBEB6CF578B067DD83086081579848E60DFC7684044D8174993C39F886043481F6A2B743B18749E52447CD4D230513032D20D20206E536E15BCF7B7D211634F98FF9986287F33F9A94615A5A
311
0A7CACF8DF5DCC1AC6EF9AF1945EB78E0A2FED1DA2ACC00EF983F9A012260BD722EF61C9DBCDD8719703ECF839029010CA0B9F100B1D2842153E01A1A3837AB579516A31982FD2908A09100DAE591016CBCD4B011A2F4DE299E1338CE065DC4841BF9895D8C81714800CD08F5AD39601BC929B55D291F6CDCEF2AB40DD5D98
311
F4E6F107C47AEE4A09A079C05316F479DAF4C2BAB83221BCC0CE23FE3D3D4C7BC9AB673D89A3677D6020F6E182332028012FA0FBE0B2668FB85485902A8E7FA0BA2105C213E20BC2169211A4BABA7D693C3F1DA961F203694853137073AD5CD25F1C017DE0477626D7BA55B88F83B5EE513C41D814639FD1BF759171F4577D
311
3CAB0C3DFF68B2D3B1F8478C18F67BEBB2598FA76A4545E9E961BACF657E0791D2373030E0EC9FAEDD17BEA7703A738185D08236C407448A4CB504CBF01FF43859D3115488EA01B55078000DF085911805790DE1B41B6F8CB2889C3834FE02AFE07D85143C6C008438A944EA63E047023A7EF37E13B0903AFEA7BBAB957933
311
0FAFDAACD540022980B65A75FBA17D388F1E6576405CCE7032D95BDA420E7DC0EFA320879E5F8B3B04C1D2D9C1114210C19FCC49DC6A855E12010184DB8968109ED016E4683CD552A36B3AFA13BFC2114068935A7E774CD2C7225642B73325938052D8634ABC18DC9442BF9E0402E85B42F9F3273672DA8E8F1070405D1DC3
311
248487574CD98092B8B956E6AFE1566530B78FAE05B4A0DE51FBAF85DD075C7E11939F80E015A58D1F87E400CFFD2306C4D1D3C634380A201545A92BE01F445800BE12302AB477BD6F62600D211232EB061448A0D2B877BB940D63D059C37E0569A83DE93E214F4BD86209FF6F479C640AFF8AF6D1BFD987D029A94DB7C329
311
B4184D4BB013BF912FB88FEEF913071A8D82B651BC10DB067A7EC52FE1B421883144C00F64FA23A11CF708BF16CA59F18D4C04B8085964B2D8DA4A855187000BE440BC816FFB13374640B0EB1D0998AF38A1AEF503F14302E2811081FC12EA6CD38A63B33035125F40F170C0B0AA45E9FCA38FC6D688D48563B5C4B4B7C359
311
D3C7AE0EFB16ACD5E2FAA47EF8307044B4EBE1C71E84E742D81431FB06B90B600B9C239E277A57C94C427EE10E7826980C0136600D916A06058CBE8604DB4D314FBC014EDAACD0820F14BF75449B70339490FE5A0491221BF95F949DF1235380E969AABDBE2D32EB4403D3FDF17F42F9A0A7C28ED75BE86BDB7C7EC80C76F8
311
6B8800F77B305EB88F00A4352E0F8089EF811EA02A3DF08F7DA008F803BE4B4EF5F41E56087099E920708C3D720916444440FDFA013D4E1201414123A09290F5BD7AB729298209C4306D007BB0829FD4EC3A6D7E4F00B67DF38CA0764F832F0448E58439B952CB4F70DF964AFA74CCFDBABBDF273E2FF4F56D3DBFF2A78D42
311
FFF2755DF307066497F44062AADFC0CC546F6DCCFECECFA232E14F408F05477D311B683A35BC245FCF8A5CD2AF20022C21022266905A5BCC8B20235D6FF04019CC04058AC80023662E25F342063165956320BE50370F2A657BACC817DDA3DDD3EFE04028645780A768FE38DBA88BF2EF3ADADFC7FEACA952E5A77568ECF0C9
311
71DF32BF1D24F8486B22A649EC81B1B60315CBEFC026091CA45F858D7D04C1B437079431E63E38F880758842E780A9E03791C0FAAFE10012588C3C592FE35461A6047802BA18686887023A422A49599399893103942CF6DA53A8E387825FA0678B261F139F801E2B17C901D0F5217E07AC2401A87D0480F753FBED44FE949C
311
93A1D042B879FCE499B3D861AEB23F9C1F372F0C24D0B7D6E70FE1AAF60F84BAE642D82F0A9F53E22783915518494FDBC0AFAE7DA282E5050B703570E06319A015E00D693A6BEFFAE493941C3B08C13B96BD20D0115A9565701DC58568A3009DA13E965765C03091F0FF339F7309D44F6E61F837F1B1FF920450EB8FC48F9B
311
40158BE89C81A597CFB0DAF5F5755D3886DC13D4479599B583758CBF35663AA234F133F91D3BCCFCE0A794367F385C59B19431780F1C099131384056616E15A1563B50021D369C593FB292685A68A8B2A50A0A2085CF05434617E05FC24A6B077B990014421A68401AC4D65788EE25F737EB780D08A6E38F060F2ABD889E1B
311
889C44852C2FF368C1E3E710D73B6589EA83F7417B341ADA1F639A23D15298F087AD0326410E116C3A1B325218433C71AE62C07C1480F1C045629724A076A4BB8D622D24690486727F56108D07046DAB065000678E04C4F8C342DE27F4AC102D854F2D08D59B4ED0E4F697B0FF62F113646BC5B7F3131D4EA8BF8B265EA3F2
311
026E7061B96F6DF3D993276B2180B8E57067587428579460551049049B074CF8B1066C7E14C705F0B39298C0997C17F701097023BAC31081390196801FB0C2A12380042927503D5A01CA127F9841B460310639C674BC8CDF1A320501448E0068905B07F6E5602F8C1F07786253438CEC51AE61FDB25FF71B09893AC026A9EA
311
E3F30F369F5D5EAEA5801FBAD3C98B38C13EE017B054F81A56F05259DBDA64FE270B1FC4C77200FE276FE814B916E222575ED717A62A92956504605268408CFE13FD61F84252228376060206802B9550F00B9D47E6AF1022538A752CF4FFF1F5931384A9FF8700EDD4FFA2B93FCBFABB3EA6C607FF714B0B8B04EBBE83B52B
311
246092AB018C0D0002FC490849F1E214AE6FC42009D6D86616C835B65DB9862EFC4480C14137603C3089D0A5588FA27E693DD184131BA4E88C35045ACEF1CDE1A82323C20B842F2419604821196EE8185BC834AD44F8E9B7549A32900196E9ECBBE20FFB4706861AACADBBFD9B56A23FFD3AB8BFACC18B1B5AC0ECD7B6AE2E
311
2E9CCD2BE8AF1B1BC3A813B94107E82DE67A42E7CC7D4A6116700B5B2EE3C338A09B840F07C40A64800D7C605AC42B72227C4C7020AB1F20056E26F542717F56534261DE3766AC10A6ED2D006DD03BA9DBA507AE0510A8B385C92363B9154167F1230C40D76AF6F3BE0CA08F8BA2FFBBCEFB09D0986550E0F0EAE2F2780CDF
311
850CB0F88CFC2815FE87BD83909F474F45DD47F1C821DB2107A8817FD45384F57891B65F2543D0C1E20A89B4A8DF806862AC27C60F6A054627FD344250718AC0FA21CDC4E28DBF2650D1B39D8B8A420C348A4F846E2BE824BF8C45E1DB8EEB52F576F47A75FF95F90FCE0FD3A7A08D48D5B9AFBE3EA658E1676FE3372FB57F
311
0AD8D70ED4AEBA3D4C2BE0AAF1C3AD63A6004D12900CFC481A47430C9EACB390038642C8C41B13303166614210592736B8603AD4FAB17189DBB32F3915F0C380795A089A15228460BDE8E52203527D41B5470901B088D84FF8B3FE2BA7F4FD30ACAB3DE0B7E2FF95807AB0010FFDE3A048F7360F9F3FB9380EE537F16F8673
311
131325D3351A3F664022020811A0FE8C019CA17370725CBFF64132025DA1BE2555102212E80A907FB43ED80A991A8AAC183932C19AE17524B06590B6AD286EB99BAD18FF4BD64BAB519202F992A963648ED30E7521F909F090C0213E367A77D8836BEB6F34D92EDA624183070248351F1A079E5D3E7A9EE81F2CE6678F92E2
311
99EE312B6C0572C0A7B5EEE07853612403813152C7125E2022A20C18F855DBAFA399817FC97FB6E1CDCA31D348434ACD0012F0D32A5456B4007E6E92D72B1A4E9971223A42C1042819E4049C0C5801300C0013FA48F8944FBAE71DAFC27F1826FA2304ECDF3F6C10FF47D5C7E49748DDD687DE8E91C09394EE0682A4F84CFD
311
6067EEDF43E67EA46CB2F4070160439245F00343D03BF25D7E2F26FC400A896DBF19FB8D4D0A66DA669C3D608F9CD048A0533621B25690EE19D5D15248E390F042B12C682511B02BFE3E5700E4C9A9B2107A8F45248FA48234FD23005ED1F4EFE80D1320836F04003BF42856D478D1DCA3ABEEE3C68F9F30C3A16E5C238EA5
311
DE3FF37DACC2F8B7980033F47FAC34421EF0418A045394802CE032D61C70023D788136788613887C0011A4EA316E005718AE191F8D0D841B9C679CD2FC478442D005429166F5A24403B1E6ACF3298F388B6D0BA933D92339D48969A5C11F09B4FF017A9900A4F887010C474717E10F36468032FF33F4AD610517777104CD92
311
0C3CD15FC5F3B3A0C75BBCA3B00F2724863C10BCD4A0E00736C7981F2F72E4B001438B99714FCFAF713A2603BC710376A1715FC602022202E06FDEBBC680A3DF1C4C095A12C50B554FE7623B50374FB2129DDEA4C392C9188077658C87F55FF92FFA507FF03FC8DFD3F31BDAB46DD51AEB03F7E1B38B8B87CFF47EA1479C3E
311
BAD5C6B382C221C0F1B358B39D76D9D3142C4A20935F541E492E0EF081BA41B3620A8E172B584EA1485632E22A8221CEDAC6110AFA4B6D43E2B76A18AB240BB24337721C9321D2C033B2D3E2641A55A400A28403C12D1DADE39AD23FC5FC08C47A64DC3FF6DFF76B5235124022D7E6D6D5F3CB870F9F31C96FE477FAFE5410
311
0068A3A87FA5908A2C08011CF31309C10025B089FEF9C510522B8DC07C30AA469841723A10C08E27F00F7FBC181C083F2809EC3B2B328E294AEAD5A071B3A95C81D2DE3F930372D022C9C793535B92FDAD5426E90490C3C81D000017C6494441544698C416520C1C40C71FC204B22448FD9303782FBA67089A1A7D4CE38E89
311
050FEF5F1E078A4DCCFADA058032C34C1CBC2E1202B1F8962B1A8024F0EB7A11F209E96FB369D4B64202FE7BA230AD24C46413536EAE955B341B726C593B5D4630C0BE822480908522B0D85430230352618DCD4F7BA6D568BF4343801480006658EA3EDCBFFA9702B4FDE9022163C43F9B72B58001A23FCE6F0B3FF0E4E1DD
311
FB9801A6FC42FD0132CC1F2224F89933107AD30B6C9131A53818AE944BE25A70810821C38F098411980E46D108F483DC63F49B91B852351604091D60546702F58A3872A1716411B642C7629C267E64E77719F46B0548FD6BFFFC86A38DBFADFCDF700228C124C8664FAA02BFB1F92B09800876FCE4F2D1C3FB4FD0A44E0106
311
A8DB8079751CBF0BD9340066C3D52BC64706467C05B5A54401BE4A1B0132A55EAC1CCCB10D378A3DFEB9812022327745EF2102886A9142C812A1A2C9708027BB55B7006357459F9C2080E0BC34489FC629510F3017B62D5073E2A2C64048A0A42580E413BA9E08274091A398EA80B5BF31C87BF5ECF8F1C5DDFB4F22AAC181
311
F070AAFDDAE5650C4000516440D8806786D874215149E69ABEC43FF0EFC820FEA112B0522003C84BE03FB76623513B6D840820358B084119B0CEC8C00AE888826339A54091F5FCA513AFE147975BB1A86FC50618D9D74502F0C7C8815AA306602FEE3A5E79E0D7DED1B221001118B73182CD439A092FF801105D1AA14E1918
311
EC282F6260869D55108065988BD67F68E5581720A708051F7C8070F582389C682BE53F2AFD85853F2A013D21564028E06E79B7A71E43212180A81541EBC88F451E02385100491AB0C4A3BC5309A95911E66D04C0B448366988ECD204C2FC930F8CEE8FA410EE4C25B58DD1B6EBAD83F6196670F7DE635282C0A56A851AB035
311
831725F0471A10FE52097089C80495804100318405F0DFC2136004B4C40705EC9154315129205EC357930035688F61AC02188250CFA9A980233925F16A117A48CA54DAB6400221976B75D863330942E20EE3B00B08FBB71AA813B0E502FD2B023DF70114E0D7DF2E2EEEDE7B789504200112075478F2FBD6897835C91F0C20
311
782401E801A2F9142700B74805703426023A81CC0BE88B537D0003E0C5181D29EB8D83050964DD2580910A1E7A8138F76253DC01DC2F3824391AD748276C0B0CDF12366625D038603D0003E0266CB42704C8CE7FA7F11B4D59C0BF454A78F8FCF1E50513715D469607031272358F04E0003C90107223A581218F10008B1024
311
7CD20D860FF0BF48801040B361808148714764028EAC137E871501EFDD97C89B52107FF1235B0928C562530082573CE137840EFEF82A0BDC602736C595912FBEC69E6A3A26903B3A300C5A098A9E3F1810CDFFBA019D97B4E7A7A075850F2E92569BD960CA7B8304995FD006FC4213BB1448A6F4BFBB3A9F9FC4962D0A1369
311
129B10073771FEDA38B1737B663A71C088D8848027FC3008DAC4E4397A6F76271DFFFCF77D6BD7F1F67DA51E0E08875A6BAFBD6BD7AE52CC04A0B4A2206F650EC412841A48258258E8662C3838FBE21E25172C2A15A4F78D82DCF68A005DCF07047C183E1CE47731BBCCB5469D9169E0D588945BEB637E87802A03D88FB824
311
86210D28FB3B858D13DC7CE75F5E6F3B03C1744D30CC58C7C7A256146853A05243060B850072A7010CA47CFBF9A1E24F414037B8781E8E9F219A774B36481CB43E48A79819D638C8760D672FAC19FB9D3FC5EA9158DBD0159C27860409682E8FF2595652FE189D2CC2D7C023E944158355806FC320087CC74116030CC376C5
311
59C098B93A041C5DDA48AF33827D2327DC761D19C17CC62780D82A170E6CE7415A5E7FE825E053048F88D2AC2A561CA4D4C60098DA28EF1A01382772484698F60C8DD24BF396EA76260542810A625978C03580A9CAB91D10249BE579B0377A3DD15749A45F24C4D81FF3D7D7996F6A1690288008C0FF6CC186DA9D5FC95BB0
311
9B1301004B016E707FDFED306A1BE8FA208828F00BF342186839839F1F6FA338DC5A0200FF383DE92614C03A4508DA18F4D85F9354F7E867AA77A42FF49BBE6757A1A7454448D0BFC3C220714FE43A3D8F1547BE10F0BC5A05985AC3C28829A06FE24CD062700601F4AF12AF99099B08E7071DC4626A97C920C3FF96E190C9
311
D1FD7CB6163E800D79E5F3F10A9306C02B799E80F1AB380E0571A584C0370A220C3125000B500900D96FEA40409F980E2083E4EDF4D8D2480AE5667222E020BCDAD4EF19682120818FE18EC7FD6AAD67C03F7DF1955E697456F517AC4F24700C30171C67E9168B109A4F60AFA60F98BE30941BF776DBC7C70792A2FBE98AAA
311
97224F8BEA39B47BFD14A8CD03320DA2B676E3AA397E652E30A42CE2987B7DA1EF7F75242413800A04C0270C62A13372400B435ACD84B8B5009208F5AC73EB149FFF3508E21C2201E0338BE07E50EB47E7FF6D97724A601028C5519073E7978EC88834410450E074DD58AD13A4900103A6444A9CB99103229F0EF8C0C78161
311
EBC68137240734CDCFC349807851E0EB46CE864D2E405ED341B71A390CF2DE20CF5193189E1901E866D0230409684B193D17E2928534D04240937D3C84477494FC5E0FE0B448E35AFC19007926C1C6A6E622FDB8A12E30993C6710E070397C4B26304C0AE38218D19F01FFB15BAE1C0E7E74DF75F2406E373C414E848FF8E5
311
00EFAF3C1029C9C0ADAB2313A7426CA9B2C1B9E30032C84EF31A09A88A386F136E8C2F1D582EA0459207015F10F1F001F0B1B7DF7222011EA2001F00BFD36BAEE0850928B08C077030FE3806C880EAA74BCE0863A952812E6008B3A89199C1EE918AF96AF583F1A073B0A355B9D861AF1460DCFB3BFC6B7EFDC834B09700CB
311
ED3510E48DC7129041C991F06BA5006CA6B5B34EE21501374E8DFC910042036111EC9C7CFA1C05D48A7270F7F835BF04A4194DA4CF76CEC66718C84CD020D04C412AC848F03E3C61A1C8D50D0EA6838A00376054D3DF61A0E393E1F8B058A6C994093476D601A4A06F0CFD3C0A6BFA910E75CC10400A80FDA93AC9B5EA4303
311
F6C0D188B559086091CC5910137772E14F2376D03181B5CFE74C0EA38440D0AC256D6C4D104CE05302FCC00B60B9CD4D71E08BD40C144A025E60D4C1F45FE846A2105D717EEA84808A5DD90A168E133640311CF05DD870768683F5D2F1800F485AEBE5CABD8FFA3C0BEB33702493AEB551B1EB035EF5C8E5757FA7832141F8
311
8E8578A363802B560007AF93D7D470B478C4D00B412D634C9140C4F9275C00DCE8DFE3C7F8C0AFBC5B2CE82E3C3BDF393D4375D50C43CD1C17E3777CD2C170725B7B42B41DF15BFC344DAD089C1E9118522B4A2C60B794E4E8F33081BB7C8CFCEEA0B2015E49D586429C6C78646180B7710E06018A3082243C275F077FBE41
311
2C17DE80D3E6B9462C5204C5D980D1DF84A864401C483CD01B143F4A4868087A0F780F37230200A4FBF6AED325114C367C22512750A5C7C3E32D545CE20A0904183BA10015DCAD89864B3E1EE97EBAE8B204266A48E010511838E2FE413FB116E60880C2D8440AC3880DDA6DF6618C138CF1CB2A09637E18D00F80CB0DC053
311
22E31EADB8081C29410903F06BFCDF5AB46024E4A75828056440503C707856EF0C037623DD4922A400E8A6BD75E4D2800905F18450A00CEE88860C8964C7B3F90F56528BA18F71CFBBBCD2D05797E168FC37DB26DBE0DD2EAEF39686C18440820013C1444055402A541400DD362A0A402F1FE51246404E098249FEE30708C1
311
0CA0B54601053159480C00BAA9B1223A773234FE72FD5C3BD81804D8D196FE3D5315A0C981D88D04FA01DFC185CA93F9120E1F480B08063364A0A318F08DF95056E4C91F1150D31B011200383502E079EE43CC18603AE2F88FD139C802A739F208E88D06DC78267C448C27C4113C19B0F51B0E9C1C021CF8F9167C6B1F2E10
311
E461002910105D1042792D1CA303F469714C018C23D72179E165049C40E801CB96CF334562E5807291D1E0C70FE6CAD91656715F0E5C5E70F8D7F83290549B1BAA6F781D25180EBCA93EC84E72A74081CE3020789B3790E1A9E478E658C099BECFF01E530E80EC5FE31204ACFF70AF8177A03059240CD074978A002A878BF8
311
83FEEC81DD684E406CA630ACFDE87292822A11953710F000885D6F68A67ED40CD772B0828359B753F7CE23D9479AB9845771B389D6A77130F8C134EFC83947392029B10E4425440A84AF0E54825228FC1634D369874739C837A9DDC83C20D320C36042610ECDFA750303710224D01202488012CA847424F8D53F78AB6BECE9
311
B3B35A7F32396AC6B7444566327DBB4DF06FD9616744F4D3A397EB3B0A3FBA8D763702883ED742FE5CD24146D8E353ACCF811C806AE09914D8446E93840FF4D6C963FF32BFB6AB015D1D3B0C9A0968776F021F21404B6260CF84A14F35180CE20B5E85BDA2EC91FD5A7DBA7E5705F4F0F97AF26CE18E3BA078138202400A62
311
930FA6CC7882F911A92F33E547E64990B0F27323D73B6222863F86425153FA8009361C675554C25382CE148420C8DCC47A20122806CA178A0918C14CBD33440289078A00EC6070184CA9907FD0A1270478E0B325B67C2193694EDB7DD0F3C238447C8A11485562FB4902134E6AC952FD5320A4F7C780882DA9684285CD81D2
311
78C0E8FF8DEC9F45D22DC3C2CA99C2728110888799575B6834BF22B0F01EDE72D7F21B672C40F0A972999E2200B7C91403F9BB3D09C01990819238CBAE5E7510D7D57450507E3DB04AAA0A3C280064E0775380C8C16EEA4834346A04BF0CE847B4B3AF760D06D24BBB267C32E2C9257DE5EB748AD101AF1FD33265E2B674EE
311
D8C01A0AC901392211011AC810560F77778E85B13BAFE3E25C95B70919A4862C15928BD8989664AD8638101D009A80F00BDC41AF27602A4BDA0C077E550048E7F1011410F01405045E1C140B4D0E70E0F6E034171C3D6FD12004FCC1FA304312518910356628A4A326EC9ADF5DFFD1B2C0399503F14B4F8E3E0E4E39A06ABC
311
B56A8014687E86E462BDDE5124615ECDB412B7314F62E6E0C76ADEC0F717B360E741960104CF1706CFA18E0605004B01AE007869B095ED92144A807841EFF2811C047889A04901C809062057192688C92346F97F279449F89B113500BAD282D1DA80A55C27EFFE02C8D4F395003F285B617BBF0831F49B055342DDDD414378
311
E8888E92C16789F269A27C9A221FAA4A0DFDDB9F935B2ECC04DC51481558A69301E0460B02665AC4DD30C03D480866C3409400051811876014C0F294C542821AB045011A3E3F09001FF304E3A0BED05CC11A811B865001769507FC01ADC611F400CF68C7B093606E30F3C7E0F00C1D10C31951C1E2D7252181DA00345842A1
311
9130715C736EC9ECE686A712FDB31E4D3E50AB336E5666D7B212C0113C4A4406029709B43D0228F3FBAF49921B19CA0C82A2D5BC4A2079809240F37D3E10F9637607C3983F0458508A98B8B4EFC92AC13530180CF55359500080061DF59B98BB3FEACEE881DC8127F182A885A86FB12B43C590A4380504E32305E3148BBEEB
311
2D2782029765428092545BA5C2C681FC5F8E869C0EE1034A822FF09A12C94084505AA868080303473F8161F7AA0A6610745E280BE4427FB770106F8800EADABA19F453210435BDB2348471B13B65F2FCB554827632C4C44467333E4127095D22092ED492009930413251B5408345065065E415266E20279A40B3F520370BE2
311
050C8360E6BB4601C1673B9BFE007EF5200B6483CD195400A783E6DEA0653515B0FCE8E86D1618FC1EFC15C2E727F24F2A2DAB57326D8D0877D4E298894E7A0C3C7D9CE8A0E2D17AA2020FA1097D6372F2A9F955060FDD467AD0426368C24A8340FD0D6687A76316DEF5179ED9042005A2BF02A5DD810A4DEFA4A8F700EFC5
311
0FF4FB8C06410F0303C106ADF8852ACC6A2CA9046E9ED070739339857222CC009E206479886EA26227BF7A341A15C351A8404A6C10080A2140FA4B4E8D9B9A11645899332363FD69887F436A660566964250FD752E787B64BCF8E6C8190DF8EA0C854C062D8A5A1346F810414313E606ECA0AC3A01D6928544029D5F42E202
311
C0CB386F880F7842A31287061F32F3CBE09F2950783394F2F2B23D85386C6F51943E99DD10C8A0000BA9569A14805693274BD0E4F4DC3F28E331EEA91C4F33ABE057889BFB92819187840A08E57A276A8BFCB75B0342668C70C565C8059996D209C2800941A21FB82B2F520BC2E6FE6F1A8827043DE17000DACC8193E78BBB
311
8DF1467978C06F6AFE986123E3A95272CAC122046F4C65C4B88FED2F1CD1D918F7CDBF8903BF1A90057D42F4DC133AF804ACBB58446A0DB78806FC053FA1E45D0AF1112613CC0DD976C5E70AD3282F42725C0D02AC8588DE451B1C01ABF063E7748A3882F0DD484BB78D037F9812240EB88B6034C0AD53E5116D4C6D920C6A
311
89F084E6D0598AD7EB6930CC7B293E27A666E5CDFE9A3FA52FEB3C97976FDAAE9A60008FCA6B33099CF9880D35D419FC687D424378E3099441E110C5B3C6DC311E6653514A67A530D863326C4D8430E0C28024803B5B069B0E60C10EDB6DF087034171DF01F1F3404B27B1056D8C0E56E7CA6056E7798147BE4C2F01CED598
311
7E413AC6A724876DE3F599E0601CE7B9CEF3BEB3671E12DCE8AF9631B8031D3F360B6955DC2342B2A0E4632A00264C0DA002220CFEC3E10D9BADC8904D88DC51928593AA16C91DF6FFF82B3234404C7214D0F8608E0052283EFB2B0563F1D072936C4017706010BCF1B16CDE0C1FA9C777E44E1F5259B0C9BBC8794A82A6C1
311
82A3AF56B16921405351FDDC91B5BAAA617860E8D76C97C377FE701A4EB4378FA97C2C8E3CC8950886C6FD93AF70A1F5F676B7ED16CBC56AF5D09110EEB8607CC08A795882358280DDB98AFFE7087C6EB593D62F041CDB4018935238E73F1098100D0C8769818F777057F64C703C6530E142FDF5C837AE1CF66C94C4887D3A
311
3726AB990DEA248F73B5D32C8E04F6714B1E67C53FC52040252E605B322407CBF8C7F05453462A295ABF4D95592DDD76AC23512E9A2DF964715C80DD752CA8E263AC36F02C3C28A133EB22AC8D099BDEFDE28C3E8FFEE3815D5D00C17C00511058354D62443C1A546280E43572A9C661A34FA5891F8E7570608C8DF21DF51D
311
F9D2A84D4501F41B8CD4F4C9DEB2F901E810C0E4CEB6EC08DFB06341C864CF8D0EEE779A606545E1E64AAF30A4324C20FDD3BD558BD966BA994FA915CD162B1978642AD01694E533EC190368A68234657085B5F88E27A0805E04B8BB6A00A51646EE3C10A50FF007FF410F1963CA69BE2002F0F902E701AEC995FD41F83A3F
311
0C3809A3288A083003A6CC2A20E6D703EE48E3777AC07ADD51EB6101603A9FCF17B3D5928F6D742EE7E4CF38AE2B03C5FB39C81D7B2978FAFE85AF3D2710B0582C970F0FEB0E4D1103B8BE2B4D560CA10002FC8F334C891C07B44FE06B2E3ACE5E1E2D1FC32203110ABF9CA0E8381F68EC3C06701328E5A38278A5FCD944CE
311
A5283DA933DF2A2448BD23F1C5D8BE04CC2DC3B43B3EEC29F8B5FF926D11D3E97EBF7FA1BD1E5E5F5FE6D3D972F548547783146ECD84873F377C5820F7F9FCE5E07378D6CBCB7E036DF7F7104079A05B77C6942D1BA95D47424BFC3DB6411009A42E207871B7EE9B06614BBD20F22F7523FB985F3F7068E37600273A3ED0C1
311
CCC380F6EC4AF01CC1CF95E4848B7BF950AD14C44F10460221E02D21D01DAE800F323704C00035DFE97CB37F797D3D1C0E4FBF35EE1E5E9E0E879FBF3DF6F474780A01FB3DAF01FE0C0798218007C2090A3008BA7682A338F4A8804A06CBFE6A80CEC766F49853F15B2F45FCEA3F8250012841315016E75E797EFEEC4ACA6C
311
79F515CF1738F7C36E2406071051043817C9E8C5888D49D0332E800062FF54FA562BF7446CC0BFDFBF8603D1FEFCC9F7FFB5A7F000430755C2D3F72F2D02A022820897ABDD44594475BDCCA4A10AF34C06B08B4AB58BBFAE30999DC66C7CE903A83CF8EB006EEEAA063430F84B05F0ECF644825F5E95073870E72A0771AB89
311
B080022A0C5A9FAF34C89286257FB7BEA000EC65B59750C68E0815B0D9834B15606328F80709DE09018AC2A7817F83F96DB3D562C10A0A31300230CD4200B87F85808BAF64D04600254047F9C14DE93464009E7F5AABB4FDD6D55142A2C0BF1541FCE19C20C899BF4F76AB54B84CB97F88F48ECC029FD253F0C70DF4816B9A
311
C94BCBD653B1A283C4001A0337955E4AFED3FB790B6B1F5EA0B5514074103A38D84280EE0F5F9BE974EAB2D16AB1EA969684B6E4166CA28264B300474C7308D20013B204A65F82970718D05678B3315D442E1C0A327E2F56556040C005D2FAB1326A68A07507C9E46A3648555A7080F5F50219A00E6222E3E0862CE95B5680
311
930530742F1D041805E69B788161F015944D041182B861A2C17F3AF01CF5BFDF6C343F9171F5B004BF59C016719164B888EA206A02AD05E8464D06B48E4381A0E9345FD171625AC22198F57C003BEA5510F81FF78D31C9B033D0030000000049454E44AE426082504B03041400060808009868375C28BB58AF800100009E05
311
00003D00000034314539423730302D314638342D343136452D423742352D4633373043354233323443302F536368656D61732F436F6D6D6F6E536368656D612E786D6CBD544D4FC23018BEFB2B96DE15493C78601010A34B880709DEDFB52FD0D8B54BD70DF6EFED3AC0B12E6442E2716BFB3CEFF3D18E26FB440405EA8C2B
311
1992E1C323095052C5B8DC842437EBFB673219DF8DA659866649B798C078B48AE6410122242F2A4994AC7F93815DF85C049C8564CA0A901499DD886B2EB9B1E02448F358701A9235880C49A0119892A20C89D1B9FD768815CAD268CB5E0355B40B1E47F3E37A2020464BED06AA57CE8FCC20C3C3446D46761A2632A8C1283D
311
07031EFF2AE7CCB1BFEEE916E406DFAC8E36FFD99A9D60A6944090EEDC3B670C7DC13DE86B6B2C5C240D6E503BB85ACD579D513F1B9F9A69DC9CC22AFA80C426D40AF0B21EA168559156B6276F0F726A6BFF04DCD513A87A62CAD41FB24FCB2858B3952E3D852084DA25B9303C15687973CC8E8AAE11DF2836C38C6A9E765E
311
8C1BA1BFB1DC29CDFE518C8B5A7655A4ED7E77291ABEB80DBD82EC866ADE1B8D05AF9E35CF09D7A061F38A986D9EC412B8F0F65E5D81534D9B231D1E5A8FE577A241F3A5FD01504B03041400060808009868375C1004A04F380500005C1700003E00000034314539423730302D314638342D343136452D423742352D463337
311
3043354233323443302F536368656D61732F47656E65726963536368656D612E786D6CED585B6FDB36147EDFAF20F41EC7F69A2005E214768278069665709ABE0A3445D9DCA80B44CA89F7EB7B0E2FBAC4B2A32643D10E33505411A9C373BEF39D1B2F3F3D27926C79A144964E82D16018109EB22C12E97A12943A3EB9083E
311
5DFD7239558AEB07B6E109BDBA7C5CDC902D959360CE535E0866DF07A7579733AAB85D5AF234E2C51DD5B081CA7A87DEE56E47E2D6689E735AD0947194500A22A249308DB6F82682A3782C52A141BD80E4E54A0A3609622A150F48C16994A57237097451C2DF462738529D3AC5FCFFB5B401988BC78824973CE1A9A628D91C
311
B968BDBAC335B9A4BB379C6ABF5D2474CD7B9F773F7F78C349F055EF13FE2CF856F0A7379CE2BEBCCE6456F8E316A9E66B5E18E4AC77BF5812F5937FDEF0F5BFE3E3C785576D96659253EB54863A87AB5D98ADFEE24C3B8E38FE48BAE2C062631799EDC8BDDD833C6E88585B9287340B23AEA990CA49B1A473421E81F856D0
311
6D9125E45E6F001C4F7F85D6DECA8C6A835753A250DA50DF92F743409CBC3BFA4C6EFCE2618D302A0CEDDB264D93950002937BC66489A18D0A345DD650415124BE376A745EA9F0E016108E328D14C979C1302CD6BC0A4191B2C2C49112FFC0DB51401288D6A44C26C1B87A160AB6A11E5BD862514BE8B3DB750607BABFF6F7
311
81D6A74EED6EA7AC28FB3BA68C87AC94B2138A99DB41AE7147A71F56659287340123812054CAEC8965690A74E111C5BCA7260158B0963EC50C07E38FEDDFC5C5C70AB6A915F446D44E46C321E46087E23E221E2BC0DA6EB440EE6F44E80CE5AE2E2D2F31AD7AB71B8B139AF730773909401FE0D8DC3FCCFCC3D438DC117606
311
2076C3CB4A9D953ACC72CA84867CDA0361E0910F4EF3B109A07D332211C72556825745A215835F47678059E337068E3ACB0E2EA2B507175B0818FD1082EB4D26186F85BAD33464988F1420E1B9E43D522F8452A450106B04F01362BFF1B2BF5059B60F687C9F663A54396722163C7231012E7480FE916910E6572B6D8F4A54
311
CBF92C5CD324A163C8508058D3F16A399B13B348C6830FB5FD47257A1B8D2CF08253EE776B3A72D782D895363D96020B6C18D3C86359B3C6D45E728B4B9D716893D091E4D533045F495D2EFEF633FF5A660A520A5790765FE52E12F0AC82685E7FFA0398D65528850A132894DDE9F837B1DE48F8A74D487795A482C7122A6D
311
AE377BDC5DC212A465ECD8B03E7E2E208EC88DD9DA89456CFBC477FB798C74389668AB1A75C820AB7568FCBE0B5F94DC9AFF0D038D9F77E49D45B8278FC7177D0DDCE732FA0BCDDB42720FA90E87115FF76375C5696F368AF83103F6A5911FFF03561EE06AD10ABE933AA9DEC398588888137017449E09C377051FCAEED1E8
311
BC3BFA9CB27DA2CFDBF533459F374FC0C4FDECCBF3E06CDC6874E0710421EEAA6CEDBFEE60EB913607436C3F5BBF713F6F42253B9A4A0FD64C08416FA986EB02254B1846D82E7CE2584EBE31E340E9A8247483F07D5B84AE3A5AE0D4C5B202EE585468BA84105B1F5EC00C16FADB133FB7399F390FCF245CBF9027A137FD26
311
D1D651058D44D9B331A93985CAC2046CB4ED9E0314977128A42C13DB06879A273052525D16BE833B8706BD1269FA69F2B9B109BB55D30D37679986D85848B86F026CF21E74809100180B0D280C36F6015A7DFBD06AEB6F8D503BDCD7DD6DABBBEF54E1FF5EDF0E3AD53C03509B5B816FE9F51BC8026F44DAB82BA989F200C4
311
220B24166C3037854094FD46C5648D9C42F8B07E53687D824917FED3CE56F3FBA68BE3C6853FCD64F4A00BB85831B1243346654A134805AF5CF39A9DFE22C9906A6EAFE8303A5F4AC4FBE637489CB62EA59B9D529255F326CCC28ECB77F812A7D6E63DF957504B03041400060808009868375CF702076DC3010000E6040000
311
4500000034314539423730302D314638342D343136452D423742352D4633373043354233323443302F536368656D61732F52656E6465724D6174657269616C536368656D612E786D6CA554CB4EC33010BCF31596EFF405481C9AA2A64851255E4A816BB438DBD4926347B15BE0EFF1236982021512B925E39D9D9D59677EF3
311
510A72C05A7325233A1D4D2841C954CE6511D1BDD99E5FD39BC5D97CA9359A0DDB61098BF9CBFA961C4044344599637D0F066B0E22C074BC98C7A0319C58A9B254B2435ED23BC2F388AECB4A6089D280B18D139496815152EDDF046711DD82D048498D902B293E236AEABD7DF74D5D839F69EE1D9F48E1F3BF448FC9E6BF14
311
4F351E38BEFF9D662D0D16587B77825FAF2195BF515C395B563BC5197A0AE68DCF363BA831CF7C7C8D7F0DA23D42898037B451BA833673DA92BC82D87F636ACFFB0CEC96F4EA30EF9A0FEAB85D91CAED89348D80E9B178DDC3ACFC71D06F2528A182138DD8672E4DC6DC57CF91467432BA985E4DBE3DB399079353607C0A5C
311
DA0B70D4E65A122FA41BAEEF6C272908D315B076451BD55EB0FF9E092E11ACF8C6B5306028F9D5F15EB95426D31532BEE5D6EC700FBA0C1E94211D7ADC8341143D429D2671564059C2EC72108B4EE3847890CC4697DDF8A708DB01FD7AD8209A41EFC2DCFD7063A504821C7869545188D6C16DF801342CCE6B276363DC8EFA
311
4AFD0E86ED0677C3B77747C7FD3FD617504B03041400060808009868375CB95E6F4D51000000570000004700000034314539423730302D314638342D343136452D423742352D4633373043354233323443302F4173736574446174612F41737365745461626C654F66436F6E74656E74732E62696E53616060303077743175
311
3276D335763577D53531B730D6B5743137D53574743632323476717376761302AACB4D2C492DCA4CCC492C28484D2C4ACC4B4E050A82012F90744FCD03CA26072767A4E6260200504B03041400060808009868375CC55C663656000000680000004100000034314539423730302D314638342D343136452D423742352D4633
311
373043354233323443302F4173736574446174612F53747265616D56657273696F6E5461626C655D8CBD0A80300C06F73E4B29FE6CDD8A2E82A083B8B7F209014925C9FBA3AEAEC7DD2555D896CB85E51C2A1BD834F6A1F56EC4494C4695278364ABB24ABD2146F88CCEBB89D5321FF8F3F43D672A3B44DF3CB6A1710F504B
311
03041400060808009868375C1631F247350100009E0400003600000034314539423730302D314638342D343136452D423742352D4633373043354233323443302F4173736574446174612F636E782E786D6CCD94314FC3301085FF4A648931719256082AC71582A51348540C6C57E7D25A75ECC8BE20F8F7D86D0650115387
311
ACA7EFEE9E9FFC4EAC3F7B937DA00FDAD9865545C932B4CAB5DAEE1B365297DFB16C2D85778E7E602CB3D063C3529949B1F76E1CA6528B1D8C26558DB6C7A9F81002D21676069FBB4767092D0596290321342CA803F650C048AEC5702C5A2028AAC26370A357182791EE719AA43C0261CB645DD6B77959E5F5625B2D56E572
311
B5BC7F173C9152EC9C3313AFE332EF869BBA54E7BD4C968227408AD1EB894AAF61F22F95C54E5BC1232945201F5D993AE86B881D300C462BA0681E778A90F20821F4829F61297872E197174FD869AB53CB264A0372FE250A444F1A67E8C97F6AAFEFCDC60602AB70CE8E5C6ABCBE0FAFA75FF4768EE52937F34BCBA5C62BE4
311
849F4E498C4DBA2CF21B504B03041400060808009868375CEBF4E33EE7000000600100006700000034314539423730302D314638342D343136452D423742352D4633373043354233323443302F5265736F75726365732F30374144354233462D334537452D343738332D394437352D3141433232313344464343462F746875
311
6D626E61696C2F302F636E782E786D6C4D90C16EC4200C447F2542EA31816457555B39EC4FF4D44B458937454B300253B57F5F6839EC69ACF193E519B87C1F7EF8C2941D8555CC931203064B9B0BFB2A0A5FC727315C342422BEC3C410CC81AB68B6D0B0272AB15B1B5E4DF1CDF52EDCBAB963C0E4EC7B0CBB18AC3739AF22
311
DB4F3CCC640AD386F9366D86CD344F09339564B11E6077603F60131AC64DE8452D8FA39AC7E5F43A9F5ED4F9E5FCFC06B2911A3E887CE75D604C141F1665A98EA1FEA34036404349AE532D84D077CF81AC4B0D9953CDDF21FE891532317A670DD79A2459461E2B84E600F90F6B902D6F95BF32AAB66EF42F504B0304140006
311
0808009868375CA233C2345D000000800000006500000034314539423730302D314638342D343136452D423742352D4633373043354233323443302F5265736F75726365732F30374144354233462D334537452D343738332D394437352D3141433232313344464343462F7468756D626E61696C2F636E782E786D6C4D8B49
311
0E80201004BF42E6EE76F3C0F216234B883063108CCF170C074F95AE5473F5C4C06E932E4F28601967600677D21E9D8092EDB002539227A2FCCB80E1168D80A6417297A89C5D6963B7129A0D1E8F2EE73AA7B62BBEB8B27DE50B504B03041400060808009868375CBE89762363000000880000005B00000034314539423730
311
302D314638342D343136452D423742352D4633373043354233323443302F5265736F75726365732F30374144354233462D334537452D343738332D394437352D3141433232313344464343462F636E782E786D6C4DCC3B0E80201004D0AB90EDFD75167CCE820A4A845D83603CBE602CAC26799919AEEEE0D965E2E908050C
311
6D0FCCE04C8BC355404EB6198129C92351FAD580A10E464065907C8D948F8F166375F655BDC3FDC3B4E530A176BE7057BDC43B2A593FE403504B03041400060808009868375C2CC355C87F000000A30000003600000034314539423730302D314638342D343136452D423742352D4633373043354233323443302F5265736F
311
75726365732F636E782E786D6C4D8CD10E822018465F85FDF794480EDB106720EFE1121D0BA191B41E3F685E74F56D67DF39BCFF6C0EBD4D7CD9E03B20A70A90F1F7305BBF7690F605B7807AC16308FBDF0D909F36D341C120F81A437A1E6836CB945CA1CEFAC7012B36A8E64635A6231BF185B5145F156B3019645D13AAB4
311
943A1BE7A2E4F9F5F296BCF802504B03041400060808009868375CCEBAEF900C010000550300003400000034314539423730302D314638342D343136452D423742352D4633373043354233323443302F536368656D61732F636E782E786D6CCD93CD4E032114855F6542E272809936461B862E5CB872A3AEDC21DCB6A4C09D
311
F063F4ED853A8B3671A78BEEE0E4CBCD3907AED87E7AD77D404C16C34406CA490741A3B1613F919277FD1DE9B65244C47C86912E280F13693291621FB1CC8B6460A78A6BAAB3E1B8880FE83D86177D00AF48A79D4A6922E974A5AA6434908ED4A8ACE84023242C51439D90AD8765828EA0321822473EDEF67CE8C7D5EBB0DA
311
F0F5667DFF265823A57847740B6F438688F3CDC835D663A886B8600D90A244BB502D0591E7EE68ED43B04A489172AC2D2C64FE9A2BA9E6D959AD722D8B9DC01F460AD6C25E447E8400D1EA6BCD7C61EFDF423F4330109FEA4B45ABDCB566FFCDE5DF2A60A70DA8DFA02D84FC06504B03041400060808009868375CE3603EBE
311
7A000000C20000002C00000034314539423730302D314638342D343136452D423742352D4633373043354233323443302F636E782E786D6C6DCD410EC2201085E1AB90D9DBEACE05D09878023D01A1D34A8419C380F1F82DA68B9AB8FDFEC93C3D7C52546FCC12980C9CBA232824CF63A0D9402DD3E10C6AB03A3397DD1928
311
72090D3406ABE7CCF5B5D18893ABB1690CF4DCF02282E5EA8A5BB96FFE536F285CB347F95BEFFE81C9ED5AFF9D5B1FB575BB00504B03041400060808009868375C7B94A8C37E000000A300000007000000636E782E786D6C4D8CD10A832018465F45FE7B972E9B0DD4C0A8F7886521331D2EC71E7F3ABAE8EA83C3778EE8BE
311
9B431F13DF367809F4420019FF08B3F5AB84B42FB805D4291143D84F37407EDA8C848241893586F43AD06C9629B9429DF5CF03323ADC352704D3B16598D1DB8035D70D1E6B4EFA46D757D6936C5445C9F3EFE52D79F503504B03041400060808009868375C1E7A0675A400000032010000130000005B436F6E74656E745F54
311
797065735D2E786D6C95904B0EC2300C44AF1279DFBAB0400835ED02B8011708C16D239A8F121795DB93D22D20B1B467DE8CE5BA9DED281E1493F14EC2A6AC4090D3FE665C2F61E2AED883689BFAF20C9444F6BA2461600E07C4A407B22A953E90CB4AE7A3559CC7D86350FAAE7AC26D55ED507BC7E4B8E025039AFA449D9A
311
4616E739AFD7DE8C8338AEBEA54A820A61345A713E0B17153F7257E37E705E3371913892B25F02FEA0F1FD83E605504B03041400060808009868375C3DEE336E64000000790000001B0000006175746F6465736B2D64657369676E2D7061636B6167652E786D6C35CBC10E83200C00D05F21DCA56CA76D41FC96062B120735
311
B69A7DBE268BB7777961F8D5AF396893C2ADB70FE7ADA196782C2DF776D7A97B5933C430F15651E5469C55D70F80A4992A3ADC954792C525AE70A1E4D6AD9816CC044FEFDF01FE3FDE907802504B03041400060808009868375C115C83C0F7000000960100003700000034314539423730302D314638342D343136452D4237
311
42352D4633373043354233323443302F4173736574446174612F636F72652E786D6C8550CB6E833010FC15B47703C6B484C838A2257FD0536F96ED502BC1467E44F9FCDA814AEDA9A75DCDCECCEE0E3D3D965B7157CE6B6B06C0650D8532C24A6DE60162B8A0031427469DB5E1170D0AC31735408681D1D9D9B8EE90B02628
311
935163A5DA41EEBD0A50885B6A06F0E24B2DBCE4312486BF962B17573EAB12971B8FD118B5DCA55A26377DD1CA016BCE6F87717A1F11E99B57D4B6CD84FAF13CA1BA7BE93B4C3A824742AB2C6634E8E567BB708A072593BE4EB21AA3867C6072ACDB63DB7FD22A3319F5C1A59FF7A5F93B6063BE7AE281D36A9BFE718DABFC
311
DF356A1348B3BB6E0A0F0CA7239F0346AB9C522ACF0853CD89B26F504B03041400060808009868375C449473B9F30000008E0100006800000034314539423730302D314638342D343136452D423742352D4633373043354233323443302F5265736F75726365732F30374144354233462D334537452D343738332D39443735
311
2D3141433232313344464343462F7468756D626E61696C2F302F636F72652E786D6C8550CB6EC32010FC156BEFD860DC268E30915BE70F7AEA0D01715162B07854FDFC42EC4AEDA9A75DCDCECCEE0E3B7F2DF7EA53FB609C1D80D4182A6DA553C6CE03A4784547A8CE9C79E7E22F1A54562C7A80020367B37769DD21E96CD4
311
B6A0D629BD8322041DA192F7DC0C10E4875E442D52CC8C70AB57216F62D635A9371E672919B54B8DCA6EE66AB407DE5E5E8EE3F43A22DAB7CFA8EBDA09F5E36542F8F0D41F083D503252D6143167D12C3FDBA5D7226A95F538CB30412D7D23F484BB53D7BFB3A630390BD1E79FF7A5E53BE098351BFAC72DADEA7FB7646CA4
311
EDEEB6290270928F7B0C386B4A3AB93CA2CBB524C9BF01504B03041400060808009868375C7192B2C2F9000000960100006600000034314539423730302D314638342D343136452D423742352D4633373043354233323443302F5265736F75726365732F30374144354233462D334537452D343738332D394437352D314143
311
3232313344464343462F7468756D626E61696C2F636F72652E786D6C8550CB6E833010FC15B47703C6B4099171444BFEA0A7DE5CDB2156C0467E54FDFCDA814AEDA9A75DCDCECCEE0E3D7F2D73F1A99CD7D6F480CB1A0A658495DA4C3DC470454728CE8C3A6BC32F1A14862FAA870C03A393B371DD21614D5026A3C64AB583
311
DC7B15A010736A7AF0E2A6165EF21812C3DFCB958B3B9F5489CB8DC7688C5AEE522D939BBE6AE580359797E330BE0E8874CD336ADB6644DD7019517D78EA0E981C081E08ADB298D1A0979FEDC2291E944CFA3AC96A8C1AF286C9A96E4F6DF74EABCC64D407977EDE97E6EF80855B5C3E0CD733ADB6E91FD7B8CAFF5DA33681
311
34BBEBA6F0C0703AF23160B4CA29A5F28830D59C28FB06504B03041400060808009868375CA5E4F82B0D010000B10100005C00000034314539423730302D314638342D343136452D423742352D4633373043354233323443302F5265736F75726365732F30374144354233462D334537452D343738332D394437352D314143
311
3232313344464343462F636F72652E786D6C8590CD6E842014855FC5B04705B48C1364E2F8F3045D75479471C88C60049A3E7E61B449BBEAEA92C3F938DCC32E5FCB33F9949B5546D700A53948A41ECDA4F45C03EF6EF004920B679B31EE970D245A2CB20651069CCD9BF1EB218D463BA9A3AACD240F51582B1D48C66738D4
311
C08E77B9885478171CF691AE627C8859A628DD7D9C79AFA6035553784DDD94DC00C7FDF5D4746D034985DF6051E00E564DDFC19C9615458412D41096459833A7969FF47193C2C929F079C07204317947E49C17E7A2FA6059747266DD16763E42E37680E7B4E9CA2B1920E9690F0B7A22B0EA680951D3628C4837B4EDC0B21D
311
FC13E8D7E9FF40AFB423F808DC090B380AFF7F5D7096C502C378B51B662C9B7F03504B03041400060808009868375C8500E49DF9000000960100003700000034314539423730302D314638342D343136452D423742352D4633373043354233323443302F5265736F75726365732F636F72652E786D6C8550CB6E833010FC15
311
E4BB01635A42641CD1921FA87AEACDB237C44AB0911F553FBF76A0527BEA6957B333B3BBC34E5FCBBDF804E7B5350322658D0A30D22A6DE601C570C107549C3873D6865F345418B1C080328C389B9D8DEB0E496B02988C1AAB600785F7105021EFA91990975758442962480C7F2B57216F628692941B8FB318B5DAA55A2537
311
7DD1E0106FCE2F87717A1D31ED9B67DCB6CD84FBF13CE1BA7BEA3B423B4A46CAAA2CE62CE8E567BB742002A8A4AF93AC26B8A1EF841EEBF6D8F61FACCA4CCE7C70E9E77D69FE0EF137F0363A099E55DBF48F6B5CD5FFAE519B409BDD755378C4493AF231E0ACCA29A5F28830D59C28FF06504B03041400060808009868375C
311
649DB160F6000000940100003500000034314539423730302D314638342D343136452D423742352D4633373043354233323443302F536368656D61732F636F72652E786D6C8550CB6E833010FC15B47703C6B4099171444BBEA03DF566D90EB1126CE447D5CFAF0D546A4F3DED6A76667677E8F96B7E149FCA796D4D0FB8AC
311
A1504658A9CDD4430C577484E2CCA8B336FCA24161F8AC7AC830303A391B971D12D60465326AAC543BC8BD57010AF1484D0F5EDCD4CC4B1E4362F87BB97071E7932A71B9F1188D51CB5DAA6572D357AD1CB0E6F2721CC6D70191AE79466DDB8CA81B2E23AA0F4FDD019303C103A15516331AF4FCB35D38C58392495F27598D
311
5143DE3139D5EDA9ED3E6895998CFAE0D2CFFBD2FC1DB0B7F54E4FAB6DF6C7332EF27FCFA84D20CDEEB9293C309C4E5C078C5639A354D60053CD79B26F504B03041400060808009868375C47A226F002010000D80100002D00000034314539423730302D314638342D343136452D423742352D463337304335423332344330
311
2F636F72652E786D6C9591416EC3201045AF62CD1E1B0C8E930813C9517282AEBAA366E2A2C460195CF5F8C5B5ABB6BB7605FABC3FC39F91A7F7E191BDE114AC770DB09C4286AEF3C6BABE8139DEC81EB2939293F7F1070699D30336B0C8A0643FF979DCA4CEBB886E519D37B8893A048C90758F74692074AF38E85CCF3111
311
E19E8FBABBEB1E7396AF9C92D10E5FD66E421DD1802A69B9239491923F317EA4E2280ECFB258482567EB222FB76638BCA0C9FC185324501597C5FA9CB0D99A0DB2267DD2DE2C4EA004BB1CDA9A52C2AE7B4104DB5D485BB715B9F29A9EAB9697E24C5391645632C4298D662BB20CE1AFF6D5F82BDA3C9A7F465B1D0114FB0E
311
552C7356B2F85C423A979DA80F504B03041400060808009868375C102D4AC306010000B201000008000000636F72652E786D6C8D50CB6E842014FD15C21E15B1759C20135BE70FBAEA8E02E39051308293F6EF7B196DD2EEBABAE43CEE395C7EFA9C4674374BB0DEB598660546C629AFAD1B5ABCC60B396074127CF13EFE92
311
61E4E4645A9C602CF8B0F875DE21E55D342EA1CE6BB3833204133152233C5A1CD4D54C32936B0445B865B3543739988C669B4EF068A71FAB5A8C8C46635116E533292829D91B65C7A23A56CD3BCF9352F075B57A8FB21AD2EDC59A052CE79743D7BF768435E0ADAAB2274D77EE49513F35356535A31DE379320B1EE2027FDE
311
9740CF8882BCA75C9E6F94E01FDE8FBB004A69E4DDF88545C1F344FC29BDCEFA1FA5AD8BACDC176E8E800585420F0282D305613CCE0B335D5B7C03504B010214001400060808009868375C2B0AD4753A010000A80100004F000000000000000000000000000000000034314539423730302D314638342D343136452D423742
311
352D4633373043354233323443302F4173736574446174612F446566696E6974696F6E4974657261746F7250726F706572746965732E62696E504B010214001400060808009868375C310173C4F5000000300200004500000000000000000000000000A701000034314539423730302D314638342D343136452D423742352D
311
4633373043354233323443302F4173736574446174612F496E7374616E636550726F706572746965732E62696E504B010214001400060808009868375CB5A795FFE3790000DE7900006B00000000000000000000000000FF02000034314539423730302D314638342D343136452D423742352D463337304335423332344330
311
2F5265736F75726365732F30374144354233462D334537452D343738332D394437352D3141433232313344464343462F7468756D626E61696C2F302F67656E657269635F706E67504B010214001400060808009868375C28BB58AF800100009E0500003D000000000000000000000000006B7D000034314539423730302D31
311
4638342D343136452D423742352D4633373043354233323443302F536368656D61732F436F6D6D6F6E536368656D612E786D6C504B010214001400060808009868375C1004A04F380500005C1700003E00000000000000000000000000467F000034314539423730302D314638342D343136452D423742352D463337304335
311
4233323443302F536368656D61732F47656E65726963536368656D612E786D6C504B010214001400060808009868375CF702076DC3010000E60400004500000000000000000000000000DA84000034314539423730302D314638342D343136452D423742352D4633373043354233323443302F536368656D61732F52656E64
311
65724D6174657269616C536368656D612E786D6C504B010214001400060808009868375CB95E6F4D510000005700000047000000000000000000000000000087000034314539423730302D314638342D343136452D423742352D4633373043354233323443302F4173736574446174612F41737365745461626C654F66436F
311
6E74656E74732E62696E504B010214001400060808009868375CC55C663656000000680000004100000000000000000000000000B687000034314539423730302D314638342D343136452D423742352D4633373043354233323443302F4173736574446174612F53747265616D56657273696F6E5461626C65504B01021400
311
1400060808009868375C1631F247350100009E04000036000000000000000000000000006B88000034314539423730302D314638342D343136452D423742352D4633373043354233323443302F4173736574446174612F636E782E786D6C504B010214001400060808009868375CEBF4E33EE7000000600100006700000000
311
000000000000000000F489000034314539423730302D314638342D343136452D423742352D4633373043354233323443302F5265736F75726365732F30374144354233462D334537452D343738332D394437352D3141433232313344464343462F7468756D626E61696C2F302F636E782E786D6C504B010214001400060808
311
009868375CA233C2345D000000800000006500000000000000000000000000608B000034314539423730302D314638342D343136452D423742352D4633373043354233323443302F5265736F75726365732F30374144354233462D334537452D343738332D394437352D3141433232313344464343462F7468756D626E6169
311
6C2F636E782E786D6C504B010214001400060808009868375CBE89762363000000880000005B00000000000000000000000000408C000034314539423730302D314638342D343136452D423742352D4633373043354233323443302F5265736F75726365732F30374144354233462D334537452D343738332D394437352D31
311
41433232313344464343462F636E782E786D6C504B010214001400060808009868375C2CC355C87F000000A300000036000000000000000000000000001C8D000034314539423730302D314638342D343136452D423742352D4633373043354233323443302F5265736F75726365732F636E782E786D6C504B010214001400
311
060808009868375CCEBAEF900C010000550300003400000000000000000000000000EF8D000034314539423730302D314638342D343136452D423742352D4633373043354233323443302F536368656D61732F636E782E786D6C504B010214001400060808009868375CE3603EBE7A000000C20000002C0000000000000000
311
00000000004D8F000034314539423730302D314638342D343136452D423742352D4633373043354233323443302F636E782E786D6C504B010214001400060808009868375C7B94A8C37E000000A3000000070000000000000000000000000011900000636E782E786D6C504B010214001400060808009868375C1E7A0675A4
311
000000320100001300000000000000000000000000B49000005B436F6E74656E745F54797065735D2E786D6C504B010214001400060808009868375C3DEE336E64000000790000001B00000000000000000000000000899100006175746F6465736B2D64657369676E2D7061636B6167652E786D6C504B0102140014000608
311
08009868375C115C83C0F70000009601000037000000000000000000000000002692000034314539423730302D314638342D343136452D423742352D4633373043354233323443302F4173736574446174612F636F72652E786D6C504B010214001400060808009868375C449473B9F30000008E0100006800000000000000
311
0000000000007293000034314539423730302D314638342D343136452D423742352D4633373043354233323443302F5265736F75726365732F30374144354233462D334537452D343738332D394437352D3141433232313344464343462F7468756D626E61696C2F302F636F72652E786D6C504B0102140014000608080098
311
68375C7192B2C2F9000000960100006600000000000000000000000000EB94000034314539423730302D314638342D343136452D423742352D4633373043354233323443302F5265736F75726365732F30374144354233462D334537452D343738332D394437352D3141433232313344464343462F7468756D626E61696C2F
311
636F72652E786D6C504B010214001400060808009868375CA5E4F82B0D010000B10100005C000000000000000000000000006896000034314539423730302D314638342D343136452D423742352D4633373043354233323443302F5265736F75726365732F30374144354233462D334537452D343738332D394437352D3141
311
433232313344464343462F636F72652E786D6C504B010214001400060808009868375C8500E49DF9000000960100003700000000000000000000000000EF97000034314539423730302D314638342D343136452D423742352D4633373043354233323443302F5265736F75726365732F636F72652E786D6C504B0102140014
311
00060808009868375C649DB160F60000009401000035000000000000000000000000003D99000034314539423730302D314638342D343136452D423742352D4633373043354233323443302F536368656D61732F636F72652E786D6C504B010214001400060808009868375C47A226F002010000D80100002D000000000000
311
00000000000000869A000034314539423730302D314638342D343136452D423742352D4633373043354233323443302F636F72652E786D6C504B010214001400060808009868375C102D4AC306010000B20100000800000000000000000000000000D39B0000636F72652E786D6C504B0506000000001A001A001D0B0000FF
311
9C00000000
310
504B03041400060808009868375C000000000000000000000000370000006662782F41444533313144422D433638442D343736322D393743342D3933354241363145363641462F617474726962757465732E62696E504B03041400060808009868375C000000000000000000000000350000006662782F4144453331314442
310
2D433638442D343736322D393743342D3933354241363145363641462F76657274696365732E62696E504B03041400060808009868375CF270F1330600000004000000360000006662782F41444533313144422D433638442D343736322D393743342D3933354241363145363641462F747269616E676C65732E62696E6366
310
60600000504B03041400060808009868375CB5A795FFE3790000DE790000420000006662782F41444533313144422D433638442D343736322D393743342D3933354241363145363641462F7265736F75726365732F322F305F67656E657269632E706E6701DE79218689504E470D0A1A0A0000000D49484452000001000000
310
010008030000006BAC58540000000467414D410000B18F0BFC6105000000017352474200AECE1CE900000192504C5445818181B3B3B35A5A5A4848486060605C5C5C6464648383835E5E5E6262624E4E4EAFAFAF4A4A4AB5B5B54C4C4CB1B1B1858585B7B7B7585858ADADAD7C7C7C464646787878ABABAB747474A7A7A768
310
6868707070B9B9B96E6E6E6A6A6A8B8B8B666666545454565656A5A5A5505050A1A1A1BBBBBB8F8F8F9F9F9F4242425252527676764040403E3E3E9B9B9B7A7A7A8989897E7E7E9393939797974444448787873C3C3C727272BDBDBD3A3A3A6C6C6CA9A9A9A3A3A32020209D9D9DBFBFBF8D8D8D9595959191912626269999
310
992222222424241E1E1EC1C1C1282828C3C3C32C2C2C2A2A2A2E2E2E303030C5C5C53232321C1C1C363636383838343434C7C7C71A1A1A0E0E0E121212484A484C4E4C1616160A0A0A4A4C4A787A781414147C7E7C9193915E605E464846838583878987B1B3B18587856668665A5C5A626462818381A7A7A5A3A3A1B1B1AF
310
ADAFAD7072705C5E5C9D9D9BABADAB7E817EB7B9B7585A58BBBDBB4C4C4A8D8F8D747674B5B5B3B7B7B59FA19F606260ABABA9A5A5A39B9B99A9A9A78F8F8D6C6C6AC7C7C5451AD12700002000494441547801DCBD89771BD7B5A70B8EE04C702641712605CE034890E220088028C93245451215B713AF388E7DFD9EEDB8DD
310
CE6ABFF4B57D97137BE50FEFEFDBA74049B6AEED74869B7E87404D2814EBB7F76F0F67A8835CEEBFA0E42B854AA5B2BB5B6BCC951A8D52A93657A914FE0BEEE39FFE2FF395B9B9C6CAD2D4C4606F4B7FFF8D1B37EEDCB97587F7CD9B4343BD134BABE7DB48E3FFA7A228ECD6F6574E4786C0FC8B5FFCE2CD5FFCE297BF7CF3
310
CD5FFC92B52FFE58BFF9E69B776E0EF5F79E55CBBBF9FC3F5D3DFFB07F5898ABAF7CDA3B74E74EC0CE20230561BF096E97E05712BFFCC59BC80539DCE83DDD6E54FE61B7747DE17FB8980BBBFB2BBD4337DF487881AAE6C5ACC6AF25207877B2B527BFF1CB3B77FA47561ABBD7F7FA7FE146A5B6BD74E3164C7F51449AE95D
310
B412200EC539418717E7F2F11B376FF62E95FEAF1442BED0581DBCA1BD2780D23F506AFA16E1A7AD974EF17876F00DD7BCB187A1A97AE51FCED5BF2BC1F2BBE5B3C19BE27B43CF26DE00933658FE129B109C2FFF922CC22C4260FA01BEFB462A77DEBC35F42F600C3F5B0795D2E9E02DAD5E650B4438A92801B65C35CBAB7B
310
1EE5041CE69D3B6F1822DFB873EBD6AD3B6FBC71EBC6C86AE967DFC2DFA4CEBFF1BF54F6276EBC114E2F43FEC60B01A0D440A868B2920E5C4BC10D60931ADCB871F3268B21D3851B08E1D6AD9BFD4BF57F7577909FAB86F29B982571136AF01DF5FE32AC3BD9406CAAF2440A54CF176EDD01FBADA1FEFEFE21FE4C9858DFF4
310
183458A9FD2B6708A5A5A137E0EE1D11A9EC0C7C58B2C73C0AD6B479BD76B7790CF899E287FA5B06FB7B07C9195B7851FA8794031EF1FC5F9406BBFB23375420286399B631E93B08022A785C4DBF9996EC3551874094D71B6F487E80F6837E50F483BDBDBD83232323AC420A18C68DA196EDDADF68A77F938F78FD972BABBD
310
B7B87FB164AC6FC2CB760365821ACB74AED44FFAD7E7431ECD7E08AC421F391D199998989A383D9D98E8E56F84A318C58D9BFD2DAB73FF5222C8EFAEF4DE7AF30D756E5108683DA471E70D0502099A7240F19E4089D3FD203E620F1B47BF43501E85031AE44B4B9F2E4D2D9D4D51D8970983FA861B3706FF950CA170DE82F6
310
B312CC4F42C8966295F7D725ED29882415DC055F36DEA1FE96FEC141493F05FAA9A9A5A595B333DED5B3D5A533F62183323032F46EFF13EA0AAFA5FBF7C8976F8C10F7280A014832593B90004D52341980D907EAEB73411EB2F1EBC9F507F92746C40E7AE0AFAE54292BAB2BAB67CAE0746264A277B06508168C94BF772BE9
310
765F7BF0B548FE1E07F3B5A521340A5CB5297C4B12811B89E82191ECF3E41B3259C529F135E23CF4C7F961FB13537F5A02ECCAEA76B5BA5D3D3FDF3F2FEFEFB3AA22053E5008833428DC6C59FA2F770595F311F235D427F379BB8A121BD901B96076A388DC4C3C61C7933CCCD770FF375A6E0CE9F535FE2534BF5ADD3E3FAF
310
D71BF57AA951B6D4CFEBFB8864758A26154430080B06ABFF557610ECC93726224F155D1471041E0D42F82F4891C926C1355B0831649FF365F46FF05300A7A790BD8ADEEB0D4AA9569A9BDBADCCD56AA55AE377F5F3F3EA2A34983A1DE91D810543138D7F28E57FF4E2B5335A3928B76EA1CB9B00BF158C8F63A2E788826896
310
D0B5E7C461949ECE089144F8EBEFC7FB4D8C9C4E9DAD60F7FBE572B416C2F2423ECF8B86C439E450DA970634ACFDA977629098D0B2FAF313A36B3869E37AF7853378CDA1171FBEBA95DF1E44FD5144A420588641B0055A79ED91CC0DC41E27064512FB33F1F04D09D0D2DF0203A646A6CECE80DF28356A348CED8C4F1EF137
310
B9319E1BCD29867CA556AA97F7B757567006A447FD375A26CAAFDED9CFDCFB2BB0BEEE8AA5911BC2C7F85DF88A3775389990AA72219D582409210F85A4E66F2987D875C30848023088FDF77E87F96FD7CBA5B9DCCEF4F4C9FC7C676777577B7B7B67E7ECCCE4E8DEE85E81A6D55AA3BC7FBEB242589CE8ED4770E785D7DDE2
310
3FF2587EBF57F50B9E820527316488E5C32D50F979BCA58207297E2B6D658702FFCD211840FE43FC9F3A5BAD9E97E6F21B9FCF16BBBB3A3A5A175B5B1787875B5B3B86DFEFFC687A72674F19D46A8DFDF3EACA59E405375ACE76FFA922C817CE86A89BDD92F400F2C55B7462F610459837D3A61ACF50C7471C8F2F2A9D38C3
310
DA2F068007F80EFCDBFBE5DCC674B1D83EBCBEB8BCBCBC3ED0D3D333D0B3DE33BCBEB0D8DA35FBF9F8CECE68AE020BCE61C112A4C1138CD47F9AD13F7DC6AB9CF9CFCFAF9D0E01FFE6CD503F5B91C5218E2899CA15098714848B04FCE5654884ABF0E554F11F6C21D73D5D5AADD64B7B9327DDAD8B0B7D7D6D6D07070763BC
310
0F3E38E8EB4310EBEB8BC3DDB347E3E37B5842B97C4E44A0C630427E5CFDFB71E03F471E12CA9FF70E055AE141042DD81234B879EB4606361D9328149037D7D76A571A7E974FA20AD0323832713AB5BA7ABE3B3E3D3FBC30307070B0B9B645D93C3CDC3CDCA41CFC6AAC2D64D0D579B4B1B397A7C1BDBEBD7D36657A3CD4B2
310
F44F4909F2B9CA597F4245C59DEC354316F0587020D0C661742BC02869435FD12CF195C422DB3C5A3E2305C000CE6B7B27ED8B7D63079B5B5B878787C787C7C7C757C76C51B60ED60EDAFA06D67B965B3B672677080BB5329E60E9B477847AE2E9EB53E35779FD37EFCD2D0DDD68AA355B6B0D81860502B8B68C801F5C697E
310
9AD62F4B406244CB975560BAC756AAA577675B07C6D03778C17E7C95CAF1B3ABABE3E3ADADE3CDB1B1B6B681014470343EBA979F8B90383545727C63E43549D14FD0F927E5F1FDEFD7263058FE02EBCD1BDCBCA053496BD58E69BC44F9F854D4D979AE9ADB908824382AC1D4014E9756EAF9CE85B6B54DB01F02F8EA5908E0
310
D9D5F1B3E72188C3C3AB67879B07C8A0A767B8B831FE5E7EB754DEAE5261460243FFF07858D8EF0D658BDC563A2C5EF5833C13C90B69248C4DD97842B61DFA7F210A2F6108A0F96B62E2D3B3F3DD939EA47E30ABF5AB2B903F4BE5F9B36757CF65021E616DAC6F60A1FB647274B4B05B2E5341B082D43278F67D8DFDA48AFF
310
9A13F22B34C7586C9992BA6E66CABC190E313E7C811AA57304B421A75B289B9D174CC868C24548823E230B9A5A2DCD2CAFE1F98E61C015CA7E96B083FC59F3ED06EE60F360B3AD6F79787ED278D0A86FAFE00BA9220EAEFE1D5DE1F7855939C3FCC1332426B377F692406E022C010DB437EF009803F0DCFD3B7C94440571D8
310
F2C328F115F47FD324802070BAB43FBA80EFDB92FCA1F7E7CF9FA875CBB327CF9EB08C4DE4815BC4210E2CB7CF1CEDECEDCED5B757490968286899FAF95583BF46F9393CEE6A86D6F618CAAD9BFF0BE22B042412C5CFB50556815CC5BBE33E9F61ECEC26A9BCB8145FD10590078F9C9E953B513FAE1FE387FAC246E14F9E3C
310
E7F5F8194BD6594140876B6B84C5D6799C61A16434201E5237582AFD75C07EEED9863F463284E2E13425A036BD41061259289B6BDC1ED656FC8B8592C9D00701E27CEA749F0D8EF44EAD8C1F80FFF8F8F9D513191F6803384C800097F24069C407CFAE88136B7DCB3D5D4A60B711F19070D83235F77331FD35E71596688903
310
8E2E0B346EAB7936C4162043E1A1F144093695443A570144898BC4079CEF1912809A3035A1D3F361235F90FFF1E3E0FB93C7E2750719F88E7D8E68123883ADB5B18185AE99F1D11C1238A792DC4BEDE8EC6FF503DF377E0445F68FAF4E08D43082D02170F30131A154206CC559A8D9CFDD762B31273E4947A581E0D9BB71E3
310
3FFA07CD02CE2A6BE1EC80167497F2A81CFA3F7EFE58D0CF5D5D170DE4F89070B0BC4040CC17BEAC6B0586C3D3FF0309BC06F44B04A1E13729929B4DF73C44070692C810B08AC3012E8EE9EAE22067796288C193B2139B970B86F47FAD0F98382B1E035D9C32FD318A4FAFCB274F2E1FA772F94411B0CD42493C23393A685B
310
5FEF3E1ACF554AF5F3552A478383374E6B2FDDFC4F6DFE38F4F4ED7A7FE838F488EA852482F412D3CB07E293D02C9F074F12E84C5AAC423271450572A385449844706475FD38DC3C22486A0639E5F1E38B0CFE93CB4B25910EF309A2224BD8DAD40C682C28341AD69047E8539A6AFC14EC573F7FAD10AE0FE6EB13E87B28E0
310
93B513B5803514DE408809BC12A14876DE0A25F643009E9176D9F0C330164285A7444DC8CAF0E9FE41429EE0A2F6A6DE91C0856C501272404A8468822E24C807030B1D33D40D4AFBDBABB411D093D88C86D7205E05FC57EDD1F805FA4CED5920F0CED39157E007CE21757C5DE440ECBCB46CD283E378029B43FB077B4F47E6
310
0E9F61E8D01BE017D7E843EB49F50A2028F1E442FCC90C9EE308E4C0C2C94EAE30B75FAD3A0EAFA57FE9EF960F14BE15638840EAF3BA490BB6850EDB38EECAFD21A0C746D0C4234DBD035EFC7EDD121FA585FAB73DB89FE6A03CF833AB0730E5E2F1A36CE3F202A128934B44E396961121E1F2C9F32BFCC0C140CFE22C1CA8
310
E109B182919696BFB98120234F61B59F7BF46EC30CF067B21A33B0FB3E402448EE266CCD93135A8E823DB31F85E677434E608F53F8100BC0098EA2FD6BC01770E0F2F2D1E5452A711C4BB8486248FAD756D852026B6DC90A2AA5C6B69E9068B8F27AFABFFEE8AB36F1D23985D5960014FD711940800B560250D2272CC54FF1
310
D3A660B275AC3881E349689C1616E1E9044129D032313509DE4700BC867C71F128C400159407C761022BA8A040F40A244788808C60B3AD67A17576279F6F946923191921B0545FC2F12AC0EFEFBD7262B6935679FC7F80629160ABFAEC88E8430E76D82A8DE62ACE50BD4A42FBF03B387B37FD321B37E31C3F063D99703F51
310
60E6C9E5A300CF32A91E0A085A29C0FC507F6C21012303C6104B82C1F1E156DB3229D1A855A32A8352C9077AF733A0AFE0FB3EF81FDF2F0F82C21B0EB06998866878B103305E31EC17F4FD43831E570A2118D1667632D4FFFFB125782F96168A833DBE78C3F11F8383A79D49F58F1E3DBC780417AE6581381E8610604888E2
310
913E12492881274822C221AD04CB0B1D273B8542837460898C686864FF6F801E8269F40AD0481DFAF5E6E9C1F3BE391C325004DF0746A4E4448F7B52C0D5EAD39EC46896B888C4210D68E99DFA2820DF7FF850EC407EB55C3EBC5028611409BFCB8889C90F1C52355AEF98B18100094C9D0EF6F64FD47E5CBF3FF5293DDFB4
310
B50DDD54F351446FA1F14580DC3902C085F593CB24ACC917B213BBC11B3F0A61042FD8B24F4FB9C4556D0CB9E1A880DE89934CE9607F18F81FDD950DD0E1D143F41D56110E227C250621FF098838042BC85B5B6BCBCBC31DD37B34966E9FFD9936A2FEFEA9EBA4182E5CD3E17AE35501FCE0707E5525A7DBC64DFD077825BE
310
37CE0BBE1BBEC061410C660B6E49912665E2B3749C7C9F93834022F74CDE6CA5EB501D9CBC04B768292C5CCB84478F3CA83074092C6082169015E5800D5839DC6C1B58EFE83ECA513BDE3EFB8EF1242D2D4B3FD55AFE03D42F8492AF8A3F21444FA2FA9ABBF525EAF84C09F0168527B0138A85D1EC0443C467B28BF844EAF7
310
6323BE13D7C11F72FED783837B970FEFDE7D7817E077C17EF7E2A1C2C0FE851FE4C008388C15E818958746129E1009D054B67530D6B3D8DA3D59D82D9D57CF70039FF50FFE0DE94089DB269C3655A4F25B38C49D0BD48E59F1526887C18FC5272197F85CA72862A593A4843CD25F920487DDF7AA0441A2C0600D062001F103
310
FCEEA3D8560CEC3EBACB01CAE5A51E420349F602191E5F901893142381351CE17047E764BE50DEAF9E4D8C38B6ECFFACEB141E54A6865A88A60133EE9CBB4C256930B0B168C1C3AB59FE1743FB422C7166082E934AFA5EFA3E4BCE0B69362FA7041818B7FDECE1DDFB4D022007CA23E521F0700AAEB5888BBBF08023E128B4
310
045381542FA256B0D04E28A0C3804E233A1BFB476A2F48FD135BAF9843BEDA3264EB42BA499601F16B566E72C7EA35908ABCB9176BBED43204C696AFD3D7B24B08D3AFA44BE243D88A6D9D0B6562B52F741E1610C0EFBBAF2B0829289A640EC4C8A4FF66A24430786CEBE1E1E61AF9507BFB496EAEB64F8F49B4129EBDEC06
310
5EC1F8A3F228A3CD0950883B41BEC6D1944AE06147289600A7726313AC69A3F91197F1438BCB743E76F01F6EF1D1C854071670FFFE43FF1EDED702EE5A14C85D0C42DF90B86068800659AC88981855E3E774A71C0CAC2F76754EE7CC87C808D1E1E0F6CF47FD4224731337BE1E39C5010823EE997B1491BBD99FC8D8EF7748
310
2BEB5EB2CF66499A8E0F7511B19B3EFBDACB6507BC78731B1B383D02FFDD7BE8DD9256F7D0BA7B46015941097B80018F700FFA024CC08078F51806100ADBFA163ABA8A3B95B9D2F92AC30BC908ED31FABE0CBEBFFF0279B675868F9AA24E9530B08C174055B7F48E4F58002F3E82F0BDFA003E8B431EB6C4A91E4D9B5FFB79
310
1265BA8827BBE5F1BCFA7F789F72F75EC800F8AE43FFAEC42F13009FB905A9A0132015D0068ED7682AC608BA6771038DEDB3B33082891FAB1ABF5614F93238079726B833958796B845B731FCB86316713C1DC581B1E19B424EE32674093F80776F7E27C6FBFAC85C536CD955B96EDA2A3FBF770FF4BE11845470EB3E42D022
310
000E0FE07D161811020742162444668308801E133A4C163BE68F6826A5523071CA78B2FED51F28F8C70FE4190073A3E5D3259D7A288CD19BDE623F10021BAB0C6E327FD507B2741627727EA00D31856492F9F009D7F152D930704E642795C1C1B336E0DEBB7F0FDCB79318543B25341F36802D64A981A690B94259607DE0B1
310
9D466BF8C1C5E1CEF9A3FC5C639FD6117B4BAEAB453F8EFBDA500A67E8BAF76C8A06566E36EE1184E8329419161F83D843D5DE7D8221163E145F56921C3EE383978072129E290A9B7166E63D26BAB1FCDBF710009E4051842390031845F20077CD079407C575F20364C4910ED2A574BC357630B0BCD8DE39335EB175646A69
310
8458F6A346F003A93002E846FFE0C459B8006E506D79BF902908A0AA05CB5E73530E33BA1D3C2EF99C712B7C8B41DF4D2A7830BE8707485FCFAEEB85A09AB6D39BBF7B4F23E00509C20DB04E240822A4B810E04D8D53D10D504C059ED86BB8697F514777717A8F8144D48A4C89077F7EDB00E2D89DC02A7B975640A282C49A
310
4AA84B70B12BFED8EA6584860DFB7EE23FCB00C6BAF7332FF259FA3C9346508813E372F1DDE425065BB61FDF8300F7EEDDBE8D0C6EDF46F7D8823478590AE23759D60DA6B7A9F125EDE8F4A5D2B37470D0B63C30DCDE3D3D59A8D1501EB1B0A5377517BDD6E301F995E3F955F0F58FAC2E81CE172A8344AC03DC6781939D24
310
84B8FFC15E8F3ACCD3954CE19576B942D0A029188EC7013FE59AE90B71292DE774F1F63D60230180B30A2EDC65291B6211B4081128856001A680015CE000708254891851D4B3BED0FA4D7166B466BFF1D2A924885AD12B387FC0FCE6819AC3AE06A7AA4B715F0927B74D119D4A668FB54B8A8C268D8B038A207D10A7B1E95E
310
42195B695BE0240F7408B311257C23F581E987C180140C584A02B1670CB817CEC0A080F259F1360E58452013200E3EC107AC1DF4FD7B0F6D23F33347F9527D9F51E6138E31AF35F1BDAAEEEBA3D71BB402E2FB47CECEE96B4DB85536772B07C82A34F3E66D0BCEC207FEB9E70643761276F7B50D5EE963CFF80C7AF4A2130F
310
5BF8C4EBFB5F07B709840480DBD8007FB7EF3F90104908BA457D43AA2A6A02C91422285E5AAC143F3313A0CB74D9D164933B86C25587134E8D342B453FC982860D09FD13ABE72055ED020E85D3E312F74C25CB0293D978A1C4001927C80B86FD06349126EC219F0C735C8053D8F5F310817EA01F1B7851F406144C211C6362
310
C27DD51F1E310C0102280ADB891E9B085CC528A2B1369A46BA195B9A2B351862CE43174BA73FB7CBB430A5798F4C54B7333B96C3224A9863AD02B9FBD8E63092191924E77C199D92887DA594B6DCF0112857162FD0949FE6A441F5E62E42FB2105BC405A2301A3424601DC807912CB2C39C604A27908021CDA30C4C8C2019A
310
883B3A8BD393BB3546136EAF561980FB63E9E035FF73B96D09A905ACB2C11D79571C5159026227DDBDB81396EB03F14100BEB66DE1FA9EF82C3ECCBE318119C4269FD014E66361FC8BB0B4EA9A98EF3D8848A01360430284335004C183CC25BCA82D2302EB03B8419241C64DF4F5ADAF77B533BE786334BFCBB8DA72BDBEFF
310
C36103AFB30608A0B39B58D93F0BF42180841DD26BDC22CF0A770E90240006BAC65197D90920131C7B2EB3CFD3C71C6378A305EE8488FC1FF8D391E2BDDB0F6E3F45E7C8207C419800DB410073A3173942CA8D5242642A74496FF115832A6314D9FA4257577BF7FCF8F8E8CEE8DEDE5EBE76DD3CF892BA7FB8B90F629431B5
310
525E92A15A3A4A6FEA3FDD73136172060959206591F4C927196CF645AA285CF3014630121754261C0D31E1A7E3DA2DBDB54B04703BDE3A4209F02045C4BB0F529A14BED07098A2A1CD47513DA64B512F409BC01663090796D787173B5AA141B1B39BB470EEBCF1E30F9D263ACC4D05110797CEF7B923B027F089F74D1D06F0
310
A4D8C0CDA6604023FCA45B76C5CDE0BF3845ECBE13E0C0ED73700A8A753C1AC8AEFFF1B407FC8A20F42F0D94019121DE304077A027D4112283BB8FF0072444D68AAD111D6F591BC0061854BBC048EBBE9E81F6A33A95C21BFD13AF3C7E7DCDFFEB0DE8903F77B41DF178E99C289895B0EA8CD640549D68935BA7C5294E0A1D
310
66DA0CC419BD398E6265789CA1241441AC94532A3C19C95340BEFC68703077EFC1D307B71F3C500859C11494838E902203A2BE90EACC5135B80B078804340C920C2300BCC06F7A1C71B875DC572C9BD1D84BD5FB9363CA6BA7D03E5C40FDFC54FC23C9B4B9DDD028787D89219038523BF64E638BB37CC25335937A00DFD328
310
69C5B390C8C32FF25C8C47A7181B4A599A224A9DADB0E0406FEFF9F183B7448F081E3C55024FB33828784AB61704482CD0160C04174F9E33BA9291D58C2F1F1B1B3B5863B0D9F3E51C35C253D54A23E560E2C0CB3A6F7A81382601C2079CAE96B7B1560D20A341E85A928A4E01083256420576C2ED477E2E565FD9223BCC69
310
1CF394D3D8E281501E0EE5C1C8159E92585D255CF30CC854C75318006EA4A01028EC853F9407C6053910BE105348324002260254886C156260F9189EE0F8C9A3CBAE9D5A992184568A69D5183A7DB97DB089FDC57AEE54F858FE54F577DBA85309640290F2D220952620750C5811FB772A7876D1E4040FBFC6474D51246D8B
310
3FB378283FB514F8AB3C20B8BF7DBE5DE541C9A5D3D38DDB30E00151E02523081BC89C2214103E0BC1B3D0199A08E002681A2613A2616CEDF0F0F9C5DDC75DA395C25C0309C03DEC8091A4AFD3FEB504AAC6633930556DAC86EE3561941E862C4A75DD6B6BB3A0C59BE153DFA73EDFCBC3CE2188D3D378FC976D0EF9A95B7C
310
8532F527CE3CF539581E0FE501291E9139FFB65EFF5DBD8E0C18DE3077170A64E033FD278F18068028802F156C3809FDEB11B1019C208D020C9BA2870457F0F8E1FDC7EDD393E3B9FC9C4308E9315704233F960E554802C14716B0B45DAB5EAB5E25AB7830EBB8D25E6CA94E4AA01794FB1EE164FE9F040FE82C940A4BCEF9
310
13075D087E85A7237D3CF29C47E4E676777779528C4781761F0BFBC1D3A77880E40C9A2E5109180D5255317890394229F0F082010354082D574F1E3FBAB7D6553C2113DACB97BEB5526C7C6F69F9310A94C46CD89FF8F379AD1AA035FD00FF3F320180F01417A6F255A3A8D86319FE0C0B0E06A0DCD33F79841339C01E5BBE
310
1911AFCFF7C1E0A540BFBDBFCF2372352686D863F83F59CB6865F43104007EE06F52406F680341102048A01BB048823082CBCB0B6AC48C313F3E7CFEF8F2D1FDC3D6F6F9F9D9E98D9D7CAE5EADE2A6512FAD7AB526E17F600C85550DDE9ACFE9D97E694513103BC69F8A2813176032C890C1E9C49FC09C61670FF8705B1D73
310
86260E7C8E7122C7F8208A55139E8C8D4763F7EBF5728DF9C34677364E3A3F9AEFDEC9CD95470788834F9FBEC512379890B38C94205B2557987C4186DF5C0837608DF0F9F3CB87B7EF6E920475752A01460E556919B2B64296FB9FB70DD5F47232A0F77465BF140CD001F00ADCA175090E2665A14E6329B62660E02A1CB50C
310
6025E3DA252A670B3F0FFAA5EAD94A509FE7036B159E0D1D9F2E76B7AE1FD5A606198D3A747AF450023CBDFD162278B9446688111009B4029B0F2180AE20A542D40610C073B47FEFE1416B2B12200F3C991C2F54EC2491027A816B0A34A9D05C6F437AC23462385DADD75642EDDA738AF1600DBE07EE8437804D2D011A94DF
310
71C2085EDD40266A407FFA1D1C00B0C03927E60338E3B9D8C47D1F8CAED578E06F7CFAA4BB63B175FA7C301B747CB377F45192003CB8FD34B12009224543D8604494011A80C1903CE0518C986208E1C5FDDB8FDA161686873BBABABAE74FA637BEA894A44078C19696F326E057D7F95D061A6B0394A9D5F2DCAAFE4C2388D8
310
A6E9AB7695CB0BDD0A332430F1A9333DA41D1FFB97FA09AE84E738C75C407C260408F8DBD5EDED7DE1570A7BE333C54F16963B46AB0C2B71208EA3D16EF4EEDCD7005241166C005A73C03164792151205C007288AE337B4D7103741BDE7B7AC913350B348B2D767515674EC6F72A0402BBCB41C81305AFCF05F2758D3ECAC8
310
D26AB97606DB9581A4B7A8FFB068CD5C0604E6849046B70C2B60FF0CDDF93C13822B4E82FA0479A68220E66D9FD775FB3C1A9CDBDB9829B6AF2F77EC9E0678FB20ED8D1B1A1A39D10F9812E20D6281F5673121AACAA9C53424000DAC173F7E18C3052EEE3E78E7F1160F5AAEAFB70E0F7775CFCE4EF384DDEEBEB9C0889D52
310
43BDF557559FEDE5F17AB21E118C4C31A3DF6A96B56AC62180293910ECD6B721047664BCFCC6B2DD3C65CA0F0C823DFEF84083C7ECCDF05898EEF158F4FEF97EB9C123F1B9D1D1A3D9F9AEC5F5CEDA84A3C96C14A55584D62893D6A54D8D2028D05C8B1F124884543F3223B29D208B04910D3FC43F5C52196AEB5B5F5E58E8
310
E82610F08C21BD443801233C0CE8BD1E40F84A1CA86001990048031ABBAB11EF83F9283EA89F181F2A0D9A9F62D94B7F625FD727E6A93F63F200F614F7CF100D4511C07DB45FC5F0CB4CA359ABE4774631FDAE85E599EA0878A3C33D5AD6430CF4C055EE5FDB80629000D7855DED3F436F3B61B3DC7FFACEFD2B1BC6FB0696
310
312CFA477CE87A87070C7998E04FBA78AE3F915A065E819FCF35B410321D9ABB308146A11AD5196CDDD7C477A171C8AFC74B45CBC6F641AB53C8D4ADA5870C02379BC0470CF83DB55F073E29CF5CE5F7A3F8FD62EB7AEB1774C2C6780B9523F9287193FD23DDB79FBEA513B45200E2E0C1B51350163AC19043C600F2C1DBF7
310
DEBA7BB9B5457BC0D840CF325EB0BBABBB786D301437000020004944415472B491ABCCEDAFC0591201CAC8EBFACBF367FE7B6E40E69F551BBBE7123E3C00AC560CE20C62436E8C3C54CC225EE08C0D74CE26148877689EDD004FB2BFBFFFBB984035373A7954EC5EE8591FE531348654514DB1D1C56411DFA2A7C212BE5ED9
310
1278F2851A432244C6822C29C85A8B320ADCBDFDD63BF71FD32648E7D098CD018BC35D7FE89E250EF2AC75F96C15271602687965C844B8807C6E7729D93F22E81D39ABD62A0820C1FE9F11CFA7208125D33E96FD69E83AF6052DD32D49FF0802CD9F9DFD39260389A950887A647CCC99BAB17132DFB5DED35138FB3A060F62
310
95AA5E195BF0BB56495A5A4A8FA440026E46A047D40ED2520A441C302D240F201FB8F7E0EDDB0E12A04D8816215A0579E8FE1B1281E9F19C9900DE79842E2A7CCD48E9876EB01C75DBA0E0C8D44AB5512947A00BE7CF5DE9E1A6A6BE43CF1A78783DFD5A404E4477336C1ED8B18908B2A847B2AFE9839E891137A6673BBB96
310
FBBA2A4B8E9373B001F08369BA11BE8ABC4302FD2345FD6014A127068427D007BE28B41D9B0D40FFB7EE531FA673C8870A69135B1CEEE8D009C08042A5B4EDA314920B635BF941E7487E45256439DFE9D276295F87E698389CD49FB394FE19720412DEDDC40E9CE9C6DD605E0B719FADC416CB15AB3A61F9B5B9B9426E54F8
310
1D8B03DD950946D432B40CEDAB7BB5AF11213CBA73C9BCCCDAFBCF06127C7980FE6D1DC9B4DF14832D6568FEAEEBA76FBF438300B541064ED33F3AC0B0D10505306FD370AED02859234402F6C3FED006766DDED2034D90D119057225EEE3DAF787EBF30EC51ACB4F551678BD6728E1944730C095F13E4D81A4DFFBF67C5BEE
310
37E62A85FCCEC6CC6C7BC77A5B477E22223ECA4FCC0F87E2A5E3EB782BDB25B8CFC6736A044DE5A7CDA604526361D650484FE283B77EFBD65D52C1C73C4F48E7D0D81ACF572F2E2280F98FB230508FA906B42DE240ED651B301CEC83DE1790C9FD96B6CBF986BECF3BD332C18EF627A0B6EECD5B152E02088D03D828AFFAD2
310
6B05BF671B4F9A09A8CE0CD2707F67F2A4B3BB75B9ADA331C1305BBAC182FB4A79820B7EEAF73199B8404C0B81231CDCBB871B80FC41FF5860E8E108222A1A076C29E6E03B6F3FBD4F1F295DC457573C7ADED636D6B7B8C88413DDF3B327E1046AA51040B40CB50C7E3F1D2E44DAD34CFA604029BFFBE714DF0C069908027E
310
B275F1F366C132E1A7450B04011CF82B2B647CE754F650FF6E25BF37AAF65B7BDA16CAA791F1D09F6CAB989EC5AB7809BE145FA459E8D3E4B0FB47DAEF093B946FED585B80FE1A0305FD5330FEDB4FDF79FBF6BDE81D8300CF6815E5F9896552412A03F31FCDCC7CB5E32365550CD9365FDCCEC8752E943161D78047336F8A
310
F6539840A1F2E764FDA2970999F205CD2BD1F5CF496571F76EAEFA0E1CF8FD2A55FD06391F9EEF8B9DC9994E72BEBEE1FC928E2F223EBA0FBFBFB4F2DF137BC894B8087643D64ADE6EDED67F7680FAC9060239E845FC94AE93D880F994FBF71FBCF5F66F9F32C292EA900F9C1E6F1105E81C5B5F58A067A448143842008D72
310
75EA3BBA3D2516FDF02FF79260020D6B3C714711F3CFB61BFF56A826E627E82256F7400FB387FEF23C1C1E77FD6A21EBB1B2B35F2F95E7760BE1FA3ABB3A981423477517EEE36FF96F122B942F6FB64D9502BD1B9089162532A2FEFED255028FE653C9F46FA321E0B588B7DE79FBED07C44106CC85133CA65190543004D01D
310
02D8181DDDA5A9C91A7110805B7875B689FC3902200FB192E7DFD936B37B57D9C338BD49E99E181F4E5FCAB2ABC1CA7AAB382CBC7D515457CFABE6FBC63D525E5CDF74B16378B9AD6774A58531912D232DF01BAA913DFB7D3AAFF912984302B84D0500077800D26C60A4742101DE420C610C2E92FA93056022EFBCFD5BB6B3
310
8651470CD33BD87630C05831BA864C85997B8754B05167F0706499DC442FCD22592AEC2ABF3FF13F950039BF159FA9B36ABDB2778EFF83F70972B83BFD3F4899E64DD8346AA495CB155A7499F2CE39B0AAE755125EB84FD8CF8D8E4F4E9FB4B72E8F1DBCCB98B31BC4607C2CFF21C8145FB48EA0F2159F86A3098415609554
310
DEFA7B27EF1301033DD06D274BAF6821D220DEF96FA4CBB60B3CA241C021D38E1AA76B4406B4767576166766A6C7F77273F5F395291BBA19F64F2E3095C14F3E60371827741CB27E89543857D6D96BF9A47C6A9A26057840332EB843717AAD171880217B71FCCC0355AED3D4819911F79D0EA8AD6DA31A83E36C5DC2D47029
310
5C011302387069158F6C9966022367ECF1D00BA9BB95C389AE7B6105A1FB640689033A7FCCFFEDB762189103A61C3A4FEFE0D6A6B5A19EC5755A443AE78BC5E9235B047890A65919A0D2F96AA3C01CEE913BB3ED239C3E0CD8DDAB99E4348BF3F8B977B6C43DEBEFBD7721A839A63B94C06A10DB87FCBFA3C2932F8C26F88B
310
6D6BB30C3C4E09AFE40FAB52EFAA1EC0316920E031A46D65A0FFE45A673432E907FBCF86717AC04F2CD0EF512D665FF53F05BFCDC43489F150890C60A8E0314E70A06F619D30D841189CA15D3417F3CD50191AE4396543F0C42BCFD696C58DF163F5B46D708BD5FDDA5E5E5FDF9401BC4F7E00E8A17520833D1CBFF495B5D1
310
CE037C664123EEE74737268B5D1D3DBFDA6AAD8C08DF2C0BC7A737E10AAB2A7B958990CEBF556CDBEE823CB09FB344143463C630CFFF585D330CF0320E921744A7918280FEEF981161008E9FBC78C830217A07B7D6985E83F9A79884ABB5AB383B4D7D788F9FB3D867A2112A43F19042B33A108690CF6F472F8661CFAC9714
310
78757F6E6F2F7AEB82FEA85E5715941778B278281F28C268AB24BDB470EF3303E09C359E9DF1CF990D8A096106E6A66C8620DDE7D281DF0B2831F20439A30D68386CE13E002F7EDA8D7806162B205D6A19AA1FABFD6B1B400EC2BFFDD66FDF7E8755B4883C043F43046C1326136680404F1F934EBDDFDD39CB58A98DF1BD78
310
80E0532E671FA1435E9D6EA5E9071000BE8F262E7C4044FD95D5FD526EB40A05A634775F32205C3D779FDC168CD5E56BF982508BF572BDA4F6F57D3304BE9EB18149461B12F760D7485891CA47CFC44909136FBF4931716A2E100123FC6CCAA6A644F25EDF4AC980B14039009BECE8B798BF69A05DC5B6885CD23F8E13A46F
310
F0C0A986D617F001C52241801E87C2974C31411DA3A5D7B6175472763D637D3E57C33B908F867F4A59CFCA7923375E5F027A983E18BD7BD4E6FDDBB2250C1529F4202EFAAF979DFFB1F2612E87EBEFEC58581EDB9AA95AD1D7C1905F7305BF8182D5BBB524D47C4E3B81CD843220DE1E6536497C0962C225F75A2D6A998303
310
B23FC501F0B3F736EE1FF01200FC8C99F5515207C9C40081DF304C0A17D06E26CCBC5B3C47459308178301FA8057C2C0AE9D99B05F038828B08400F2E3251254DD7EB8BC4853B101F99AB48E387457C96951E5DB670648BAB70A7B04FE93EEC5F5B183F9739C98952C6845C380D401B8FC86E70A20744EC720E09D35955D96
310
A9041720196D183AC2CFE6AEA816652D0234883D788BEC8F5DF2615261DB031C2381092401B48D8D2D870FECEA9C3D99DDB036C8A051058030E32190976718C89F031DFBFF2EEA3D88606A8A19BD0AE305BDFD12BA4FF46F1A0002B07137989C748936E9DB2C91F43B07E4E4D16C3779CF5A4FFE8CC981F07C29E34B7C012A
310
F0054FAEA4A6A3D49D3A16D2B3CF220A029003366663053C89B3FB1827080DEC2780076FBFFD8E39810CB0593CC68B5D9009F2D400418028B0BC6CC74067E7C9CC0C2690FBB084AA5254A12AF63543B35EB40D17B693F7E3464D5094C00AA9E04E0E0524F5C35C5EC6BA94B21AAF2440725E2A9FF94FE7A8F0E769EB83FDEB
310
039B631B18BF396F5C13CF89ACC02C387DA56DC3B1CD84B96CFAAA37B55FE723B611062258257D331F186AC93D8AD600B4FEF4AD777E4BF68F2168FF08C081A37AC13446C859964803961928476D78F68419390D830C1935B5C2A0A22A3AB17D3D6428BF12DC373B8D464E04C0A496BB3B3B75639DCC2500E0F0B15FB6F47B
310
5A7ED0183A87CAE8D535F2EDBD4B3B7FC762DFE65A07C30B2851DB890082ADC07131EEEFA3DB7DD5CD32C0860CA83CD4B7993A175F422A8149B1C1D94C1145059D9C78A8A572A90B7C8B1E3392FF77A80C50220880FF3669004E90F101740D2B808181455A044904674E7482CC3EC85C4BCE339404C0B0BF6A5611E4F9B815
310
7BAB6DE327EC9BFBA1B4557ECB609C1F45326499EFB90EE78F18227F09E563C9E63D847EDB3B68EB9C39E95AC4F7ADCF7D87F6752BB6912040281E4A0D8A8314E80D60470999B8A51FB1488A66A9F3F81FFA61C83F4FA6969E472288FADFD61B005E0EA4284822E018911828E868614DA0C36E11F3A051070BF2F0840E35F2
310
00E2C0C80A776CC9E7E6841C0503D0EDF15ED9AFE527E798D23BEE5F0604E58DFB7099D739BF0BA5D332EF29F1535995BDBD0DE681C4F71DFE6A7AC5A13554AE6910963E9ABC9A0DB5B202225545F5CFACC942B5B93C207352B6E5310BF349AF200175D7DFDF78F6D683B7C87E087FA9B35812C4F8F13452CED610A2207541
310
E6D659A739441F3833CD0C9C3C3DC2B0712F62333C4FA9327C9CA1124904B4FDE0FE21C119776CB0C212AAFBA5CAF80EB43772ADFE77CD9FA8A4144C54C2FB2304C65F62FC3678E4F6C68F30FEE1BE8383CE7DB86F58B1AE0C51F0F055E188D02F00911DDB0991832228B3172B3E623E513FF1734FF414A611A603163F401B
310
EA790FC9FF7FC3FD3DB02DC00184145B850D01D120424DC03C00FCEB7880EEEE939399F1F18DBD4AA54C939899304D913CC2D5CFBC55E50C7FBE4C0E14AEEF53D6843DFF56BE2D554637EA047D3C210E2C61077875FB5B40E19F43AB7470CAFE1C0D3ED3B3B4778D1DF6D4F837C08747180FE8394F2CA1E0A46B6DA62CE2B2
310
DABEDE0B1924098580FC16B369730E9E90541D3730D47FDE16EE1FFAD3419CDA05ED1F2715C607F2E81893AFC5936303F40EB776F1D808BDE393A3FA401E1C706E154C892860AD74A2949C409E28A8FB3349C764D13E4D1D3468952B7B1B35001BF41142CAD58D6011C8B78961EACAB66E9AFBC627673B61FFDA4167950A27
310
4145BF11EA17BA9AA60815C2C43AE1F648E3772E53C94E6364AF826019E723069A8AA353A3BF7FB5359281700061FF64C28C10B9AF0B70B0B0D30A31CD1CFD22F68C76DA1E44558869257892363C091D313EFA46B57C3BEB252E9C6BF5B4799EC58F1910F469E25AA17B343799DB3E33CF410061F96C6D63FA91B1000CEBB7
310
D2971BDD39A2A76361E000F5DBC1688D47CB812DD60F8001AF25B328D173A9E4BAC18CE9F1F628704330741B2649B92E9714447C68559C6CD2F681919367E4811100750058809D0230C087A89FF3C80C23C4C60882E481F48D531764BABD5CCECA308DE2F63D3BB50373D630796126803C2D1FBAC148F7592881B395ED7D26
310
B7DD38D7096AF98841CB37592561D9C6565317AFBE9FC4AF7371E060736C7635E0CBA1809FC80F544DBAA1F2F9393D970D44C0615A0C6930E758B9E63AE690F73045F0C8C0731DE9CD80F718E94652383458799E02C06D328010011C7090D8C5E5336A83D4059953877EA1E1D66FBE994F04608C4C991917230FB61F9AEE18
310
3A40AB9108D032449FD1A7283DD25ED15360EF7EA9303EDDC0043403531EDEAB10DFF87F5E2FD56DF0F1B701A9F614DB17FA0E0EDF6FD0B1622A81FA3D1DE5A33F551930335C353A87F9AB05C60455193448246944A232C5D07636D864CDD7A50D0B4440CDCC465D1C418321F50E1648D500294065D869559EF3C40C8FCC6C
310
323E989AD0F0C73142480B200842802C061008B480A9954AF282052B3AF67350FD0DD30D1F4075AC303A5D490250F5400ACF479656861E4C77AFF327F3EBECA4B57B6B6C8FF62602BF150744656A87DABD7BC6BED50527B2120C001A0B3718C74F0C65CD34F275164D7968148DDF259AB8AD6CA81CDA4E8819509B996A7F64
310
2D987A401A2B04018C01E6C169A8700F9DE3B489DB2BC49C9B7B858A4F50D22AE15428FCA4A1EDB20C83492690CFE361CC7F8C8066FFD0D77AEE797977F468A36E0B0DFC87F90EE6348BC748F7CB73B5B9DD5C6EE7AB19ADBF6DF359F1DC2A0F9E44F213F8041F64274C0859A2AB7C37440FEDDD2F95BE44065F22067E3EA0
310
CC3BD8C0D8194EAB291CCEE20B9CD8E02950AD806080047A279F19024C837C848816719AC4A34DF8F0706CED904E8185753A458A27E4C1E37B5F30A104932BE140E0BF4E400160F320B054A8705042FFC47B4940810173F9C9E97240C7FCC3F3813EA239B745DE9F1B1F3FC2F9330374DBD1A7B475923F9A2ED81716D18D1B
310
577DAAB9D1A0458655AD3CA7E211867AE7C702DCACCD291E0F798013DC01BC326087775C0833E04EA3778FBCB8DA4687A0255CA0AD210C15661E4E92001A4449031D1DD27D327334BE830B64DAD90CBF537A45FBD4E94A7A88888E715B7E74FCD040E818BDC1BF5AC609CCCC015DED23877080FCDC47BD8EF3A7B783A17D33
310
F3ADEB6D6BC7AD75EA7C7852C5B6FDADA6AFEFC2D181C03F8C40DD8A4AB5024F0B72E34B57BC1182472DC80946789AFB711DB7F1193C03C893B0345F420246114D3EA71D04FBA731C0DAB0D3CD311B218F0D5A15ECC105D02F3AC32F13600084731A83220040019B03180634B5923D438300B05BAC80881F061095FED5D572
310
A3323ABD83F1D37A2301A8C930AB3F66ADF7CBEFED30BAAD7D78A06DEB6A87F15491F5AB7E25842B6B34BEFC12C8A159F187C64B3CBD2356DE5FBAB98BBE9583F0E3280C0076DA15BF34C15238145742B07080B1EFB83382F9FEF2239D003541041083C5AF9EF3C8944DC2030BC3ADEDDD9D27475800693049E05413BFB3FE
310
B4308731512F13400D06F813368A0101D8D863EB3E75FCCADED124F532AD3F123F131AB46A93DF1ECE7F96CE9EB6C365C6D6A07EEC461FC919FE288AF7AE1A7D012D291EB073735FF26BBB1C99FB706E972192819B7A34BF22424BEA1CC7958AC2E04BFC8E02DB90A4A1DD04811ACDBC181037864672C78F6C0EC3073A40CC
310
49D5E813593B7002763BC6A909D31AC86F3F6E335C9E1C309BC58F16418642E2AF6B290A34FEDC0CFEE08FCA0F56700699CB73B9C99302AA17BD516D7F1FD755A2B32B3FBE7134D3BEC813195BD355020A7DBB541539CD2C06E45F46FC0EE08293E6C0E1972176D9B678340AA1A4823404EF79B1E2347E47C35D0A2260730E
310
0B513025DC0BD1C07E3366E9B9D17F767405FB531070700035618606F0B40C73C974CFD321B0C174A80C0F3AA54945FFEF348F5488895713E89B5C98DA501E06D8D24FF04FF0CD7ECD7BAA755A854EC6A180AD13BE094E8D5D63BFD6DFA5F5D3E4DB1BA18FD8473DC6E17FFC9832B71A2A94D96E808BB53F9192955D62C82E
310
282B05168AA0927D54AB20A20A74800B7CC9655C8B15F62377CA4C91641F9F4D0478F4FEFDCE273A002CC0A725EC165CE3A149F0333E8E9600B2C05A7D15FD831F0938DBE5D0FF13E3C0F0765965A0961C3FA86DEEB0E28304747BFBA5FCDEE44C23544F7BB7BF7A132DDE34F99E44EC3FEEAE92F667A10F7E90B0E8C6442D
310
F5A5318B0F816311DB2E6DC6F172C363FC800EE09186BB9EC82A24C0117700CD884AA42023B81EA6E0CF8B3056411110D78606EBC5AD5417B45BCC8E61EA01C4006AC233933E35D860BC1B6CB9C9CCCE7840D2E0C1C1FFC11CCE54D59300F2B47D66A10F09D8E24B71B9BDDF98FB62A3B897C53EC88D16D1FFE8C649B17BB8
310
E760EB20B784F52F992544753F2CBF642CD3C9C70D8722C197142C567E74FB431EE248A8F3FC00377F5142144A82FFC28AC2970A780C85A7EE9146FA4B2981F3C93BCB0F3FBCB6DD3DE69C72B6073B99140DE28B8E919D9D9E7C2F5FA99FC1FFD07E9AC0965CDAEA0A945FADE52C791EA989E8E7A21A355FB37E44405D171B
310
98A6E946DB26AE71DBD01FEF07FD378F5B4B518724481820890E7486E3FCE61A60E096D577701890EE07CA5D7F2B086040749FCEF3F81972E510A86359C9BB579883035887542090614E5C4461705D7CA1CF84DB564838606CF1597E8119790D021080C935A908324EDE9F60A04B7830A33F0670CB08605B8D01BF9A3D4356
310
93FAB4FD84EF6754930640C1F9D74B052A7ABBA9F502B39DA3BF6BC7514EA4BEC71D752BFDC198EDA8DFE8F32B3EF811E4576B0A2074B99B070A069F60173E7427BDF285024E35A4418B7A412914F2800F1965C4F1120A2D5D2C64400563D5942044807BE7C738EBF3034C4A6F4D70C04ED1F97673C039FABC4CFF18866E08
310
200BB66BDC9CCDCC3FFD1E43BEFC52C317F0F5E64900FBFCDA4DEE68768FFF46350E0EDADB7B34DBBEDE3776BC55599AF84E312229F931E700D04478D66A0D88D09B2276141AF0F8811C5F8067DC04C0F90929F7F1AC9CCD368488AFB965C97B855A3E2E93AE5B4866502E55991B82D4388614F2C36B8484A5FA06E3EFFA98
310
4A6AF17D5C2073299D9F12FD63826F67FC460E54030981684E9FBFC22009A3006962285FDF4FC84B699FB5BEF3736C6072F6844C15EDF25883037DE6BB7AFAD6AE164B367812FA8CFCA6FA25725D99AEC5C6EDEEC64ADDA2BE0056002032E1D7A20A54CF444E360D520A5B69816C0A953CE0434A8A898BF18E2B704588C01B
310
DB2133342F5404FEE698957C200EF54E31BE6DF4E888C9C67F5F3F1B41F922777E7FA6332677C20098C59F762F5DFE4A23F9801A3BB6F8A4F66E0D40EC867E92DEFCE84C714FC7CE8DD3DD3BDBF9C781B1C3B549FAD2C89D711808CAB100E09700BB85240374A7209212F320CA577222A7020E7824500179FC7096C714884B
310
DFD9499E027ABEB3CB0226CD293CAE6E0C41A6788F396606A073E28CBE5CC67D584D36CA39D37974FE1023253E3FFB007A26F657FFC901D851130DDC2BF54884F20D5D40A0B7E5C7BCC7CC87B84F2ED820192CCE1AABA1FF24ADBE1D03635B5B3B53D4A5F84120125FADC36A0E792D3AD7E255792CD5241A4C84171F110409
310
0017DA493D0A7790A7BDE6DF326180398E4B0DEADA5C2763825E43E05C388E184678C88CE6422606C017F030366981353DF03A753DBF6370879F79889DD0BF75408724DB53C5B0063AB6568D02DC47AE4627B58D7E367A6000267E7840C23A0940B992DB98ED1C4731B4FB4DCFB6D3EAFB6CAC7646F0335C5031888CD74E21
310
03380260AD47176D703960230370FBBF28813524C17FFFBD6288BB28E4F905ADB4A788B40B4A6201C1878BED224DE9906C4C79EF32EE679B9F5D3B5DFA137327320643909A823F62106CB8F9BFE4BFEAFF0FC7A6393EC7F64A698EFF8ACE31BA05ECE6DAB6DF124118D1D13F892F3D3530602E3F3ED3D59DFB821ECFA3D9AE
310
85B1ADAB9E328DE738BF55D5DFD039445AE76D0194180F57B15BEE5F09C07F952F9A10372BC894CF7DA12CF6507E2A8916E0DF430C519485C55D61EFE209912D8C32866214E121611E22A0B1238DB18E86636A3BFAFD5B4EE02FF1E505F902BDF424D0516907BFC95EF3A76B6B3872769D67E25B548F0DA46E2B93DFDFD5F2
310
B9E9EEE1EE1DCC7FBE6380DFBF38A165CAC73DF912AD76A4690D2B766A3EB4AFA2D05BE543EA20B095FB17AE3F1928D84482049B659E671A4763CFA567C08824913D37F2F92F841FC244085C1681225C04AD6DE1684831682CE0D6096B56101C0D4FB3A1BD3F11FC1105AECF5660BD3FEEDF162B0D9DEC6DB55AF27FC98050
310
BDDEDFF63ED14B01336053A19DE9AEF5F5D9E9D9F9E19ECDADCD497BCC57681922F327EB41FF681E17C1921B04FBAE371AC69E53F98183E91B84897A5DB164158BD1D12FF6F6BEF0E02847727BF2628F9FD48B6FB11DF6928C868B29590A0606F92140D0C08850DAA7DD8A5FE8A50389F61288AEB743E9C801BB67DBE0A7F6
310
4F63BC87770FDF57AA73FE1F5A84F8DD3AADDFC32087FBC0A7D645C327B97D65E7A8BBA76DFD9BCEE1B1CDE3F5F7CE4E6DF4013ECD7CB60BD1239E8A4E9A5722AD9C4FAC8F7FF17B214AF8801950430639A08E3ABD05A0D94E253BD5951C885B0CE750309070555FF21F2EF83FF53F4E15038B8D8A244740A5C9CBC120043D
310
A0B323FB1DA0A4EDA268C05A304619505000BE10415DE898809DB6B66896E60AE347ED3D6DC707CB7D5B5BC374A158EDC343D0EA61C217D4878CBBDC1D85686782C3CF4272E7DCFB5E9EF628F5A95AC1AC0C6848F5771329EF8DF2BB79EFEDEC8DBEC72EB7F245287FD4B31008AB38EA4D52F2BF57167159E3004CD8950E21
310
7DDD6F699FC763E9D1A0AECC701F7BD4430A3E030374066938F883C01DE40E7DAFD609345E33570F4CE6BE467FBD7F793B5AF2A9D331D86DBA7BF98067918F9FCDD609A0384B523F4413B574B818C6889FAEFC5E7B8F90CEFD62BC2C85B2478D54DD076635BE434FCADE68B3ECF1C8708E27863DBEC352D87BCC7A92A8E135
310
700CDE65BC114026DE5DB68275E656D2C0D4087293D43BB4C9C14EA83C0D806783B40DD7CD4F19EE9F33801F55A3F1FD600017A6CD5DE607783D5F74E34680E7DAB98D99F6E5B5ABC7F7DF19D8278322F6A97FDB2FADE1539BD945DDF868EE2B8B70D9EDAA45D1BB0A5801198CF1DA891540474745BF0317F8A3703E02510A
310
E94B084221F887FE950272D62D4232781054A87C58D015CD45EBF9B70E60820A2056E9D4D619E8494BBFA68B61EBDD8CF52CCBA124BACD4A4077E8420A7F36FCDAF661E577B792A7E1B7E337C7CF1FDEBB3B49F501F3C7366C1730E793F51FA20A9C3D2E9F18E63DC277449054CEADA36DA0807467D45F8A744E1BDED725A0
310
33868703F1392BBE221158220588F30574A0B0893D0515B0B7C404AD0E7F40C11D504C49BD7DA39A85A19CD7357DFC966E5D92272FF06D59CA5A6A1C8AE30E52F1247C1F1D78F81887F9F3E387075B170F9F5EEE4A7F5BFC69DF02FD8795FCFFAB472E7C88D563DA514861B85BD41594A75F5E866BE69471110A9F75C8609C
310
7E6BF6C7C727431EE3E9E3773D2378C25226E82C08104A57ED273FE0921D6990E02B006BD038263BA360355E8DC446A380F0BA35FA9945A80CF60DFD54054202F91897C241C147D59F8E0FC67CD0F2BF377A3463F8BBBABCFBD6833C57E214AC3F5AE9C2FDE88852968F20337972C7E04EE5658223008AE82D93BC37D8DDD9
310
00BD6B16EF221F0D4149045D740A8A215D4FC186C658E01994B8CCD317465828704BB630DA2243B3B4ADD3EA554A97408454148C04A1A0CAAC2E04033C04073851F54380E0BF2DFFA43FAD3D6B574F2E1E5EF6E5F4FEFBD1CA87C161FCBCF5C7AAE2F726F814027BAE10F79BC3D765D61D1803952210A9AA07F8C6BB2105B6
310
1145B324F96014EF223D4A9261080239F03FF6F4DD4975C183B887E081F7A467A25EAA0C94028FEB808637768B07400A8235D4EF33143253198900E079E3FACB0C59B00F827A5785A6FFE2FCF0C0E6F1714F11CDE5140D931D707950631F3DE877F300002000494441540ADFB08704E252AADE1BD4E8DF55796A32B9B6F177
310
37C67702E5C638682737286CB0E0A89B624D5BF28222432848C9AB8C07170C97B814FF492A61072407D638006F7C8400860444C01B1930A522788045633DFA9507267A3A42BA05925BAD705CDD3792FA23C1075C6EE768A673919EB6C3FCFE7629B7310AA794CC9C0D14A1FB88F95C845BF22543F57996E0B26C9E4C2ADF18
310
7F979F8A55F11B47BC26594C52588518D25E6C2B1CCED231EA1B748F093E5726A21A54C91EF95789041030C20FD5AD68613432E19A4D0DA2505B6BD843516E10BB00AF9AC315EE9FDB39CC1F9EA59CD88F9CD071D470C86C4647FDEDDBB1CDAB81DA94034747A779F4CED497CFF817348F69F52E55490840E48840BA72DB71
310
F3E84F6DA2F4717AA928F153DA6E4C7E8E00363CEC9A2E1C8E65F298FC4A52F087FCDEE5CBA38A80CBE11FF7BC2AFF249203FFAB77A128A001B1987BD334AD9B901890A8C2005B6B248196AD09C0025ED841325B31845032E327C531C839E66DBAB39566B631C2FF0A1DA5A3CC47E665AD8751B47CFE33899DF047C9F3C365
310
E3B11278D49DF939298E09002F6430F9958803309827A7C791048CA070061B7E9A64C557D235F83EE24822E5EAB805F9862F20FC58F483DC0EF02181F572930205107E00E523861895A2811309808F2B6C14B2AA579E893753C155D2F54302007E9FF36AC5FEDBCAD47E182D91A73920CFA5C18E01F8FFF4C3F1FF553BCAD0
310
E58DEF85DD63B91BE38ECE1A9FFC4AD4A1FBA30D462C328C5A0340DFD393D3D3D3C0659195C96990F391EFF4175213BC74C020922D4830FE215E76940962BC0713A3B82784C0CB6623DC40D6E1485BAD454F6892200B225096127FBD82D2B12006BAE2E329C771E25FEBC0DAB3B5395289D56D7A8A89081B34EE06F80F819E
310
FE75C67DEEE95D227E283FE98A7B9F1C97D2D05B4D07A469153C3DA3048EA68FA667A6D90E291C7D7E2D063E4D044964D055F2DBF3E31BB851AE9F78A0A7314F0AD24901F581D74A6929142039C65AF5830D1C809536CDC05E4BA51038F79D713DA930CF18BA3010E385351CF47F74D439BCBC793556A1F99814926AF12835
310
E251C59BEA3C083EC2B2760FEBDF4304C9EB87B35769E1EB24B648542CFA4EBA9EF93CD42F03C08F249A2C98897D8E2225E90077823F4A52171A61219998CED6FA050992B6B0A74A2220ED12123004FB977084208F8E2AFC80F456CB110BCA647A3A0F854085D84FE0052BE31FFE7F925610BAFEC06FC33F9931BF063F39DB
310
3D1BB20EE357F594045F4226131578582CB055A59A073AE0413989D215019B6EB8A21CF154D71164E0D8F4E730C2CD382D098DA5261456A425643686BC8301710F2C50665881399156AA2B4C3191BC555728384800CE10040F746A3D8A80A5F0E500A93456FEC52833BBB45203DACCA37FE1D3EE4B9BF0EC27ED47D89B8266
310
F11EA2DB8B5A8BB93EAEDF0C06B7AD0402B9EAC6E787365535AF19F15158308A9D9785C1BC1C01377F8C6B4D07B50DAD25649764A91DC9812C7B34CA98184084F7C01055466B48058CD44085AF26648520C85C41C67805462D8425680425559F4440F3ABBE1F3F81B1EC72708767DDC8FFB6465796C8FE310FEABE0C9B242A
310
74137EC3E0427091967023299BE5D6D4D0C6D15747DC2AEA4ECC57C72856E827D33CBD319D70FF854369EB841282F84B7CA4881447ACFCB257E252E00FBB3272120A75B99119840858486615636E0E0334031AAA8C08A62E080053A0AAA4158431EC727A084021D41CF5D630C94184F6FE7432E8F5F9A4FCDF3EA7CF136FC2
310
988093F98ED622E38E4976E1BF0CF49D2889E6DF3566719FE1F9B47A2D3BF89C69155DCF24F88C609EE551160F0415900B4C48FB013D8900A9192A700748002924771A3686A0A580FE4009E00ACC090253E280B90AC15048E047020483A038A60ED232831F2CC90498648690D960C48E439F18F4DDBEB0B6F5AC7B7B89F623
310
0243B4FA160A7B9327F3AD5D937C8BFFE5FF8B3A5E64283BEF8EAB9F71159514CFED62DBC880614AA1F7994CCFAE7D8C87057F451733699B8DF87056E1F0654B5021E38097E4E23221B810DE20559AD183A61C2C88A648DB096081E9801CA00BC1DA0124E08DAAC15FD2936905CA8DA1C40E42B13F1764E0C4015EAD7F8BFE
310
C99A310B1B7C0BCC7746D3C0702759C89EAD57122092122D1F857067684A578F1DAB7EAC400841F493A468113282FFE42316CC74C756B1C880FE78795C692813CF4644480EE9B02991BCA257A71861F00666D9410288487618D120D0E80D7773E2B7DD180E100EC98B221C94BFC4FF531A09B986230F1CD08378A8E4D0FDD7
310
D9B1BC75F5C12EAD7FF83F3ED19EB018620303C217A6A35D826E72ABF2D8E2BB1B783F6E48D2E3F360806E1D192085D022103473A10375B63853EC54F500B5B064DBC20945B88160DCF7E4F83A0200BF6FAEAC88E9F54D22D898E43F378D20B51B5D6B1457000922202800DD401A9266483029C0D6D57ED80D42A0E6E08835
310
F0F3AC73D7FAE6D56185F04FC44472B854EB7D9CBF7134DF3DDC35A9F6B38417DD6F508B37C1A718B0D054124176F7222F62DFB327F34D451799D56216880193254FF782D7DDE26C271BF38C6E422E271CE4AB8823C9510F021126A7A944E00DB4031D013C88EA0746C96D4574069BD5439C4110403B40020C30B07A604F1E
310
41D19C21A93FD9002DFC35F23B1E7B98E95E38387E3603FE7393680410D702FF9ED5A3C5E5CE68B5827D721FA78F3A9A0C08A79722D9C9B418F46C0057BB1640C70AA4A03D29CECF33987596D53CFB27B32C3BE304C540E14BF8464E080918268D254838C91A01F0FFB99154FD8A9C0495EAA6534A6C464440B4A71E16100E
310
7405088122A35F7A511DC003D002E6C8E7E15F6D1D2FD09014139EC11FDC89394621F77B9F88EB5A583C41E2FEDBC8F82334494C0BFA97FF3C3A34ADE60385B60E5A30CF036E5E75370BE3B83AE73B3B7DC0BB337DA0045299ED0C66681E4AE223D01B1BC3BD4C921E2005FEB5114739040758189BA8A320067B62A3995E47
310
20055065AC2B4A8006BF8CFCC907C0063EACE41813C5F017065AD46CFDC6FF1BFEE052932CA3478C8E5A6F25DC8503D40F61FC1B047E4DFFE8E84407C81F1AC7B5C79DA358551CD0D13785A9AEB38D6EB68A0A8087FC6543E7471082873CDCE5CBEA1EFC5CC0579469E225428E9A43D6A6000B4219DE52E8DF00A55F4BF503
310
5960661C2DB88AC1F67C2890A93FC420193C8326409E7B595FBBBA9AE1D1511B3F6D65B09AC10A71C2317201A603E88C56CC68C91279E83F5C147787EFE6C675F00941D23EF092920330982DF38C65EDFCA89DA98E8ADDECCD77CB86D85118F3DD9884820B1128010D02F1060F582871CC8FF42024C02239273A1CC3BF71E7
310
70DFB7E96081682803188118B50310BD620234F230B12711B063E0F0490FCDA9248B580D3D3DE944A30CFCF2A1E0F6E59E8FBEA289CCCC943785BB8880ADA9C2FD70F6A13F5418444E3A669273C006C4B4EEEC067827539FFBEA9CFF04D84E7F170480037005AAC8829084329899F90B5E013927F8E646514B4824B01D11F7
310
2C012CEACD163B6358A4454A4221D06E68A71062520649BF9E9127D0772D6E5EADED52FF216BC2FC513C7D3C5CC4C8AF009811826AE20203B076A2AA66D8D32E317DEE0EFC000FCE16D9E0BEB17C74AB009256C5D8AD1CBABBDA61402612C675FBD72D07E633B1A42F2421208CE01397560811204306617A5141706105C9F4
310
984C459F2D0F6C392FA05BED808512B0B9A8A9FC6CED89640EA347D31F0DF76D3D9E61E800FE9F7601BE4C9614A1C58E6C839F13A12D0EB426DE6386B82369A9E6A7F1F9146EB578A2EF4289AA109B4F6CEFEC0463E0072A05CC9DEDEDFE08407B173B8AA65399C80B2911252E6290C82CC1B8909140C11B7AE161B42B9390
310
5045D017E00CED6D27AAA15F2C2179F1E83D411A7020B9408D202381E7E5DEE5A9E7E5CDE3B186433F488AC81554BEC09BC579018ADD1DCB3D9D70F02B14BF9159A4DA376225FE43DA224FED327941705DA582B2FD1BB5DC0540667B650BECDD1D5DDFB0C7F36DEE2B94F6EE2EE4E426F20A1174C31DF153321A24114C4FFF
310
25E505475F6906D4149B21F1BD9D9DF7B059F8E0FD83323CB97991FE80EE131A9003B81C491B218B1D42C0C0D593D9D548003839DC29A740298B0C23F0CE14BB167BD61989AEF0B985C8FAC8F923A73F31953989F0F6C96CA6C4D0A9A88184BEDBBBDA3BBADE77CD8E2FFEDEEF46184A86671D7DDC51417477BE9F04804F30
310
5AC82C2D018A21EA903866A0F959FBD4139916D036635EE03DDB7408BCF0627A03027AD314C09B0A27F0A79490D53839D0DAF1416995CAB24101FA63F75029D57A4CBBA9FB4D120ADB17FB5A999FC9420DFE04FA670430B90FE7F589F7FE8D50A4B5F004CE5F07EB4EA007F8AEAE8E8EF7DB3BE2F81F42166C7246FA9E62D0
310
2C8209BA1024414C483498B50229FD923F2414040B2081390AAC353B5283EADA12A30B1080866D746B9ABF5BC107F33C2A015B275480759334B83AB02175EFD0DEC785DFC505E0064F4EBA5A97073A74C5C9FEC97BD25D819E28AEE661FD2732B8BBFB1BF13441B3C1F45E8AC1752BBF80C113DE960E0AC7D9D02C58C80505
310
A19BA0E84B14402601A590A4AE00A825E98C3212342302EE10FC5100681F86834A2804BC409D70270A2091DCE874B16BE0706C974EB3D26EFEDFFCA6C4579AA4DB781708469F055532A7046C6BEB0CF39F3ED2EC4FBCA3D00EA91CA68FD2B87B5C191E0EB2C300F00A1C9881F263571C6CFD83D079D09F176FAD839340CF03
310
0F70458F81F09AEE1329505150CA0A00576B56C06D58070B23086F685E44232D9D53DE3FC3731044F286D19F459351863F749F1104198D6E14BBC68E17CAE70D7AFD958E350BEBBC70C9C4DFBA075240DA27D40AD7DB063A097DD3F041EDB3E4B682A7A12A548F3393DB01945547175879989302521EEB1431B08759B632B1
310
74E0F700E774FCA1BB83F95029ED1A084288C8893520E49415E00DA080AE8027C34206D35491D050A4C6B080F6A20889A2FF82379AB6234F6710C05F9080ADF002B9C9F9C583AB220F45D618D7E7F7547FB27CED8A8B7A7D24EDA4988B0C1C2A1AFB53FDC61BF3DE50D63C560F0120B0372F0839DDDAF13E583B868717C1CB
310
8CC71D1D7F440CC82184803144196EFD58BBE00B7EE77DE8C015942357FB06FC906A5E2B8882CCF9FFE184B0035A5CF186A962A63F84B3AAEE3D5A2C830008807568B6A9F424086D2095A3E262DBF124350082C4B5DF4704A9D2C93553DE47BD6766B69349610716999FA25854F759CA9792599D3837ACF6247CE8597B0F96
310
0FA3EC45B61715050260C5844FCCFEC9666BC71F875B17E3BCB4CB151405D7D08F846B4CB952248B4603CC402B609E90F0044A007FA800EC46D07A51232B00E5683C55D5096E1374DA4FCBBDE2C25A5B8D26008227CA7758033D7D70DF12CAF7F247939F93F1CC63047D63ADA0B7CC8771B234D8095FCDB577B586D1834062
310
035670E204B245EC093FCBE15626C10D210CB38A13F50E10A0D5C0814B0C4B30AA9858516001669002229618F100767AA3D6D2528595FE7A398C2D2300ED0013A0AE60B91644A057327BD3C36BEBF48C91279B45F8BD145494674AFB211A91977CB838DF35DCB3D6D6AA2FB2784B591ED785DFD7DB77747DAC9D2F7674810E
310
FC2895F9ED8007EC7885101679C06F21E4B1C8A6120956F80518D1DAF1717BEBFB5803E20C6F2A11B2E48AFF4AD2810A70054623E341B3D1ACD92DA91150DE631EEB2C28882D092049C0DD38E262A7BD6F98549930C9D44B7C37028AEA9F8C5628A2BEF5704C0DCB2B428181B1BE766F43014498D2E57791E4C8DA6BD2ABF5
310
003F0C40202E2E32EDFB02852D16C30B7F646B98FDF86C7891690043128B0A0DE6B4EA27F08C30CA34C9D0AA0852A5997F8D11A6EE84E040B20472020256F4AFEBBB74E6705A12083B249089218E6452C8E5A69717E904A3F5EF3D5D08EC1F4D4E85086B238CFFC11AB9AE972CB775616C6D1DE04DDF073B4DE3747C41FBAE
310
6072901CAD0237100670C5A00C2C3CE063610ED824826C1F6650700E88C00B62468903A0D71D3A390255AD7040048348C56C4647413C2C2561216E0C469203EF06A5B101AD40D0E207F78B124747DB5B4BBB4E88B1C373C114E0470B345156EDDBCE1B4DBDF81DBC400746B0B54E05F693707B89A5E430982C2AC7D10DFF11
310
D5B102B9505034B35D07E8E5F585757F088B390F2D4C85CF7218E8418BB4F25B885053D07D5A908326809F31D6CC6B77CC948413B28664484439D118DBAC27DB5AC40C1AD166F25E6A2F0AE82100C0BF220405323E1FF80DFC518CACA8DE1003F3C9FAE9C7B2D60703A0004F8EAEAD2DE0F5485452D15B77B4B67F4C2403B8
310
D8F9C533558ADE058A9E177A1698F75DC0EB4C800F74C0270178C8579C1FACD025F0560844502D2BBC01E620030CB93636C1041636A693949CD80139FD15BE107F905590A292840F8860706D07E2970A2F15E5B13B87C3143CB2930374CC46A6F9B9D7A5CCCC14E11B9E879A49FBE27ADBD6DA82410FBB94FAA8487D61B51F
310
4BE0A03FD08743C31020D6628ED20305A22C2C2FAFA7ED1E7881C438AA5B9035F20759E243C51F34D0D5F02F11403B9E204CC1686C0B6C9000470561519CBE1B0E4FBEAB37A39EE4B84C05F023858779341991F36D9D9F351E7BB3B5ADF00148D9D05784F9AD8B037D48C01BFA83D4247F03BB768BEEF973A14E610090D4B9
310
6B1EEC5C5E66928F28EBEB6CF578B067DD83086081579848E60DFC7684044D8174993C39F886043481F6A2B743B18749E52447CD4D230513032D20D20206E536E15BCF7B7D211634F98FF9986287F33F9A94615A5A0A7CACF8DF5DCC1AC6EF9AF1945EB78E0A2FED1DA2ACC00EF983F9A012260BD722EF61C9DBCDD8719703
310
ECF839029010CA0B9F100B1D2842153E01A1A3837AB579516A31982FD2908A09100DAE591016CBCD4B011A2F4DE299E1338CE065DC4841BF9895D8C81714800CD08F5AD39601BC929B55D291F6CDCEF2AB40DD5D98F4E6F107C47AEE4A09A079C05316F479DAF4C2BAB83221BCC0CE23FE3D3D4C7BC9AB673D89A3677D6020
310
F6E182332028012FA0FBE0B2668FB85485902A8E7FA0BA2105C213E20BC2169211A4BABA7D693C3F1DA961F203694853137073AD5CD25F1C017DE0477626D7BA55B88F83B5EE513C41D814639FD1BF759171F4577D3CAB0C3DFF68B2D3B1F8478C18F67BEBB2598FA76A4545E9E961BACF657E0791D2373030E0EC9FAEDD17
310
BEA7703A738185D08236C407448A4CB504CBF01FF43859D3115488EA01B55078000DF085911805790DE1B41B6F8CB2889C3834FE02AFE07D85143C6C008438A944EA63E047023A7EF37E13B0903AFEA7BBAB9579330FAFDAACD540022980B65A75FBA17D388F1E6576405CCE7032D95BDA420E7DC0EFA320879E5F8B3B04C1
310
D2D9C1114210C19FCC49DC6A855E12010184DB8968109ED016E4683CD552A36B3AFA13BFC2114068935A7E774CD2C7225642B73325938052D8634ABC18DC9442BF9E0402E85B42F9F3273672DA8E8F1070405D1DC3248487574CD98092B8B956E6AFE1566530B78FAE05B4A0DE51FBAF85DD075C7E11939F80E015A58D1F87
310
E400CFFD2306C4D1D3C634380A201545A92BE01F445800BE12302AB477BD6F62600D211232EB061448A0D2B877BB940D63D059C37E0569A83DE93E214F4BD86209FF6F479C640AFF8AF6D1BFD987D029A94DB7C329B4184D4BB013BF912FB88FEEF913071A8D82B651BC10DB067A7EC52FE1B421883144C00F64FA23A11CF7
310
08BF16CA59F18D4C04B8085964B2D8DA4A855187000BE440BC816FFB13374640B0EB1D0998AF38A1AEF503F14302E2811081FC12EA6CD38A63B33035125F40F170C0B0AA45E9FCA38FC6D688D48563B5C4B4B7C359D3C7AE0EFB16ACD5E2FAA47EF8307044B4EBE1C71E84E742D81431FB06B90B600B9C239E277A57C94C42
310
7EE10E7826980C0136600D916A06058CBE8604DB4D314FBC014EDAACD0820F14BF75449B70339490FE5A0491221BF95F949DF1235380E969AABDBE2D32EB4403D3FDF17F42F9A0A7C28ED75BE86BDB7C7EC80C76F86B8800F77B305EB88F00A4352E0F8089EF811EA02A3DF08F7DA008F803BE4B4EF5F41E56087099E92070
310
8C3D720916444440FDFA013D4E1201414123A09290F5BD7AB729298209C4306D007BB0829FD4EC3A6D7E4F00B67DF38CA0764F832F0448E58439B952CB4F70DF964AFA74CCFDBABBDF273E2FF4F56D3DBFF2A78D42FFF2755DF307066497F44062AADFC0CC546F6DCCFECECFA232E14F408F05477D311B683A35BC245FCF8A
310
5CD2AF20022C21022266905A5BCC8B20235D6FF04019CC04058AC80023662E25F342063165956320BE50370F2A657BACC817DDA3DDD3EFE04028645780A768FE38DBA88BF2EF3ADADFC7FEACA952E5A77568ECF0C971DF32BF1D24F8486B22A649EC81B1B60315CBEFC026091CA45F858D7D04C1B437079431E63E38F88075
310
8842E780A9E03791C0FAAFE10012588C3C592FE35461A6047802BA18686887023A422A49599399893103942CF6DA53A8E387825FA0678B261F139F801E2B17C901D0F5217E07AC2401A87D0480F753FBED44FE949C93A1D042B879FCE499B3D861AEB23F9C1F372F0C24D0B7D6E70FE1AAF60F84BAE642D82F0A9F53E22783
310
915518494FDBC0AFAE7DA282E5050B703570E06319A015E00D693A6BEFFAE493941C3B08C13B96BD20D0115A9565701DC58568A3009DA13E965765C03091F0FF339F7309D44F6E61F837F1B1FF920450EB8FC48F9B40158BE89C81A597CFB0DAF5F5755D3886DC13D4479599B583758CBF35663AA234F133F91D3BCCFCE0A7
310
94367F385C59B19431780F1C099131384056616E15A1563B50021D369C593FB292685A68A8B2A50A0A2085CF05434617E05FC24A6B077B990014421A68401AC4D65788EE25F737EB780D08A6E38F060F2ABD889E1B889C44852C2FF368C1E3E710D73B6589EA83F7417B341ADA1F639A23D15298F087AD0326410E116C3A1B
310
325218433C71AE62C07C1480F1C045629724A076A4BB8D622D24690486727F56108D07046DAB065000678E04C4F8C342DE27F4AC102D854F2D08D59B4ED0E4F697B0FF62F113646BC5B7F3131D4EA8BF8B265EA3F2026E7061B96F6DF3D993276B2180B8E57067587428579460551049049B074CF8B1066C7E14C705F0B392
310
98C0997C17F701097023BAC31081390196801FB0C2A12380042927503D5A01CA127F9841B460310639C674BC8CDF1A320501448E0068905B07F6E5602F8C1F07786253438CEC51AE61FDB25FF71B09893AC026A9EAE3F30F369F5D5EAEA5801FBAD3C98B38C13EE017B054F81A56F05259DBDA64FE270B1FC4C77200FE276F
310
E814B916E222575ED717A62A92956504605268408CFE13FD61F84252228376060206802B9550F00B9D47E6AF1022538A752CF4FFF1F5931384A9FF8700EDD4FFA2B93FCBFABB3EA6C607FF714B0B8B04EBBE83B52B246092AB018C0D0002FC490849F1E214AE6FC42009D6D86616C835B65DB9862EFC4480C14137603C3089
310
D0A5588FA27E693DD184131BA4E88C35045ACEF1CDE1A82323C20B842F2419604821196EE8185BC834AD44F8E9B7549A32900196E9ECBBE20FFB4706861AACADBBFD9B56A23FFD3AB8BFACC18B1B5AC0ECD7B6AE2E2E9CCD2BE8AF1B1BC3A813B94107E82DE67A42E7CC7D4A6116700B5B2EE3C338A09B840F07C40A64800D
310
7C605AC42B72227C4C7020AB1F20056E26F542717F56534261DE3766AC10A6ED2D006DD03BA9DBA507AE0510A8B385C92363B9154167F1230C40D76AF6F3BE0CA08F8BA2FFBBCEFB09D0986550E0F0EAE2F2780CDF850CB0F88CFC2815FE87BD83909F474F45DD47F1C821DB2107A8817FD45384F57891B65F2543D0C1E20A
310
89B4A8DF806862AC27C60F6A054627FD344250718AC0FA21CDC4E28DBF2650D1B39D8B8A420C348A4F846E2BE824BF8C45E1DB8EEB52F576F47A75FF95F90FCE0FD3A7A08D48D5B9AFBE3EA658E1676FE3372FB57F0AD8D70ED4AEBA3D4C2BE0AAF1C3AD63A6004D12900CFC481A47430C9EACB390038642C8C41B13303166
310
614210592736B8603AD4FAB17189DBB32F3915F0C380795A089A15228460BDE8E52203527D41B5470901B088D84FF8B3FE2BA7F4FD30ACAB3DE0B7E2FF95807AB0010FFDE3A048F7360F9F3FB9380EE537F16F8673131325D3351A3F664022020811A0FE8C019CA17370725CBFF64132025DA1BE2555102212E80A907FB43E
310
D80A991A8AAC183932C19AE17524B06590B6AD286EB99BAD18FF4BD64BAB519202F992A963648ED30E7521F909F090C0213E367A77D8836BEB6F34D92EDA624183070248351F1A079E5D3E7A9EE81F2CE6678F92E299EE312B6C0572C0A7B5EEE07853612403813152C7125E2022A20C18F855DBAFA399817FC97FB6E1CDCA
310
31D348434ACD0012F0D32A5456B4007E6E92D72B1A4E9971223A42C1042819E4049C0C5801300C0013FA48F8944FBAE71DAFC27F1826FA2304ECDF3F6C10FF47D5C7E49748DDD687DE8E91C09394EE0682A4F84CFD6067EEDF43E67EA46CB2F4070160439245F00343D03BF25D7E2F26FC400A896DBF19FB8D4D0A66DA669C
310
3D608F9CD048A0533621B25690EE19D5D15248E390F042B12C682511B02BFE3E5700E4C9A9B2107A8F45248FA48234FD23005ED1F4EFE80D1320836F04003BF42856D478D1DCA3ABEEE3C68F9F30C3A16E5C238EA5DE3FF37DACC2F8B7980033F47FAC34421EF0418A045394802CE032D61C70023D788136788613887C0011
310
A4EA316E005718AE191F8D0D841B9C679CD2FC478442D005429166F5A24403B1E6ACF3298F388B6D0BA933D92339D48969A5C11F09B4FF017A9900A4F887010C474717E10F36468032FF33F4AD610517777104CD920C3CD15FC5F3B3A0C75BBCA3B00F2724863C10BCD4A0E00736C7981F2F72E4B001438B99714FCFAF713A
310
2603BC710376A1715FC602022202E06FDEBBC680A3DF1C4C095A12C50B554FE7623B50374FB2129DDEA4C392C9188077658C87F55FF92FFA507FF03FC8DFD3F31BDAB46DD51AEB03F7E1B38B8B87CFF47EA1479C3EBAD5C6B382C221C0F1B358B39D76D9D3142C4A20935F541E492E0EF081BA41B3620A8E172B584EA14856
310
32E22A8221CEDAC6110AFA4B6D43E2B76A18AB240BB24337721C9321D2C033B2D3E2641A55A400A28403C12D1DADE39AD23FC5FC08C47A64DC3FF6DFF76B5235124022D7E6D6D5F3CB870F9F31C96FE477FAFE54100068A3A87FA5908A2C08011CF31309C10025B089FEF9C510522B8DC07C30AA469841723A10C08E27F00F
310
7FBC181C083F2809EC3B2B328E294AEAD5A071B3A95C81D2DE3F930372D022C9C793535B92FDAD5426E90490C3C81D000017C6494441544698C416520C1C40C71FC204B22448FD9303782FBA67089A1A7D4CE38E89050FEF5F1E078A4DCCFADA058032C34C1CBC2E1202B1F8962B1A8024F0EB7A11F209E96FB369D4B64202
310
FE7BA230AD24C46413536EAE955B341B726C593B5D4630C0BE822480908522B0D85430230352618DCD4F7BA6D568BF4343801480006658EA3EDCBFFA9702B4FDE9022163C43F9B72B58001A23FCE6F0B3FF0E4E1DDFB9801A6FC42FD0132CC1F2224F89933107AD30B6C9131A53818AE944BE25A70810821C38F098411980E
310
46D108F483DC63F49B91B852351604091D60546702F58A3872A1716411B642C7629C267E64E77719F46B0548FD6BFFFC86A38DBFADFCDF700228C124C8664FAA02BFB1F92B09800876FCE4F2D1C3FB4FD0A44E0106A8DB8079751CBF0BD9340066C3D52BC64706467C05B5A54401BE4A1B0132A55EAC1CCCB10D378A3DFEB9
310
812022327745EF2102886A9142C812A1A2C9708027BB55B7006357459F9C2080E0BC34489FC629510F3017B62D5073E2A2C64048A0A42580E413BA9E08274091A398EA80B5BF31C87BF5ECF8F1C5DDFB4F22AAC181F070AAFDDAE5650C4000516440D8806786D874215149E69ABEC43FF0EFC820FEA112B0522003C84BE03F
310
B76623513B6D840820358B084119B0CEC8C00AE888826339A54091F5FCA513AFE147975BB1A86FC50618D9D74502F0C7C8815AA306602FEE3A5E79E0D7DED1B221001118B73182CD439A092FF801105D1AA14E1918EC282F6260869D55108065988BD67F68E5581720A708051F7C8070F582389C682BE53F2AFD85853F2A01
310
3D21564028E06E79B7A71E43212180A81541EBC88F451E02385100491AB0C4A3BC5309A95911E66D04C0B448366988ECD204C2FC930F8CEE8FA410EE4C25B58DD1B6EBAD83F6196670F7DE635282C0A56A851AB035831725F0471A10FE52097089C80495804100318405F0DFC2136004B4C40705EC9154315129205EC35793
310
0035688F61AC02188250CFA9A980233925F16A117A48CA54DAB6400221976B75D863330942E20EE3B00B08FBB71AA813B0E502FD2B023DF70114E0D7DF2E2EEEDE7B789504200112075478F2FBD6897835C91F0C20782401E801A2F9142700B74805703426023A81CC0BE88B537D0003E0C5181D29EB8D83050964DD258091
310
0A1E7A8138F76253DC01DC2F3824391AD748276C0B0CDF12366625D038603D0003E0266CB42704C8CE7FA7F11B4D59C0BF454A78F8FCF1E50513715D469607031272358F04E0003C90107223A581218F10008B10247CD20D860FF0BF48801040B361808148714764028EAC137E871501EFDD97C89B52107FF1235B0928C562
310
530082573CE137840EFEF82A0BDC602736C595912FBEC69E6A3A26903B3A300C5A098A9E3F1810CDFFBA019D97B4E7A7A075850F2E92569BD960CA7B8304995FD006FC4213BB1448A6F4BFBB3A9F9FC4962D0A1369129B10073771FEDA38B1737B663A71C088D8848027FC3008DAC4E4397A6F76271DFFFCF77D6BD7F1F67D
310
A51E0E08875A6BAFBD6BD7AE52CC04A0B4A2206F650EC412841A48258258E8662C3838FBE21E25172C2A15A4F78D82DCF68A005DCF07047C183E1CE47731BBCCB5469D9169E0D588945BEB637E87802A03D88FB82486210D28FB3B858D13DC7CE75F5E6F3B03C1744D30CC58C7C7A256146853A05243060B850072A7010CA4
310
7CFBF9A1E24F414037B8781E8E9F219A774B36481CB43E48A79819D638C8760D672FAC19FB9D3FC5EA9158DBD0159C27860409682E8FF2595652FE189D2CC2D7C023E944158355806FC320087CC74116030CC376C559C098B93A041C5DDA48AF33827D2327DC761D19C17CC62780D82A170E6CE7415A5E7FE825E053048F88
310
D2AC2A561CA4D4C60098DA28EF1A01382772484698F60C8DD24BF396EA76260542810A625978C03580A9CAB91D10249BE579B0377A3DD15749A45F24C4D81FF3D7D7996F6A1690288008C0FF6CC186DA9D5FC95BB09B1301004B016E707FDFED306A1BE8FA208828F00BF342186839839F1F6FA338DC5A0200FF383DE92614
310
C03A4508DA18F4D85F9354F7E867AA77A42FF49BBE6757A1A7454448D0BFC3C220714FE43A3D8F1547BE10F0BC5A05985AC3C28829A06FE24CD062700601F4AF12AF99099B08E7071DC4626A97C920C3FF96E190C9D1FD7CB6163E800D79E5F3F10A9306C02B799E80F1AB380E0571A584C0370A220C3125000B500900D96F
310
EA40409F980E2083E4EDF4D8D2480AE5667222E020BCDAD4EF19682120818FE18EC7FD6AAD67C03F7DF1955E697456F517AC4F24700C30171C67E9168B109A4F60AFA60F98BE30941BF776DBC7C70792A2FBE98AAA97224F8BEA39B47BFD14A8CD03320DA2B676E3AA397E652E30A42CE2987B7DA1EF7F75242413800A04C0
310
270C62A13372400B435ACD84B8B5009208F5AC73EB149FFF3508E21C2201E0338BE07E50EB47E7FF6D97724A601028C5519073E7978EC88834410450E074DD58AD13A4900103A6444A9CB99103229F0EF8C0C78161EBC68137240734CDCFC349807851E0EB46CE864D2E405ED341B71A390CF2DE20CF5193189E1901E866D0
310
230409684B193D17E2928534D04240937D3C84477494FC5E0FE0B448E35AFC19007926C1C6A6E622FDB8A12E30993C6710E070397C4B26304C0AE38218D19F01FFB15BAE1C0E7E74DF75F2406E373C414E848FF8E500EFAF3C1029C9C0ADAB2313A7426CA9B2C1B9E30032C84EF31A09A88A386F136E8C2F1D582EA0459207
310
015F10F1F001F0B1B7DF7222011EA2001F00BFD36BAEE0850928B08C077030FE3806C880EAA74BCE0863A952812E6008B3A89199C1EE918AF96AF583F1A073B0A355B9D861AF1460DCFB3BFC6B7EFDC834B09700CBED3510E48DC7129041C991F06BA5006CA6B5B34EE21501374E8DFC910042036111EC9C7CFA1C05D48A72
310
70F7F835BF04A4194DA4CF76CEC66718C84CD020D04C412AC848F03E3C61A1C8D50D0EA6838A00376054D3DF61A0E393E1F8B058A6C994093476D601A4A06F0CFD3C0A6BFA910E75CC10400A80FDA93AC9B5EA4303F6C0D188B559086091CC5910137772E14F2376D03181B5CFE74C0EA38440D0AC256D6C4D104CE05302FC
310
C00B60B9CD4D71E08BD40C144A025E60D4C1F45FE846A2105D717EEA84808A5DD90A168E133640311CF05DD870768683F5D2F1800F485AEBE5CABD8FFA3C0BEB33702493AEB551B1EB035EF5C8E5757FA7832141F88E8578A363802B560007AF93D7D470B478C4D00B412D634C9140C4F9275C00DCE8DFE3C7F8C0AFBC5B2C
310
E82E3C3BDF393D4375D50C43CD1C17E3777CD2C170725B7B42B41DF15BFC344DAD089C1E9118522B4A2C60B794E4E8F33081BB7C8CFCEEA0B2015E49D586429C6C78646180B7710E06018A3082243C275F077FBE412C17DE80D3E6B9462C5204C5D980D1DF84A864401C483CD01B143F4A4868087A0F780F37230200A4FBF6
310
AED325114C367C22512750A5C7C3E32D545CE20A0904183BA10015DCAD89864B3E1EE97EBAE8B204266A48E010511838E2FE413FB116E60880C2D8440AC3880DDA6DF6618C138CF1CB2A09637E18D00F80CB0DC05322E31EADB8081C29410903F06BFCDF5AB46024E4A75828056440503C707856EF0C037623DD4922A400E8
310
A6BD75E4D2800905F18450A00CEE88860C8964C7B3F90F56528BA18F71CFBBBCD2D05797E168FC37DB26DBE0DD2EAEF39686C18440820013C1444055402A541400DD362A0A402F1FE51246404E098249FEE30708C10CA0B54601053159480C00BAA9B1223A773234FE72FD5C3BD81804D8D196FE3D5315A0C981D88D04FA01
310
DFC185CA93F9120E1F480B08063364A0A318F08DF95056E4C91F1150D31B011200383502E079EE43CC18603AE2F88FD139C802A739F208E88D06DC78267C448C27C4113C19B0F51B0E9C1C021CF8F9167C6B1F2E10E461002910105D1042792D1CA303F469714C018C23D72179E165049C40E801CB96CF334562E5807291D1
310
E0C70FE6CAD91656715F0E5C5E70F8D7F83290549B1BAA6F781D25180EBCA93EC84E72A74081CE3020789B3790E1A9E478E658C099BECFF01E530E80EC5FE31204ACFF70AF8177A03059240CD074978A002A878BF883FEEC81DD684E406CA630ACFDE87292822A11953710F000885D6F68A67ED40CD772B0828359B753F7CE
310
23D9479AB9845771B389D6A77130F8C134EFC83947392029B10E4425440A84AF0E54825228FC1634D369874739C837A9DDC83C20D320C36042610ECDFA750303710224D01202488012CA847424F8D53F78AB6BECE9B3B35A7F32396AC6B7444566327DBB4DF06FD9616744F4D3A397EB3B0A3FBA8D763702883ED742FE5CD2
310
4146D8E353ACCF811C806AE09914D8446E93840FF4D6C963FF32BFB6AB015D1D3B0C9A0968776F021F21404B6260CF84A14F35180CE20B5E85BDA2EC91FD5A7DBA7E5705F4F0F97AF26CE18E3BA078138202400A62930FA6CC7882F911A92F33E547E64990B0F27323D73B6222863F86425153FA8009361C675554C25382CE
310
148420C8DCC47A20122806CA178A0918C14CBD33440289078A00EC6070184CA9907FD0A1270478E0B325B67C2193694EDB7DD0F3C238447C8A11485562FB4902134E6AC952FD5320A4F7C780882DA9684285CD81D278C0E8FF8DEC9F45D22DC3C2CA99C2728110888799575B6834BF22B0F01EDE72D7F21B672C40F0A97299
310
9E2200B7C91403F9BB3D09C01990819238CBAE5E7510D7D57450507E3DB04AAA0A3C280064E0775380C8C16EEA4834346A04BF0CE847B4B3AF760D06D24BBB267C32E2C9257DE5EB748AD101AF1FD33265E2B674EED8C01A0AC901392211011AC810560F77778E85B13BAFE3E25C95B70919A4862C15928BD8989664AD8638
310
101D009A80F00BDC41AF27602A4BDA0C077E550048E7F1011410F01405045E1C140B4D0E70E0F6E034171C3D6FD12004FCC1FA304312518910356628A4A326EC9ADF5DFFD1B2C0399503F14B4F8E3E0E4E39A06ABCB56A8014687E86E462BDDE5124615ECDB412B7314F62E6E0C76ADEC0F717B360E741960104CF1706CFA1
310
8E0605004B01AE007869B095ED92144A807841EFF2811C047889A04901C809062057192688C92346F97F279449F89B113500BAD282D1DA80A55C27EFFE02C8D4F395003F285B617BBF0831F49B055342DDDD414378E8888E92C16789F269A27C9A221FAA4A0DFDDB9F935B2ECC04DC51481558A69301E0460B02665AC4DD30
310
C03D480866C3409400051811876014C0F294C542821AB045011A3E3F09001FF304E3A0BED05CC11A811B865001769507FC01ADC611F400CF68C7B093606E30F3C7E0F00C1D10C31951C1E2D7252181DA00345842A19130715C736EC9ECE686A712FDB31E4D3E50AB336E5666D7B212C0113C4A4406029709B43D0228F3FBAF
310
49921B19CA0C82A2D5BC4A2079809240F37D3E10F9637607C3983F0458508A98B8B4EFC92AC13530180CF55359500080061DF59B98BB3FEACEE881DC8127F182A885A86FB12B43C590A4380504E32305E3148BBEEB2D2782029765428092545BA5C2C681FC5F8E869C0EE1034A822FF09A12C94084505AA868080303473F81
310
61F7AA0A6610745E280BE4427FB770106F8800EADABA19F453210435BDB2348471B13B65F2FCB554827632C4C44467333E4127095D22092ED492009930413251B5408345065065E415266E20279A40B3F520370BE2050C8360E6BB4601C1673B9BFE007EF5200B6483CD195400A783E6DEA0653515B0FCE8E86D1618FC1EFC
310
15C2E727F24F2A2DAB57326D8D0877D4E298894E7A0C3C7D9CE8A0E2D17AA2020FA1097D6372F2A9F955060FDD467AD0426368C24A8340FD0D6687A76316DEF5179ED9042005A2BF02A5DD810A4DEFA4A8F700EFC50FF4FB8C06410F0303C106ADF8852ACC6A2CA9046E9ED070739339857222CC009E206479886EA26227BF
310
7A341A15C351A8404A6C10080A2140FA4B4E8D9B9A11645899332363FD69887F436A660566964250FD752E787B64BCF8E6C8190DF8EA0C854C062D8A5A1346F810414313E606ECA0AC3A01D6928544029D5F42E202C0CB386F880F7842A31287061F32F3CBE09F2950783394F2F2B23D85386C6F51943E99DD10C8A0000BA9
310
569A14805693274BD0E4F4DC3F28E331EEA91C4F33ABE057889BFB92819187840A08E57A276A8BFCB75B0342668C70C565C8059996D209C2800941A21FB82B2F520BC2E6FE6F1A8827043DE17000DACC8193E78BBB8DF1467978C06F6AFE986123E3A95272CAC122046F4C65C4B88FED2F1CD1D918F7CDBF8903BF1A90057D
310
42F4DC133AF804ACBB58446A0DB78806FC053FA1E45D0AF1112613CC0DD976C5E70AD3282F42725C0D02AC8588DE451B1C01ABF063E7748A3882F0DD484BB78D037F9812240EB88B6034C0AD53E5116D4C6D920C6A89F084E6D0598AD7EB6930CC7B293E27A666E5CDFE9A3FA52FEB3C97976FDAAE9A60008FCA6B33099CF9
310
880D35D419FC687D424378E3099441E110C5B3C6DC311E6653514A67A530D863326C4D8430E0C28024803B5B069B0E60C10EDB6DF087034171DF01F1F3404B27B1056D8C0E56E7CA6056E7798147BE4C2F01CED5987E413AC6A724876DE3F599E0601CE7B9CEF3BEB3671E12DCE8AF9631B8031D3F360B6955DC2342B2A0E4
310
632A00264C0DA002220CFEC3E10D9BADC8904D88DC51928593AA16C91DF6FFF82B3234404C7214D0F8608E0052283EFB2B0563F1D072936C4017706010BCF1B16CDE0C1FA9C777E44E1F5259B0C9BBC8794A82A6C182A3AF56B16921405351FDDC91B5BAAA617860E8D76C97C377FE701A4EB4378FA97C2C8E3CC8950886C6
310
FD93AF70A1F5F676B7ED16CBC56AF5D09110EEB8607CC08A795882358280DDB98AFFE7087C6EB593D62F041CDB4018935238E73F1098100D0C8769818F777057F64C703C6530E142FDF5C837AE1CF66C94C4887D3A3726AB990DEA248F73B5D32C8E04F6714B1E67C53FC52040252E605B322407CBF8C7F05453462A295ABF
310
4D95592DDD76AC23512E9A2DF964715C80DD752CA8E263AC36F02C3C28A133EB22AC8D099BDEFDE28C3E8FFEE3815D5D00C17C00511058354D62443C1A546280E43572A9C661A34FA5891F8E7570608C8DF21DF51DF9D2A84D4501F41B8CD4F4C9DEB2F901E810C0E4CEB6EC08DFB06341C864CF8D0EEE779A606545E1E64A
310
AF30A4324C20FDD3BD558BD966BA994FA915CD162B1978642AD01694E533EC190368A68234657085B5F88E27A0805E04B8BB6A00A51646EE3C10A50FF007FF410F1963CA69BE2002F0F902E701AEC995FD41F83A3F0C3809A3288A083003A6CC2A20E6D703EE48E3777AC07ADD51EB6101603A9FCF17B3D5928F6D742EE7E4
310
CF38AE2B03C5FB39C81D7B2978FAFE85AF3D2710B0582C970F0FEB0E4D1103B8BE2B4D560CA10002FC8F334C891C07B44FE06B2E3ACE5E1E2D1FC32203110ABF9CA0E8381F68EC3C06701328E5A38278A5FCD944CEA5283DA933DF2A2448BD23F1C5D8BE04CC2DC3B43B3EEC29F8B5FF926D11D3E97EBF7FA1BD1E5E5F5FE6
310
D3D972F548547783146ECD84873F377C5820F7F9FCE5E07378D6CBCB7E036DF7F7104079A05B77C6942D1BA95D47424BFC3DB6411009A42E207871B7EE9B06614BBD20F22F7523FB985F3F7068E37600273A3ED0C1CCC380F6EC4AF01CC1CF95E4848B7BF950AD14C44F10460221E02D21D01DAE800F323704C00035DFE97C
310
B37F797D3D1C0E4FBF35EE1E5E9E0E879FBF3DF6F474780A01FB3DAF01FE0C0798218007C2090A3008BA7682A338F4A8804A06CBFE6A80CEC766F49853F15B2F45FCEA3F8250012841315016E75E797EFEEC4ACA6C79F515CF1738F7C36E2406071051043817C9E8C5888D49D0332E800062FF54FA562BF7446CC0BFDFBF86
310
03D1FEFCC9F7FFB5A7F000430755C2D3F72F2D02A022820897ABDD44594475BDCCA4A10AF34C06B08B4AB58BBFAE30999DC66C7CE903A83CF8EB006EEEAA063430F84B05F0ECF644825F5E95073870E72A0771AB89B080022A0C5A9FAF34C89286257FB7BEA000EC65B59750C68E0815B0D9834B15606328F80709DE09018A
310
C2A7817F83F96DB3D562C10A0A31300230CD4200B87F85808BAF64D04600254047F9C14DE93464009E7F5AABB4FDD6D55142A2C0BF1541FCE19C20C899BF4F76AB54B84CB97F88F48ECC029FD253F0C70DF4816B9AC94BCBD653B1A283C4001A0337955E4AFED3FB790B6B1F5EA0B5514074103A38D84280EE0F5F9BE974EA
310
B2D16AB1EA969684B6E4166CA28264B300474C7308D20013B204A65F82970718D05678B3315D442E1C0A327E2F56556040C005D2FAB1326A68A07507C9E46A3648555A7080F5F50219A00E6222E3E0862CE95B5680930530742F1D041805E69B788161F015944D041182B861A2C17F3AF01CF5BFDF6C343F9171F5B004BF59
310
C016719164B888EA206A02AD05E8464D06B48E4381A0E9345FD171625AC22198F57C003BEA5510F81FF78D31C9B033D0030000000049454E44AE426082504B03041400060808009868375C51464CB48900000043010000360000006662782F41444533313144422D433638442D343736322D393743342D3933354241363145
310
363641462F6469726563746F72792E786D6C9D8F310EC2300C45AF127987122606C71DD918B841D4B851A43646695A717C52A85029031293A5A76FBF6FACEF7DA7264E43906840EF0FA03836E242F406C6DCEE4EA06AC22492573150D1F66C60C640E8938CB705396EEDD86DE9B5042FE27813D640EA63BB001C722AF6E55C
310
B61E4863F58284D5D3F53DD715CE1C3985E63FD7F1B7EBDD617E9F1E504B03041400060808009868375C3D53A6FD3A0700004C1C0000340000006662782F41444533313144422D433638442D343736322D393743342D3933354241363145363641462F6F626A656374732E786D6CDD596D6FDB3610FE2B84F6599265D94E5C
310
382EFC9214C696B6A8D161DF045AA61D2E7A032925F17EFD8E14298B8A6C2B590B144B80C461A8E3DD7377CF1D4F938F2F71849E08E3344D6E2CCFE959882461BAA5C9FEC62AF29D7D6DA18F533461699AD7F65928C131B9B1C4B2359DEC595A646A694B76B8889AAB77F3BF100F49422C144698F31B8B870F24C60E2EF274
310
4BF8A3B3C53976F6BB17C773CA8DA6D83DC3D943E3A80C3392E4A02AAC27204569E0997F8249EE74E28A0DC6B67EB76DFE996DAE34DC5494263CC749F84AAB869C7E37AD7C6FB0BCED0FC7F67030F0EDC1A8EFD9F3BBF9D2F6AEFCDE62B4588C67B7630B4D279B348D2A076424D982170FD6D49BB8E23F95F90A8536BDC334
310
4948A8D06CDBB0254A2E25BC898901AC274DAB39A4B4B5B6E07734FEC4B64EA0182A19686BE3F4EF7AF4A69BBF0104DE254A192722CA79CEC0D70AFB321F7A13B75C35FC42398A714E18C5118AE88661060E82ADA5830C31225B84282430935ED4F2EABA42605FCEA5362D77451489FCB5A632D302C8479273A919FD87B0A3
310
F6F5D34027B0B6A0497EAD8CCD0F1988184F5CB958FECFEFAB7F9640A25D84F7102D60A6D8E4F71B782D0417AC96D6F4F7BBCDCB5AF043FBE1194B33C2721179329955DE690FD6420B82AF032825AEA6EF8EA87C03E83F03F2952E68029E63F465F032D0B6339CF05DCA62F00EEA21BB073F7A487C7CF569E2560F4F1132B8
310
F214A690B63F0853C30CE3EC1AA4D3C913047DCA7C65DC3AC411C4F43D4D449E43A0A0288525E0FBDDE6C59AAE804C61119EC211580FDF13577C44F0AB94037CD3F0501BFD7670944E98669E1D7DF5096286D1B0729561E3297C873F04DFD972FDFBBA603B1C927B95D84BB2A309CDA198B62B64806EA4FCF7D5679991AFEC
310
31768570CE3E15C4D1E297B5F20B928E0155441D2E5D2357EE29A47B14E184A40557EB6D4415A651CA82CD212873B8F5AC3F75109487417E8B08682533A8EE21A39900C59A2AF32A26748E38091E5401B82F9D1A6C70F828E00D4260ACF7E801518B5953681167018ED32211F4FD3ABC9BA6397E4F7E79DEB8DF1BF7AFC7C3
310
A10A78D05D1EA0F3479343A5BE3829C6D989631686BF146F6820CB4C1A005FB6D91042D754E4419AE190E6EDD1D030A3A3CA5BBADB151C68BD159886C68EEF0D4B6CF4CF7E1FF5DEB05A2975DE5AA5544063BC27C10E8B9AD8AA9F0168255C3BA915C97D94724E13C2654FF38AEB1A28F61CA08E32D2B5D496B0A53C88498E
310
DF13B1B248360296915D1440F7958BFEF772BC6A0555BD3D2551F47A691248FB0F01C77116957DDD250CBC7EE384565C85D2E2882788CF00E7416F4B649B7E497AC5241ADF4ED2C7EF167F021E867F3A3CFA080ACD3A54D5CB9EF59CA137165FD74043A3A1E78FAE2A575C424B1F968BBE252AA0D30A0FC133A1FB876E24A8
310
5D7EF61C4EA25D40A3A88883B286E42486B60DE705EB94B1236093E6418A191A29513B69472368AA3BD3ACEC5774C70287C986E514CDD68E01A36802F7BA4E86BCB2A23588A52FE41D565CD52EFBFFED52FF3363D6EF368FE4F09CB26DABA666EBA1BB36DD6408C25435B172AF943C9DD4D32F96979DCB380CB410C570E5CD
310
424508234F540C33E4ADA9F5CEC19F711E0295AEE56F7B0E19B125DB631F628853A3116B0A876A69BAB7ADDF8E80EE4401319AB595A0D41826145830EDBDF8107DC3E06AE816B9AB3A21B75C5F89D2E6C030E6A8C719595F3EAD1B5260A5F3D35F0546E4B92141AD2E44F37746D4F7D5B1C76D4850167D5F9D793C7F28E24D
310
82A9A88D222CF036FBF051DE3F6F5CB85CB8B3E5ADEF79CBB9BD185D2FEDC1D5A86F8FAF16037BEC0FE7B391773B1ACDEE5C46785AB09070B7EFF602DD6D65C95E0746095D975B084C222E5F17753C371DFCFFBD85CC0F7FE0437D126004E3AF7A0BA93A3ED1933592B1EB2DA495A9376FBB3278AF98BABD8ABDA9D92E070C
310
3AC2CFD72D60235DF0BB77175AB42EF1ED3AD74AE21B2BEFC90BCE4F2F3206A3B7160863471BE71BF12F06562D654A5F8925B1F5AE66CBE1DCBFB3FDDBAB5B20B26BDF1E2FAF86B6375BF4FB9EBFBC5B2CEE2AC45531EC5A587E0912D5CAD6666F3042E6694461924FB6684F52B804C1A8A203C1B2987079B9810E40D571FD
310
1AA1C3D34FE52036C79B483F1D3E60986647AA2417214C52E1E27163A975F41BCC4EC5F8524EB49C47A83C2ADA2D54307A634108E4140A8CB38119989C384AE98D1927B80D277B716D2A9FAAFE3E3E26D0815839DA55EDE9828BB2CC884E982764F2E502B09DEE48DE6FBA5607E11C3E6E8ABC32E6B870B44681A0DF2294C6
310
C1A8F051C1FB02C473DE2ECF917B0C483A8DF3CFC64129D5CE31DBCB997C0DEFD9F2AB2BC6E9AB2F288B8ABD70E7B9826F48B245A31115E5E46A0281A1CCCCB0B88A2F3EB85F590AEFA56274472108DC451AC769A2FE98A9F75A68FD006FA9B6AE9E107277E0CA7E47BD02801917270EDEF24758008F322AE6A825B286DF2B
310
56AAF95D3B42B8001E33F6AF9648717FAD75ADB7AC021539FF47903FE2BD8FC896FA86DAB0125200B42A67BAD507BD3071190CCCA7FF02504B03041400060808009868375C1B453CB2E2000000550100003C0000006662782F41444533313144422D433638442D343736322D393743342D3933354241363145363641462F72
310
65736F75726365732F322F636E782E786D6C4D90DD6A032110855F45845EAEBA9B50DAE09A97C8556F82752756A2CEE24F69DFBE9A5AE8D50CE77C0C678E3C7F054F3E21658771A53313944034B8B968575ACB6D7AA1E4AC64422CFF304AA20EB0D22E53256DC2BA0F69839BAEBEABDEC5FB10C5D54284E4CC758F9612E375
310
CE2BCDE6038266BA16DC20DFD9A68B66334B90B12603ED447101C609934017D8A85AC4F23C89795A0E97F97012C7D3F1F54DF24E2AF98EE807EF628184FBD3220CB635B64442F20E2859931B547FA3197FF1588B2779B395CC25B50E0656BEF786B9A02DF007F2EB2AC9FB936D3C1A68B317A27E00504B0304140006080800
310
9868375CFF15A4A45D000000800000003A0000006662782F41444533313144422D433638442D343736322D393743342D3933354241363145363641462F7265736F75726365732F636E782E786D6C4D8B3B0E80201005AF42B6F75B59F0390B113044D83508C6E30BC6C26AF226F3B8BA6360974DA7271430F523308B2B198F
310
9B80925DB700539227A2FCCB80A18E5640D320F996A81C9F32D6E9129A0D1EF74FCE750E6D57BC7165FBCA07504B03041400060808009868375C8C68A3544301000056050000300000006662782F41444533313144422D433638442D343736322D393743342D3933354241363145363641462F636E782E786D6CCD94414EC3
310
301045AF1259629938492B0495E34A2C38010BC4CE71A6C1D4B1237B8CE8EDB14BDA8250058B48EDCE1A3F4BFFCF7C0F5B7F0C3A7B07E795350DA98A926460A4ED94E91B127093DF916CCD99B316BF612433628086A432E1AC77368C53A9838D083A55B532DBA928109D6A03822799D4C2FB8678F90A83284440DB81DF169D
310
40515485036F839310DFA31A607A2F1D08848EF0BAAC6FF3B2CAEBC553B55895CBD5F2FE85D14472D65AAB275E190467C79BBA94361E4D9453329A00CE825313953C107ED256B4CA301AEF39F351AFE9270E7763E2C6512B2930368A5A89807984400C8C7EC19CD1E4F887EFC787E7938678EA940389D6ED2ED686EA5C1B8E
310
D28A9888FF75610FFE65DEB66FD1F2E5E67ED6F0246C36BB87E4FA18DDDF49887912A6D7D7F8018ED2E6CF7F5C2CA8E4359A3E289BC933DDAFC038F8B411F927504B03041400060808009868375C38FEE8477F000000A30000000B0000006662782F636E782E786D6C4D8CD10E822018465F85FDF754A4A16E8043B1F77089
310
8E89D0485A8F1F342FBAFAB6B3EF1CD67E368BDE3ABC8C771CC8E90248BB879F8C5B38C47DC635A056B0E0FDFE7703E4C64D73C818045B828FCF034D7A1EA3CDD41AB71E50AAA1204475B8A7B5C26545AFB8A9FA1237C5AD93940C94CA7B32CE5949F3EBA5CD79F105504B03041400060808009868375CA6D797065F000000
310
8200000007000000636E782E786D6C4DCB3B0E80201045D1AD90E9FD7516806B51190811670C8A61F982B1B0BAC9C97B72CA7B1037C6D3332918DA1E04D2CAC69353902EDB8C20262D23F3F59B81A079470595414B17391D1F19B4730A5583A7ED43BBE4025D9592775E5ADFFA01504B03041400060808009868375CECFD11
310
2DA800000026010000130000005B436F6E74656E745F54797065735D2E786D6C7D4F4B0EC22010BD0A61DF525D18634ABB506FE00510A79458060253536F2FD89D5197F3FED3F68B9BD80362B21E25DFD40D6780DADF2C1AC9671AAA3D677DD75E9E0112CB5A4C928F44E12044D22338956A1F003333F8E814E5331A1194BE
310
2B0362DB343BA13D122055543278D79E6050F344ECBC6478EDCD76CE8EABAE5449AE4298AC56946789C28AAFBEABC53F3EAF09A84A1441B91F0101CD4780756578C173A578FFDDBD00504B03041400060808009868375C3DEE336E64000000790000001B0000006175746F6465736B2D64657369676E2D7061636B6167652E
310
786D6C35CBC10E83200C00D05F21DCA56CA76D41FC96062B120735B69A7DBE268BB7777961F8D5AF396893C2ADB70FE7ADA196782C2DF776D7A97B5933C430F15651E5469C55D70F80A4992A3ADC954792C525AE70A1E4D6AD9816CC044FEFDF01FE3FDE907802504B03041400060808009868375CC239C039F30000008E01
310
00003D0000006662782F41444533313144422D433638442D343736322D393743342D3933354241363145363641462F7265736F75726365732F322F636F72652E786D6C8550CB6E833010FC15B477831F3484C838126DFEA0A7DE2CE3102BC1467E54FDFCDA814AEDA9A75DCDCECCEE0E3F7F2D8FEA53FB609C1D80D4182A6D
310
959B8C9D0748F18A8E509D05F7CEC55F34A8AC5CF4000506C167EFD2BA43CAD9A86D41AD9BF40ECA1074844A3D7233405037BDC85AA69819E15EAF52DDE5AC6B526F3CC15332D32E3553763357A33D88EE422EAC6F317AED0843ED81BEA1B11F31C2637BEC7A72E8D90BE54D110B1ECDF2B35D792DA39E40504C0F081344D9
310
3B6127DC9EDAFE8337852978883EFFBC2F2DDF653A6F36F48F5B5AA7FFDD92B191D1DD6D530410241FF71C08DE9474727946976B49527C03504B03041400060808009868375CFEEDAF28F8000000960100003B0000006662782F41444533313144422D433638442D343736322D393743342D3933354241363145363641462F
310
7265736F75726365732F636F72652E786D6C8550CB6E833010FC15B477830D3484C838126DFEA0A7DE2CB32156828DFCA8FAF9B50395DA534FBB9A9D99DD1D7EFE5A1EC5273AAFAD198095140A34CA4EDACC03C470254728CE823B6BC32F1A14462E38408641F0D9D9B8EE90B226A0C9A8B113EEA0F41E0314EA919A01BCBA
310
E1224B194362F87BB94A75973396ACDC7882C7A8A75DAAA7E4A6AF1A1D88EEC22E4DDF52F2DAB186B487FA8D8CFD48091DDB63D7B343DFBCD4BCCA62C1835E7EB62B8732E004A2A6F5815046EAE69D3527DA9EDAFE83579929B80F2EFDBC2FCDDF8170E86D740A3DAFB6E91FD7B84EFFBB466D4253EFAE9BC28360E9C8E740
310
F02AA794CA33C25473A2E21B504B03041400060808009868375C7B889399F3000000B1010000310000006662782F41444533313144422D433638442D343736322D393743342D3933354241363145363641462F636F72652E786D6C8D50416EC32010FC8AB5776C63BB248E309113A72FE8A93704C44189C1025CF5F985D895
310
DA5B4E8B666798D9A1C7EFE9917D29E7B5351DE0BC844C1961A53663074BB8A23D6447469DB5E10F0D32C327D5418281D1D1D965DE20614D5026A1C64AB581DC7B1520138FF8E8C08B9B9A78CE971019FE9ECF5CDCF9A8729CAF3C46839E7EA5C2291E940456951541254655FD81EB43D91C9AF6931689C9E8B268B9596919
310
DDF5552B07AC1F2E35C6C3099DC97E40CD8E54A8DD9D1BD4D66FA79EE00B21FD3B2D9298511F5CBC79FB245DF7AA7C15FECBBCCCF285CCDA84BADA0C57850786639EE782D1221518C7B3DD3853D9EC07504B03041400060808009868375C2CC7186853010000DD0200000C0000006662782F636F72652E786D6C8D525D6F83
310
2014FD2B867714D4B5B5419A74EB3FD8D3DE28524BAA60104C7FFEC08F381FD62D2648CEBDF79C7B4E20A767DB448330BDD4AA04384620128AEB4AAABA04CEDEE00144274A8CD6F6471B88146B4509020C28A98D76DD0C71ADAC500155BA1233C8FA5E5810F1C65F4AD0F3BB6859CC9CF51DFD23EE187FB05AC4389EFA2871
310
4E56F3A8AC3C9BBC496100DD5FF0252B7204DFF73883F92EFD80E7E28C203AE7877D817745F69692240C536265BBA87323981515A0294A77106198669F383BA2FC98175F24099D94F4D678CFB3687007E8EDFA24C9846FF85C57FDCDE7A4B2593AF34D133DA0D8AF37162849423EFE3786B7CDD00BFBFC2CBB368B85878706
310
C1AD36B9AF54DAADA581354E786A148D1F49A6AA671E097EE3495FF0BCE6F0413155FBD598F5D7ABB3417DBB53270C1CEC3352DAB4AC59979B565CCF5568636919E7BAD1E63FD38BD525CC243C4CFA0D504B03041400060808009868375CB601E83207010000B201000008000000636F72652E786D6C8D50CB6EC32010FC15
310
B4776CB05D278E3091DCE60F7AEA8D1AE2A2D860F188DABF2FC4AED4DE7A5A3433BB330C3B7F2E33BA2BE7B5353DD082005266B4529BA98718AEF808E8CC99B336FC92013262513D6418389B9C8DEB0E8DD60465326AAC543B28BC5701D038A7470F7EFC508B28440C49E16FC52AC69B9854418B4DC759D0CBCFEAE894084A
310
02AF48D562427155BFD2FA449A53D3BDB1322B398B51CBDD4ACBE4AEAF5A39E0870BBDD45D43F0F381D6B869AB173C7403C164688E878EB65DFD54B1322F73E6834B7FDE8FA49C017971CFBEACDC28CEDEAD9D77410A259135F31770C2CA4CFC091D57F98FD0DA84BADA0F6E1B1E384D811E4432CE0DA6F1A837CDDC36FF06
310
504B010214001400060808009868375C0000000000000000000000003700000000000000000000000000000000006662782F41444533313144422D433638442D343736322D393743342D3933354241363145363641462F617474726962757465732E62696E504B010214001400060808009868375C00000000000000000000
310
00003500000000000000000000000000550000006662782F41444533313144422D433638442D343736322D393743342D3933354241363145363641462F76657274696365732E62696E504B010214001400060808009868375CF270F13306000000040000003600000000000000000000000000A80000006662782F41444533
310
313144422D433638442D343736322D393743342D3933354241363145363641462F747269616E676C65732E62696E504B010214001400060808009868375CB5A795FFE3790000DE7900004200000000000000000000000000020100006662782F41444533313144422D433638442D343736322D393743342D39333542413631
310
45363641462F7265736F75726365732F322F305F67656E657269632E706E67504B010214001400060808009868375C51464CB489000000430100003600000000000000000000000000457B00006662782F41444533313144422D433638442D343736322D393743342D3933354241363145363641462F6469726563746F7279
310
2E786D6C504B010214001400060808009868375C3D53A6FD3A0700004C1C00003400000000000000000000000000227C00006662782F41444533313144422D433638442D343736322D393743342D3933354241363145363641462F6F626A656374732E786D6C504B010214001400060808009868375C1B453CB2E200000055
310
0100003C00000000000000000000000000AE8300006662782F41444533313144422D433638442D343736322D393743342D3933354241363145363641462F7265736F75726365732F322F636E782E786D6C504B010214001400060808009868375CFF15A4A45D000000800000003A00000000000000000000000000EA840000
310
6662782F41444533313144422D433638442D343736322D393743342D3933354241363145363641462F7265736F75726365732F636E782E786D6C504B010214001400060808009868375C8C68A354430100005605000030000000000000000000000000009F8500006662782F41444533313144422D433638442D343736322D
310
393743342D3933354241363145363641462F636E782E786D6C504B010214001400060808009868375C38FEE8477F000000A30000000B00000000000000000000000000308700006662782F636E782E786D6C504B010214001400060808009868375CA6D797065F000000820000000700000000000000000000000000D88700
310
00636E782E786D6C504B010214001400060808009868375CECFD112DA80000002601000013000000000000000000000000005C8800005B436F6E74656E745F54797065735D2E786D6C504B010214001400060808009868375C3DEE336E64000000790000001B00000000000000000000000000358900006175746F6465736B
310
2D64657369676E2D7061636B6167652E786D6C504B010214001400060808009868375CC239C039F30000008E0100003D00000000000000000000000000D28900006662782F41444533313144422D433638442D343736322D393743342D3933354241363145363641462F7265736F75726365732F322F636F72652E786D6C50
310
4B010214001400060808009868375CFEEDAF28F8000000960100003B00000000000000000000000000208B00006662782F41444533313144422D433638442D343736322D393743342D3933354241363145363641462F7265736F75726365732F636F72652E786D6C504B010214001400060808009868375C7B889399F30000
310
00B10100003100000000000000000000000000718C00006662782F41444533313144422D433638442D343736322D393743342D3933354241363145363641462F636F72652E786D6C504B010214001400060808009868375C2CC7186853010000DD0200000C00000000000000000000000000B38D00006662782F636F72652E
310
786D6C504B010214001400060808009868375CB601E83207010000B20100000800000000000000000000000000308F0000636F72652E786D6C504B050600000000120012002D0600005D9000000000
  0
XRECORD
  5
17
102
{ACAD_REACTORS
330
12
102
}
330
12
100
AcDbXrecord
280
1
270
1
271
1
  0
XRECORD
  5
16
102
{ACAD_REACTORS
330
12
102
}
330
12
100
AcDbXrecord
280
1
270
1
271
1
  0
XRECORD
  5
18
102
{ACAD_REACTORS
330
12
102
}
330
12
100
AcDbXrecord
280
1
270
1
271
1
  0
XRECORD
  5
15
102
{ACAD_REACTORS
330
12
102
}
330
12
100
AcDbXrecord
280
1
270
1
271
1
  0
XRECORD
  5
24
102
{ACAD_REACTORS
330
22
102
}
330
22
100
AcDbXrecord
280
1
270
1
271
1
  0
XRECORD
  5
23
102
{ACAD_REACTORS
330
22
102
}
330
22
100
AcDbXrecord
280
1
270
1
271
1
  0
XRECORD
  5
BE
102
{ACAD_REACTORS
330
22
102
}
330
22
100
AcDbXrecord
280
1
 70
1
 90
1959938040
 71
1
  1
6A377ADD-2EF2-4E16-A076-A504D8E25A01
311
504B03041400060808009768375C9B4450623B010000A80100004F00000043454434433730362D394238372D344639352D383538442D4437333042374442464131302F4173736574446174612F446566696E6974696F6E4974657261746F7250726F706572746965732E62696E5550B14EC33010350C200606243EA08A588D
311
1D3B89932A0D72EA9489059858909B98369263577522C4D691BF065B2D0396DEDDE9EEDDDD3B7F03007E4ECF87E0CCE3E0EDB5F78FCAA87DDFBEB45B3548701132DAAEA5BEF351C10BCA4953434A898009E118F27885614DB365531405E6313EF7BC4B0FA13EE4A4C730F2A977ADD25A1A652777E313A71DB3418E7E97D4F7
311
A1E90A80E00E1EE0AFE0C2A4CD515110F9E921BBDDFC413AA7C6055A362259329CC1A2CE194C56450AF3341750308A6B26EA9517849E95B3D3BE550E659C32C68580A45911983471063966DEA438117943528E63346EA7F035B741C6DAC85E238C4E12DE776633B3467F45152ED1DA5A5D95633FA89991835A44D3AEF30775
311
514530C9208E21A1AF319DE3649EB0B7120566554EBD1929F9D7E1A22A2ED1B15095C8D8CEF3D0666F7F01504B03041400060808009768375C2E008896F2000000300200004500000043454434433730362D394238372D344639352D383538442D4437333042374442464131302F4173736574446174612F496E7374616E63
311
6550726F706572746965732E62696EEB606060F80F0540260323103700495E20ED9E9A975A94991C9C9C919A9BA802143073343637777471D135727533D235713534D37534300712A606262E16AE46A68E0686EC088D202DC686262E40094B5D531313635D133323435D273727175D43736303673367674B47574BA032B0BD
311
0C9A31FD87BE6A5CB107D24C40B1062086F1C134900F041FEC4192101D0C0C020E0C02202E04A838C05838E80FF6500938038742A0350C407B9881D20D0825305D0FA0C6F020A49058A0F044C8C0F42029803253763A600A228B40DC0012011969822C85C4FE60CF02E481628E0F8883CB134B9233749D8A12F35252534032
311
D40400504B03041400060808009768375CB5A795FFE3790000DE7900006B00000043454434433730362D394238372D344639352D383538442D4437333042374442464131302F5265736F75726365732F36413337374144442D324546322D344531362D413037362D4135303444384532354130312F7468756D626E61696C2F
311
302F67656E657269635F706E6701DE79218689504E470D0A1A0A0000000D49484452000001000000010008030000006BAC58540000000467414D410000B18F0BFC6105000000017352474200AECE1CE900000192504C5445818181B3B3B35A5A5A4848486060605C5C5C6464648383835E5E5E6262624E4E4EAFAFAF4A4A4A
311
B5B5B54C4C4CB1B1B1858585B7B7B7585858ADADAD7C7C7C464646787878ABABAB747474A7A7A7686868707070B9B9B96E6E6E6A6A6A8B8B8B666666545454565656A5A5A5505050A1A1A1BBBBBB8F8F8F9F9F9F4242425252527676764040403E3E3E9B9B9B7A7A7A8989897E7E7E9393939797974444448787873C3C3C72
311
7272BDBDBD3A3A3A6C6C6CA9A9A9A3A3A32020209D9D9DBFBFBF8D8D8D9595959191912626269999992222222424241E1E1EC1C1C1282828C3C3C32C2C2C2A2A2A2E2E2E303030C5C5C53232321C1C1C363636383838343434C7C7C71A1A1A0E0E0E121212484A484C4E4C1616160A0A0A4A4C4A787A781414147C7E7C9193
311
915E605E464846838583878987B1B3B18587856668665A5C5A626462818381A7A7A5A3A3A1B1B1AFADAFAD7072705C5E5C9D9D9BABADAB7E817EB7B9B7585A58BBBDBB4C4C4A8D8F8D747674B5B5B3B7B7B59FA19F606260ABABA9A5A5A39B9B99A9A9A78F8F8D6C6C6AC7C7C5451AD12700002000494441547801DCBD8977
311
1BD7B5A70B8EE04C702641712605CE034890E220088028C93245451215B713AF388E7DFD9EEDB8DDCE6ABFF4B57D97137BE50FEFEFDBA74049B6AEED74869B7E87404D2814EBB7F76F0F67A8835CEEBFA0E42B854AA5B2BB5B6BCC951A8D52A93657A914FE0BEEE39FFE2FF395B9B9C6CAD2D4C4606F4B7FFF8D1B37EEDCB9
311
7587F7CD9B4343BD134BABE7DB48E3FFA7A228ECD6F6574E4786C0FC8B5FFCE2CD5FFCE297BF7CF3CD5FFC92B52FFE58BFF9E69B776E0EF5F79E55CBBBF9FC3F5D3DFFB07F5898ABAF7CDA3B74E74EC0CE20230561BF096E97E05712BFFCC59BC80539DCE83DDD6E54FE61B7747DE17FB8980BBBFB2BBD4337DF487881AAE6
311
C5ACC6AF25207877B2B527BFF1CB3B77FA47561ABBD7F7FA7FE146A5B6BD74E3164C7F51449AE95DB412200EC539418717E7F2F11B376FF62E95FEAF1442BED0581DBCA1BD2780D23F506AFA16E1A7AD974EF17876F00DD7BCB187A1A97AE51FCED5BF2BC1F2BBE5B3C19BE27B43CF26DE00933658FE129B109C2FFF922CC2
311
2C4260FA01BEFB462A77DEBC35F42F600C3F5B0795D2E9E02DAD5E650B4438A92801B65C35CBAB7B1EE5041CE69D3B6F1822DFB873EBD6AD3B6FBC71EBC6C86AE967DFC2DFA4CEBFF1BF54F6276EBC114E2F43FEC60B01A0D440A868B2920E5C4BC10D60931ADCB871F3268B21D3851B08E1D6AD9BFD4BF57F7577909FAB86
311
F29B982571136AF01DF5FE32AC3BD9406CAAF2440A54CF176EDD01FBADA1FEFEFE21FE4C9858DFF4183458A9FD2B6708A5A5A137E0EE1D11A9EC0C7C58B2C73C0AD6B479BD76B7790CF899E287FA5B06FB7B07C9195B7851FA8794031EF1FC5F9406BBFB23375420286399B631E93B08022A785C4DBF9996EC3551874094D7
311
1B6F487E80F6837E50F483BDBDBD83232323AC420A18C68DA196EDDADF68A77F938F78FD972BABBDB7B87FB164AC6FC2CB760365821ACB74AED44FFAD7E7431ECD7E08AC421F391D199998989A383D9D98E8E56F84A318C58D9BFD2DAB73FF5222C8EFAEF4DE7AF30D756E5108683DA471E70D0502099A7240F19E4089D3FD
311
203E620F1B47BF43501E85031AE44B4B9F2E4D2D9D4D51D8970983FA861B3706FF950CA170DE82F6B312CC4F42C8966295F7D725ED29882415DC055F36DEA1FE96FEC141493F05FAA9A9A5A595B333DED5B3D5A533F62183323032F46EFF13EA0AAFA5FBF7C8976F8C10F7280A014832593B90004D52341980D907EAEB7341
311
1EB2F1EBC9F507F92746C40E7AE0AFAE54292BAB2BAB67CAE0746264A277B06508168C94BF772BE9765F7BF0B548FE1E07F3B5A521340A5CB5297C4B12811B89E82191ECF3E41B3259C529F135E23CF4C7F961FB13537F5A02ECCAEA76B5BA5D3D3FDF3F2FEFEFB3AA22053E5008833428DC6C59FA2F770595F311F235D427
311
F379BB8A121BD901B96076A388DC4C3C61C7933CCCD770FF375A6E0CE9F535FE2534BF5ADD3E3FAFD71BF57AA951B6D4CFEBFB8864758A26154430080B06ABFF557610ECC93726224F155D1471041E0D42F82F4891C926C1355B0831649FF365F46FF05300A7A790BD8ADEEB0D4AA9569A9BDBADCCD56AA55AE377F5F3F3EA
311
2A34983A1DE91D810543138D7F28E57FF4E2B5335A3928B76EA1CB9B00BF158C8F63A2E788826896D0B5E7C461949ECE089144F8EBEFC7FB4D8C9C4E9DAD60F7FBE572B416C2F2423ECF8B86C439E450DA970634ACFDA977629098D0B2FAF313A36B3869E37AF7853378CDA1171FBEBA95DF1E44FD5144A420588641B0055A
311
79ED91CC0DC41E27064512FB33F1F04D09D0D2DF0203A646A6CECE80DF28356A348CED8C4F1EF137B9319E1BCD29867CA556AA97F7B757567006A447FD375A26CAAFDED9CFDCFB2BB0BEEE8AA5911BC2C7F85DF88A3775389990AA72219D582409210F85A4E66F2987D875C30848023088FDF77E87F96FD7CBA5B9DCCEF4F4
311
C9FC7C676777577B7B7B67E7ECCCE4E8DEE85E81A6D55AA3BC7FBEB242589CE8ED4770E785D7DDE23FF2587EBF57F50B9E820527316488E5C32D50F979BCA58207297E2B6D658702FFCD211840FE43FC9F3A5BAD9E97E6F21B9FCF16BBBB3A3A5A175B5B1787875B5B3B86DFEFFC687A72674F19D46A8DFDF3EACA59E40537
311
5ACE76FFA922C817CE86A89BDD92F400F2C55B7462F610459837D3A61ACF50C7471C8F2F2A9D38C3DA2F068007F80EFCDBFBE5DCC674B1D83EBCBEB8BCBCBC3ED0D3D333D0B3DE33BCBEB0D8DA35FBF9F8CECE68AE020BCE61C112A4C1138CD47F9AD13F7DC6AB9CF9CFCFAF9D0E01FFE6CD503F5B91C5218E2899CA150987
311
14848B04FCE5654884ABF0E554F11F6C21D73D5D5AADD64B7B9327DDAD8B0B7D7D6D6D07070763BC0F3E38E8EB4310EBEB8BC3DDB347E3E37B5842B97C4E44A0C630427E5CFDFB71E03F471E12CA9FF70E055AE141042DD81234B879EB4606361D9328149037D7D76A571A7E974FA20AD0323832713AB5BA7ABE3B3E3D3FBC
311
30307070B0B9B645D93C3CDC3CDCA41CFC6AAC2D64D0D579B4B1B397A7C1BDBEBD7D36657A3CD4B2F44F4909F2B9CA597F4245C59DEC354316F0587020D0C661742BC02869435FD12CF195C422DB3C5A3E2305C000CE6B7B27ED8B7D63079B5B5B878787C787C7C7C757C76C51B60ED60EDAFA06D67B965B3B672677080BB5
311
329E60E9B477847AE2E9EB53E35779FD37EFCD2D0DDD68AA355B6B0D81860502B8B68C801F5C697E9AD62F4B406244CB975560BAC756AAA577675B07C6D03778C17E7C95CAF1B3ABABE3E3ADADE3CDB1B1B6B681014470343EBA979F8B90383545727C63E43549D14FD0F927E5F1FDEFD7263058FE02EBCD1BDCBCA053496B
311
D58E69BC44F9F854D4D979AE9ADB908824382AC1D4014E9756EAF9CE85B6B54DB01F02F8EA5908E0D9D5F1B3E72188C3C3AB67879B07C8A0A767B8B831FE5E7EB754DEAE5261460243FFF07858D8EF0D658BDC563A2C5EF5833C13C90B69248C4DD97842B61DFA7F210A2F6108A0F96B62E2D3B3F3DD939EA47E30ABF5AB2B
311
903F4BE5F9B36757CF65021E616DAC6F60A1FB647274B4B05B2E5341B082D43278F67D8DFDA48AFF9A13F22B34C7586C9992BA6E66CABC190E313E7C811AA57304B421A75B289B9D174CC868C24548823E230B9A5A2DCD2CAFE1F98E61C015CA7E96B083FC59F3ED06EE60F360B3AD6F79787ED278D0A86FAFE00BA9220EAE
311
FE1D5DE1F7855939C3FCC1332426B377F692406E022C010DB437EF009803F0DCFD3B7C94440571D8F2C328F115F47FD324802070BAB43FBA80EFDB92FCA1F7E7CF9FA875CBB327CF9EB08C4DE4815BC4210E2CB7CF1CEDECEDCED5B757490968286899FAF95583BF46F9393CEE6A86D6F618CAAD9BFF0BE22B042412C5CFB5
311
0556815CC5BBE33E9F61ECEC26A9BCB8145FD10590078F9C9E953B513FAE1FE387FAC246E14F9E3CE7F5F8194BD6594140876B6B84C5D6799C61A16434201E5237582AFD75C07EEED9863F463284E2E13425A036BD41061259289B6BDC1ED656FC8B8592C9D00701E27CEA749F0D8EF44EAD8C1F80FFF8F8F9D513191F6803
311
384C800097F24069C407CFAE88136B7DCB3D5D4A60B711F19070D83235F77331FD35E715966889038E2E0B346EAB7936C4162043E1A1F144093695443A570144898BC4079CEF1912809A3035A1D3F361235F90FFF1E3E0FB93C7E2750719F88E7D8E68123883ADB5B18185AE99F1D11C1238A792DC4BEDE8EC6FF503DF377E
311
0445F68FAF4E08D43082D02170F30131A154206CC559A8D9CFDD762B31273E4947A581E0D9BB71E33FFA07CD02CE2A6BE1EC80167497F2A81CFA3F7EFE58D0CF5D5D170DE4F89070B0BC4040CC17BEAC6B0586C3D3FF0309BC06F44B04A1E13729929B4DF73C44070692C810B08AC3012E8EE9EAE22067796288C193B2139B
311
970B86F47FAD0F98382B1E035D9C32FD318A4FAFCB274F2E1FA772F94411B0CD42493C23393A685B5FEF3E1ACF554AF5F3552A478383374E6B2FDDFC4F6DFE38F4F4ED7A7FE838F488EA852482F412D3CB07E293D02C9F074F12E84C5AAC423271450572A385449844706475FD38DC3C22486A0639E5F1E38B0CFE93CB4B25
311
910EF309A2224BD8DAD40C682C28341AD69047E8539A6AFC14EC573F7FAD10AE0FE6EB13E87B28E093B513B5803514DE408809BC12A14876DE0A25F643009E9176D9F0C330164285A7444DC8CAF0E9FE41429EE0A2F6A6DE91C0856C501272404A8468822E24C807030B1D33D40D4AFBDBABB411D093D88C86D7205E05FC57
311
EDD1F805FA4CED5920F0CED39157E007CE21757C5DE440ECBCB46CD283E378029B43FB077B4F47E60E9F61E8D01BE017D7E843EB49F50A2028F1E442FCC90C9EE308E4C0C2C94EAE30B75FAD3A0EAFA57FE9EF960F14BE15638840EAF3BA490BB6850EDB38EECAFD21A0C746D0C4234DBD035EFC7EDD121FA585FAB73DB89F
311
E6A03CF833AB0730E5E2F1A36CE3F202A128934B44E396961121E1F2C9F32BFCC0C140CFE22C1CA8E109B182919696BFB98120234F61B59F7BF46EC30CF067B21A33B0FB3E402448EE266CCD93135A8E823DB31F85E677434E608F53F8100BC0098EA2FD6BC01770E0F2F2D1E5452A711C4BB8486248FAD756D852026B6DC9
311
0A2AA5C6B69E9068B8F27AFABFFEE8AB36F1D23985D5960014FD711940800B560250D2272CC54FF1D3A660B275AC3881E349689C1616E1E9044129D032313509DE4700BC867C71F128C400159407C761022BA8A040F40A244788808C60B3AD67A17576279F6F946923191921B0545FC2F12AC0EFEFBD7262B6935679FC7F80
311
629160ABFAEC88E8430E76D82A8DE62ACE50BD4A42FBF03B387B37FD321B37E31C3F063D99703F5160E6C9E5A300CF32A91E0A085A29C0FC507F6C21012303C6104B82C1F1E156DB3229D1A855A32A8352C9077AF733A0AFE0FB3EF81FDF2F0F82C21B0EB06998866878B103305E31EC17F4FD43831E570A2118D1667632D4
311
FFFFB125782F96168A833DBE78C3F11F8383A79D49F58F1E3DBC780417AE6581381E8610604888E2913E12492881274822C221AD04CB0B1D273B8542837460898C686864FF6F801E8269F40AD0481DFAF5E6E9C1F3BE391C325004DF0746A4E4448F7B52C0D5EAD39EC46896B888C4210D68E99DFA2820DF7FF850EC407EB5
311
5C3EBC5028611409BFCB8889C90F1C52355AEF98B18100094C9D0EF6F64FD47E5CBF3FF5293DDFB4B50DDD54F351446FA1F14580DC3902C085F593CB24ACC917B213BBC11B3F0A61042FD8B24F4FB9C4556D0CB9E1A880DE89934CE9607F18F81FDD950DD0E1D143F41D56110E227C250621FF098838042BC85B5B6BCBCBC3
311
1DD37B34966E9FFD9936A2FEFEA9EBA4182E5CD3E17AE35501FCE0707E5525A7DBC64DFD077825BE37CE0BBE1BBEC061410C660B6E49912665E2B3749C7C9F93834022F74CDE6CA5EB501D9CBC04B768292C5CCB84478F3CA83074092C6082169015E5800D5839DC6C1B58EFE83ECA513BDE3EFB8EF1242D2D4B3FD55AFE03
311
D42F8492AF8A3F21444FA2FA9ABBF525EAF84C09F0168527B0138A85D1EC0443C467B28BF844EAF76323BE13D7C11F72FED783837B970FEFDE7D7817E077C17EF7E2A1C2C0FE851FE4C008388C15E818958746129E1009D054B67530D6B3D8DA3D59D82D9D57CF70039FF50FFE0DE94089DB269C3655A4F25B38C49D0BD48E
311
59F1526887C18FC5272197F85CA72862A593A4843CD25F920487DDF7AA0441A2C0600D062001F103FCEEA3D8560CEC3EBACB01CAE5A51E420349F602191E5F901893142381351CE17047E764BE50DEAF9E4D8C38B6ECFFACEB141E54A6865A88A60133EE9CBB4C256930B0B168C1C3AB59FE1743FB422C7166082E934AFA5E
311
FA3E4BCE0B69362FA7041818B7FDECE1DDFB4D022007CA23E521F0700AAEB5888BBBF08023E128B4045381542FA256B0D04E28A0C3804E233A1BFB476A2F48FD135BAF9843BEDA3264EB42BA499601F16B566E72C7EA35908ABCB9176BBED43204C696AFD3D7B24B08D3AFA44BE243D88A6D9D0B6562B52F741E1610C0EFBB
311
AF2B0829289A640EC4C8A4FF66A24430786CEBE1E1E61AF9507BFB496EAEB64F8F49B4129EBDEC065EC1F8A3F228A3CD0950883B41BEC6D1944AE06147289600A7726313AC69A3F91197F1438BCB743E76F01F6EF1D1C854071670FFFE43FF1EDED702EE5A14C85D0C42DF90B86068800659AC88981855E3E774A71C0CAC2F
311
76754EE7CC87C808D1E1E0F6CF47FD4224731337BE1E39C5010823EE997B1491BBD99FC8D8EF77482BEB5EB2CF66499A8E0F7511B19B3EFBDACB6507BC78731B1B383D02FFDD7BE8DD9256F7D0BA7B46015941097B80018F700FFA024CC08078F51806100ADBFA163ABA8A3B95B9D2F92AC30BC908ED31FABE0CBEBFFF0279
311
B675868F9AA24E9530B08C174055B7F48E4F58002F3E82F0BDFA003E8B431EB6C4A91E4D9B5FFB791265BA8827BBE5F1BCFA7F789F72F75EC800F8AE43FFAEC42F13009FB905A9A0132015D0068ED7682AC608BA6771038DEDB3B33082891FAB1ABF5614F93238079726B833958796B845B731FCB86316713C1DC581B1E19B
311
424EE32674093F80776F7E27C6FBFAC85C536CD955B96EDA2A3FBF770FF4BE11845470EB3E42D022000E0FE07D161811020742162444668308801E133A4C163BE68F6826A5523071CA78B2FED51F28F8C70FE4190073A3E5D3259D7A288CD19BDE623F10021BAB0C6E327FD507B2741627727EA00D31856492F9F009D7F152
311
D930704E642795C1C1B336E0DEBB7F0FDCB79318543B25341F36802D64A981A690B94259607DE0B19D466BF8C1C5E1CEF9A3FC5C639FD6117B4BAEAB453F8EFBDA500A67E8BAF76C8A06566E36EE1184E8329419161F83D843D5DE7D8221163E145F56921C3EE383978072129E290A9B7166E63D26BAB1FCDBF710009E4051
311
842390031845F20077CD079407C575F20364C4910ED2A574BC357630B0BCD8DE39335EB175646A698458F6A346F003A93002E846FFE0C459B8006E506D79BF902908A0AA05CB5E73530E33BA1D3C2EF99C712B7C8B41DF4D2A7830BE8707485FCFAEEB85A09AB6D39BBF7B4F23E00509C20DB04E240822A4B810E04D8D53D1
311
0D504C059ED86BB8697F514777717A8F8144D48A4C89077F7EDB00E2D89DC02A7B975640A282C49A4AA84B70B12BFED8EA6584860DFB7EE23FCB00C6BAF7332FF259FA3C9346508813E372F1DDE425065BB61FDF8300F7EEDDBE8D0C6EDF46F7D8823478590AE23759D60DA6B7A9F125EDE8F4A5D2B37470D0B63C30DCDE3D
311
3D59A8D1501EB1B0A5377517BDD6E301F995E3F955F0F58FAC2E81CE172A8344AC03DC6781939D2484B8FFC15E8F3ACCD3954CE19576B942D0A029188EC7013FE59AE90B71292DE774F1F63D60230180B30A2EDC65291B6211B4081128856001A680015CE000708254891851D4B3BED0FA4D7166B466BFF1D2A924885AD12B
311
387FC0FCE6819AC3AE06A7AA4B715F0927B74D119D4A668FB54B8A8C268D8B038A207D10A7B1E95E42195B695BE0240F7408B311257C23F581E987C180140C584A02B1670CB817CEC0A080F259F1360E58452013200E3EC107AC1DF4FD7B0F6D23F33347F9527D9F51E6138E31AF35F1BDAAEEEBA3D71BB402E2FB47CECEE9
311
6B4DB85536772B07C82A34F3E66D0BCEC207FEB9E70643761276F7B50D5EE963CFF80C7AF4A2130F5BF8C4EBFB5F07B709840480DBD8007FB7EF3F90104908BA457D43AA2A6A02C91422285E5AAC143F3313A0CB74D9D164933B86C25587134E8D342B453FC982860D09FD13ABE72055ED020E85D3E312F74C25CB0293D978
311
A1C4001927C80B86FD06349126EC219F0C735C8053D8F5F310817EA01F1B7851F406144C211C6362C27DD51F1E310C0102280ADB891E9B085CC528A2B1369A46BA195B9A2B351862CE43174BA73FB7CBB430A5798F4C54B7333B96C3224A9863AD02B9FBD8E63092191924E77C199D92887DA594B6DCF0112857162FD0949F
311
E6A441F5E62E42FB2105BC405A2301A3424601DC807912CB2C39C604A27908021CDA30C4C8C2019A883B3A8BD393BB3546136EAF561980FB63E9E035FF73B96D09A905ACB2C11D79571C5159026227DDBDB81396EB03F14100BEB66DE1FA9EF82C3ECCBE318119C4269FD014E66361FC8BB0B4EA9A98EF3D8848A013604302
311
84335004C183CC25BCA82D2302EB03B8419241C64DF4F5ADAF77B533BE786334BFCBB8DA72BDBEFFC36103AFB30608A0B39B58D93F0BF42180841DD26BDC22CF0A770E90240006BAC65197D90920131C7B2EB3CFD3C71C6378A305EE8488FC1FF8D391E2BDDB0F6E3F45E7C8207C419800DB410073A3173942CA8D5242642A
311
74496FF115832A6314D9FA4257577BF7FCF8F8E8CEE8DEDE5EBE76DD3CF892BA7FB8B90F629431B5525E92A15A3A4A6FEA3FDD73136172060959206591F4C927196CF645AA285CF3014630121754261C0D31E1A7E3DA2DBDB54B04703BDE3A4209F02045C4BB0F529A14BED07098A2A1CD47513DA64B512F409BC016630907
311
96D787173B5AA141B1B39BB470EEBCF1E30F9D263ACC4D05110797CEF7B923B027F089F74D1D06F0A4D8C0CDA6604023FCA45B76C5CDE0BF3845ECBE13E0C0ED73700A8A753C1AC8AEFFF1B407FC8A20F42F0D94019121DE304077A027D4112283BB8FF0072444D68AAD111D6F591BC0061854BBC048EBBE9E81F6A33A95C2
311
1BFD13AF3C7E7DCDFFEB0DE8903F77B41DF178E99C289895B0EA8CD640549D68935BA7C5294E0A1D66DA0CC419BD398E6265789CA1241441AC94532A3C19C95340BEFC68703077EFC1D307B71F3C500859C11494838E902203A2BE90EACC5135B80B078804340C920C2300BCC06F7A1C71B875DC572C9BD1D84BD5FB9363CA
311
6BA7D03E5C40FDFC54FC23C9B4B9DDD028787D89219038523BF64E638BB37CC25335937A00DFD32869C5B390C8C32FF25C8C47A7181B4A599A224A9DADB0E0406FEFF9F183B7448F081E3C55024FB33828784AB61704482CD0160C04174F9E33BA9291D58C2F1F1B1B3B5863B0D9F3E51C35C253D54A23E560E2C0CB3A6F7A
311
81382601C2079CAE96B7B1560D20A341E85A928A4E01083256420576C2ED477E2E565FD9223BCC691CF394D3D8E281501E0EE5C1C8159E92585D255CF30CC854C75318006EA4A01028EC853F9407C6053910BE105348324002260254886C156260F9189EE0F8C9A3CBAE9D5A992184568A69D5183A7DB97DB089FDC57AEE54
311
F858FE54F577DBA85309640290F2D220952620750C5811FB772A7876D1E4040FBFC6474D51246D8B3FB378283FB514F8AB3C20B8BF7DBE5DE541C9A5D3D38DDB30E00151E02523081BC89C2214103E0BC1B3D0199A08E002681A2613A2616CEDF0F0F9C5DDC75DA395C25C0309C03DEC8091A4AFD3FEB504AAC6633930556D
311
AC86EE3561941E862C4A75DD6B6BB3A0C59BE153DFA73EDFCBC3CE2188D3D378FC976D0EF9A95B7C8532F527CE3CF539581E0FE501291E9139FFB65EFF5DBD8E0C18DE3077170A64E033FD278F18068028802F156C3809FDEB11B1019C208D020C9BA2870457F0F8E1FDC7EDD393E3B9FC9C4308E9315704233F960E554802
311
C14716B0B45DAB5EAB5E25AB7830EBB8D25E6CA94E4AA01794FB1EE164FE9F040FE82C940A4BCEF913075D087E85A7237D3CF29C47E4E676777779528C4781761F0BFBC1D3A77880E40C9A2E5109180D5255317890394229F0F082010354082D574F1E3FBAB7D6553C2113DACB97BEB5526C7C6F69F9310A94C46CD89FF8F3
311
79AD1AA035FD00FF3F320180F01417A6F255A3A8D86319FE0C0B0E06A0DCD33F79841339C01E5BBE1911AFCFF7C1E0A540BFBDBFCF2372352686D863F83F59CB6865F43104007EE06F52406F680341102048A01BB048823082CBCB0B6AC48C313F3E7CFEF8F2D1FDC3D6F6F9F9D9E98D9D7CAE5EADE2A6512FAD7AB526E17F
311
600C85550DDE9ACFE9D97E694513103BC69F8A2813176032C890C1E9C49FC09C61670FF8705B1D7386260E7C8E7122C7F8208A55139E8C8D4763F7EBF5728DF9C34677364E3A3F9AEFDEC9CD95470788834F9FBEC512379890B38C94205B2557987C4186DF5C0837608DF0F9F3CB87B7EF6E920475752A01460E556919B2B6
311
4296FB9FB70DD5F47232A0F77465BF140CD001F00ADCA175090E2665A14E6329B62660E02A1CB50C6025E3DA252A670B3F0FFAA5EAD94A509FE7036B159E0D1D9F2E76B7AE1FD5A606198D3A747AF450023CBDFD162278B9446688111009B4029B0F2180AE20A542D40610C073B47FEFE1416B2B12200F3C991C2F54EC2491
311
027A816B0A34A9D05C6F437AC23462385DADD75642EDDA738AF1600DBE07EE8437804D2D011A94DF71C2085EDD40266A407FFA1D1C00B0C03927E60338E3B9D8C47D1F8CAED578E06F7CFAA4BB63B175FA7C301B747CB377F45192003CB8FD34B12009224543D8604494011A80C1903CE0518C986208E1C5FDDB8FDA161686
311
873BBABABAE74FA637BEA894A44078C19696F326E057D7F95D061A6B0394A9D5F2DCAAFE4C2388D8A6E9AB7695CB0BDD0A332430F1A9333DA41D1FFB97FA09AE84E738C75C407C260408F8DBD5EDED7DE1570A7BE333C54F16963B46AB0C2B71208EA3D16EF4EEDCD7005241166C005A73C03164792151205C007288AE337B
311
4D7103741BDE7B7AC913350B348B2D767515674EC6F72A0402BBCB41C81305AFCF05F2758D3ECAC8D26AB97606DB9581A4B7A8FFB068CD5C0604E6849046B70C2B60FF0CDDF93C13822B4E82FA0479A68220E66D9FD775FB3C1A9CDBDB9829B6AF2F77EC9E0678FB20ED8D1B1A1A39D10F9812E20D6281F5673121AACAA9C5
311
3424000DAC173F7E18C3052EEE3E78E7F1160F5AAEAFB70E0F7775CFCE4EF384DDEEBEB9C0889D5243BDF557559FEDE5F17AB21E118C4C31A3DF6A96B56AC62180293910ECD6B721047664BCFCC6B2DD3C65CA0F0C823DFEF84083C7ECCDF05898EEF158F4FEF97EB9C123F1B9D1D1A3D9F9AEC5F5CEDA84A3C96C14A55584
311
D62893D6A54D8D2028D05C8B1F124884543F3223B29D208B04910D3FC43F5C52196AEB5B5F5E58E8E82610F08C21BD443801233C0CE8BD1E40F84A1CA86001990048031ABBAB11EF83F9283EA89F181F2A0D9A9F62D94B7F625FD727E6A93F63F200F614F7CF100D4511C07DB45FC5F0CB4CA359ABE4774631FDAE85E599EA
311
0878A3C33D5AD6430CF4C055EE5FDB80629000D7855DED3F436F3B61B3DC7FFACEFD2B1BC6FB0696312CFA477CE87A87070C7998E04FBA78AE3F915A065E819FCF35B410321D9ABB308146A11AD5196CDDD7C477A171C8AFC74B45CBC6F641AB53C8D4ADA5870C02379BC0470CF83DB55F073E29CF5CE5F7A3F8FD62EB7AEB
311
1774C2C6780B9523F9287193FD23DDB79FBEA513B45200E2E0C1B51350163AC19043C600F2C1DBF7DEBA7BB9B5457BC0D840CF325EB0BBABBB786D301437000020004944415472B491ABCCEDAFC0591201CAC8EBFACBF367FE7B6E40E69F551BBBE7123E3C00AC560CE20C62436E8C3C54CC225EE08C0D74CE26148877689E
311
DD004FB2BFBFFFBB984035373A7954EC5EE8591FE531348654514DB1D1C56411DFA2A7C212BE5ED91278F2851A432244C6822C29C85A8B320ADCBDFDD63BF71FD32648E7D098CD018BC35D7FE89E250EF2AC75F96C15271602687965C844B8807C6E7729D93F22E81D39ABD62A0820C1FE9F11CFA7208125D33E96FD69E83A
311
F6052DD32D49FF0802CD9F9DFD39260389A950887A647CCC99BAB17132DFB5DED35138FB3A060F6295AA5E195BF0BB56495A5A4A8FA440026E46A047D40ED2520A441C302D240F201FB8F7E0EDDB0E12A04D8816215A0579E8FE1B1281E9F19C9900DE79842E2A7CCD48E9876EB01C75DBA0E0C8D44AB5512947A00BE7CF5D
311
E9E1A6A6BE43CF1A78783DFD5A404E4477336C1ED8B18908B2A847B2AFE9839E891137A6673BBB96FBBA2A4B8E9373B001F08369BA11BE8ABC4302FD2345FD6014A127068427D007BE28B41D9B0D40FFB7EE531FA673C8870A69135B1CEEE8D009C08042A5B4EDA314920B635BF941E7487E45256439DFE9D276295F87E698
311
389CD49FB394FE19720412DEDDC40E9CE9C6DD605E0B719FADC416CB15AB3A61F9B5B9B9426E54F81D8B03DD950946D432B40CEDAB7BB5AF11213CBA73C9BCCCDAFBCF06127C7980FE6D1DC9B4DF14832D6568FEAEEBA76FBF438300B541064ED33F3AC0B0D10505306FD370AED02859234402F6C3FED006766DDED2034D90
311
D119057225EEE3DAF787EBF30EC51ACB4F551678BD6728E1944730C095F13E4D81A4DFFBF67C5BEE37E62A85FCCEC6CC6C7BC77A5B477E22223ECA4FCC0F87E2A5E3EB782BDB25B8CFC6736A044DE5A7CDA604526361D650484FE283B77EFBD65D52C1C73C4F48E7D0D81ACF572F2E2280F98FB230508FA906B42DE240ED65
311
1B301CEC83DE1790C9FD96B6CBF986BECF3BD332C18EF627A0B6EECD5B152E02088D03D828AFFAD26B05BF671B4F9A09A8CE0CD2707F67F2A4B3BB75B9ADA331C1305BBAC182FB4A79820B7EEAF73199B8404C0B81231CDCBB871B80FC41FF5860E8E108222A1A076C29E6E03B6F3FBD4F1F295DC457573C7ADED636D6B7B8
311
C88413DDF3B327E1046AA51040B40CB50C7E3F1D2E44DAD34CFA604029BFFBE714DF0C069908027EB275F1F366C132E1A7450B04011CF82B2B647CE754F650FF6E25BF37AAF65B7BDA16CAA791F1D09F6CAB989EC5AB7809BE145FA459E8D3E4B0FB47DAEF093B946FED585B80FE1A0305FD5330FEDB4FDF79FBF6BDE81D83
311
00CF6815E5F9896552412A03F31FCDCC7CB5E32365550CD9365FDCCEC8752E943161D78047336F8AF6539840A1F2E764FDA2970999F205CD2BD1F5CF496571F76EAEFA0E1CF8FD2A55FD06391F9EEF8B9DC9994E72BEBEE1FC928E2F223EBA0FBFBFB4F2DF137BC894B8087643D64ADE6EDED67F7680FAC9060239E845FC94
311
AE93D880F994FBF71FBCF5F66F9F32C292EA900F9C1E6F1105E81C5B5F58A067A448143842008D7275EA3BBA3D2516FDF02FF79260020D6B3C714711F3CFB61BFF56A826E627E82256F7400FB387FEF23C1C1E77FD6A21EBB1B2B35F2F95E7760BE1FA3ABB3A981423477517EEE36FF96F122B942F6FB64D9502BD1B908916
311
2532A2FEFED255028FE653C9F46FA321E0B588B7DE79FBED07C44106CC85133CA65190543004D01D02D8181DDDA5A9C91A7110805B7875B689FC3902200FB192E7DFD936B37B57D9C338BD49E99E181F4E5FCAB2ABC1CA7AAB382CBC7D515457CFABE6FBC63D525E5CDF74B16378B9AD6774A58531912D232DF01BAA913DFB
311
7D3AAFF912984302B84D0500077800D26C60A4742101DE420C610C2E92FA93056022EFBCFD5BB6B38651470CD33BD87630C05831BA864C85997B8754B05167F0706499DC442FCD22592AEC2ABF3FF13F950039BF159FA9B36ABDB2778EFF83F70972B83BFD3F4899E64DD8346AA495CB155A7499F2CE39B0AAE755125EB84F
311
D8CF8D8E4F4E9FB4B72E8F1DBCCB98B31BC4607C2CFF21C8145FB48EA0F2159F86A3098415609554DEFA7B27EF1301033DD06D274BAF6821D220DEF96FA4CBB60B3CA241C021D38E1AA76B4406B4767576166766A6C7F77273F5F395291BBA19F64F2E3095C14F3E60371827741CB27E89543857D6D96BF9A47C6A9A260578
311
40332EB843717AAD171880217B71FCCC0355AED3D4819911F79D0EA8AD6DA31A83E36C5DC2D470295C011302387069158F6C9966022367ECF1D00BA9BB95C389AE7B6105A1FB640689033A7FCCFFEDB762189103A61C3A4FEFE0D6A6B5A19EC5755A443AE78BC5E9235B047890A65919A0D2F96AA3C01CEE913BB3ED239C3E
311
0CD8DDAB99E4348BF3F8B977B6C43DEBEFBD7721A839A63B94C06A10DB87FCBFA3C2932F8C26F88B6D6BB30C3C4E09AFE40FAB52EFAA1EC0316920E031A46D65A0FFE45A673432E907FBCF86717AC04F2CD0EF512D665FF53F05BFCDC43489F150890C60A8E0314E70A06F619D30D841189CA15D3417F3CD50191AE4396543
311
F0C42BCFD696C58DF163F5B46D708BD5FDDA5E5E5FDF9401BC4F7E00E8A17520833D1CBFF495B5D1CE037C664123EEE74737268B5D1D3DBFDA6AAD8C08DF2C0BC7A737E10AAB2A7B958990CEBF556CDBEE823CB09FB344143463C630CFFF585D330CF0320E921744A7918280FEEF981161008E9FBC78C830217A07B7D6985E
311
83F9A79884ABB5AB383B4D7D788F9FB3D867A2112A43F19042B33A108690CF6F472F8661CFAC971478757F6E6F2F7AEB82FEA85E5715941778B278281F28C268AB24BDB470EF3303E09C359E9DF1CF990D8A096106E6A66C8620DDE7D281DF0B2831F20439A30D68386CE13E002F7EDA8D7806162B205D6A19AA1FABFD6B1B
311
400EC2BFFDD66FDF7E8755B4883C043F43046C1326136680404F1F934EBDDFDD39CB58A98DF1BD7880E0532E671FA1435E9D6EA5E9071000BE8F262E7C4044FD95D5FD526EB40A05A634775F32205C3D779FDC168CD5E56BF982508BF572BDA4F6F57D3304BE9EB18149461B12F760D7485891CA47CFC44909136FBF493171
311
6A2E100123FC6CCAA6A644F25EDF4AC980B14039009BECE8B798BF69A05DC5B6885CD23F8E13A46FF0C0A986D617F001C52241801E87C2974C31411DA3A5D7B6175472763D637D3E57C33B908F867F4A59CFCA7923375E5F027A983E18BD7BD4E6FDDBB2250C1529F4202EFAAF979DFFB1F2612E87EBEFEC58581EDB9AA95A
311
D1D7C1905F7305BF8182D5BBB524D47C4E3B81CD843220DE1E6536497C0962C225F75A2D6A998303B23FC501F0B3F736EE1FF01200FC8C99F5515207C9C40081DF304C0A17D06E26CCBC5B3C47459308178301FA8057C2C0AE9D99B05F038828B08400F2E3251254DD7EB8BC4853B101F99AB48E387457C96951E5DB670648
311
BAB70A7B04FE93EEC5F5B183F9739C98952C6845C380D401B8FC86E70A20744EC720E09D35955D96A9041720196D183AC2CFE6AEA816652D0234883D788BEC8F5DF2615261DB031C2381092401B48D8D2D870FECEA9C3D99DDB036C8A051058030E32190976718C89F031DFBFF2EEA3D88606A8A19BD0AE305BDFD12BA4FF4
311
6F1A0002B07137989C748936E9DB2C91F43B07E4E4D16C3779CF5A4FFE8CC981F07C29E34B7C012AF0054FAEA4A6A3D49D3A16D2B3CF220A029003366663053C89B3FB1827080DEC2780076FBFFD8E39810CB0593CC68B5D9009F2D400418028B0BC6CC74067E7C9CC0C2690FBB084AA5254A12AF63543B35EB40D17B693F7
311
E3464D5094C00AA9E04E0E0524F5C35C5EC6BA94B21AAF2440725E2A9FF94FE7A8F0E769EB83FDEB039B631B18BF396F5C13CF89ACC02C387DA56DC3B1CD84B96CFAAA37B55FE723B611062258257D331F186AC93D8AD600B4FEF4AD777E4BF68F2168FF08C081A37AC13446C859964803961928476D78F68419390D830C19
311
35B5C2A0A22A3AB17D3D6428BF12DC373B8D464E04C0A496BB3B3B75639DCC2500E0F0B15FB6F47B5A7ED0183A87CAE8D535F2EDBD4B3B7FC762DFE65A07C30B2851DB890082ADC07131EEEFA3DB7DD5CD32C0860CA83CD4B7993A175F422A8149B1C1D94C1145059D9C78A8A572A90B7C8B1E3392FF77A80C50220880FF36
311
69004E90F101740D2B808181455A044904674E7482CC3EC85C4BCE339404C0B0BF6A5611E4F9B8157BAB6DE327EC9BFBA1B4557ECB609C1F45326499EFB90EE78F18227F09E563C9E63D847EDB3B68EB9C39E95AC4F7ADCF7D87F6752BB6912040281E4A0D8A8314E80D60470999B8A51FB1488A66A9F3F81FFA61C83F4FA6
311
969E472288FADFD61B005E0EA4284822E018911828E868614DA0C36E11F3A051070BF2F0840E35F200E2C0C80A776CC9E7E6841C0503D0EDF15ED9AFE527E798D23BEE5F0604E58DFB7099D739BF0BA5D332EF29F1535995BDBD0DE681C4F71DFE6A7AC5A13554AE6910963E9ABC9A0DB5B202225545F5CFACC942B5B93C20
311
7352B6E5310BF349AF200175D7DFDF78F6D683B7C87E087FA9B35812C4F8F13452CED610A2207541E6D659A739441F3833CD0C9C3C3DC2B0712F62333C4FA9327C9CA1124904B4FDE0FE21C119776CB0C212AAFBA5CAF80EB43772ADFE77CD9FA8A4144C54C2FB2304C65F62FC3678E4F6C68F30FEE1BE8383CE7DB86F58B1
311
AE0C51F0F055E188D02F00911DDB0991832228B3172B3E623E513FF1734FF414A611A603163F401BEA790FC9FF7FC3FD3DB02DC00184145B850D01D120424DC03C00FCEB7880EEEE939399F1F18DBD4AA54C939899304D913CC2D5CFBC55E50C7FBE4C0E14AEEF53D6843DFF56BE2D554637EA047D3C210E2C61077875FB5B
311
40E19F43AB7470CAFE1C0D3ED3B3B4778D1DF6D4F837C08747180FE8394F2CA1E0A46B6DA62CE2B2DABEDE0B1924098580FC16B369730E9E90541D3730D47FDE16EE1FFAD3419CDA05ED1F2715C607F2E81893AFC5936303F40EB776F1D808BDE393A3FA401E1C706E154C892860AD74A2949C409E28A8FB3349C764D13E4D
311
1D3468952B7B1B35001BF41142CAD58D6011C8B78961EACAB66E9AFBC627673B61FFDA4167950A274145BF11EA17BA9AA60815C2C43AE1F648E3772E53C94E6364AF826019E723069A8AA353A3BF7FB5359281700061FF64C28C10B9AF0B70B0B0D30A31CD1CFD22F68C76DA1E44558869257892363C091D313EFA46B57C3B
311
EB252E9C6BF5B4799EC58F1910F469E25AA17B343799DB3E33CF410061F96C6D63FA91B1000CEBB7D2971BDD39A2A76361E000F5DBC1688D47CB812DD60F8001AF25B328D173A9E4BAC18CE9F1F628704330741B2649B92E9714447C68559C6CD2F681919367E4811100750058809D0230C087A89FF3C80C23C4C60882E481
311
F48D531764BABD5CCECA308DE2F63D3BB50373D630796126803C2D1FBAC148F7592881B395ED7D26B7DD38D7096AF98841CB37592561D9C6565317AFBE9FC4AF7371E060736C7635E0CBA1809FC80F544DBAA1F2F9393D970D44C0615A0C6930E758B9E63AE690F73045F0C8C0731DE9CD80F718E94652383458799E02C06D
311
328010011C7090D8C5E5336A83D4059953877EA1E1D66FBE994F04608C4C991917230FB61F9AEE183A40AB9108D032449FD1A7283DD25ED15360EF7EA9303EDDC0043403531EDEAB10DFF87F5E2FD56DF0F1B701A9F614DB17FA0E0EDF6FD0B1622A81FA3D1DE5A33F551930335C353A87F9AB05C60455193448246944A232
311
C5D07636D864CDD7A50D0B4440CDCC465D1C418321F50E1648D500294065D869559EF3C40C8FCC6C323E989AD0F0C73142480B200842802C061008B480A9954AF282052B3AF67350FD0DD30D1F4075AC303A5D490250F5400ACF479656861E4C77AFF327F3EBECA4B57B6B6C8FF62602BF150744656A87DABD7BC6BED50527
311
B2120C001A0B3718C74F0C65CD34F275164D7968148DDF259AB8AD6CA81CDA4E8819509B996A7F642D987A401A2B04018C01E6C169A8700F9DE3B489DB2BC49C9B7B858A4F50D22AE15428FCA4A1EDB20C83492690CFE361CC7F8C8066FFD0D77AEE797977F468A36E0B0DFC87F90EE6348BC748F7CB73B5B9DD5C6EE7AB19
311
ADBF6DF359F1DC2A0F9E44F213F8041F64274C0859A2AB7C37440FEDDD2F95BE44065F22067E3EA0CC3BD8C0D8194EAB291CCEE20B9CD8E02950AD806080047A279F19024C837C848816719AC4A34DF8F0706CED904E8185753A458A27E4C1E37B5F30A104932BE140E0BF4E400160F320B054A8705042FFC47B4940810173
311
F9C9E97240C7FCC3F3813EA239B745DE9F1B1F3FC2F9330374DBD1A7B475923F9A2ED81716D18D1B577DAAB9D1A0458655AD3CA7E211867AE7C702DCACCD291E0F798013DC01BC326087775C0833E04EA3778FBCB8DA4687A0255CA0AD210C15661E4E92001A4449031D1DD27D327334BE830B64DAD90CBF537A45FBD4E94A
311
7A88888E715B7E74FCD040E818BDC1BF5AC609CCCC015DED23877080FCDC47BD8EF3A7B783A17D33F3ADEB6D6BC7AD75EA7C7852C5B6FDADA6AFEFC2D181C03F8C40DD8A4AB5024F0B72E34B57BC1182472DC80946789AFB711DB7F1193C03C893B0345F420246114D3EA71D04FBA731C0DAB0D3CD311B218F0D5A15ECC105
311
D02F3AC32F13600084731A83220040019B03180634B5923D438300B05BAC80881F061095FED5D572A3323ABD83F1D37A2301A8C930AB3F66ADF7CBEFED30BAAD7D78A06DEB6A87F15491F5AB7E25842B6B34BEFC12C8A159F187C64B3CBD2356DE5FBAB98BBE9583F0E3280C0076DA15BF34C15238145742B07080B1EFB833
311
82F9FEF2239D003541041083C5AF9EF3C8944DC2030BC3ADEDDD9D27475800693049E05413BFB3FEB4308731512F13400D06F813368A0101D8D863EB3E75FCCADED124F532AD3F123F131AB46A93DF1ECE7F96CE9EB6C365C6D6A07EEC461FC919FE288AF7AE1A7D012D291EB073735FF26BBB1C99FB706E972192819B7A34
311
BF22424BEA1CC7958AC2E04BFC8E02DB90A4A1DD04811ACDBC181037864672C78F6C0EC3073A40CC49D5E813593B7002763BC6A909D31AC86F3F6E335C9E1C309BC58F16418642E2AF6B290A34FEDC0CFEE08FCA0F56700699CB73B9C99302AA17BD516D7F1FD755A2B32B3FBE7134D3BEC813195BD355020A7DBB541539CD
311
2C06E45F46FC0EE08293E6C0E1972176D9B678340AA1A4823404EF79B1E2347E47C35D0A2260730E0B513025DC0BD1C07E3366E9B9D17F767405FB531070700035618606F0B40C73C974CFD321B0C174A80C0F3AA54945FFEF348F5488895713E89B5C98DA501E06D8D24FF04FF0CD7ECD7BAA755A854EC6A180AD13BE094E
311
8D5D63BFD6DFA5F5D3E4DB1BA18FD8473DC6E17FFC9832B71A2A94D96E808BB53F9192955D62C82E282B05168AA0927D54AB20A20A74800B7CC9655C8B15F62377CA4C91641F9F4D0478F4FEFDCE273A002CC0A725EC165CE3A149F0333E8E9600B2C05A7D15FD831F0938DBE5D0FF13E3C0F0765965A0961C3FA86DEEB0E2
311
8304747BFBA5FCDEE44C23544F7BB7BF7A132DDE34F99E44EC3FEEAE92F667A10F7E90B0E8C6442DF5A5318B0F816311DB2E6DC6F172C363FC800EE09186BB9EC82A24C0117700CD884AA42023B81EA6E0CF8B3056411110D78606EBC5AD5417B45BCC8E61EA01C4006AC233933E35D860BC1B6CB9C9CCCE7840D2E0C1C1FF
311
C11CCE54D59300F2B47D66A10F09D8E24B71B9BDDF98FB62A3B897C53EC88D16D1FFE8C649B17BB8E760EB20B784F52F992544753F2CBF642CD3C9C70D8722C197142C567E74FB431EE248A8F3FC00377F5142144A82FFC28AC2970A780C85A7EE9146FA4B2981F3C93BCB0F3FBCB6DD3DE69C72B6073B99140DE28B8E919D
311
9D9E7C2F5FA99FC1FFD07E9AC0965CDAEA0A945FADE52C791EA989E8E7A21A355FB37E44405D171B98A6E946DB26AE71DBD01FEF07FD378F5B4B518724481820890E7486E3FCE61A60E096D577701890EE07CA5D7F2B086040749FCEF3F81972E510A86359C9BB579883035887542090614E5C4461705D7CA1CF84DB564838
311
606CF1597E8119790D021080C935A908324EDE9F60A04B7830A33F0670CB08605B8D01BF9A3D435693FAB4FD84EF6754930640C1F9D74B052A7ABBA9F502B39DA3BF6BC7514EA4BEC71D752BFDC198EDA8DFE8F32B3EF811E4576B0A2074B99B070A069F60173E7427BDF285024E35A4418B7A412914F2800F1965C4F1120A
311
2D5D2C64400563D5942044807BE7C738EBF3034C4A6F4D70C04ED1F97673C039FABC4CFF18866E08200BB66BDC9CCDCC3FFD1E43BEFC52C317F0F5E64900FBFCDA4DEE68768FFF46350E0EDADB7B34DBBEDE3776BC55599AF84E312229F931E700D04478D66A0D88D09B2276141AF0F8811C5F8067DC04C0F90929F7F1AC9C
311
CD368488AFB965C97B855A3E2E93AE5B4866502E55991B82D4388614F2C36B8484A5FA06E3EFFA984A6AF17D5C2073299D9F12FD63826F67FC460E54030981684E9FBFC22009A3006962285FDF4FC84B699FB5BEF3736C6072F6844C15EDF25883037DE6BB7AFAD6AE164B367812FA8CFCA6FA25725D99AEC5C6EDEEC64ADD
311
A2BE0056002032E1D7A20A54CF444E360D520A5B69816C0A953CE0434A8A898BF18E2B704588C01BDB2133342F5404FEE698957C200EF54E31BE6DF4E888C9C67F5F3F1B41F922777E7FA6332677C20098C59F762F5DFE4A23F9801A3BB6F8A4F66E0D40EC867E92DEFCE84C714FC7CE8DD3DD3BDBF9C781B1C3B549FAD2C8
311
9D711808CAB100E09700BB85240374A7209212F320CA577222A7020E7824500179FC7096C714884BDFD9499E027ABEB3CB0226CD293CAE6E0C41A6788F396606A073E28CBE5CC67D584D36CA39D37974FE1023253E3FFB007A26F657FFC901D851130DDC2BF54884F20D5D40A0B7E5C7BCC7CC87B84F2ED820192CCE1AABA1
311
FF24ADBE1D03635B5B3B53D4A5F84120125FADC36A0E792D3AD7E255792CD5241A4C84171F1104090017DA493D0A7790A7BDE6DF326180398E4B0DEADA5C2763825E43E05C388E184678C88CE6422606C017F030366981353DF03A753DBF6370879F79889DD0BF75408724DB53C5B0063AB6568D02DC47AE4627B58D7E367A
311
6000267E7840C23A0940B992DB98ED1C4731B4FB4DCFB6D3EAFB6CAC7646F0335C5031888CD74E2103380260AD47176D703960230370FBBF28813524C17FFFBD6288BB28E4F905ADB4A788B40B4A6201C1878BED224DE9906C4C79EF32EE679B9F5D3B5DFA137327320643909A823F62106CB8F9BFE4BFEAFF0FC7A6393EC7
311
F64A698EFF8ACE31BA05ECE6DAB6DF124118D1D13F892F3D3530602E3F3ED3D59DFB821ECFA3D9AE85B1ADAB9E328DE738BF55D5DFD039445AE76D0194180F57B15BEE5F09C07F952F9A10372BC894CF7DA12CF6507E2A8916E0DF430C519485C55D61EFE209912D8C32866214E121611E22A0B1238DB18E86636A3BFAFD5B
311
4EE02FF1E505F902BDF424D0516907BFC95EF3A76B6B3872769D67E25B548F0DA46E2B93DFDFD5F2B9E9EEE1EE1DCC7FBE6380DFBF38A165CAC73DF912AD76A4690D2B766A3EB4AFA2D05BE543EA20B095FB17AE3F1928D84482049B659E671A4763CFA567C08824913D37F2F92F841FC244085C1681225C04AD6DE1684831
311
682CE0D6096B56101C0D4FB3A1BD3F11FC1105AECF5660BD3FEEDF162B0D9DEC6DB55AF27FC98050BDDEDFF63ED14B01336053A19DE9AEF5F5D9E9D9F9E19ECDADCD497BCC57681922F327EB41FF681E17C1921B04FBAE371AC69E53F98183E91B84897A5DB164158BD1D12FF6F6BEF0E02847727BF2628F9FD48B6FB11DF6
311
928C868B29590A0606F92140D0C08850DAA7DD8A5FE8A50389F61288AEB743E9C801BB67DBE0A7F64F63BC87770FDF57AA73FE1F5A84F8DD3AADDFC32087FBC0A7D645C327B97D65E7A8BBA76DFD9BCEE1B1CDE3F5F7CE4E6DF4013ECD7CB60BD1239E8A4E9A5722AD9C4FAC8F7FF17B214AF8801950430639A08E3ABD05A0
311
D94E253BD5951C885B0CE750309070555FF21F2EF83FF53F4E15038B8D8A244740A5C9CBC120043DA0B323FB1DA0A4EDA268C05A304619505000BE10415DE898809DB6B66896E60AE347ED3D6DC707CB7D5B5BC374A158EDC343D0EA61C217D4878CBBDC1D85686782C3CF4272E7DCFB5E9EF628F5A95AC1AC0C6848F57713
311
29EF8DF2BB79EFEDEC8DBEC72EB7F245287FD4B31008AB38EA4D52F2BF57167159E3004CD8950E217DDD6F699FC763E9D1A0AECC701F7BD4430A3E030374066938F883C01DE40E7DAFD609345E33570F4CE6BE467FBD7F793B5AF2A9D331D86DBA7BF98067918F9FCDD609A0384B523F4413B574B818C6889FAEFC5E7B8F90
311
CEFD62BC2C85B2478D54DD076635BE434FCADE68B3ECF1C8708E27863DBEC352D87BCC7A92A8E135700CDE65BC114026DE5DB68275E656D2C0D4087293D43BB4C9C14EA83C0D806783B40DD7CD4F19EE9F33801F55A3F1FD600017A6CD5DE607783D5F74E34680E7DAB98D99F6E5B5ABC7F7DF19D8278322F6A97FDB2FADE1
311
539BD945DDF868EE2B8B70D9EDAA45D1BB0A5801198CF1DA891540474745BF0317F8A3703E02510AE94B084221F887FE950272D62D4232781054A87C58D015CD45EBF9B70E60820A2056E9D4D619E8494BBFA68B61EBDD8CF52CCBA124BACD4A4077E8420A7F36FCDAF661E577B792A7E1B7E337C7CF1FDEBB3B49F501F3C7
311
366C1730E793F51FA20A9C3D2E9F18E63DC277449054CEADA36DA0807467D45F8A744E1BDED725A033868703F1392BBE221158220588F30574A0B0893D0515B0B7C404AD0E7F40C11D504C49BD7DA39A85A19CD7357DFC966E5D92272FF06D59CA5A6A1C8AE30E52F1247C1F1D78F81887F9F3E387075B170F9F5EEE4A7F5B
311
FC69DF02FD8795FCFFAB472E7C88D563DA514861B85BD41594A75F5E866BE69471110A9F75C8609C7E6BF6C7C727431EE3E9E3773D2378C25226E82C08104A57ED273FE0921D6990E02B006BD038263BA360355E8DC446A380F0BA35FA9945A80CF60DFD54054202F91897C241C147D59F8E0FC67CD0F2BF377A3463F8BBBA
311
BCFBD6833C57E214AC3F5AE9C2FDE88852968F20337972C7E04EE5658223008AE82D93BC37D8DDD900BD6B16EF221F0D4149045D740A8A215D4FC186C658E01994B8CCD317465828704BB630DA2243B3B4ADD3EA554A97408454148C04A1A0CAAC2E04033C04073851F54380E0BF2DFFA43FAD3D6B574F2E1E5EF6E5F4FEFB
311
D1CA87C161FCBCF5C7AAE2F726F814027BAE10F79BC3D765D61D1803952210A9AA07F8C6BB2105B61145B324F96014EF223D4A9261080239F03FF6F4DD4975C183B887E081F7A467A25EAA0C94028FEB808637768B07400A8235D4EF33143253198900E079E3FACB0C59B00F827A5785A6FFE2FCF0C0E6F1714F11CDE5140D
311
931D707950631F3DE877F300002000494441540ADFB08704E252AADE1BD4E8DF55796A32B9B6F17737C67702E5C638682737286CB0E0A89B624D5BF28222432848C9AB8C07170C97B814FF492A61072407D638006F7C8400860444C01B1930A522788045633DFA9507267A3A42BA05925BAD705CDD3792FA23C1075C6EE768
311
A673919EB6C3FCFE7629B7310AA794CC9C0D14A1FB88F95C845BF22543F57996E0B26C9E4C2ADF187F979F8A55F11B47BC26594C52588518D25E6C2B1CCED231EA1B748F093E5726A21A54C91EF95789041030C20FD5AD68613432E19A4D0DA2505B6BD843516E10BB00AF9AC315EE9FDB39CC1F9EA59CD88F9CD071D470C8
311
6C4647FDEDDBB1CDAB81DA94034747A779F4CED497CFF817348F69F52E55490840E48840BA72DB71F3E84F6DA2F4717AA928F153DA6E4C7E8E00363CEC9A2E1C8E65F298FC4A52F087FCDEE5CBA38A80CBE11FF7BC2AFF249203FFAB77A128A001B1987BD334AD9B901890A8C2005B6B248196AD09C0025ED841325B318450
311
32E327C531C839E66DBAB39566B631C2FF0A1DA5A3CC47E665AD8751B47CFE33899DF047C9F3C365E3B11278D49DF939298E09002F6430F9958803309827A7C791048CA070061B7E9A64C557D235F83EE24822E5EAB805F9862F20FC58F483DC0EF02181F572930205107E00E523861895A2811309808F2B6C14B2AA579E89
311
3753C155D2F54302007E9FF36AC5FEDBCAD47E182D91A73920CFA5C18E01F8FFF4C3F1FF553BCAD0E58DEF85DD63B91BE38ECE1A9FFC4AD4A1FBA30D462C328C5A0340DFD393D3D3D3C0659195C96990F391EFF4175213BC74C020922D4830FE215E76940962BC0713A3B82784C0CB6623DC40D6E1485BAD454F6892200B22
311
5096127FBD82D2B12006BAE2E329C771E25FEBC0DAB3B5395289D56D7A8A89081B34EE06F80F819EFE75C67DEEE95D227E283FE98A7B9F1C97D2D05B4D07A469153C3DA3048EA68FA667A6D90E291C7D7E2D063E4D044964D055F2DBF3E31BB851AE9F78A0A7314F0AD24901F581D74A6929142039C65AF5830D1C809536CD
311
C05E4BA51038F79D713DA930CF18BA3010E385351CF47F74D439BCBC793556A1F99814926AF12835E251C59BEA3C083EC2B2760FEBDF4304C9EB87B35769E1EB24B648542CFA4EBA9EF93CD42F03C08F249A2C98897D8E2225E90077823F4A52171A61219998CED6FA050992B6B0A74A2220ED12123004FB977084208F8E2A
311
FC80F456CB110BCA647A3A0F854085D84FE0052BE31FFE7F925610BAFEC06FC33F9931BF063F39DB3D1BB20EE357F594045F4226131578582CB055A59A073AE0413989D215019B6EB8A21CF154D71164E0D8F4E730C2CD382D098DA5261456A425643686BC8301710F2C50665881399156AA2B4C3191BC555728384800CE10
311
040F746A3D8A80A5F0E500A93456FEC52833BBB45203DACCA37FE1D3EE4B9BF0EC27ED47D89B8266F11EA2DB8B5A8BB93EAEDF0C06B7AD0402B9EAC6E787365535AF19F15158308A9D9785C1BC1C01377F8C6B4D07B50DAD25649764A91DC9812C7B34CA98184084F7C01055466B48058CD44085AF26648520C85C41C67805
311
462D8425680425559F4440F3ABBE1F3F81B1EC72708767DDC8FFB6465796C8FE310FEABE0C9B242A74137EC3E0427091967023299BE5D6D4D0C6D15747DC2AEA4ECC57C72856E827D33CBD319D70FF854369EB841282F84B7CA4881447ACFCB257E252E00FBB3272120A75B99119840858486615636E0E0334031AAA8C08A6
311
2E080053A0AAA4158431EC727A084021D41CF5D630C94184F6FE7432E8F5F9A4FCDF3EA7CF136FC2988093F98ED622E38E4976E1BF0CF49D2889E6DF3566719FE1F9B47A2D3BF89C69155DCF24F88C609EE551160F0415900B4C48FB013D8900A9192A700748002924771A3686A0A580FE4009E00ACC090253E280B90AC150
311
48E047020483A038A60ED232831F2CC90498648690D960C48E439F18F4DDBEB0B6F5AC7B7B89F6230243B4FA160A7B9327F3AD5D937C8BFFE5FF8B3A5E64283BEF8EAB9F71159514CFED62DBC880614AA1F7994CCFAE7D8C87057F451733699B8DF87056E1F0654B5021E38097E4E23221B810DE20559AD183A61C2C88A648
311
DB096081E9801CA00BC1DA0124E08DAAC15FD2936905CA8DA1C40E42B13F1764E0C4015EAD7F8BFEC99A310B1B7C0BCC7746D3C0702759C89EAD57122092122D1F857067684A578F1DAB7EAC400841F493A468113282FFE42316CC74C756B1C880FE78795C692813CF4644480EE9B02991BCA257A71861F00666D941028848
311
7618D120D0E80D7773E2B7DD180E100EC98B221C94BFC4FF531A09B986230F1CD08378A8E4D0FDD7D9B1BC75F5C12EAD7FF83F3ED19EB018620303C217A6A35D826E72ABF2D8E2BB1B783F6E48D2E3F360806E1D192085D022103473A10375B63853EC54F500B5B064DBC20945B88160DCF7E4F83A0200BF6FAEAC88E9F54D
311
22D898E43F378D20B51B5D6B1457000922202800DD401A9266483029C0D6D57ED80D42A0E6E08835F0F3AC73D7FAE6D56185F04FC44472B854EB7D9CBF7134DF3DDC35A9F6B38417DD6F508B37C1A718B0D054124176F7222F62DFB327F34D451799D56216880193254FF782D7DDE26C271BF38C6E422E271CE4AB8823C951
311
0F021126A7A944E00DB4031D013C88EA0746C96D4574069BD5439C4110403B40020C30B07A604F1E41D19C21A93FD9002DFC35F23B1E7B98E95E38387E3603FE7393680410D702FF9ED5A3C5E5CE68B5827D721FA78F3A9A0C08A79722D9C9B418F46C0057BB1640C70AA4A03D29CECF33987596D53CFB27B32C3BE304C540
311
E14BF8464E080918268D254838C91A01F0FFB99154FD8A9C0495EAA6534A6C464440B4A71E16100E7405088122A35F7A511DC003D002E6C8E7E15F6D1D2FD09014139EC11FDC89394621F77B9F88EB5A583C41E2FEDBC8F82334494C0BFA97FF3C3A34ADE60385B60E5A30CF036E5E75370BE3B83AE73B3B7DC0BB337DA004
311
5299ED0C66681E4AE223D01B1BC3BD4C921E2005FEB5114739040758189BA8A320067B62A3995E4720055065AC2B4A8006BF8CFCC907C0063EACE41813C5F017065AD46CFDC6FF1BFEE052932CA3478C8E5A6F25DC8503D40F61FC1B047E4DFFE8E84407C81F1AC7B5C79DA358551CD0D13785A9AEB38D6EB68A0A8087FC65
311
43E7471082873CDCE5CBEA1EFC5CC0579469E225428E9A43D6A6000B4219DE52E8DF00A55F4BF5035960661C2DB88AC1F67C2890A93FC420193C8326409E7B595FBBBA9AE1D1511B3F6D65B09AC10A71C2317201A603E88C56CC68C91279E83F5C147787EFE6C675F00941D23EF092920330982DF38C65EDFCA89DA98E8ADD
311
ECCD77CB86D85118F3DD9884820B1128010D02F1060F582871CC8FF42024C02239273A1CC3BF71E770DFB7E96081682803188118B50310BD620234F230B12711B063E0F0490FCDA9248B580D3D3DE944A30CFCF2A1E0F6E59E8FBEA289CCCC943785BB8880ADA9C2FD70F6A13F5418444E3A669273C006C4B4EEEC06782753
311
9FFBEA9CFF04D84E7F170480037005AAC8829084329899F90B5E013927F8E646514B4824B01D11F72C012CEACD163B6358A4454A4221D06E68A71062520649BF9E9127D0772D6E5EADED52FF216BC2FC513C7D3C5CC4C8AF009811826AE20203B076A2AA66D8D32E317DEE0EFC000FCE16D9E0BEB17C74AB009256C5D8AD1C
311
BABBDA61402612C675FBD72D07E633B1A42F2421208CE01397560811204306617A5141706105C9F4984C459F2D0F6C392FA05BED808512B0B9A8A9FC6CED89640EA347D31F0DF76D3D9E61E800FE9F7601BE4C9614A1C58E6C839F13A12D0EB426DE6386B82369A9E6A7F1F9146EB578A2EF4289AA109B4F6CEFEC0463E007
311
2A05CC9DEDEDFE08407B173B8AA65399C80B2911252E6290C82CC1B8909140C11B7AE161B42B93905045D017E00CED6D27AAA15F2C2179F1E83D411A7020B9408D202381E7E5DEE5A9E7E5CDE3B186433F488AC81554BEC09BC579018ADD1DCB3D9D70F02B14BF9159A4DA376225FE43DA224FED327941705DA582B2FD1BB5
311
DC0540667B650BECDD1D5DDFB0C7F36DEE2B94F6EE2EE4E426F20A1174C31DF153321A24114C4FFF25E505475F6906D4149B21F1BD9D9DF7B059F8E0FD83323CB97991FE80EE131A9003B81C491B218B1D42C0C0D593D9D548003839DC29A740298B0C23F0CE14BB167BD61989AEF0B985C8FAC8F923A73F31953989F0F6C9
311
6CA6C4D0A9A88184BEDBBBDA3BBADE77CD8E2FFEDEEF46184A86671D7DDC51417477BE9F04804F305AC82C2D018A21EA903866A0F959FBD4139916D036635EE03DDB7408BCF0627A03027AD314C09B0A27F0A79490D53839D0DAF1416995CAB24101FA63F75029D57A4CBBA9FB4D120ADB17FB5A999FC9420DFE04FA670430
311
B90FE7F589F7FE8D50A4B5F004CE5F07EB4EA007F8AEAE8E8EF7DB3BE2F81F42166C7246FA9E62D02C8209BA1024414C483498B50229FD923F2414040B2081390AAC353B5283EADA12A30B1080866D746B9ABF5BC107F33C2A015B275480759334B83AB02175EFD0DEC785DFC505E0064F4EBA5A97073A74C5C9FEC97BD25D
311
819E28AEE661FD2732B8BBFB1BF13441B3C1F45E8AC1752BBF80C113DE960E0AC7D9D02C58C80505A19BA0E84B14402601A590A4AE00A825E98C3212342302EE10FC5100681F86834A2804BC409D70270A2091DCE874B16BE0706C974EB3D26EFEDFFCA6C4579AA4DB781708469F055532A7046C6BEB0CF39F3ED2EC4FBCA3
311
D00EA91CA68FD2B87B5C191E0EB2C300F00A1C9881F263571C6CFD83D079D09F176FAD839340CF030F70458F81F09AEE1329505150CA0A00576B56C06D58070B23086F685E44232D9D53DE3FC3731044F286D19F459351863F749F1104198D6E14BBC68E17CAE70D7AFD958E350BEBBC70C9C4DFBA075240DA27D40AD7DB06
311
3A097DD3F041EDB3E4B682A7A12A548F3393DB01945547175879989302521EEB1431B08759B632B174E0F700E774FCA1BB83F95029ED1A084288C8893520E49415E00DA080AE8027C34206D35491D050A4C6B080F6A20889A2FF82379AB6234F6710C05F9080ADF002B9C9F9C583AB220F45D618D7E7F7547FB27CED8A8B7A
311
7D24EDA4988B0C1C2A1AFB53FDC61BF3DE50D63C560F0120B0372F0839DDDAF13E583B868717C1CB8CC71D1D7F440CC82184803144196EFD58BBE00B7EE77DE8C015942357FB06FC906A5E2B8882CCF9FFE184B0035A5CF186A962A63F84B3AAEE3D5A2C830008807568B6A9F424086D2095A3E262DBF124350082C4B5DF47
311
04A9D2C93553DE47BD6766B69349610716999FA25854F759CA9792599D3837ACF6247CE8597B0F960FA3EC45B61715050260C5844FCCFEC9666BC71F875B17E3BCB4CB151405D7D08F846B4CB952248B4603CC402B609E90F0044A007FA800EC46D07A51232B00E5683C55D5096E1374DA4FCBBDE2C25A5B8D26008227CA77
311
58033D7D70DF12CAF7F247939F93F1CC63047D63ADA0B7CC8771B234D8095FCDB577B586D1834062035670E204B245EC093FCBE15626C10D210CB38A13F50E10A0D5C0814B0C4B30AA9858516001669002229618F100767AA3D6D2528595FE7A398C2D2300ED0013A0AE60B91644A057327BD3C36BEBF48C91279B45F8BD14
311
5494674AFB211A91977CB838DF35DCB3D6D6AA2FB2784B591ED785DFD7DB77747DAC9D2F7674810EFC2895F9ED8007EC7885101679C06F21E4B1C8A6120956F80518D1DAF1717BEBFB5803E20C6F2A11B2E48AFF4AD2810A70054623E341B3D1ACD92DA91150DE631EEB2C28882D092049C0DD38E262A7BD6F98549930C9D4
311
4B7C37028AEA9F8C5628A2BEF5704C0DCB2B428181B1BE766F43014498D2E57791E4C8DA6BD2ABF5003F0C40202E2E32EDFB02852D16C30B7F646B98FDF86C7891690043128B0A0DE6B4EA27F08C30CA34C9D0AA0852A5997F8D11A6EE84E040B20472020256F4AFEBBB74E6705A12083B249089218E6452C8E5A69717E904
311
A3F5EF3D5D08EC1F4D4E85086B238CFFC11AB9AE972CB775616C6D1DE04DDF073B4DE3747C41FBAE6072901CAD0237100670C5A00C2C3CE063610ED824826C1F6650700E88C00B62468903A0D71D3A390255AD7040048348C56C4647413C2C2561216E0C469203EF06A5B101AD40D0E207F78B124747DB5B4BBB4E88B1C373
311
C114E0470B345156EDDBCE1B4DBDF81DBC400746B0B54E05F693707B89A5E430982C2AC7D10DFF11D5B102B9505034B35D07E8E5F585757F088B390F2D4C85CF7218E8418BB4F25B885053D07D5A908326809F31D6CC6B77CC948413B28664484439D118DBAC27DB5AC40C1AD166F25E6A2F0AE82100C0BF220405323E1FF8
311
0DFC518CACA8DE1003F3C9FAE9C7B2D60703A0004F8EAEAD2DE0F5485452D15B77B4B67F4C2403B8D8F9C533558ADE058A9E177A1698F75DC0EB4C800F74C0270178C8579C1FACD025F0560844502D2BBC01E620030CB93636C1041636A693949CD80139FD15BE107F905590A292840F8860706D07E2970A2F15E5B13B87C3
311
143CB2930374CC46A6F9B9D7A5CCCC14E11B9E879A49FBE27ADBD6DA82410FBB94FAA8487D61B51F4BE0A03FD08743C31020D6628ED20305A22C2C2FAFA7ED1E7881C438AA5B9035F20759E243C51F34D0D5F02F11403B9E204CC1686C0B6C9000470561519CBE1B0E4FBEAB37A39EE4B84C05F023858779341991F36D9D9F
311
351E7BB3B5ADF00148D9D05784F9AD8B037D48C01BFA83D4247F03BB768BEEF973A14E610090D4B96B1EEC5C5E66928F28EBEB6CF578B067DD83086081579848E60DFC7684044D8174993C39F886043481F6A2B743B18749E52447CD4D230513032D20D20206E536E15BCF7B7D211634F98FF9986287F33F9A94615A5A0A7C
311
ACF8DF5DCC1AC6EF9AF1945EB78E0A2FED1DA2ACC00EF983F9A012260BD722EF61C9DBCDD8719703ECF839029010CA0B9F100B1D2842153E01A1A3837AB579516A31982FD2908A09100DAE591016CBCD4B011A2F4DE299E1338CE065DC4841BF9895D8C81714800CD08F5AD39601BC929B55D291F6CDCEF2AB40DD5D98F4E6
311
F107C47AEE4A09A079C05316F479DAF4C2BAB83221BCC0CE23FE3D3D4C7BC9AB673D89A3677D6020F6E182332028012FA0FBE0B2668FB85485902A8E7FA0BA2105C213E20BC2169211A4BABA7D693C3F1DA961F203694853137073AD5CD25F1C017DE0477626D7BA55B88F83B5EE513C41D814639FD1BF759171F4577D3CAB
311
0C3DFF68B2D3B1F8478C18F67BEBB2598FA76A4545E9E961BACF657E0791D2373030E0EC9FAEDD17BEA7703A738185D08236C407448A4CB504CBF01FF43859D3115488EA01B55078000DF085911805790DE1B41B6F8CB2889C3834FE02AFE07D85143C6C008438A944EA63E047023A7EF37E13B0903AFEA7BBAB9579330FAF
311
DAACD540022980B65A75FBA17D388F1E6576405CCE7032D95BDA420E7DC0EFA320879E5F8B3B04C1D2D9C1114210C19FCC49DC6A855E12010184DB8968109ED016E4683CD552A36B3AFA13BFC2114068935A7E774CD2C7225642B73325938052D8634ABC18DC9442BF9E0402E85B42F9F3273672DA8E8F1070405D1DC32484
311
87574CD98092B8B956E6AFE1566530B78FAE05B4A0DE51FBAF85DD075C7E11939F80E015A58D1F87E400CFFD2306C4D1D3C634380A201545A92BE01F445800BE12302AB477BD6F62600D211232EB061448A0D2B877BB940D63D059C37E0569A83DE93E214F4BD86209FF6F479C640AFF8AF6D1BFD987D029A94DB7C329B418
311
4D4BB013BF912FB88FEEF913071A8D82B651BC10DB067A7EC52FE1B421883144C00F64FA23A11CF708BF16CA59F18D4C04B8085964B2D8DA4A855187000BE440BC816FFB13374640B0EB1D0998AF38A1AEF503F14302E2811081FC12EA6CD38A63B33035125F40F170C0B0AA45E9FCA38FC6D688D48563B5C4B4B7C359D3C7
311
AE0EFB16ACD5E2FAA47EF8307044B4EBE1C71E84E742D81431FB06B90B600B9C239E277A57C94C427EE10E7826980C0136600D916A06058CBE8604DB4D314FBC014EDAACD0820F14BF75449B70339490FE5A0491221BF95F949DF1235380E969AABDBE2D32EB4403D3FDF17F42F9A0A7C28ED75BE86BDB7C7EC80C76F86B88
311
00F77B305EB88F00A4352E0F8089EF811EA02A3DF08F7DA008F803BE4B4EF5F41E56087099E920708C3D720916444440FDFA013D4E1201414123A09290F5BD7AB729298209C4306D007BB0829FD4EC3A6D7E4F00B67DF38CA0764F832F0448E58439B952CB4F70DF964AFA74CCFDBABBDF273E2FF4F56D3DBFF2A78D42FFF2
311
755DF307066497F44062AADFC0CC546F6DCCFECECFA232E14F408F05477D311B683A35BC245FCF8A5CD2AF20022C21022266905A5BCC8B20235D6FF04019CC04058AC80023662E25F342063165956320BE50370F2A657BACC817DDA3DDD3EFE04028645780A768FE38DBA88BF2EF3ADADFC7FEACA952E5A77568ECF0C971DF
311
32BF1D24F8486B22A649EC81B1B60315CBEFC026091CA45F858D7D04C1B437079431E63E38F880758842E780A9E03791C0FAAFE10012588C3C592FE35461A6047802BA18686887023A422A49599399893103942CF6DA53A8E387825FA0678B261F139F801E2B17C901D0F5217E07AC2401A87D0480F753FBED44FE949C93A1
311
D042B879FCE499B3D861AEB23F9C1F372F0C24D0B7D6E70FE1AAF60F84BAE642D82F0A9F53E22783915518494FDBC0AFAE7DA282E5050B703570E06319A015E00D693A6BEFFAE493941C3B08C13B96BD20D0115A9565701DC58568A3009DA13E965765C03091F0FF339F7309D44F6E61F837F1B1FF920450EB8FC48F9B4015
311
8BE89C81A597CFB0DAF5F5755D3886DC13D4479599B583758CBF35663AA234F133F91D3BCCFCE0A794367F385C59B19431780F1C099131384056616E15A1563B50021D369C593FB292685A68A8B2A50A0A2085CF05434617E05FC24A6B077B990014421A68401AC4D65788EE25F737EB780D08A6E38F060F2ABD889E1B889C
311
44852C2FF368C1E3E710D73B6589EA83F7417B341ADA1F639A23D15298F087AD0326410E116C3A1B325218433C71AE62C07C1480F1C045629724A076A4BB8D622D24690486727F56108D07046DAB065000678E04C4F8C342DE27F4AC102D854F2D08D59B4ED0E4F697B0FF62F113646BC5B7F3131D4EA8BF8B265EA3F2026E
311
7061B96F6DF3D993276B2180B8E57067587428579460551049049B074CF8B1066C7E14C705F0B39298C0997C17F701097023BAC31081390196801FB0C2A12380042927503D5A01CA127F9841B460310639C674BC8CDF1A320501448E0068905B07F6E5602F8C1F07786253438CEC51AE61FDB25FF71B09893AC026A9EAE3F3
311
0F369F5D5EAEA5801FBAD3C98B38C13EE017B054F81A56F05259DBDA64FE270B1FC4C77200FE276FE814B916E222575ED717A62A92956504605268408CFE13FD61F84252228376060206802B9550F00B9D47E6AF1022538A752CF4FFF1F5931384A9FF8700EDD4FFA2B93FCBFABB3EA6C607FF714B0B8B04EBBE83B52B2460
311
92AB018C0D0002FC490849F1E214AE6FC42009D6D86616C835B65DB9862EFC4480C14137603C3089D0A5588FA27E693DD184131BA4E88C35045ACEF1CDE1A82323C20B842F2419604821196EE8185BC834AD44F8E9B7549A32900196E9ECBBE20FFB4706861AACADBBFD9B56A23FFD3AB8BFACC18B1B5AC0ECD7B6AE2E2E9C
311
CD2BE8AF1B1BC3A813B94107E82DE67A42E7CC7D4A6116700B5B2EE3C338A09B840F07C40A64800D7C605AC42B72227C4C7020AB1F20056E26F542717F56534261DE3766AC10A6ED2D006DD03BA9DBA507AE0510A8B385C92363B9154167F1230C40D76AF6F3BE0CA08F8BA2FFBBCEFB09D0986550E0F0EAE2F2780CDF850C
311
B0F88CFC2815FE87BD83909F474F45DD47F1C821DB2107A8817FD45384F57891B65F2543D0C1E20A89B4A8DF806862AC27C60F6A054627FD344250718AC0FA21CDC4E28DBF2650D1B39D8B8A420C348A4F846E2BE824BF8C45E1DB8EEB52F576F47A75FF95F90FCE0FD3A7A08D48D5B9AFBE3EA658E1676FE3372FB57F0AD8
311
D70ED4AEBA3D4C2BE0AAF1C3AD63A6004D12900CFC481A47430C9EACB390038642C8C41B13303166614210592736B8603AD4FAB17189DBB32F3915F0C380795A089A15228460BDE8E52203527D41B5470901B088D84FF8B3FE2BA7F4FD30ACAB3DE0B7E2FF95807AB0010FFDE3A048F7360F9F3FB9380EE537F16F86731313
311
25D3351A3F664022020811A0FE8C019CA17370725CBFF64132025DA1BE2555102212E80A907FB43ED80A991A8AAC183932C19AE17524B06590B6AD286EB99BAD18FF4BD64BAB519202F992A963648ED30E7521F909F090C0213E367A77D8836BEB6F34D92EDA624183070248351F1A079E5D3E7A9EE81F2CE6678F92E299EE
311
312B6C0572C0A7B5EEE07853612403813152C7125E2022A20C18F855DBAFA399817FC97FB6E1CDCA31D348434ACD0012F0D32A5456B4007E6E92D72B1A4E9971223A42C1042819E4049C0C5801300C0013FA48F8944FBAE71DAFC27F1826FA2304ECDF3F6C10FF47D5C7E49748DDD687DE8E91C09394EE0682A4F84CFD6067
311
EEDF43E67EA46CB2F4070160439245F00343D03BF25D7E2F26FC400A896DBF19FB8D4D0A66DA669C3D608F9CD048A0533621B25690EE19D5D15248E390F042B12C682511B02BFE3E5700E4C9A9B2107A8F45248FA48234FD23005ED1F4EFE80D1320836F04003BF42856D478D1DCA3ABEEE3C68F9F30C3A16E5C238EA5DE3F
311
F37DACC2F8B7980033F47FAC34421EF0418A045394802CE032D61C70023D788136788613887C0011A4EA316E005718AE191F8D0D841B9C679CD2FC478442D005429166F5A24403B1E6ACF3298F388B6D0BA933D92339D48969A5C11F09B4FF017A9900A4F887010C474717E10F36468032FF33F4AD610517777104CD920C3C
311
D15FC5F3B3A0C75BBCA3B00F2724863C10BCD4A0E00736C7981F2F72E4B001438B99714FCFAF713A2603BC710376A1715FC602022202E06FDEBBC680A3DF1C4C095A12C50B554FE7623B50374FB2129DDEA4C392C9188077658C87F55FF92FFA507FF03FC8DFD3F31BDAB46DD51AEB03F7E1B38B8B87CFF47EA1479C3EBAD5
311
C6B382C221C0F1B358B39D76D9D3142C4A20935F541E492E0EF081BA41B3620A8E172B584EA1485632E22A8221CEDAC6110AFA4B6D43E2B76A18AB240BB24337721C9321D2C033B2D3E2641A55A400A28403C12D1DADE39AD23FC5FC08C47A64DC3FF6DFF76B5235124022D7E6D6D5F3CB870F9F31C96FE477FAFE54100068
311
A3A87FA5908A2C08011CF31309C10025B089FEF9C510522B8DC07C30AA469841723A10C08E27F00F7FBC181C083F2809EC3B2B328E294AEAD5A071B3A95C81D2DE3F930372D022C9C793535B92FDAD5426E90490C3C81D000017C6494441544698C416520C1C40C71FC204B22448FD9303782FBA67089A1A7D4CE38E89050F
311
EF5F1E078A4DCCFADA058032C34C1CBC2E1202B1F8962B1A8024F0EB7A11F209E96FB369D4B64202FE7BA230AD24C46413536EAE955B341B726C593B5D4630C0BE822480908522B0D85430230352618DCD4F7BA6D568BF4343801480006658EA3EDCBFFA9702B4FDE9022163C43F9B72B58001A23FCE6F0B3FF0E4E1DDFB98
311
01A6FC42FD0132CC1F2224F89933107AD30B6C9131A53818AE944BE25A70810821C38F098411980E46D108F483DC63F49B91B852351604091D60546702F58A3872A1716411B642C7629C267E64E77719F46B0548FD6BFFFC86A38DBFADFCDF700228C124C8664FAA02BFB1F92B09800876FCE4F2D1C3FB4FD0A44E0106A8DB
311
8079751CBF0BD9340066C3D52BC64706467C05B5A54401BE4A1B0132A55EAC1CCCB10D378A3DFEB9812022327745EF2102886A9142C812A1A2C9708027BB55B7006357459F9C2080E0BC34489FC629510F3017B62D5073E2A2C64048A0A42580E413BA9E08274091A398EA80B5BF31C87BF5ECF8F1C5DDFB4F22AAC181F070
311
AAFDDAE5650C4000516440D8806786D874215149E69ABEC43FF0EFC820FEA112B0522003C84BE03FB76623513B6D840820358B084119B0CEC8C00AE888826339A54091F5FCA513AFE147975BB1A86FC50618D9D74502F0C7C8815AA306602FEE3A5E79E0D7DED1B221001118B73182CD439A092FF801105D1AA14E1918EC28
311
2F6260869D55108065988BD67F68E5581720A708051F7C8070F582389C682BE53F2AFD85853F2A013D21564028E06E79B7A71E43212180A81541EBC88F451E02385100491AB0C4A3BC5309A95911E66D04C0B448366988ECD204C2FC930F8CEE8FA410EE4C25B58DD1B6EBAD83F6196670F7DE635282C0A56A851AB0358317
311
25F0471A10FE52097089C80495804100318405F0DFC2136004B4C40705EC9154315129205EC357930035688F61AC02188250CFA9A980233925F16A117A48CA54DAB6400221976B75D863330942E20EE3B00B08FBB71AA813B0E502FD2B023DF70114E0D7DF2E2EEEDE7B789504200112075478F2FBD6897835C91F0C207824
311
01E801A2F9142700B74805703426023A81CC0BE88B537D0003E0C5181D29EB8D83050964DD2580910A1E7A8138F76253DC01DC2F3824391AD748276C0B0CDF12366625D038603D0003E0266CB42704C8CE7FA7F11B4D59C0BF454A78F8FCF1E50513715D469607031272358F04E0003C90107223A581218F10008B10247CD2
311
0D860FF0BF48801040B361808148714764028EAC137E871501EFDD97C89B52107FF1235B0928C562530082573CE137840EFEF82A0BDC602736C595912FBEC69E6A3A26903B3A300C5A098A9E3F1810CDFFBA019D97B4E7A7A075850F2E92569BD960CA7B8304995FD006FC4213BB1448A6F4BFBB3A9F9FC4962D0A1369129B
311
10073771FEDA38B1737B663A71C088D8848027FC3008DAC4E4397A6F76271DFFFCF77D6BD7F1F67DA51E0E08875A6BAFBD6BD7AE52CC04A0B4A2206F650EC412841A48258258E8662C3838FBE21E25172C2A15A4F78D82DCF68A005DCF07047C183E1CE47731BBCCB5469D9169E0D588945BEB637E87802A03D88FB8248621
311
0D28FB3B858D13DC7CE75F5E6F3B03C1744D30CC58C7C7A256146853A05243060B850072A7010CA47CFBF9A1E24F414037B8781E8E9F219A774B36481CB43E48A79819D638C8760D672FAC19FB9D3FC5EA9158DBD0159C27860409682E8FF2595652FE189D2CC2D7C023E944158355806FC320087CC74116030CC376C559C0
311
98B93A041C5DDA48AF33827D2327DC761D19C17CC62780D82A170E6CE7415A5E7FE825E053048F88D2AC2A561CA4D4C60098DA28EF1A01382772484698F60C8DD24BF396EA76260542810A625978C03580A9CAB91D10249BE579B0377A3DD15749A45F24C4D81FF3D7D7996F6A1690288008C0FF6CC186DA9D5FC95BB09B13
311
01004B016E707FDFED306A1BE8FA208828F00BF342186839839F1F6FA338DC5A0200FF383DE92614C03A4508DA18F4D85F9354F7E867AA77A42FF49BBE6757A1A7454448D0BFC3C220714FE43A3D8F1547BE10F0BC5A05985AC3C28829A06FE24CD062700601F4AF12AF99099B08E7071DC4626A97C920C3FF96E190C9D1FD
311
7CB6163E800D79E5F3F10A9306C02B799E80F1AB380E0571A584C0370A220C3125000B500900D96FEA40409F980E2083E4EDF4D8D2480AE5667222E020BCDAD4EF19682120818FE18EC7FD6AAD67C03F7DF1955E697456F517AC4F24700C30171C67E9168B109A4F60AFA60F98BE30941BF776DBC7C70792A2FBE98AAA9722
311
4F8BEA39B47BFD14A8CD03320DA2B676E3AA397E652E30A42CE2987B7DA1EF7F75242413800A04C0270C62A13372400B435ACD84B8B5009208F5AC73EB149FFF3508E21C2201E0338BE07E50EB47E7FF6D97724A601028C5519073E7978EC88834410450E074DD58AD13A4900103A6444A9CB99103229F0EF8C0C78161EBC6
311
8137240734CDCFC349807851E0EB46CE864D2E405ED341B71A390CF2DE20CF5193189E1901E866D0230409684B193D17E2928534D04240937D3C84477494FC5E0FE0B448E35AFC19007926C1C6A6E622FDB8A12E30993C6710E070397C4B26304C0AE38218D19F01FFB15BAE1C0E7E74DF75F2406E373C414E848FF8E500EF
311
AF3C1029C9C0ADAB2313A7426CA9B2C1B9E30032C84EF31A09A88A386F136E8C2F1D582EA0459207015F10F1F001F0B1B7DF7222011EA2001F00BFD36BAEE0850928B08C077030FE3806C880EAA74BCE0863A952812E6008B3A89199C1EE918AF96AF583F1A073B0A355B9D861AF1460DCFB3BFC6B7EFDC834B09700CBED35
311
10E48DC7129041C991F06BA5006CA6B5B34EE21501374E8DFC910042036111EC9C7CFA1C05D48A7270F7F835BF04A4194DA4CF76CEC66718C84CD020D04C412AC848F03E3C61A1C8D50D0EA6838A00376054D3DF61A0E393E1F8B058A6C994093476D601A4A06F0CFD3C0A6BFA910E75CC10400A80FDA93AC9B5EA4303F6C0
311
D188B559086091CC5910137772E14F2376D03181B5CFE74C0EA38440D0AC256D6C4D104CE05302FCC00B60B9CD4D71E08BD40C144A025E60D4C1F45FE846A2105D717EEA84808A5DD90A168E133640311CF05DD870768683F5D2F1800F485AEBE5CABD8FFA3C0BEB33702493AEB551B1EB035EF5C8E5757FA7832141F88E85
311
78A363802B560007AF93D7D470B478C4D00B412D634C9140C4F9275C00DCE8DFE3C7F8C0AFBC5B2CE82E3C3BDF393D4375D50C43CD1C17E3777CD2C170725B7B42B41DF15BFC344DAD089C1E9118522B4A2C60B794E4E8F33081BB7C8CFCEEA0B2015E49D586429C6C78646180B7710E06018A3082243C275F077FBE412C17
311
DE80D3E6B9462C5204C5D980D1DF84A864401C483CD01B143F4A4868087A0F780F37230200A4FBF6AED325114C367C22512750A5C7C3E32D545CE20A0904183BA10015DCAD89864B3E1EE97EBAE8B204266A48E010511838E2FE413FB116E60880C2D8440AC3880DDA6DF6618C138CF1CB2A09637E18D00F80CB0DC05322E3
311
1EADB8081C29410903F06BFCDF5AB46024E4A75828056440503C707856EF0C037623DD4922A400E8A6BD75E4D2800905F18450A00CEE88860C8964C7B3F90F56528BA18F71CFBBBCD2D05797E168FC37DB26DBE0DD2EAEF39686C18440820013C1444055402A541400DD362A0A402F1FE51246404E098249FEE30708C10CA0
311
B54601053159480C00BAA9B1223A773234FE72FD5C3BD81804D8D196FE3D5315A0C981D88D04FA01DFC185CA93F9120E1F480B08063364A0A318F08DF95056E4C91F1150D31B011200383502E079EE43CC18603AE2F88FD139C802A739F208E88D06DC78267C448C27C4113C19B0F51B0E9C1C021CF8F9167C6B1F2E10E461
311
002910105D1042792D1CA303F469714C018C23D72179E165049C40E801CB96CF334562E5807291D1E0C70FE6CAD91656715F0E5C5E70F8D7F83290549B1BAA6F781D25180EBCA93EC84E72A74081CE3020789B3790E1A9E478E658C099BECFF01E530E80EC5FE31204ACFF70AF8177A03059240CD074978A002A878BF883FE
311
EC81DD684E406CA630ACFDE87292822A11953710F000885D6F68A67ED40CD772B0828359B753F7CE23D9479AB9845771B389D6A77130F8C134EFC83947392029B10E4425440A84AF0E54825228FC1634D369874739C837A9DDC83C20D320C36042610ECDFA750303710224D01202488012CA847424F8D53F78AB6BECE9B3B3
311
5A7F32396AC6B7444566327DBB4DF06FD9616744F4D3A397EB3B0A3FBA8D763702883ED742FE5CD24146D8E353ACCF811C806AE09914D8446E93840FF4D6C963FF32BFB6AB015D1D3B0C9A0968776F021F21404B6260CF84A14F35180CE20B5E85BDA2EC91FD5A7DBA7E5705F4F0F97AF26CE18E3BA078138202400A62930F
311
A6CC7882F911A92F33E547E64990B0F27323D73B6222863F86425153FA8009361C675554C25382CE148420C8DCC47A20122806CA178A0918C14CBD33440289078A00EC6070184CA9907FD0A1270478E0B325B67C2193694EDB7DD0F3C238447C8A11485562FB4902134E6AC952FD5320A4F7C780882DA9684285CD81D278C0
311
E8FF8DEC9F45D22DC3C2CA99C2728110888799575B6834BF22B0F01EDE72D7F21B672C40F0A972999E2200B7C91403F9BB3D09C01990819238CBAE5E7510D7D57450507E3DB04AAA0A3C280064E0775380C8C16EEA4834346A04BF0CE847B4B3AF760D06D24BBB267C32E2C9257DE5EB748AD101AF1FD33265E2B674EED8C0
311
1A0AC901392211011AC810560F77778E85B13BAFE3E25C95B70919A4862C15928BD8989664AD8638101D009A80F00BDC41AF27602A4BDA0C077E550048E7F1011410F01405045E1C140B4D0E70E0F6E034171C3D6FD12004FCC1FA304312518910356628A4A326EC9ADF5DFFD1B2C0399503F14B4F8E3E0E4E39A06ABCB56A
311
8014687E86E462BDDE5124615ECDB412B7314F62E6E0C76ADEC0F717B360E741960104CF1706CFA18E0605004B01AE007869B095ED92144A807841EFF2811C047889A04901C809062057192688C92346F97F279449F89B113500BAD282D1DA80A55C27EFFE02C8D4F395003F285B617BBF0831F49B055342DDDD414378E888
311
8E92C16789F269A27C9A221FAA4A0DFDDB9F935B2ECC04DC51481558A69301E0460B02665AC4DD30C03D480866C3409400051811876014C0F294C542821AB045011A3E3F09001FF304E3A0BED05CC11A811B865001769507FC01ADC611F400CF68C7B093606E30F3C7E0F00C1D10C31951C1E2D7252181DA00345842A19130
311
715C736EC9ECE686A712FDB31E4D3E50AB336E5666D7B212C0113C4A4406029709B43D0228F3FBAF49921B19CA0C82A2D5BC4A2079809240F37D3E10F9637607C3983F0458508A98B8B4EFC92AC13530180CF55359500080061DF59B98BB3FEACEE881DC8127F182A885A86FB12B43C590A4380504E32305E3148BBEEB2D27
311
82029765428092545BA5C2C681FC5F8E869C0EE1034A822FF09A12C94084505AA868080303473F8161F7AA0A6610745E280BE4427FB770106F8800EADABA19F453210435BDB2348471B13B65F2FCB554827632C4C44467333E4127095D22092ED492009930413251B5408345065065E415266E20279A40B3F520370BE2050C
311
8360E6BB4601C1673B9BFE007EF5200B6483CD195400A783E6DEA0653515B0FCE8E86D1618FC1EFC15C2E727F24F2A2DAB57326D8D0877D4E298894E7A0C3C7D9CE8A0E2D17AA2020FA1097D6372F2A9F955060FDD467AD0426368C24A8340FD0D6687A76316DEF5179ED9042005A2BF02A5DD810A4DEFA4A8F700EFC50FF4
311
FB8C06410F0303C106ADF8852ACC6A2CA9046E9ED070739339857222CC009E206479886EA26227BF7A341A15C351A8404A6C10080A2140FA4B4E8D9B9A11645899332363FD69887F436A660566964250FD752E787B64BCF8E6C8190DF8EA0C854C062D8A5A1346F810414313E606ECA0AC3A01D6928544029D5F42E202C0CB
311
386F880F7842A31287061F32F3CBE09F2950783394F2F2B23D85386C6F51943E99DD10C8A0000BA9569A14805693274BD0E4F4DC3F28E331EEA91C4F33ABE057889BFB92819187840A08E57A276A8BFCB75B0342668C70C565C8059996D209C2800941A21FB82B2F520BC2E6FE6F1A8827043DE17000DACC8193E78BBB8DF1
311
467978C06F6AFE986123E3A95272CAC122046F4C65C4B88FED2F1CD1D918F7CDBF8903BF1A90057D42F4DC133AF804ACBB58446A0DB78806FC053FA1E45D0AF1112613CC0DD976C5E70AD3282F42725C0D02AC8588DE451B1C01ABF063E7748A3882F0DD484BB78D037F9812240EB88B6034C0AD53E5116D4C6D920C6A89F0
311
84E6D0598AD7EB6930CC7B293E27A666E5CDFE9A3FA52FEB3C97976FDAAE9A60008FCA6B33099CF9880D35D419FC687D424378E3099441E110C5B3C6DC311E6653514A67A530D863326C4D8430E0C28024803B5B069B0E60C10EDB6DF087034171DF01F1F3404B27B1056D8C0E56E7CA6056E7798147BE4C2F01CED5987E41
311
3AC6A724876DE3F599E0601CE7B9CEF3BEB3671E12DCE8AF9631B8031D3F360B6955DC2342B2A0E4632A00264C0DA002220CFEC3E10D9BADC8904D88DC51928593AA16C91DF6FFF82B3234404C7214D0F8608E0052283EFB2B0563F1D072936C4017706010BCF1B16CDE0C1FA9C777E44E1F5259B0C9BBC8794A82A6C182A3
311
AF56B16921405351FDDC91B5BAAA617860E8D76C97C377FE701A4EB4378FA97C2C8E3CC8950886C6FD93AF70A1F5F676B7ED16CBC56AF5D09110EEB8607CC08A795882358280DDB98AFFE7087C6EB593D62F041CDB4018935238E73F1098100D0C8769818F777057F64C703C6530E142FDF5C837AE1CF66C94C4887D3A3726
311
AB990DEA248F73B5D32C8E04F6714B1E67C53FC52040252E605B322407CBF8C7F05453462A295ABF4D95592DDD76AC23512E9A2DF964715C80DD752CA8E263AC36F02C3C28A133EB22AC8D099BDEFDE28C3E8FFEE3815D5D00C17C00511058354D62443C1A546280E43572A9C661A34FA5891F8E7570608C8DF21DF51DF9D2
311
A84D4501F41B8CD4F4C9DEB2F901E810C0E4CEB6EC08DFB06341C864CF8D0EEE779A606545E1E64AAF30A4324C20FDD3BD558BD966BA994FA915CD162B1978642AD01694E533EC190368A68234657085B5F88E27A0805E04B8BB6A00A51646EE3C10A50FF007FF410F1963CA69BE2002F0F902E701AEC995FD41F83A3F0C38
311
09A3288A083003A6CC2A20E6D703EE48E3777AC07ADD51EB6101603A9FCF17B3D5928F6D742EE7E4CF38AE2B03C5FB39C81D7B2978FAFE85AF3D2710B0582C970F0FEB0E4D1103B8BE2B4D560CA10002FC8F334C891C07B44FE06B2E3ACE5E1E2D1FC32203110ABF9CA0E8381F68EC3C06701328E5A38278A5FCD944CEA528
311
3DA933DF2A2448BD23F1C5D8BE04CC2DC3B43B3EEC29F8B5FF926D11D3E97EBF7FA1BD1E5E5F5FE6D3D972F548547783146ECD84873F377C5820F7F9FCE5E07378D6CBCB7E036DF7F7104079A05B77C6942D1BA95D47424BFC3DB6411009A42E207871B7EE9B06614BBD20F22F7523FB985F3F7068E37600273A3ED0C1CCC3
311
80F6EC4AF01CC1CF95E4848B7BF950AD14C44F10460221E02D21D01DAE800F323704C00035DFE97CB37F797D3D1C0E4FBF35EE1E5E9E0E879FBF3DF6F474780A01FB3DAF01FE0C0798218007C2090A3008BA7682A338F4A8804A06CBFE6A80CEC766F49853F15B2F45FCEA3F8250012841315016E75E797EFEEC4ACA6C79F5
311
15CF1738F7C36E2406071051043817C9E8C5888D49D0332E800062FF54FA562BF7446CC0BFDFBF8603D1FEFCC9F7FFB5A7F000430755C2D3F72F2D02A022820897ABDD44594475BDCCA4A10AF34C06B08B4AB58BBFAE30999DC66C7CE903A83CF8EB006EEEAA063430F84B05F0ECF644825F5E95073870E72A0771AB89B080
311
022A0C5A9FAF34C89286257FB7BEA000EC65B59750C68E0815B0D9834B15606328F80709DE09018AC2A7817F83F96DB3D562C10A0A31300230CD4200B87F85808BAF64D04600254047F9C14DE93464009E7F5AABB4FDD6D55142A2C0BF1541FCE19C20C899BF4F76AB54B84CB97F88F48ECC029FD253F0C70DF4816B9AC94B
311
CBD653B1A283C4001A0337955E4AFED3FB790B6B1F5EA0B5514074103A38D84280EE0F5F9BE974EAB2D16AB1EA969684B6E4166CA28264B300474C7308D20013B204A65F82970718D05678B3315D442E1C0A327E2F56556040C005D2FAB1326A68A07507C9E46A3648555A7080F5F50219A00E6222E3E0862CE95B56809305
311
30742F1D041805E69B788161F015944D041182B861A2C17F3AF01CF5BFDF6C343F9171F5B004BF59C016719164B888EA206A02AD05E8464D06B48E4381A0E9345FD171625AC22198F57C003BEA5510F81FF78D31C9B033D0030000000049454E44AE426082504B03041400060808009768375C28BB58AF800100009E050000
311
3D00000043454434433730362D394238372D344639352D383538442D4437333042374442464131302F536368656D61732F436F6D6D6F6E536368656D612E786D6CBD544D4FC23018BEFB2B96DE15493C78601010A34B880709DEDFB52FD0D8B54BD70DF6EFED3AC0B12E6442E2716BFB3CEFF3D18E26FB440405EA8C2B1992
311
E1C323095052C5B8DC842437EBFB673219DF8DA659866649B798C078B48AE6410122242F2A4994AC7F93815DF85C049C8564CA0A901499DD886B2EB9B1E02448F358701A9235880C49A0119892A20C89D1B9FD768815CAD268CB5E0355B40B1E47F3E37A2020464BED06AA57CE8FCC20C3C3446D46761A2632A8C1283D0703
311
1EFF2AE7CCB1BFEEE916E406DFAC8E36FFD99A9D60A6944090EEDC3B670C7DC13DE86B6B2C5C240D6E503BB85ACD579D513F1B9F9A69DC9CC22AFA80C426D40AF0B21EA168559156B6276F0F726A6BFF04DCD513A87A62CAD41FB24FCB2858B3952E3D852084DA25B9303C15687973CC8E8AAE11DF2836C38C6A9E765E8C1B
311
A1BFB1DC29CDFE518C8B5A7655A4ED7E77291ABEB80DBD82EC866ADE1B8D05AF9E35CF09D7A061F38A986D9EC412B8F0F65E5D81534D9B231D1E5A8FE577A241F3A5FD01504B03041400060808009768375C1004A04F380500005C1700003E00000043454434433730362D394238372D344639352D383538442D4437333042
311
374442464131302F536368656D61732F47656E65726963536368656D612E786D6CED585B6FDB36147EDFAF20F41EC7F69A2005E214768278069665709ABE0A3445D9DCA80B44CA89F7EB7B0E2FBAC4B2A32643D10E33505411A9C373BEF39D1B2F3F3D27926C79A144964E82D16018109EB22C12E97A12943A3EB9083E5DFD
311
7239558AEB07B6E109BDBA7C5CDC902D959360CE535E0866DF07A7579733AAB85D5AF234E2C51DD5B081CA7A87DEE56E47E2D6689E735AD0947194500A22A249308DB6F82682A3782C52A141BD80E4E54A0A3609622A150F48C16994A57237097451C2DF462738529D3AC5FCFFB5B401988BC78824973CE1A9A628D91CB968
311
BDBAC335B9A4BB379C6ABF5D2474CD7B9F773F7F78C349F055EF13FE2CF856F0A7379CE2BEBCCE6456F8E316A9E66B5E18E4AC77BF5812F5937FDEF0F5BFE3E3C785576D96659253EB54863A87AB5D98ADFEE24C3B8E38FE48BAE2C062631799EDC8BDDD833C6E88585B9287340B23AEA990CA49B1A473421E81F856D06D91
311
25E45E6F001C4F7F85D6DECA8C6A835753A250DA50DF92F743409CBC3BFA4C6EFCE2618D302A0CEDDB264D93950002937BC66489A18D0A345DD650415124BE376A745EA9F0E016108E328D14C979C1302CD6BC0A4191B2C2C49112FFC0DB51401288D6A44C26C1B87A160AB6A11E5BD862514BE8B3DB750607BABFF6F781D6
311
A74EED6EA7AC28FB3BA68C87AC94B2138A99DB41AE7147A71F56659287340123812054CAEC8965690A74E111C5BCA7260158B0963EC50C07E38FEDDFC5C5C70AB6A915F446D44E46C321E46087E23E221E2BC0DA6EB440EE6F44E80CE5AE2E2D2F31AD7AB71B8B139AF730773909401FE0D8DC3FCCFCC3D438DC1176062076
311
C3CB4A9D953ACC72CA84867CDA0361E0910F4EF3B109A07D332211C72556825745A215835F47678059E337068E3ACB0E2EA2B507175B0818FD1082EB4D26186F85BAD33464988F1420E1B9E43D522F8452A450106B04F01362BFF1B2BF5059B60F687C9F663A54396722163C7231012E7480FE916910E6572B6D8F4A54CBF9
311
2C5CD324A163C8508058D3F16A399B13B348C6830FB5FD47257A1B8D2CF08253EE776B3A72D782D895363D96020B6C18D3C86359B3C6D45E728B4B9D716893D091E4D533045F495D2EFEF633FF5A660A520A5790765FE52E12F0AC82685E7FFA0398D65528850A132894DDE9F837B1DE48F8A74D487795A482C7122A6DAE37
311
7BDC5DC212A465ECD8B03E7E2E208EC88DD9DA89456CFBC477FB798C74389668AB1A75C820AB7568FCBE0B5F94DC9AFF0D038D9F77E49D45B8278FC7177D0DDCE732FA0BCDDB42720FA90E87115FF76375C5696F368AF83103F6A5911FFF03561EE06AD10ABE933AA9DEC398588888137017449E09C377051FCAEED1E8BC3B
311
FA9CB27DA2CFDBF533459F374FC0C4FDECCBF3E06CDC6874E0710421EEAA6CEDBFEE60EB913607436C3F5BBF713F6F42253B9A4A0FD64C08416FA986EB02254B1846D82E7CE2584EBE31E340E9A8247483F07D5B84AE3A5AE0D4C5B202EE585468BA84105B1F5EC00C16FADB133FB7399F390FCF245CBF9027A137FD26D1D6
311
51058D44D9B331A93985CAC2046CB4ED9E0314977128A42C13DB06879A273052525D16BE833B8706BD1269FA69F2B9B109BB55D30D37679986D85848B86F026CF21E74809100180B0D280C36F6015A7DFBD06AEB6F8D503BDCD7DD6DABBBEF54E1FF5EDF0E3AD53C03509B5B816FE9F51BC8026F44DAB82BA989F200C4220B
311
24166C3037854094FD46C5648D9C42F8B07E53687D824917FED3CE56F3FBA68BE3C6853FCD64F4A00BB85831B1243346654A134805AF5CF39A9DFE22C9906A6EAFE8303A5F4AC4FBE637489CB62EA59B9D529255F326CCC28ECB77F812A7D6E63DF957504B03041400060808009768375CF702076DC3010000E60400004500
311
000043454434433730362D394238372D344639352D383538442D4437333042374442464131302F536368656D61732F52656E6465724D6174657269616C536368656D612E786D6CA554CB4EC33010BCF31596EFF405481C9AA2A64851255E4A816BB438DBD4926347B15BE0EFF1236982021512B925E39D9D9D59677EF3510A
311
72C05A7325233A1D4D2841C954CE6511D1BDD99E5FD39BC5D97CA9359A0DDB61098BF9CBFA961C4044344599637D0F066B0E22C074BC98C7A0319C58A9B254B2435ED23BC2F388AECB4A6089D280B18D139496815152EDDF046711DD82D048498D902B293E236AEABD7DF74D5D839F69EE1D9F48E1F3BF448FC9E6BF144F35
311
1E38BEFF9D662D0D16587B77825FAF2195BF515C395B563BC5197A0AE68DCF363BA831CF7C7C8D7F0DA23D42898037B451BA833673DA92BC82D87F636ACFFB0CEC96F4EA30EF9A0FEAB85D91CAED89348D80E9B178DDC3ACFC71D06F2528A182138DD8672E4DC6DC57CF91467432BA985E4DBE3DB399079353607C0A5CDA0B
311
70D4E65A122FA41BAEEF6C272908D315B076451BD55EB0FF9E092E11ACF8C6B5306028F9D5F15EB95426D31532BEE5D6EC700FBA0C1E94211D7ADC8341143D429D2671564059C2EC72108B4EE3847890CC4697DDF8A708DB01FD7AD8209A41EFC2DCFD7063A504821C7869545188D6C16DF801342CCE6B276363DC8EFA4AFD
311
0E86ED0677C3B77747C7FD3FD617504B03041400060808009768375C6605C14A4F000000570000004700000043454434433730362D394238372D344639352D383538442D4437333042374442464131302F4173736574446174612F41737365745461626C654F66436F6E74656E74732E62696E536160603073343637777471
311
D135727533D235713534D37534300712A606262E16AE46A68E0686424075B98925A945998939890505A989458979C9A9404130E00592EEA97940D9E4E0E48CD4DC4400504B03041400060808009768375CC55C663656000000680000004100000043454434433730362D394238372D344639352D383538442D443733304237
311
4442464131302F4173736574446174612F53747265616D56657273696F6E5461626C655D8CBD0A80300C06F73E4B29FE6CDD8A2E82A083B8B7F209014925C9FBA3AEAEC7DD2555D896CB85E51C2A1BD834F6A1F56EC4494C4695278364ABB24ABD2146F88CCEBB89D5321FF8F3F43D672A3B44DF3CB6A1710F504B03041400
311
060808009768375C0E9E5CA6350100009E0400003600000043454434433730362D394238372D344639352D383538442D4437333042374442464131302F4173736574446174612F636E782E786D6CCD94314FC3301085FF4A648931719256802AC71582A51348540C6C57E7D25A75ECC8BE20F8F7D86D0650115387ACA7EFEE
311
9E9FFC4EAC3F7B937DA00FDAD9865545C932B4CAB5DAEE1B365297DFB36C2D85778E7E602CB3D063C3529949B1F76E1CA6528B1D8C26558DB6C7A9F81002D21676069FBB4767092D0596290321342CA803F650C048AEC5702C5A2028AAC26370A357182791EE719AA43C0261CB645DD6B77959E5F5625B2D56E572B5BC7B17
311
3C9152EC9C3313AFE332EF869BBA54E7BD4C968227408AD1EB894AAF61F22F95C54E5BC1232945201F5D993AE86B881D300C462BA0681E778A90F20821F4829F61297872E197174FD869AB53CB264A0372FE250A444F1A67E8C97F6AAFEFCDC60602AB70CE8E5C6ABCBE0FAFA75FF4768EE52937F34BCBA5C62BE4849F4E49
311
8C4DBA2CF21B504B03041400060808009768375C82EDFCFBE7000000600100006700000043454434433730362D394238372D344639352D383538442D4437333042374442464131302F5265736F75726365732F36413337374144442D324546322D344531362D413037362D4135303444384532354130312F7468756D626E61
311
696C2F302F636E782E786D6C4D90C16EC4200C447F2542EA318164576D5539EC4FF4D44B458937454B300253B57F5F6839EC69ACF193E519B87C1F7EF8C2941D8555CC931203064B9B0BFB2A0A5FC767315C342422BEC3C410CC81AB68B6D0B0272AB15B1B5E4DF1CDF52EDCBAB963C0E4EC7B0CBB18AC3739AF22DB4F3CCC
311
640AD386F9366D86CD344F09339564B11E6077603F60131AC64DE8452D8FA39AC7E5F43A9F5ED4F9E5FCF406B2911A3E887CE75D604C141F1665A98EA1FEA34036404349AE532D84D077CF81AC4B0D9953CDDF21FE891532317A670DD79A2459461E2B84E600F90F6B902D6F95BF32AAB66EF42F504B030414000608080097
311
68375CA233C2345D000000800000006500000043454434433730362D394238372D344639352D383538442D4437333042374442464131302F5265736F75726365732F36413337374144442D324546322D344531362D413037362D4135303444384532354130312F7468756D626E61696C2F636E782E786D6C4D8B490E802010
311
04BF42E6EE76F3C0F216234B883063108CCF170C074F95AE5473F5C4C06E932E4F28601967600677D21E9D8092EDB002539227A2FCCB80E1168D80A6417297A89C5D6963B7129A0D1E8F2EE73AA7B62BBEB8B27DE50B504B03041400060808009768375CBE89762363000000880000005B00000043454434433730362D3942
311
38372D344639352D383538442D4437333042374442464131302F5265736F75726365732F36413337374144442D324546322D344531362D413037362D4135303444384532354130312F636E782E786D6C4DCC3B0E80201004D0AB90EDFD75167CCE820A4A845D83603CBE602CAC26799919AEEEE0D965E2E908050C6D0FCCE0
311
4C8BC355404EB6198129C92351FAD580A10E464065907C8D948F8F166375F655BDC3FDC3B4E530A176BE7057BDC43B2A593FE403504B03041400060808009768375C36831F697E000000A30000003600000043454434433730362D394238372D344639352D383538442D4437333042374442464131302F5265736F75726365
311
732F636E782E786D6C4D8C410E83201444AF42FE9E16A98A0BC09040EF612A1A520443A5E9F10B8D8B6EE6252F33C3C7CFE6D1DBA6978B41407321806C78C4D98555403E163C001A254F311E7F354061DAAC80AA41F235C5BC9F6AB6CB947DB5DE85E7297B75634C698DA9B953DC9AA6C78AB0121D69F56068A7485316D73A
311
29F8FD15D67BF905504B03041400060808009768375C996435EC0C010000550300003400000043454434433730362D394238372D344639352D383538442D4437333042374442464131302F536368656D61732F636E782E786D6CCD93CD4E032114855F6542E2728099366A1A862E5CB872A3AEDC21DCB6A4C09DF063F4ED85
311
3A8B3671A78BEEE0E4CBCD3907AED87E7AD77D404C16C34406CA490741A3B1613F919277FD3DE9B65244C47C86912E280F13693291621FB1CC8B6460A78A6BAAB3E1B8880FE83D86177D00AF48A79D4A6922E974A5AA6434908ED4A8ACE84023242C51439D90AD8765828EA0321822473EDEF67CE8C7D5EBB0DAF0F5667DF7
311
265823A57847740B6F438688F3CDC835D663A886B8600D90A244BB502D0591E7EE68ED43B04A489172AC2D2C64FE9A2BA9E6D959AD722D8B9DC01F460AD6C25E447E8400D1EA6BCD7C61EFDF423F4330109FEA4B45ABDCB566FFCDE5DF2A60A70DA8DFA02D84FC06504B03041400060808009768375CE3603EBE7A000000C2
311
0000002C00000043454434433730362D394238372D344639352D383538442D4437333042374442464131302F636E782E786D6C6DCD410EC2201085E1AB90D9DBEACE05D09878023D01A1D34A8419C380F1F82DA68B9AB8FDFEC93C3D7C52546FCC12980C9CBA232824CF63A0D9402DD3E10C6AB03A3397DD192872090D3406
311
ABE7CCF5B5D18893ABB1690CF4DCF02282E5EA8A5BB96FFE536F285CB347F95BEFFE81C9ED5AFF9D5B1FB575BB00504B03041400060808009768375C2A6702C97E000000A300000007000000636E782E786D6C4D8CD10E822018465F85FDF7142E0DDC001792EFE1121D13A191B41E3F685E74F56D67DF39BCFB6C0EBD4D7C
311
D9E005542702C8F84798AC5F04A47DC60C5027790C61FFBB01F2E36604140C922F31A4E78126338FC915EAAC5F0FD8DF75DD5372C5AD6214D743DB60D6308D35BD1045B51A6E15C9C6B928797EBDBC252FBF504B03041400060808009768375C1E7A0675A400000032010000130000005B436F6E74656E745F54797065735D
311
2E786D6C95904B0EC2300C44AF1279DFBAB0400835ED02B8011708C16D239A8F121795DB93D22D20B1B467DE8CE5BA9DED281E1493F14EC2A6AC4090D3FE665C2F61E2AED883689BFAF20C9444F6BA2461600E07C4A407B22A953E90CB4AE7A3559CC7D86350FAAE7AC26D55ED507BC7E4B8E025039AFA449D9A4616E739AF
311
D7DE8C8338AEBEA54A820A61345A713E0B17153F7257E37E705E3371913892B25F02FEA0F1FD83E605504B03041400060808009768375C3DEE336E64000000790000001B0000006175746F6465736B2D64657369676E2D7061636B6167652E786D6C35CBC10E83200C00D05F21DCA56CA76D41FC96062B120735B69A7DBE26
311
8BB7777961F8D5AF396893C2ADB70FE7ADA196782C2DF776D7A97B5933C430F15651E5469C55D70F80A4992A3ADC954792C525AE70A1E4D6AD9816CC044FEFDF01FE3FDE907802504B03041400060808009768375C6C93BFC7F7000000960100003700000043454434433730362D394238372D344639352D383538442D4437
311
333042374442464131302F4173736574446174612F636F72652E786D6C8550CB6EC32010FC158B3B36C6D4850813B9EE27F4D41B02E2A2C460F1A8FAF985C495DA534FBB9A9D9DDD197EFEDA6ECDA709D17A3781BE45A0314E796DDD3A819C2E9082E62C78F03EFDA281C6C9CD4CA0C240F035F8BC1F90F22E195751E7B539
311
4019A349A051B7D24C20AA0FB3C956E65418F1DAEE525DE56ADABE7DF004CFD9EA63D5EAA2662FD60420FA85D12786311C468A20A10B81942D18CE3319C90BA333438C777559F064B79FEB2A18998C0602233C42D4433CBCF5C3099113797EE75D650A1E53289E8FA3D51D1073FDFA5526C9BBC7F48F6ADEF5FFAAD9BA34E0
311
43F5B1118B8FF2E47D207857532AE51E61A93551F10D504B03041400060808009768375CA5B34BCAF10000008E0100006800000043454434433730362D394238372D344639352D383538442D4437333042374442464131302F5265736F75726365732F36413337374144442D324546322D344531362D413037362D41353034
311
44384532354130312F7468756D626E61696C2F302F636F72652E786D6C8550CB6EC32010FC158B3B36C6D4850813B9FE859E7A43401294182C1E553FBF10BB527BEA6957B333B3BBC3CF5FEBA3F934215AEF26D0B70834C629AFADBB4E20A70BA4A0390B1EBC4FBF68A071723513A83010FC1A7CDE0E4879978CABA8F3DA1C
311
A08CD124D0A847692610D5CDACB295391546BCB79B547779356DDFEE3CC173B6FA905A5DDCECC59A0044BF30FAC23086C3481124742190B205C37926237963746688F1AE8A054F76FDD9AE8291C9682030C223443DC4C37B3F9C103991D70FDE55A6E03185F2F3B1B47E0704E2DD8EFE71CB9BFEDF2D5B97067CB8ED8A58EE
311
2FC73D078277359D529ED1955A9314DF504B03041400060808009768375C0C5D8EC5F7000000960100006600000043454434433730362D394238372D344639352D383538442D4437333042374442464131302F5265736F75726365732F36413337374144442D324546322D344531362D413037362D41353034443845323541
311
30312F7468756D626E61696C2F636F72652E786D6C85504B6EC32014BC8AC51E1B639AE20813B9BE4257DD51200E8A0D169FA8C72FC4AED4AEBA7A68DECC3C66D8E56B5DAA87F6C1383B80B646A0D2563A65EC3C8014AF9082EAC299772EFEA281CA8A550FA0C080B3D9BBB41D9074366A5B50EB943E4011828EA0924B7E0C
311
20C89B5E452D52CC8C70AF3721EF62D6755BEF3CCE5232EA901A95DDCCD5680F783BF5F4A5C71876278A20A11381B49F301C4772226F3D1D7BD4B3A688398B66FDB92EBD16512BC031C227885A88BBF7B63B237226AF1FAC294CCE42F439F371B4A4033CDED2FA69855958B36FFFB8A64DFDEF9A8C8D1D3E5C7745C839F227
311
9F0BCE9AD2521ECF0AF32C8DF26F504B03041400060808009768375CAECEF7E20C010000B10100005C00000043454434433730362D394238372D344639352D383538442D4437333042374442464131302F5265736F75726365732F36413337374144442D324546322D344531362D413037362D413530344438453235413031
311
2F636F72652E786D6C8550C16EC32014FB95883B09109A908A50B1B4FB829D764309CD501B88024CFBFC419B49DB69171E32F633363F7D2DF7E2536FDE38DB035C2250683BBAC9D8B907315C2103C549F0CDB9F08B060AAB16DD830C03C1E7CDC57587466783B619B56ED23BA8BCD70114E33D5D7AE0C70FBDA852C59018FE
311
56AE6ABCA95997B87CF2048FD14CBBD44C699BB91ABD0181878E1D3A4260DD3004291B2864DD40A094B4A12F1D931DEA7895C58207B3FCB88F9B56414F4010441A883024F51BAE8F881E69FBCEABCC14DC872D65DE4D733A201A59B7AD3C9F21B9BC12482FB88112B5E938207A6617729008F3EA29FC6318D7E97FC3686CA8
311
C96EF854F81431FDFFF12078950B4CE3D16E9AB96CF10D504B03041400060808009768375CF8CFD89AF7000000960100003700000043454434433730362D394238372D344639352D383538442D4437333042374442464131302F5265736F75726365732F636F72652E786D6C8550CB6EC32010FC158B3B7E60EA9A0813B9FE
311
83AAA7DE106C5C94182C1E553FBF90B8527BEA69D1ECCC2C33FCFCB5DDAA4FF0C1383BA1AE6E510556396DEC3AA1142F7844D55970EF5CFC454395951B4CA8C048F0D5BBB41F907236822DA8751A0E5086001155EA961F130AEA033659CB1433235CEB5DAAAB5CA1EEEA074FF0948C3EA44667377331E091E816363E314270
311
3F8C2DA6E342F1C81682E7990EF4858D336B196F8A58F068B69FEBCA838CA091202D1970DB61D2BF75FDA9A527FAFCCE9BC2143C449F331F474B3A245E21B8E41504DE3CB67F5CD3AEFF774DC6C69E1CAE0F45C839F227EF0BC19BD2521EF70AF32C8D8A6F504B03041400060808009768375C62663431F500000094010000
311
3500000043454434433730362D394238372D344639352D383538442D4437333042374442464131302F536368656D61732F636F72652E786D6C85504D6F852010FC2B863B8A482DBE202FD69FD09E7A23C0B3E43DC1F0D1F4E717D426EDA9A7DDCCCECEEE0CBB7EAD8FEA53FB609C1D415B2350692B9D327619418A37484175
311
E5CC3B177FD14065C5AA475060C0D9E25DDA4E483A1BB52DA8754A9FA008414750C9476E4610E4875E452D52CC8C70AF3721EF62D1755B1F3CCE5232EA5C352AAB999BD11EF0761EE8D38031EC7A8A20A133817498319C26D29397814E031A585396398B66FDB92EBD16512BC031C23D442DC4DD5BDB5D10B990E777D61426
311
6721FAECF93C5ADC01FEBAFF195873CCFE68A64DFDAF998C8D1D3E358F8D905DE417F701674DC928973DC05C4B9EFC1B504B03041400060808009768375CE1A56C0304010000D80100002D00000043454434433730362D394238372D344639352D383538442D4437333042374442464131302F636F72652E786D6C95914D6E
311
C3201085AF62CD1E1BFF2476224C54C7CD09BAEA8E9A898B128365A0EAF10BB5ABB6BB76057A7C6F8637C34EEFD33D79C3C52AA35BC8530A09EAC148A5C716BCBB92069213678B31EE0706891613B61065E06C5C8C9F376930DAA18EAA36123751588B0E92E11E2E2DD8E11527910AEF02616FE92C869B1831CDD395E3CCA9
311
E9CB3A2C281C4AE0052DF684E6A4289FF2F248AB63553FB32C929C79A55D596CCD707A419998D98548C07725CBD6E78079253748C9F0497555B8003F3FF6D5B9A67B72E89A9A5497C38E34BBA6277D5DD2AEEEBBCB434E439160E6CCBA258C662B1287F057FB6AFC15CDCFF29FD15687059E7F87CAE29C39CB3E9710CEB813
311
FE01504B03041400060808009768375CC84E1F7605010000B201000008000000636F72652E786D6C8D50C16E842014FC15F2EE2822B5BA4136D65FE8A9372AAC25AB600037EDDF17766DD2DE7A7A6466DE9B61F8F9735DD04DFB609CEDA12A08206D27A78C9D7BD8E305B780CE827BE7E22F19202B57DD438641F0D9BB7D3B
311
A0C9D9A86D46AD53FA0065083A029A96F4E8214C1F7A9585DC6352846BB1C9E92A675D54C543277834EBCFEAE4B58C5A81A08436985498D6AF557D22ECC49EDF78999582EFBB51879551C9DD5C8CF620AAB16B9F3A4A71DDB404B37664B8ED468A878135ECA56B878E74BCCCCB8287E8D39F8F2329674441DEB22F2F1F94E0
311
EFCE2D87208552C8D9E50B04E16526FE84DE37F58FD0C6C69A1E071F1B21654E81EE4432CE0DA671AF37CDDCB6F806504B010214001400060808009768375C9B4450623B010000A80100004F000000000000000000000000000000000043454434433730362D394238372D344639352D383538442D44373330423744424641
311
31302F4173736574446174612F446566696E6974696F6E4974657261746F7250726F706572746965732E62696E504B010214001400060808009768375C2E008896F2000000300200004500000000000000000000000000A801000043454434433730362D394238372D344639352D383538442D443733304237444246413130
311
2F4173736574446174612F496E7374616E636550726F706572746965732E62696E504B010214001400060808009768375CB5A795FFE3790000DE7900006B00000000000000000000000000FD02000043454434433730362D394238372D344639352D383538442D4437333042374442464131302F5265736F75726365732F36
311
413337374144442D324546322D344531362D413037362D4135303444384532354130312F7468756D626E61696C2F302F67656E657269635F706E67504B010214001400060808009768375C28BB58AF800100009E0500003D00000000000000000000000000697D000043454434433730362D394238372D344639352D383538
311
442D4437333042374442464131302F536368656D61732F436F6D6D6F6E536368656D612E786D6C504B010214001400060808009768375C1004A04F380500005C1700003E00000000000000000000000000447F000043454434433730362D394238372D344639352D383538442D4437333042374442464131302F536368656D
311
61732F47656E65726963536368656D612E786D6C504B010214001400060808009768375CF702076DC3010000E60400004500000000000000000000000000D884000043454434433730362D394238372D344639352D383538442D4437333042374442464131302F536368656D61732F52656E6465724D6174657269616C5363
311
68656D612E786D6C504B010214001400060808009768375C6605C14A4F000000570000004700000000000000000000000000FE86000043454434433730362D394238372D344639352D383538442D4437333042374442464131302F4173736574446174612F41737365745461626C654F66436F6E74656E74732E62696E504B
311
010214001400060808009768375CC55C663656000000680000004100000000000000000000000000B287000043454434433730362D394238372D344639352D383538442D4437333042374442464131302F4173736574446174612F53747265616D56657273696F6E5461626C65504B010214001400060808009768375C0E9E
311
5CA6350100009E04000036000000000000000000000000006788000043454434433730362D394238372D344639352D383538442D4437333042374442464131302F4173736574446174612F636E782E786D6C504B010214001400060808009768375C82EDFCFBE7000000600100006700000000000000000000000000F08900
311
0043454434433730362D394238372D344639352D383538442D4437333042374442464131302F5265736F75726365732F36413337374144442D324546322D344531362D413037362D4135303444384532354130312F7468756D626E61696C2F302F636E782E786D6C504B010214001400060808009768375CA233C2345D0000
311
008000000065000000000000000000000000005C8B000043454434433730362D394238372D344639352D383538442D4437333042374442464131302F5265736F75726365732F36413337374144442D324546322D344531362D413037362D4135303444384532354130312F7468756D626E61696C2F636E782E786D6C504B01
311
0214001400060808009768375CBE89762363000000880000005B000000000000000000000000003C8C000043454434433730362D394238372D344639352D383538442D4437333042374442464131302F5265736F75726365732F36413337374144442D324546322D344531362D413037362D4135303444384532354130312F
311
636E782E786D6C504B010214001400060808009768375C36831F697E000000A30000003600000000000000000000000000188D000043454434433730362D394238372D344639352D383538442D4437333042374442464131302F5265736F75726365732F636E782E786D6C504B010214001400060808009768375C996435EC
311
0C010000550300003400000000000000000000000000EA8D000043454434433730362D394238372D344639352D383538442D4437333042374442464131302F536368656D61732F636E782E786D6C504B010214001400060808009768375CE3603EBE7A000000C20000002C00000000000000000000000000488F0000434544
311
34433730362D394238372D344639352D383538442D4437333042374442464131302F636E782E786D6C504B010214001400060808009768375C2A6702C97E000000A300000007000000000000000000000000000C900000636E782E786D6C504B010214001400060808009768375C1E7A0675A4000000320100001300000000
311
000000000000000000AF9000005B436F6E74656E745F54797065735D2E786D6C504B010214001400060808009768375C3DEE336E64000000790000001B00000000000000000000000000849100006175746F6465736B2D64657369676E2D7061636B6167652E786D6C504B010214001400060808009768375C6C93BFC7F700
311
00009601000037000000000000000000000000002192000043454434433730362D394238372D344639352D383538442D4437333042374442464131302F4173736574446174612F636F72652E786D6C504B010214001400060808009768375CA5B34BCAF10000008E01000068000000000000000000000000006D9300004345
311
4434433730362D394238372D344639352D383538442D4437333042374442464131302F5265736F75726365732F36413337374144442D324546322D344531362D413037362D4135303444384532354130312F7468756D626E61696C2F302F636F72652E786D6C504B010214001400060808009768375C0C5D8EC5F700000096
311
0100006600000000000000000000000000E494000043454434433730362D394238372D344639352D383538442D4437333042374442464131302F5265736F75726365732F36413337374144442D324546322D344531362D413037362D4135303444384532354130312F7468756D626E61696C2F636F72652E786D6C504B0102
311
14001400060808009768375CAECEF7E20C010000B10100005C000000000000000000000000005F96000043454434433730362D394238372D344639352D383538442D4437333042374442464131302F5265736F75726365732F36413337374144442D324546322D344531362D413037362D4135303444384532354130312F63
311
6F72652E786D6C504B010214001400060808009768375CF8CFD89AF7000000960100003700000000000000000000000000E597000043454434433730362D394238372D344639352D383538442D4437333042374442464131302F5265736F75726365732F636F72652E786D6C504B010214001400060808009768375C626634
311
31F50000009401000035000000000000000000000000003199000043454434433730362D394238372D344639352D383538442D4437333042374442464131302F536368656D61732F636F72652E786D6C504B010214001400060808009768375CE1A56C0304010000D80100002D00000000000000000000000000799A000043
311
454434433730362D394238372D344639352D383538442D4437333042374442464131302F636F72652E786D6C504B010214001400060808009768375CC84E1F7605010000B20100000800000000000000000000000000C89B0000636F72652E786D6C504B0506000000001A001A001D0B0000F39C00000000
310
504B03041400060808009768375C000000000000000000000000370000006662782F35423632384338302D334433422D343332342D423935312D3336303245354330304131352F617474726962757465732E62696E504B03041400060808009768375C000000000000000000000000350000006662782F3542363238433830
310
2D334433422D343332342D423935312D3336303245354330304131352F76657274696365732E62696E504B03041400060808009768375CF270F1330600000004000000360000006662782F35423632384338302D334433422D343332342D423935312D3336303245354330304131352F747269616E676C65732E62696E6366
310
60600000504B03041400060808009768375CB5A795FFE3790000DE790000420000006662782F35423632384338302D334433422D343332342D423935312D3336303245354330304131352F7265736F75726365732F322F305F67656E657269632E706E6701DE79218689504E470D0A1A0A0000000D49484452000001000000
310
010008030000006BAC58540000000467414D410000B18F0BFC6105000000017352474200AECE1CE900000192504C5445818181B3B3B35A5A5A4848486060605C5C5C6464648383835E5E5E6262624E4E4EAFAFAF4A4A4AB5B5B54C4C4CB1B1B1858585B7B7B7585858ADADAD7C7C7C464646787878ABABAB747474A7A7A768
310
6868707070B9B9B96E6E6E6A6A6A8B8B8B666666545454565656A5A5A5505050A1A1A1BBBBBB8F8F8F9F9F9F4242425252527676764040403E3E3E9B9B9B7A7A7A8989897E7E7E9393939797974444448787873C3C3C727272BDBDBD3A3A3A6C6C6CA9A9A9A3A3A32020209D9D9DBFBFBF8D8D8D9595959191912626269999
310
992222222424241E1E1EC1C1C1282828C3C3C32C2C2C2A2A2A2E2E2E303030C5C5C53232321C1C1C363636383838343434C7C7C71A1A1A0E0E0E121212484A484C4E4C1616160A0A0A4A4C4A787A781414147C7E7C9193915E605E464846838583878987B1B3B18587856668665A5C5A626462818381A7A7A5A3A3A1B1B1AF
310
ADAFAD7072705C5E5C9D9D9BABADAB7E817EB7B9B7585A58BBBDBB4C4C4A8D8F8D747674B5B5B3B7B7B59FA19F606260ABABA9A5A5A39B9B99A9A9A78F8F8D6C6C6AC7C7C5451AD12700002000494441547801DCBD89771BD7B5A70B8EE04C702641712605CE034890E220088028C93245451215B713AF388E7DFD9EEDB8DD
310
CE6ABFF4B57D97137BE50FEFEFDBA74049B6AEED74869B7E87404D2814EBB7F76F0F67A8835CEEBFA0E42B854AA5B2BB5B6BCC951A8D52A93657A914FE0BEEE39FFE2FF395B9B9C6CAD2D4C4606F4B7FFF8D1B37EEDCB97587F7CD9B4343BD134BABE7DB48E3FFA7A228ECD6F6574E4786C0FC8B5FFCE2CD5FFCE297BF7CF3
310
CD5FFC92B52FFE58BFF9E69B776E0EF5F79E55CBBBF9FC3F5D3DFFB07F5898ABAF7CDA3B74E74EC0CE20230561BF096E97E05712BFFCC59BC80539DCE83DDD6E54FE61B7747DE17FB8980BBBFB2BBD4337DF487881AAE6C5ACC6AF25207877B2B527BFF1CB3B77FA47561ABBD7F7FA7FE146A5B6BD74E3164C7F51449AE95D
310
B412200EC539418717E7F2F11B376FF62E95FEAF1442BED0581DBCA1BD2780D23F506AFA16E1A7AD974EF17876F00DD7BCB187A1A97AE51FCED5BF2BC1F2BBE5B3C19BE27B43CF26DE00933658FE129B109C2FFF922CC22C4260FA01BEFB462A77DEBC35F42F600C3F5B0795D2E9E02DAD5E650B4438A92801B65C35CBAB7B
310
1EE5041CE69D3B6F1822DFB873EBD6AD3B6FBC71EBC6C86AE967DFC2DFA4CEBFF1BF54F6276EBC114E2F43FEC60B01A0D440A868B2920E5C4BC10D60931ADCB871F3268B21D3851B08E1D6AD9BFD4BF57F7577909FAB86F29B982571136AF01DF5FE32AC3BD9406CAAF2440A54CF176EDD01FBADA1FEFEFE21FE4C9858DFF4
310
183458A9FD2B6708A5A5A137E0EE1D11A9EC0C7C58B2C73C0AD6B479BD76B7790CF899E287FA5B06FB7B07C9195B7851FA8794031EF1FC5F9406BBFB23375420286399B631E93B08022A785C4DBF9996EC3551874094D71B6F487E80F6837E50F483BDBDBD83232323AC420A18C68DA196EDDADF68A77F938F78FD972BABBD
310
B7B87FB164AC6FC2CB760365821ACB74AED44FFAD7E7431ECD7E08AC421F391D199998989A383D9D98E8E56F84A318C58D9BFD2DAB73FF5222C8EFAEF4DE7AF30D756E5108683DA471E70D0502099A7240F19E4089D3FD203E620F1B47BF43501E85031AE44B4B9F2E4D2D9D4D51D8970983FA861B3706FF950CA170DE82F6
310
B312CC4F42C8966295F7D725ED29882415DC055F36DEA1FE96FEC141493F05FAA9A9A5A595B333DED5B3D5A533F62183323032F46EFF13EA0AAFA5FBF7C8976F8C10F7280A014832593B90004D52341980D907EAEB73411EB2F1EBC9F507F92746C40E7AE0AFAE54292BAB2BAB67CAE0746264A277B06508168C94BF772BE9
310
765F7BF0B548FE1E07F3B5A521340A5CB5297C4B12811B89E82191ECF3E41B3259C529F135E23CF4C7F961FB13537F5A02ECCAEA76B5BA5D3D3FDF3F2FEFEFB3AA22053E5008833428DC6C59FA2F770595F311F235D427F379BB8A121BD901B96076A388DC4C3C61C7933CCCD770FF375A6E0CE9F535FE2534BF5ADD3E3FAF
310
D71BF57AA951B6D4CFEBFB8864758A26154430080B06ABFF557610ECC93726224F155D1471041E0D42F82F4891C926C1355B0831649FF365F46FF05300A7A790BD8ADEEB0D4AA9569A9BDBADCCD56AA55AE377F5F3F3EA2A34983A1DE91D810543138D7F28E57FF4E2B5335A3928B76EA1CB9B00BF158C8F63A2E788826896
310
D0B5E7C461949ECE089144F8EBEFC7FB4D8C9C4E9DAD60F7FBE572B416C2F2423ECF8B86C439E450DA970634ACFDA977629098D0B2FAF313A36B3869E37AF7853378CDA1171FBEBA95DF1E44FD5144A420588641B0055A79ED91CC0DC41E27064512FB33F1F04D09D0D2DF0203A646A6CECE80DF28356A348CED8C4F1EF137
310
B9319E1BCD29867CA556AA97F7B757567006A447FD375A26CAAFDED9CFDCFB2BB0BEEE8AA5911BC2C7F85DF88A3775389990AA72219D582409210F85A4E66F2987D875C30848023088FDF77E87F96FD7CBA5B9DCCEF4F4C9FC7C676777577B7B7B67E7ECCCE4E8DEE85E81A6D55AA3BC7FBEB242589CE8ED4770E785D7DDE2
310
3FF2587EBF57F50B9E820527316488E5C32D50F979BCA58207297E2B6D658702FFCD211840FE43FC9F3A5BAD9E97E6F21B9FCF16BBBB3A3A5A175B5B1787875B5B3B86DFEFFC687A72674F19D46A8DFDF3EACA59E405375ACE76FFA922C817CE86A89BDD92F400F2C55B7462F610459837D3A61ACF50C7471C8F2F2A9D38C3
310
DA2F068007F80EFCDBFBE5DCC674B1D83EBCBEB8BCBCBC3ED0D3D333D0B3DE33BCBEB0D8DA35FBF9F8CECE68AE020BCE61C112A4C1138CD47F9AD13F7DC6AB9CF9CFCFAF9D0E01FFE6CD503F5B91C5218E2899CA15098714848B04FCE5654884ABF0E554F11F6C21D73D5D5AADD64B7B9327DDAD8B0B7D7D6D6D07070763BC
310
0F3E38E8EB4310EBEB8BC3DDB347E3E37B5842B97C4E44A0C630427E5CFDFB71E03F471E12CA9FF70E055AE141042DD81234B879EB4606361D9328149037D7D76A571A7E974FA20AD0323832713AB5BA7ABE3B3E3D3FBC30307070B0B9B645D93C3CDC3CDCA41CFC6AAC2D64D0D579B4B1B397A7C1BDBEBD7D36657A3CD4B2
310
F44F4909F2B9CA597F4245C59DEC354316F0587020D0C661742BC02869435FD12CF195C422DB3C5A3E2305C000CE6B7B27ED8B7D63079B5B5B878787C787C7C7C757C76C51B60ED60EDAFA06D67B965B3B672677080BB5329E60E9B477847AE2E9EB53E35779FD37EFCD2D0DDD68AA355B6B0D81860502B8B68C801F5C697E
310
9AD62F4B406244CB975560BAC756AAA577675B07C6D03778C17E7C95CAF1B3ABABE3E3ADADE3CDB1B1B6B681014470343EBA979F8B90383545727C63E43549D14FD0F927E5F1FDEFD7263058FE02EBCD1BDCBCA053496BD58E69BC44F9F854D4D979AE9ADB908824382AC1D4014E9756EAF9CE85B6B54DB01F02F8EA5908E0
310
D9D5F1B3E72188C3C3AB67879B07C8A0A767B8B831FE5E7EB754DEAE5261460243FFF07858D8EF0D658BDC563A2C5EF5833C13C90B69248C4DD97842B61DFA7F210A2F6108A0F96B62E2D3B3F3DD939EA47E30ABF5AB2B903F4BE5F9B36757CF65021E616DAC6F60A1FB647274B4B05B2E5341B082D43278F67D8DFDA48AFF
310
9A13F22B34C7586C9992BA6E66CABC190E313E7C811AA57304B421A75B289B9D174CC868C24548823E230B9A5A2DCD2CAFE1F98E61C015CA7E96B083FC59F3ED06EE60F360B3AD6F79787ED278D0A86FAFE00BA9220EAEFE1D5DE1F7855939C3FCC1332426B377F692406E022C010DB437EF009803F0DCFD3B7C94440571D8
310
F2C328F115F47FD324802070BAB43FBA80EFDB92FCA1F7E7CF9FA875CBB327CF9EB08C4DE4815BC4210E2CB7CF1CEDECEDCED5B757490968286899FAF95583BF46F9393CEE6A86D6F618CAAD9BFF0BE22B042412C5CFB50556815CC5BBE33E9F61ECEC26A9BCB8145FD10590078F9C9E953B513FAE1FE387FAC246E14F9E3C
310
E7F5F8194BD6594140876B6B84C5D6799C61A16434201E5237582AFD75C07EEED9863F463284E2E13425A036BD41061259289B6BDC1ED656FC8B8592C9D00701E27CEA749F0D8EF44EAD8C1F80FFF8F8F9D513191F6803384C800097F24069C407CFAE88136B7DCB3D5D4A60B711F19070D83235F77331FD35E71596688903
310
8E2E0B346EAB7936C4162043E1A1F144093695443A570144898BC4079CEF1912809A3035A1D3F361235F90FFF1E3E0FB93C7E2750719F88E7D8E68123883ADB5B18185AE99F1D11C1238A792DC4BEDE8EC6FF503DF377E0445F68FAF4E08D43082D02170F30131A154206CC559A8D9CFDD762B31273E4947A581E0D9BB71E3
310
3FFA07CD02CE2A6BE1EC80167497F2A81CFA3F7EFE58D0CF5D5D170DE4F89070B0BC4040CC17BEAC6B0586C3D3FF0309BC06F44B04A1E13729929B4DF73C44070692C810B08AC3012E8EE9EAE22067796288C193B2139B970B86F47FAD0F98382B1E035D9C32FD318A4FAFCB274F2E1FA772F94411B0CD42493C23393A685B
310
5FEF3E1ACF554AF5F3552A478383374E6B2FDDFC4F6DFE38F4F4ED7A7FE838F488EA852482F412D3CB07E293D02C9F074F12E84C5AAC423271450572A385449844706475FD38DC3C22486A0639E5F1E38B0CFE93CB4B25910EF309A2224BD8DAD40C682C28341AD69047E8539A6AFC14EC573F7FAD10AE0FE6EB13E87B28E0
310
93B513B5803514DE408809BC12A14876DE0A25F643009E9176D9F0C330164285A7444DC8CAF0E9FE41429EE0A2F6A6DE91C0856C501272404A8468822E24C807030B1D33D40D4AFBDBABB411D093D88C86D7205E05FC57EDD1F805FA4CED5920F0CED39157E007CE21757C5DE440ECBCB46CD283E378029B43FB077B4F47E6
310
0E9F61E8D01BE017D7E843EB49F50A2028F1E442FCC90C9EE308E4C0C2C94EAE30B75FAD3A0EAFA57FE9EF960F14BE15638840EAF3BA490BB6850EDB38EECAFD21A0C746D0C4234DBD035EFC7EDD121FA585FAB73DB89FE6A03CF833AB0730E5E2F1A36CE3F202A128934B44E396961121E1F2C9F32BFCC0C140CFE22C1CA8
310
E109B182919696BFB98120234F61B59F7BF46EC30CF067B21A33B0FB3E402448EE266CCD93135A8E823DB31F85E677434E608F53F8100BC0098EA2FD6BC01770E0F2F2D1E5452A711C4BB8486248FAD756D852026B6DC90A2AA5C6B69E9068B8F27AFABFFEE8AB36F1D23985D5960014FD711940800B560250D2272CC54FF1
310
D3A660B275AC3881E349689C1616E1E9044129D032313509DE4700BC867C71F128C400159407C761022BA8A040F40A244788808C60B3AD67A17576279F6F946923191921B0545FC2F12AC0EFEFBD7262B6935679FC7F80629160ABFAEC88E8430E76D82A8DE62ACE50BD4A42FBF03B387B37FD321B37E31C3F063D99703F51
310
60E6C9E5A300CF32A91E0A085A29C0FC507F6C21012303C6104B82C1F1E156DB3229D1A855A32A8352C9077AF733A0AFE0FB3EF81FDF2F0F82C21B0EB06998866878B103305E31EC17F4FD43831E570A2118D1667632D4FFFFB125782F96168A833DBE78C3F11F8383A79D49F58F1E3DBC780417AE6581381E8610604888E2
310
913E12492881274822C221AD04CB0B1D273B8542837460898C686864FF6F801E8269F40AD0481DFAF5E6E9C1F3BE391C325004DF0746A4E4448F7B52C0D5EAD39EC46896B888C4210D68E99DFA2820DF7FF850EC407EB55C3EBC5028611409BFCB8889C90F1C52355AEF98B18100094C9D0EF6F64FD47E5CBF3FF5293DDFB4
310
B50DDD54F351446FA1F14580DC3902C085F593CB24ACC917B213BBC11B3F0A61042FD8B24F4FB9C4556D0CB9E1A880DE89934CE9607F18F81FDD950DD0E1D143F41D56110E227C250621FF098838042BC85B5B6BCBCBC31DD37B34966E9FFD9936A2FEFEA9EBA4182E5CD3E17AE35501FCE0707E5525A7DBC64DFD077825BE
310
37CE0BBE1BBEC061410C660B6E49912665E2B3749C7C9F93834022F74CDE6CA5EB501D9CBC04B768292C5CCB84478F3CA83074092C6082169015E5800D5839DC6C1B58EFE83ECA513BDE3EFB8EF1242D2D4B3FD55AFE03D42F8492AF8A3F21444FA2FA9ABBF525EAF84C09F0168527B0138A85D1EC0443C467B28BF844EAF7
310
6323BE13D7C11F72FED783837B970FEFDE7D7817E077C17EF7E2A1C2C0FE851FE4C008388C15E818958746129E1009D054B67530D6B3D8DA3D59D82D9D57CF70039FF50FFE0DE94089DB269C3655A4F25B38C49D0BD48E59F1526887C18FC5272197F85CA72862A593A4843CD25F920487DDF7AA0441A2C0600D062001F103
310
FCEEA3D8560CEC3EBACB01CAE5A51E420349F602191E5F901893142381351CE17047E764BE50DEAF9E4D8C38B6ECFFACEB141E54A6865A88A60133EE9CBB4C256930B0B168C1C3AB59FE1743FB422C7166082E934AFA5EFA3E4BCE0B69362FA7041818B7FDECE1DDFB4D022007CA23E521F0700AAEB5888BBBF08023E128B4
310
045381542FA256B0D04E28A0C3804E233A1BFB476A2F48FD135BAF9843BEDA3264EB42BA499601F16B566E72C7EA35908ABCB9176BBED43204C696AFD3D7B24B08D3AFA44BE243D88A6D9D0B6562B52F741E1610C0EFBBAF2B0829289A640EC4C8A4FF66A24430786CEBE1E1E61AF9507BFB496EAEB64F8F49B4129EBDEC06
310
5EC1F8A3F228A3CD0950883B41BEC6D1944AE06147289600A7726313AC69A3F91197F1438BCB743E76F01F6EF1D1C854071670FFFE43FF1EDED702EE5A14C85D0C42DF90B86068800659AC88981855E3E774A71C0CAC2F76754EE7CC87C808D1E1E0F6CF47FD4224731337BE1E39C5010823EE997B1491BBD99FC8D8EF7748
310
2BEB5EB2CF66499A8E0F7511B19B3EFBDACB6507BC78731B1B383D02FFDD7BE8DD9256F7D0BA7B46015941097B80018F700FFA024CC08078F51806100ADBFA163ABA8A3B95B9D2F92AC30BC908ED31FABE0CBEBFFF0279B675868F9AA24E9530B08C174055B7F48E4F58002F3E82F0BDFA003E8B431EB6C4A91E4D9B5FFB79
310
1265BA8827BBE5F1BCFA7F789F72F75EC800F8AE43FFAEC42F13009FB905A9A0132015D0068ED7682AC608BA6771038DEDB3B33082891FAB1ABF5614F93238079726B833958796B845B731FCB86316713C1DC581B1E19B424EE32674093F80776F7E27C6FBFAC85C536CD955B96EDA2A3FBF770FF4BE11845470EB3E42D022
310
000E0FE07D161811020742162444668308801E133A4C163BE68F6826A5523071CA78B2FED51F28F8C70FE4190073A3E5D3259D7A288CD19BDE623F10021BAB0C6E327FD507B2741627727EA00D31856492F9F009D7F152D930704E642795C1C1B336E0DEBB7F0FDCB79318543B25341F36802D64A981A690B94259607DE0B1
310
9D466BF8C1C5E1CEF9A3FC5C639FD6117B4BAEAB453F8EFBDA500A67E8BAF76C8A06566E36EE1184E8329419161F83D843D5DE7D8221163E145F56921C3EE383978072129E290A9B7166E63D26BAB1FCDBF710009E4051842390031845F20077CD079407C575F20364C4910ED2A574BC357630B0BCD8DE39335EB175646A69
310
8458F6A346F003A93002E846FFE0C459B8006E506D79BF902908A0AA05CB5E73530E33BA1D3C2EF99C712B7C8B41DF4D2A7830BE8707485FCFAEEB85A09AB6D39BBF7B4F23E00509C20DB04E240822A4B810E04D8D53D10D504C059ED86BB8697F514777717A8F8144D48A4C89077F7EDB00E2D89DC02A7B975640A282C49A
310
4AA84B70B12BFED8EA6584860DFB7EE23FCB00C6BAF7332FF259FA3C9346508813E372F1DDE425065BB61FDF8300F7EEDDBE8D0C6EDF46F7D8823478590AE23759D60DA6B7A9F125EDE8F4A5D2B37470D0B63C30DCDE3D3D59A8D1501EB1B0A5377517BDD6E301F995E3F955F0F58FAC2E81CE172A8344AC03DC6781939D24
310
84B8FFC15E8F3ACCD3954CE19576B942D0A029188EC7013FE59AE90B71292DE774F1F63D60230180B30A2EDC65291B6211B4081128856001A680015CE000708254891851D4B3BED0FA4D7166B466BFF1D2A924885AD12B387FC0FCE6819AC3AE06A7AA4B715F0927B74D119D4A668FB54B8A8C268D8B038A207D10A7B1E95E
310
42195B695BE0240F7408B311257C23F581E987C180140C584A02B1670CB817CEC0A080F259F1360E58452013200E3EC107AC1DF4FD7B0F6D23F33347F9527D9F51E6138E31AF35F1BDAAEEEBA3D71BB402E2FB47CECEE96B4DB85536772B07C82A34F3E66D0BCEC207FEB9E70643761276F7B50D5EE963CFF80C7AF4A2130F
310
5BF8C4EBFB5F07B709840480DBD8007FB7EF3F90104908BA457D43AA2A6A02C91422285E5AAC143F3313A0CB74D9D164933B86C25587134E8D342B453FC982860D09FD13ABE72055ED020E85D3E312F74C25CB0293D978A1C4001927C80B86FD06349126EC219F0C735C8053D8F5F310817EA01F1B7851F406144C211C6362
310
C27DD51F1E310C0102280ADB891E9B085CC528A2B1369A46BA195B9A2B351862CE43174BA73FB7CBB430A5798F4C54B7333B96C3224A9863AD02B9FBD8E63092191924E77C199D92887DA594B6DCF0112857162FD0949FE6A441F5E62E42FB2105BC405A2301A3424601DC807912CB2C39C604A27908021CDA30C4C8C2019A
310
883B3A8BD393BB3546136EAF561980FB63E9E035FF73B96D09A905ACB2C11D79571C5159026227DDBDB81396EB03F14100BEB66DE1FA9EF82C3ECCBE318119C4269FD014E66361FC8BB0B4EA9A98EF3D8848A01360430284335004C183CC25BCA82D2302EB03B8419241C64DF4F5ADAF77B533BE786334BFCBB8DA72BDBEFF
310
C36103AFB30608A0B39B58D93F0BF42180841DD26BDC22CF0A770E90240006BAC65197D90920131C7B2EB3CFD3C71C6378A305EE8488FC1FF8D391E2BDDB0F6E3F45E7C8207C419800DB410073A3173942CA8D5242642A74496FF115832A6314D9FA4257577BF7FCF8F8E8CEE8DEDE5EBE76DD3CF892BA7FB8B90F629431B5
310
525E92A15A3A4A6FEA3FDD73136172060959206591F4C927196CF645AA285CF3014630121754261C0D31E1A7E3DA2DBDB54B04703BDE3A4209F02045C4BB0F529A14BED07098A2A1CD47513DA64B512F409BC01663090796D787173B5AA141B1B39BB470EEBCF1E30F9D263ACC4D05110797CEF7B923B027F089F74D1D06F0
310
A4D8C0CDA6604023FCA45B76C5CDE0BF3845ECBE13E0C0ED73700A8A753C1AC8AEFFF1B407FC8A20F42F0D94019121DE304077A027D4112283BB8FF0072444D68AAD111D6F591BC0061854BBC048EBBE9E81F6A33A95C21BFD13AF3C7E7DCDFFEB0DE8903F77B41DF178E99C289895B0EA8CD640549D68935BA7C5294E0A1D
310
66DA0CC419BD398E6265789CA1241441AC94532A3C19C95340BEFC68703077EFC1D307B71F3C500859C11494838E902203A2BE90EACC5135B80B078804340C920C2300BCC06F7A1C71B875DC572C9BD1D84BD5FB9363CA6BA7D03E5C40FDFC54FC23C9B4B9DDD028787D89219038523BF64E638BB37CC25335937A00DFD328
310
69C5B390C8C32FF25C8C47A7181B4A599A224A9DADB0E0406FEFF9F183B7448F081E3C55024FB33828784AB61704482CD0160C04174F9E33BA9291D58C2F1F1B1B3B5863B0D9F3E51C35C253D54A23E560E2C0CB3A6F7A81382601C2079CAE96B7B1560D20A341E85A928A4E01083256420576C2ED477E2E565FD9223BCC69
310
1CF394D3D8E281501E0EE5C1C8159E92585D255CF30CC854C75318006EA4A01028EC853F9407C6053910BE105348324002260254886C156260F9189EE0F8C9A3CBAE9D5A992184568A69D5183A7DB97DB089FDC57AEE54F858FE54F577DBA85309640290F2D220952620750C5811FB772A7876D1E4040FBFC6474D51246D8B
310
3FB378283FB514F8AB3C20B8BF7DBE5DE541C9A5D3D38DDB30E00151E02523081BC89C2214103E0BC1B3D0199A08E002681A2613A2616CEDF0F0F9C5DDC75DA395C25C0309C03DEC8091A4AFD3FEB504AAC6633930556DAC86EE3561941E862C4A75DD6B6BB3A0C59BE153DFA73EDFCBC3CE2188D3D378FC976D0EF9A95B7C
310
8532F527CE3CF539581E0FE501291E9139FFB65EFF5DBD8E0C18DE3077170A64E033FD278F18068028802F156C3809FDEB11B1019C208D020C9BA2870457F0F8E1FDC7EDD393E3B9FC9C4308E9315704233F960E554802C14716B0B45DAB5EAB5E25AB7830EBB8D25E6CA94E4AA01794FB1EE164FE9F040FE82C940A4BCEF9
310
13075D087E85A7237D3CF29C47E4E676777779528C4781761F0BFBC1D3A77880E40C9A2E5109180D5255317890394229F0F082010354082D574F1E3FBAB7D6553C2113DACB97BEB5526C7C6F69F9310A94C46CD89FF8F379AD1AA035FD00FF3F320180F01417A6F255A3A8D86319FE0C0B0E06A0DCD33F79841339C01E5BBE
310
1911AFCFF7C1E0A540BFBDBFCF2372352686D863F83F59CB6865F43104007EE06F52406F680341102048A01BB048823082CBCB0B6AC48C313F3E7CFEF8F2D1FDC3D6F6F9F9D9E98D9D7CAE5EADE2A6512FAD7AB526E17F600C85550DDE9ACFE9D97E694513103BC69F8A2813176032C890C1E9C49FC09C61670FF8705B1D73
310
86260E7C8E7122C7F8208A55139E8C8D4763F7EBF5728DF9C34677364E3A3F9AEFDEC9CD95470788834F9FBEC512379890B38C94205B2557987C4186DF5C0837608DF0F9F3CB87B7EF6E920475752A01460E556919B2B64296FB9FB70DD5F47232A0F77465BF140CD001F00ADCA175090E2665A14E6329B62660E02A1CB50C
310
6025E3DA252A670B3F0FFAA5EAD94A509FE7036B159E0D1D9F2E76B7AE1FD5A606198D3A747AF450023CBDFD162278B9446688111009B4029B0F2180AE20A542D40610C073B47FEFE1416B2B12200F3C991C2F54EC2491027A816B0A34A9D05C6F437AC23462385DADD75642EDDA738AF1600DBE07EE8437804D2D011A94DF
310
71C2085EDD40266A407FFA1D1C00B0C03927E60338E3B9D8C47D1F8CAED578E06F7CFAA4BB63B175FA7C301B747CB377F45192003CB8FD34B12009224543D8604494011A80C1903CE0518C986208E1C5FDDB8FDA161686873BBABABAE74FA637BEA894A44078C19696F326E057D7F95D061A6B0394A9D5F2DCAAFE4C2388D8
310
A6E9AB7695CB0BDD0A332430F1A9333DA41D1FFB97FA09AE84E738C75C407C260408F8DBD5EDED7DE1570A7BE333C54F16963B46AB0C2B71208EA3D16EF4EEDCD7005241166C005A73C03164792151205C007288AE337B4D7103741BDE7B7AC913350B348B2D767515674EC6F72A0402BBCB41C81305AFCF05F2758D3ECAC8
310
D26AB97606DB9581A4B7A8FFB068CD5C0604E6849046B70C2B60FF0CDDF93C13822B4E82FA0479A68220E66D9FD775FB3C1A9CDBDB9829B6AF2F77EC9E0678FB20ED8D1B1A1A39D10F9812E20D6281F5673121AACAA9C53424000DAC173F7E18C3052EEE3E78E7F1160F5AAEAFB70E0F7775CFCE4EF384DDEEBEB9C0889D52
310
43BDF557559FEDE5F17AB21E118C4C31A3DF6A96B56AC62180293910ECD6B721047664BCFCC6B2DD3C65CA0F0C823DFEF84083C7ECCDF05898EEF158F4FEF97EB9C123F1B9D1D1A3D9F9AEC5F5CEDA84A3C96C14A55584D62893D6A54D8D2028D05C8B1F124884543F3223B29D208B04910D3FC43F5C52196AEB5B5F5E58E8
310
E82610F08C21BD443801233C0CE8BD1E40F84A1CA86001990048031ABBAB11EF83F9283EA89F181F2A0D9A9F62D94B7F625FD727E6A93F63F200F614F7CF100D4511C07DB45FC5F0CB4CA359ABE4774631FDAE85E599EA0878A3C33D5AD6430CF4C055EE5FDB80629000D7855DED3F436F3B61B3DC7FFACEFD2B1BC6FB0696
310
312CFA477CE87A87070C7998E04FBA78AE3F915A065E819FCF35B410321D9ABB308146A11AD5196CDDD7C477A171C8AFC74B45CBC6F641AB53C8D4ADA5870C02379BC0470CF83DB55F073E29CF5CE5F7A3F8FD62EB7AEB1774C2C6780B9523F9287193FD23DDB79FBEA513B45200E2E0C1B51350163AC19043C600F2C1DBF7
310
DEBA7BB9B5457BC0D840CF325EB0BBABBB786D301437000020004944415472B491ABCCEDAFC0591201CAC8EBFACBF367FE7B6E40E69F551BBBE7123E3C00AC560CE20C62436E8C3C54CC225EE08C0D74CE26148877689EDD004FB2BFBFFFBB984035373A7954EC5EE8591FE531348654514DB1D1C56411DFA2A7C212BE5ED9
310
1278F2851A432244C6822C29C85A8B320ADCBDFDD63BF71FD32648E7D098CD018BC35D7FE89E250EF2AC75F96C15271602687965C844B8807C6E7729D93F22E81D39ABD62A0820C1FE9F11CFA7208125D33E96FD69E83AF6052DD32D49FF0802CD9F9DFD39260389A950887A647CCC99BAB17132DFB5DED35138FB3A060F62
310
95AA5E195BF0BB56495A5A4A8FA440026E46A047D40ED2520A441C302D240F201FB8F7E0EDDB0E12A04D8816215A0579E8FE1B1281E9F19C9900DE79842E2A7CCD48E9876EB01C75DBA0E0C8D44AB5512947A00BE7CF5DE9E1A6A6BE43CF1A78783DFD5A404E4477336C1ED8B18908B2A847B2AFE9839E891137A6673BBB96
310
FBBA2A4B8E9373B001F08369BA11BE8ABC4302FD2345FD6014A127068427D007BE28B41D9B0D40FFB7EE531FA673C8870A69135B1CEEE8D009C08042A5B4EDA314920B635BF941E7487E45256439DFE9D276295F87E698389CD49FB394FE19720412DEDDC40E9CE9C6DD605E0B719FADC416CB15AB3A61F9B5B9B9426E54F8
310
1D8B03DD950946D432B40CEDAB7BB5AF11213CBA73C9BCCCDAFBCF06127C7980FE6D1DC9B4DF14832D6568FEAEEBA76FBF438300B541064ED33F3AC0B0D10505306FD370AED02859234402F6C3FED006766DDED2034D90D119057225EEE3DAF787EBF30EC51ACB4F551678BD6728E1944730C095F13E4D81A4DFFBF67C5BEE
310
37E62A85FCCEC6CC6C7BC77A5B477E22223ECA4FCC0F87E2A5E3EB782BDB25B8CFC6736A044DE5A7CDA604526361D650484FE283B77EFBD65D52C1C73C4F48E7D0D81ACF572F2E2280F98FB230508FA906B42DE240ED651B301CEC83DE1790C9FD96B6CBF986BECF3BD332C18EF627A0B6EECD5B152E02088D03D828AFFAD2
310
6B05BF671B4F9A09A8CE0CD2707F67F2A4B3BB75B9ADA331C1305BBAC182FB4A79820B7EEAF73199B8404C0B81231CDCBB871B80FC41FF5860E8E108222A1A076C29E6E03B6F3FBD4F1F295DC457573C7ADED636D6B7B8C88413DDF3B327E1046AA51040B40CB50C7E3F1D2E44DAD34CFA604029BFFBE714DF0C069908027E
310
B275F1F366C132E1A7450B04011CF82B2B647CE754F650FF6E25BF37AAF65B7BDA16CAA791F1D09F6CAB989EC5AB7809BE145FA459E8D3E4B0FB47DAEF093B946FED585B80FE1A0305FD5330FEDB4FDF79FBF6BDE81D8300CF6815E5F9896552412A03F31FCDCC7CB5E32365550CD9365FDCCEC8752E943161D78047336F8A
310
F6539840A1F2E764FDA2970999F205CD2BD1F5CF496571F76EAEFA0E1CF8FD2A55FD06391F9EEF8B9DC9994E72BEBEE1FC928E2F223EBA0FBFBFB4F2DF137BC894B8087643D64ADE6EDED67F7680FAC9060239E845FC94AE93D880F994FBF71FBCF5F66F9F32C292EA900F9C1E6F1105E81C5B5F58A067A448143842008D72
310
75EA3BBA3D2516FDF02FF79260020D6B3C714711F3CFB61BFF56A826E627E82256F7400FB387FEF23C1C1E77FD6A21EBB1B2B35F2F95E7760BE1FA3ABB3A981423477517EEE36FF96F122B942F6FB64D9502BD1B9089162532A2FEFED255028FE653C9F46FA321E0B588B7DE79FBED07C44106CC85133CA65190543004D01D
310
02D8181DDDA5A9C91A7110805B7875B689FC3902200FB192E7DFD936B37B57D9C338BD49E99E181F4E5FCAB2ABC1CA7AAB382CBC7D515457CFABE6FBC63D525E5CDF74B16378B9AD6774A58531912D232DF01BAA913DFB7D3AAFF912984302B84D0500077800D26C60A4742101DE420C610C2E92FA93056022EFBCFD5BB6B3
310
8651470CD33BD87630C05831BA864C85997B8754B05167F0706499DC442FCD22592AEC2ABF3FF13F950039BF159FA9B36ABDB2778EFF83F70972B83BFD3F4899E64DD8346AA495CB155A7499F2CE39B0AAE755125EB84FD8CF8D8E4F4E9FB4B72E8F1DBCCB98B31BC4607C2CFF21C8145FB48EA0F2159F86A3098415609554
310
DEFA7B27EF1301033DD06D274BAF6821D220DEF96FA4CBB60B3CA241C021D38E1AA76B4406B4767576166766A6C7F77273F5F395291BBA19F64F2E3095C14F3E60371827741CB27E89543857D6D96BF9A47C6A9A26057840332EB843717AAD171880217B71FCCC0355AED3D4819911F79D0EA8AD6DA31A83E36C5DC2D47029
310
5C011302387069158F6C9966022367ECF1D00BA9BB95C389AE7B6105A1FB640689033A7FCCFFEDB762189103A61C3A4FEFE0D6A6B5A19EC5755A443AE78BC5E9235B047890A65919A0D2F96AA3C01CEE913BB3ED239C3E0CD8DDAB99E4348BF3F8B977B6C43DEBEFBD7721A839A63B94C06A10DB87FCBFA3C2932F8C26F88B
310
6D6BB30C3C4E09AFE40FAB52EFAA1EC0316920E031A46D65A0FFE45A673432E907FBCF86717AC04F2CD0EF512D665FF53F05BFCDC43489F150890C60A8E0314E70A06F619D30D841189CA15D3417F3CD50191AE4396543F0C42BCFD696C58DF163F5B46D708BD5FDDA5E5E5FDF9401BC4F7E00E8A17520833D1CBFF495B5D1
310
CE037C664123EEE74737268B5D1D3DBFDA6AAD8C08DF2C0BC7A737E10AAB2A7B958990CEBF556CDBEE823CB09FB344143463C630CFFF585D330CF0320E921744A7918280FEEF981161008E9FBC78C830217A07B7D6985E83F9A79884ABB5AB383B4D7D788F9FB3D867A2112A43F19042B33A108690CF6F472F8661CFAC9714
310
78757F6E6F2F7AEB82FEA85E5715941778B278281F28C268AB24BDB470EF3303E09C359E9DF1CF990D8A096106E6A66C8620DDE7D281DF0B2831F20439A30D68386CE13E002F7EDA8D7806162B205D6A19AA1FABFD6B1B400EC2BFFDD66FDF7E8755B4883C043F43046C1326136680404F1F934EBDDFDD39CB58A98DF1BD78
310
80E0532E671FA1435E9D6EA5E9071000BE8F262E7C4044FD95D5FD526EB40A05A634775F32205C3D779FDC168CD5E56BF982508BF572BDA4F6F57D3304BE9EB18149461B12F760D7485891CA47CFC44909136FBF4931716A2E100123FC6CCAA6A644F25EDF4AC980B14039009BECE8B798BF69A05DC5B6885CD23F8E13A46F
310
F0C0A986D617F001C52241801E87C2974C31411DA3A5D7B6175472763D637D3E57C33B908F867F4A59CFCA7923375E5F027A983E18BD7BD4E6FDDBB2250C1529F4202EFAAF979DFFB1F2612E87EBEFEC58581EDB9AA95AD1D7C1905F7305BF8182D5BBB524D47C4E3B81CD843220DE1E6536497C0962C225F75A2D6A998303
310
B23FC501F0B3F736EE1FF01200FC8C99F5515207C9C40081DF304C0A17D06E26CCBC5B3C47459308178301FA8057C2C0AE9D99B05F038828B08400F2E3251254DD7EB8BC4853B101F99AB48E387457C96951E5DB670648BAB70A7B04FE93EEC5F5B183F9739C98952C6845C380D401B8FC86E70A20744EC720E09D35955D96
310
A9041720196D183AC2CFE6AEA816652D0234883D788BEC8F5DF2615261DB031C2381092401B48D8D2D870FECEA9C3D99DDB036C8A051058030E32190976718C89F031DFBFF2EEA3D88606A8A19BD0AE305BDFD12BA4FF46F1A0002B07137989C748936E9DB2C91F43B07E4E4D16C3779CF5A4FFE8CC981F07C29E34B7C012A
310
F0054FAEA4A6A3D49D3A16D2B3CF220A029003366663053C89B3FB1827080DEC2780076FBFFD8E39810CB0593CC68B5D9009F2D400418028B0BC6CC74067E7C9CC0C2690FBB084AA5254A12AF63543B35EB40D17B693F7E3464D5094C00AA9E04E0E0524F5C35C5EC6BA94B21AAF2440725E2A9FF94FE7A8F0E769EB83FDEB
310
039B631B18BF396F5C13CF89ACC02C387DA56DC3B1CD84B96CFAAA37B55FE723B611062258257D331F186AC93D8AD600B4FEF4AD777E4BF68F2168FF08C081A37AC13446C859964803961928476D78F68419390D830C1935B5C2A0A22A3AB17D3D6428BF12DC373B8D464E04C0A496BB3B3B75639DCC2500E0F0B15FB6F47B
310
5A7ED0183A87CAE8D535F2EDBD4B3B7FC762DFE65A07C30B2851DB890082ADC07131EEEFA3DB7DD5CD32C0860CA83CD4B7993A175F422A8149B1C1D94C1145059D9C78A8A572A90B7C8B1E3392FF77A80C50220880FF3669004E90F101740D2B808181455A044904674E7482CC3EC85C4BCE339404C0B0BF6A5611E4F9B815
310
7BAB6DE327EC9BFBA1B4557ECB609C1F45326499EFB90EE78F18227F09E563C9E63D847EDB3B68EB9C39E95AC4F7ADCF7D87F6752BB6912040281E4A0D8A8314E80D60470999B8A51FB1488A66A9F3F81FFA61C83F4FA6969E472288FADFD61B005E0EA4284822E018911828E868614DA0C36E11F3A051070BF2F0840E35F2
310
00E2C0C80A776CC9E7E6841C0503D0EDF15ED9AFE527E798D23BEE5F0604E58DFB7099D739BF0BA5D332EF29F1535995BDBD0DE681C4F71DFE6A7AC5A13554AE6910963E9ABC9A0DB5B202225545F5CFACC942B5B93C207352B6E5310BF349AF200175D7DFDF78F6D683B7C87E087FA9B35812C4F8F13452CED610A2207541
310
E6D659A739441F3833CD0C9C3C3DC2B0712F62333C4FA9327C9CA1124904B4FDE0FE21C119776CB0C212AAFBA5CAF80EB43772ADFE77CD9FA8A4144C54C2FB2304C65F62FC3678E4F6C68F30FEE1BE8383CE7DB86F58B1AE0C51F0F055E188D02F00911DDB0991832228B3172B3E623E513FF1734FF414A611A603163F401B
310
EA790FC9FF7FC3FD3DB02DC00184145B850D01D120424DC03C00FCEB7880EEEE939399F1F18DBD4AA54C939899304D913CC2D5CFBC55E50C7FBE4C0E14AEEF53D6843DFF56BE2D554637EA047D3C210E2C61077875FB5B40E19F43AB7470CAFE1C0D3ED3B3B4778D1DF6D4F837C08747180FE8394F2CA1E0A46B6DA62CE2B2
310
DABEDE0B1924098580FC16B369730E9E90541D3730D47FDE16EE1FFAD3419CDA05ED1F2715C607F2E81893AFC5936303F40EB776F1D808BDE393A3FA401E1C706E154C892860AD74A2949C409E28A8FB3349C764D13E4D1D3468952B7B1B35001BF41142CAD58D6011C8B78961EACAB66E9AFBC627673B61FFDA4167950A27
310
4145BF11EA17BA9AA60815C2C43AE1F648E3772E53C94E6364AF826019E723069A8AA353A3BF7FB5359281700061FF64C28C10B9AF0B70B0B0D30A31CD1CFD22F68C76DA1E44558869257892363C091D313EFA46B57C3BEB252E9C6BF5B4799EC58F1910F469E25AA17B343799DB3E33CF410061F96C6D63FA91B1000CEBB7
310
D2971BDD39A2A76361E000F5DBC1688D47CB812DD60F8001AF25B328D173A9E4BAC18CE9F1F628704330741B2649B92E9714447C68559C6CD2F681919367E4811100750058809D0230C087A89FF3C80C23C4C60882E481F48D531764BABD5CCECA308DE2F63D3BB50373D630796126803C2D1FBAC148F7592881B395ED7D26
310
B7DD38D7096AF98841CB37592561D9C6565317AFBE9FC4AF7371E060736C7635E0CBA1809FC80F544DBAA1F2F9393D970D44C0615A0C6930E758B9E63AE690F73045F0C8C0731DE9CD80F718E94652383458799E02C06D328010011C7090D8C5E5336A83D4059953877EA1E1D66FBE994F04608C4C991917230FB61F9AEE18
310
3A40AB9108D032449FD1A7283DD25ED15360EF7EA9303EDDC0043403531EDEAB10DFF87F5E2FD56DF0F1B701A9F614DB17FA0E0EDF6FD0B1622A81FA3D1DE5A33F551930335C353A87F9AB05C60455193448246944A232C5D07636D864CDD7A50D0B4440CDCC465D1C418321F50E1648D500294065D869559EF3C40C8FCC6C
310
323E989AD0F0C73142480B200842802C061008B480A9954AF282052B3AF67350FD0DD30D1F4075AC303A5D490250F5400ACF479656861E4C77AFF327F3EBECA4B57B6B6C8FF62602BF150744656A87DABD7BC6BED50527B2120C001A0B3718C74F0C65CD34F275164D7968148DDF259AB8AD6CA81CDA4E8819509B996A7F64
310
2D987A401A2B04018C01E6C169A8700F9DE3B489DB2BC49C9B7B858A4F50D22AE15428FCA4A1EDB20C83492690CFE361CC7F8C8066FFD0D77AEE797977F468A36E0B0DFC87F90EE6348BC748F7CB73B5B9DD5C6EE7AB19ADBF6DF359F1DC2A0F9E44F213F8041F64274C0859A2AB7C37440FEDDD2F95BE44065F22067E3EA0
310
CC3BD8C0D8194EAB291CCEE20B9CD8E02950AD806080047A279F19024C837C848816719AC4A34DF8F0706CED904E8185753A458A27E4C1E37B5F30A104932BE140E0BF4E400160F320B054A8705042FFC47B4940810173F9C9E97240C7FCC3F3813EA239B745DE9F1B1F3FC2F9330374DBD1A7B475923F9A2ED81716D18D1B
310
577DAAB9D1A0458655AD3CA7E211867AE7C702DCACCD291E0F798013DC01BC326087775C0833E04EA3778FBCB8DA4687A0255CA0AD210C15661E4E92001A4449031D1DD27D327334BE830B64DAD90CBF537A45FBD4E94A7A88888E715B7E74FCD040E818BDC1BF5AC609CCCC015DED23877080FCDC47BD8EF3A7B783A17D33
310
F3ADEB6D6BC7AD75EA7C7852C5B6FDADA6AFEFC2D181C03F8C40DD8A4AB5024F0B72E34B57BC1182472DC80946789AFB711DB7F1193C03C893B0345F420246114D3EA71D04FBA731C0DAB0D3CD311B218F0D5A15ECC105D02F3AC32F13600084731A83220040019B03180634B5923D438300B05BAC80881F061095FED5D572
310
A3323ABD83F1D37A2301A8C930AB3F66ADF7CBEFED30BAAD7D78A06DEB6A87F15491F5AB7E25842B6B34BEFC12C8A159F187C64B3CBD2356DE5FBAB98BBE9583F0E3280C0076DA15BF34C15238145742B07080B1EFB83382F9FEF2239D003541041083C5AF9EF3C8944DC2030BC3ADEDDD9D27475800693049E05413BFB3FE
310
B4308731512F13400D06F813368A0101D8D863EB3E75FCCADED124F532AD3F123F131AB46A93DF1ECE7F96CE9EB6C365C6D6A07EEC461FC919FE288AF7AE1A7D012D291EB073735FF26BBB1C99FB706E972192819B7A34BF22424BEA1CC7958AC2E04BFC8E02DB90A4A1DD04811ACDBC181037864672C78F6C0EC3073A40CC
310
49D5E813593B7002763BC6A909D31AC86F3F6E335C9E1C309BC58F16418642E2AF6B290A34FEDC0CFEE08FCA0F56700699CB73B9C99302AA17BD516D7F1FD755A2B32B3FBE7134D3BEC813195BD355020A7DBB541539CD2C06E45F46FC0EE08293E6C0E1972176D9B678340AA1A4823404EF79B1E2347E47C35D0A2260730E
310
0B513025DC0BD1C07E3366E9B9D17F767405FB531070700035618606F0B40C73C974CFD321B0C174A80C0F3AA54945FFEF348F5488895713E89B5C98DA501E06D8D24FF04FF0CD7ECD7BAA755A854EC6A180AD13BE094E8D5D63BFD6DFA5F5D3E4DB1BA18FD8473DC6E17FFC9832B71A2A94D96E808BB53F9192955D62C82E
310
282B05168AA0927D54AB20A20A74800B7CC9655C8B15F62377CA4C91641F9F4D0478F4FEFDCE273A002CC0A725EC165CE3A149F0333E8E9600B2C05A7D15FD831F0938DBE5D0FF13E3C0F0765965A0961C3FA86DEEB0E28304747BFBA5FCDEE44C23544F7BB7BF7A132DDE34F99E44EC3FEEAE92F667A10F7E90B0E8C6442D
310
F5A5318B0F816311DB2E6DC6F172C363FC800EE09186BB9EC82A24C0117700CD884AA42023B81EA6E0CF8B3056411110D78606EBC5AD5417B45BCC8E61EA01C4006AC233933E35D860BC1B6CB9C9CCCE7840D2E0C1C1FFC11CCE54D59300F2B47D66A10F09D8E24B71B9BDDF98FB62A3B897C53EC88D16D1FFE8C649B17BB8
310
E760EB20B784F52F992544753F2CBF642CD3C9C70D8722C197142C567E74FB431EE248A8F3FC00377F5142144A82FFC28AC2970A780C85A7EE9146FA4B2981F3C93BCB0F3FBCB6DD3DE69C72B6073B99140DE28B8E919D9D9E7C2F5FA99FC1FFD07E9AC0965CDAEA0A945FADE52C791EA989E8E7A21A355FB37E44405D171B
310
98A6E946DB26AE71DBD01FEF07FD378F5B4B518724481820890E7486E3FCE61A60E096D577701890EE07CA5D7F2B086040749FCEF3F81972E510A86359C9BB579883035887542090614E5C4461705D7CA1CF84DB564838606CF1597E8119790D021080C935A908324EDE9F60A04B7830A33F0670CB08605B8D01BF9A3D4356
310
93FAB4FD84EF6754930640C1F9D74B052A7ABBA9F502B39DA3BF6BC7514EA4BEC71D752BFDC198EDA8DFE8F32B3EF811E4576B0A2074B99B070A069F60173E7427BDF285024E35A4418B7A412914F2800F1965C4F1120A2D5D2C64400563D5942044807BE7C738EBF3034C4A6F4D70C04ED1F97673C039FABC4CFF18866E08
310
200BB66BDC9CCDCC3FFD1E43BEFC52C317F0F5E64900FBFCDA4DEE68768FFF46350E0EDADB7B34DBBEDE3776BC55599AF84E312229F931E700D04478D66A0D88D09B2276141AF0F8811C5F8067DC04C0F90929F7F1AC9CCD368488AFB965C97B855A3E2E93AE5B4866502E55991B82D4388614F2C36B8484A5FA06E3EFFA98
310
4A6AF17D5C2073299D9F12FD63826F67FC460E54030981684E9FBFC22009A3006962285FDF4FC84B699FB5BEF3736C6072F6844C15EDF25883037DE6BB7AFAD6AE164B367812FA8CFCA6FA25725D99AEC5C6EDEEC64ADDA2BE0056002032E1D7A20A54CF444E360D520A5B69816C0A953CE0434A8A898BF18E2B704588C01B
310
DB2133342F5404FEE698957C200EF54E31BE6DF4E888C9C67F5F3F1B41F922777E7FA6332677C20098C59F762F5DFE4A23F9801A3BB6F8A4F66E0D40EC867E92DEFCE84C714FC7CE8DD3DD3BDBF9C781B1C3B549FAD2C89D711808CAB100E09700BB85240374A7209212F320CA577222A7020E7824500179FC7096C714884B
310
DFD9499E027ABEB3CB0226CD293CAE6E0C41A6788F396606A073E28CBE5CC67D584D36CA39D37974FE1023253E3FFB007A26F657FFC901D851130DDC2BF54884F20D5D40A0B7E5C7BCC7CC87B84F2ED820192CCE1AABA1FF24ADBE1D03635B5B3B53D4A5F84120125FADC36A0E792D3AD7E255792CD5241A4C84171F110409
310
0017DA493D0A7790A7BDE6DF326180398E4B0DEADA5C2763825E43E05C388E184678C88CE6422606C017F030366981353DF03A753DBF6370879F79889DD0BF75408724DB53C5B0063AB6568D02DC47AE4627B58D7E367A6000267E7840C23A0940B992DB98ED1C4731B4FB4DCFB6D3EAFB6CAC7646F0335C5031888CD74E21
310
03380260AD47176D703960230370FBBF28813524C17FFFBD6288BB28E4F905ADB4A788B40B4A6201C1878BED224DE9906C4C79EF32EE679B9F5D3B5DFA137327320643909A823F62106CB8F9BFE4BFEAFF0FC7A6393EC7F64A698EFF8ACE31BA05ECE6DAB6DF124118D1D13F892F3D3530602E3F3ED3D59DFB821ECFA3D9AE
310
85B1ADAB9E328DE738BF55D5DFD039445AE76D0194180F57B15BEE5F09C07F952F9A10372BC894CF7DA12CF6507E2A8916E0DF430C519485C55D61EFE209912D8C32866214E121611E22A0B1238DB18E86636A3BFAFD5B4EE02FF1E505F902BDF424D0516907BFC95EF3A76B6B3872769D67E25B548F0DA46E2B93DFDFD5F2
310
B9E9EEE1EE1DCC7FBE6380DFBF38A165CAC73DF912AD76A4690D2B766A3EB4AFA2D05BE543EA20B095FB17AE3F1928D84482049B659E671A4763CFA567C08824913D37F2F92F841FC244085C1681225C04AD6DE1684831682CE0D6096B56101C0D4FB3A1BD3F11FC1105AECF5660BD3FEEDF162B0D9DEC6DB55AF27FC98050
310
BDDEDFF63ED14B01336053A19DE9AEF5F5D9E9D9F9E19ECDADCD497BCC57681922F327EB41FF681E17C1921B04FBAE371AC69E53F98183E91B84897A5DB164158BD1D12FF6F6BEF0E02847727BF2628F9FD48B6FB11DF6928C868B29590A0606F92140D0C08850DAA7DD8A5FE8A50389F61288AEB743E9C801BB67DBE0A7F6
310
4F63BC87770FDF57AA73FE1F5A84F8DD3AADDFC32087FBC0A7D645C327B97D65E7A8BBA76DFD9BCEE1B1CDE3F5F7CE4E6DF4013ECD7CB60BD1239E8A4E9A5722AD9C4FAC8F7FF17B214AF8801950430639A08E3ABD05A0D94E253BD5951C885B0CE750309070555FF21F2EF83FF53F4E15038B8D8A244740A5C9CBC120043D
310
A0B323FB1DA0A4EDA268C05A304619505000BE10415DE898809DB6B66896E60AE347ED3D6DC707CB7D5B5BC374A158EDC343D0EA61C217D4878CBBDC1D85686782C3CF4272E7DCFB5E9EF628F5A95AC1AC0C6848F5771329EF8DF2BB79EFEDEC8DBEC72EB7F245287FD4B31008AB38EA4D52F2BF57167159E3004CD8950E21
310
7DDD6F699FC763E9D1A0AECC701F7BD4430A3E030374066938F883C01DE40E7DAFD609345E33570F4CE6BE467FBD7F793B5AF2A9D331D86DBA7BF98067918F9FCDD609A0384B523F4413B574B818C6889FAEFC5E7B8F90CEFD62BC2C85B2478D54DD076635BE434FCADE68B3ECF1C8708E27863DBEC352D87BCC7A92A8E135
310
700CDE65BC114026DE5DB68275E656D2C0D4087293D43BB4C9C14EA83C0D806783B40DD7CD4F19EE9F33801F55A3F1FD600017A6CD5DE607783D5F74E34680E7DAB98D99F6E5B5ABC7F7DF19D8278322F6A97FDB2FADE1539BD945DDF868EE2B8B70D9EDAA45D1BB0A5801198CF1DA891540474745BF0317F8A3703E02510A
310
E94B084221F887FE950272D62D4232781054A87C58D015CD45EBF9B70E60820A2056E9D4D619E8494BBFA68B61EBDD8CF52CCBA124BACD4A4077E8420A7F36FCDAF661E577B792A7E1B7E337C7CF1FDEBB3B49F501F3C7366C1730E793F51FA20A9C3D2E9F18E63DC277449054CEADA36DA0807467D45F8A744E1BDED725A0
310
33868703F1392BBE221158220588F30574A0B0893D0515B0B7C404AD0E7F40C11D504C49BD7DA39A85A19CD7357DFC966E5D92272FF06D59CA5A6A1C8AE30E52F1247C1F1D78F81887F9F3E387075B170F9F5EEE4A7F5BFC69DF02FD8795FCFFAB472E7C88D563DA514861B85BD41594A75F5E866BE69471110A9F75C8609C
310
7E6BF6C7C727431EE3E9E3773D2378C25226E82C08104A57ED273FE0921D6990E02B006BD038263BA360355E8DC446A380F0BA35FA9945A80CF60DFD54054202F91897C241C147D59F8E0FC67CD0F2BF377A3463F8BBBABCFBD6833C57E214AC3F5AE9C2FDE88852968F20337972C7E04EE5658223008AE82D93BC37D8DDD9
310
00BD6B16EF221F0D4149045D740A8A215D4FC186C658E01994B8CCD317465828704BB630DA2243B3B4ADD3EA554A97408454148C04A1A0CAAC2E04033C04073851F54380E0BF2DFFA43FAD3D6B574F2E1E5EF6E5F4FEFBD1CA87C161FCBCF5C7AAE2F726F814027BAE10F79BC3D765D61D1803952210A9AA07F8C6BB2105B6
310
1145B324F96014EF223D4A9261080239F03FF6F4DD4975C183B887E081F7A467A25EAA0C94028FEB808637768B07400A8235D4EF33143253198900E079E3FACB0C59B00F827A5785A6FFE2FCF0C0E6F1714F11CDE5140D931D707950631F3DE877F300002000494441540ADFB08704E252AADE1BD4E8DF55796A32B9B6F177
310
37C67702E5C638682737286CB0E0A89B624D5BF28222432848C9AB8C07170C97B814FF492A61072407D638006F7C8400860444C01B1930A522788045633DFA9507267A3A42BA05925BAD705CDD3792FA23C1075C6EE768A673919EB6C3FCFE7629B7310AA794CC9C0D14A1FB88F95C845BF22543F57996E0B26C9E4C2ADF18
310
7F979F8A55F11B47BC26594C52588518D25E6C2B1CCED231EA1B748F093E5726A21A54C91EF95789041030C20FD5AD68613432E19A4D0DA2505B6BD843516E10BB00AF9AC315EE9FDB39CC1F9EA59CD88F9CD071D470C86C4647FDEDDBB1CDAB81DA94034747A779F4CED497CFF817348F69F52E55490840E48840BA72DB71
310
F3E84F6DA2F4717AA928F153DA6E4C7E8E00363CEC9A2E1C8E65F298FC4A52F087FCDEE5CBA38A80CBE11FF7BC2AFF249203FFAB77A128A001B1987BD334AD9B901890A8C2005B6B248196AD09C0025ED841325B31845032E327C531C839E66DBAB39566B631C2FF0A1DA5A3CC47E665AD8751B47CFE33899DF047C9F3C365
310
E3B11278D49DF939298E09002F6430F9958803309827A7C791048CA070061B7E9A64C557D235F83EE24822E5EAB805F9862F20FC58F483DC0EF02181F572930205107E00E523861895A2811309808F2B6C14B2AA579E893753C155D2F54302007E9FF36AC5FEDBCAD47E182D91A73920CFA5C18E01F8FFF4C3F1FF553BCAD0
310
E58DEF85DD63B91BE38ECE1A9FFC4AD4A1FBA30D462C328C5A0340DFD393D3D3D3C0659195C96990F391EFF4175213BC74C020922D4830FE215E76940962BC0713A3B82784C0CB6623DC40D6E1485BAD454F6892200B225096127FBD82D2B12006BAE2E329C771E25FEBC0DAB3B5395289D56D7A8A89081B34EE06F80F819E
310
FE75C67DEEE95D227E283FE98A7B9F1C97D2D05B4D07A469153C3DA3048EA68FA667A6D90E291C7D7E2D063E4D044964D055F2DBF3E31BB851AE9F78A0A7314F0AD24901F581D74A6929142039C65AF5830D1C809536CDC05E4BA51038F79D713DA930CF18BA3010E385351CF47F74D439BCBC793556A1F99814926AF12835
310
E251C59BEA3C083EC2B2760FEBDF4304C9EB87B35769E1EB24B648542CFA4EBA9EF93CD42F03C08F249A2C98897D8E2225E90077823F4A52171A61219998CED6FA050992B6B0A74A2220ED12123004FB977084208F8E2AFC80F456CB110BCA647A3A0F854085D84FE0052BE31FFE7F925610BAFEC06FC33F9931BF063F39DB
310
3D1BB20EE357F594045F4226131578582CB055A59A073AE0413989D215019B6EB8A21CF154D71164E0D8F4E730C2CD382D098DA5261456A425643686BC8301710F2C50665881399156AA2B4C3191BC555728384800CE10040F746A3D8A80A5F0E500A93456FEC52833BBB45203DACCA37FE1D3EE4B9BF0EC27ED47D89B8266
310
F11EA2DB8B5A8BB93EAEDF0C06B7AD0402B9EAC6E787365535AF19F15158308A9D9785C1BC1C01377F8C6B4D07B50DAD25649764A91DC9812C7B34CA98184084F7C01055466B48058CD44085AF26648520C85C41C67805462D8425680425559F4440F3ABBE1F3F81B1EC72708767DDC8FFB6465796C8FE310FEABE0C9B242A
310
74137EC3E0427091967023299BE5D6D4D0C6D15747DC2AEA4ECC57C72856E827D33CBD319D70FF854369EB841282F84B7CA4881447ACFCB257E252E00FBB3272120A75B99119840858486615636E0E0334031AAA8C08A62E080053A0AAA4158431EC727A084021D41CF5D630C94184F6FE7432E8F5F9A4FCDF3EA7CF136FC2
310
988093F98ED622E38E4976E1BF0CF49D2889E6DF3566719FE1F9B47A2D3BF89C69155DCF24F88C609EE551160F0415900B4C48FB013D8900A9192A700748002924771A3686A0A580FE4009E00ACC090253E280B90AC15048E047020483A038A60ED232831F2CC90498648690D960C48E439F18F4DDBEB0B6F5AC7B7B89F623
310
0243B4FA160A7B9327F3AD5D937C8BFFE5FF8B3A5E64283BEF8EAB9F71159514CFED62DBC880614AA1F7994CCFAE7D8C87057F451733699B8DF87056E1F0654B5021E38097E4E23221B810DE20559AD183A61C2C88A648DB096081E9801CA00BC1DA0124E08DAAC15FD2936905CA8DA1C40E42B13F1764E0C4015EAD7F8BFE
310
C99A310B1B7C0BCC7746D3C0702759C89EAD57122092122D1F857067684A578F1DAB7EAC400841F493A468113282FFE42316CC74C756B1C880FE78795C692813CF4644480EE9B02991BCA257A71861F00666D9410288487618D120D0E80D7773E2B7DD180E100EC98B221C94BFC4FF531A09B986230F1CD08378A8E4D0FDD7
310
D9B1BC75F5C12EAD7FF83F3ED19EB018620303C217A6A35D826E72ABF2D8E2BB1B783F6E48D2E3F360806E1D192085D022103473A10375B63853EC54F500B5B064DBC20945B88160DCF7E4F83A0200BF6FAEAC88E9F54D22D898E43F378D20B51B5D6B1457000922202800DD401A9266483029C0D6D57ED80D42A0E6E08835
310
F0F3AC73D7FAE6D56185F04FC44472B854EB7D9CBF7134DF3DDC35A9F6B38417DD6F508B37C1A718B0D054124176F7222F62DFB327F34D451799D56216880193254FF782D7DDE26C271BF38C6E422E271CE4AB8823C9510F021126A7A944E00DB4031D013C88EA0746C96D4574069BD5439C4110403B40020C30B07A604F1E
310
41D19C21A93FD9002DFC35F23B1E7B98E95E38387E3603FE7393680410D702FF9ED5A3C5E5CE68B5827D721FA78F3A9A0C08A79722D9C9B418F46C0057BB1640C70AA4A03D29CECF33987596D53CFB27B32C3BE304C540E14BF8464E080918268D254838C91A01F0FFB99154FD8A9C0495EAA6534A6C464440B4A71E16100E
310
7405088122A35F7A511DC003D002E6C8E7E15F6D1D2FD09014139EC11FDC89394621F77B9F88EB5A583C41E2FEDBC8F82334494C0BFA97FF3C3A34ADE60385B60E5A30CF036E5E75370BE3B83AE73B3B7DC0BB337DA0045299ED0C66681E4AE223D01B1BC3BD4C921E2005FEB5114739040758189BA8A320067B62A3995E47
310
20055065AC2B4A8006BF8CFCC907C0063EACE41813C5F017065AD46CFDC6FF1BFEE052932CA3478C8E5A6F25DC8503D40F61FC1B047E4DFFE8E84407C81F1AC7B5C79DA358551CD0D13785A9AEB38D6EB68A0A8087FC6543E7471082873CDCE5CBEA1EFC5CC0579469E225428E9A43D6A6000B4219DE52E8DF00A55F4BF503
310
5960661C2DB88AC1F67C2890A93FC420193C8326409E7B595FBBBA9AE1D1511B3F6D65B09AC10A71C2317201A603E88C56CC68C91279E83F5C147787EFE6C675F00941D23EF092920330982DF38C65EDFCA89DA98E8ADDECCD77CB86D85118F3DD9884820B1128010D02F1060F582871CC8FF42024C02239273A1CC3BF71E7
310
70DFB7E96081682803188118B50310BD620234F230B12711B063E0F0490FCDA9248B580D3D3DE944A30CFCF2A1E0F6E59E8FBEA289CCCC943785BB8880ADA9C2FD70F6A13F5418444E3A669273C006C4B4EEEC067827539FFBEA9CFF04D84E7F170480037005AAC8829084329899F90B5E013927F8E646514B4824B01D11F7
310
2C012CEACD163B6358A4454A4221D06E68A71062520649BF9E9127D0772D6E5EADED52FF216BC2FC513C7D3C5CC4C8AF009811826AE20203B076A2AA66D8D32E317DEE0EFC000FCE16D9E0BEB17C74AB009256C5D8AD1CBABBDA61402612C675FBD72D07E633B1A42F2421208CE01397560811204306617A5141706105C9F4
310
984C459F2D0F6C392FA05BED808512B0B9A8A9FC6CED89640EA347D31F0DF76D3D9E61E800FE9F7601BE4C9614A1C58E6C839F13A12D0EB426DE6386B82369A9E6A7F1F9146EB578A2EF4289AA109B4F6CEFEC0463E0072A05CC9DEDEDFE08407B173B8AA65399C80B2911252E6290C82CC1B8909140C11B7AE161B42B9390
310
5045D017E00CED6D27AAA15F2C2179F1E83D411A7020B9408D202381E7E5DEE5A9E7E5CDE3B186433F488AC81554BEC09BC579018ADD1DCB3D9D70F02B14BF9159A4DA376225FE43DA224FED327941705DA582B2FD1BB5DC0540667B650BECDD1D5DDFB0C7F36DEE2B94F6EE2EE4E426F20A1174C31DF153321A24114C4FFF
310
25E505475F6906D4149B21F1BD9D9DF7B059F8E0FD83323CB97991FE80EE131A9003B81C491B218B1D42C0C0D593D9D548003839DC29A740298B0C23F0CE14BB167BD61989AEF0B985C8FAC8F923A73F31953989F0F6C96CA6C4D0A9A88184BEDBBBDA3BBADE77CD8E2FFEDEEF46184A86671D7DDC51417477BE9F04804F30
310
5AC82C2D018A21EA903866A0F959FBD4139916D036635EE03DDB7408BCF0627A03027AD314C09B0A27F0A79490D53839D0DAF1416995CAB24101FA63F75029D57A4CBBA9FB4D120ADB17FB5A999FC9420DFE04FA670430B90FE7F589F7FE8D50A4B5F004CE5F07EB4EA007F8AEAE8E8EF7DB3BE2F81F42166C7246FA9E62D0
310
2C8209BA1024414C483498B50229FD923F2414040B2081390AAC353B5283EADA12A30B1080866D746B9ABF5BC107F33C2A015B275480759334B83AB02175EFD0DEC785DFC505E0064F4EBA5A97073A74C5C9FEC97BD25D819E28AEE661FD2732B8BBFB1BF13441B3C1F45E8AC1752BBF80C113DE960E0AC7D9D02C58C80505
310
A19BA0E84B14402601A590A4AE00A825E98C3212342302EE10FC5100681F86834A2804BC409D70270A2091DCE874B16BE0706C974EB3D26EFEDFFCA6C4579AA4DB781708469F055532A7046C6BEB0CF39F3ED2EC4FBCA3D00EA91CA68FD2B87B5C191E0EB2C300F00A1C9881F263571C6CFD83D079D09F176FAD839340CF03
310
0F70458F81F09AEE1329505150CA0A00576B56C06D58070B23086F685E44232D9D53DE3FC3731044F286D19F459351863F749F1104198D6E14BBC68E17CAE70D7AFD958E350BEBBC70C9C4DFBA075240DA27D40AD7DB063A097DD3F041EDB3E4B682A7A12A548F3393DB01945547175879989302521EEB1431B08759B632B1
310
74E0F700E774FCA1BB83F95029ED1A084288C8893520E49415E00DA080AE8027C34206D35491D050A4C6B080F6A20889A2FF82379AB6234F6710C05F9080ADF002B9C9F9C583AB220F45D618D7E7F7547FB27CED8A8B7A7D24EDA4988B0C1C2A1AFB53FDC61BF3DE50D63C560F0120B0372F0839DDDAF13E583B868717C1CB
310
8CC71D1D7F440CC82184803144196EFD58BBE00B7EE77DE8C015942357FB06FC906A5E2B8882CCF9FFE184B0035A5CF186A962A63F84B3AAEE3D5A2C830008807568B6A9F424086D2095A3E262DBF124350082C4B5DF4704A9D2C93553DE47BD6766B69349610716999FA25854F759CA9792599D3837ACF6247CE8597B0F96
310
0FA3EC45B61715050260C5844FCCFEC9666BC71F875B17E3BCB4CB151405D7D08F846B4CB952248B4603CC402B609E90F0044A007FA800EC46D07A51232B00E5683C55D5096E1374DA4FCBBDE2C25A5B8D26008227CA7758033D7D70DF12CAF7F247939F93F1CC63047D63ADA0B7CC8771B234D8095FCDB577B586D1834062
310
035670E204B245EC093FCBE15626C10D210CB38A13F50E10A0D5C0814B0C4B30AA9858516001669002229618F100767AA3D6D2528595FE7A398C2D2300ED0013A0AE60B91644A057327BD3C36BEBF48C91279B45F8BD145494674AFB211A91977CB838DF35DCB3D6D6AA2FB2784B591ED785DFD7DB77747DAC9D2F7674810E
310
FC2895F9ED8007EC7885101679C06F21E4B1C8A6120956F80518D1DAF1717BEBFB5803E20C6F2A11B2E48AFF4AD2810A70054623E341B3D1ACD92DA91150DE631EEB2C28882D092049C0DD38E262A7BD6F98549930C9D44B7C37028AEA9F8C5628A2BEF5704C0DCB2B428181B1BE766F43014498D2E57791E4C8DA6BD2ABF5
310
003F0C40202E2E32EDFB02852D16C30B7F646B98FDF86C7891690043128B0A0DE6B4EA27F08C30CA34C9D0AA0852A5997F8D11A6EE84E040B20472020256F4AFEBBB74E6705A12083B249089218E6452C8E5A69717E904A3F5EF3D5D08EC1F4D4E85086B238CFFC11AB9AE972CB775616C6D1DE04DDF073B4DE3747C41FBAE
310
6072901CAD0237100670C5A00C2C3CE063610ED824826C1F6650700E88C00B62468903A0D71D3A390255AD7040048348C56C4647413C2C2561216E0C469203EF06A5B101AD40D0E207F78B124747DB5B4BBB4E88B1C373C114E0470B345156EDDBCE1B4DBDF81DBC400746B0B54E05F693707B89A5E430982C2AC7D10DFF11
310
D5B102B9505034B35D07E8E5F585757F088B390F2D4C85CF7218E8418BB4F25B885053D07D5A908326809F31D6CC6B77CC948413B28664484439D118DBAC27DB5AC40C1AD166F25E6A2F0AE82100C0BF220405323E1FF80DFC518CACA8DE1003F3C9FAE9C7B2D60703A0004F8EAEAD2DE0F5485452D15B77B4B67F4C2403B8
310
D8F9C533558ADE058A9E177A1698F75DC0EB4C800F74C0270178C8579C1FACD025F0560844502D2BBC01E620030CB93636C1041636A693949CD80139FD15BE107F905590A292840F8860706D07E2970A2F15E5B13B87C3143CB2930374CC46A6F9B9D7A5CCCC14E11B9E879A49FBE27ADBD6DA82410FBB94FAA8487D61B51F
310
4BE0A03FD08743C31020D6628ED20305A22C2C2FAFA7ED1E7881C438AA5B9035F20759E243C51F34D0D5F02F11403B9E204CC1686C0B6C9000470561519CBE1B0E4FBEAB37A39EE4B84C05F023858779341991F36D9D9F351E7BB3B5ADF00148D9D05784F9AD8B037D48C01BFA83D4247F03BB768BEEF973A14E610090D4B9
310
6B1EEC5C5E66928F28EBEB6CF578B067DD83086081579848E60DFC7684044D8174993C39F886043481F6A2B743B18749E52447CD4D230513032D20D20206E536E15BCF7B7D211634F98FF9986287F33F9A94615A5A0A7CACF8DF5DCC1AC6EF9AF1945EB78E0A2FED1DA2ACC00EF983F9A012260BD722EF61C9DBCDD8719703
310
ECF839029010CA0B9F100B1D2842153E01A1A3837AB579516A31982FD2908A09100DAE591016CBCD4B011A2F4DE299E1338CE065DC4841BF9895D8C81714800CD08F5AD39601BC929B55D291F6CDCEF2AB40DD5D98F4E6F107C47AEE4A09A079C05316F479DAF4C2BAB83221BCC0CE23FE3D3D4C7BC9AB673D89A3677D6020
310
F6E182332028012FA0FBE0B2668FB85485902A8E7FA0BA2105C213E20BC2169211A4BABA7D693C3F1DA961F203694853137073AD5CD25F1C017DE0477626D7BA55B88F83B5EE513C41D814639FD1BF759171F4577D3CAB0C3DFF68B2D3B1F8478C18F67BEBB2598FA76A4545E9E961BACF657E0791D2373030E0EC9FAEDD17
310
BEA7703A738185D08236C407448A4CB504CBF01FF43859D3115488EA01B55078000DF085911805790DE1B41B6F8CB2889C3834FE02AFE07D85143C6C008438A944EA63E047023A7EF37E13B0903AFEA7BBAB9579330FAFDAACD540022980B65A75FBA17D388F1E6576405CCE7032D95BDA420E7DC0EFA320879E5F8B3B04C1
310
D2D9C1114210C19FCC49DC6A855E12010184DB8968109ED016E4683CD552A36B3AFA13BFC2114068935A7E774CD2C7225642B73325938052D8634ABC18DC9442BF9E0402E85B42F9F3273672DA8E8F1070405D1DC3248487574CD98092B8B956E6AFE1566530B78FAE05B4A0DE51FBAF85DD075C7E11939F80E015A58D1F87
310
E400CFFD2306C4D1D3C634380A201545A92BE01F445800BE12302AB477BD6F62600D211232EB061448A0D2B877BB940D63D059C37E0569A83DE93E214F4BD86209FF6F479C640AFF8AF6D1BFD987D029A94DB7C329B4184D4BB013BF912FB88FEEF913071A8D82B651BC10DB067A7EC52FE1B421883144C00F64FA23A11CF7
310
08BF16CA59F18D4C04B8085964B2D8DA4A855187000BE440BC816FFB13374640B0EB1D0998AF38A1AEF503F14302E2811081FC12EA6CD38A63B33035125F40F170C0B0AA45E9FCA38FC6D688D48563B5C4B4B7C359D3C7AE0EFB16ACD5E2FAA47EF8307044B4EBE1C71E84E742D81431FB06B90B600B9C239E277A57C94C42
310
7EE10E7826980C0136600D916A06058CBE8604DB4D314FBC014EDAACD0820F14BF75449B70339490FE5A0491221BF95F949DF1235380E969AABDBE2D32EB4403D3FDF17F42F9A0A7C28ED75BE86BDB7C7EC80C76F86B8800F77B305EB88F00A4352E0F8089EF811EA02A3DF08F7DA008F803BE4B4EF5F41E56087099E92070
310
8C3D720916444440FDFA013D4E1201414123A09290F5BD7AB729298209C4306D007BB0829FD4EC3A6D7E4F00B67DF38CA0764F832F0448E58439B952CB4F70DF964AFA74CCFDBABBDF273E2FF4F56D3DBFF2A78D42FFF2755DF307066497F44062AADFC0CC546F6DCCFECECFA232E14F408F05477D311B683A35BC245FCF8A
310
5CD2AF20022C21022266905A5BCC8B20235D6FF04019CC04058AC80023662E25F342063165956320BE50370F2A657BACC817DDA3DDD3EFE04028645780A768FE38DBA88BF2EF3ADADFC7FEACA952E5A77568ECF0C971DF32BF1D24F8486B22A649EC81B1B60315CBEFC026091CA45F858D7D04C1B437079431E63E38F88075
310
8842E780A9E03791C0FAAFE10012588C3C592FE35461A6047802BA18686887023A422A49599399893103942CF6DA53A8E387825FA0678B261F139F801E2B17C901D0F5217E07AC2401A87D0480F753FBED44FE949C93A1D042B879FCE499B3D861AEB23F9C1F372F0C24D0B7D6E70FE1AAF60F84BAE642D82F0A9F53E22783
310
915518494FDBC0AFAE7DA282E5050B703570E06319A015E00D693A6BEFFAE493941C3B08C13B96BD20D0115A9565701DC58568A3009DA13E965765C03091F0FF339F7309D44F6E61F837F1B1FF920450EB8FC48F9B40158BE89C81A597CFB0DAF5F5755D3886DC13D4479599B583758CBF35663AA234F133F91D3BCCFCE0A7
310
94367F385C59B19431780F1C099131384056616E15A1563B50021D369C593FB292685A68A8B2A50A0A2085CF05434617E05FC24A6B077B990014421A68401AC4D65788EE25F737EB780D08A6E38F060F2ABD889E1B889C44852C2FF368C1E3E710D73B6589EA83F7417B341ADA1F639A23D15298F087AD0326410E116C3A1B
310
325218433C71AE62C07C1480F1C045629724A076A4BB8D622D24690486727F56108D07046DAB065000678E04C4F8C342DE27F4AC102D854F2D08D59B4ED0E4F697B0FF62F113646BC5B7F3131D4EA8BF8B265EA3F2026E7061B96F6DF3D993276B2180B8E57067587428579460551049049B074CF8B1066C7E14C705F0B392
310
98C0997C17F701097023BAC31081390196801FB0C2A12380042927503D5A01CA127F9841B460310639C674BC8CDF1A320501448E0068905B07F6E5602F8C1F07786253438CEC51AE61FDB25FF71B09893AC026A9EAE3F30F369F5D5EAEA5801FBAD3C98B38C13EE017B054F81A56F05259DBDA64FE270B1FC4C77200FE276F
310
E814B916E222575ED717A62A92956504605268408CFE13FD61F84252228376060206802B9550F00B9D47E6AF1022538A752CF4FFF1F5931384A9FF8700EDD4FFA2B93FCBFABB3EA6C607FF714B0B8B04EBBE83B52B246092AB018C0D0002FC490849F1E214AE6FC42009D6D86616C835B65DB9862EFC4480C14137603C3089
310
D0A5588FA27E693DD184131BA4E88C35045ACEF1CDE1A82323C20B842F2419604821196EE8185BC834AD44F8E9B7549A32900196E9ECBBE20FFB4706861AACADBBFD9B56A23FFD3AB8BFACC18B1B5AC0ECD7B6AE2E2E9CCD2BE8AF1B1BC3A813B94107E82DE67A42E7CC7D4A6116700B5B2EE3C338A09B840F07C40A64800D
310
7C605AC42B72227C4C7020AB1F20056E26F542717F56534261DE3766AC10A6ED2D006DD03BA9DBA507AE0510A8B385C92363B9154167F1230C40D76AF6F3BE0CA08F8BA2FFBBCEFB09D0986550E0F0EAE2F2780CDF850CB0F88CFC2815FE87BD83909F474F45DD47F1C821DB2107A8817FD45384F57891B65F2543D0C1E20A
310
89B4A8DF806862AC27C60F6A054627FD344250718AC0FA21CDC4E28DBF2650D1B39D8B8A420C348A4F846E2BE824BF8C45E1DB8EEB52F576F47A75FF95F90FCE0FD3A7A08D48D5B9AFBE3EA658E1676FE3372FB57F0AD8D70ED4AEBA3D4C2BE0AAF1C3AD63A6004D12900CFC481A47430C9EACB390038642C8C41B13303166
310
614210592736B8603AD4FAB17189DBB32F3915F0C380795A089A15228460BDE8E52203527D41B5470901B088D84FF8B3FE2BA7F4FD30ACAB3DE0B7E2FF95807AB0010FFDE3A048F7360F9F3FB9380EE537F16F8673131325D3351A3F664022020811A0FE8C019CA17370725CBFF64132025DA1BE2555102212E80A907FB43E
310
D80A991A8AAC183932C19AE17524B06590B6AD286EB99BAD18FF4BD64BAB519202F992A963648ED30E7521F909F090C0213E367A77D8836BEB6F34D92EDA624183070248351F1A079E5D3E7A9EE81F2CE6678F92E299EE312B6C0572C0A7B5EEE07853612403813152C7125E2022A20C18F855DBAFA399817FC97FB6E1CDCA
310
31D348434ACD0012F0D32A5456B4007E6E92D72B1A4E9971223A42C1042819E4049C0C5801300C0013FA48F8944FBAE71DAFC27F1826FA2304ECDF3F6C10FF47D5C7E49748DDD687DE8E91C09394EE0682A4F84CFD6067EEDF43E67EA46CB2F4070160439245F00343D03BF25D7E2F26FC400A896DBF19FB8D4D0A66DA669C
310
3D608F9CD048A0533621B25690EE19D5D15248E390F042B12C682511B02BFE3E5700E4C9A9B2107A8F45248FA48234FD23005ED1F4EFE80D1320836F04003BF42856D478D1DCA3ABEEE3C68F9F30C3A16E5C238EA5DE3FF37DACC2F8B7980033F47FAC34421EF0418A045394802CE032D61C70023D788136788613887C0011
310
A4EA316E005718AE191F8D0D841B9C679CD2FC478442D005429166F5A24403B1E6ACF3298F388B6D0BA933D92339D48969A5C11F09B4FF017A9900A4F887010C474717E10F36468032FF33F4AD610517777104CD920C3CD15FC5F3B3A0C75BBCA3B00F2724863C10BCD4A0E00736C7981F2F72E4B001438B99714FCFAF713A
310
2603BC710376A1715FC602022202E06FDEBBC680A3DF1C4C095A12C50B554FE7623B50374FB2129DDEA4C392C9188077658C87F55FF92FFA507FF03FC8DFD3F31BDAB46DD51AEB03F7E1B38B8B87CFF47EA1479C3EBAD5C6B382C221C0F1B358B39D76D9D3142C4A20935F541E492E0EF081BA41B3620A8E172B584EA14856
310
32E22A8221CEDAC6110AFA4B6D43E2B76A18AB240BB24337721C9321D2C033B2D3E2641A55A400A28403C12D1DADE39AD23FC5FC08C47A64DC3FF6DFF76B5235124022D7E6D6D5F3CB870F9F31C96FE477FAFE54100068A3A87FA5908A2C08011CF31309C10025B089FEF9C510522B8DC07C30AA469841723A10C08E27F00F
310
7FBC181C083F2809EC3B2B328E294AEAD5A071B3A95C81D2DE3F930372D022C9C793535B92FDAD5426E90490C3C81D000017C6494441544698C416520C1C40C71FC204B22448FD9303782FBA67089A1A7D4CE38E89050FEF5F1E078A4DCCFADA058032C34C1CBC2E1202B1F8962B1A8024F0EB7A11F209E96FB369D4B64202
310
FE7BA230AD24C46413536EAE955B341B726C593B5D4630C0BE822480908522B0D85430230352618DCD4F7BA6D568BF4343801480006658EA3EDCBFFA9702B4FDE9022163C43F9B72B58001A23FCE6F0B3FF0E4E1DDFB9801A6FC42FD0132CC1F2224F89933107AD30B6C9131A53818AE944BE25A70810821C38F098411980E
310
46D108F483DC63F49B91B852351604091D60546702F58A3872A1716411B642C7629C267E64E77719F46B0548FD6BFFFC86A38DBFADFCDF700228C124C8664FAA02BFB1F92B09800876FCE4F2D1C3FB4FD0A44E0106A8DB8079751CBF0BD9340066C3D52BC64706467C05B5A54401BE4A1B0132A55EAC1CCCB10D378A3DFEB9
310
812022327745EF2102886A9142C812A1A2C9708027BB55B7006357459F9C2080E0BC34489FC629510F3017B62D5073E2A2C64048A0A42580E413BA9E08274091A398EA80B5BF31C87BF5ECF8F1C5DDFB4F22AAC181F070AAFDDAE5650C4000516440D8806786D874215149E69ABEC43FF0EFC820FEA112B0522003C84BE03F
310
B76623513B6D840820358B084119B0CEC8C00AE888826339A54091F5FCA513AFE147975BB1A86FC50618D9D74502F0C7C8815AA306602FEE3A5E79E0D7DED1B221001118B73182CD439A092FF801105D1AA14E1918EC282F6260869D55108065988BD67F68E5581720A708051F7C8070F582389C682BE53F2AFD85853F2A01
310
3D21564028E06E79B7A71E43212180A81541EBC88F451E02385100491AB0C4A3BC5309A95911E66D04C0B448366988ECD204C2FC930F8CEE8FA410EE4C25B58DD1B6EBAD83F6196670F7DE635282C0A56A851AB035831725F0471A10FE52097089C80495804100318405F0DFC2136004B4C40705EC9154315129205EC35793
310
0035688F61AC02188250CFA9A980233925F16A117A48CA54DAB6400221976B75D863330942E20EE3B00B08FBB71AA813B0E502FD2B023DF70114E0D7DF2E2EEEDE7B789504200112075478F2FBD6897835C91F0C20782401E801A2F9142700B74805703426023A81CC0BE88B537D0003E0C5181D29EB8D83050964DD258091
310
0A1E7A8138F76253DC01DC2F3824391AD748276C0B0CDF12366625D038603D0003E0266CB42704C8CE7FA7F11B4D59C0BF454A78F8FCF1E50513715D469607031272358F04E0003C90107223A581218F10008B10247CD20D860FF0BF48801040B361808148714764028EAC137E871501EFDD97C89B52107FF1235B0928C562
310
530082573CE137840EFEF82A0BDC602736C595912FBEC69E6A3A26903B3A300C5A098A9E3F1810CDFFBA019D97B4E7A7A075850F2E92569BD960CA7B8304995FD006FC4213BB1448A6F4BFBB3A9F9FC4962D0A1369129B10073771FEDA38B1737B663A71C088D8848027FC3008DAC4E4397A6F76271DFFFCF77D6BD7F1F67D
310
A51E0E08875A6BAFBD6BD7AE52CC04A0B4A2206F650EC412841A48258258E8662C3838FBE21E25172C2A15A4F78D82DCF68A005DCF07047C183E1CE47731BBCCB5469D9169E0D588945BEB637E87802A03D88FB82486210D28FB3B858D13DC7CE75F5E6F3B03C1744D30CC58C7C7A256146853A05243060B850072A7010CA4
310
7CFBF9A1E24F414037B8781E8E9F219A774B36481CB43E48A79819D638C8760D672FAC19FB9D3FC5EA9158DBD0159C27860409682E8FF2595652FE189D2CC2D7C023E944158355806FC320087CC74116030CC376C559C098B93A041C5DDA48AF33827D2327DC761D19C17CC62780D82A170E6CE7415A5E7FE825E053048F88
310
D2AC2A561CA4D4C60098DA28EF1A01382772484698F60C8DD24BF396EA76260542810A625978C03580A9CAB91D10249BE579B0377A3DD15749A45F24C4D81FF3D7D7996F6A1690288008C0FF6CC186DA9D5FC95BB09B1301004B016E707FDFED306A1BE8FA208828F00BF342186839839F1F6FA338DC5A0200FF383DE92614
310
C03A4508DA18F4D85F9354F7E867AA77A42FF49BBE6757A1A7454448D0BFC3C220714FE43A3D8F1547BE10F0BC5A05985AC3C28829A06FE24CD062700601F4AF12AF99099B08E7071DC4626A97C920C3FF96E190C9D1FD7CB6163E800D79E5F3F10A9306C02B799E80F1AB380E0571A584C0370A220C3125000B500900D96F
310
EA40409F980E2083E4EDF4D8D2480AE5667222E020BCDAD4EF19682120818FE18EC7FD6AAD67C03F7DF1955E697456F517AC4F24700C30171C67E9168B109A4F60AFA60F98BE30941BF776DBC7C70792A2FBE98AAA97224F8BEA39B47BFD14A8CD03320DA2B676E3AA397E652E30A42CE2987B7DA1EF7F75242413800A04C0
310
270C62A13372400B435ACD84B8B5009208F5AC73EB149FFF3508E21C2201E0338BE07E50EB47E7FF6D97724A601028C5519073E7978EC88834410450E074DD58AD13A4900103A6444A9CB99103229F0EF8C0C78161EBC68137240734CDCFC349807851E0EB46CE864D2E405ED341B71A390CF2DE20CF5193189E1901E866D0
310
230409684B193D17E2928534D04240937D3C84477494FC5E0FE0B448E35AFC19007926C1C6A6E622FDB8A12E30993C6710E070397C4B26304C0AE38218D19F01FFB15BAE1C0E7E74DF75F2406E373C414E848FF8E500EFAF3C1029C9C0ADAB2313A7426CA9B2C1B9E30032C84EF31A09A88A386F136E8C2F1D582EA0459207
310
015F10F1F001F0B1B7DF7222011EA2001F00BFD36BAEE0850928B08C077030FE3806C880EAA74BCE0863A952812E6008B3A89199C1EE918AF96AF583F1A073B0A355B9D861AF1460DCFB3BFC6B7EFDC834B09700CBED3510E48DC7129041C991F06BA5006CA6B5B34EE21501374E8DFC910042036111EC9C7CFA1C05D48A72
310
70F7F835BF04A4194DA4CF76CEC66718C84CD020D04C412AC848F03E3C61A1C8D50D0EA6838A00376054D3DF61A0E393E1F8B058A6C994093476D601A4A06F0CFD3C0A6BFA910E75CC10400A80FDA93AC9B5EA4303F6C0D188B559086091CC5910137772E14F2376D03181B5CFE74C0EA38440D0AC256D6C4D104CE05302FC
310
C00B60B9CD4D71E08BD40C144A025E60D4C1F45FE846A2105D717EEA84808A5DD90A168E133640311CF05DD870768683F5D2F1800F485AEBE5CABD8FFA3C0BEB33702493AEB551B1EB035EF5C8E5757FA7832141F88E8578A363802B560007AF93D7D470B478C4D00B412D634C9140C4F9275C00DCE8DFE3C7F8C0AFBC5B2C
310
E82E3C3BDF393D4375D50C43CD1C17E3777CD2C170725B7B42B41DF15BFC344DAD089C1E9118522B4A2C60B794E4E8F33081BB7C8CFCEEA0B2015E49D586429C6C78646180B7710E06018A3082243C275F077FBE412C17DE80D3E6B9462C5204C5D980D1DF84A864401C483CD01B143F4A4868087A0F780F37230200A4FBF6
310
AED325114C367C22512750A5C7C3E32D545CE20A0904183BA10015DCAD89864B3E1EE97EBAE8B204266A48E010511838E2FE413FB116E60880C2D8440AC3880DDA6DF6618C138CF1CB2A09637E18D00F80CB0DC05322E31EADB8081C29410903F06BFCDF5AB46024E4A75828056440503C707856EF0C037623DD4922A400E8
310
A6BD75E4D2800905F18450A00CEE88860C8964C7B3F90F56528BA18F71CFBBBCD2D05797E168FC37DB26DBE0DD2EAEF39686C18440820013C1444055402A541400DD362A0A402F1FE51246404E098249FEE30708C10CA0B54601053159480C00BAA9B1223A773234FE72FD5C3BD81804D8D196FE3D5315A0C981D88D04FA01
310
DFC185CA93F9120E1F480B08063364A0A318F08DF95056E4C91F1150D31B011200383502E079EE43CC18603AE2F88FD139C802A739F208E88D06DC78267C448C27C4113C19B0F51B0E9C1C021CF8F9167C6B1F2E10E461002910105D1042792D1CA303F469714C018C23D72179E165049C40E801CB96CF334562E5807291D1
310
E0C70FE6CAD91656715F0E5C5E70F8D7F83290549B1BAA6F781D25180EBCA93EC84E72A74081CE3020789B3790E1A9E478E658C099BECFF01E530E80EC5FE31204ACFF70AF8177A03059240CD074978A002A878BF883FEEC81DD684E406CA630ACFDE87292822A11953710F000885D6F68A67ED40CD772B0828359B753F7CE
310
23D9479AB9845771B389D6A77130F8C134EFC83947392029B10E4425440A84AF0E54825228FC1634D369874739C837A9DDC83C20D320C36042610ECDFA750303710224D01202488012CA847424F8D53F78AB6BECE9B3B35A7F32396AC6B7444566327DBB4DF06FD9616744F4D3A397EB3B0A3FBA8D763702883ED742FE5CD2
310
4146D8E353ACCF811C806AE09914D8446E93840FF4D6C963FF32BFB6AB015D1D3B0C9A0968776F021F21404B6260CF84A14F35180CE20B5E85BDA2EC91FD5A7DBA7E5705F4F0F97AF26CE18E3BA078138202400A62930FA6CC7882F911A92F33E547E64990B0F27323D73B6222863F86425153FA8009361C675554C25382CE
310
148420C8DCC47A20122806CA178A0918C14CBD33440289078A00EC6070184CA9907FD0A1270478E0B325B67C2193694EDB7DD0F3C238447C8A11485562FB4902134E6AC952FD5320A4F7C780882DA9684285CD81D278C0E8FF8DEC9F45D22DC3C2CA99C2728110888799575B6834BF22B0F01EDE72D7F21B672C40F0A97299
310
9E2200B7C91403F9BB3D09C01990819238CBAE5E7510D7D57450507E3DB04AAA0A3C280064E0775380C8C16EEA4834346A04BF0CE847B4B3AF760D06D24BBB267C32E2C9257DE5EB748AD101AF1FD33265E2B674EED8C01A0AC901392211011AC810560F77778E85B13BAFE3E25C95B70919A4862C15928BD8989664AD8638
310
101D009A80F00BDC41AF27602A4BDA0C077E550048E7F1011410F01405045E1C140B4D0E70E0F6E034171C3D6FD12004FCC1FA304312518910356628A4A326EC9ADF5DFFD1B2C0399503F14B4F8E3E0E4E39A06ABCB56A8014687E86E462BDDE5124615ECDB412B7314F62E6E0C76ADEC0F717B360E741960104CF1706CFA1
310
8E0605004B01AE007869B095ED92144A807841EFF2811C047889A04901C809062057192688C92346F97F279449F89B113500BAD282D1DA80A55C27EFFE02C8D4F395003F285B617BBF0831F49B055342DDDD414378E8888E92C16789F269A27C9A221FAA4A0DFDDB9F935B2ECC04DC51481558A69301E0460B02665AC4DD30
310
C03D480866C3409400051811876014C0F294C542821AB045011A3E3F09001FF304E3A0BED05CC11A811B865001769507FC01ADC611F400CF68C7B093606E30F3C7E0F00C1D10C31951C1E2D7252181DA00345842A19130715C736EC9ECE686A712FDB31E4D3E50AB336E5666D7B212C0113C4A4406029709B43D0228F3FBAF
310
49921B19CA0C82A2D5BC4A2079809240F37D3E10F9637607C3983F0458508A98B8B4EFC92AC13530180CF55359500080061DF59B98BB3FEACEE881DC8127F182A885A86FB12B43C590A4380504E32305E3148BBEEB2D2782029765428092545BA5C2C681FC5F8E869C0EE1034A822FF09A12C94084505AA868080303473F81
310
61F7AA0A6610745E280BE4427FB770106F8800EADABA19F453210435BDB2348471B13B65F2FCB554827632C4C44467333E4127095D22092ED492009930413251B5408345065065E415266E20279A40B3F520370BE2050C8360E6BB4601C1673B9BFE007EF5200B6483CD195400A783E6DEA0653515B0FCE8E86D1618FC1EFC
310
15C2E727F24F2A2DAB57326D8D0877D4E298894E7A0C3C7D9CE8A0E2D17AA2020FA1097D6372F2A9F955060FDD467AD0426368C24A8340FD0D6687A76316DEF5179ED9042005A2BF02A5DD810A4DEFA4A8F700EFC50FF4FB8C06410F0303C106ADF8852ACC6A2CA9046E9ED070739339857222CC009E206479886EA26227BF
310
7A341A15C351A8404A6C10080A2140FA4B4E8D9B9A11645899332363FD69887F436A660566964250FD752E787B64BCF8E6C8190DF8EA0C854C062D8A5A1346F810414313E606ECA0AC3A01D6928544029D5F42E202C0CB386F880F7842A31287061F32F3CBE09F2950783394F2F2B23D85386C6F51943E99DD10C8A0000BA9
310
569A14805693274BD0E4F4DC3F28E331EEA91C4F33ABE057889BFB92819187840A08E57A276A8BFCB75B0342668C70C565C8059996D209C2800941A21FB82B2F520BC2E6FE6F1A8827043DE17000DACC8193E78BBB8DF1467978C06F6AFE986123E3A95272CAC122046F4C65C4B88FED2F1CD1D918F7CDBF8903BF1A90057D
310
42F4DC133AF804ACBB58446A0DB78806FC053FA1E45D0AF1112613CC0DD976C5E70AD3282F42725C0D02AC8588DE451B1C01ABF063E7748A3882F0DD484BB78D037F9812240EB88B6034C0AD53E5116D4C6D920C6A89F084E6D0598AD7EB6930CC7B293E27A666E5CDFE9A3FA52FEB3C97976FDAAE9A60008FCA6B33099CF9
310
880D35D419FC687D424378E3099441E110C5B3C6DC311E6653514A67A530D863326C4D8430E0C28024803B5B069B0E60C10EDB6DF087034171DF01F1F3404B27B1056D8C0E56E7CA6056E7798147BE4C2F01CED5987E413AC6A724876DE3F599E0601CE7B9CEF3BEB3671E12DCE8AF9631B8031D3F360B6955DC2342B2A0E4
310
632A00264C0DA002220CFEC3E10D9BADC8904D88DC51928593AA16C91DF6FFF82B3234404C7214D0F8608E0052283EFB2B0563F1D072936C4017706010BCF1B16CDE0C1FA9C777E44E1F5259B0C9BBC8794A82A6C182A3AF56B16921405351FDDC91B5BAAA617860E8D76C97C377FE701A4EB4378FA97C2C8E3CC8950886C6
310
FD93AF70A1F5F676B7ED16CBC56AF5D09110EEB8607CC08A795882358280DDB98AFFE7087C6EB593D62F041CDB4018935238E73F1098100D0C8769818F777057F64C703C6530E142FDF5C837AE1CF66C94C4887D3A3726AB990DEA248F73B5D32C8E04F6714B1E67C53FC52040252E605B322407CBF8C7F05453462A295ABF
310
4D95592DDD76AC23512E9A2DF964715C80DD752CA8E263AC36F02C3C28A133EB22AC8D099BDEFDE28C3E8FFEE3815D5D00C17C00511058354D62443C1A546280E43572A9C661A34FA5891F8E7570608C8DF21DF51DF9D2A84D4501F41B8CD4F4C9DEB2F901E810C0E4CEB6EC08DFB06341C864CF8D0EEE779A606545E1E64A
310
AF30A4324C20FDD3BD558BD966BA994FA915CD162B1978642AD01694E533EC190368A68234657085B5F88E27A0805E04B8BB6A00A51646EE3C10A50FF007FF410F1963CA69BE2002F0F902E701AEC995FD41F83A3F0C3809A3288A083003A6CC2A20E6D703EE48E3777AC07ADD51EB6101603A9FCF17B3D5928F6D742EE7E4
310
CF38AE2B03C5FB39C81D7B2978FAFE85AF3D2710B0582C970F0FEB0E4D1103B8BE2B4D560CA10002FC8F334C891C07B44FE06B2E3ACE5E1E2D1FC32203110ABF9CA0E8381F68EC3C06701328E5A38278A5FCD944CEA5283DA933DF2A2448BD23F1C5D8BE04CC2DC3B43B3EEC29F8B5FF926D11D3E97EBF7FA1BD1E5E5F5FE6
310
D3D972F548547783146ECD84873F377C5820F7F9FCE5E07378D6CBCB7E036DF7F7104079A05B77C6942D1BA95D47424BFC3DB6411009A42E207871B7EE9B06614BBD20F22F7523FB985F3F7068E37600273A3ED0C1CCC380F6EC4AF01CC1CF95E4848B7BF950AD14C44F10460221E02D21D01DAE800F323704C00035DFE97C
310
B37F797D3D1C0E4FBF35EE1E5E9E0E879FBF3DF6F474780A01FB3DAF01FE0C0798218007C2090A3008BA7682A338F4A8804A06CBFE6A80CEC766F49853F15B2F45FCEA3F8250012841315016E75E797EFEEC4ACA6C79F515CF1738F7C36E2406071051043817C9E8C5888D49D0332E800062FF54FA562BF7446CC0BFDFBF86
310
03D1FEFCC9F7FFB5A7F000430755C2D3F72F2D02A022820897ABDD44594475BDCCA4A10AF34C06B08B4AB58BBFAE30999DC66C7CE903A83CF8EB006EEEAA063430F84B05F0ECF644825F5E95073870E72A0771AB89B080022A0C5A9FAF34C89286257FB7BEA000EC65B59750C68E0815B0D9834B15606328F80709DE09018A
310
C2A7817F83F96DB3D562C10A0A31300230CD4200B87F85808BAF64D04600254047F9C14DE93464009E7F5AABB4FDD6D55142A2C0BF1541FCE19C20C899BF4F76AB54B84CB97F88F48ECC029FD253F0C70DF4816B9AC94BCBD653B1A283C4001A0337955E4AFED3FB790B6B1F5EA0B5514074103A38D84280EE0F5F9BE974EA
310
B2D16AB1EA969684B6E4166CA28264B300474C7308D20013B204A65F82970718D05678B3315D442E1C0A327E2F56556040C005D2FAB1326A68A07507C9E46A3648555A7080F5F50219A00E6222E3E0862CE95B5680930530742F1D041805E69B788161F015944D041182B861A2C17F3AF01CF5BFDF6C343F9171F5B004BF59
310
C016719164B888EA206A02AD05E8464D06B48E4381A0E9345FD171625AC22198F57C003BEA5510F81FF78D31C9B033D0030000000049454E44AE426082504B03041400060808009768375C51464CB48900000043010000360000006662782F35423632384338302D334433422D343332342D423935312D3336303245354330
310
304131352F6469726563746F72792E786D6C9D8F310EC2300C45AF127987122606C71DD918B841D4B851A43646695A717C52A85029031293A5A76FBF6FACEF7DA7264E43906840EF0FA03836E242F406C6DCEE4EA06AC22492573150D1F66C60C640E8938CB705396EEDD86DE9B5042FE27813D640EA63BB001C722AF6E55C
310
B61E4863F58284D5D3F53DD715CE1C3985E63FD7F1B7EBDD617E9F1E504B03041400060808009768375C150DFDE5380700004B1C0000340000006662782F35423632384338302D334433422D343332342D423935312D3336303245354330304131352F6F626A656374732E786D6CDD59EB6FE23810FF57A2DCE7BC81961565
310
45A1ADD0A9BBAB457BBA6F91490CF5D579C849FAB8BFFEC68E1DE23440BA0F6975AD04C171C633BF794F661F5F126A3C6156902CBD323DDB350D9C46594CD2FD9559953BEBD2343ECE8D19CBB2B2B5CF345294E02B932F9BF3D99E65552E9762BC4315EDAEDE5EFF6D14114EB169441415C59559440F384136AACA2CC6C5A3
310
1DA312D9FBDD8BEDD9F5469DEC9EA1FCA173548E184E4B6015D653A02239F0F49F2092339F397C83B62D18B6CD3FB1CD1182EB8C92B428511ABDE1AA739C7F84ABCE7181375ADDF8E3A9351E8D026B34F13DEBFAF67A65791781BB9C2C97D3C5CDD434E6B36D96D14601394E63D0E2AB39F7660EBFD3882F51E8E33BCAD214
310
4712CDBE0D319674092EBA9868C07A42B496426A595B0BC140E18F6C1B048AC69286B6124E7DB7AD37DBFE03201443AC9415985B795132D0B5C4BEF60777E6D4AB9A5E486124A8C48C206A50B265888182606BAD208D0CF7164ECAE098092D2A7A6D5EC1B0CFFB521F97BB8A52EEBFE65C785A08FE88CB427046FEC5ECC07D
310
FB34E009A4AD485A5E4A61CBD71C484C678E58ACEF05BEBC590369EC28DA83B580987C53E077F05AF258B05E99F33F6FB72F1B1E1FFA0FCF5996635672CB13CE2CFD4E69B0655A607C0340A971D5757740E52B40FF09906F783166A039465E462F23253B4369B1CB5802DA315CC372E1C335F8E59BAB99D33C3C370C2D561E
310
C314DCF62761AA89A19DDD82743E7B02A3CF582085DB4488824DDF9394FB39188A4133588278BFDBBE98F33504535884A71005E9E17FE6F04B03BE6A3A106F3A1AEA0BBF0314A51CA6EB67075DDD81CD301235AAD2643C86EFF8A7E0BB586DFEDC546C87227C2F1D7B857724252524D37E8634D03597FFB6FE243CF28E665B
310
440F4F6B9B2238669FF1B8D1A3968D548B21F4029CF0345C6B46ACDC13F0764A518AB3AA90EB7D712ACA68C6C2ED6B58BB70EF597F291BA80F9306D01BCB20B9478CE41C13732EB5D50442BB2528581862D202F7B556C36D95E4214AB22AE5A1F6AD2976F98038C32D11A80A6ACAB095D72AB231D9EDAA0282572FC9A506A4
310
F46745B8B6F011C4B13E7E19DE310449344B430239189CA5F704ED8006BCD33C1798EE42426995843B42218F8409CA8FD01F28413B733DE2D7E78CC5BD0475CB523EA96C88032E815520A96C55C77CA953869F082F33453E53D940DB21EB50733E3A922E78A6E8015419A330F3C922B8B858AC56967F73EB5BA31B6F622DDC
310
0BF818BBA3D525D4520BF780B840E010ADDAF90E54C9CB1CCDFFCA872AD9A68850B8C1C54671FEE1A3C89E570E8446677C3DF12F9797AE15AC826B6B14F823EB7A3AF6AC60E2FA37E3A5EB2EBCB1C37091552CC285E33B6EA84C324FF75DF4CEC750286BCE273BA5AFAE30FFE318DACD099A127FD720DAC4AE9E82706810E5
310
8F7643288A1E798A0A23A8FA7ADDA71344BB7CF4C5B977C665D70E5CF1E77953DF9DFA97D3F1F8E0842743B538E987235D9F0C11749E551966398A48D99F523BC80C64F95DD9C50EBC718D8DFAF47D03F01ABCDA30753A3349A64292A03D0E7788F7153DA1F49CC4BD596F4FB3A220292E445FF8A65EECD0746D28BFF42CDD
310
63B6A408135CA2EFB158D16874BC00A2390DA1832DF90CE16C1DD1B880EC598E51E4FD32A47A21FF6B58A024A7756F7C0E03CF5710A8AEA8CF4239D3FC8827B0CF1095A11B6331EA3847BD615F5514BD5AEB529F7E37F923F0A84AE817C2A38E185E6CD9636FCAFF2E210C4DC65E30B96854710E2D7558C97B3F5A41B71ABD
310
86CF98EC1F0615A7C3B4D22AF3EA42BCC409B4BEA8ACD8208F9D403451B6A5049291A1E312AD93DE59508A9E4F757D709868FA8E95C4AD63A0762529CCC60609F2468A5E2316BA1073403EEE7A87672B6CCE52FDE188F9CBABECB6FB256260741E07A8B0EB102CE38F5687F756EA5A0D553CA3328250BA11DFD63578448CE3
310
4333A791EB2BEB556D7BAEE25EF3909AC09417F1487BCF2FE85704AA868EBB70EEEA42CFA9D7D73CB5D930D03EF0A131ADD3FA7CB7E9508195C14F7FE118E1E70E05B9BAE41DF40952DFD6873941878294E8DBFAC4E3BF4517A214D81ABDC104B9C82881413E8E8D3DCE207FC3A8624087C2125C88BC0CC62B83947A8B30E0
310
E9A77A0E5BA22D554F470F0886D954F66F55048354C89957A65C37FE80D1299F5E8A8196FD08AD9B8C61A65131726582C596043A347B0B2330317014D43B234E706C94EE79C6AF9F6A7E1F1EE3E840543AC8D5EC19828B944C7326288573F16E01EABEFAC67CF6FDA22B760C54C2E5B62A1B610E0B07692408EA25422D1C4C
310
0A1F25BC2F50529C96CBB3C51E0D9241D3FC93765053B54AC4F66224DFC27BB1FAE2F069FAFAB391D36ACFD579AA63D62859BC53A7553DB99A8161483173C4ABC8E507E70BCBE0B55462DC1230026799254996CA1F0BF95ACBD83CC04BAAD85103C2C21939626020DF00845B54601BC5C5232C804619E163D41A594DEF4D10
310
6DE95D2982AB001ED3F6AF57862C8A5AC39476B4E5A888F1BF01FEC35FFB706F696F68CD2AC105802B71F370A116660E8379F9FC3F504B03041400060808009768375C3C0A478BE2000000550100003C0000006662782F35423632384338302D334433422D343332342D423935312D3336303245354330304131352F726573
310
6F75726365732F322F636E782E786D6C4D90DD6A032110855F45845EAEBA9BD096E09A97C8556F82752756A2CEE24F69DFBE9A5AE8D50CE77C0C678E3C7F054F3E21658771A53313944034B8B968575ACB6D7AA5E4AC64422CFF304AA20EB0D22E53256DC2BA0F69839BAEBEABDEC5FB10C5D54284E4CC758F9612E375CE2B
310
CDE6038266BA16DC20DFD9A68B66334B90B12603ED447101C609934017D8A85AC4F23C89795A0E97F97012C7D3F1E54DF24E2AF98EE807EF628184FBD3220CB635B64442F20E2859931B547FA3197FF1588B2779B395CC25B50E0656BEF786B9A02DF007F2EB2AC9FB936D3C1A68B317A27E00504B03041400060808009768
310
375CFF15A4A45D000000800000003A0000006662782F35423632384338302D334433422D343332342D423935312D3336303245354330304131352F7265736F75726365732F636E782E786D6C4D8B3B0E80201005AF42B6F75B59F0390B113044D83508C6E30BC6C26AF226F3B8BA6360974DA7271430F523308B2B198F9B80
310
925DB700539227A2FCCB80A18E5640D320F996A81C9F32D6E9129A0D1EF74FCE750E6D57BC7165FBCA07504B03041400060808009768375C34F47D4F4301000056050000300000006662782F35423632384338302D334433422D343332342D423935312D3336303245354330304131352F636E782E786D6CCD94414EC33010
310
45AF1259629938492B4095E34A2C38010BC4CE71A6C1D4B1237B8CE8EDB14BDA8250058B48EDCE1A3F4BFFCF7C0F5B7F0C3A7B07E795350DA98A926460A4ED94E91B127093DF936CCD99B316BF612433628086A432E1AC77368C53A9838D083A55B532DBA928109D6A03822799D4C2FB8678F90A83284440DB81DF169D4051
310
5485036F839310DFA31A607A2F1D08848EF0BAAC6FF3B2CAEBC553B55895CBD5F2EE85D14472D65AAB275E190467C79BBA94361E4D9453329A00CE825313953C107ED256B4CA301AEF39F351AFE9270E7763E2C6512B2930368A5A89807984400C8C7EC19CD1E4F887EFC787E7938678EA940389D6ED2ED686EA5C1B8ED28A
310
9888FF75610FFE65DEB66FD1F2E5E67ED6F0246C36BB87E4FA18DDDF49887912A6D7D7F8018ED2E6CF7F5C2CA8E4359A3E289BC933DDAFC038F8B411F927504B03041400060808009768375C70134C7C7E000000A30000000B0000006662782F636E782E786D6C4D8CDF0AC2201C465F457EF7967FE6305047AE1E643437A4
310
4D87CDE8F1D3D845571F1CBE7354F75917F476E9E563D0404F04900B8F38FA306BC8FB8425A0CEA814E3FE77031486D569A8188C9A53CCDB8146370D79A974F1E17940615B267B4930BF718B1BCE1A6C2F8262DE1276173D21572A8A71AE4A995FAF6CCD9B2F504B03041400060808009768375CA6D797065F000000820000
310
0007000000636E782E786D6C4DCB3B0E80201045D1AD90E9FD7516806B51190811670C8A61F982B1B0BAC9C97B72CA7B1037C6D3332918DA1E04D2CAC69353902EDB8C20262D23F3F59B81A079470595414B17391D1F19B4730A5583A7ED43BBE4025D9592775E5ADFFA01504B03041400060808009768375CECFD112DA800
310
000026010000130000005B436F6E74656E745F54797065735D2E786D6C7D4F4B0EC22010BD0A61DF525D18634ABB506FE00510A79458060253536F2FD89D5197F3FED3F68B9BD80362B21E25DFD40D6780DADF2C1AC9671AAA3D677DD75E9E0112CB5A4C928F44E12044D22338956A1F003333F8E814E5331A1194BE2B0362
310
DB343BA13D122055543278D79E6050F344ECBC6478EDCD76CE8EABAE5449AE4298AC56946789C28AAFBEABC53F3EAF09A84A1441B91F0101CD4780756578C173A578FFDDBD00504B03041400060808009768375C3DEE336E64000000790000001B0000006175746F6465736B2D64657369676E2D7061636B6167652E786D6C
310
35CBC10E83200C00D05F21DCA56CA76D41FC96062B120735B69A7DBE268BB7777961F8D5AF396893C2ADB70FE7ADA196782C2DF776D7A97B5933C430F15651E5469C55D70F80A4992A3ADC954792C525AE70A1E4D6AD9816CC044FEFDF01FE3FDE907802504B03041400060808009768375C7140C690F30000008E0100003D
310
0000006662782F35423632384338302D334433422D343332342D423935312D3336303245354330304131352F7265736F75726365732F322F636F72652E786D6C8550CB6E833010FC15B47703E61922E388A6FC414FBD59B643AD041BF951F5F36B072AB5A79E76353B33BB3BE4F2B53EB24F699D327A049C979049CD8D507A
310
1921F81B3A4176A1C41AE37FD120D36C952324182859AC09DB0171A3BDD409D546C80364CE490F197FC46604C73FE4CA72167C64B87BBE317E678BCC71BEF32809418943AA44745337252DD0B2C7F3DC4F1875E54B8B9AA9AAD130B52DC2F3E9FA3ACCF370AD3B522431255EAD3FDBB995CC4B01B42AAB0E951855F51BAECF
310
65736EFA7752242625CEDBF8F3B1347D17E9A4D8D13F6E6113FFBB05A57D5D1D6EBBC201C5F1B8E7809222A513CB33BA585392F41B504B03041400060808009768375CF7454FB6F8000000960100003B0000006662782F35423632384338302D334433422D343332342D423935312D3336303245354330304131352F726573
310
6F75726365732F636F72652E786D6C8550CB6E84300CFC15E47B80F0DA87425674CB1FF4D45B14BC34DA25417954FDFC260B95DA534FB6C633637BD8E56B79649F689D32BA079A9790A19666527AEE21F81B394276E1CC1AE37FD120D362C11E120C9CCDD6847587A4D11E7542B59970078573E821938FD8F4E0E4072E2217
310
C14786BBE7AB907731634EF38DC759086ADAA56A8A6EEAA6D0022F0F741C0F03255DF9D29266A86A721ADA96D0F1787D3D8DE3E95A77AC4862CEBC5A7EB64B8BC2E304BC2AAB8E949454F51BADCF65736E0EEFAC484CCE9CB7F1E77D69FA0EB845678295E858B14DFFB88675FADF3528EDEB6A77DD140E388D473E079C1529
310
A5589E11C69A12E5DF504B03041400060808009768375C92076263F1000000B1010000310000006662782F35423632384338302D334433422D343332342D423935312D3336303245354330304131352F636F72652E786D6C8D50CB6EC32010FC156BEFD83C6C378D30519DF60F7AEA0D61E2A2C460F1A8FAF985D895DA5B4E
310
8B666798D9E1A7EFE5567D691F8CB303901A43A5AD7293B1F300295ED001AA93E0DEB9F8870695958B1EA0C020F8EC5D5A7748391BB52DA87593DE4119828E50A95B7E0C10D4A75E642D53CC8C70AD57A9AE72D635A9379EE0D12CBF52E5B58C7A024131ED112688B277C28EB83DB64F1FBC294CC15332D36E65A6EC6E2E46
310
7B10DDD8D3C3F980117B65236A196DD1F8DC11C47A4CDFBA33C62FA4E34D110B1EA2CF37EF9F94EB1E956FC27F99D33A3D90D9D8C8E86EB829020892F3DC178237A5C03CEEEDE659CA163F504B03041400060808009768375CA03662EE53010000DD0200000C0000006662782F636F72652E786D6C8D52DB6E842014FC15C3
310
3B2AEA5E836CB65BFFA04F7D63112D59058360F6F30B5E627DE8B6314132E79C993313F0E5D936C1C0752F94CC010A631070C95429649D036B2A7804C18560AD94F9D10602495B9E030F03826BAD6C37434C49C3A547A52AF90CD2BEE70604AC71971CF4EC8BB734A4D6B88EFE1176943D68CD43144E7D045B2BCA7954948E
310
4D54826B40E2032A8AC315C17DFCB683D93549E1E9BADB41541C6FEFA7A238DDD23D8EFC30C146B48B3AD39C1A5E0292C4C91EC60826E9074ACF7176CE0E9F38F29D04F7463BCFB3A8770748757FE268C2377CB62BFFE6B3429A3499F9A6891E10E4D61B0B04473E1FF71BC3DB66E8845D7E86DE9BC5C2C341036746E9CC55
310
4A65D7D2401BCB1D751C8C1F8EA6AA631E097EE3495EF0BCE670415159BBD5A871D7BB355E7DBB53C7351CCC33904AB7B459979B565CCF556863691967AA51FA3FD38BD525CCC83F4CF20D504B03041400060808009768375CC7E44C1D07010000B201000008000000636F72652E786D6C8D504B6EC32014BC0A628F6DFC4D
310
224CE4A6BE4157DD51431C141B2C3E517BFB424CA576D7D54333F3DE0C43CE9FEB021EC258A9550F71564020D4A4B954730FBDBBA20304674A8CD6EE970C02C556D1C308434A66A3FD96A0492B27544495E62281CC5AE1209896F0E8A19D6E626519F32E28EC3DDBD87467B3C870B6EB287172FD599D8C604E7048CBA26C51
310
815159BDE1EA54D4A7BA7B27795452E2BDE4C94AF2E02EAF5218488B0E8F633760D4162F0DAA87B242C7A169101E0F97D7E3381E2F554BF2B84C897526FC391D09391DB0EC117D49BE53947C68BD244108C58156CB5730217924FE84F61BFF4768A95C55A683FB86851487404F2218C706C378D61B666C9B7E03504B010214
310
001400060808009768375C0000000000000000000000003700000000000000000000000000000000006662782F35423632384338302D334433422D343332342D423935312D3336303245354330304131352F617474726962757465732E62696E504B010214001400060808009768375C000000000000000000000000350000
310
0000000000000000000000550000006662782F35423632384338302D334433422D343332342D423935312D3336303245354330304131352F76657274696365732E62696E504B010214001400060808009768375CF270F13306000000040000003600000000000000000000000000A80000006662782F35423632384338302D
310
334433422D343332342D423935312D3336303245354330304131352F747269616E676C65732E62696E504B010214001400060808009768375CB5A795FFE3790000DE7900004200000000000000000000000000020100006662782F35423632384338302D334433422D343332342D423935312D333630324535433030413135
310
2F7265736F75726365732F322F305F67656E657269632E706E67504B010214001400060808009768375C51464CB489000000430100003600000000000000000000000000457B00006662782F35423632384338302D334433422D343332342D423935312D3336303245354330304131352F6469726563746F72792E786D6C50
310
4B010214001400060808009768375C150DFDE5380700004B1C00003400000000000000000000000000227C00006662782F35423632384338302D334433422D343332342D423935312D3336303245354330304131352F6F626A656374732E786D6C504B010214001400060808009768375C3C0A478BE2000000550100003C00
310
000000000000000000000000AC8300006662782F35423632384338302D334433422D343332342D423935312D3336303245354330304131352F7265736F75726365732F322F636E782E786D6C504B010214001400060808009768375CFF15A4A45D000000800000003A00000000000000000000000000E88400006662782F35
310
423632384338302D334433422D343332342D423935312D3336303245354330304131352F7265736F75726365732F636E782E786D6C504B010214001400060808009768375C34F47D4F430100005605000030000000000000000000000000009D8500006662782F35423632384338302D334433422D343332342D423935312D
310
3336303245354330304131352F636E782E786D6C504B010214001400060808009768375C70134C7C7E000000A30000000B000000000000000000000000002E8700006662782F636E782E786D6C504B010214001400060808009768375CA6D797065F000000820000000700000000000000000000000000D5870000636E782E
310
786D6C504B010214001400060808009768375CECFD112DA8000000260100001300000000000000000000000000598800005B436F6E74656E745F54797065735D2E786D6C504B010214001400060808009768375C3DEE336E64000000790000001B00000000000000000000000000328900006175746F6465736B2D64657369
310
676E2D7061636B6167652E786D6C504B010214001400060808009768375C7140C690F30000008E0100003D00000000000000000000000000CF8900006662782F35423632384338302D334433422D343332342D423935312D3336303245354330304131352F7265736F75726365732F322F636F72652E786D6C504B01021400
310
1400060808009768375CF7454FB6F8000000960100003B000000000000000000000000001D8B00006662782F35423632384338302D334433422D343332342D423935312D3336303245354330304131352F7265736F75726365732F636F72652E786D6C504B010214001400060808009768375C92076263F1000000B1010000
310
31000000000000000000000000006E8C00006662782F35423632384338302D334433422D343332342D423935312D3336303245354330304131352F636F72652E786D6C504B010214001400060808009768375CA03662EE53010000DD0200000C00000000000000000000000000AE8D00006662782F636F72652E786D6C504B
310
010214001400060808009768375CC7E44C1D07010000B201000008000000000000000000000000002B8F0000636F72652E786D6C504B050600000000120012002D060000589000000000
  0
XRECORD
  5
27
102
{ACAD_REACTORS
330
22
102
}
330
22
100
AcDbXrecord
280
1
270
1
271
1
  0
XRECORD
  5
26
102
{ACAD_REACTORS
330
22
102
}
330
22
100
AcDbXrecord
280
1
270
1
271
1
  0
XRECORD
  5
28
102
{ACAD_REACTORS
330
22
102
}
330
22
100
AcDbXrecord
280
1
270
1
271
1
  0
XRECORD
  5
25
102
{ACAD_REACTORS
330
22
102
}
330
22
100
AcDbXrecord
280
1
270
1
271
1
  0
CELLSTYLEMAP
  5
1EF4
102
{ACAD_REACTORS
330
1EF3
102
}
330
1EF3
100
AcDbCellStyleMap
 90
3
300
CELLSTYLE
  1
TABLEFORMAT_BEGIN
 90
5
170
1
 91
0
 92
32768
 62
257
 93
1
300
CONTENTFORMAT
  1
CONTENTFORMAT_BEGIN
 90
0
 91
0
 92
512
 93
0
300

 40
0.0
140
1.0
 94
5
 62
0
340
55
144
0.25
309
CONTENTFORMAT_END
171
0
 94
0
309
TABLEFORMAT_END
  1
CELLSTYLE_BEGIN
 90
1
 91
1
300
_TITLE
309
CELLSTYLE_END
300
CELLSTYLE
  1
TABLEFORMAT_BEGIN
 90
5
170
1
 91
0
 92
0
 62
257
 93
1
300
CONTENTFORMAT
  1
CONTENTFORMAT_BEGIN
 90
0
 91
0
 92
512
 93
0
300

 40
0.0
140
1.0
 94
5
 62
0
340
55
144
0.18
309
CONTENTFORMAT_END
171
0
 94
0
309
TABLEFORMAT_END
  1
CELLSTYLE_BEGIN
 90
2
 91
1
300
_HEADER
309
CELLSTYLE_END
300
CELLSTYLE
  1
TABLEFORMAT_BEGIN
 90
5
170
1
 91
0
 92
0
 62
257
 93
1
300
CONTENTFORMAT
  1
CONTENTFORMAT_BEGIN
 90
0
 91
0
 92
512
 93
0
300

 40
0.0
140
1.0
 94
2
 62
0
340
55
144
0.18
309
CONTENTFORMAT_END
171
0
 94
0
309
TABLEFORMAT_END
  1
CELLSTYLE_BEGIN
 90
3
 91
2
300
_DATA
309
CELLSTYLE_END
  0
DICTIONARY
  5
1F04
330
C
100
AcDbDictionary
280
1
281
1
  3
WRITTEN_BY_EZDXF
350
1F05
  0
DICTIONARYVAR
  5
1F05
330
1F04
100
DictionaryVariables
280
0
  1
1.4.4 @ 2026-09-02T09:55:01.995570+00:00
  0
ENDSEC
  0
EOF
