  0
SECTION
  2
HEADER
  9
$ACADVER
  1
AC1027
  9
$ACADMAINTVER
 70
   125
  9
$DWGCODEPAGE
  3
ANSI_1252
  9
$LASTSAVEDBY
  1
kaley
  9
$REQUIREDVERSIONS
160
                 0
  9
$INSBASE
 10
0.0
 20
0.0
 30
0.0
  9
$EXTMIN
 10
24.049736
 20
21.512982
 30
0.0
  9
$EXTMAX
 10
256.646622
 20
194.069612
 30
0.0
  9
$LIMMIN
 10
0.0
 20
0.0
  9
$LIMMAX
 10
297.0
 20
210.0
  9
$ORTHOMODE
 70
     0
  9
$REGENMODE
 70
     1
  9
$FILLMODE
 70
     1
  9
$QTEXTMODE
 70
     0
  9
$MIRRTEXT
 70
     0
  9
$LTSCALE
 40
0.75
  9
$ATTMODE
 70
     1
  9
$TEXTSIZE
 40
2.5
  9
$TRACEWID
 40
1.0
  9
$TEXTSTYLE
  7
Standard
  9
$CLAYER
  8
0
  9
$CELTYPE
  6
ByLayer
  9
$CECOLOR
 62
   256
  9
$CELTSCALE
 40
1.0
  9
$DISPSILH
 70
     0
  9
$DIMSCALE
 40
1.0
  9
$DIMASZ
 40
2.5
  9
$DIMEXO
 40
2.1
  9
$DIMDLI
 40
7.5
  9
$DIMRND
 40
0.0
  9
$DIMDLE
 40
0.0
  9
$DIMEXE
 40
1.5
  9
$DIMTP
 40
0.1
  9
$DIMTM
 40
0.1
  9
$DIMTXT
 40
2.5
  9
$DIMCEN
 40
0.0
  9
$DIMTSZ
 40
0.0
  9
$DIMTOL
 70
     0
  9
$DIMLIM
 70
     0
  9
$DIMTIH
 70
     0
  9
$DIMTOH
 70
     0
  9
$DIMSE1
 70
     0
  9
$DIMSE2
 70
     0
  9
$DIMTAD
 70
     1
  9
$DIMZIN
 70
     0
  9
$DIMBLK
  1

  9
$DIMASO
 70
     1
  9
$DIMSHO
 70
     1
  9
$DIMPOST
  1

  9
$DIMAPOST
  1

  9
$DIMALT
 70
     0
  9
$DIMALTD
 70
     2
  9
$DIMALTF
 40
1.0
  9
$DIMLFAC
 40
1.0
  9
$DIMTOFL
 70
     1
  9
$DIMTVP
 40
0.0
  9
$DIMTIX
 70
     0
  9
$DIMSOXD
 70
     0
  9
$DIMSAH
 70
     0
  9
$DIMBLK1
  1

  9
$DIMBLK2
  1

  9
$DIMSTYLE
  2
Dim-ISO-25
  9
$DIMCLRD
 70
     0
  9
$DIMCLRE
 70
     0
  9
$DIMCLRT
 70
     0
  9
$DIMTFAC
 40
0.72
  9
$DIMGAP
 40
1.0
  9
$DIMJUST
 70
     0
  9
$DIMSD1
 70
     0
  9
$DIMSD2
 70
     0
  9
$DIMTOLJ
 70
     0
  9
$DIMTZIN
 70
     0
  9
$DIMALTZ
 70
     4
  9
$DIMALTTZ
 70
     4
  9
$DIMUPT
 70
     0
  9
$DIMDEC
 70
     2
  9
$DIMTDEC
 70
     2
  9
$DIMALTU
 70
     2
  9
$DIMALTTD
 70
     2
  9
$DIMTXSTY
  7
Standard
  9
$DIMAUNIT
 70
     0
  9
$DIMADEC
 70
     2
  9
$DIMALTRND
 40
0.0
  9
$DIMAZIN
 70
     0
  9
$DIMDSEP
 70
    46
  9
$DIMATFIT
 70
     3
  9
$DIMFRAC
 70
     0
  9
$DIMLDRBLK
  1

  9
$DIMLUNIT
 70
     2
  9
$DIMLWD
 70
    -2
  9
$DIMLWE
 70
    -2
  9
$DIMTMOVE
 70
     0
  9
$DIMFXL
 40
1.0
  9
$DIMFXLON
 70
     0
  9
$DIMJOGANG
 40
0.785398
  9
$DIMTFILL
 70
     0
  9
$DIMTFILLCLR
 70
     0
  9
$DIMARCSYM
 70
     0
  9
$DIMLTYPE
  6

  9
$DIMLTEX1
  6

  9
$DIMLTEX2
  6

  9
$DIMTXTDIRECTION
 70
     0
  9
$LUNITS
 70
     2
  9
$LUPREC
 70
     4
  9
$SKETCHINC
 40
1.0
  9
$FILLETRAD
 40
0.0
  9
$AUNITS
 70
     0
  9
$AUPREC
 70
     0
  9
$MENU
  1
.
  9
$ELEVATION
 40
0.0
  9
$PELEVATION
 40
0.0
  9
$THICKNESS
 40
0.0
  9
$LIMCHECK
 70
     0
  9
$CHAMFERA
 40
0.0
  9
$CHAMFERB
 40
0.0
  9
$CHAMFERC
 40
0.0
  9
$CHAMFERD
 40
0.0
  9
$SKPOLY
 70
     0
  9
$TDCREATE
 40
2461067.414803241
  9
$TDUCREATE
 40
2461067.123136574
  9
$TDUPDATE
 40
2461067.414803241
  9
$TDUUPDATE
 40
2461067.123136574
  9
$TDINDWG
 40
0.0000115741
  9
$TDUSRTIMER
 40
0.0000115741
  9
$USRTIMER
 70
     1
  9
$ANGBASE
 50
0.0
  9
$ANGDIR
 70
     0
  9
$PDMODE
 70
     0
  9
$PDSIZE
 40
0.0
  9
$PLINEWID
 40
0.0
  9
$SPLFRAME
 70
     0
  9
$SPLINETYPE
 70
     6
  9
$SPLINESEGS
 70
     8
  9
$HANDSEED
  5
678
  9
$SURFTAB1
 70
     6
  9
$SURFTAB2
 70
     6
  9
$SURFTYPE
 70
     6
  9
$SURFU
 70
     6
  9
$SURFV
 70
     6
  9
$UCSBASE
  2

  9
$UCSNAME
  2

  9
$UCSORG
 10
0.0
 20
0.0
 30
0.0
  9
$UCSXDIR
 10
1.0
 20
0.0
 30
0.0
  9
$UCSYDIR
 10
0.0
 20
1.0
 30
0.0
  9
$UCSORTHOREF
  2

  9
$UCSORTHOVIEW
 70
     0
  9
$UCSORGTOP
 10
0.0
 20
0.0
 30
0.0
  9
$UCSORGBOTTOM
 10
0.0
 20
0.0
 30
0.0
  9
$UCSORGLEFT
 10
0.0
 20
0.0
 30
0.0
  9
$UCSORGRIGHT
 10
0.0
 20
0.0
 30
0.0
  9
$UCSORGFRONT
 10
0.0
 20
0.0
 30
0.0
  9
$UCSORGBACK
 10
0.0
 20
0.0
 30
0.0
  9
$PUCSBASE
  2

  9
$PUCSNAME
  2

  9
$PUCSORG
 10
0.0
 20
0.0
 30
0.0
  9
$PUCSXDIR
 10
1.0
 20
0.0
 30
0.0
  9
$PUCSYDIR
 10
0.0
 20
1.0
 30
0.0
  9
$PUCSORTHOREF
  2

  9
$PUCSORTHOVIEW
 70
     0
  9
$PUCSORGTOP
 10
0.0
 20
0.0
 30
0.0
  9
$PUCSORGBOTTOM
 10
0.0
 20
0.0
 30
0.0
  9
$PUCSORGLEFT
 10
0.0
 20
0.0
 30
0.0
  9
$PUCSORGRIGHT
 10
0.0
 20
0.0
 30
0.0
  9
$PUCSORGFRONT
 10
0.0
 20
0.0
 30
0.0
  9
$PUCSORGBACK
 10
0.0
 20
0.0
 30
0.0
  9
$USERI1
 70
     0
  9
$USERI2
 70
     0
  9
$USERI3
 70
     0
  9
$USERI4
 70
     0
  9
$USERI5
 70
     0
  9
$USERR1
 40
0.0
  9
$USERR2
 40
0.0
  9
$USERR3
 40
0.0
  9
$USERR4
 40
0.0
  9
$USERR5
 40
0.0
  9
$WORLDVIEW
 70
     1
  9
$SHADEDGE
 70
     3
  9
$SHADEDIF
 70
    70
  9
$TILEMODE
 70
     1
  9
$MAXACTVP
 70
    64
  9
$PINSBASE
 10
0.0
 20
0.0
 30
0.0
  9
$PLIMCHECK
 70
     0
  9
$PEXTMIN
 10
1.000000E+20
 20
1.000000E+20
 30
1.000000E+20
  9
$PEXTMAX
 10
-1.000000E+20
 20
-1.000000E+20
 30
-1.000000E+20
  9
$PLIMMIN
 10
0.0
 20
0.0
  9
$PLIMMAX
 10
12.0
 20
9.0
  9
$UNITMODE
 70
     0
  9
$VISRETAIN
 70
     1
  9
$PLINEGEN
 70
     0
  9
$PSLTSCALE
 70
     1
  9
$TREEDEPTH
 70
  3020
  9
$CMLSTYLE
  2
Standard
  9
$CMLJUST
 70
     0
  9
$CMLSCALE
 40
20.0
  9
$PROXYGRAPHICS
 70
     1
  9
$MEASUREMENT
 70
     1
  9
$CELWEIGHT
370
    -1
  9
$ENDCAPS
280
     0
  9
$JOINSTYLE
280
     0
  9
$LWDISPLAY
290
     0
  9
$INSUNITS
 70
     4
  9
$HYPERLINKBASE
  1

  9
$STYLESHEET
  1

  9
$XEDIT
290
     1
  9
$CEPSNTYPE
380
     0
  9
$PSTYLEMODE
290
     1
  9
$FINGERPRINTGUID
  2
{258D6098-85CC-AE44-A19B-5DB19A6FB07D}
  9
$VERSIONGUID
  2
{285464D6-D827-7B4D-90B9-3AE91BBB5080}
  9
$EXTNAMES
290
     1
  9
$PSVPSCALE
 40
0.0
  9
$OLESTARTUP
290
     0
  9
$SORTENTS
280
   127
  9
$INDEXCTL
280
     0
  9
$HIDETEXT
280
     1
  9
$XCLIPFRAME
280
     0
  9
$HALOGAP
280
     0
  9
$OBSCOLOR
 70
   257
  9
$OBSLTYPE
280
     0
  9
$INTERSECTIONDISPLAY
280
     0
  9
$INTERSECTIONCOLOR
 70
   257
  9
$DIMASSOC
280
     2
  9
$PROJECTNAME
  1

  9
$CAMERADISPLAY
290
     0
  9
$LENSLENGTH
 40
50.0
  9
$CAMERAHEIGHT
 40
0.0
  9
$STEPSPERSEC
 40
2.0
  9
$STEPSIZE
 40
6.0
  9
$3DDWFPREC
 40
2.0
  9
$PSOLWIDTH
 40
5.0
  9
$PSOLHEIGHT
 40
80.0
  9
$LOFTANG1
 40
1.570796
  9
$LOFTANG2
 40
1.570796
  9
$LOFTMAG1
 40
0.0
  9
$LOFTMAG2
 40
0.0
  9
$LOFTPARAM
 70
     7
  9
$LOFTNORMALS
280
     1
  9
$LATITUDE
 40
37.795
  9
$LONGITUDE
 40
-122.394
  9
$NORTHDIRECTION
 40
0.0
  9
$TIMEZONE
 70
 -8000
  9
$LIGHTGLYPHDISPLAY
280
     1
  9
$TILEMODELIGHTSYNCH
280
     1
  9
$CMATERIAL
347
11
  9
$SOLIDHIST
280
     0
  9
$SHOWHIST
280
     1
  9
$DWFFRAME
280
     2
  9
$DGNFRAME
280
     0
  9
$REALWORLDSCALE
290
     1
  9
$INTERFERECOLOR
 62
     1
  9
$INTERFEREOBJVS
345
33
  9
$INTERFEREVPVS
346
30
  9
$CSHADOW
280
     0
  9
$SHADOWPLANELOCATION
 40
0.0
  0
ENDSEC
  0
SECTION
  2
CLASSES
  0
CLASS
  1
ACDBDICTIONARYWDFLT
  2
AcDbDictionaryWithDefault
  3
ObjectDBX Classes
 90
        0
 91
        1
280
     0
281
     0
  0
CLASS
  1
MATERIAL
  2
AcDbMaterial
  3
ObjectDBX Classes
 90
     1153
 91
        3
280
     0
281
     0
  0
CLASS
  1
VISUALSTYLE
  2
AcDbVisualStyle
  3
ObjectDBX Classes
 90
     4095
 91
       24
280
     0
281
     0
  0
CLASS
  1
SCALE
  2
AcDbScale
  3
ObjectDBX Classes
 90
     1153
 91
       33
280
     0
281
     0
  0
CLASS
  1
TABLESTYLE
  2
AcDbTableStyle
  3
ObjectDBX Classes
 90
     4095
 91
        1
280
     0
281
     0
  0
CLASS
  1
MLEADERSTYLE
  2
AcDbMLeaderStyle
  3
ACDB_MLEADERSTYLE_CLASS
 90
     4095
 91
        1
280
     0
281
     0
  0
CLASS
  1
ACDBSECTIONVIEWSTYLE
  2
AcDbSectionViewStyle
  3
ObjectDBX Classes
 90
     1025
 91
        1
280
     0
281
     0
  0
CLASS
  1
ACDBDETAILVIEWSTYLE
  2
AcDbDetailViewStyle
  3
ObjectDBX Classes
 90
     1025
 91
        1
280
     0
281
     0
  0
CLASS
  1
ACMESCOPE
  2
AcMeScope
  3
AcMeServices
 90
     1024
 91
        1
280
     0
281
     0
  0
CLASS
  1
ACMECOMMANDHISTORY
  2
AcMeCommandHistory
  3
AcMeServices
 90
     1024
 91
        1
280
     0
281
     0
  0
CLASS
  1
ACIMSYSVARMAN
  2
AcImSysVarManager
  3
AcMeServices
 90
     1024
 91
        1
280
     0
281
     0
  0
CLASS
  1
ACIMINTSYSVAR
  2
AcImIntSysVar
  3
AcMeServices
 90
     1024
 91
        1
280
     0
281
     0
  0
CLASS
  1
ACMESTATEMGR
  2
AcMeStateMgr
  3
AcMeServices
 90
     1024
 91
        1
280
     0
281
     0
  0
CLASS
  1
ACGREFMASTER
  2
AcGrefMaster
  3
AcAttribServices
 90
     1024
 91
        1
280
     0
281
     0
  0
CLASS
  1
SORTENTSTABLE
  2
AcDbSortentsTable
  3
ObjectDBX Classes
 90
        0
 91
        6
280
     0
281
     0
  0
CLASS
  1
DICTIONARYVAR
  2
AcDbDictionaryVar
  3
ObjectDBX Classes
 90
        0
 91
        6
280
     0
281
     0
  0
CLASS
  1
CELLSTYLEMAP
  2
AcDbCellStyleMap
  3
ObjectDBX Classes
 90
     1152
 91
        1
280
     0
281
     0
  0
ENDSEC
  0
SECTION
  2
TABLES
  0
TABLE
  2
VPORT
  5
8
330
0
100
AcDbSymbolTable
 70
     1
1001
ACAD
1000
DbSaveVer
1071
      428
  0
VPORT
  5
57
330
8
100
AcDbSymbolTableRecord
100
AcDbViewportTableRecord
  2
*Active
 70
     0
 10
0.0
 20
0.0
 11
1.0
 21
1.0
 12
140.348179
 22
107.791297
 13
0.0
 23
0.0
 14
0.5
 24
0.5
 15
0.0
 25
0.0
 16
0.0
 26
0.0
 36
1.0
 17
0.0
 27
0.0
 37
0.0
 40
172.55663
 41
1.800459
 42
50.0
 43
0.0
 44
0.0
 50
0.0
 51
0.0
 71
     0
 72
 20000
 73
     1
 74
     0
 75
     0
 76
     0
 77
     0
 78
     0
281
     0
 65
     1
110
0.0
120
0.0
130
0.0
111
1.0
121
0.0
131
0.0
112
0.0
122
1.0
132
0.0
 79
     0
146
0.0
348
2F
 60
     3
 61
     5
292
     1
282
     1
141
0.0
142
0.0
 63
   250
421
  3355443
  0
ENDTAB
  0
TABLE
  2
LTYPE
  5
5
330
0
100
AcDbSymbolTable
 70
    16
  0
LTYPE
  5
5B
330
5
100
AcDbSymbolTableRecord
100
AcDbLinetypeTableRecord
  2
ByBlock
 70
     0
  3

 72
    65
 73
     0
 40
0.0
  0
LTYPE
  5
5C
330
5
100
AcDbSymbolTableRecord
100
AcDbLinetypeTableRecord
  2
ByLayer
 70
     0
  3

 72
    65
 73
     0
 40
0.0
  0
LTYPE
  5
5D
330
5
100
AcDbSymbolTableRecord
100
AcDbLinetypeTableRecord
  2
Continuous
 70
     0
  3
Solid line
 72
    65
 73
     0
 40
0.0
  0
LTYPE
  5
81
330
5
100
AcDbSymbolTableRecord
100
AcDbLinetypeTableRecord
  2
HIDDEN
 70
     0
  3
Hidden __ __ __ __ __ __ __ __ __ __ __ __ __ _
 72
    65
 73
     2
 40
9.525
 49
6.35
 74
     0
 49
-3.175
 74
     0
  0
LTYPE
  5
82
330
5
100
AcDbSymbolTableRecord
100
AcDbLinetypeTableRecord
  2
PHANTOM2
 70
     0
  3
Phantom (.5x) ___ _ _ ___ _ _ ___ _ _ ___ _ _
 72
    65
 73
     6
 40
31.75
 49
15.875
 74
     0
 49
-3.175
 74
     0
 49
3.175
 74
     0
 49
-3.175
 74
     0
 49
3.175
 74
     0
 49
-3.175
 74
     0
  0
LTYPE
  5
83
330
5
100
AcDbSymbolTableRecord
100
AcDbLinetypeTableRecord
  2
CENTER
 70
     0
  3
Center ____ _ ____ _ ____ _ ____ _ ____ _ ____
 72
    65
 73
     4
 40
50.8
 49
31.75
 74
     0
 49
-6.35
 74
     0
 49
6.35
 74
     0
 49
-6.35
 74
     0
  0
LTYPE
  5
9C
330
5
100
AcDbSymbolTableRecord
100
AcDbLinetypeTableRecord
  2
CENTER2
 70
     0
  3
Center (.5x) ___ _ ___ _ ___ _ ___ _ ___ _ ___
 72
    65
 73
     4
 40
28.575
 49
19.05
 74
     0
 49
-3.175
 74
     0
 49
3.175
 74
     0
 49
-3.175
 74
     0
  0
LTYPE
  5
9D
330
5
100
AcDbSymbolTableRecord
100
AcDbLinetypeTableRecord
  2
AM_ISO02W050
 70
     0
  3
__ __ __ __ __ __ __ __ __ __ __ __ __ __ __
 72
    65
 73
     2
 40
7.5
 49
6.0
 74
     0
 49
-1.5
 74
     0
  0
LTYPE
  5
9E
330
5
100
AcDbSymbolTableRecord
100
AcDbLinetypeTableRecord
  2
AM_ISO08W050
 70
     0
  3
____ . ____ . ____ . ____ . ____ . ____ . ____
 72
    65
 73
     4
 40
18.0
 49
12.0
 74
     0
 49
-1.5
 74
     0
 49
3.0
 74
     0
 49
-1.5
 74
     0
  0
LTYPE
  5
9F
330
5
100
AcDbSymbolTableRecord
100
AcDbLinetypeTableRecord
  2
AM_ISO09W050
 70
     0
  3
_____ . . _____ . . _____ . . ____ .. ____
 72
    65
 73
     6
 40
22.5
 49
12.0
 74
     0
 49
-1.5
 74
     0
 49
3.0
 74
     0
 49
-1.5
 74
     0
 49
3.0
 74
     0
 49
-1.5
 74
     0
  0
LTYPE
  5
A0
330
5
100
AcDbSymbolTableRecord
100
AcDbLinetypeTableRecord
  2
Amconstr
 70
     0
  3
_______________________
 72
    65
 73
     2
 40
9999.0
 49
9999.0
 74
     0
 49
0.0
 74
     0
  0
LTYPE
  5
A1
330
5
100
AcDbSymbolTableRecord
100
AcDbLinetypeTableRecord
  2
AM_ISO08W050x2
 70
     0
  3
__ . __ . __ . __ . __ . __
 72
    65
 73
     4
 40
9.0
 49
6.0
 74
     0
 49
-0.75
 74
     0
 49
1.5
 74
     0
 49
-0.75
 74
     0
  0
LTYPE
  5
A2
330
5
100
AcDbSymbolTableRecord
100
AcDbLinetypeTableRecord
  2
AM_ISO02W050x2
 70
     0
  3
 _ _ _ _ _ _ _ _ _ _ _ _
 72
    65
 73
     2
 40
3.75
 49
3.0
 74
     0
 49
-0.75
 74
     0
  0
LTYPE
  5
A3
330
5
100
AcDbSymbolTableRecord
100
AcDbLinetypeTableRecord
  2
Amzigzag
 70
     0
  3
/\/-/\/-/\/-/\/-/\/-/\/
 72
    65
 73
     2
 40
11.0001
 49
0.0001
 74
     4
 75
   136
340
99
 46
0.04
 50
0.0
 44
0.0
 45
0.0
 49
-11.0
 74
     0
  0
LTYPE
  5
A4
330
5
100
AcDbSymbolTableRecord
100
AcDbLinetypeTableRecord
  2
ACISOWELD
 70
     0
  3
_ _ _ _ _
 72
    65
 73
     2
 40
2.0
 49
2.0
 74
     0
 49
-1.0
 74
     0
  0
LTYPE
  5
A5
330
5
100
AcDbSymbolTableRecord
100
AcDbLinetypeTableRecord
  2
ACISOTGL
 70
     0
  3
_ _ _ _ _
 72
    65
 73
     2
 40
3.0
 49
2.0
 74
     0
 49
-1.0
 74
     0
  0
LTYPE
  5
A6
330
5
100
AcDbSymbolTableRecord
100
AcDbLinetypeTableRecord
  2
ACISOTGB
 70
     0
  3
__ . . __ . .
 72
    65
 73
     6
 40
9.0
 49
4.0
 74
     0
 49
-1.0
 74
     0
 49
1.0
 74
     0
 49
-1.0
 74
     0
 49
1.0
 74
     0
 49
-1.0
 74
     0
  0
LTYPE
  5
A7
330
5
100
AcDbSymbolTableRecord
100
AcDbLinetypeTableRecord
  2
ACAD_VIEWBORDER_LINETYPE
 70
     0
  3
Dashed line in view border
 72
    83
 73
     2
 40
10.0
 49
1.59
 74
     0
 49
-6.35
 74
     0
1001
ACAD_EXEMPT_FROM_CAD_STANDARDS
1070
     1
  0
ENDTAB
  0
TABLE
  2
LAYER
  5
2
330
0
100
AcDbSymbolTable
 70
     9
  0
LAYER
  5
54
330
2
100
AcDbSymbolTableRecord
100
AcDbLayerTableRecord
  2
0
 70
     0
 62
     7
  6
Continuous
370
    -3
390
F
347
21
348
0
1001
AcAecLayerStandard
1000

1000

  0
LAYER
  5
79
330
2
100
AcDbSymbolTableRecord
100
AcDbLayerTableRecord
  2
Defpoints
 70
     0
 62
     7
  6
Continuous
290
     0
370
    -3
390
F
347
21
348
0
1001
AcAecLayerStandard
1000

1000

  0
LAYER
  5
C3
330
2
100
AcDbSymbolTableRecord
100
AcDbLayerTableRecord
  2
Visible
 70
     0
 62
     7
  6
Continuous
370
    35
390
F
347
21
348
0
  0
LAYER
  5
276
330
2
100
AcDbSymbolTableRecord
100
AcDbLayerTableRecord
  2
FD_Dimensions
 70
     0
 62
     7
  6
Continuous
370
    18
390
F
347
21
348
0
  0
ENDTAB
  0
TABLE
  2
STYLE
  5
3
330
0
100
AcDbSymbolTable
 70
     4
  0
STYLE
  5
55
330
3
100
AcDbSymbolTableRecord
100
AcDbTextStyleTableRecord
  2
Standard
 70
     0
 40
0.0
 41
1.0
 50
0.0
 71
     0
 42
2.5
  3
arial.ttf
  4

1001
ACAD
1000
Arial
1071
       34
  0
STYLE
  5
5A
330
3
100
AcDbSymbolTableRecord
100
AcDbTextStyleTableRecord
  2
Annotative
 70
     0
 40
0.0
 41
1.0
 50
0.0
 71
     0
 42
0.2
  3
txt
  4

1001
AcadAnnotative
1000
AnnotativeData
1002
{
1070
     1
1070
     1
1002
}
  0
STYLE
  5
99
330
3
100
AcDbSymbolTableRecord
100
AcDbTextStyleTableRecord
  2

 70
     1
 40
0.0
 41
1.0
 50
0.0
 71
     0
 42
10.0
  3
genltshp.shx
  4

  0
STYLE
  5
9A
330
3
100
AcDbSymbolTableRecord
100
AcDbTextStyleTableRecord
  2
ACISOGDT
 70
     0
 40
0.0
 41
1.0
 50
0.0
 71
     0
 42
10.0
  3
amgdt.shx
  4

  0
ENDTAB
  0
TABLE
  2
VIEW
  5
6
330
0
100
AcDbSymbolTable
 70
     0
  0
ENDTAB
  0
TABLE
  2
UCS
  5
7
330
0
100
AcDbSymbolTable
 70
     0
  0
ENDTAB
  0
TABLE
  2
APPID
  5
9
330
0
100
AcDbSymbolTable
 70
    27
  0
APPID
  5
56
330
9
100
AcDbSymbolTableRecord
100
AcDbRegAppTableRecord
  2
ACAD
 70
     0
  0
APPID
  5
5E
330
9
100
AcDbSymbolTableRecord
100
AcDbRegAppTableRecord
  2
AcadAnnotative
 70
     0
  0
APPID
  5
78
330
9
100
AcDbSymbolTableRecord
100
AcDbRegAppTableRecord
  2
ACAD_PSEXT
 70
     0
  0
APPID
  5
7A
330
9
100
AcDbSymbolTableRecord
100
AcDbRegAppTableRecord
  2
MCAD_NO_VIS
 70
     0
  0
APPID
  5
7B
330
9
100
AcDbSymbolTableRecord
100
AcDbRegAppTableRecord
  2
ACAD_TEMP_GRAPHIC
 70
     0
  0
APPID
  5
84
330
9
100
AcDbSymbolTableRecord
100
AcDbRegAppTableRecord
  2
ACAD_DSTYLE_DIMJAG
 70
     0
  0
APPID
  5
85
330
9
100
AcDbSymbolTableRecord
100
AcDbRegAppTableRecord
  2
ACAD_DSTYLE_DIMTALN
 70
     0
  0
APPID
  5
86
330
9
100
AcDbSymbolTableRecord
100
AcDbRegAppTableRecord
  2
ACAD_NAV_VCDISPLAY
 70
     0
  0
APPID
  5
87
330
9
100
AcDbSymbolTableRecord
100
AcDbRegAppTableRecord
  2
ACAD_EXEMPT_FROM_CAD_STANDARDS
 70
     0
  0
APPID
  5
88
330
9
100
AcDbSymbolTableRecord
100
AcDbRegAppTableRecord
  2
ACAD_DSTYLE_DIMBREAK
 70
     0
  0
APPID
  5
89
330
9
100
AcDbSymbolTableRecord
100
AcDbRegAppTableRecord
  2
ACAD_DSTYLE_DIMRADIAL_EXTENSION
 70
     0
  0
APPID
  5
8A
330
9
100
AcDbSymbolTableRecord
100
AcDbRegAppTableRecord
  2
ACAD_TC
 70
     0
  0
APPID
  5
8B
330
9
100
AcDbSymbolTableRecord
100
AcDbRegAppTableRecord
  2
FUSIONCURRENTTITLEBLOCK
 70
     0
  0
APPID
  5
8C
330
9
100
AcDbSymbolTableRecord
100
AcDbRegAppTableRecord
  2
AcSynergy
 70
     0
  0
APPID
  5
8D
330
9
100
AcDbSymbolTableRecord
100
AcDbRegAppTableRecord
  2
GENIUS_GENSCREG_15
 70
     0
  0
APPID
  5
8E
330
9
100
AcDbSymbolTableRecord
100
AcDbRegAppTableRecord
  2
GENIUS_GENOBJ-N-SDF_13
 70
     0
  0
APPID
  5
8F
330
9
100
AcDbSymbolTableRecord
100
AcDbRegAppTableRecord
  2
GENIUS_GENODEF_13
 70
     0
  0
APPID
  5
90
330
9
100
AcDbSymbolTableRecord
100
AcDbRegAppTableRecord
  2
ACAD_DIMASSOC_CALC_DIMLFAC
 70
     0
  0
APPID
  5
91
330
9
100
AcDbSymbolTableRecord
100
AcDbRegAppTableRecord
  2
ACAD_DIMASSOC_DIMLFAC
 70
     0
  0
APPID
  5
92
330
9
100
AcDbSymbolTableRecord
100
AcDbRegAppTableRecord
  2
ACAD_DIMASSOC_OVERRIDDEN_DIMLFAC
 70
     0
  0
APPID
  5
93
330
9
100
AcDbSymbolTableRecord
100
AcDbRegAppTableRecord
  2
ACAD_DSTYLE_DIMJAG_POSITION
 70
     0
  0
APPID
  5
94
330
9
100
AcDbSymbolTableRecord
100
AcDbRegAppTableRecord
  2
ACAD_MODELDOC_XFORM
 70
     0
  0
APPID
  5
95
330
9
100
AcDbSymbolTableRecord
100
AcDbRegAppTableRecord
  2
SYNERGY_BODY_TBR_ID
 70
     0
  0
APPID
  5
96
330
9
100
AcDbSymbolTableRecord
100
AcDbRegAppTableRecord
  2
FusionCutBodyId
 70
     0
  0
APPID
  5
97
330
9
100
AcDbSymbolTableRecord
100
AcDbRegAppTableRecord
  2
BREAKOUTPROFILE_XDATA
 70
     0
  0
APPID
  5
98
330
9
100
AcDbSymbolTableRecord
100
AcDbRegAppTableRecord
  2
ACATTRIBSERVICES
 70
     0
  0
APPID
  5
5D3
330
9
100
AcDbSymbolTableRecord
100
AcDbRegAppTableRecord
  2
AcAecLayerStandard
 70
     0
  0
ENDTAB
  0
TABLE
  2
DIMSTYLE
  5
A
330
0
100
AcDbSymbolTable
 70
     4
100
AcDbDimStyleTable
 71
     1
340
AB
  0
DIMSTYLE
105
58
330
A
100
AcDbSymbolTableRecord
100
AcDbDimStyleTableRecord
  2
Standard
 70
     0
 41
2.5
 42
2.1
 43
7.5
 44
1.5
140
2.5
143
1.0
146
0.72
147
1.0
179
     2
271
     2
272
     2
340
55
  0
DIMSTYLE
105
59
330
A
100
AcDbSymbolTableRecord
100
AcDbDimStyleTableRecord
  2
Annotative
 70
     0
 40
0.0
 41
2.5
 42
2.1
 43
7.5
 44
1.5
 73
     0
 74
     0
 77
     1
140
2.5
141
2.5
143
1.0
146
0.72
147
1.0
171
     3
172
     1
179
     2
271
     2
272
     2
274
     3
278
    44
283
     0
340
55
1001
AcadAnnotative
1000
AnnotativeData
1002
{
1070
     1
1070
     1
1002
}
  0
DIMSTYLE
105
AA
330
A
100
AcDbSymbolTableRecord
100
AcDbDimStyleTableRecord
  2
ISO-25
 70
     0
  4
in
 41
2.5
 42
2.1
 43
7.5
 44
1.5
 47
0.1
 48
0.1
 73
     0
 74
     0
 77
     1
140
2.5
141
0.0
143
1.0
146
0.72
147
1.0
171
     4
172
     1
176
   256
177
   256
178
   256
179
     2
271
     2
272
     2
274
     4
283
     0
285
     8
340
55
1001
ACAD_DSTYLE_DIMJAG
1070
   388
1040
1.5
1001
ACAD_DSTYLE_DIMTALN
1070
   392
1070
     1
1001
ACAD_DSTYLE_DIMBREAK
1070
   391
1040
2.5
  0
DIMSTYLE
105
AB
102
{ACAD_REACTORS
330
275
330
280
330
28A
330
294
330
29E
330
2AB
330
2B8
330
2C5
330
2CF
330
2D9
330
2E3
102
}
330
A
100
AcDbSymbolTableRecord
100
AcDbDimStyleTableRecord
  2
Dim-ISO-25
 70
     0
 41
2.5
 42
2.1
 43
7.5
 44
1.5
 47
0.1
 48
0.1
 73
     0
 74
     0
 77
     1
140
2.5
141
0.0
143
1.0
146
0.72
147
1.0
172
     1
179
     2
271
     2
272
     2
283
     0
285
     4
286
     4
340
55
1001
ACAD_DSTYLE_DIMJAG
1070
   388
1040
1.5
1001
ACAD_DSTYLE_DIMTALN
1070
   392
1070
     1
1001
ACAD_DSTYLE_DIMBREAK
1070
   391
1040
2.5
  0
ENDTAB
  0
TABLE
  2
BLOCK_RECORD
  5
1
330
0
100
AcDbSymbolTable
 70
    28
  0
BLOCK_RECORD
  5
70
102
{ACAD_XDICTIONARY
360
BC
102
}
330
1
100
AcDbSymbolTableRecord
100
AcDbBlockTableRecord
  2
*Model_Space
340
73
 70
     0
280
     1
281
     0
  0
BLOCK_RECORD
  5
6C
330
1
100
AcDbSymbolTableRecord
100
AcDbBlockTableRecord
  2
*Paper_Space
340
6F
 70
     0
280
     1
281
     0
  0
BLOCK_RECORD
  5
74
330
1
100
AcDbSymbolTableRecord
100
AcDbBlockTableRecord
  2
*Paper_Space0
340
77
 70
     0
280
     1
281
     0
  0
BLOCK_RECORD
  5
277
330
1
100
AcDbSymbolTableRecord
100
AcDbBlockTableRecord
  2
*D6
340
0
 70
     0
280
     1
281
     0
  0
BLOCK_RECORD
  5
281
330
1
100
AcDbSymbolTableRecord
100
AcDbBlockTableRecord
  2
*D7
340
0
 70
     0
280
     1
281
     0
  0
BLOCK_RECORD
  5
28B
330
1
100
AcDbSymbolTableRecord
100
AcDbBlockTableRecord
  2
*D8
340
0
 70
     0
280
     1
281
     0
  0
BLOCK_RECORD
  5
295
330
1
100
AcDbSymbolTableRecord
100
AcDbBlockTableRecord
  2
*D9
340
0
 70
     0
280
     1
281
     0
  0
BLOCK_RECORD
  5
29F
330
1
100
AcDbSymbolTableRecord
100
AcDbBlockTableRecord
  2
*D10
340
0
 70
     0
280
     1
281
     0
  0
BLOCK_RECORD
  5
2AC
330
1
100
AcDbSymbolTableRecord
100
AcDbBlockTableRecord
  2
*D11
340
0
 70
     0
280
     1
281
     0
  0
BLOCK_RECORD
  5
2B9
330
1
100
AcDbSymbolTableRecord
100
AcDbBlockTableRecord
  2
*D12
340
0
 70
     0
280
     1
281
     0
  0
BLOCK_RECORD
  5
2C6
330
1
100
AcDbSymbolTableRecord
100
AcDbBlockTableRecord
  2
*D13
340
0
 70
     0
280
     1
281
     0
  0
BLOCK_RECORD
  5
2D0
330
1
100
AcDbSymbolTableRecord
100
AcDbBlockTableRecord
  2
*D14
340
0
 70
     0
280
     1
281
     0
  0
BLOCK_RECORD
  5
2DA
330
1
100
AcDbSymbolTableRecord
100
AcDbBlockTableRecord
  2
*D15
340
0
 70
     0
280
     1
281
     0
  0
BLOCK_RECORD
  5
2E4
330
1
100
AcDbSymbolTableRecord
100
AcDbBlockTableRecord
  2
*D16
340
0
 70
     0
280
     1
281
     0
  0
BLOCK_RECORD
  5
2EE
330
1
100
AcDbSymbolTableRecord
100
AcDbBlockTableRecord
  2
*D17
340
0
 70
     0
280
     1
281
     0
  0
BLOCK_RECORD
  5
2F7
330
1
100
AcDbSymbolTableRecord
100
AcDbBlockTableRecord
  2
*D18
340
0
 70
     0
280
     1
281
     0
  0
BLOCK_RECORD
  5
300
330
1
100
AcDbSymbolTableRecord
100
AcDbBlockTableRecord
  2
*D19
340
0
 70
     0
280
     1
281
     0
  0
BLOCK_RECORD
  5
309
330
1
100
AcDbSymbolTableRecord
100
AcDbBlockTableRecord
  2
*D20
340
0
 70
     0
280
     1
281
     0
  0
BLOCK_RECORD
  5
312
330
1
100
AcDbSymbolTableRecord
100
AcDbBlockTableRecord
  2
*D21
340
0
 70
     0
280
     1
281
     0
  0
BLOCK_RECORD
  5
31E
330
1
100
AcDbSymbolTableRecord
100
AcDbBlockTableRecord
  2
*D22
340
0
 70
     0
280
     1
281
     0
  0
BLOCK_RECORD
  5
32A
330
1
100
AcDbSymbolTableRecord
100
AcDbBlockTableRecord
  2
*D23
340
0
 70
     0
280
     1
281
     0
  0
BLOCK_RECORD
  5
336
330
1
100
AcDbSymbolTableRecord
100
AcDbBlockTableRecord
  2
*D24
340
0
 70
     0
280
     1
281
     0
  0
BLOCK_RECORD
  5
33F
330
1
100
AcDbSymbolTableRecord
100
AcDbBlockTableRecord
  2
*D25
340
0
 70
     0
280
     1
281
     0
  0
BLOCK_RECORD
  5
348
330
1
100
AcDbSymbolTableRecord
100
AcDbBlockTableRecord
  2
*D26
340
0
 70
     0
280
     1
281
     0
  0
BLOCK_RECORD
  5
351
330
1
100
AcDbSymbolTableRecord
100
AcDbBlockTableRecord
  2
*D27
340
0
 70
     0
280
     1
281
     0
  0
ENDTAB
  0
ENDSEC
  0
SECTION
  2
BLOCKS
  0
BLOCK
  5
71
330
70
100
AcDbEntity
  8
0
100
AcDbBlockBegin
  2
*Model_Space
 70
     0
 10
0.0
 20
0.0
 30
0.0
  3
*Model_Space
  1

  0
ENDBLK
  5
72
330
70
100
AcDbEntity
  8
0
100
AcDbBlockEnd
  0
BLOCK
  5
6D
330
6C
100
AcDbEntity
 67
     1
  8
0
100
AcDbBlockBegin
  2
*Paper_Space
 70
     0
 10
0.0
 20
0.0
 30
0.0
  3
*Paper_Space
  1

  0
ENDBLK
  5
6E
330
6C
100
AcDbEntity
 67
     1
  8
0
100
AcDbBlockEnd
  0
BLOCK
  5
75
330
74
100
AcDbEntity
 67
     1
  8
0
100
AcDbBlockBegin
  2
*Paper_Space0
 70
     0
 10
0.0
 20
0.0
 30
0.0
  3
*Paper_Space0
  1

  0
ENDBLK
  5
76
330
74
100
AcDbEntity
 67
     1
  8
0
100
AcDbBlockEnd
  0
BLOCK
  5
278
330
277
100
AcDbEntity
  8
0
100
AcDbBlockBegin
  2
*D6
 70
     1
 10
0.0
 20
0.0
 30
0.0
  3
*D6
  1

  0
LINE
  5
279
330
277
100
AcDbEntity
  8
FD_Dimensions
 62
     0
440
 16777216
370
    -2
100
AcDbLine
 10
170.343456
 20
188.250061
 30
0.0
 11
160.458278
 21
175.032867
 31
0.0
  0
MTEXT
  5
27A
330
277
100
AcDbEntity
  8
FD_Dimensions
 62
     0
440
 16777216
100
AcDbMText
 10
164.681292
 20
184.480207
 30
0.0
 40
2.5
 41
0.0
 46
0.0
 71
     5
 72
     1
  1
R25.00
 11
0.598925
 21
0.800805
 31
0.0
 73
     1
 44
1.0
  0
LINE
  5
27B
330
277
100
AcDbEntity
  8
FD_Dimensions
 62
     0
440
 16777216
370
    -2
100
AcDbLine
 10
143.987849
 20
153.01072
 30
0.0
 11
158.960966
 21
173.030854
 31
0.0
  0
SOLID
  5
27C
330
277
100
AcDbEntity
  8
FD_Dimensions
 62
     0
440
 16777216
100
AcDbTrace
 10
160.124609
 20
175.282419
 30
0.0
 11
160.791947
 21
174.783315
 31
0.0
 12
158.960966
 22
173.030854
 32
0.0
 13
158.960966
 23
173.030854
 33
0.0
  0
POINT
  5
27D
330
277
100
AcDbEntity
  8
Defpoints
 62
     0
440
 16777216
100
AcDbPoint
 10
158.960966
 20
173.030854
 30
0.0
  0
POINT
  5
27E
330
277
100
AcDbEntity
  8
Defpoints
 62
     0
440
 16777216
100
AcDbPoint
 10
143.987849
 20
153.01072
 30
0.0
  0
ENDBLK
  5
27F
330
277
100
AcDbEntity
  8
0
100
AcDbBlockEnd
  0
BLOCK
  5
282
330
281
100
AcDbEntity
  8
0
100
AcDbBlockBegin
  2
*D7
 70
     1
 10
0.0
 20
0.0
 30
0.0
  3
*D7
  1

  0
LINE
  5
283
330
281
100
AcDbEntity
  8
FD_Dimensions
 62
     0
440
 16777216
370
    -2
100
AcDbLine
 10
108.876073
 20
99.791875
 30
0.0
 11
128.182648
 21
129.05481
 31
0.0
  0
MTEXT
  5
284
330
281
100
AcDbEntity
  8
FD_Dimensions
 62
     0
440
 16777216
100
AcDbMText
 10
110.506017
 20
106.396054
 30
0.0
 40
2.5
 41
0.0
 46
0.0
 71
     5
 72
     1
  1
R26.20
 11
0.550704
 21
0.834701
 31
0.0
 73
     1
 44
1.0
  0
LINE
  5
285
330
281
100
AcDbEntity
  8
FD_Dimensions
 62
     0
440
 16777216
370
    -2
100
AcDbLine
 10
143.987849
 20
153.01072
 30
0.0
 11
129.559408
 21
131.141562
 31
0.0
  0
SOLID
  5
286
330
281
100
AcDbEntity
  8
FD_Dimensions
 62
     0
440
 16777216
100
AcDbTrace
 10
127.834856
 20
129.28427
 30
0.0
 11
128.53044
 21
128.82535
 31
0.0
 12
129.559408
 22
131.141562
 32
0.0
 13
129.559408
 23
131.141562
 33
0.0
  0
POINT
  5
287
330
281
100
AcDbEntity
  8
Defpoints
 62
     0
440
 16777216
100
AcDbPoint
 10
129.559408
 20
131.141562
 30
0.0
  0
POINT
  5
288
330
281
100
AcDbEntity
  8
Defpoints
 62
     0
440
 16777216
100
AcDbPoint
 10
143.987849
 20
153.01072
 30
0.0
  0
ENDBLK
  5
289
330
281
100
AcDbEntity
  8
0
100
AcDbBlockEnd
  0
BLOCK
  5
28C
330
28B
100
AcDbEntity
  8
0
100
AcDbBlockBegin
  2
*D8
 70
     1
 10
0.0
 20
0.0
 30
0.0
  3
*D8
  1

  0
LINE
  5
28D
330
28B
100
AcDbEntity
  8
FD_Dimensions
 62
     0
440
 16777216
370
    -2
100
AcDbLine
 10
184.741752
 20
110.68535
 30
0.0
 11
170.965124
 21
117.387205
 31
0.0
  0
MTEXT
  5
28E
330
28B
100
AcDbEntity
  8
FD_Dimensions
 62
     0
440
 16777216
100
AcDbMText
 10
179.973318
 20
115.53653
 30
0.0
 40
2.5
 41
0.0
 46
0.0
 71
     5
 72
     1
  1
R27.50
 11
0.899243
 21
-0.43745
 31
0.0
 73
     1
 44
1.0
  0
LINE
  5
28F
330
28B
100
AcDbEntity
  8
FD_Dimensions
 62
     0
440
 16777216
370
    -2
100
AcDbLine
 10
143.987849
 20
130.51072
 30
0.0
 11
168.717018
 21
118.480831
 31
0.0
  0
SOLID
  5
290
330
28B
100
AcDbEntity
  8
FD_Dimensions
 62
     0
440
 16777216
100
AcDbTrace
 10
171.147395
 20
117.76189
 30
0.0
 11
170.782853
 21
117.012521
 31
0.0
 12
168.717018
 22
118.480831
 32
0.0
 13
168.717018
 23
118.480831
 33
0.0
  0
POINT
  5
291
330
28B
100
AcDbEntity
  8
Defpoints
 62
     0
440
 16777216
100
AcDbPoint
 10
168.717018
 20
118.480831
 30
0.0
  0
POINT
  5
292
330
28B
100
AcDbEntity
  8
Defpoints
 62
     0
440
 16777216
100
AcDbPoint
 10
143.987849
 20
130.51072
 30
0.0
  0
ENDBLK
  5
293
330
28B
100
AcDbEntity
  8
0
100
AcDbBlockEnd
  0
BLOCK
  5
296
330
295
100
AcDbEntity
  8
0
100
AcDbBlockBegin
  2
*D9
 70
     1
 10
0.0
 20
0.0
 30
0.0
  3
*D9
  1

  0
LINE
  5
297
330
295
100
AcDbEntity
  8
FD_Dimensions
 62
     0
440
 16777216
370
    -2
100
AcDbLine
 10
217.417671
 20
85.631345
 30
0.0
 11
220.772182
 21
101.772229
 31
0.0
  0
MTEXT
  5
298
330
295
100
AcDbEntity
  8
FD_Dimensions
 62
     0
440
 16777216
100
AcDbMText
 10
216.49319
 20
92.370576
 30
0.0
 40
2.5
 41
0.0
 46
0.0
 71
     5
 72
     1
  1
R10.00
 11
0.203479
 21
0.979079
 31
0.0
 73
     1
 44
1.0
  0
LINE
  5
299
330
295
100
AcDbEntity
  8
FD_Dimensions
 62
     0
440
 16777216
370
    -2
100
AcDbLine
 10
223.31567
 20
114.01072
 30
0.0
 11
221.280879
 21
104.219927
 31
0.0
  0
SOLID
  5
29A
330
295
100
AcDbEntity
  8
FD_Dimensions
 62
     0
440
 16777216
100
AcDbTrace
 10
220.364232
 20
101.857011
 30
0.0
 11
221.180131
 21
101.687446
 31
0.0
 12
221.280879
 22
104.219927
 32
0.0
 13
221.280879
 23
104.219927
 33
0.0
  0
POINT
  5
29B
330
295
100
AcDbEntity
  8
Defpoints
 62
     0
440
 16777216
100
AcDbPoint
 10
221.280879
 20
104.219927
 30
0.0
  0
POINT
  5
29C
330
295
100
AcDbEntity
  8
Defpoints
 62
     0
440
 16777216
100
AcDbPoint
 10
223.31567
 20
114.01072
 30
0.0
  0
ENDBLK
  5
29D
330
295
100
AcDbEntity
  8
0
100
AcDbBlockEnd
  0
BLOCK
  5
2A0
330
29F
100
AcDbEntity
  8
0
100
AcDbBlockBegin
  2
*D10
 70
     1
 10
0.0
 20
0.0
 30
0.0
  3
*D10
  1

  0
LINE
  5
2A1
330
29F
100
AcDbEntity
  8
FD_Dimensions
 62
     0
440
 16777216
370
    -2
100
AcDbLine
 10
116.487849
 20
54.105055
 30
0.0
 11
116.487849
 21
23.205055
 31
0.0
  0
LINE
  5
2A2
330
29F
100
AcDbEntity
  8
FD_Dimensions
 62
     0
440
 16777216
370
    -2
100
AcDbLine
 10
171.487849
 20
54.105055
 30
0.0
 11
171.487849
 21
23.205055
 31
0.0
  0
LINE
  5
2A3
330
29F
100
AcDbEntity
  8
FD_Dimensions
 62
     0
440
 16777216
370
    -2
100
AcDbLine
 10
118.987849
 20
24.705055
 30
0.0
 11
168.987849
 21
24.705055
 31
0.0
  0
SOLID
  5
2A4
330
29F
100
AcDbEntity
  8
FD_Dimensions
 62
     0
440
 16777216
100
AcDbTrace
 10
118.987849
 20
25.121722
 30
0.0
 11
118.987849
 21
24.288389
 31
0.0
 12
116.487849
 22
24.705055
 32
0.0
 13
116.487849
 23
24.705055
 33
0.0
  0
SOLID
  5
2A5
330
29F
100
AcDbEntity
  8
FD_Dimensions
 62
     0
440
 16777216
100
AcDbTrace
 10
168.987849
 20
25.121722
 30
0.0
 11
168.987849
 21
24.288389
 31
0.0
 12
171.487849
 22
24.705055
 32
0.0
 13
171.487849
 23
24.705055
 33
0.0
  0
MTEXT
  5
2A6
330
29F
100
AcDbEntity
  8
FD_Dimensions
 62
     0
440
 16777216
100
AcDbMText
 10
143.987849
 20
26.981488
 30
0.0
 40
2.5
 41
0.0
 46
0.0
 71
     5
 72
     1
  1
55.00
 73
     1
 44
1.0
  0
POINT
  5
2A7
330
29F
100
AcDbEntity
  8
Defpoints
 62
     0
440
 16777216
100
AcDbPoint
 10
116.487849
 20
56.205055
 30
0.0
  0
POINT
  5
2A8
330
29F
100
AcDbEntity
  8
Defpoints
 62
     0
440
 16777216
100
AcDbPoint
 10
171.487849
 20
56.205055
 30
0.0
  0
POINT
  5
2A9
330
29F
100
AcDbEntity
  8
Defpoints
 62
     0
440
 16777216
100
AcDbPoint
 10
171.487849
 20
24.705055
 30
0.0
  0
ENDBLK
  5
2AA
330
29F
100
AcDbEntity
  8
0
100
AcDbBlockEnd
  0
BLOCK
  5
2AD
330
2AC
100
AcDbEntity
  8
0
100
AcDbBlockBegin
  2
*D11
 70
     1
 10
0.0
 20
0.0
 30
0.0
  3
*D11
  1

  0
LINE
  5
2AE
330
2AC
100
AcDbEntity
  8
FD_Dimensions
 62
     0
440
 16777216
370
    -2
100
AcDbLine
 10
59.715627
 20
180.11072
 30
0.0
 11
59.715627
 21
183.271181
 31
0.0
  0
LINE
  5
2AF
330
2AC
100
AcDbEntity
  8
FD_Dimensions
 62
     0
440
 16777216
370
    -2
100
AcDbLine
 10
84.514053
 20
126.11072
 30
0.0
 11
84.514053
 21
183.271181
 31
0.0
  0
LINE
  5
2B0
330
2AC
100
AcDbEntity
  8
FD_Dimensions
 62
     0
440
 16777216
370
    -2
100
AcDbLine
 10
62.215627
 20
181.771181
 30
0.0
 11
82.014053
 21
181.771181
 31
0.0
  0
SOLID
  5
2B1
330
2AC
100
AcDbEntity
  8
FD_Dimensions
 62
     0
440
 16777216
100
AcDbTrace
 10
62.215627
 20
182.187848
 30
0.0
 11
62.215627
 21
181.354514
 31
0.0
 12
59.715627
 22
181.771181
 32
0.0
 13
59.715627
 23
181.771181
 33
0.0
  0
SOLID
  5
2B2
330
2AC
100
AcDbEntity
  8
FD_Dimensions
 62
     0
440
 16777216
100
AcDbTrace
 10
82.014053
 20
182.187848
 30
0.0
 11
82.014053
 21
181.354514
 31
0.0
 12
84.514053
 22
181.771181
 32
0.0
 13
84.514053
 23
181.771181
 33
0.0
  0
MTEXT
  5
2B3
330
2AC
100
AcDbEntity
  8
FD_Dimensions
 62
     0
440
 16777216
100
AcDbMText
 10
72.11484
 20
184.047613
 30
0.0
 40
2.5
 41
0.0
 46
0.0
 71
     5
 72
     1
  1
24.80
 73
     1
 44
1.0
  0
POINT
  5
2B4
330
2AC
100
AcDbEntity
  8
Defpoints
 62
     0
440
 16777216
100
AcDbPoint
 10
59.715627
 20
178.01072
 30
0.0
  0
POINT
  5
2B5
330
2AC
100
AcDbEntity
  8
Defpoints
 62
     0
440
 16777216
100
AcDbPoint
 10
84.514053
 20
124.01072
 30
0.0
  0
POINT
  5
2B6
330
2AC
100
AcDbEntity
  8
Defpoints
 62
     0
440
 16777216
100
AcDbPoint
 10
84.514053
 20
181.771181
 30
0.0
  0
ENDBLK
  5
2B7
330
2AC
100
AcDbEntity
  8
0
100
AcDbBlockEnd
  0
BLOCK
  5
2BA
330
2B9
100
AcDbEntity
  8
0
100
AcDbBlockBegin
  2
*D12
 70
     1
 10
0.0
 20
0.0
 30
0.0
  3
*D12
  1

  0
LINE
  5
2BB
330
2B9
100
AcDbEntity
  8
FD_Dimensions
 62
     0
440
 16777216
370
    -2
100
AcDbLine
 10
40.606977
 20
125.155513
 30
0.0
 11
40.606977
 21
192.015042
 31
0.0
  0
LINE
  5
2BC
330
2B9
100
AcDbEntity
  8
FD_Dimensions
 62
     0
440
 16777216
370
    -2
100
AcDbLine
 10
84.514053
 20
126.11072
 30
0.0
 11
84.514053
 21
192.015042
 31
0.0
  0
LINE
  5
2BD
330
2B9
100
AcDbEntity
  8
FD_Dimensions
 62
     0
440
 16777216
370
    -2
100
AcDbLine
 10
43.106977
 20
190.515042
 30
0.0
 11
82.014053
 21
190.515042
 31
0.0
  0
SOLID
  5
2BE
330
2B9
100
AcDbEntity
  8
FD_Dimensions
 62
     0
440
 16777216
100
AcDbTrace
 10
43.106977
 20
190.931708
 30
0.0
 11
43.106977
 21
190.098375
 31
0.0
 12
40.606977
 22
190.515042
 32
0.0
 13
40.606977
 23
190.515042
 33
0.0
  0
SOLID
  5
2BF
330
2B9
100
AcDbEntity
  8
FD_Dimensions
 62
     0
440
 16777216
100
AcDbTrace
 10
82.014053
 20
190.931708
 30
0.0
 11
82.014053
 21
190.098375
 31
0.0
 12
84.514053
 22
190.515042
 32
0.0
 13
84.514053
 23
190.515042
 33
0.0
  0
MTEXT
  5
2C0
330
2B9
100
AcDbEntity
  8
FD_Dimensions
 62
     0
440
 16777216
100
AcDbMText
 10
62.560515
 20
192.792327
 30
0.0
 40
2.5
 41
0.0
 46
0.0
 71
     5
 72
     1
  1
43.91
 73
     1
 44
1.0
  0
POINT
  5
2C1
330
2B9
100
AcDbEntity
  8
Defpoints
 62
     0
440
 16777216
100
AcDbPoint
 10
40.606977
 20
123.055513
 30
0.0
  0
POINT
  5
2C2
330
2B9
100
AcDbEntity
  8
Defpoints
 62
     0
440
 16777216
100
AcDbPoint
 10
84.514053
 20
124.01072
 30
0.0
  0
POINT
  5
2C3
330
2B9
100
AcDbEntity
  8
Defpoints
 62
     0
440
 16777216
100
AcDbPoint
 10
84.514053
 20
190.515042
 30
0.0
  0
ENDBLK
  5
2C4
330
2B9
100
AcDbEntity
  8
0
100
AcDbBlockEnd
  0
BLOCK
  5
2C7
330
2C6
100
AcDbEntity
  8
0
100
AcDbBlockBegin
  2
*D13
 70
     1
 10
0.0
 20
0.0
 30
0.0
  3
*D13
  1

  0
LINE
  5
2C8
330
2C6
100
AcDbEntity
  8
FD_Dimensions
 62
     0
440
 16777216
370
    -2
100
AcDbLine
 10
95.684486
 20
103.990089
 30
0.0
 11
82.87414
 21
112.392789
 31
0.0
  0
MTEXT
  5
2C9
330
2C6
100
AcDbEntity
  8
FD_Dimensions
 62
     0
440
 16777216
100
AcDbMText
 10
91.573081
 20
109.409337
 30
0.0
 40
2.5
 41
0.0
 46
0.0
 71
     5
 72
     1
  1
R24.00
 11
0.83617
 21
-0.54847
 31
0.0
 73
     1
 44
1.0
  0
LINE
  5
2CA
330
2C6
100
AcDbEntity
  8
FD_Dimensions
 62
     0
440
 16777216
370
    -2
100
AcDbLine
 10
60.715627
 20
126.927241
 30
0.0
 11
80.783714
 21
113.763964
 31
0.0
  0
SOLID
  5
2CB
330
2C6
100
AcDbEntity
  8
FD_Dimensions
 62
     0
440
 16777216
100
AcDbTrace
 10
83.102669
 20
112.741194
 30
0.0
 11
82.645611
 21
112.044385
 31
0.0
 12
80.783714
 22
113.763964
 32
0.0
 13
80.783714
 23
113.763964
 33
0.0
  0
POINT
  5
2CC
330
2C6
100
AcDbEntity
  8
Defpoints
 62
     0
440
 16777216
100
AcDbPoint
 10
80.783714
 20
113.763964
 30
0.0
  0
POINT
  5
2CD
330
2C6
100
AcDbEntity
  8
Defpoints
 62
     0
440
 16777216
100
AcDbPoint
 10
60.715627
 20
126.927241
 30
0.0
  0
ENDBLK
  5
2CE
330
2C6
100
AcDbEntity
  8
0
100
AcDbBlockEnd
  0
BLOCK
  5
2D1
330
2D0
100
AcDbEntity
  8
0
100
AcDbBlockBegin
  2
*D14
 70
     1
 10
0.0
 20
0.0
 30
0.0
  3
*D14
  1

  0
LINE
  5
2D2
330
2D0
100
AcDbEntity
  8
FD_Dimensions
 62
     0
440
 16777216
370
    -2
100
AcDbLine
 10
28.37104
 20
103.276323
 30
0.0
 11
41.429197
 21
111.288492
 31
0.0
  0
MTEXT
  5
2D3
330
2D0
100
AcDbEntity
  8
FD_Dimensions
 62
     0
440
 16777216
100
AcDbMText
 10
32.644161
 20
108.568992
 30
0.0
 40
2.5
 41
0.0
 46
0.0
 71
     5
 72
     1
  1
R20.00
 11
0.852346
 21
0.522979
 31
0.0
 73
     1
 44
1.0
  0
LINE
  5
2D4
330
2D0
100
AcDbEntity
  8
FD_Dimensions
 62
     0
440
 16777216
370
    -2
100
AcDbLine
 10
60.606977
 20
123.055513
 30
0.0
 11
43.560062
 21
112.595939
 31
0.0
  0
SOLID
  5
2D5
330
2D0
100
AcDbEntity
  8
FD_Dimensions
 62
     0
440
 16777216
100
AcDbTrace
 10
41.21129
 20
111.643636
 30
0.0
 11
41.647105
 21
110.933348
 31
0.0
 12
43.560062
 22
112.595939
 32
0.0
 13
43.560062
 23
112.595939
 33
0.0
  0
POINT
  5
2D6
330
2D0
100
AcDbEntity
  8
Defpoints
 62
     0
440
 16777216
100
AcDbPoint
 10
43.560062
 20
112.595939
 30
0.0
  0
POINT
  5
2D7
330
2D0
100
AcDbEntity
  8
Defpoints
 62
     0
440
 16777216
100
AcDbPoint
 10
60.606977
 20
123.055513
 30
0.0
  0
ENDBLK
  5
2D8
330
2D0
100
AcDbEntity
  8
0
100
AcDbBlockEnd
  0
BLOCK
  5
2DB
330
2DA
100
AcDbEntity
  8
0
100
AcDbBlockBegin
  2
*D15
 70
     1
 10
0.0
 20
0.0
 30
0.0
  3
*D15
  1

  0
LINE
  5
2DC
330
2DA
100
AcDbEntity
  8
FD_Dimensions
 62
     0
440
 16777216
370
    -2
100
AcDbLine
 10
24.049736
 20
174.358854
 30
0.0
 11
43.591206
 21
166.912661
 31
0.0
  0
MTEXT
  5
2DD
330
2DA
100
AcDbEntity
  8
FD_Dimensions
 62
     0
440
 16777216
100
AcDbMText
 10
30.85031
 20
174.203622
 30
0.0
 40
2.5
 41
0.0
 46
0.0
 71
     5
 72
     1
  1
R20.00
 11
0.934459
 21
-0.356071
 31
0.0
 73
     1
 44
1.0
  0
LINE
  5
2DE
330
2DA
100
AcDbEntity
  8
FD_Dimensions
 62
     0
440
 16777216
370
    -2
100
AcDbLine
 10
64.616527
 20
158.901053
 30
0.0
 11
45.927352
 21
166.022482
 31
0.0
  0
SOLID
  5
2DF
330
2DA
100
AcDbEntity
  8
FD_Dimensions
 62
     0
440
 16777216
100
AcDbTrace
 10
43.739569
 20
167.302019
 30
0.0
 11
43.442842
 21
166.523303
 31
0.0
 12
45.927352
 22
166.022482
 32
0.0
 13
45.927352
 23
166.022482
 33
0.0
  0
POINT
  5
2E0
330
2DA
100
AcDbEntity
  8
Defpoints
 62
     0
440
 16777216
100
AcDbPoint
 10
45.927352
 20
166.022482
 30
0.0
  0
POINT
  5
2E1
330
2DA
100
AcDbEntity
  8
Defpoints
 62
     0
440
 16777216
100
AcDbPoint
 10
64.616527
 20
158.901053
 30
0.0
  0
ENDBLK
  5
2E2
330
2DA
100
AcDbEntity
  8
0
100
AcDbBlockEnd
  0
BLOCK
  5
2E5
330
2E4
100
AcDbEntity
  8
0
100
AcDbBlockBegin
  2
*D16
 70
     1
 10
0.0
 20
0.0
 30
0.0
  3
*D16
  1

  0
LINE
  5
2E6
330
2E4
100
AcDbEntity
  8
FD_Dimensions
 62
     0
440
 16777216
370
    -2
100
AcDbLine
 10
106.473666
 20
44.179597
 30
0.0
 11
117.417713
 21
51.897189
 31
0.0
  0
MTEXT
  5
2E7
330
2E4
100
AcDbEntity
  8
FD_Dimensions
 62
     0
440
 16777216
100
AcDbMText
 10
109.612228
 20
49.178396
 30
0.0
 40
2.5
 41
0.0
 46
0.0
 71
     5
 72
     1
  1
R1.49
 11
0.817236
 21
0.576303
 31
0.0
 73
     1
 44
1.0
  0
LINE
  5
2E8
330
2E4
100
AcDbEntity
  8
FD_Dimensions
 62
     0
440
 16777216
370
    -2
100
AcDbLine
 10
120.681886
 20
54.199039
 30
0.0
 11
119.460802
 21
53.337948
 31
0.0
  0
SOLID
  5
2E9
330
2E4
100
AcDbEntity
  8
FD_Dimensions
 62
     0
440
 16777216
100
AcDbTrace
 10
117.177586
 20
52.237704
 30
0.0
 11
117.657839
 21
51.556674
 31
0.0
 12
119.460802
 22
53.337948
 32
0.0
 13
119.460802
 23
53.337948
 33
0.0
  0
POINT
  5
2EA
330
2E4
100
AcDbEntity
  8
Defpoints
 62
     0
440
 16777216
100
AcDbPoint
 10
119.460802
 20
53.337948
 30
0.0
  0
POINT
  5
2EB
330
2E4
100
AcDbEntity
  8
Defpoints
 62
     0
440
 16777216
100
AcDbPoint
 10
120.681886
 20
54.199039
 30
0.0
  0
ENDBLK
  5
2EC
330
2E4
100
AcDbEntity
  8
0
100
AcDbBlockEnd
  0
BLOCK
  5
2EF
330
2EE
100
AcDbEntity
  8
0
100
AcDbBlockBegin
  2
*D17
 70
     1
 10
0.0
 20
0.0
 30
0.0
  3
*D17
  1

  0
LINE
  5
61F
330
2EE
100
AcDbEntity
  8
FD_Dimensions
 62
     0
440
 16777216
370
    -2
100
AcDbLine
 10
170.343456
 20
188.250061
 30
0.0
 11
160.458278
 21
175.032867
 31
0.0
  0
MTEXT
  5
620
330
2EE
100
AcDbEntity
  8
FD_Dimensions
 62
     0
440
 16777216
100
AcDbMText
 10
164.681292
 20
184.480207
 30
0.0
 40
2.5
 41
0.0
 46
0.0
 71
     5
 72
     1
  1
R25.00
 11
0.598925
 21
0.800805
 31
0.0
 73
     1
 44
1.0
  0
LINE
  5
621
330
2EE
100
AcDbEntity
  8
FD_Dimensions
 62
     0
440
 16777216
370
    -2
100
AcDbLine
 10
143.987849
 20
153.01072
 30
0.0
 11
158.960966
 21
173.030854
 31
0.0
  0
SOLID
  5
622
330
2EE
100
AcDbEntity
  8
FD_Dimensions
 62
     0
440
 16777216
100
AcDbTrace
 10
160.124609
 20
175.282419
 30
0.0
 11
160.791947
 21
174.783315
 31
0.0
 12
158.960966
 22
173.030854
 32
0.0
 13
158.960966
 23
173.030854
 33
0.0
  0
POINT
  5
623
330
2EE
100
AcDbEntity
  8
Defpoints
 62
     0
440
 16777216
100
AcDbPoint
 10
158.960966
 20
173.030854
 30
0.0
  0
POINT
  5
624
330
2EE
100
AcDbEntity
  8
Defpoints
 62
     0
440
 16777216
100
AcDbPoint
 10
143.987849
 20
153.01072
 30
0.0
  0
ENDBLK
  5
2F0
330
2EE
100
AcDbEntity
  8
0
100
AcDbBlockEnd
  0
BLOCK
  5
2F8
330
2F7
100
AcDbEntity
  8
0
100
AcDbBlockBegin
  2
*D18
 70
     1
 10
0.0
 20
0.0
 30
0.0
  3
*D18
  1

  0
LINE
  5
625
330
2F7
100
AcDbEntity
  8
FD_Dimensions
 62
     0
440
 16777216
370
    -2
100
AcDbLine
 10
108.876073
 20
99.791875
 30
0.0
 11
128.182648
 21
129.05481
 31
0.0
  0
MTEXT
  5
626
330
2F7
100
AcDbEntity
  8
FD_Dimensions
 62
     0
440
 16777216
100
AcDbMText
 10
110.506017
 20
106.396054
 30
0.0
 40
2.5
 41
0.0
 46
0.0
 71
     5
 72
     1
  1
R26.20
 11
0.550704
 21
0.834701
 31
0.0
 73
     1
 44
1.0
  0
LINE
  5
627
330
2F7
100
AcDbEntity
  8
FD_Dimensions
 62
     0
440
 16777216
370
    -2
100
AcDbLine
 10
143.987849
 20
153.01072
 30
0.0
 11
129.559408
 21
131.141562
 31
0.0
  0
SOLID
  5
628
330
2F7
100
AcDbEntity
  8
FD_Dimensions
 62
     0
440
 16777216
100
AcDbTrace
 10
127.834856
 20
129.28427
 30
0.0
 11
128.53044
 21
128.82535
 31
0.0
 12
129.559408
 22
131.141562
 32
0.0
 13
129.559408
 23
131.141562
 33
0.0
  0
POINT
  5
629
330
2F7
100
AcDbEntity
  8
Defpoints
 62
     0
440
 16777216
100
AcDbPoint
 10
129.559408
 20
131.141562
 30
0.0
  0
POINT
  5
62A
330
2F7
100
AcDbEntity
  8
Defpoints
 62
     0
440
 16777216
100
AcDbPoint
 10
143.987849
 20
153.01072
 30
0.0
  0
ENDBLK
  5
2F9
330
2F7
100
AcDbEntity
  8
0
100
AcDbBlockEnd
  0
BLOCK
  5
301
330
300
100
AcDbEntity
  8
0
100
AcDbBlockBegin
  2
*D19
 70
     1
 10
0.0
 20
0.0
 30
0.0
  3
*D19
  1

  0
LINE
  5
62B
330
300
100
AcDbEntity
  8
FD_Dimensions
 62
     0
440
 16777216
370
    -2
100
AcDbLine
 10
184.741752
 20
110.68535
 30
0.0
 11
170.965124
 21
117.387205
 31
0.0
  0
MTEXT
  5
62C
330
300
100
AcDbEntity
  8
FD_Dimensions
 62
     0
440
 16777216
100
AcDbMText
 10
179.973318
 20
115.53653
 30
0.0
 40
2.5
 41
0.0
 46
0.0
 71
     5
 72
     1
  1
R27.50
 11
0.899243
 21
-0.43745
 31
0.0
 73
     1
 44
1.0
  0
LINE
  5
62D
330
300
100
AcDbEntity
  8
FD_Dimensions
 62
     0
440
 16777216
370
    -2
100
AcDbLine
 10
143.987849
 20
130.51072
 30
0.0
 11
168.717018
 21
118.480831
 31
0.0
  0
SOLID
  5
62E
330
300
100
AcDbEntity
  8
FD_Dimensions
 62
     0
440
 16777216
100
AcDbTrace
 10
171.147395
 20
117.76189
 30
0.0
 11
170.782853
 21
117.012521
 31
0.0
 12
168.717018
 22
118.480831
 32
0.0
 13
168.717018
 23
118.480831
 33
0.0
  0
POINT
  5
62F
330
300
100
AcDbEntity
  8
Defpoints
 62
     0
440
 16777216
100
AcDbPoint
 10
168.717018
 20
118.480831
 30
0.0
  0
POINT
  5
630
330
300
100
AcDbEntity
  8
Defpoints
 62
     0
440
 16777216
100
AcDbPoint
 10
143.987849
 20
130.51072
 30
0.0
  0
ENDBLK
  5
302
330
300
100
AcDbEntity
  8
0
100
AcDbBlockEnd
  0
BLOCK
  5
30A
330
309
100
AcDbEntity
  8
0
100
AcDbBlockBegin
  2
*D20
 70
     1
 10
0.0
 20
0.0
 30
0.0
  3
*D20
  1

  0
LINE
  5
631
330
309
100
AcDbEntity
  8
FD_Dimensions
 62
     0
440
 16777216
370
    -2
100
AcDbLine
 10
217.417671
 20
85.631345
 30
0.0
 11
220.772182
 21
101.772229
 31
0.0
  0
MTEXT
  5
632
330
309
100
AcDbEntity
  8
FD_Dimensions
 62
     0
440
 16777216
100
AcDbMText
 10
216.49319
 20
92.370576
 30
0.0
 40
2.5
 41
0.0
 46
0.0
 71
     5
 72
     1
  1
R10.00
 11
0.203479
 21
0.979079
 31
0.0
 73
     1
 44
1.0
  0
LINE
  5
633
330
309
100
AcDbEntity
  8
FD_Dimensions
 62
     0
440
 16777216
370
    -2
100
AcDbLine
 10
223.31567
 20
114.01072
 30
0.0
 11
221.280879
 21
104.219927
 31
0.0
  0
SOLID
  5
634
330
309
100
AcDbEntity
  8
FD_Dimensions
 62
     0
440
 16777216
100
AcDbTrace
 10
220.364232
 20
101.857011
 30
0.0
 11
221.180131
 21
101.687446
 31
0.0
 12
221.280879
 22
104.219927
 32
0.0
 13
221.280879
 23
104.219927
 33
0.0
  0
POINT
  5
635
330
309
100
AcDbEntity
  8
Defpoints
 62
     0
440
 16777216
100
AcDbPoint
 10
221.280879
 20
104.219927
 30
0.0
  0
POINT
  5
636
330
309
100
AcDbEntity
  8
Defpoints
 62
     0
440
 16777216
100
AcDbPoint
 10
223.31567
 20
114.01072
 30
0.0
  0
ENDBLK
  5
30B
330
309
100
AcDbEntity
  8
0
100
AcDbBlockEnd
  0
BLOCK
  5
313
330
312
100
AcDbEntity
  8
0
100
AcDbBlockBegin
  2
*D21
 70
     1
 10
0.0
 20
0.0
 30
0.0
  3
*D21
  1

  0
LINE
  5
637
330
312
100
AcDbEntity
  8
FD_Dimensions
 62
     0
440
 16777216
370
    -2
100
AcDbLine
 10
116.487849
 20
54.105055
 30
0.0
 11
116.487849
 21
23.205055
 31
0.0
  0
LINE
  5
638
330
312
100
AcDbEntity
  8
FD_Dimensions
 62
     0
440
 16777216
370
    -2
100
AcDbLine
 10
171.487849
 20
54.105055
 30
0.0
 11
171.487849
 21
23.205055
 31
0.0
  0
LINE
  5
639
330
312
100
AcDbEntity
  8
FD_Dimensions
 62
     0
440
 16777216
370
    -2
100
AcDbLine
 10
118.987849
 20
24.705055
 30
0.0
 11
168.987849
 21
24.705055
 31
0.0
  0
SOLID
  5
63A
330
312
100
AcDbEntity
  8
FD_Dimensions
 62
     0
440
 16777216
100
AcDbTrace
 10
118.987849
 20
25.121722
 30
0.0
 11
118.987849
 21
24.288389
 31
0.0
 12
116.487849
 22
24.705055
 32
0.0
 13
116.487849
 23
24.705055
 33
0.0
  0
SOLID
  5
63B
330
312
100
AcDbEntity
  8
FD_Dimensions
 62
     0
440
 16777216
100
AcDbTrace
 10
168.987849
 20
25.121722
 30
0.0
 11
168.987849
 21
24.288389
 31
0.0
 12
171.487849
 22
24.705055
 32
0.0
 13
171.487849
 23
24.705055
 33
0.0
  0
MTEXT
  5
63C
330
312
100
AcDbEntity
  8
FD_Dimensions
 62
     0
440
 16777216
100
AcDbMText
 10
143.987849
 20
26.981488
 30
0.0
 40
2.5
 41
0.0
 46
0.0
 71
     5
 72
     1
  1
55.00
 73
     1
 44
1.0
  0
POINT
  5
63D
330
312
100
AcDbEntity
  8
Defpoints
 62
     0
440
 16777216
100
AcDbPoint
 10
116.487849
 20
56.205055
 30
0.0
  0
POINT
  5
63E
330
312
100
AcDbEntity
  8
Defpoints
 62
     0
440
 16777216
100
AcDbPoint
 10
171.487849
 20
56.205055
 30
0.0
  0
POINT
  5
63F
330
312
100
AcDbEntity
  8
Defpoints
 62
     0
440
 16777216
100
AcDbPoint
 10
171.487849
 20
24.705055
 30
0.0
  0
ENDBLK
  5
314
330
312
100
AcDbEntity
  8
0
100
AcDbBlockEnd
  0
BLOCK
  5
31F
330
31E
100
AcDbEntity
  8
0
100
AcDbBlockBegin
  2
*D22
 70
     1
 10
0.0
 20
0.0
 30
0.0
  3
*D22
  1

  0
LINE
  5
640
330
31E
100
AcDbEntity
  8
FD_Dimensions
 62
     0
440
 16777216
370
    -2
100
AcDbLine
 10
59.715627
 20
180.11072
 30
0.0
 11
59.715627
 21
183.271181
 31
0.0
  0
LINE
  5
641
330
31E
100
AcDbEntity
  8
FD_Dimensions
 62
     0
440
 16777216
370
    -2
100
AcDbLine
 10
84.514053
 20
126.11072
 30
0.0
 11
84.514053
 21
183.271181
 31
0.0
  0
LINE
  5
642
330
31E
100
AcDbEntity
  8
FD_Dimensions
 62
     0
440
 16777216
370
    -2
100
AcDbLine
 10
62.215627
 20
181.771181
 30
0.0
 11
82.014053
 21
181.771181
 31
0.0
  0
SOLID
  5
643
330
31E
100
AcDbEntity
  8
FD_Dimensions
 62
     0
440
 16777216
100
AcDbTrace
 10
62.215627
 20
182.187848
 30
0.0
 11
62.215627
 21
181.354514
 31
0.0
 12
59.715627
 22
181.771181
 32
0.0
 13
59.715627
 23
181.771181
 33
0.0
  0
SOLID
  5
644
330
31E
100
AcDbEntity
  8
FD_Dimensions
 62
     0
440
 16777216
100
AcDbTrace
 10
82.014053
 20
182.187848
 30
0.0
 11
82.014053
 21
181.354514
 31
0.0
 12
84.514053
 22
181.771181
 32
0.0
 13
84.514053
 23
181.771181
 33
0.0
  0
MTEXT
  5
645
330
31E
100
AcDbEntity
  8
FD_Dimensions
 62
     0
440
 16777216
100
AcDbMText
 10
72.11484
 20
184.047613
 30
0.0
 40
2.5
 41
0.0
 46
0.0
 71
     5
 72
     1
  1
24.80
 73
     1
 44
1.0
  0
POINT
  5
646
330
31E
100
AcDbEntity
  8
Defpoints
 62
     0
440
 16777216
100
AcDbPoint
 10
59.715627
 20
178.01072
 30
0.0
  0
POINT
  5
647
330
31E
100
AcDbEntity
  8
Defpoints
 62
     0
440
 16777216
100
AcDbPoint
 10
84.514053
 20
124.01072
 30
0.0
  0
POINT
  5
648
330
31E
100
AcDbEntity
  8
Defpoints
 62
     0
440
 16777216
100
AcDbPoint
 10
84.514053
 20
181.771181
 30
0.0
  0
ENDBLK
  5
320
330
31E
100
AcDbEntity
  8
0
100
AcDbBlockEnd
  0
BLOCK
  5
32B
330
32A
100
AcDbEntity
  8
0
100
AcDbBlockBegin
  2
*D23
 70
     1
 10
0.0
 20
0.0
 30
0.0
  3
*D23
  1

  0
LINE
  5
649
330
32A
100
AcDbEntity
  8
FD_Dimensions
 62
     0
440
 16777216
370
    -2
100
AcDbLine
 10
40.606977
 20
125.155513
 30
0.0
 11
40.606977
 21
192.015042
 31
0.0
  0
LINE
  5
64A
330
32A
100
AcDbEntity
  8
FD_Dimensions
 62
     0
440
 16777216
370
    -2
100
AcDbLine
 10
84.514053
 20
126.11072
 30
0.0
 11
84.514053
 21
192.015042
 31
0.0
  0
LINE
  5
64B
330
32A
100
AcDbEntity
  8
FD_Dimensions
 62
     0
440
 16777216
370
    -2
100
AcDbLine
 10
43.106977
 20
190.515042
 30
0.0
 11
82.014053
 21
190.515042
 31
0.0
  0
SOLID
  5
64C
330
32A
100
AcDbEntity
  8
FD_Dimensions
 62
     0
440
 16777216
100
AcDbTrace
 10
43.106977
 20
190.931708
 30
0.0
 11
43.106977
 21
190.098375
 31
0.0
 12
40.606977
 22
190.515042
 32
0.0
 13
40.606977
 23
190.515042
 33
0.0
  0
SOLID
  5
64D
330
32A
100
AcDbEntity
  8
FD_Dimensions
 62
     0
440
 16777216
100
AcDbTrace
 10
82.014053
 20
190.931708
 30
0.0
 11
82.014053
 21
190.098375
 31
0.0
 12
84.514053
 22
190.515042
 32
0.0
 13
84.514053
 23
190.515042
 33
0.0
  0
MTEXT
  5
64E
330
32A
100
AcDbEntity
  8
FD_Dimensions
 62
     0
440
 16777216
100
AcDbMText
 10
62.560515
 20
192.792327
 30
0.0
 40
2.5
 41
0.0
 46
0.0
 71
     5
 72
     1
  1
43.91
 73
     1
 44
1.0
  0
POINT
  5
64F
330
32A
100
AcDbEntity
  8
Defpoints
 62
     0
440
 16777216
100
AcDbPoint
 10
40.606977
 20
123.055513
 30
0.0
  0
POINT
  5
650
330
32A
100
AcDbEntity
  8
Defpoints
 62
     0
440
 16777216
100
AcDbPoint
 10
84.514053
 20
124.01072
 30
0.0
  0
POINT
  5
651
330
32A
100
AcDbEntity
  8
Defpoints
 62
     0
440
 16777216
100
AcDbPoint
 10
84.514053
 20
190.515042
 30
0.0
  0
ENDBLK
  5
32C
330
32A
100
AcDbEntity
  8
0
100
AcDbBlockEnd
  0
BLOCK
  5
337
330
336
100
AcDbEntity
  8
0
100
AcDbBlockBegin
  2
*D24
 70
     1
 10
0.0
 20
0.0
 30
0.0
  3
*D24
  1

  0
LINE
  5
652
330
336
100
AcDbEntity
  8
FD_Dimensions
 62
     0
440
 16777216
370
    -2
100
AcDbLine
 10
95.684486
 20
103.990089
 30
0.0
 11
82.87414
 21
112.392789
 31
0.0
  0
MTEXT
  5
653
330
336
100
AcDbEntity
  8
FD_Dimensions
 62
     0
440
 16777216
100
AcDbMText
 10
91.573081
 20
109.409337
 30
0.0
 40
2.5
 41
0.0
 46
0.0
 71
     5
 72
     1
  1
R24.00
 11
0.83617
 21
-0.54847
 31
0.0
 73
     1
 44
1.0
  0
LINE
  5
654
330
336
100
AcDbEntity
  8
FD_Dimensions
 62
     0
440
 16777216
370
    -2
100
AcDbLine
 10
60.715627
 20
126.927241
 30
0.0
 11
80.783714
 21
113.763964
 31
0.0
  0
SOLID
  5
655
330
336
100
AcDbEntity
  8
FD_Dimensions
 62
     0
440
 16777216
100
AcDbTrace
 10
83.102669
 20
112.741194
 30
0.0
 11
82.645611
 21
112.044385
 31
0.0
 12
80.783714
 22
113.763964
 32
0.0
 13
80.783714
 23
113.763964
 33
0.0
  0
POINT
  5
656
330
336
100
AcDbEntity
  8
Defpoints
 62
     0
440
 16777216
100
AcDbPoint
 10
80.783714
 20
113.763964
 30
0.0
  0
POINT
  5
657
330
336
100
AcDbEntity
  8
Defpoints
 62
     0
440
 16777216
100
AcDbPoint
 10
60.715627
 20
126.927241
 30
0.0
  0
ENDBLK
  5
338
330
336
100
AcDbEntity
  8
0
100
AcDbBlockEnd
  0
BLOCK
  5
340
330
33F
100
AcDbEntity
  8
0
100
AcDbBlockBegin
  2
*D25
 70
     1
 10
0.0
 20
0.0
 30
0.0
  3
*D25
  1

  0
LINE
  5
658
330
33F
100
AcDbEntity
  8
FD_Dimensions
 62
     0
440
 16777216
370
    -2
100
AcDbLine
 10
28.37104
 20
103.276323
 30
0.0
 11
41.429197
 21
111.288492
 31
0.0
  0
MTEXT
  5
659
330
33F
100
AcDbEntity
  8
FD_Dimensions
 62
     0
440
 16777216
100
AcDbMText
 10
32.644161
 20
108.568992
 30
0.0
 40
2.5
 41
0.0
 46
0.0
 71
     5
 72
     1
  1
R20.00
 11
0.852346
 21
0.522979
 31
0.0
 73
     1
 44
1.0
  0
LINE
  5
65A
330
33F
100
AcDbEntity
  8
FD_Dimensions
 62
     0
440
 16777216
370
    -2
100
AcDbLine
 10
60.606977
 20
123.055513
 30
0.0
 11
43.560062
 21
112.595939
 31
0.0
  0
SOLID
  5
65B
330
33F
100
AcDbEntity
  8
FD_Dimensions
 62
     0
440
 16777216
100
AcDbTrace
 10
41.21129
 20
111.643636
 30
0.0
 11
41.647105
 21
110.933348
 31
0.0
 12
43.560062
 22
112.595939
 32
0.0
 13
43.560062
 23
112.595939
 33
0.0
  0
POINT
  5
65C
330
33F
100
AcDbEntity
  8
Defpoints
 62
     0
440
 16777216
100
AcDbPoint
 10
43.560062
 20
112.595939
 30
0.0
  0
POINT
  5
65D
330
33F
100
AcDbEntity
  8
Defpoints
 62
     0
440
 16777216
100
AcDbPoint
 10
60.606977
 20
123.055513
 30
0.0
  0
ENDBLK
  5
341
330
33F
100
AcDbEntity
  8
0
100
AcDbBlockEnd
  0
BLOCK
  5
349
330
348
100
AcDbEntity
  8
0
100
AcDbBlockBegin
  2
*D26
 70
     1
 10
0.0
 20
0.0
 30
0.0
  3
*D26
  1

  0
LINE
  5
65E
330
348
100
AcDbEntity
  8
FD_Dimensions
 62
     0
440
 16777216
370
    -2
100
AcDbLine
 10
24.049736
 20
174.358854
 30
0.0
 11
43.591206
 21
166.912661
 31
0.0
  0
MTEXT
  5
65F
330
348
100
AcDbEntity
  8
FD_Dimensions
 62
     0
440
 16777216
100
AcDbMText
 10
30.85031
 20
174.203622
 30
0.0
 40
2.5
 41
0.0
 46
0.0
 71
     5
 72
     1
  1
R20.00
 11
0.934459
 21
-0.356071
 31
0.0
 73
     1
 44
1.0
  0
LINE
  5
660
330
348
100
AcDbEntity
  8
FD_Dimensions
 62
     0
440
 16777216
370
    -2
100
AcDbLine
 10
64.616527
 20
158.901053
 30
0.0
 11
45.927352
 21
166.022482
 31
0.0
  0
SOLID
  5
661
330
348
100
AcDbEntity
  8
FD_Dimensions
 62
     0
440
 16777216
100
AcDbTrace
 10
43.739569
 20
167.302019
 30
0.0
 11
43.442842
 21
166.523303
 31
0.0
 12
45.927352
 22
166.022482
 32
0.0
 13
45.927352
 23
166.022482
 33
0.0
  0
POINT
  5
662
330
348
100
AcDbEntity
  8
Defpoints
 62
     0
440
 16777216
100
AcDbPoint
 10
45.927352
 20
166.022482
 30
0.0
  0
POINT
  5
663
330
348
100
AcDbEntity
  8
Defpoints
 62
     0
440
 16777216
100
AcDbPoint
 10
64.616527
 20
158.901053
 30
0.0
  0
ENDBLK
  5
34A
330
348
100
AcDbEntity
  8
0
100
AcDbBlockEnd
  0
BLOCK
  5
352
330
351
100
AcDbEntity
  8
0
100
AcDbBlockBegin
  2
*D27
 70
     1
 10
0.0
 20
0.0
 30
0.0
  3
*D27
  1

  0
LINE
  5
664
330
351
100
AcDbEntity
  8
FD_Dimensions
 62
     0
440
 16777216
370
    -2
100
AcDbLine
 10
106.473666
 20
44.179597
 30
0.0
 11
117.417713
 21
51.897189
 31
0.0
  0
MTEXT
  5
665
330
351
100
AcDbEntity
  8
FD_Dimensions
 62
     0
440
 16777216
100
AcDbMText
 10
109.612228
 20
49.178396
 30
0.0
 40
2.5
 41
0.0
 46
0.0
 71
     5
 72
     1
  1
R1.49
 11
0.817236
 21
0.576303
 31
0.0
 73
     1
 44
1.0
  0
LINE
  5
666
330
351
100
AcDbEntity
  8
FD_Dimensions
 62
     0
440
 16777216
370
    -2
100
AcDbLine
 10
120.681886
 20
54.199039
 30
0.0
 11
119.460802
 21
53.337948
 31
0.0
  0
SOLID
  5
667
330
351
100
AcDbEntity
  8
FD_Dimensions
 62
     0
440
 16777216
100
AcDbTrace
 10
117.177586
 20
52.237704
 30
0.0
 11
117.657839
 21
51.556674
 31
0.0
 12
119.460802
 22
53.337948
 32
0.0
 13
119.460802
 23
53.337948
 33
0.0
  0
POINT
  5
668
330
351
100
AcDbEntity
  8
Defpoints
 62
     0
440
 16777216
100
AcDbPoint
 10
119.460802
 20
53.337948
 30
0.0
  0
POINT
  5
669
330
351
100
AcDbEntity
  8
Defpoints
 62
     0
440
 16777216
100
AcDbPoint
 10
120.681886
 20
54.199039
 30
0.0
  0
ENDBLK
  5
353
330
351
100
AcDbEntity
  8
0
100
AcDbBlockEnd
  0
ENDSEC
  0
SECTION
  2
ENTITIES
  0
DIMENSION
  5
275
330
70
100
AcDbEntity
  8
FD_Dimensions
100
AcDbDimension
280
     0
  2
*D17
 10
143.987849
 20
153.01072
 30
0.0
 11
166.504271
 21
183.116795
 31
0.0
 70
   164
 71
     5
 42
25.0
 73
     0
 74
     0
 75
     0
  3
Dim-ISO-25
100
AcDbRadialDimension
 15
158.960966
 25
173.030854
 35
0.0
 40
0.0
1001
ACAD_DIMASSOC_CALC_DIMLFAC
1040
-1.0
1001
ACAD_DIMASSOC_DIMLFAC
1040
-1.0
1001
ACAD_DIMASSOC_OVERRIDDEN_DIMLFAC
1040
0.0
1001
ACAD_TC
1000
DSTYLE_TC
1002
{
1070
   176
1004
18000000020000008C8C8CC2000000000000000000000000
1070
   177
1004
18000000020000008C8C8CC2000000000000000000000000
1002
}
1001
ACAD_DSTYLE_DIMJAG_POSITION
1070
   387
1070
     0
1070
   389
1010
0.0
1020
0.0
1030
0.0
1001
ACAD_DSTYLE_DIMRADIAL_EXTENSION
1070
   387
1070
     1
1070
   388
1040
0.125648
1070
   390
1040
3.015945
1001
ACAD
1000
DSTYLE
1002
{
1070
    75
1070
     1
1070
   144
1040
1.0
1070
   176
1070
     0
1070
   177
1070
     0
1002
}
  0
DIMENSION
  5
280
330
70
100
AcDbEntity
  8
FD_Dimensions
100
AcDbDimension
280
     0
  2
*D18
 10
143.987849
 20
153.01072
 30
0.0
 11
112.406156
 21
105.142414
 31
0.0
 70
   164
 71
     5
 42
26.2
 73
     0
 74
     0
 75
     0
  3
Dim-ISO-25
100
AcDbRadialDimension
 15
129.559408
 25
131.141562
 35
0.0
 40
0.0
1001
ACAD_DIMASSOC_CALC_DIMLFAC
1040
-1.0
1001
ACAD_DIMASSOC_DIMLFAC
1040
-1.0
1001
ACAD_DIMASSOC_OVERRIDDEN_DIMLFAC
1040
0.0
1001
ACAD_TC
1000
DSTYLE_TC
1002
{
1070
   176
1004
18000000020000008C8C8CC2000000000000000000000000
1070
   177
1004
18000000020000008C8C8CC2000000000000000000000000
1002
}
1001
ACAD_DSTYLE_DIMJAG_POSITION
1070
   387
1070
     0
1070
   389
1010
0.0
1020
0.0
1030
0.0
1001
ACAD_DSTYLE_DIMRADIAL_EXTENSION
1070
   387
1070
     1
1070
   388
1040
3.910753
1070
   390
1040
5.514025
1001
ACAD
1000
DSTYLE
1002
{
1070
    75
1070
     1
1070
   144
1040
1.0
1070
   176
1070
     0
1070
   177
1070
     0
1002
}
  0
DIMENSION
  5
28A
330
70
100
AcDbEntity
  8
FD_Dimensions
100
AcDbDimension
280
     0
  2
*D19
 10
143.987849
 20
130.51072
 30
0.0
 11
178.977491
 21
113.489465
 31
0.0
 70
   164
 71
     5
 42
27.5
 73
     0
 74
     0
 75
     0
  3
Dim-ISO-25
100
AcDbRadialDimension
 15
168.717018
 25
118.480831
 35
0.0
 40
0.0
1001
ACAD_DIMASSOC_CALC_DIMLFAC
1040
-1.0
1001
ACAD_DIMASSOC_DIMLFAC
1040
-1.0
1001
ACAD_DIMASSOC_OVERRIDDEN_DIMLFAC
1040
0.0
1001
ACAD_TC
1000
DSTYLE_TC
1002
{
1070
   176
1004
18000000020000008C8C8CC2000000000000000000000000
1070
   177
1004
18000000020000008C8C8CC2000000000000000000000000
1002
}
1001
ACAD_DSTYLE_DIMJAG_POSITION
1070
   387
1070
     0
1070
   389
1010
0.0
1020
0.0
1030
0.0
1001
ACAD_DSTYLE_DIMRADIAL_EXTENSION
1070
   387
1070
     1
1070
   388
1040
5.052082
1070
   390
1040
0.111341
1001
ACAD
1000
DSTYLE
1002
{
1070
    75
1070
     1
1070
   144
1040
1.0
1070
   176
1070
     0
1070
   177
1070
     0
1002
}
  0
DIMENSION
  5
294
330
70
100
AcDbEntity
  8
FD_Dimensions
100
AcDbDimension
280
     0
  2
*D20
 10
223.31567
 20
114.01072
 30
0.0
 11
218.721998
 21
91.90737
 31
0.0
 70
   164
 71
     5
 42
10.0
 73
     0
 74
     0
 75
     0
  3
Dim-ISO-25
100
AcDbRadialDimension
 15
221.280879
 25
104.219927
 35
0.0
 40
0.0
1001
ACAD_DIMASSOC_CALC_DIMLFAC
1040
-1.0
1001
ACAD_DIMASSOC_DIMLFAC
1040
-1.0
1001
ACAD_DIMASSOC_OVERRIDDEN_DIMLFAC
1040
0.0
1001
ACAD_TC
1000
DSTYLE_TC
1002
{
1070
   176
1004
18000000020000008C8C8CC2000000000000000000000000
1070
   177
1004
18000000020000008C8C8CC2000000000000000000000000
1002
}
1001
ACAD_DSTYLE_DIMJAG_POSITION
1070
   387
1070
     0
1070
   389
1010
0.0
1020
0.0
1030
0.0
1001
ACAD_DSTYLE_DIMRADIAL_EXTENSION
1070
   387
1070
     1
1070
   388
1040
4.372696
1070
   390
1040
4.712389
1001
ACAD
1000
DSTYLE
1002
{
1070
    75
1070
     1
1070
   144
1040
1.0
1070
   176
1070
     0
1070
   177
1070
     0
1002
}
  0
DIMENSION
  5
29E
330
70
100
AcDbEntity
  8
FD_Dimensions
100
AcDbDimension
280
     0
  2
*D21
 10
171.487849
 20
24.705055
 30
0.0
 11
143.987849
 21
26.981488
 31
0.0
 70
    32
 71
     5
 42
55.0
 73
     0
 74
     0
 75
     0
  3
Dim-ISO-25
100
AcDbAlignedDimension
 13
116.487849
 23
56.205055
 33
0.0
 14
171.487849
 24
56.205055
 34
0.0
100
AcDbRotatedDimension
1001
ACAD_DIMASSOC_CALC_DIMLFAC
1040
-1.0
1001
ACAD_DIMASSOC_DIMLFAC
1040
-1.0
1001
ACAD_DIMASSOC_OVERRIDDEN_DIMLFAC
1040
0.0
1001
ACAD_TC
1000
DSTYLE_TC
1002
{
1070
   177
1004
18000000020000008C8C8CC2000000000000000000000000
1070
   176
1004
18000000020000008C8C8CC2000000000000000000000000
1002
}
1001
ACAD_DSTYLE_DIMJAG_POSITION
1070
   387
1070
     0
1070
   389
1010
0.0
1020
0.0
1030
0.0
1001
ACAD
1000
DSTYLE
1002
{
1070
   177
1070
     0
1070
   176
1070
     0
1070
   144
1040
1.0
1002
}
  0
DIMENSION
  5
2AB
330
70
100
AcDbEntity
  8
FD_Dimensions
100
AcDbDimension
280
     0
  2
*D22
 10
84.514053
 20
181.771181
 30
0.0
 11
72.11484
 21
184.047613
 31
0.0
 70
    32
 71
     5
 42
24.798426
 73
     0
 74
     0
 75
     0
  3
Dim-ISO-25
100
AcDbAlignedDimension
 13
59.715627
 23
178.01072
 33
0.0
 14
84.514053
 24
124.01072
 34
0.0
100
AcDbRotatedDimension
1001
ACAD_DIMASSOC_CALC_DIMLFAC
1040
-1.0
1001
ACAD_DIMASSOC_DIMLFAC
1040
-1.0
1001
ACAD_DIMASSOC_OVERRIDDEN_DIMLFAC
1040
0.0
1001
ACAD_TC
1000
DSTYLE_TC
1002
{
1070
   177
1004
18000000020000008C8C8CC2000000000000000000000000
1070
   176
1004
18000000020000008C8C8CC2000000000000000000000000
1002
}
1001
ACAD_DSTYLE_DIMJAG_POSITION
1070
   387
1070
     0
1070
   389
1010
0.0
1020
0.0
1030
0.0
1001
ACAD
1000
DSTYLE
1002
{
1070
   177
1070
     0
1070
   176
1070
     0
1070
   144
1040
1.0
1002
}
  0
DIMENSION
  5
2B8
330
70
100
AcDbEntity
  8
FD_Dimensions
100
AcDbDimension
280
     0
  2
*D23
 10
84.514053
 20
190.515042
 30
0.0
 11
62.560515
 21
192.792327
 31
0.0
 70
    32
 71
     5
 42
43.907076
 73
     0
 74
     0
 75
     0
  3
Dim-ISO-25
100
AcDbAlignedDimension
 13
40.606977
 23
123.055513
 33
0.0
 14
84.514053
 24
124.01072
 34
0.0
100
AcDbRotatedDimension
1001
ACAD_DIMASSOC_CALC_DIMLFAC
1040
-1.0
1001
ACAD_DIMASSOC_DIMLFAC
1040
-1.0
1001
ACAD_DIMASSOC_OVERRIDDEN_DIMLFAC
1040
0.0
1001
ACAD_TC
1000
DSTYLE_TC
1002
{
1070
   177
1004
18000000020000008C8C8CC2000000000000000000000000
1070
   176
1004
18000000020000008C8C8CC2000000000000000000000000
1002
}
1001
ACAD_DSTYLE_DIMJAG_POSITION
1070
   387
1070
     0
1070
   389
1010
0.0
1020
0.0
1030
0.0
1001
ACAD
1000
DSTYLE
1002
{
1070
   177
1070
     0
1070
   176
1070
     0
1070
   144
1040
1.0
1002
}
  0
DIMENSION
  5
2C5
330
70
100
AcDbEntity
  8
FD_Dimensions
100
AcDbDimension
280
     0
  2
*D24
 10
60.715627
 20
126.927241
 30
0.0
 11
90.324526
 21
107.505852
 31
0.0
 70
   164
 71
     5
 42
24.0
 73
     0
 74
     0
 75
     0
  3
Dim-ISO-25
100
AcDbRadialDimension
 15
80.783714
 25
113.763964
 35
0.0
 40
0.0
1001
ACAD_DIMASSOC_CALC_DIMLFAC
1040
-1.0
1001
ACAD_DIMASSOC_DIMLFAC
1040
-1.0
1001
ACAD_DIMASSOC_OVERRIDDEN_DIMLFAC
1040
0.0
1001
ACAD_DSTYLE_DIMJAG_POSITION
1070
   387
1070
     0
1070
   389
1010
0.0
1020
0.0
1030
0.0
1001
ACAD_DSTYLE_DIMRADIAL_EXTENSION
1070
   387
1070
     1
1070
   388
1040
0.0
1070
   390
1040
0.0
1001
ACAD
1000
DSTYLE
1002
{
1070
   144
1040
1.0
1070
    75
1070
     1
1070
   288
1070
     1
1002
}
  0
DIMENSION
  5
2CF
330
70
100
AcDbEntity
  8
FD_Dimensions
100
AcDbDimension
280
     0
  2
*D25
 10
60.606977
 20
123.055513
 30
0.0
 11
33.834686
 21
106.628684
 31
0.0
 70
   164
 71
     5
 42
20.0
 73
     0
 74
     0
 75
     0
  3
Dim-ISO-25
100
AcDbRadialDimension
 15
43.560062
 25
112.595939
 35
0.0
 40
0.0
1001
ACAD_DIMASSOC_CALC_DIMLFAC
1040
-1.0
1001
ACAD_DIMASSOC_DIMLFAC
1040
-1.0
1001
ACAD_DIMASSOC_OVERRIDDEN_DIMLFAC
1040
0.0
1001
ACAD_DSTYLE_DIMJAG_POSITION
1070
   387
1070
     0
1070
   389
1010
0.0
1020
0.0
1030
0.0
1001
ACAD_DSTYLE_DIMRADIAL_EXTENSION
1070
   387
1070
     1
1070
   388
1040
0.0
1070
   390
1040
0.0
1001
ACAD
1000
DSTYLE
1002
{
1070
   144
1040
1.0
1070
    75
1070
     1
1070
   288
1070
     1
1002
}
  0
DIMENSION
  5
2D9
330
70
100
AcDbEntity
  8
FD_Dimensions
100
AcDbDimension
280
     0
  2
*D26
 10
64.616527
 20
158.901053
 30
0.0
 11
30.039737
 21
172.07639
 31
0.0
 70
   164
 71
     5
 42
20.0
 73
     0
 74
     0
 75
     0
  3
Dim-ISO-25
100
AcDbRadialDimension
 15
45.927352
 25
166.022482
 35
0.0
 40
0.0
1001
ACAD_DIMASSOC_CALC_DIMLFAC
1040
-1.0
1001
ACAD_DIMASSOC_DIMLFAC
1040
-1.0
1001
ACAD_DIMASSOC_OVERRIDDEN_DIMLFAC
1040
0.0
1001
ACAD_DSTYLE_DIMJAG_POSITION
1070
   387
1070
     0
1070
   389
1010
0.0
1020
0.0
1030
0.0
1001
ACAD_DSTYLE_DIMRADIAL_EXTENSION
1070
   387
1070
     1
1070
   388
1040
0.0
1070
   390
1040
0.0
1001
ACAD
1000
DSTYLE
1002
{
1070
   144
1040
1.0
1070
    75
1070
     1
1070
   288
1070
     1
1002
}
  0
DIMENSION
  5
2E3
330
70
100
AcDbEntity
  8
FD_Dimensions
100
AcDbDimension
280
     0
  2
*D27
 10
120.681886
 20
54.199039
 30
0.0
 11
110.924144
 21
47.318014
 31
0.0
 70
   164
 71
     5
 42
1.494163
 73
     0
 74
     0
 75
     0
  3
Dim-ISO-25
100
AcDbRadialDimension
 15
119.460802
 25
53.337948
 35
0.0
 40
0.0
1001
ACAD_DIMASSOC_CALC_DIMLFAC
1040
-1.0
1001
ACAD_DIMASSOC_DIMLFAC
1040
-1.0
1001
ACAD_DIMASSOC_OVERRIDDEN_DIMLFAC
1040
0.0
1001
ACAD_DSTYLE_DIMJAG_POSITION
1070
   387
1070
     0
1070
   389
1010
0.0
1020
0.0
1030
0.0
1001
ACAD_DSTYLE_DIMRADIAL_EXTENSION
1070
   387
1070
     1
1070
   388
1040
3.158165
1070
   390
1040
4.708984
1001
ACAD
1000
DSTYLE
1002
{
1070
   144
1040
1.0
1070
    75
1070
     1
1070
   288
1070
     1
1002
}
  0
LINE
  5
43B
330
70
100
AcDbEntity
  8
Visible
100
AcDbLine
 10
169.171564
 20
152.76072
 30
0.0
 11
168.833049
 21
155.788498
 31
0.0
210
0.0
220
1.0
230
0.0
  0
LINE
  5
43C
330
70
100
AcDbEntity
  8
Visible
100
AcDbLine
 10
170.609013
 20
139.903788
 30
0.0
 11
169.171564
 21
152.76072
 31
0.0
210
0.0
220
1.0
230
0.0
  0
LINE
  5
43D
330
70
100
AcDbEntity
  8
Visible
100
AcDbLine
 10
171.317569
 20
133.566275
 30
0.0
 11
170.609013
 21
139.903788
 31
0.0
210
0.0
220
1.0
230
0.0
  0
SPLINE
  5
43E
330
70
100
AcDbEntity
  8
Visible
100
AcDbSpline
210
0.0
220
0.0
230
1.0
 70
     8
 71
     3
 72
    18
 73
    14
 74
     0
 42
0.000000001
 43
0.0000000001
 40
0.0001241096222633
 40
0.0001241096222633
 40
0.0001241096222633
 40
0.0001241096222633
 40
0.0152679526722824
 40
0.0152679526722824
 40
0.0738631955828448
 40
0.0738631955828448
 40
0.1324596491080777
 40
0.1324596491080777
 40
0.1818231073745825
 40
0.1818231073745825
 40
0.2311868444865124
 40
0.2311868444865124
 40
0.233260376672158
 40
0.233260376672158
 40
0.233260376672158
 40
0.233260376672158
 10
119.1876774643296
 20
156.1628151435931
 30
-0.000000000001819
 10
119.188706064524
 20
156.1626922827704
 30
-0.000000000001819
 10
119.1922636933432
 20
156.1622673441508
 30
-0.000000000001819
 10
119.2218353449061
 20
156.1587351190714
 30
-0.000000000001819
 10
119.2827107519897
 20
156.1514639251083
 30
-0.000000000001819
 10
119.4723628067822
 20
156.128805416941
 30
-0.000000000001819
 10
119.599327431024
 20
156.1136344179094
 30
-0.000000000001819
 10
119.8792932955966
 20
156.0801692548048
 30
-0.000000000001819
 10
120.023140790814
 20
156.0629707379943
 30
-0.000000000001819
 10
120.3309611924978
 20
156.0261548608825
 30
-0.000000000001819
 10
120.4928475041233
 20
156.0067869901888
 30
-0.000000000001819
 10
120.6630740786113
 20
155.9864140225311
 30
-0.000000000001819
 10
120.6699368013287
 20
155.9855926698231
 30
-0.000000000001819
 10
120.6767996045837
 20
155.9847712955333
 30
-0.000000000001819
  0
SPLINE
  5
43F
330
70
100
AcDbEntity
  8
Visible
100
AcDbSpline
210
0.0
220
0.0
230
1.0
 70
     8
 71
     3
 72
    16
 73
    12
 74
     0
 42
0.000000001
 43
0.0000000001
 40
-0.0020734101101288
 40
-0.0020734101101288
 40
-0.0020734101101288
 40
-0.0020734101101288
 40
0.0
 40
0.0
 40
0.0554788737146982
 40
0.0554788737146982
 40
0.1140767455537834
 40
0.1140767455537834
 40
0.1726728597819029
 40
0.1726728597819029
 40
0.2311793311079657
 40
0.2311793311079657
 40
0.2311793311079657
 40
0.2311793311079657
 10
167.2988981212293
 20
155.9847712955355
 30
-0.000000000001819
 10
167.3057605129015
 20
155.9855926205649
 30
-0.000000000001819
 10
167.3126228240544
 20
155.9864139240179
 30
-0.000000000001819
 10
167.5030862292715
 20
156.0092088654685
 30
-0.000000000001819
 10
167.6846469427
 20
156.0309295272874
 30
-0.000000000001819
 10
168.034910508577
 20
156.0728184578061
 30
-0.000000000001819
 10
168.1989687986115
 20
156.0924305642033
 30
-0.000000000001819
 10
168.4768867423772
 20
156.1256459204212
 30
-0.000000000001819
 10
168.5880908748622
 20
156.1389320135007
 30
-0.000000000001819
 10
168.7423545826059
 20
156.1573609205888
 30
-0.000000000001819
 10
168.7840464628898
 20
156.1623404944866
 30
-0.000000000001819
 10
168.7880202614706
 20
156.1628151435927
 30
-0.000000000001819
  0
ARC
  5
440
330
70
100
AcDbEntity
  8
Visible
100
AcDbCircle
 10
-168.55729
 20
156.120224
 30
0.0
 40
0.2346389239916242
210
0.0000000000000001
220
0.0
230
-1.0
100
AcDbArc
 50
169.541262
 51
174.269133
  0
ARC
  5
441
330
70
100
AcDbEntity
  8
Visible
100
AcDbCircle
 10
143.987849
 20
153.01072
 30
0.0
 40
25.0
100
AcDbArc
 50
7.199086
 51
172.800914
  0
ARC
  5
442
330
70
100
AcDbEntity
  8
Visible
100
AcDbCircle
 10
-119.412031
 20
156.121304
 30
0.0
 40
0.2281749106831408
210
0.0000000000000001
220
0.0
230
-1.0
100
AcDbArc
 50
5.620857
 51
10.482629
  0
LINE
  5
443
330
70
100
AcDbEntity
  8
Visible
100
AcDbLine
 10
119.184931
 20
156.143655
 30
0.0
 11
118.806708
 21
152.76072
 31
0.0
210
0.0
220
1.0
230
0.0
  0
LINE
  5
444
330
70
100
AcDbEntity
  8
Visible
100
AcDbLine
 10
118.804133
 20
152.76072
 30
0.0
 11
117.366685
 21
139.903788
 31
0.0
210
0.0
220
1.0
230
0.0
  0
ARC
  5
445
330
70
100
AcDbEntity
  8
Visible
100
AcDbCircle
 10
-143.987849
 20
153.01072
 30
0.0
 40
25.0
210
0.0000000000000001
220
0.0
230
-1.0
100
AcDbArc
 50
172.800914
 51
173.62063
  0
ARC
  5
446
330
70
100
AcDbEntity
  8
Visible
100
AcDbCircle
 10
-143.987849
 20
153.01072
 30
0.0
 40
25.0
210
0.0000000000000001
220
0.0
230
-1.0
100
AcDbArc
 50
6.37937
 51
7.199086
  0
CIRCLE
  5
447
330
70
100
AcDbEntity
  8
Visible
100
AcDbCircle
 10
-143.987849
 20
153.01072
 30
0.0
 40
2.0
210
0.0000000000000001
220
0.0
230
-1.0
  0
LINE
  5
448
330
70
100
AcDbEntity
  8
Visible
100
AcDbLine
 10
118.804133
 20
152.76072
 30
0.0
 11
118.806708
 21
152.76072
 31
0.0
210
0.0
220
1.0
230
0.0
  0
LINE
  5
449
330
70
100
AcDbEntity
  8
Visible
100
AcDbLine
 10
119.142649
 20
155.788498
 30
0.0
 11
118.804133
 21
152.76072
 31
0.0
210
0.0
220
1.0
230
0.0
  0
LINE
  5
44A
330
70
100
AcDbEntity
  8
Visible
100
AcDbLine
 10
169.16899
 20
152.76072
 30
0.0
 11
169.171564
 21
152.76072
 31
0.0
210
0.0
220
1.0
230
0.0
  0
LINE
  5
44B
330
70
100
AcDbEntity
  8
Visible
100
AcDbLine
 10
169.16899
 20
152.76072
 30
0.0
 11
168.790766
 21
156.143655
 31
0.0
210
0.0
220
1.0
230
0.0
  0
SPLINE
  5
44C
330
70
100
AcDbEntity
  8
Visible
100
AcDbSpline
210
0.0
220
0.0
230
1.0
 70
     8
 71
     3
 72
    10
 73
     6
 74
     0
 42
0.000000001
 43
0.0000000001
 40
0.0
 40
0.0
 40
0.0
 40
0.0
 40
0.110079260062573
 40
0.110079260062573
 40
0.1112166980819389
 40
0.1112166980819389
 40
0.1112166980819389
 40
0.1112166980819389
 10
152.3908377363786
 20
104.3471476675077
 30
-0.000000000001819
 10
152.6446215752203
 20
104.4146942653033
 30
-0.000000000001819
 10
152.8955685831915
 20
104.4921912818654
 30
-0.000000000001819
 10
153.1456589111876
 20
104.5803421433531
 30
-0.000000000001819
 10
153.1482162739194
 20
104.5812447223129
 30
-0.000000000001819
 10
153.1507732690861
 20
104.582148341453
 30
-0.000000000001819
  0
ARC
  5
44D
330
70
100
AcDbEntity
  8
Visible
100
AcDbCircle
 10
143.987849
 20
130.51072
 30
0.0
 40
27.5
100
AcDbArc
 50
289.462951
 51
6.37937
  0
SPLINE
  5
44E
330
70
100
AcDbEntity
  8
Visible
100
AcDbSpline
210
0.0
220
0.0
230
1.0
 70
     8
 71
     3
 72
    10
 73
     6
 74
     0
 42
0.000000001
 43
0.0000000001
 40
-0.1576095535228723
 40
-0.1576095535228723
 40
-0.1576095535228723
 40
-0.1576095535228723
 40
-0.1548890043709656
 40
-0.1548890043709656
 40
-0.0230076827305331
 40
-0.0230076827305331
 40
-0.0230076827305331
 40
-0.0230076827305331
 10
152.9080721950176
 20
104.6447812407089
 30
-0.000000000001819
 10
152.9059270626421
 20
104.6427956865312
 30
-0.000000000001819
 10
152.9037721666391
 20
104.6408153779043
 30
-0.000000000001819
 10
152.7966733718367
 20
104.5430971024242
 30
-0.000000000001819
 10
152.6688781156735
 20
104.4597769999149
 30
-0.000000000001819
 10
152.5177358611308
 20
104.3882437204476
 30
-0.000000000001819
  0
ARC
  5
44F
330
70
100
AcDbEntity
  8
Visible
100
AcDbCircle
 10
-143.987849
 20
130.51072
 30
0.0
 40
27.47986039213824
210
0.0000000000000001
220
0.0
230
-1.0
100
AcDbArc
 50
251.916359
 51
252.194472
  0
SPLINE
  5
450
330
70
100
AcDbEntity
  8
Visible
100
AcDbSpline
210
0.0
220
0.0
230
1.0
 70
     8
 71
     3
 72
    10
 73
     6
 74
     0
 42
0.000000001
 43
0.0000000001
 40
-0.1319097907475712
 40
-0.1319097907475712
 40
-0.1319097907475712
 40
-0.1319097907475712
 40
0.0
 40
0.0
 40
0.0027211367022777
 40
0.0027211367022777
 40
0.0027211367022777
 40
0.0027211367022777
 10
135.4579618653297
 20
104.3882437202501
 30
-0.000000000001819
 10
135.3068196141612
 20
104.4597769981114
 30
-0.000000000001819
 10
135.17902436033
 20
104.5430970966573
 30
-0.000000000001819
 10
135.0719255588137
 20
104.6408153782176
 30
-0.000000000001819
 10
135.0697706634964
 20
104.6427956862167
 30
-0.000000000001819
 10
135.0676255307826
 20
104.6447812407089
 30
-0.000000000001819
  0
ARC
  5
451
330
70
100
AcDbEntity
  8
Visible
100
AcDbCircle
 10
-138.29345
 20
114.844947
 30
0.0
 40
10.83432628697079
210
0.0000000000000001
220
0.0
230
-1.0
100
AcDbArc
 50
269.754476
 51
285.171751
  0
LINE
  5
452
330
70
100
AcDbEntity
  8
Visible
100
AcDbLine
 10
138.339877
 20
104.01072
 30
0.0
 11
149.635821
 21
104.01072
 31
0.0
210
0.0
220
1.0
230
0.0
  0
ARC
  5
453
330
70
100
AcDbEntity
  8
Visible
100
AcDbCircle
 10
-149.682548
 20
114.842657
 30
0.0
 40
10.83203808839748
210
0.0000000000000001
220
0.0
230
-1.0
100
AcDbArc
 50
254.826611
 51
270.247162
  0
ARC
  5
454
330
70
100
AcDbEntity
  8
Visible
100
AcDbCircle
 10
143.987849
 20
130.51072
 30
0.0
 40
27.5
100
AcDbArc
 50
173.62063
 51
250.537049
  0
SPLINE
  5
455
330
70
100
AcDbEntity
  8
Visible
100
AcDbSpline
210
0.0
220
0.0
230
1.0
 70
     8
 71
     3
 72
    10
 73
     6
 74
     0
 42
0.000000001
 43
0.0000000001
 40
-0.0011374391011011
 40
-0.0011374391011011
 40
-0.0011374391011011
 40
-0.0011374391011011
 40
0.0
 40
0.0
 40
0.1100793647509944
 40
0.1100793647509944
 40
0.1100793647509944
 40
0.1100793647509944
 10
134.8249244567141
 20
104.582148341453
 30
-0.000000000001819
 10
134.8274814518809
 20
104.5812447223129
 30
-0.000000000001819
 10
134.8300388146126
 20
104.5803421433531
 30
-0.000000000001819
 10
135.0801291426087
 20
104.4921912818654
 30
-0.000000000001819
 10
135.3310761505799
 20
104.4146942653033
 30
-0.000000000001819
 10
135.5848599894216
 20
104.3471476675077
 30
-0.000000000001819
  0
ARC
  5
456
330
70
100
AcDbEntity
  8
Visible
100
AcDbCircle
 10
-143.987849
 20
130.51072
 30
0.0
 40
27.47986039213824
210
0.0000000000000001
220
0.0
230
-1.0
100
AcDbArc
 50
287.805528
 51
288.083641
  0
LINE
  5
457
330
70
100
AcDbEntity
  8
Visible
100
AcDbLine
 10
117.366685
 20
139.903788
 30
0.0
 11
116.658129
 21
133.566275
 31
0.0
210
0.0
220
1.0
230
0.0
  0
ARC
  5
458
330
70
100
AcDbEntity
  8
Visible
100
AcDbCircle
 10
-143.987849
 20
153.01072
 30
0.0
 40
26.19999999999319
210
0.0000000000000001
220
0.0
230
-1.0
100
AcDbArc
 50
216.016241
 51
224.069615
  0
ARC
  5
459
330
70
100
AcDbEntity
  8
Visible
100
AcDbCircle
 10
-143.987849
 20
153.01072
 30
0.0
 40
26.20000000001752
210
0.0000000000000001
220
0.0
230
-1.0
100
AcDbArc
 50
315.930385
 51
323.983759
  0
ARC
  5
45A
330
70
100
AcDbEntity
  8
Visible
100
AcDbCircle
 10
-143.987849
 20
153.01072
 30
0.0
 40
26.19999999999998
210
0.0000000000000001
220
0.0
230
-1.0
100
AcDbArc
 50
224.069615
 51
315.930385
  0
ARC
  5
45B
330
70
100
AcDbEntity
  8
Visible
100
AcDbCircle
 10
-138.156897
 20
114.01072
 30
0.0
 40
10.0
210
0.0000000000000001
220
0.0
230
-1.0
100
AcDbArc
 50
270.0
 51
284.904204
  0
LINE
  5
45C
330
70
100
AcDbEntity
  8
Visible
100
AcDbLine
 10
138.156897
 20
104.01072
 30
0.0
 11
138.339877
 21
104.01072
 31
0.0
210
0.0
220
1.0
230
0.0
  0
LINE
  5
45D
330
70
100
AcDbEntity
  8
Visible
100
AcDbLine
 10
149.635821
 20
104.01072
 30
0.0
 11
149.818801
 21
104.01072
 31
0.0
210
0.0
220
1.0
230
0.0
  0
ARC
  5
45E
330
70
100
AcDbEntity
  8
Visible
100
AcDbCircle
 10
-149.818801
 20
114.01072
 30
0.0
 40
10.0
210
0.0000000000000001
220
0.0
230
-1.0
100
AcDbArc
 50
255.095796
 51
270.0
  0
SPLINE
  5
45F
330
70
100
AcDbEntity
  8
Visible
100
AcDbSpline
210
-0.0000000000019949
220
0.0000000000033
230
1.0
 70
     8
 71
     3
 72
    22
 73
    18
 74
     0
 42
0.000000001
 43
0.0000000001
 40
-0.8957595611426222
 40
-0.8957595611426222
 40
-0.8957595611426222
 40
-0.8957595611426222
 40
-0.8827322393640089
 40
-0.8827322393640089
 40
-0.8007735487274205
 40
-0.8007735487274205
 40
-0.6916192086139093
 40
-0.6916192086139093
 40
-0.5767915519231118
 40
-0.5767915519231118
 40
-0.4814720202087789
 40
-0.4814720202087789
 40
-0.4039594920341297
 40
-0.4039594920341297
 40
-0.3453517841777949
 40
-0.3453517841777949
 40
-0.3110672322053034
 40
-0.3110672322053034
 40
-0.3110672322053034
 40
-0.3110672322053034
 10
52.55191100672892
 20
171.5167220227791
 30
0.000000000001819
 10
52.57027752408794
 20
171.542200536789
 30
0.000000000001819
 10
52.58964083013234
 20
171.5681713744674
 30
0.000000000001819
 10
52.7376854401009
 20
171.7606631422035
 30
0.000000000001819
 10
52.90031841423843
 20
171.9406247580067
 30
0.000000000001819
 10
53.3261153062067
 20
172.3595334317804
 30
0.000000000001819
 10
53.60528493442507
 20
172.5987230937285
 30
0.0
 10
54.20154272462241
 20
173.048569405771
 30
0.0
 10
54.5226888248635
 20
173.2593082312153
 30
0.0
 10
55.09434716147371
 20
173.5790710300771
 30
0.000000000001819
 10
55.34797695211091
 20
173.6996151101597
 30
0.000000000001819
 10
55.76814683100201
 20
173.858062040668
 30
0.000000000001819
 10
55.94097809169944
 20
173.9067790681009
 30
0.000000000001819
 10
56.19774181843059
 20
173.9451363462106
 30
0.000000000001819
 10
56.29201812456631
 20
173.9461191493723
 30
0.000000000001819
 10
56.40778314640193
 20
173.9209066932918
 30
0.000000000001819
 10
56.44291462784349
 20
173.9058868773642
 30
0.000000000001819
 10
56.46968456676404
 20
173.8851092123281
 30
0.000000000001819
  0
LINE
  5
460
330
70
100
AcDbEntity
  8
Visible
100
AcDbLine
 10
57.314068
 20
131.51072
 30
0.0
 11
51.715627
 21
131.51072
 31
0.0
210
0.0
220
1.0
230
0.0
  0
LINE
  5
461
330
70
100
AcDbEntity
  8
Visible
100
AcDbLine
 10
57.893167
 20
131.51072
 30
0.0
 11
57.314068
 21
131.51072
 31
0.0
210
0.0
220
1.0
230
0.0
  0
LINE
  5
462
330
70
100
AcDbEntity
  8
Visible
100
AcDbLine
 10
59.556461
 20
131.51072
 30
0.0
 11
57.893167
 21
131.51072
 31
0.0
210
0.0
220
1.0
230
0.0
  0
LINE
  5
463
330
70
100
AcDbEntity
  8
Visible
100
AcDbLine
 10
60.215627
 20
131.51072
 30
0.0
 11
59.556461
 21
131.51072
 31
0.0
210
0.0
220
1.0
230
0.0
  0
SPLINE
  5
464
330
70
100
AcDbEntity
  8
Visible
100
AcDbSpline
210
-0.0000000000013013
220
0.0000000000023547
230
1.0
 70
     8
 71
     3
 72
    34
 73
    30
 74
     0
 42
0.000000001
 43
0.0000000001
 40
-1.025711013186869
 40
-1.025711013186869
 40
-1.025711013186869
 40
-1.025711013186869
 40
-1.019900032352827
 40
-1.019900032352827
 40
-1.006343128712166
 40
-1.006343128712166
 40
-0.9849086311174394
 40
-0.9849086311174394
 40
-0.9261875849896014
 40
-0.9261875849896014
 40
-0.8552370454934962
 40
-0.8552370454934962
 40
-0.7606214188903371
 40
-0.7606214188903371
 40
-0.6501105483304599
 40
-0.6501105483304599
 40
-0.5545821764034395
 40
-0.5545821764034395
 40
-0.4750531520395777
 40
-0.4750531520395777
 40
-0.4092460754303361
 40
-0.4092460754303361
 40
-0.3471077626872828
 40
-0.3471077626872828
 40
-0.3247421013258195
 40
-0.3247421013258195
 40
-0.3108631307903003
 40
-0.3108631307903003
 40
-0.308021974749795
 40
-0.308021974749795
 40
-0.308021974749795
 40
-0.308021974749795
 10
52.33105182933286
 20
173.4850320123431
 30
0.000000000001819
 10
52.33105182933286
 20
173.4913027163112
 30
0.000000000001819
 10
52.33131629502896
 20
173.4977430811357
 30
0.000000000001819
 10
52.3330818292161
 20
173.5197704695903
 30
0.000000000001819
 10
52.33575947954705
 20
173.5360837776616
 30
0.000000000001819
 10
52.34638674623056
 20
173.5804400058559
 30
0.000000000001819
 10
52.35647513865297
 20
173.6097063940231
 30
0.000000000001819
 10
52.40732002159347
 20
173.7264766766355
 30
0.000000000001819
 10
52.47022892236237
 20
173.8252679818318
 30
0.000000000001819
 10
52.65754771620596
 20
174.0633695091896
 30
0.000000000001819
 10
52.78988809768816
 20
174.2040846617802
 30
0.000000000001819
 10
53.14692044991352
 20
174.5380702935731
 30
0.000000000001819
 10
53.38561770329215
 20
174.7312335532382
 30
0.0
 10
53.93751587028782
 20
175.1251216329086
 30
0.0
 10
54.25653109854284
 20
175.3216815563113
 30
0.0
 10
54.84622900385147
 20
175.6314271996542
 30
0.000000000001819
 10
55.11727233984311
 20
175.75220329569
 30
0.000000000001819
 10
55.57917172582347
 20
175.9169955933461
 30
0.000000000001819
 10
55.77457581381896
 20
175.9700401793037
 30
0.000000000001819
 10
56.08463985717026
 20
176.0195393839065
 30
0.000000000001819
 10
56.20599844401295
 20
176.0239466512056
 30
0.000000000001819
 10
56.39193526999406
 20
175.9945080397383
 30
0.000000000001819
 10
56.45796585311472
 20
175.9629785153459
 30
0.000000000001819
 10
56.50891964436778
 20
175.8967380968836
 30
0.000000000001819
 10
56.51864020440007
 20
175.8770584839852
 30
0.000000000001819
 10
56.52811275955537
 20
175.8417813481472
 30
0.000000000001819
 10
56.53024271214781
 20
175.8274870777265
 30
0.000000000001819
 10
56.5309884526996
 20
175.8093442742458
 30
0.000000000001819
 10
56.53105182933359
 20
175.8062299415563
 30
0.000000000001819
 10
56.53105182933359
 20
175.8030843908113
 30
0.000000000001819
  0
SPLINE
  5
465
330
70
100
AcDbEntity
  8
Visible
100
AcDbSpline
210
0.0
220
0.0
230
1.0
 70
     8
 71
     3
 72
    34
 73
    30
 74
     0
 42
0.000000001
 43
0.0000000001
 40
-1.132565629955589
 40
-1.132565629955589
 40
-1.132565629955589
 40
-1.132565629955589
 40
-1.130636315328989
 40
-1.130636315328989
 40
-1.117029316519219
 40
-1.117029316519219
 40
-1.09668827307029
 40
-1.09668827307029
 40
-1.045819641720395
 40
-1.045819641720395
 40
-0.9673246432056298
 40
-0.9673246432056298
 40
-0.8709558673316074
 40
-0.8709558673316074
 40
-0.7595627565518209
 40
-0.7595627565518209
 40
-0.6626675192430125
 40
-0.6626675192430125
 40
-0.5852741375642939
 40
-0.5852741375642939
 40
-0.5229481831557146
 40
-0.5229481831557146
 40
-0.4634006017118393
 40
-0.4634006017118393
 40
-0.434537109275985
 40
-0.434537109275985
 40
-0.4190525776420426
 40
-0.4190525776420426
 40
-0.414539845598768
 40
-0.414539845598768
 40
-0.414539845598768
 40
-0.414539845598768
 10
56.53105182933177
 20
174.1609822743062
 30
0.000000000001819
 10
56.53105182933177
 20
174.1578778364419
 30
0.000000000001819
 10
56.53102287590264
 20
174.1547599732561
 30
0.000000000001819
 10
56.53055690403744
 20
174.1295453919404
 30
0.000000000001819
 10
56.5287110713216
 20
174.106821158659
 30
0.000000000001819
 10
56.52057655302996
 20
174.0486366048008
 30
0.000000000001819
 10
56.51254941986917
 20
174.0124976353252
 30
0.000000000001819
 10
56.47379134624862
 20
173.8820456875739
 30
0.000000000001819
 10
56.42728399442967
 20
173.7825365283024
 30
0.000000000001819
 10
56.26732545597042
 20
173.5193262161106
 30
0.000000000001819
 10
56.13276244019107
 20
173.3524984737047
 30
0.000000000001819
 10
55.77321199448306
 20
172.9809344814154
 30
0.000000000001819
 10
55.5372355942709
 20
172.7787494715119
 30
0.000000000001819
 10
54.98625417492258
 20
172.3693094951843
 30
0.000000000001819
 10
54.66625399063559
 20
172.1672433562057
 30
0.000000000001819
 10
54.06877946935856
 20
171.8473313537206
 30
0.0
 10
53.79120244816113
 20
171.7219554120355
 30
0.0
 10
53.32444942917937
 20
171.5588605497861
 30
0.000000000001819
 10
53.12918344935678
 20
171.5088128767883
 30
0.000000000001819
 10
52.81909632974384
 20
171.4723444019117
 30
0.000000000001819
 10
52.69726142675972
 20
171.4756449210511
 30
0.000000000001819
 10
52.50386123785211
 20
171.5271795265853
 30
0.000000000001819
 10
52.43216416123686
 20
171.5729555644258
 30
0.000000000001819
 10
52.36493069679454
 20
171.6724119972972
 30
0.000000000001819
 10
52.34941384733429
 20
171.7095360767857
 30
0.000000000001819
 10
52.33556224409949
 20
171.7733533966698
 30
0.000000000001819
 10
52.33261120172755
 20
171.7968408659405
 30
0.000000000001819
 10
52.33120951876117
 20
171.8286506221361
 30
0.000000000001819
 10
52.33105182933286
 20
171.8359226421077
 30
0.000000000001819
 10
52.33105182933286
 20
171.8432864426647
 30
0.000000000001819
  0
LINE
  5
466
330
70
100
AcDbEntity
  8
Visible
100
AcDbLine
 10
56.531052
 20
175.803084
 30
0.0
 11
56.531052
 21
174.160982
 31
0.0
210
0.0
220
1.0
230
0.0
  0
LINE
  5
467
330
70
100
AcDbEntity
  8
Visible
100
AcDbLine
 10
52.331052
 20
171.843286
 30
0.0
 11
52.331052
 21
173.485032
 31
0.0
210
0.0
220
1.0
230
0.0
  0
LINE
  5
468
330
70
100
AcDbEntity
  8
Visible
100
AcDbLine
 10
41.04885
 20
128.120965
 30
0.0
 11
40.961575
 21
127.34072
 31
0.0
210
0.0
220
1.0
230
0.0
  0
LINE
  5
469
330
70
100
AcDbEntity
  8
Visible
100
AcDbLine
 10
40.749139
 20
125.441537
 30
0.0
 11
40.749048
 21
125.44072
 31
0.0
210
0.0
220
1.0
230
0.0
  0
LINE
  5
46A
330
70
100
AcDbEntity
  8
Visible
100
AcDbLine
 10
40.905647
 20
126.84072
 30
0.0
 11
40.765084
 21
125.584085
 31
0.0
210
0.0
220
1.0
230
0.0
  0
SPLINE
  5
46B
330
70
100
AcDbEntity
  8
Visible
100
AcDbSpline
210
0.0
220
0.0
230
1.0
 70
     8
 71
     3
 72
    10
 73
     6
 74
     0
 42
0.000000001
 43
0.0000000001
 40
-0.059210157712783
 40
-0.059210157712783
 40
-0.059210157712783
 40
-0.059210157712783
 40
-0.0295196690803614
 40
-0.0295196690803614
 40
0.0
 40
0.0
 40
0.0
 40
0.0
 10
40.76508434527204
 20
125.5840853099594
 30
0.000000000001819
 10
40.76021020512235
 20
125.5405102971198
 30
0.000000000001819
 10
40.75641525208448
 20
125.5064353337248
 30
0.000000000001819
 10
40.75106658327785
 20
125.4586190116393
 30
0.000000000001819
 10
40.74951545913791
 20
125.4448988293967
 30
0.000000000001819
 10
40.74913942548846
 20
125.4415370731378
 30
0.000000000001819
  0
LINE
  5
46C
330
70
100
AcDbEntity
  8
Visible
100
AcDbLine
 10
40.905647
 20
126.84072
 30
0.0
 11
40.961575
 21
127.34072
 31
0.0
210
0.0
220
1.0
230
0.0
  0
ARC
  5
46D
330
70
100
AcDbEntity
  8
Visible
100
AcDbCircle
 10
-30.500522
 20
127.172054
 30
0.0
 40
10.43468822207448
210
0.0000000000000002
220
0.0
230
-1.0
100
AcDbArc
 50
181.819199
 51
189.553408
  0
LINE
  5
46E
330
70
100
AcDbEntity
  8
Visible
100
AcDbLine
 10
40.787653
 20
125.44072
 30
0.0
 11
40.749048
 21
125.44072
 31
0.0
210
0.0
220
1.0
230
0.0
  0
ARC
  5
46F
330
70
100
AcDbEntity
  8
Visible
100
AcDbCircle
 10
-80.292817
 20
123.937247
 30
0.0
 40
39.46634533877288
210
0.0000000000000002
220
0.0
230
-1.0
100
AcDbArc
 50
4.947181
 51
6.085201
  0
SPLINE
  5
470
330
70
100
AcDbEntity
  8
Visible
100
AcDbSpline
210
0.0
220
0.0
230
1.0
 70
     8
 71
     3
 72
     8
 73
     4
 74
     0
 42
0.000000001
 43
0.0000000001
 40
-0.2408400762040099
 40
-0.2408400762040099
 40
-0.2408400762040099
 40
-0.2408400762040099
 40
-0.1906281416699138
 40
-0.1906281416699138
 40
-0.1906281416699138
 40
-0.1906281416699138
 10
40.97349874379506
 20
127.3407197700244
 30
0.000000000001819
 10
40.95875762398645
 20
127.1744096436513
 30
0.000000000001819
 10
40.9450269532008
 20
127.0078608709281
 30
0.000000000001819
 10
40.93241357038642
 20
126.8407197699656
 30
0.000000000001819
  0
SPLINE
  5
471
330
70
100
AcDbEntity
  8
Visible
100
AcDbSpline
210
0.0
220
0.0
230
1.0
 70
     8
 71
     3
 72
    26
 73
    22
 74
     0
 42
0.000000001
 43
0.0000000001
 40
-0.6698291539683742
 40
-0.6698291539683742
 40
-0.6698291539683742
 40
-0.6698291539683742
 40
-0.6278745547371291
 40
-0.6278745547371291
 40
-0.5703263373472664
 40
-0.5703263373472664
 40
-0.4851800237508223
 40
-0.4851800237508223
 40
-0.3903462187193853
 40
-0.3903462187193853
 40
-0.3018721778793296
 40
-0.3018721778793296
 40
-0.2247009672163269
 40
-0.2247009672163269
 40
-0.1463738387306046
 40
-0.1463738387306046
 40
-0.0865704279529734
 40
-0.0865704279529734
 40
-0.0415633769895929
 40
-0.0415633769895929
 40
0.0
 40
0.0
 40
0.0
 40
0.0
 10
44.20712899794307
 20
134.1421587031508
 30
0.000000000001819
 10
44.18994572730116
 20
134.0036304212908
 30
0.000000000001819
 10
44.16575326328348
 20
133.8656975916733
 30
0.000000000001819
 10
44.09367952044521
 20
133.5449894423973
 30
0.000000000001819
 10
44.0408465257442
 20
133.3668324482621
 30
0.000000000001819
 10
43.88937512686243
 20
132.954150300926
 30
0.000000000001819
 10
43.78218788200138
 20
132.7367745287278
 30
0.000000000001819
 10
43.5402357644125
 20
132.3583918196805
 30
0.000000000001819
 10
43.40468745989892
 20
132.2079600503299
 30
0.000000000001819
 10
43.14912974619983
 20
132.0297702782871
 30
0.000000000001819
 10
43.02949173706292
 20
131.995001801686
 30
0.000000000001819
 10
42.82751359100439
 20
132.0367256396689
 30
0.000000000001819
 10
42.74349069402524
 20
132.0993837242915
 30
0.000000000001819
 10
42.6031831944274
 20
132.3149165439154
 30
0.000000000001819
 10
42.54884654917259
 20
132.4668551049596
 30
0.000000000001819
 10
42.48588577985901
 20
132.8027187742677
 30
0.000000000001819
 10
42.46998970949971
 20
132.9678066947923
 30
0.000000000001819
 10
42.46188612664809
 20
133.2828413871235
 30
0.000000000001819
 10
42.46482897366513
 20
133.4249003956647
 30
0.000000000001819
 10
42.48223485859125
 20
133.7058668023522
 30
0.000000000001819
 10
42.49573219157537
 20
133.8431095409212
 30
0.000000000001819
 10
42.51402924852118
 20
133.98042484893
 30
0.000000000001819
  0
LINE
  5
472
330
70
100
AcDbEntity
  8
Visible
100
AcDbLine
 10
41.659956
 20
133.584278
 30
0.0
 11
41.08359
 21
128.431539
 31
0.0
210
0.0
220
1.0
230
0.0
  0
LINE
  5
473
330
70
100
AcDbEntity
  8
Visible
100
AcDbLine
 10
41.08359
 20
128.431539
 30
0.0
 11
41.04885
 21
128.120965
 31
0.0
210
0.0
220
1.0
230
0.0
  0
LINE
  5
474
330
70
100
AcDbEntity
  8
Visible
100
AcDbLine
 10
40.749048
 20
125.44072
 30
0.0
 11
40.73094
 21
125.278836
 31
0.0
210
0.0
220
1.0
230
0.0
  0
LINE
  5
475
330
70
100
AcDbEntity
  8
Visible
100
AcDbLine
 10
51.715627
 20
131.51072
 30
0.0
 11
51.715627
 21
133.973303
 31
0.0
210
0.0
220
1.0
230
0.0
  0
LINE
  5
476
330
70
100
AcDbEntity
  8
Visible
100
AcDbLine
 10
57.308579
 20
152.76072
 30
0.0
 11
59.715627
 21
152.76072
 31
0.0
210
0.0
220
1.0
230
0.0
  0
SPLINE
  5
477
330
70
100
AcDbEntity
  8
Visible
100
AcDbSpline
210
0.0
220
-0.0003556582787929
230
-0.9999999367535924
 70
     8
 71
     3
 72
     8
 73
     4
 74
     0
 42
0.000000001
 43
0.0000000001
 40
-0.5430425394008283
 40
-0.5430425394008283
 40
-0.5430425394008283
 40
-0.5430425394008283
 40
-0.1470207714338012
 40
-0.1470207714338012
 40
-0.1470207714338012
 40
-0.1470207714338012
 10
53.71562682277908
 20
152.7607197700244
 30
0.0
 10
54.85717527035558
 20
152.7607197700244
 30
0.000000000001819
 10
56.06079257554483
 20
152.76071976491
 30
0.000000000001819
 10
57.30857946937248
 20
152.76071976491
 30
0.000000000001819
  0
LINE
  5
478
330
70
100
AcDbEntity
  8
Visible
100
AcDbLine
 10
60.215627
 20
131.51072
 30
0.0
 11
60.215627
 21
104.582148
 31
0.0
210
0.0
220
1.0
230
0.0
  0
LINE
  5
479
330
70
100
AcDbEntity
  8
Visible
100
AcDbLine
 10
60.215627
 20
104.582148
 30
0.0
 11
60.215627
 21
104.01072
 31
0.0
210
0.0
220
1.0
230
0.0
  0
LINE
  5
47A
330
70
100
AcDbEntity
  8
Visible
100
AcDbLine
 10
59.766669
 20
104.01072
 30
0.0
 11
60.215627
 21
104.01072
 31
0.0
210
0.0
220
1.0
230
0.0
  0
LINE
  5
47B
330
70
100
AcDbEntity
  8
Visible
100
AcDbLine
 10
58.563047
 20
104.01072
 30
0.0
 11
59.766669
 21
104.01072
 31
0.0
210
0.0
220
1.0
230
0.0
  0
LINE
  5
47C
330
70
100
AcDbEntity
  8
Visible
100
AcDbLine
 10
56.341532
 20
104.01072
 30
0.0
 11
58.563047
 21
104.01072
 31
0.0
210
0.0
220
1.0
230
0.0
  0
SPLINE
  5
47D
330
70
100
AcDbEntity
  8
Visible
100
AcDbSpline
210
0.0
220
0.0
230
1.0
 70
     8
 71
     3
 72
    18
 73
    14
 74
     0
 42
0.000000001
 43
0.0000000001
 40
-0.1507513167259532
 40
-0.1507513167259532
 40
-0.1507513167259532
 40
-0.1507513167259532
 40
-0.1232011791790764
 40
-0.1232011791790764
 40
-0.0959916996539942
 40
-0.0959916996539942
 40
-0.0766265308495953
 40
-0.0766265308495953
 40
-0.0583923906967962
 40
-0.0583923906967962
 40
-0.0358126454544263
 40
-0.0358126454544263
 40
0.0
 40
0.0
 40
0.0
 40
0.0
 10
44.93403864707761
 20
156.2154766578079
 30
0.000000000001819
 10
44.90813083581087
 20
156.1531494095966
 30
0.000000000001819
 10
44.88153751633035
 20
156.0993875639859
 30
0.000000000001819
 10
44.82914756862373
 20
156.0122474821174
 30
0.000000000001819
 10
44.80348658454022
 20
155.978855574637
 30
0.000000000001819
 10
44.76156731312403
 20
155.9403757468377
 30
0.000000000001819
 10
44.74479583052016
 20
155.9299648693225
 30
0.000000000001819
 10
44.71398996841344
 20
155.9210850997503
 30
0.000000000001819
 10
44.69990552804484
 20
155.921969803065
 30
0.000000000001819
 10
44.67067321147806
 20
155.9358076781221
 30
0.000000000001819
 10
44.65616470694476
 20
155.951543841388
 30
0.000000000001819
 10
44.62353674745827
 20
156.0129691293902
 30
0.000000000001819
 10
44.60859213371441
 20
156.07024034738
 30
0.000000000001819
 10
44.59901935622474
 20
156.1450462502721
 30
0.000000000001819
  0
SPLINE
  5
47E
330
70
100
AcDbEntity
  8
Visible
100
AcDbSpline
210
0.0
220
0.0
230
1.0
 70
     8
 71
     3
 72
    34
 73
    30
 74
     0
 42
0.000000001
 43
0.0000000001
 40
-0.4921352987671554
 40
-0.4921352987671554
 40
-0.4921352987671554
 40
-0.4921352987671554
 40
-0.464993545740432
 40
-0.464993545740432
 40
-0.4361955838853715
 40
-0.4361955838853715
 40
-0.4055137100291553
 40
-0.4055137100291553
 40
-0.3722434646491204
 40
-0.3722434646491204
 40
-0.3344870144297601
 40
-0.3344870144297601
 40
-0.2920140524692511
 40
-0.2920140524692511
 40
-0.2506820150340101
 40
-0.2506820150340101
 40
-0.2119906477043669
 40
-0.2119906477043669
 40
-0.1756532970747063
 40
-0.1756532970747063
 40
-0.1395821381176905
 40
-0.1395821381176905
 40
-0.1094919822822242
 40
-0.1094919822822242
 40
-0.0789048356256477
 40
-0.0789048356256477
 40
-0.0421497931815603
 40
-0.0421497931815603
 40
0.0
 40
0.0
 40
0.0
 40
0.0
 10
44.59901935622474
 20
156.1450462502722
 30
0.000000000001819
 10
44.59177202110185
 20
156.2016801214643
 30
0.000000000001819
 10
44.58781174459
 20
156.2676120685154
 30
0.000000000001819
 10
44.58636717213448
 20
156.4191208215611
 30
0.000000000001819
 10
44.58929693972822
 20
156.5046569745447
 30
0.000000000001819
 10
44.60242498987281
 20
156.6913620431827
 30
0.000000000001819
 10
44.61298902099042
 20
156.7918777921277
 30
0.000000000001819
 10
44.64197333800803
 20
157.0027887522791
 30
0.000000000001819
 10
44.66076510760467
 20
157.111728390936
 30
0.000000000001819
 10
44.70740140282578
 20
157.3335400772429
 30
0.000000000001819
 10
44.73574165099489
 20
157.4430897099663
 30
0.000000000001819
 10
44.80121499724191
 20
157.6472329084253
 30
0.000000000001819
 10
44.83843093381437
 20
157.7363875966458
 30
0.000000000001819
 10
44.91322324567227
 20
157.8648525933245
 30
0.000000000001819
 10
44.95020254110386
 20
157.9044639633778
 30
0.000000000001819
 10
45.0178751055646
 20
157.9301719132195
 30
0.000000000001819
 10
45.04834799953459
 20
157.9193433428155
 30
0.000000000001819
 10
45.09930945397536
 20
157.852800247931
 30
0.000000000001819
 10
45.11989748156702
 20
157.8003430114204
 30
0.000000000001819
 10
45.14980947284129
 20
157.6589617984084
 30
0.000000000001819
 10
45.15891326529891
 20
157.5716565132058
 30
0.000000000001819
 10
45.16341727786858
 20
157.3875564873364
 30
0.000000000001819
 10
45.1608016560367
 20
157.2961639370135
 30
0.000000000001819
 10
45.14619498490174
 20
157.1026121348299
 30
0.000000000001819
 10
45.13416629925268
 20
157.0018324800299
 30
0.000000000001819
 10
45.09863538959325
 20
156.7804853060227
 30
0.000000000001819
 10
45.07365251521332
 20
156.6621408254341
 30
0.000000000001819
 10
45.01149327276652
 20
156.4249602216449
 30
0.000000000001819
 10
44.9736519915059
 20
156.3107757444494
 30
0.000000000001819
 10
44.93403864707761
 20
156.2154766578079
 30
0.000000000001819
  0
LINE
  5
47F
330
70
100
AcDbEntity
  8
Visible
100
AcDbLine
 10
44.74049
 20
161.124377
 30
0.0
 11
44.152686
 21
155.869385
 31
0.0
210
0.0
220
1.0
230
0.0
  0
SPLINE
  5
480
330
70
100
AcDbEntity
  8
Visible
100
AcDbSpline
210
0.0
220
0.0
230
1.0
 70
     8
 71
     3
 72
    25
 73
    21
 74
     0
 42
0.000000001
 43
0.0000000001
 40
-0.6157333337158814
 40
-0.6157333337158814
 40
-0.6157333337158814
 40
-0.6157333337158814
 40
-0.554133376007114
 40
-0.554133376007114
 40
-0.4780875705504199
 40
-0.4780875705504199
 40
-0.3962726226197954
 40
-0.3962726226197954
 40
-0.3144576746891711
 40
-0.3144576746891711
 40
-0.231642554326809
 40
-0.231642554326809
 40
-0.1488274339644469
 40
-0.1488274339644469
 40
-0.0744137169822234
 40
-0.0744137169822234
 40
0.0
 40
0.0
 40
0.0
 40
0.0043953191575508
 40
0.0043953191575508
 40
0.0043953191575508
 40
0.0043953191575508
 10
42.51402924852118
 20
133.98042484893
 30
0.000000000001819
 10
42.54173863288634
 20
134.188377562866
 30
0.000000000001819
 10
42.5802964402319
 20
134.4039158567221
 30
0.000000000001819
 10
42.68609904002551
 20
134.8581153108358
 30
0.000000000001819
 10
42.75844634969508
 20
135.0902979649712
 30
0.000000000001819
 10
42.91689577677607
 20
135.4786195991183
 30
0.000000000001819
 10
43.01527207133221
 20
135.6564899165338
 30
0.000000000001819
 10
43.22701830278129
 20
135.9076604665656
 30
0.000000000001819
 10
43.34067012361265
 20
135.9810771821581
 30
0.000000000001819
 10
43.55574218470792
 20
136.0252741549785
 30
0.000000000001819
 10
43.67267498200999
 20
135.9981307802463
 30
0.000000000001819
 10
43.88916758647974
 20
135.8309000453111
 30
0.000000000001819
 10
43.98849701862491
 20
135.6908409616091
 30
0.000000000001819
 10
44.13091735099624
 20
135.3587177805045
 30
0.000000000001819
 10
44.18663390973961
 20
135.1532977015187
 30
0.000000000001819
 10
44.24131350364769
 20
134.6896974013527
 30
0.000000000001819
 10
44.23974609932338
 20
134.4313775580332
 30
0.000000000001819
 10
44.21227714034467
 20
134.1858039381646
 30
0.000000000001819
 10
44.21065465934771
 20
134.1712988915177
 30
0.000000000001819
 10
44.20893871750559
 20
134.1567483204061
 30
0.000000000001819
 10
44.20712899794307
 20
134.1421587031508
 30
0.000000000001819
  0
LINE
  5
481
330
70
100
AcDbEntity
  8
Visible
100
AcDbLine
 10
51.715627
 20
136.51072
 30
0.0
 11
51.715627
 21
133.973303
 31
0.0
210
0.0
220
1.0
230
0.0
  0
LINE
  5
482
330
70
100
AcDbEntity
  8
Visible
100
AcDbLine
 10
53.715627
 20
136.51072
 30
0.0
 11
51.715627
 21
136.51072
 31
0.0
210
0.0
220
1.0
230
0.0
  0
LINE
  5
483
330
70
100
AcDbEntity
  8
Visible
100
AcDbLine
 10
53.715627
 20
145.89203
 30
0.0
 11
53.715627
 21
136.51072
 31
0.0
210
0.0
220
1.0
230
0.0
  0
LINE
  5
484
330
70
100
AcDbEntity
  8
Visible
100
AcDbLine
 10
42.997817
 20
145.544807
 30
0.0
 11
41.659956
 21
133.584278
 31
0.0
210
0.0
220
1.0
230
0.0
  0
LINE
  5
485
330
70
100
AcDbEntity
  8
Visible
100
AcDbLine
 10
53.715627
 20
145.89203
 30
0.0
 11
53.715627
 21
152.76072
 31
0.0
210
0.0
220
1.0
230
0.0
  0
LINE
  5
486
330
70
100
AcDbEntity
  8
Visible
100
AcDbLine
 10
44.152686
 20
155.869385
 30
0.0
 11
42.997817
 21
145.544807
 31
0.0
210
0.0
220
1.0
230
0.0
  0
ARC
  5
487
330
70
100
AcDbEntity
  8
Visible
100
AcDbCircle
 10
-60.606977
 20
123.055513
 30
0.0
 40
20.0
210
0.0000000000000002
220
0.0
230
-1.0
100
AcDbArc
 50
295.246755
 51
6.382364
  0
ARC
  5
488
330
70
100
AcDbEntity
  8
Visible
100
AcDbCircle
 10
-60.080527
 20
170.01072
 30
0.0
 40
8.0
210
0.0000000000000002
220
0.0
230
-1.0
100
AcDbArc
 50
67.790148
 51
87.385689
  0
ARC
  5
489
330
70
100
AcDbEntity
  8
Visible
100
AcDbCircle
 10
-64.616527
 20
158.901053
 30
0.0
 40
20.0
210
0.0000000000000002
220
0.0
230
-1.0
100
AcDbArc
 50
6.382364
 51
67.790148
  0
ARC
  5
48A
330
70
100
AcDbEntity
  8
Visible
100
AcDbCircle
 10
56.341802
 20
114.01072
 30
0.0
 40
10.0
100
AcDbArc
 50
244.753245
 51
270.0
  0
LINE
  5
48B
330
70
100
AcDbEntity
  8
Visible
100
AcDbLine
 10
60.215627
 20
104.582148
 30
0.0
 11
60.215627
 21
104.01072
 31
0.0
210
0.0
220
1.0
230
0.0
  0
LINE
  5
48C
330
70
100
AcDbEntity
  8
Visible
100
AcDbLine
 10
60.215627
 20
131.51072
 30
0.0
 11
60.215627
 21
104.582148
 31
0.0
210
0.0
220
1.0
230
0.0
  0
LINE
  5
48D
330
70
100
AcDbEntity
  8
Visible
100
AcDbLine
 10
61.715627
 20
131.51072
 30
0.0
 11
61.715627
 21
133.566275
 31
0.0
210
0.0
220
1.0
230
0.0
  0
LINE
  5
48E
330
70
100
AcDbEntity
  8
Visible
100
AcDbLine
 10
61.715627
 20
136.51072
 30
0.0
 11
61.715627
 21
133.566275
 31
0.0
210
0.0
220
1.0
230
0.0
  0
LINE
  5
48F
330
70
100
AcDbEntity
  8
Visible
100
AcDbLine
 10
61.715627
 20
152.76072
 30
0.0
 11
61.715627
 21
150.76072
 31
0.0
210
0.0
220
1.0
230
0.0
  0
LINE
  5
490
330
70
100
AcDbEntity
  8
Visible
100
AcDbLine
 10
59.715627
 20
152.76072
 30
0.0
 11
59.715627
 21
155.788498
 31
0.0
210
0.0
220
1.0
230
0.0
  0
LINE
  5
491
330
70
100
AcDbEntity
  8
Visible
100
AcDbLine
 10
59.715627
 20
178.01072
 30
0.0
 11
59.715627
 21
155.788498
 31
0.0
210
0.0
220
1.0
230
0.0
  0
LINE
  5
492
330
70
100
AcDbEntity
  8
Visible
100
AcDbLine
 10
61.715627
 20
131.51072
 30
0.0
 11
60.215627
 21
131.51072
 31
0.0
210
0.0
220
1.0
230
0.0
  0
LINE
  5
493
330
70
100
AcDbEntity
  8
Visible
100
AcDbLine
 10
59.715627
 20
152.76072
 30
0.0
 11
61.715627
 21
152.76072
 31
0.0
210
0.0
220
1.0
230
0.0
  0
LINE
  5
494
330
70
100
AcDbEntity
  8
Visible
100
AcDbLine
 10
61.715627
 20
150.76072
 30
0.0
 11
60.215627
 21
150.76072
 31
0.0
210
0.0
220
1.0
230
0.0
  0
LINE
  5
495
330
70
100
AcDbEntity
  8
Visible
100
AcDbLine
 10
60.215627
 20
136.51072
 30
0.0
 11
61.715627
 21
136.51072
 31
0.0
210
0.0
220
1.0
230
0.0
  0
SPLINE
  5
496
330
70
100
AcDbEntity
  8
Visible
100
AcDbSpline
210
0.0
220
0.0
230
1.0
 70
     8
 71
     3
 72
    18
 73
    14
 74
     0
 42
0.000000001
 43
0.0000000001
 40
0.0001241096222633
 40
0.0001241096222633
 40
0.0001241096222633
 40
0.0001241096222633
 40
0.0152679526722824
 40
0.0152679526722824
 40
0.0738631955828448
 40
0.0738631955828448
 40
0.1324596491080777
 40
0.1324596491080777
 40
0.1818231073745825
 40
0.1818231073745825
 40
0.2311868444865124
 40
0.2311868444865124
 40
0.233260376672158
 40
0.233260376672158
 40
0.233260376672158
 40
0.233260376672158
 10
62.24640843516681
 20
156.1628151435931
 30
0.000000000001819
 10
62.29687675429886
 20
156.1626922827704
 30
0.000000000001819
 10
62.34726088322531
 20
156.1622673441508
 30
0.000000000001819
 10
62.59124691389115
 20
156.1587351190714
 30
0.000000000001819
 10
62.77864908500851
 20
156.1514639251083
 30
0.000000000001819
 10
63.11940940193744
 20
156.128805416941
 30
0.000000000001819
 10
63.26950862586272
 20
156.1136344179094
 30
0.000000000001819
 10
63.49312257012207
 20
156.0801692548048
 30
0.000000000001819
 10
63.57346131810482
 20
156.0629707379943
 30
0.000000000001819
 10
63.68387899311165
 20
156.0261548608825
 30
0.000000000001819
 10
63.7132091240328
 20
156.0067869901888
 30
0.000000000001819
 10
63.71557905294503
 20
155.9864140225311
 30
0.000000000001819
 10
63.71562682277908
 20
155.9855926698231
 30
0.000000000001819
 10
63.71562682277908
 20
155.9847712955333
 30
0.000000000001819
  0
LINE
  5
497
330
70
100
AcDbEntity
  8
Visible
100
AcDbLine
 10
63.715627
 20
176.51072
 30
0.0
 11
63.715627
 21
155.984771
 31
0.0
210
0.0
220
1.0
230
0.0
  0
SPLINE
  5
498
330
70
100
AcDbEntity
  8
Visible
100
AcDbSpline
210
0.0
220
0.0
230
1.0
 70
     8
 71
     3
 72
    14
 73
    10
 74
     0
 42
0.000000001
 43
0.0000000001
 40
0.0513591279442043
 40
0.0513591279442043
 40
0.0513591279442043
 40
0.0513591279442043
 40
0.0520836087042478
 40
0.0520836087042478
 40
0.0537416326169075
 40
0.0537416326169075
 40
0.0548126708171183
 40
0.0548126708171183
 40
0.0549578345254783
 40
0.0549578345254783
 40
0.0549578345254783
 40
0.0549578345254783
 10
62.21562682277909
 20
156.143654778208
 30
0.000000000001819
 10
62.21720975222706
 20
156.14568253268
 30
0.000000000001819
 10
62.21885876642045
 20
156.1476209248939
 30
0.000000000001819
 10
62.22449656408753
 20
156.1535832285729
 30
0.000000000001819
 10
62.22908825480226
 20
156.1574225128965
 30
0.000000000001819
 10
62.23761478875167
 20
156.1615293577339
 30
0.000000000001819
 10
62.24116421447252
 20
156.1625592416486
 30
0.000000000001819
 10
62.24540156320836
 20
156.1628025973847
 30
0.000000000001819
 10
62.24590579208052
 20
156.1628163672349
 30
0.000000000001819
 10
62.24640843516681
 20
156.1628151435931
 30
0.000000000001819
  0
LINE
  5
499
330
70
100
AcDbEntity
  8
Visible
100
AcDbLine
 10
63.715627
 20
141.924332
 30
0.0
 11
63.715627
 21
155.984771
 31
0.0
210
0.0
220
1.0
230
0.0
  0
LINE
  5
49A
330
70
100
AcDbEntity
  8
Visible
100
AcDbLine
 10
62.215627
 20
156.143655
 30
0.0
 11
62.215627
 21
155.788498
 31
0.0
210
0.0
220
1.0
230
0.0
  0
LINE
  5
49B
330
70
100
AcDbEntity
  8
Visible
100
AcDbLine
 10
62.215627
 20
152.76072
 30
0.0
 11
61.938592
 21
152.76072
 31
0.0
210
0.0
220
1.0
230
0.0
  0
LINE
  5
49C
330
70
100
AcDbEntity
  8
Visible
100
AcDbLine
 10
62.215627
 20
155.788498
 30
0.0
 11
62.215627
 21
152.76072
 31
0.0
210
0.0
220
1.0
230
0.0
  0
SPLINE
  5
49D
330
70
100
AcDbEntity
  8
Visible
100
AcDbSpline
210
0.0
220
0.0
230
1.0
 70
     8
 71
     3
 72
    10
 73
     6
 74
     0
 42
0.000000001
 43
0.0000000001
 40
-0.1319097907475712
 40
-0.1319097907475712
 40
-0.1319097907475712
 40
-0.1319097907475712
 40
0.0
 40
0.0
 40
0.0027211367022777
 40
0.0027211367022777
 40
0.0027211367022777
 40
0.0027211367022777
 10
62.71562682279181
 20
104.3882437202501
 30
0.000000000001819
 10
63.1220995750773
 20
104.4597769981114
 30
0.000000000001819
 10
63.53499010721498
 20
104.5430970966573
 30
0.000000000001819
 10
63.95969621737458
 20
104.6408153782176
 30
0.000000000001819
 10
63.9682815577471
 20
104.6427956862167
 30
0.000000000001819
 10
63.97686812546272
 20
104.6447812407089
 30
0.000000000001819
  0
LINE
  5
49E
330
70
100
AcDbEntity
  8
Visible
100
AcDbLine
 10
62.715627
 20
104.01072
 30
0.0
 11
66.115948
 21
104.01072
 31
0.0
210
0.0
220
1.0
230
0.0
  0
SPLINE
  5
49F
330
70
100
AcDbEntity
  8
Visible
100
AcDbSpline
210
0.0
220
0.0
230
1.0
 70
     8
 71
     3
 72
    10
 73
     6
 74
     0
 42
0.000000001
 43
0.0000000001
 40
-0.0011374391011011
 40
-0.0011374391011011
 40
-0.0011374391011011
 40
-0.0011374391011011
 40
0.0
 40
0.0
 40
0.1100793647509944
 40
0.1100793647509944
 40
0.1100793647509944
 40
0.1100793647509944
 10
61.93859231129318
 20
104.582148341453
 30
0.000000000001819
 10
61.94124192351591
 20
104.5812447223129
 30
0.000000000001819
 10
61.94389153572593
 20
104.5803421433531
 30
0.000000000001819
 10
62.20296596240951
 20
104.4921912818654
 30
0.000000000001819
 10
62.45936624966453
 20
104.4146942653033
 30
0.000000000001819
 10
62.71562682278454
 20
104.3471476675077
 30
0.000000000001819
  0
LINE
  5
4A0
330
70
100
AcDbEntity
  8
Visible
100
AcDbLine
 10
62.715627
 20
104.388244
 30
0.0
 11
62.715627
 21
104.347148
 31
0.0
210
0.0
220
1.0
230
0.0
  0
LINE
  5
4A1
330
70
100
AcDbEntity
  8
Visible
100
AcDbLine
 10
60.215627
 20
136.51072
 30
0.0
 11
60.215627
 21
150.76072
 31
0.0
210
0.0
220
1.0
230
0.0
  0
LINE
  5
4A2
330
70
100
AcDbEntity
  8
Visible
100
AcDbLine
 10
62.715627
 20
104.347148
 30
0.0
 11
62.715627
 21
104.01072
 31
0.0
210
0.0
220
1.0
230
0.0
  0
LINE
  5
4A3
330
70
100
AcDbEntity
  8
Visible
100
AcDbLine
 10
60.215627
 20
104.01072
 30
0.0
 11
62.715627
 21
104.01072
 31
0.0
210
0.0
220
1.0
230
0.0
  0
ARC
  5
4A4
330
70
100
AcDbEntity
  8
Visible
100
AcDbCircle
 10
-62.215627
 20
176.51072
 30
0.0
 40
1.5
210
0.0000000000000002
220
0.0
230
-1.0
100
AcDbArc
 50
90.0
 51
180.0
  0
LINE
  5
4A5
330
70
100
AcDbEntity
  8
Visible
100
AcDbLine
 10
62.215627
 20
178.01072
 30
0.0
 11
59.715627
 21
178.01072
 31
0.0
210
0.0
220
1.0
230
0.0
  0
ARC
  5
4A6
330
70
100
AcDbEntity
  8
Visible
100
AcDbCircle
 10
66.715627
 20
142.029673
 30
0.0
 40
3.0
100
AcDbArc
 50
180.0
 51
254.909754
  0
ARC
  5
4A7
330
70
100
AcDbEntity
  8
Visible
100
AcDbCircle
 10
-66.115948
 20
114.01072
 30
0.0
 40
10.0
210
0.0000000000000002
220
0.0
230
-1.0
100
AcDbArc
 50
247.310483
 51
270.0
  0
ARC
  5
4A8
330
70
100
AcDbEntity
  8
Visible
100
AcDbCircle
 10
-60.715627
 20
126.927241
 30
0.0
 40
24.00000000000001
210
0.0000000000000002
220
0.0
230
-1.0
100
AcDbArc
 50
187.907359
 51
247.310483
  0
ARC
  5
4A9
330
70
100
AcDbEntity
  8
Visible
100
AcDbCircle
 10
-57.586697
 20
110.330016
 30
0.0
 40
29.9924482488842
210
0.0000000000000002
220
0.0
230
-1.0
100
AcDbArc
 50
106.163001
 51
124.040107
  0
SPLINE
  5
4AA
330
70
100
AcDbEntity
  8
Visible
100
AcDbSpline
210
0.0000000000007492
220
0.0000000000009239
230
-1.0
 70
     8
 71
     3
 72
    16
 73
    12
 74
     0
 42
0.000000001
 43
0.0000000001
 40
0.0000000000000016
 40
0.0000000000000016
 40
0.0000000000000016
 40
0.0000000000000016
 40
0.5131328859096655
 40
0.5131328859096655
 40
1.026265771819329
 40
1.026265771819329
 40
1.539398657728993
 40
1.539398657728993
 40
2.052531543638657
 40
2.052531543638657
 40
2.565664429548321
 40
2.565664429548321
 40
2.565664429548321
 40
2.565664429548321
 10
74.37849262661803
 20
135.1873272433812
 30
0.000000000001819
 10
75.76782973586706
 20
134.2834670946345
 30
0.000000000001819
 10
77.00266345383534
 20
133.3280633265113
 30
0.000000000001819
 10
79.16728671380406
 20
131.4613993451428
 30
0.000000000001819
 10
80.0971843313764
 20
130.550074800758
 30
0.000000000001819
 10
81.66087330394294
 20
128.8807387053884
 30
0.000000000001819
 10
82.29392275072859
 20
128.1231804110599
 30
0.000000000001819
 10
83.28276359964911
 20
126.8310517079447
 30
0.000000000001819
 10
83.63952317173426
 20
126.2923104842625
 30
0.000000000001819
 10
84.11640936212643
 20
125.4880643590929
 30
0.0
 10
84.23754787607322
 20
125.2239689903385
 30
0.0
 10
84.23754787607322
 20
125.2239689903385
 30
0.0
  0
ARC
  5
4AB
330
70
100
AcDbEntity
  8
Visible
100
AcDbCircle
 10
-81.714053
 20
124.01072
 30
0.0
 40
2.799999999999999
210
0.0000000000000002
220
0.0
230
-1.0
100
AcDbArc
 50
154.322621
 51
187.907359
  0
SPLINE
  5
4AC
330
70
100
AcDbEntity
  8
Visible
100
AcDbSpline
210
0.0
220
0.0
230
1.0
 70
     8
 71
     3
 72
     8
 73
     4
 74
     0
 42
0.000000001
 43
0.0000000001
 40
-0.3168649153563244
 40
-0.3168649153563244
 40
-0.3168649153563244
 40
-0.3168649153563244
 40
0.0
 40
0.0
 40
0.0
 40
0.0
 10
119.6850356424165
 20
61.70505545117521
 30
0.0
 10
119.2906050797774
 20
60.73073056614339
 30
0.0
 10
118.9811143298666
 20
59.72145598502539
 30
0.0
 10
118.7613495878722
 20
58.68835554987526
 30
0.0
  0
SPLINE
  5
4AD
330
70
100
AcDbEntity
  8
Visible
100
AcDbSpline
210
0.0
220
0.0
230
1.0
 70
     8
 71
     3
 72
     8
 73
     4
 74
     0
 42
0.000000001
 43
0.0000000001
 40
-0.716811019453787
 40
-0.716811019453787
 40
-0.716811019453787
 40
-0.716811019453787
 40
-0.3999496718576378
 40
-0.3999496718576378
 40
-0.3999496718576378
 40
-0.3999496718576378
 10
169.2143481379316
 20
58.68835554987526
 30
0.0
 10
168.9945833959373
 20
59.72145598502539
 30
0.0
 10
168.6850926460265
 20
60.73073056614339
 30
0.0
 10
168.2906620833873
 20
61.70505545117521
 30
0.0
  0
SPLINE
  5
4AE
330
70
100
AcDbEntity
  8
Visible
100
AcDbSpline
210
0.0
220
0.0
230
1.0
 70
     8
 71
     3
 72
    30
 73
    26
 74
     0
 42
0.000000001
 43
0.0000000001
 40
-1.220528994021872
 40
-1.220528994021872
 40
-1.220528994021872
 40
-1.220528994021872
 40
-1.216607804655008
 40
-1.216607804655008
 40
-1.18985639956625
 40
-1.18985639956625
 40
-1.149174780225582
 40
-1.149174780225582
 40
-1.059897938496804
 40
-1.059897938496804
 40
-0.9600550662526107
 40
-0.9600550662526107
 40
-0.8401273923356466
 40
-0.8401273923356466
 40
-0.7349991915966369
 40
-0.7349991915966369
 40
-0.6542029520772667
 40
-0.6542029520772667
 40
-0.5912157362374846
 40
-0.5912157362374846
 40
-0.5328297736681624
 40
-0.5328297736681624
 40
-0.5019834422856643
 40
-0.5019834422856643
 40
-0.484647685319463
 40
-0.484647685319463
 40
-0.484647685319463
 40
-0.484647685319463
 10
133.0715373569546
 20
59.88963044462616
 30
0.0
 10
133.0602142405623
 20
59.88963044462616
 30
0.0
 10
133.0489236127196
 20
59.88974944993424
 30
0.0
 10
132.9608707464686
 20
59.89160832418929
 30
0.0
 10
132.8859614022749
 20
59.89874481161132
 30
0.0
 10
132.7028911314301
 20
59.93000357874916
 30
0.0
 10
132.5984445952763
 20
59.96090943350282
 30
0.0
 10
132.2872510660618
 20
60.09391634589338
 30
0.0
 10
132.1111544239756
 20
60.23509707230551
 30
0.0
 10
131.8267802236678
 20
60.60494289261078
 30
0.0
 10
131.7308316914314
 20
60.83924595632743
 30
0.0
 10
131.6357902884083
 20
61.39685447105875
 30
0.0
 10
131.6601628086464
 20
61.72784656341355
 30
0.0
 10
131.8389048723875
 20
62.34637053848928
 30
0.0
 10
131.9773002779711
 20
62.63571987892101
 30
0.0
 10
132.3119677909726
 20
63.1126689593857
 30
0.0
 10
132.4880952491294
 20
63.30912517616707
 30
0.0
 10
132.8487402646424
 20
63.61645776660225
 30
0.0
 10
133.0221239685288
 20
63.73598752670659
 30
0.0
 10
133.3774771374937
 20
63.92301201568989
 30
0.0
 10
133.5544214898382
 20
63.9918413372543
 30
0.0
 10
133.8264362881364
 20
64.05859292446803
 30
0.0
 10
133.9194705985137
 20
64.0743240769425
 30
0.0
 10
134.0621440016602
 20
64.08731992540015
 30
0.0
 10
134.1126794662177
 20
64.08963044462689
 30
0.0
 10
134.1623180870137
 20
64.08963044462689
 30
0.0
  0
SPLINE
  5
4AF
330
70
100
AcDbEntity
  8
Visible
100
AcDbSpline
210
0.0
220
0.0
230
1.0
 70
     8
 71
     3
 72
     8
 73
     4
 74
     0
 42
0.000000001
 43
0.0000000001
 40
-0.6594785114137002
 40
-0.6594785114137002
 40
-0.6594785114137002
 40
-0.6594785114137002
 40
-0.0577630735535753
 40
-0.0577630735535753
 40
-0.0577630735535753
 40
-0.0577630735535753
 10
116.80414662986
 20
59.10661468442231
 30
0.0
 10
117.2214305268608
 20
61.0684540751372
 30
0.0
 10
117.9304919221758
 20
62.95550416431615
 30
0.0
 10
118.9068440394894
 20
64.70505545117521
 30
0.0
  0
LINE
  5
4B0
330
70
100
AcDbEntity
  8
Visible
100
AcDbLine
 10
116.680972
 20
58.527515
 30
0.0
 11
116.804147
 21
59.106615
 31
0.0
  0
ARC
  5
4B1
330
70
100
AcDbEntity
  8
Visible
100
AcDbCircle
 10
124.500977
 20
56.864206
 30
0.0
 40
7.994940688363953
100
AcDbArc
 50
167.992178
 51
179.999888
  0
LINE
  5
4B2
330
70
100
AcDbEntity
  8
Visible
100
AcDbLine
 10
116.506037
 20
56.205055
 30
0.0
 11
116.506037
 21
56.864222
 31
0.0
  0
LINE
  5
4B3
330
70
100
AcDbEntity
  8
Visible
100
AcDbLine
 10
116.506037
 20
56.205055
 30
0.0
 11
116.987328
 21
56.205055
 31
0.0
  0
LINE
  5
4B4
330
70
100
AcDbEntity
  8
Visible
100
AcDbLine
 10
118.507464
 20
56.864222
 30
0.0
 11
118.507464
 21
56.205055
 31
0.0
  0
ARC
  5
4B5
330
70
100
AcDbEntity
  8
Visible
100
AcDbCircle
 10
124.503066
 20
56.864207
 30
0.0
 40
5.995602164073758
100
AcDbArc
 50
167.990923
 51
179.999859
  0
LINE
  5
4B6
330
70
100
AcDbEntity
  8
Visible
100
AcDbLine
 10
118.76135
 20
58.688356
 30
0.0
 11
118.63868
 21
58.111692
 31
0.0
  0
LINE
  5
4B7
330
70
100
AcDbEntity
  8
Visible
100
AcDbLine
 10
119.685036
 20
61.705055
 30
0.0
 11
120.309135
 21
61.705055
 31
0.0
  0
LINE
  5
4B8
330
70
100
AcDbEntity
  8
Visible
100
AcDbLine
 10
167.666563
 20
61.705055
 30
0.0
 11
168.290662
 21
61.705055
 31
0.0
  0
LINE
  5
4B9
330
70
100
AcDbEntity
  8
Visible
100
AcDbLine
 10
169.337018
 20
58.111692
 30
0.0
 11
169.214348
 21
58.688356
 31
0.0
  0
ARC
  5
4BA
330
70
100
AcDbEntity
  8
Visible
100
AcDbCircle
 10
163.472631
 20
56.864207
 30
0.0
 40
5.995602164074015
100
AcDbArc
 50
0.000141
 51
12.009077
  0
LINE
  5
4BB
330
70
100
AcDbEntity
  8
Visible
100
AcDbLine
 10
169.468233
 20
56.205055
 30
0.0
 11
169.468233
 21
56.864222
 31
0.0
  0
LINE
  5
4BC
330
70
100
AcDbEntity
  8
Visible
100
AcDbLine
 10
170.98837
 20
56.205055
 30
0.0
 11
171.469661
 21
56.205055
 31
0.0
  0
LINE
  5
4BD
330
70
100
AcDbEntity
  8
Visible
100
AcDbLine
 10
171.469661
 20
56.864222
 30
0.0
 11
171.469661
 21
56.205055
 31
0.0
  0
ARC
  5
4BE
330
70
100
AcDbEntity
  8
Visible
100
AcDbCircle
 10
163.47472
 20
56.864206
 30
0.0
 40
7.994940688363194
100
AcDbArc
 50
0.000112
 51
12.007822
  0
LINE
  5
4BF
330
70
100
AcDbEntity
  8
Visible
100
AcDbLine
 10
171.171551
 20
59.106615
 30
0.0
 11
171.294725
 21
58.527515
 31
0.0
  0
SPLINE
  5
4C0
330
70
100
AcDbEntity
  8
Visible
100
AcDbSpline
210
0.0
220
0.0
230
1.0
 70
     8
 71
     3
 72
     8
 73
     4
 74
     0
 42
0.000000001
 43
0.0000000001
 40
-0.6017180137814801
 40
-0.6017180137814801
 40
-0.6017180137814801
 40
-0.6017180137814801
 40
0.0
 40
0.0
 40
0.0
 40
0.0
 10
169.0688536863144
 20
64.70505545117521
 30
0.0
 10
170.045205803628
 20
62.95550416431615
 30
0.0
 10
170.7542671989431
 20
61.0684540751372
 30
0.0
 10
171.1715510959438
 20
59.10661468442231
 30
0.0
  0
SPLINE
  5
4C1
330
70
100
AcDbEntity
  8
Visible
100
AcDbSpline
210
0.0
220
0.0
230
1.0
 70
     8
 71
     3
 72
    34
 73
    30
 74
     0
 42
0.000000001
 43
0.0000000001
 40
-1.025711013186869
 40
-1.025711013186869
 40
-1.025711013186869
 40
-1.025711013186869
 40
-1.019900032352827
 40
-1.019900032352827
 40
-1.006343128712166
 40
-1.006343128712166
 40
-0.9849086311174394
 40
-0.9849086311174394
 40
-0.9261875849896014
 40
-0.9261875849896014
 40
-0.8552370454934962
 40
-0.8552370454934962
 40
-0.7606214188903371
 40
-0.7606214188903371
 40
-0.6501105483304599
 40
-0.6501105483304599
 40
-0.5545821764034395
 40
-0.5545821764034395
 40
-0.4750531520395777
 40
-0.4750531520395777
 40
-0.4092460754303361
 40
-0.4092460754303361
 40
-0.3471077626872828
 40
-0.3471077626872828
 40
-0.3247421013258195
 40
-0.3247421013258195
 40
-0.3108631307903003
 40
-0.3108631307903003
 40
-0.308021974749795
 40
-0.308021974749795
 40
-0.308021974749795
 40
-0.308021974749795
 10
136.8258876878844
 20
64.08963044462689
 30
0.0
 10
136.8441073542763
 20
64.08963044462689
 30
0.0
 10
136.8622685381397
 20
64.0893659789308
 30
0.0
 10
136.9225873147479
 20
64.08760044474366
 30
0.0
 10
136.9644001672513
 20
64.0849227944127
 30
0.0
 10
137.0711083832884
 20
64.07429552772919
 30
0.0
 10
137.1350949940297
 20
64.06420713530678
 30
0.0
 10
137.3684050920383
 20
64.01336225236628
 30
0.0
 10
137.5244110929725
 20
63.95045335159739
 30
0.0
 10
137.8298151373674
 20
63.7631345577538
 30
0.0
 10
137.9676742301617
 20
63.63079417627159
 30
0.0
 10
138.2194926692373
 20
63.27376182404623
 30
0.0
 10
138.3089385306739
 20
63.0350645706676
 30
0.0
 10
138.3917840701397
 20
62.48316640367193
 30
0.0
 10
138.3666708653727
 20
62.16415117541692
 30
0.0
 10
138.198490995388
 20
61.57445327010828
 30
0.0
 10
138.071937697412
 20
61.30340993411664
 30
0.0
 10
137.756558577932
 20
60.84151054813628
 30
0.0
 10
137.5825090863145
 20
60.6461064601408
 30
0.0
 10
137.2149844325049
 20
60.3360424167895
 30
0.0
 10
137.0316339907458
 20
60.2146838299468
 30
0.0
 10
136.6504902839333
 20
60.02874700396569
 30
0.0
 10
136.4567183912259
 20
59.9627164208432
 30
0.0
 10
136.1889103147368
 20
59.91176262959197
 30
0.0
 10
136.1179501863207
 20
59.90204206955787
 30
0.0
 10
136.0033147149515
 20
59.89256951440438
 30
0.0
 10
135.9595642638833
 20
59.89043956181013
 30
0.0
 10
135.9071220623082
 20
59.88969382126015
 30
0.0
 10
135.8982219564495
 20
59.88963044462616
 30
0.0
 10
135.8893335716384
 20
59.88963044462616
 30
0.0
  0
SPLINE
  5
4C2
330
70
100
AcDbEntity
  8
Visible
100
AcDbSpline
210
0.0
220
0.0
230
1.0
 70
     8
 71
     3
 72
    34
 73
    30
 74
     0
 42
0.000000001
 43
0.0000000001
 40
-1.132565629955589
 40
-1.132565629955589
 40
-1.132565629955589
 40
-1.132565629955589
 40
-1.130636315328989
 40
-1.130636315328989
 40
-1.117029316519219
 40
-1.117029316519219
 40
-1.09668827307029
 40
-1.09668827307029
 40
-1.045819641720395
 40
-1.045819641720395
 40
-0.9673246432056298
 40
-0.9673246432056298
 40
-0.8709558673316074
 40
-0.8709558673316074
 40
-0.7595627565518209
 40
-0.7595627565518209
 40
-0.6626675192430125
 40
-0.6626675192430125
 40
-0.5852741375642939
 40
-0.5852741375642939
 40
-0.5229481831557146
 40
-0.5229481831557146
 40
-0.4634006017118393
 40
-0.4634006017118393
 40
-0.434537109275985
 40
-0.434537109275985
 40
-0.4190525776420426
 40
-0.4190525776420426
 40
-0.414539845598768
 40
-0.414539845598768
 40
-0.414539845598768
 40
-0.414539845598768
 10
132.2386469315679
 20
59.88963044462616
 30
0.0
 10
132.2330345066348
 20
59.88963044462616
 30
0.0
 10
132.2274291623871
 20
59.88965939805712
 30
0.0
 10
132.1823490624574
 20
59.89012536992049
 30
0.0
 10
132.143265516801
 20
59.89197120263634
 30
0.0
 10
132.0468929532999
 20
59.90010572092796
 30
0.0
 10
131.9902634468671
 20
59.90813285408876
 30
0.0
 10
131.796528213521
 20
59.94689092770932
 30
0.0
 10
131.6672329239063
 20
59.99339827952827
 30
0.0
 10
131.3667671057592
 20
60.15335681798751
 30
0.0
 10
131.2136522276614
 20
60.28791983376686
 30
0.0
 10
130.9453081327992
 20
60.64747027947487
 30
0.0
 10
130.8484188402562
 20
60.88344667968704
 30
0.0
 10
130.7505742791654
 20
61.43442809903536
 30
0.0
 10
130.7672236388589
 20
61.75442828332052
 30
0.0
 10
130.922374120144
 20
62.35190280459938
 30
0.0
 10
131.0447300922223
 20
62.62947982579681
 30
0.0
 10
131.3491980546514
 20
63.09623284477857
 30
0.0
 10
131.5140963999674
 20
63.29149882460114
 30
0.0
 10
131.8582409356204
 20
63.6015859442141
 30
0.0
 10
132.0271036609883
 20
63.72342084719821
 30
0.0
 10
132.3791309550088
 20
63.91682103610583
 30
0.0
 10
132.557938508844
 20
63.98851811272106
 30
0.0
 10
132.8259252673197
 20
64.05575157716339
 30
0.0
 10
132.9129290347409
 20
64.07126842662364
 30
0.0
 10
133.0449582717047
 20
64.08512002986026
 30
0.0
 10
133.0906162207193
 20
64.08807107223037
 30
0.0
 10
133.1489042991616
 20
64.08947275519676
 30
0.0
 10
133.1620070565004
 20
64.08963044462689
 30
0.0
 10
133.1750569935193
 20
64.08963044462689
 30
0.0
  0
SPLINE
  5
4C3
330
70
100
AcDbEntity
  8
Visible
100
AcDbSpline
210
0.0
220
0.0
230
1.0
 70
    24
 71
     3
 72
    10
 73
     6
 74
     0
 42
0.000000001
 43
0.0000000001
 40
-11.90504263355285
 40
-11.90504263355285
 40
-11.90504263355285
 40
-11.90504263355285
 40
-11.84730496714859
 40
-11.84730496714859
 40
-11.50336830143991
 40
-11.50336830143991
 40
-11.50336830143991
 40
-11.50336830143991
 10
135.8893335716384
 20
59.88963044462616
 30
0.0
 10
135.7080973126867
 20
59.88963044462616
 30
0.0
 10
135.5275313535985
 20
59.88963044464253
 30
0.0
 10
134.2762962511806
 20
59.88963044464253
 30
0.0
 10
133.237526706871
 20
59.88963044462616
 30
0.0
 10
132.2386469315679
 20
59.88963044462616
 30
0.0
  0
SPLINE
  5
4C4
330
70
100
AcDbEntity
  8
Visible
100
AcDbSpline
210
0.0
220
0.0
230
1.0
 70
    24
 71
     3
 72
    10
 73
     6
 74
     0
 42
0.000000001
 43
0.0000000001
 40
-3.45813397092988
 40
-3.45813397092988
 40
-3.45813397092988
 40
-3.45813397092988
 40
-3.437157221495094
 40
-3.437157221495094
 40
-3.056165101685999
 40
-3.056165101685999
 40
-3.056165101685999
 40
-3.056165101685999
 10
133.1750569935193
 20
64.08963044462689
 30
0.0
 10
133.2359270861216
 20
64.08963044462689
 30
0.0
 10
133.2969745501941
 20
64.08963044459778
 30
0.0
 10
134.4701661939107
 20
64.08963044459778
 30
0.0
 10
135.6305810539088
 20
64.08963044462689
 30
0.0
 10
136.8258876878844
 20
64.08963044462689
 30
0.0
  0
ELLIPSE
  5
4C5
330
70
100
AcDbEntity
  8
Visible
100
AcDbEllipse
 10
145.507849
 20
75.459107
 30
0.0
 11
1.399999999999635
 21
0.0000000000008167
 31
0.0
210
0.0
220
0.0
230
1.0
 40
0.1118563101097117
 41
4.712388980384623
 42
6.28318530717437
  0
LINE
  5
4C6
330
70
100
AcDbEntity
  8
Visible
100
AcDbLine
 10
145.507849
 20
75.302508
 30
0.0
 11
139.207849
 21
75.302508
 31
0.0
  0
ELLIPSE
  5
4C7
330
70
100
AcDbEntity
  8
Visible
100
AcDbEllipse
 10
145.507849
 20
75.515035
 30
0.0
 11
-1.400000014640128
 21
0.0000000001021035
 31
0.0
210
0.0
220
0.0
230
1.0
 40
0.111856308939975
 41
4.678217508778488
 42
4.712388980392847
  0
ELLIPSE
  5
4C8
330
70
100
AcDbEntity
  8
Visible
100
AcDbEllipse
 10
145.507849
 20
75.515035
 30
0.0
 11
-1.399999999999635
 21
0.0000000000011842
 31
0.0
210
0.0
220
0.0
230
1.0
 40
0.1118563101102754
 41
3.141592653597355
 42
4.255878133390347
  0
ARC
  5
4C9
330
70
100
AcDbEntity
  8
Visible
100
AcDbCircle
 10
145.522423
 20
64.312397
 30
0.0
 40
11.35919477006056
100
AcDbArc
 50
86.959199
 51
89.832255
  0
LINE
  5
4CA
330
70
100
AcDbEntity
  8
Visible
100
AcDbLine
 10
146.907849
 20
75.515035
 30
0.0
 11
146.907849
 21
75.459107
 31
0.0
  0
SPLINE
  5
4CB
330
70
100
AcDbEntity
  8
Visible
100
AcDbSpline
210
0.0
220
0.0
230
1.0
 70
     8
 71
     3
 72
    16
 73
    12
 74
     0
 42
0.000000001
 43
0.0000000001
 40
-0.3371795175124628
 40
-0.3371795175124628
 40
-0.3371795175124628
 40
-0.3371795175124628
 40
-0.3082283618132036
 40
-0.3082283618132036
 40
-0.2790806313408731
 40
-0.2790806313408731
 40
-0.223921669296265
 40
-0.223921669296265
 40
-0.1680281875956449
 40
-0.1680281875956449
 40
-0.1161870512285302
 40
-0.1161870512285302
 40
-0.1161870512285302
 40
-0.1161870512285302
 10
139.2078488318366
 20
75.63302895752713
 30
0.0
 10
139.1114086188226
 20
75.62979214996449
 30
0.0
 10
139.0152558926947
 20
75.62570436626447
 30
0.0
 10
138.8259489350148
 20
75.61618622249079
 30
0.0
 10
138.7333278640799
 20
75.61077335456866
 30
0.0
 10
138.4765455354154
 20
75.59378633012784
 30
0.0
 10
138.3247466034845
 20
75.58122955879662
 30
0.0
 10
138.0690894323124
 20
75.55468440817822
 30
0.0
 10
137.9684020725581
 20
75.54093437202755
 30
0.0
 10
137.839577946821
 20
75.51410128676071
 30
0.0
 10
137.8078490423504
 20
75.50125811809812
 30
0.0
 10
137.8078488629016
 20
75.48826870357334
 30
0.0
  0
LINE
  5
4CC
330
70
100
AcDbEntity
  8
Visible
100
AcDbLine
 10
142.423917
 20
75.671634
 30
0.0
 11
145.507849
 21
75.671634
 31
0.0
  0
ARC
  5
4CD
330
70
100
AcDbEntity
  8
Visible
100
AcDbCircle
 10
141.799617
 20
-6.298948
 30
0.0
 40
81.97295947676208
100
AcDbArc
 50
89.563635
 51
91.811843
  0
ELLIPSE
  5
4CE
330
70
100
AcDbEntity
  8
Visible
100
AcDbEllipse
 10
139.207849
 20
75.459107
 30
0.0
 11
-1.40000000001279
 21
0.0000000000027012
 31
0.0
210
0.0
220
0.0
230
1.0
 40
0.1118563101086608
 41
0.5911521629721466
 42
1.570796326795112
  0
SPLINE
  5
4CF
330
70
100
AcDbEntity
  8
Visible
100
AcDbSpline
210
0.0
220
0.0
230
1.0
 70
     8
 71
     3
 72
    10
 73
     6
 74
     0
 42
0.000000001
 43
0.0000000001
 40
-0.0833697049463453
 40
-0.0833697049463453
 40
-0.0833697049463453
 40
-0.0833697049463453
 40
-0.0552091680862224
 40
-0.0552091680862224
 40
0.0
 40
0.0
 40
0.0
 40
0.0
 10
137.8078488629016
 20
75.44718353016469
 30
0.0
 10
137.8078495260233
 20
75.43893870053762
 30
0.0
 10
137.8171256730184
 20
75.43060570348825
 30
0.0
 10
137.8720281680926
 20
75.40558919812065
 30
0.0
 10
137.9433060560532
 20
75.38885037599903
 30
0.0
 10
138.045430110089
 20
75.3718319256368
 30
0.0
  0
LINE
  5
4D0
330
70
100
AcDbEntity
  8
Visible
100
AcDbLine
 10
137.807849
 20
75.447184
 30
0.0
 11
137.807849
 21
75.488269
 31
0.0
  0
SPLINE
  5
4D1
330
70
100
AcDbEntity
  8
Visible
100
AcDbSpline
210
0.0
220
0.0
230
1.0
 70
     8
 71
     3
 72
    26
 73
    22
 74
     0
 42
0.000000001
 43
0.0000000001
 40
-0.6698291539683742
 40
-0.6698291539683742
 40
-0.6698291539683742
 40
-0.6698291539683742
 40
-0.6278745547371291
 40
-0.6278745547371291
 40
-0.5703263373472664
 40
-0.5703263373472664
 40
-0.4851800237508223
 40
-0.4851800237508223
 40
-0.3903462187193853
 40
-0.3903462187193853
 40
-0.3018721778793296
 40
-0.3018721778793296
 40
-0.2247009672163269
 40
-0.2247009672163269
 40
-0.1463738387306046
 40
-0.1463738387306046
 40
-0.0865704279529734
 40
-0.0865704279529734
 40
-0.0415633769895929
 40
-0.0415633769895929
 40
0.0
 40
0.0
 40
0.0
 40
0.0
 10
126.79217258483
 20
72.21355327601486
 30
0.0
 10
126.7830488558084
 20
72.23073654665495
 30
0.0
 10
126.7884438634792
 20
72.25492901067446
 30
0.0
 10
126.8338302796601
 20
72.32700275351089
 30
0.0
 10
126.8856003827404
 20
72.37983574821192
 30
0.0
 10
127.0684860504352
 20
72.53130714709368
 30
0.0
 10
127.2242249285318
 20
72.63849439195474
 30
0.0
 10
127.6242391099858
 20
72.88044650954361
 30
0.0
 10
127.8750875594196
 20
73.0159948140572
 30
0.0
 10
128.4029514194771
 20
73.2715525277581
 30
0.0
 10
128.6754799513874
 20
73.39119053689319
 30
0.0
 10
129.1890665297833
 20
73.59316868295173
 30
0.0
 10
129.4268230628258
 20
73.6771915799327
 30
0.0
 10
129.8776198929499
 20
73.81749907953054
 30
0.0
 10
130.0853063283048
 20
73.87183572478534
 30
0.0
 10
130.3940060021268
 20
73.93479649409892
 30
0.0
 10
130.5059990194768
 20
73.95069256445641
 30
0.0
 10
130.6567209135664
 20
73.95879614730802
 30
0.0
 10
130.7059824498737
 20
73.9558533002928
 30
0.0
 10
130.7693093624493
 20
73.93844741536668
 30
0.0
 10
130.7855391873054
 20
73.92495008238256
 30
0.0
 10
130.7876194041782
 20
73.90665302543675
 30
0.0
  0
SPLINE
  5
4D2
330
70
100
AcDbEntity
  8
Visible
100
AcDbSpline
210
0.0
220
0.0
230
1.0
 70
     8
 71
     3
 72
    26
 73
    22
 74
     0
 42
0.000000001
 43
0.0000000001
 40
-0.6701688367969467
 40
-0.6701688367969467
 40
-0.6701688367969467
 40
-0.6701688367969467
 40
-0.6324701292145495
 40
-0.6324701292145495
 40
-0.5892073318003654
 40
-0.5892073318003654
 40
-0.5339286346146334
 40
-0.5339286346146334
 40
-0.4565442655106743
 40
-0.4565442655106743
 40
-0.372839172208965
 40
-0.372839172208965
 40
-0.2810365834020923
 40
-0.2810365834020923
 40
-0.1944216473302754
 40
-0.1944216473302754
 40
-0.1179420748510435
 40
-0.1179420748510435
 40
-0.0445200690016088
 40
-0.0445200690016088
 40
0.0
 40
0.0
 40
0.0
 40
0.0
 10
157.1880783216256
 20
73.90665302543675
 30
0.0
 10
157.1899638669292
 20
73.92323780092556
 30
0.0
 10
157.2034746070239
 20
73.93588254749738
 30
0.0
 10
157.257547170997
 20
73.95402646904767
 30
0.0
 10
157.3015874035936
 20
73.95812245511478
 30
0.0
 10
157.4348276152704
 20
73.95402260790252
 30
0.0
 10
157.5321988963132
 20
73.94212542700188
 30
0.0
 10
157.8125324780412
 20
73.89014754925665
 30
0.0
 10
158.0100873518295
 20
73.8414010501001
 30
0.0
 10
158.4662078469209
 20
73.70539768600792
 30
0.0
 10
158.722431844104
 20
73.61705832895495
 30
0.0
 10
159.26623527835
 20
73.40582115303004
 30
0.0
 10
159.5498661188267
 20
73.282198441535
 30
0.0
 10
160.0646984849882
 20
73.03376805584048
 30
0.0
 10
160.2964115502782
 20
72.91022044970123
 30
0.0
 10
160.6727944542181
 20
72.68824058777681
 30
0.0
 10
160.8236961003513
 20
72.58905626759042
 30
0.0
 10
161.0505773102322
 20
72.41760737561708
 30
0.0
 10
161.1281184939507
 20
72.34535407041949
 30
0.0
 10
161.1865419263467
 20
72.25789461493332
 30
0.0
 10
161.1932040668034
 20
72.2317821823799
 30
0.0
 10
161.1835251409738
 20
72.21355327601486
 30
0.0
  0
LINE
  5
4D3
330
70
100
AcDbEntity
  8
Visible
100
AcDbLine
 10
168.819174
 20
64.705055
 30
0.0
 11
169.068854
 21
64.705055
 31
0.0
  0
LINE
  5
4D4
330
70
100
AcDbEntity
  8
Visible
100
AcDbLine
 10
118.906844
 20
64.705055
 30
0.0
 11
119.156524
 21
64.705055
 31
0.0
  0
ARC
  5
4D5
330
70
100
AcDbEntity
  8
Visible
100
AcDbCircle
 10
126.753082
 20
56.565211
 30
0.0
 40
7.948943862850297
100
AcDbArc
 50
161.312504
 51
178.991955
  0
SPLINE
  5
4D6
330
70
100
AcDbEntity
  8
Visible
100
AcDbSpline
210
0.0
220
0.0
230
1.0
 70
     8
 71
     3
 72
     8
 73
     4
 74
     0
 42
0.000000001
 43
0.0000000001
 40
-0.5430425394008283
 40
-0.5430425394008283
 40
-0.5430425394008283
 40
-0.5430425394008283
 40
-0.1470207714338012
 40
-0.1470207714338012
 40
-0.1470207714338012
 40
-0.1470207714338012
 10
120.8498397572748
 20
62.70505545117521
 30
0.0
 10
120.189794811251
 20
61.56350700359872
 30
0.0
 10
119.6452658490125
 20
60.35988969841127
 30
0.0
 10
119.2232049737194
 20
59.11210280458181
 30
0.0
  0
LINE
  5
4D7
330
70
100
AcDbEntity
  8
Visible
100
AcDbLine
 10
116.506037
 20
56.205055
 30
0.0
 11
116.487849
 21
56.205055
 31
0.0
  0
LINE
  5
4D8
330
70
100
AcDbEntity
  8
Visible
100
AcDbLine
 10
171.487849
 20
56.205055
 30
0.0
 11
171.469661
 21
56.205055
 31
0.0
  0
ARC
  5
4D9
330
70
100
AcDbEntity
  8
Visible
100
AcDbCircle
 10
134.878354
 20
66.579837
 30
0.0
 40
5.27647088231537
100
AcDbArc
 50
96.571269
 51
111.567015
  0
SPLINE
  5
4DA
330
70
100
AcDbEntity
  8
Visible
100
AcDbSpline
210
0.0
220
0.0
230
1.0
 70
     8
 71
     3
 72
    34
 73
    30
 74
     0
 42
0.000000001
 43
0.0000000001
 40
-0.4921352987671554
 40
-0.4921352987671554
 40
-0.4921352987671554
 40
-0.4921352987671554
 40
-0.464993545740432
 40
-0.464993545740432
 40
-0.4361955838853715
 40
-0.4361955838853715
 40
-0.4055137100291553
 40
-0.4055137100291553
 40
-0.3722434646491204
 40
-0.3722434646491204
 40
-0.3344870144297601
 40
-0.3344870144297601
 40
-0.2920140524692511
 40
-0.2920140524692511
 40
-0.2506820150340101
 40
-0.2506820150340101
 40
-0.2119906477043669
 40
-0.2119906477043669
 40
-0.1756532970747063
 40
-0.1756532970747063
 40
-0.1395821381176905
 40
-0.1395821381176905
 40
-0.1094919822822242
 40
-0.1094919822822242
 40
-0.0789048356256477
 40
-0.0789048356256477
 40
-0.0421497931815603
 40
-0.0421497931815603
 40
0.0
 40
0.0
 40
0.0
 40
0.0
 10
134.2745172147988
 20
71.82166291773501
 30
0.0
 10
134.3445742835447
 20
71.82891025285607
 30
0.0
 10
134.4067694170553
 20
71.83287052936794
 30
0.0
 10
134.5150906645722
 20
71.83431510182344
 30
0.0
 10
134.559291661275
 20
71.83138533422971
 30
0.0
 10
134.6240434931096
 20
71.81825728408512
 30
0.0
 10
134.6424070710745
 20
71.80769325296933
 30
0.0
 10
134.6486643156186
 20
71.77870893595173
 30
0.0
 10
134.6338186166267
 20
71.75991716635326
 30
0.0
 10
134.5658675685881
 20
71.71328087113398
 30
0.0
 10
134.5084621218266
 20
71.68494062296304
 30
0.0
 10
134.3486423953909
 20
71.61946727671602
 30
0.0
 10
134.2429723150035
 20
71.58225134014537
 30
0.0
 10
134.0064192595127
 20
71.50745902828567
 30
0.0
 10
133.8780826436577
 20
71.47047973285407
 30
0.0
 10
133.6213899704453
 20
71.40280716839334
 30
0.0
 10
133.4953090634408
 20
71.37233427442334
 30
0.0
 10
133.2598530777395
 20
71.32137281998257
 30
0.0
 10
133.1516931104943
 20
71.30078479239092
 30
0.0
 10
132.9587173240688
 20
71.27087280111664
 30
0.0
 10
132.8755942684583
 20
71.26176900865903
 30
0.0
 10
132.7548073107864
 20
71.25726499608936
 30
0.0
 10
132.7128319109724
 20
71.25988061792122
 30
0.0
 10
132.6569341288777
 20
71.27448728905619
 30
0.0
 10
132.643923965772
 20
71.28651597470526
 30
0.0
 10
132.6486672500286
 20
71.32204688436468
 30
0.0
 10
132.6730930175126
 20
71.34702975874461
 30
0.0
 10
132.7678676442883
 20
71.40918900119323
 30
0.0
 10
132.843542594208
 20
71.44703028245203
 30
0.0
 10
132.9388784390357
 20
71.48664362688032
 30
0.0
  0
SPLINE
  5
4DB
330
70
100
AcDbEntity
  8
Visible
100
AcDbSpline
210
0.0
220
0.0
230
1.0
 70
     8
 71
     3
 72
    25
 73
    21
 74
     0
 42
0.000000001
 43
0.0000000001
 40
-0.0043943920617428
 40
-0.0043943920617428
 40
-0.0043943920617428
 40
-0.0043943920617428
 40
0.0
 40
0.0
 40
0.0
 40
0.0744137169822232
 40
0.0744137169822232
 40
0.1488274339644463
 40
0.1488274339644463
 40
0.2316425543268088
 40
0.2316425543268088
 40
0.3144576746891714
 40
0.3144576746891714
 40
0.3962726226197957
 40
0.3962726226197957
 40
0.4780875705504201
 40
0.4780875705504201
 40
0.554133376007114
 40
0.554133376007114
 40
0.6157333337158823
 40
0.6157333337158823
 40
0.6157333337158823
 40
0.6157333337158823
 10
161.1835251409738
 20
72.21355327601486
 30
0.0
 10
161.1825640467377
 20
72.21174318911653
 30
0.0
 10
161.18144493406
 20
72.21002727238192
 30
0.0
 10
161.180170507132
 20
72.20840513361327
 30
0.0
 10
161.1585896278211
 20
72.18093617463456
 30
0.0
 10
161.0870009523842
 20
72.17936877031025
 30
0.0
 10
160.8498672736277
 20
72.2340483642165
 30
0.0
 10
160.6844732634727
 20
72.28976492295988
 30
0.0
 10
160.3048848163398
 20
72.4321852553312
 30
0.0
 10
160.0604360588568
 20
72.5315146874782
 30
0.0
 10
159.5409241826983
 20
72.74800729194613
 30
0.0
 10
159.2657559904673
 20
72.86494008925001
 30
0.0
 10
158.7628288183841
 20
73.08001215034528
 30
0.0
 10
158.4988083277112
 20
73.19366397117665
 30
0.0
 10
158.0196872328633
 20
73.40541020262572
 30
0.0
 10
157.8047723371328
 20
73.50378649718186
 30
0.0
 10
157.4869844040713
 20
73.66223592426104
 30
0.0
 10
157.3572654686086
 20
73.73458323393243
 30
0.0
 10
157.2153510836888
 20
73.84038583372421
 30
0.0
 10
157.1849280046626
 20
73.8789436410716
 30
0.0
 10
157.1880783216256
 20
73.90665302543675
 30
0.0
  0
SPLINE
  5
4DC
330
70
100
AcDbEntity
  8
Visible
100
AcDbSpline
210
0.0
220
0.0
230
1.0
 70
     8
 71
     3
 72
    25
 73
    21
 74
     0
 42
0.000000001
 43
0.0000000001
 40
-0.6157333337158814
 40
-0.6157333337158814
 40
-0.6157333337158814
 40
-0.6157333337158814
 40
-0.554133376007114
 40
-0.554133376007114
 40
-0.4780875705504199
 40
-0.4780875705504199
 40
-0.3962726226197954
 40
-0.3962726226197954
 40
-0.3144576746891711
 40
-0.3144576746891711
 40
-0.231642554326809
 40
-0.231642554326809
 40
-0.1488274339644469
 40
-0.1488274339644469
 40
-0.0744137169822234
 40
-0.0744137169822234
 40
0.0
 40
0.0
 40
0.0
 40
0.0043953191575508
 40
0.0043953191575508
 40
0.0043953191575508
 40
0.0043953191575508
 10
130.7876194041782
 20
73.90665302543675
 30
0.0
 10
130.7907697211412
 20
73.8789436410716
 30
0.0
 10
130.7603466421151
 20
73.84038583372421
 30
0.0
 10
130.6184322571953
 20
73.73458323393243
 30
0.0
 10
130.4887133217325
 20
73.66223592426104
 30
0.0
 10
130.1709253886711
 20
73.50378649718186
 30
0.0
 10
129.9560104929405
 20
73.40541020262572
 30
0.0
 10
129.4768893980926
 20
73.19366397117665
 30
0.0
 10
129.2128689074197
 20
73.08001215034528
 30
0.0
 10
128.7099417353365
 20
72.86494008925001
 30
0.0
 10
128.4347735431056
 20
72.74800729194613
 30
0.0
 10
127.9152616669471
 20
72.5315146874782
 30
0.0
 10
127.670812909464
 20
72.4321852553312
 30
0.0
 10
127.2912244623312
 20
72.28976492295988
 30
0.0
 10
127.1258304521761
 20
72.2340483642165
 30
0.0
 10
126.8886967734197
 20
72.17936877031025
 30
0.0
 10
126.8171080979828
 20
72.18093617463456
 30
0.0
 10
126.7955272186718
 20
72.20840513361327
 30
0.0
 10
126.7942525228754
 20
72.21002761460841
 30
0.0
 10
126.7931334840232
 20
72.21174355645053
 30
0.0
 10
126.79217258483
 20
72.21355327601486
 30
0.0
  0
LINE
  5
4DD
330
70
100
AcDbEntity
  8
Visible
100
AcDbLine
 10
169.467418
 20
62.705055
 30
0.0
 11
168.135218
 21
62.705055
 31
0.0
  0
ELLIPSE
  5
4DE
330
70
100
AcDbEntity
  8
Visible
100
AcDbEllipse
 10
151.140587
 20
54.308656
 30
0.0
 11
12.48014875085533
 21
15.885205105033
 31
0.0
210
0.0
220
0.0
230
1.0
 40
0.9900336785821716
 41
-0.479347272856251
 42
-0.3668560934912897
  0
LINE
  5
4DF
330
70
100
AcDbEntity
  8
Visible
100
AcDbLine
 10
168.819174
 20
64.705055
 30
0.0
 11
168.431262
 21
64.705055
 31
0.0
  0
LINE
  5
4E0
330
70
100
AcDbEntity
  8
Visible
100
AcDbLine
 10
119.544436
 20
64.705055
 30
0.0
 11
119.156524
 21
64.705055
 31
0.0
  0
ELLIPSE
  5
4E1
330
70
100
AcDbEntity
  8
Visible
100
AcDbEllipse
 10
136.835111
 20
54.308656
 30
0.0
 11
-12.48014875085009
 21
15.88520510503715
 31
0.0
210
0.0
220
0.0
230
1.0
 40
0.9900336785821776
 41
0.3668560934916218
 42
0.479347272856582
  0
LINE
  5
4E2
330
70
100
AcDbEntity
  8
Visible
100
AcDbLine
 10
119.84048
 20
62.705055
 30
0.0
 11
118.50828
 21
62.705055
 31
0.0
  0
LINE
  5
4E3
330
70
100
AcDbEntity
  8
Visible
100
AcDbLine
 10
119.84048
 20
62.705055
 30
0.0
 11
120.84984
 21
62.705055
 31
0.0
  0
SPLINE
  5
4E4
330
70
100
AcDbEntity
  8
Visible
100
AcDbSpline
210
0.0
220
0.0
230
1.0
 70
     8
 71
     3
 72
     8
 73
     4
 74
     0
 42
0.000000001
 43
0.0000000001
 40
-0.4542863335769359
 40
-0.4542863335769359
 40
-0.4542863335769359
 40
-0.4542863335769359
 40
-0.0582889575315229
 40
-0.0582889575315229
 40
-0.0582889575315229
 40
-0.0582889575315229
 10
168.7524927521554
 20
59.11210280456543
 30
0.0
 10
168.3304318345144
 20
60.35988980745969
 30
0.0
 10
167.7859029168194
 20
61.56350699953691
 30
0.0
 10
167.1258579685291
 20
62.70505545117521
 30
0.0
  0
LINE
  5
4E5
330
70
100
AcDbEntity
  8
Visible
100
AcDbLine
 10
167.125858
 20
62.705055
 30
0.0
 11
168.135218
 21
62.705055
 31
0.0
  0
ARC
  5
4E6
330
70
100
AcDbEntity
  8
Visible
100
AcDbCircle
 10
161.222615
 20
56.565211
 30
0.0
 40
7.948943823300091
100
AcDbArc
 50
1.008045
 51
18.687496
  0
SPLINE
  5
4E7
330
70
100
AcDbEntity
  8
Visible
100
AcDbSpline
210
0.0
220
0.0
230
1.0
 70
     8
 71
     3
 72
    38
 73
    34
 74
     0
 42
0.000000001
 43
0.0000000001
 40
-1.547018293517538
 40
-1.547018293517538
 40
-1.547018293517538
 40
-1.547018293517538
 40
-1.509587241575389
 40
-1.509587241575389
 40
-1.463223290284145
 40
-1.463223290284145
 40
-1.395361801086713
 40
-1.395361801086713
 40
-1.280762543712883
 40
-1.280762543712883
 40
-1.090446190954677
 40
-1.090446190954677
 40
-0.6906105286742951
 40
-0.6906105286742951
 40
-0.3812068699708251
 40
-0.3812068699708251
 40
0.072084820258208
 40
0.072084820258208
 40
0.482781429296455
 40
0.482781429296455
 40
0.9736239523981103
 40
0.9736239523981103
 40
1.260321122957635
 40
1.260321122957635
 40
1.361635022005416
 40
1.361635022005416
 40
1.431301413152598
 40
1.431301413152598
 40
1.47547525225879
 40
1.47547525225879
 40
1.536604595921137
 40
1.536604595921137
 40
1.54701829351716
 40
1.54701829351716
 40
1.54701829351716
 40
1.54701829351716
 10
116.7924364081645
 20
59.13802718758962
 30
0.0
 10
117.2386069729927
 20
61.23709466084801
 30
0.0
 10
117.9934302903129
 20
63.09875056192686
 30
0.0
 10
119.8583933526843
 20
66.50357541472658
 30
0.0
 10
120.989288163204
 20
67.88622466363449
 30
0.0
 10
123.4960341907917
 20
70.48345478717237
 30
0.0
 10
124.7599568062687
 20
71.36782062344173
 30
0.0
 10
127.5426345093565
 20
73.12430128608685
 30
0.0
 10
128.7098477993968
 20
73.57804069993654
 30
0.0
 10
131.2148169692409
 20
74.5171468608296
 30
0.0
 10
132.1730979794156
 20
74.72697841886293
 30
0.0
 10
134.7938949265208
 20
75.28975015803189
 30
0.0
 10
136.0032762835762
 20
75.41468141100813
 30
0.0
 10
138.2736202437627
 20
75.62459754178781
 30
0.0
 10
139.2535042564868
 20
75.6875512965471
 30
0.0
 10
141.7134557158188
 20
75.79787057019348
 30
0.0
 10
143.2088727837181
 20
75.82287592898319
 30
0.0
 10
146.0496658692773
 20
75.79992396573107
 30
0.0
 10
147.3888711346499
 20
75.75884251390561
 30
0.0
 10
150.2737755650796
 20
75.58965381438247
 30
0.0
 10
151.7334666556144
 20
75.47307307061601
 30
0.0
 10
154.608367154331
 20
75.00002946011227
 30
0.0
 10
155.6911840869525
 20
74.85550516067451
 30
0.0
 10
158.603341283364
 20
73.83997237717813
 30
0.0
 10
159.5150506818863
 20
73.49725054539703
 30
0.0
 10
161.6532551069558
 20
72.37017646242384
 30
0.0
 10
162.7021412617887
 20
71.76355761696687
 30
0.0
 10
164.8433146354891
 20
70.05729089232227
 30
0.0
 10
165.7846239063274
 20
69.21322024061192
 30
0.0
 10
168.1874882360262
 20
66.40128411829573
 30
0.0
 10
169.763941428675
 20
64.04231027794958
 30
0.0
 10
170.911216073111
 20
60.2894681403468
 30
0.0
 10
171.0591321495485
 20
59.72200900925781
 30
0.0
 10
171.1832613176393
 20
59.13802718758962
 30
0.0
  0
LINE
  5
4E8
330
70
100
AcDbEntity
  8
Visible
100
AcDbLine
 10
171.487849
 20
56.205055
 30
0.0
 11
171.487849
 21
56.864222
 31
0.0
  0
LINE
  5
4E9
330
70
100
AcDbEntity
  8
Visible
100
AcDbLine
 10
116.487849
 20
56.205055
 30
0.0
 11
116.487849
 21
56.864222
 31
0.0
  0
ARC
  5
4EA
330
70
100
AcDbEntity
  8
Visible
100
AcDbCircle
 10
-124.487849
 20
56.864222
 30
0.0
 40
8.0
210
0.0
220
0.0
230
-1.0
100
AcDbArc
 50
0.0
 51
12.0
  0
LINE
  5
4EB
330
70
100
AcDbEntity
  8
Visible
100
AcDbLine
 10
116.792436
 20
59.138027
 30
0.0
 11
116.662668
 21
58.527515
 31
0.0
  0
LINE
  5
4EC
330
70
100
AcDbEntity
  8
Visible
100
AcDbLine
 10
171.183261
 20
59.138027
 30
0.0
 11
171.31303
 21
58.527515
 31
0.0
  0
ARC
  5
4ED
330
70
100
AcDbEntity
  8
Visible
100
AcDbCircle
 10
-163.487849
 20
56.864222
 30
0.0
 40
8.0
210
0.0
220
0.0
230
-1.0
100
AcDbArc
 50
168.0
 51
180.0
  0
LINE
  5
4EE
330
70
100
AcDbEntity
  8
Visible
100
AcDbLine
 10
170.98837
 20
56.205055
 30
0.0
 11
171.469661
 21
56.205055
 31
0.0
  0
LINE
  5
4EF
330
70
100
AcDbEntity
  8
Visible
100
AcDbLine
 10
171.487849
 20
56.205055
 30
0.0
 11
171.469661
 21
56.205055
 31
0.0
  0
LINE
  5
4F0
330
70
100
AcDbEntity
  8
Visible
100
AcDbLine
 10
116.506037
 20
56.205055
 30
0.0
 11
116.487849
 21
56.205055
 31
0.0
  0
LINE
  5
4F1
330
70
100
AcDbEntity
  8
Visible
100
AcDbLine
 10
116.506037
 20
56.205055
 30
0.0
 11
116.987328
 21
56.205055
 31
0.0
  0
LINE
  5
4F2
330
70
100
AcDbEntity
  8
Visible
100
AcDbLine
 10
116.506037
 20
54.705055
 30
0.0
 11
116.658129
 21
54.705055
 31
0.0
  0
LINE
  5
4F3
330
70
100
AcDbEntity
  8
Visible
100
AcDbLine
 10
116.987328
 20
54.705055
 30
0.0
 11
116.658129
 21
54.705055
 31
0.0
  0
LINE
  5
4F4
330
70
100
AcDbEntity
  8
Visible
100
AcDbLine
 10
118.804133
 20
54.705055
 30
0.0
 11
118.580526
 21
54.705055
 31
0.0
  0
LINE
  5
4F5
330
70
100
AcDbEntity
  8
Visible
100
AcDbLine
 10
169.395171
 20
54.705055
 30
0.0
 11
169.171564
 21
54.705055
 31
0.0
  0
LINE
  5
4F6
330
70
100
AcDbEntity
  8
Visible
100
AcDbLine
 10
171.317569
 20
54.705055
 30
0.0
 11
170.98837
 21
54.705055
 31
0.0
  0
LINE
  5
4F7
330
70
100
AcDbEntity
  8
Visible
100
AcDbLine
 10
171.317569
 20
54.705055
 30
0.0
 11
171.469661
 21
54.705055
 31
0.0
  0
LINE
  5
4F8
330
70
100
AcDbEntity
  8
Visible
100
AcDbLine
 10
118.804133
 20
56.705055
 30
0.0
 11
119.142649
 21
56.705055
 31
0.0
  0
LINE
  5
4F9
330
70
100
AcDbEntity
  8
Visible
100
AcDbLine
 10
168.833049
 20
56.705055
 30
0.0
 11
119.142649
 21
56.705055
 31
0.0
  0
LINE
  5
4FA
330
70
100
AcDbEntity
  8
Visible
100
AcDbLine
 10
168.833049
 20
56.705055
 30
0.0
 11
169.171564
 21
56.705055
 31
0.0
  0
LINE
  5
4FB
330
70
100
AcDbEntity
  8
Visible
100
AcDbLine
 10
170.98837
 20
54.705055
 30
0.0
 11
170.98837
 21
56.205055
 31
0.0
  0
LINE
  5
4FC
330
70
100
AcDbEntity
  8
Visible
100
AcDbLine
 10
169.395171
 20
56.205055
 30
0.0
 11
169.395171
 21
54.705055
 31
0.0
  0
LINE
  5
4FD
330
70
100
AcDbEntity
  8
Visible
100
AcDbLine
 10
169.171564
 20
54.705055
 30
0.0
 11
169.171564
 21
56.705055
 31
0.0
  0
LINE
  5
4FE
330
70
100
AcDbEntity
  8
Visible
100
AcDbLine
 10
169.171564
 20
54.205055
 30
0.0
 11
168.833049
 21
54.205055
 31
0.0
  0
LINE
  5
4FF
330
70
100
AcDbEntity
  8
Visible
100
AcDbLine
 10
169.171564
 20
54.205055
 30
0.0
 11
169.171564
 21
54.48209
 31
0.0
  0
LINE
  5
500
330
70
100
AcDbEntity
  8
Visible
100
AcDbLine
 10
169.395171
 20
56.205055
 30
0.0
 11
170.98837
 21
56.205055
 31
0.0
  0
LINE
  5
501
330
70
100
AcDbEntity
  8
Visible
100
AcDbLine
 10
116.506037
 20
54.705055
 30
0.0
 11
116.506037
 21
56.205055
 31
0.0
  0
LINE
  5
502
330
70
100
AcDbEntity
  8
Visible
100
AcDbLine
 10
171.469661
 20
54.705055
 30
0.0
 11
171.469661
 21
56.205055
 31
0.0
  0
LINE
  5
503
330
70
100
AcDbEntity
  8
Visible
100
AcDbLine
 10
118.804133
 20
56.705055
 30
0.0
 11
118.804133
 21
54.705055
 31
0.0
  0
LINE
  5
504
330
70
100
AcDbEntity
  8
Visible
100
AcDbLine
 10
169.171564
 20
56.205055
 30
0.0
 11
169.395171
 21
56.205055
 31
0.0
  0
LINE
  5
505
330
70
100
AcDbEntity
  8
Visible
100
AcDbLine
 10
118.580526
 20
56.205055
 30
0.0
 11
118.804133
 21
56.205055
 31
0.0
  0
LINE
  5
506
330
70
100
AcDbEntity
  8
Visible
100
AcDbLine
 10
118.580526
 20
54.705055
 30
0.0
 11
118.580526
 21
56.205055
 31
0.0
  0
LINE
  5
507
330
70
100
AcDbEntity
  8
Visible
100
AcDbLine
 10
116.987328
 20
56.205055
 30
0.0
 11
116.987328
 21
54.705055
 31
0.0
  0
ARC
  5
508
330
70
100
AcDbEntity
  8
Visible
100
AcDbCircle
 10
120.681886
 20
54.199039
 30
0.0
 40
1.494163410323288
100
AcDbArc
 50
180.949544
 51
269.804937
  0
LINE
  5
509
330
70
100
AcDbEntity
  8
Visible
100
AcDbLine
 10
167.298898
 20
52.705055
 30
0.0
 11
120.6768
 21
52.705055
 31
0.0
  0
ARC
  5
50A
330
70
100
AcDbEntity
  8
Visible
100
AcDbCircle
 10
167.293612
 20
54.199302
 30
0.0
 40
1.494417088396499
100
AcDbArc
 50
270.202681
 51
359.040493
  0
ARC
  5
50B
330
70
100
AcDbEntity
  8
Visible
100
AcDbCircle
 10
169.009975
 20
54.169994
 30
0.0
 40
0.2219950577606665
100
AcDbArc
 50
170.912755
 51
178.895337
  0
ARC
  5
50C
330
70
100
AcDbEntity
  8
Visible
100
AcDbCircle
 10
118.965545
 20
54.169984
 30
0.0
 40
0.2221732760270529
100
AcDbArc
 50
1.106482
 51
9.082661
  0
LINE
  5
50D
330
70
100
AcDbEntity
  8
Visible
100
AcDbLine
 10
119.104795
 20
52.705055
 30
0.0
 11
120.6768
 21
52.705055
 31
0.0
  0
LINE
  5
50E
330
70
100
AcDbEntity
  8
Visible
100
AcDbLine
 10
168.833049
 20
54.205055
 30
0.0
 11
168.790766
 21
54.205055
 31
0.0
  0
LINE
  5
50F
330
70
100
AcDbEntity
  8
Visible
100
AcDbLine
 10
119.184931
 20
54.205055
 30
0.0
 11
119.142649
 21
54.205055
 31
0.0
  0
LINE
  5
510
330
70
100
AcDbEntity
  8
Visible
100
AcDbLine
 10
167.298898
 20
52.705055
 30
0.0
 11
168.870903
 21
52.705055
 31
0.0
  0
LINE
  5
511
330
70
100
AcDbEntity
  8
Visible
100
AcDbLine
 10
118.804133
 20
54.205055
 30
0.0
 11
118.804133
 21
54.48209
 31
0.0
  0
LINE
  5
512
330
70
100
AcDbEntity
  8
Visible
100
AcDbLine
 10
119.142649
 20
54.205055
 30
0.0
 11
118.804133
 21
54.205055
 31
0.0
  0
LINE
  5
513
330
70
100
AcDbEntity
  8
Visible
100
AcDbLine
 10
116.987328
 20
56.205055
 30
0.0
 11
118.580526
 21
56.205055
 31
0.0
  0
ARC
  5
514
330
70
100
AcDbEntity
  8
Visible
100
AcDbCircle
 10
-156.487849
 20
54.48209
 30
0.0
 40
15.0
210
0.0
220
0.0
230
-1.0
100
AcDbArc
 50
180.0
 51
187.809801
  0
ARC
  5
515
330
70
100
AcDbEntity
  8
Visible
100
AcDbCircle
 10
-140.40437
 20
55.705055
 30
0.0
 40
24.0
210
0.0
220
0.0
230
-1.0
100
AcDbArc
 50
313.947193
 51
352.190199
  0
ARC
  5
516
330
70
100
AcDbEntity
  8
Visible
100
AcDbCircle
 10
-147.571327
 20
55.705055
 30
0.0
 40
24.0
210
0.0
220
0.0
230
-1.0
100
AcDbArc
 50
187.809801
 51
226.052807
  0
ARC
  5
517
330
70
100
AcDbEntity
  8
Visible
100
AcDbCircle
 10
-131.487849
 20
54.48209
 30
0.0
 40
15.0
210
0.0
220
0.0
230
-1.0
100
AcDbArc
 50
352.190199
 51
0.0
  0
LINE
  5
518
330
70
100
AcDbEntity
  8
Visible
100
AcDbLine
 10
116.487849
 20
54.48209
 30
0.0
 11
116.487849
 21
56.205055
 31
0.0
  0
SPLINE
  5
519
330
70
100
AcDbEntity
  8
Visible
100
AcDbSpline
210
0.0
220
0.0
230
1.0
 70
     8
 71
     3
 72
    28
 73
    24
 74
     0
 42
0.000000001
 43
0.0000000001
 40
0.4662746977655239
 40
0.4662746977655239
 40
0.4662746977655239
 40
0.4662746977655239
 40
0.8105983439509028
 40
0.8105983439509028
 40
1.160764309339926
 40
1.160764309339926
 40
1.51688564420081
 40
1.51688564420081
 40
1.880672139025524
 40
1.880672139025524
 40
2.263601604401075
 40
2.263601604401075
 40
2.683484066077443
 40
2.683484066077443
 40
3.10336652775381
 40
3.10336652775381
 40
3.499824340783116
 40
3.499824340783116
 40
3.867758104153605
 40
3.867758104153605
 40
4.22571410221995
 40
4.22571410221995
 40
4.665099314529195
 40
4.665099314529195
 40
4.665099314529195
 40
4.665099314529195
 10
123.7484881418586
 20
38.42554191929776
 30
0.0
 10
124.5817934907063
 20
37.6223112202697
 30
0.0
 10
125.4874473490708
 20
36.89368145021399
 30
0.0
 10
127.4361550989251
 20
35.58230477092366
 30
0.0
 10
128.4812806354475
 20
35.0021195845402
 30
0.0
 10
130.6867947621049
 20
33.99447115372277
 30
0.0
 10
131.8488439268585
 20
33.56981303531938
 30
0.0
 10
134.2650540512095
 20
32.87110279258923
 30
0.0
 10
135.5207604888146
 20
32.60075571223933
 30
0.0
 10
138.1267510098023
 20
32.19328404872249
 30
0.0
 10
139.4771976988359
 20
32.06400401928113
 30
0.0
 10
142.2928318965496
 20
31.90904066847179
 30
0.0
 10
143.754954850081
 20
31.88966615111894
 30
0.0
 10
146.6874856038666
 20
31.94788728446838
 30
0.0
 10
148.1640938103664
 20
32.02902678216378
 30
0.0
 10
151.0297049333512
 20
32.35164246561544
 30
0.0
 10
152.4156936674626
 20
32.58536666979671
 30
0.0
 10
155.0228321944214
 20
33.22024740718916
 30
0.0
 10
156.2485334921621
 20
33.60764278736133
 30
0.0
 10
158.5708530895044
 20
34.54581577371028
 30
0.0
 10
159.6702527477009
 20
35.09181325464306
 30
0.0
 10
161.9824872678546
 20
36.49743309017504
 30
0.0
 10
163.1639007492467
 20
37.40060874233132
 30
0.0
 10
164.2272095839453
 20
38.42554191929776
 30
0.0
  0
LINE
  5
51A
330
70
100
AcDbEntity
  8
Visible
100
AcDbLine
 10
171.487849
 20
54.48209
 30
0.0
 11
171.487849
 21
56.205055
 31
0.0
  0
ARC
  5
51B
330
70
100
AcDbEntity
  8
Visible
100
AcDbCircle
 10
238.328938
 20
169.030599
 30
0.0
 40
3.524844625603978
100
AcDbArc
 50
44.914112
 51
60.532671
  0
ARC
  5
51C
330
70
100
AcDbEntity
  8
Visible
100
AcDbCircle
 10
229.148424
 20
152.881499
 30
0.0
 40
22.10109345763544
100
AcDbArc
 50
60.406398
 51
70.799486
  0
ARC
  5
51D
330
70
100
AcDbEntity
  8
Visible
100
AcDbCircle
 10
235.304995
 20
170.598359
 30
0.0
 40
3.344935624978416
100
AcDbArc
 50
70.584828
 51
87.279653
  0
LINE
  5
51E
330
70
100
AcDbEntity
  8
Visible
100
AcDbLine
 10
256.330324
 20
131.51072
 30
0.0
 11
254.227627
 21
131.51072
 31
0.0
210
0.0
220
1.0
230
0.0
  0
LINE
  5
51F
330
70
100
AcDbEntity
  8
Visible
100
AcDbLine
 10
256.453498
 20
131.51072
 30
0.0
 11
256.330324
 21
131.51072
 31
0.0
210
0.0
220
1.0
230
0.0
  0
LINE
  5
520
330
70
100
AcDbEntity
  8
Visible
100
AcDbLine
 10
256.628434
 20
131.51072
 30
0.0
 11
256.453498
 21
131.51072
 31
0.0
210
0.0
220
1.0
230
0.0
  0
LINE
  5
521
330
70
100
AcDbEntity
  8
Visible
100
AcDbLine
 10
201.839745
 20
131.51072
 30
0.0
 11
201.66481
 21
131.51072
 31
0.0
210
0.0
220
1.0
230
0.0
  0
LINE
  5
522
330
70
100
AcDbEntity
  8
Visible
100
AcDbLine
 10
201.962919
 20
131.51072
 30
0.0
 11
201.839745
 21
131.51072
 31
0.0
210
0.0
220
1.0
230
0.0
  0
LINE
  5
523
330
70
100
AcDbEntity
  8
Visible
100
AcDbLine
 10
204.065617
 20
131.51072
 30
0.0
 11
201.962919
 21
131.51072
 31
0.0
210
0.0
220
1.0
230
0.0
  0
SPLINE
  5
524
330
70
100
AcDbEntity
  8
Visible
100
AcDbSpline
210
0.0
220
0.0
230
1.0
 70
     8
 71
     3
 72
    34
 73
    30
 74
     0
 42
0.000000001
 43
0.0000000001
 40
-1.025711013186869
 40
-1.025711013186869
 40
-1.025711013186869
 40
-1.025711013186869
 40
-1.019900032352827
 40
-1.019900032352827
 40
-1.006343128712166
 40
-1.006343128712166
 40
-0.9849086311174394
 40
-0.9849086311174394
 40
-0.9261875849896014
 40
-0.9261875849896014
 40
-0.8552370454934962
 40
-0.8552370454934962
 40
-0.7606214188903371
 40
-0.7606214188903371
 40
-0.6501105483304599
 40
-0.6501105483304599
 40
-0.5545821764034395
 40
-0.5545821764034395
 40
-0.4750531520395777
 40
-0.4750531520395777
 40
-0.4092460754303361
 40
-0.4092460754303361
 40
-0.3471077626872828
 40
-0.3471077626872828
 40
-0.3247421013258195
 40
-0.3247421013258195
 40
-0.3108631307903003
 40
-0.3108631307903003
 40
-0.308021974749795
 40
-0.308021974749795
 40
-0.308021974749795
 40
-0.308021974749795
 10
236.3085829034117
 20
173.4850320123431
 30
-0.0000000057898433
 10
236.2903632370217
 20
173.4913027163112
 30
-0.0000000057898433
 10
236.2722020531564
 20
173.4977430811357
 30
-0.0000000057898433
 10
236.2118832765482
 20
173.5197704695903
 30
-0.0000000057898433
 10
236.1700704240448
 20
173.5360837776616
 30
-0.0000000057898433
 10
236.0633622080095
 20
173.5804400058559
 30
-0.0000000057898433
 10
235.9993755972664
 20
173.6097063940231
 30
-0.0000000057898433
 10
235.7660654992596
 20
173.7264766766355
 30
-0.0000000057898433
 10
235.6100594983254
 20
173.8252679818318
 30
-0.0000000057898433
 10
235.3046554539306
 20
174.0633695091896
 30
-0.0000000057898433
 10
235.1667963611362
 20
174.2040846617802
 30
-0.0000000057898433
 10
234.9149779220606
 20
174.5380702935731
 30
-0.0000000057898433
 10
234.825532060624
 20
174.7312335532382
 30
-0.0000000057898433
 10
234.7426865211582
 20
175.1251216329086
 30
-0.0000000057898433
 10
234.767799725927
 20
175.3216815563113
 30
-0.0000000057898433
 10
234.9359795959117
 20
175.6314271996542
 30
-0.0000000057898433
 10
235.0625328938859
 20
175.75220329569
 30
-0.0000000057898433
 10
235.3779120133677
 20
175.9169955933461
 30
-0.0000000057898433
 10
235.5519615049852
 20
175.9700401793037
 30
-0.0000000057898433
 10
235.9194861587948
 20
176.0195393839065
 30
-0.0000000057898433
 10
236.1028366005521
 20
176.0239466512056
 30
-0.0000000057898433
 10
236.4839803073664
 20
175.9945080397383
 30
-0.0000000057898433
 10
236.6777522000739
 20
175.9629785153459
 30
-0.0000000057898433
 10
236.9455602765647
 20
175.8967380968836
 30
-0.0000000057916623
 10
237.016520404979
 20
175.8770584839852
 30
-0.0000000057916623
 10
237.1311558763482
 20
175.8417813481472
 30
-0.0000000057916623
 10
237.1749063274165
 20
175.8274870777265
 30
-0.0000000057916623
 10
237.2273485289916
 20
175.8093442742458
 30
-0.0000000057916623
 10
237.2362486348502
 20
175.8062299415563
 30
-0.0000000057916623
 10
237.2451370196614
 20
175.8030843908113
 30
-0.0000000057916623
  0
SPLINE
  5
525
330
70
100
AcDbEntity
  8
Visible
100
AcDbSpline
210
0.0
220
0.0
230
1.0
 70
     8
 71
     3
 72
    34
 73
    30
 74
     0
 42
0.000000001
 43
0.0000000001
 40
-1.132565629955589
 40
-1.132565629955589
 40
-1.132565629955589
 40
-1.132565629955589
 40
-1.130636315328989
 40
-1.130636315328989
 40
-1.117029316519219
 40
-1.117029316519219
 40
-1.09668827307029
 40
-1.09668827307029
 40
-1.045819641720395
 40
-1.045819641720395
 40
-0.9673246432056298
 40
-0.9673246432056298
 40
-0.8709558673316074
 40
-0.8709558673316074
 40
-0.7595627565518209
 40
-0.7595627565518209
 40
-0.6626675192430125
 40
-0.6626675192430125
 40
-0.5852741375642939
 40
-0.5852741375642939
 40
-0.5229481831557146
 40
-0.5229481831557146
 40
-0.4634006017118393
 40
-0.4634006017118393
 40
-0.434537109275985
 40
-0.434537109275985
 40
-0.4190525776420426
 40
-0.4190525776420426
 40
-0.414539845598768
 40
-0.414539845598768
 40
-0.414539845598768
 40
-0.414539845598768
 10
240.8958236597318
 20
174.1609822743062
 30
-0.0000000057934813
 10
240.901436084665
 20
174.1578778364419
 30
-0.0000000057934813
 10
240.9070414289126
 20
174.1547599732561
 30
-0.0000000057934813
 10
240.9521215288423
 20
174.1295453919404
 30
-0.0000000057934813
 10
240.9912050744988
 20
174.106821158659
 30
-0.0000000057934813
 10
241.0875776379999
 20
174.0486366048008
 30
-0.0000000057934813
 10
241.1442071444326
 20
174.0124976353252
 30
-0.0000000057934813
 10
241.3379423777787
 20
173.8820456875739
 30
-0.0000000057934813
 10
241.4672376673934
 20
173.7825365283024
 30
-0.0000000057934813
 10
241.7677034855405
 20
173.5193262161106
 30
-0.0000000057934813
 10
241.9208183636383
 20
173.3524984737047
 30
-0.0000000057934813
 10
242.1891624585005
 20
172.9809344814154
 30
-0.0000000057934813
 10
242.2860517510435
 20
172.7787494715119
 30
-0.0000000057934813
 10
242.3838963121343
 20
172.3693094951843
 30
-0.0000000057934813
 10
242.3672469524408
 20
172.1672433562057
 30
-0.0000000057934813
 10
242.2120964711539
 20
171.8473313537206
 30
-0.0000000057934813
 10
242.0897404990756
 20
171.7219554120355
 30
-0.0000000057934813
 10
241.7852725366465
 20
171.5588605497861
 30
-0.0000000057934813
 10
241.6203741913305
 20
171.5088128767883
 30
-0.0000000057934813
 10
241.2762296556775
 20
171.4723444019117
 30
-0.0000000057934813
 10
241.1073669303096
 20
171.4756449210511
 30
-0.0000000057934813
 10
240.7553396362891
 20
171.5271795265853
 30
-0.0000000057934813
 10
240.5765320824539
 20
171.5729555644258
 30
-0.0000000057934813
 10
240.3085453239782
 20
171.6724119972972
 30
-0.0000000057934813
 10
240.221541556557
 20
171.7095360767857
 30
-0.0000000057934813
 10
240.0895123195933
 20
171.7733533966698
 30
-0.0000000057934813
 10
240.0438543705786
 20
171.7968408659405
 30
-0.0000000057934813
 10
239.9855662921364
 20
171.8286506221361
 30
-0.0000000057934813
 10
239.9724635347957
 20
171.8359226421077
 30
-0.0000000057934813
 10
239.9594135977768
 20
171.8432864426647
 30
-0.0000000057934813
  0
ARC
  5
526
330
70
100
AcDbEntity
  8
Visible
100
AcDbCircle
 10
229.147355
 20
152.92115
 30
0.0
 40
24.27255630960795
100
AcDbArc
 50
61.051535
 51
70.511427
  0
ARC
  5
527
330
70
100
AcDbEntity
  8
Visible
100
AcDbCircle
 10
229.152384
 20
152.691299
 30
0.0
 40
21.99069155996974
100
AcDbArc
 50
60.564953
 51
71.009009
  0
ARC
  5
528
330
70
100
AcDbEntity
  8
Visible
100
AcDbCircle
 10
227.626622
 20
127.34072
 30
0.0
 40
1.4
100
AcDbArc
 50
90.0
 51
180.0
  0
LINE
  5
529
330
70
100
AcDbEntity
  8
Visible
100
AcDbLine
 10
227.626622
 20
128.74072
 30
0.0
 11
233.926622
 21
128.74072
 31
0.0
210
0.0
220
1.0
230
0.0
  0
ARC
  5
52A
330
70
100
AcDbEntity
  8
Visible
100
AcDbCircle
 10
227.626622
 20
126.84072
 30
0.0
 40
1.4
100
AcDbArc
 50
268.042119
 51
270.0
  0
ARC
  5
52B
330
70
100
AcDbEntity
  8
Visible
100
AcDbCircle
 10
227.626622
 20
126.84072
 30
0.0
 40
1.4
100
AcDbArc
 50
180.0
 51
243.843855
  0
ARC
  5
52C
330
70
100
AcDbEntity
  8
Visible
100
AcDbCircle
 10
227.626622
 20
126.84072
 30
0.0
 40
1.399999999999841
100
AcDbArc
 50
243.843855
 51
268.042119
  0
LINE
  5
52D
330
70
100
AcDbEntity
  8
Visible
100
AcDbLine
 10
226.226622
 20
126.84072
 30
0.0
 11
226.226622
 21
127.34072
 31
0.0
210
0.0
220
1.0
230
0.0
  0
ARC
  5
52E
330
70
100
AcDbEntity
  8
Visible
100
AcDbCircle
 10
233.926622
 20
126.84072
 30
0.0
 40
1.399999999971201
100
AcDbArc
 50
270.000001
 51
360.0
  0
LINE
  5
52F
330
70
100
AcDbEntity
  8
Visible
100
AcDbLine
 10
230.710553
 20
125.44072
 30
0.0
 11
227.626622
 21
125.44072
 31
0.0
210
0.0
220
1.0
230
0.0
  0
LINE
  5
530
330
70
100
AcDbEntity
  8
Visible
100
AcDbLine
 10
233.926622
 20
125.44072
 30
0.0
 11
230.710553
 21
125.44072
 31
0.0
210
0.0
220
1.0
230
0.0
  0
ARC
  5
531
330
70
100
AcDbEntity
  8
Visible
100
AcDbCircle
 10
233.926622
 20
127.34072
 30
0.0
 40
1.4
100
AcDbArc
 50
33.870524
 51
90.0
  0
ARC
  5
532
330
70
100
AcDbEntity
  8
Visible
100
AcDbCircle
 10
233.926622
 20
127.34072
 30
0.0
 40
1.39999999999991
100
AcDbArc
 50
360.0
 51
33.870524
  0
LINE
  5
533
330
70
100
AcDbEntity
  8
Visible
100
AcDbLine
 10
235.326622
 20
127.34072
 30
0.0
 11
235.326622
 21
126.84072
 31
0.0
210
0.0
220
1.0
230
0.0
  0
ARC
  5
534
330
70
100
AcDbEntity
  8
Visible
100
AcDbCircle
 10
244.346622
 20
134.01072
 30
0.0
 40
2.000000000000595
100
AcDbArc
 50
180.867919
 51
3.768164
  0
ARC
  5
535
330
70
100
AcDbEntity
  8
Visible
100
AcDbCircle
 10
213.946622
 20
134.01072
 30
0.0
 40
1.999999999997743
100
AcDbArc
 50
176.231836
 51
359.132081
  0
SPLINE
  5
536
330
70
100
AcDbEntity
  8
Visible
100
AcDbSpline
210
0.0
220
0.0
230
1.0
 70
     8
 71
     3
 72
     8
 73
     4
 74
     0
 42
0.000000001
 43
0.0000000001
 40
-0.2977542933917543
 40
-0.2977542933917543
 40
-0.2977542933917543
 40
-0.2977542933917543
 40
-0.0500507761657882
 40
-0.0500507761657882
 40
-0.0500507761657882
 40
-0.0500507761657882
 10
204.315296605957
 20
133.9733026077926
 30
-0.0000000057716534
 10
204.1914998945304
 20
133.1569575349881
 30
-0.0000000057716534
 10
204.1081822157139
 20
132.3350940973779
 30
-0.0000000057716534
 10
204.0656169049835
 20
131.5107197700244
 30
-0.0000000057716534
  0
SPLINE
  5
537
330
70
100
AcDbEntity
  8
Visible
100
AcDbSpline
210
0.0
220
0.0
230
1.0
 70
     8
 71
     3
 72
     8
 73
     4
 74
     0
 42
0.000000001
 43
0.0000000001
 40
-0.2477035351558482
 40
-0.2477035351558482
 40
-0.2477035351558482
 40
-0.2477035351558482
 40
0.0
 40
0.0
 40
0.0
 40
0.0
 10
254.2276265518067
 20
131.5107197700244
 30
-0.0000000058007572
 10
254.1850612410763
 20
132.3350940973779
 30
-0.0000000058007572
 10
254.1017435622598
 20
133.1569575349881
 30
-0.0000000058007572
 10
253.9779468508332
 20
133.9733026077925
 30
-0.0000000058007572
  0
SPLINE
  5
538
330
70
100
AcDbEntity
  8
Visible
100
AcDbSpline
210
0.0
220
0.0
230
1.0
 70
     8
 71
     3
 72
    10
 73
     6
 74
     0
 42
0.000000001
 43
0.0000000001
 40
-0.3052369338126919
 40
-0.3052369338126919
 40
-0.3052369338126919
 40
-0.3052369338126919
 40
-0.1536470780109902
 40
-0.1536470780109902
 40
0.0
 40
0.0
 40
0.0
 40
0.0
 10
254.3291019524222
 20
152.7607197700244
 30
-0.0000000058007572
 10
254.2727242696419
 20
153.2628651241784
 30
-0.0000000058007572
 10
254.2163099635782
 20
153.7650309752181
 30
-0.0000000058007572
 10
254.1026523029505
 20
154.7761193295907
 30
-0.0000000058007572
 10
254.0454022329795
 20
155.2850931221225
 30
-0.0000000058007572
 10
253.9881193825368
 20
155.79403653019
 30
-0.0000000058007572
  0
SPLINE
  5
539
330
70
100
AcDbEntity
  8
Visible
100
AcDbSpline
210
0.0
220
0.0
230
1.0
 70
     8
 71
     3
 72
    10
 73
     6
 74
     0
 42
0.000000001
 43
0.0000000001
 40
-0.3074808502381292
 40
-0.3074808502381292
 40
-0.3074808502381292
 40
-0.3074808502381292
 40
-0.1536263304916725
 40
-0.1536263304916725
 40
-0.002243885016761
 40
-0.002243885016761
 40
-0.002243885016761
 40
-0.002243885016761
 10
204.3051240742643
 20
155.7940365301899
 30
-0.0000000057716534
 10
204.2477638911423
 20
155.2844060411471
 30
-0.0000000057716534
 10
204.1904365730952
 20
154.7747450503117
 30
-0.0000000057716534
 10
204.0767791016842
 20
153.7636566750303
 30
-0.0000000057716534
 10
204.0204420433729
 20
153.2621780190909
 30
-0.0000000057716534
 10
203.964141504377
 20
152.7607197700244
 30
-0.0000000057716534
  0
SPLINE
  5
53A
330
70
100
AcDbEntity
  8
Visible
100
AcDbSpline
210
0.0
220
0.0
230
1.0
 70
     8
 71
     3
 72
    10
 73
     6
 74
     0
 42
0.000000001
 43
0.0000000001
 40
-0.015704259182171
 40
-0.015704259182171
 40
-0.015704259182171
 40
-0.015704259182171
 40
-0.0078523910598061
 40
-0.0078523910598061
 40
0.0
 40
0.0
 40
0.0
 40
0.0
 10
204.3231531268702
 20
155.9500418632216
 30
-0.0000000057716534
 10
204.3200710775436
 20
155.9240510673291
 30
-0.0000000057716534
 10
204.3170275998855
 20
155.8980550515521
 30
-0.0000000057716534
 10
204.3110179378
 20
155.8460536273131
 30
-0.0000000057716534
 10
204.3080516102018
 20
155.8200469348081
 30
-0.0000000057716534
 10
204.3051240742643
 20
155.79403653019
 30
-0.0000000057716534
  0
ARC
  5
53B
330
70
100
AcDbEntity
  8
Visible
100
AcDbCircle
 10
229.146634
 20
153.004953
 30
0.0
 40
24.99765018119578
100
AcDbArc
 50
6.766023
 51
173.233984
  0
SPLINE
  5
53C
330
70
100
AcDbEntity
  8
Visible
100
AcDbSpline
210
0.0
220
0.0
230
1.0
 70
     8
 71
     3
 72
    10
 73
     6
 74
     0
 42
0.000000001
 43
0.0000000001
 40
-0.0157042606970225
 40
-0.0157042606970225
 40
-0.0157042606970225
 40
-0.0157042606970225
 40
-0.0078518636574333
 40
-0.0078518636574333
 40
0.0
 40
0.0
 40
0.0
 40
0.0
 10
253.9881193825368
 20
155.79403653019
 30
-0.0000000058007572
 10
253.9851918446511
 20
155.8200469521072
 30
-0.0000000058007572
 10
253.9822255150539
 20
155.8460536619069
 30
-0.0000000058007572
 10
253.9762158528647
 20
155.8980550861361
 30
-0.0000000058007572
 10
253.9731723772038
 20
155.9240510846201
 30
-0.0000000058007572
 10
253.970090329929
 20
155.9500418632216
 30
-0.0000000058007572
  0
LINE
  5
53D
330
70
100
AcDbEntity
  8
Visible
100
AcDbLine
 10
253.911266
 20
152.76072
 30
0.0
 11
254.329102
 21
152.76072
 31
0.0
210
0.0
220
1.0
230
0.0
  0
SPLINE
  5
53E
330
70
100
AcDbEntity
  8
Visible
100
AcDbSpline
210
0.0
220
0.0
230
1.0
 70
     8
 71
     3
 72
     8
 73
     4
 74
     0
 42
0.000000001
 43
0.0000000001
 40
-0.5430425394008283
 40
-0.5430425394008283
 40
-0.5430425394008283
 40
-0.5430425394008283
 40
-0.1470207714338012
 40
-0.1470207714338012
 40
-0.1470207714338012
 40
-0.1470207714338012
 10
252.2846308340231
 20
152.7607197700244
 30
-0.0000000058007572
 10
252.9446757800488
 20
152.7607197700244
 30
-0.0000000058007572
 10
253.4892047422872
 20
152.76071976491
 30
-0.0000000058007572
 10
253.9112656175803
 20
152.76071976491
 30
-0.0000000058007572
  0
SPLINE
  5
53F
330
70
100
AcDbEntity
  8
Visible
100
AcDbSpline
210
0.0
220
0.0
230
1.0
 70
     8
 71
     3
 72
    10
 73
     6
 74
     0
 42
0.000000001
 43
0.0000000001
 40
-0.0137584153749365
 40
-0.0137584153749365
 40
-0.0137584153749365
 40
-0.0137584153749365
 40
-0.0068792076874683
 40
-0.0068792076874683
 40
0.0
 40
0.0
 40
0.0
 40
0.0
 10
219.8029272171407
 20
104.6467414820608
 30
-0.0000000057807483
 10
219.8333415211164
 20
104.6357539239221
 30
-0.0000000057807483
 10
219.863782284092
 20
104.6248177665725
 30
-0.0000000057807483
 10
219.9242472689293
 20
104.6032142936103
 30
-0.0000000057807483
 10
219.9542728197412
 20
104.5925466965105
 30
-0.0000000057807483
 10
219.9836973222137
 20
104.582148341453
 30
-0.0000000057807483
  0
ARC
  5
540
330
70
100
AcDbEntity
  8
Visible
100
AcDbCircle
 10
229.146622
 20
130.51072
 30
0.0
 40
27.5
100
AcDbArc
 50
177.916058
 51
250.137095
  0
ARC
  5
541
330
70
100
AcDbEntity
  8
Visible
100
AcDbCircle
 10
223.31567
 20
114.01072
 30
0.0
 40
10.00000000000035
100
AcDbArc
 50
250.537049
 51
270.0
  0
LINE
  5
542
330
70
100
AcDbEntity
  8
Visible
100
AcDbLine
 10
234.157722
 20
104.01072
 30
0.0
 11
234.977574
 21
104.01072
 31
0.0
210
0.0
220
1.0
230
0.0
  0
LINE
  5
543
330
70
100
AcDbEntity
  8
Visible
100
AcDbLine
 10
224.135521
 20
104.01072
 30
0.0
 11
234.157722
 21
104.01072
 31
0.0
210
0.0
220
1.0
230
0.0
  0
LINE
  5
544
330
70
100
AcDbEntity
  8
Visible
100
AcDbLine
 10
223.31567
 20
104.01072
 30
0.0
 11
224.135521
 21
104.01072
 31
0.0
210
0.0
220
1.0
230
0.0
  0
ARC
  5
545
330
70
100
AcDbEntity
  8
Visible
100
AcDbCircle
 10
234.977574
 20
114.01072
 30
0.0
 40
9.999999999998996
100
AcDbArc
 50
270.0
 51
289.462951
  0
ARC
  5
546
330
70
100
AcDbEntity
  8
Visible
100
AcDbCircle
 10
229.146622
 20
130.51072
 30
0.0
 40
27.5
100
AcDbArc
 50
289.862905
 51
2.083942
  0
SPLINE
  5
547
330
70
100
AcDbEntity
  8
Visible
100
AcDbSpline
210
0.0
220
0.0
230
1.0
 70
     8
 71
     3
 72
    10
 73
     6
 74
     0
 42
0.000000001
 43
0.0000000001
 40
0.0
 40
0.0
 40
0.0
 40
0.0
 40
0.006879207685829
 40
0.006879207685829
 40
0.013758415371658
 40
0.013758415371658
 40
0.013758415371658
 40
0.013758415371658
 10
238.3095461345856
 20
104.582148341453
 30
-0.0000000057916623
 10
238.3389706370508
 20
104.592546696508
 30
-0.0000000057916623
 10
238.3689961878554
 20
104.6032142936052
 30
-0.0000000057916623
 10
238.4294611726782
 20
104.6248177665621
 30
-0.0000000057916623
 10
238.4599019356465
 20
104.635753923909
 30
-0.0000000057916623
 10
238.4903162396167
 20
104.6467414820451
 30
-0.0000000057916623
  0
ARC
  5
548
330
70
100
AcDbEntity
  8
Visible
100
AcDbCircle
 10
239.488622
 20
156.92272
 30
0.0
 40
0.999999999999399
100
AcDbArc
 50
231.048056
 51
314.988952
  0
ARC
  5
549
330
70
100
AcDbEntity
  8
Visible
100
AcDbCircle
 10
239.488622
 20
156.92272
 30
0.0
 40
0.9999999999988961
100
AcDbArc
 50
314.988952
 51
231.048056
  0
ARC
  5
54A
330
70
100
AcDbEntity
  8
Visible
100
AcDbCircle
 10
213.946622
 20
134.01072
 30
0.0
 40
1.999999999999472
100
AcDbArc
 50
359.132081
 51
176.231836
  0
CIRCLE
  5
54B
330
70
100
AcDbEntity
  8
Visible
100
AcDbCircle
 10
213.946622
 20
134.01072
 30
0.0
 40
1.0
  0
ARC
  5
54C
330
70
100
AcDbEntity
  8
Visible
100
AcDbCircle
 10
244.346622
 20
134.01072
 30
0.0
 40
2.000000000000538
100
AcDbArc
 50
3.768164
 51
180.867919
  0
CIRCLE
  5
54D
330
70
100
AcDbEntity
  8
Visible
100
AcDbCircle
 10
244.346622
 20
134.01072
 30
0.0
 40
1.0
  0
ELLIPSE
  5
54E
330
70
100
AcDbEntity
  8
Visible
100
AcDbEllipse
 10
215.397285
 20
61.44656
 30
0.0
 11
15.81016563239218
 21
179.9073869605216
 31
-0.0000000000093802
210
0.0000000000005933
220
0.0
230
1.0
 40
0.1107415141695923
 41
1.091961200538914
 42
1.150145889526339
  0
LINE
  5
54F
330
70
100
AcDbEntity
  8
Visible
100
AcDbLine
 10
204.703209
 20
136.51072
 30
0.0
 11
203.667053
 21
136.51072
 31
0.0
210
0.0
220
1.0
230
0.0
  0
ELLIPSE
  5
550
330
70
100
AcDbEntity
  8
Visible
100
AcDbEllipse
 10
213.825993
 20
43.566478
 30
0.0
 11
15.81016562030213
 21
179.9073869059007
 31
-0.0000000000093802
210
0.0000000000005933
220
0.0
230
1.0
 40
0.1107415141920237
 41
1.037654709975028
 42
1.054045887124085
  0
ELLIPSE
  5
551
330
70
100
AcDbEntity
  8
Visible
100
AcDbEllipse
 10
244.467251
 20
43.566478
 30
0.0
 11
-15.81016562030098
 21
179.907386905898
 31
0.0000000000093802
210
0.0000000000005933
220
0.0
230
1.0
 40
0.1107415141920231
 41
-1.054045887124076
 42
-1.037654709975018
  0
LINE
  5
552
330
70
100
AcDbEntity
  8
Visible
100
AcDbLine
 10
254.626191
 20
136.51072
 30
0.0
 11
253.590035
 21
136.51072
 31
0.0
210
0.0
220
1.0
230
0.0
  0
ELLIPSE
  5
553
330
70
100
AcDbEntity
  8
Visible
100
AcDbEllipse
 10
242.895959
 20
61.44656
 30
0.0
 11
-15.81016563237815
 21
179.9073869604501
 31
0.0000000000093802
210
0.0000000000005933
220
0.0
230
1.0
 40
0.1107415141696267
 41
-1.150145889526155
 42
-1.091961200538702
  0
SPLINE
  5
554
330
70
100
AcDbEntity
  8
Visible
100
AcDbSpline
210
0.0
220
0.0
230
1.0
 70
     8
 71
     3
 72
     8
 73
     4
 74
     0
 42
0.000000001
 43
0.0000000001
 40
-0.7441404467534147
 40
-0.7441404467534147
 40
-0.7441404467534147
 40
-0.7441404467534147
 40
-0.0505351467519293
 40
-0.0505351467519293
 40
-0.0505351467519293
 40
-0.0505351467519293
 10
253.2939907631026
 20
145.8920298812249
 30
-0.0000000058007572
 10
252.9597723043789
 20
148.1795211098751
 30
-0.0000000058007572
 10
252.6229049702469
 20
150.4727785021352
 30
-0.0000000058007572
 10
252.2846308340231
 20
152.7607197700244
 30
-0.0000000058007572
  0
SPLINE
  5
555
330
70
100
AcDbEntity
  8
Visible
100
AcDbSpline
210
0.0
220
0.0
230
1.0
 70
     8
 71
     3
 72
     8
 73
     4
 74
     0
 42
0.000000001
 43
0.0000000001
 40
-0.4542863335769359
 40
-0.4542863335769359
 40
-0.4542863335769359
 40
-0.4542863335769359
 40
-0.0582889575315229
 40
-0.0582889575315229
 40
-0.0582889575315229
 40
-0.0582889575315229
 10
204.3819778391444
 20
152.7607197646364
 30
-0.0000000057716534
 10
204.8040387567853
 20
152.7607197646364
 30
-0.0000000057716534
 10
205.3485676744803
 20
152.7607197700244
 30
-0.0000000057716534
 10
206.0086126227707
 20
152.7607197700244
 30
-0.0000000057716534
  0
SPLINE
  5
556
330
70
100
AcDbEntity
  8
Visible
100
AcDbSpline
210
0.0
220
0.0
230
1.0
 70
     8
 71
     3
 72
     8
 73
     4
 74
     0
 42
0.000000001
 43
0.0000000001
 40
-0.6935334375064272
 40
-0.6935334375064272
 40
-0.6935334375064272
 40
-0.6935334375064272
 40
0.0
 40
0.0
 40
0.0
 40
0.0
 10
206.0086126227707
 20
152.7607197700244
 30
-0.0000000057716534
 10
205.6703384865468
 20
150.4727785021377
 30
-0.0000000057716534
 10
205.333471152413
 20
148.1795211098803
 30
-0.0000000057716534
 10
204.9992526936894
 20
145.8920298812249
 30
-0.0000000057716534
  0
LINE
  5
557
330
70
100
AcDbEntity
  8
Visible
100
AcDbLine
 10
203.964142
 20
152.76072
 30
0.0
 11
204.381978
 21
152.76072
 31
0.0
210
0.0
220
1.0
230
0.0
  0
LINE
  5
558
330
70
100
AcDbEntity
  8
Visible
100
AcDbLine
 10
205.975367
 20
152.76072
 30
0.0
 11
205.871887
 21
151.835166
 31
0.0
210
0.0
220
1.0
230
0.0
  0
LINE
  5
559
330
70
100
AcDbEntity
  8
Visible
100
AcDbLine
 10
204.158562
 20
136.51072
 30
0.0
 11
203.804518
 21
133.344053
 31
0.0
210
0.0
220
1.0
230
0.0
  0
LINE
  5
55A
330
70
100
AcDbEntity
  8
Visible
100
AcDbLine
 10
254.488725
 20
133.344053
 30
0.0
 11
254.134681
 21
136.51072
 31
0.0
210
0.0
220
1.0
230
0.0
  0
LINE
  5
55B
330
70
100
AcDbEntity
  8
Visible
100
AcDbLine
 10
252.421356
 20
151.835166
 30
0.0
 11
252.317876
 21
152.76072
 31
0.0
210
0.0
220
1.0
230
0.0
  0
ARC
  5
55C
330
70
100
AcDbEntity
  8
Visible
100
AcDbCircle
 10
229.146622
 20
130.51072
 30
0.0
 40
25.50000000000001
100
AcDbArc
 50
2.24747
 51
6.37937
  0
ARC
  5
55D
330
70
100
AcDbEntity
  8
Visible
100
AcDbCircle
 10
229.146622
 20
130.51072
 30
0.0
 40
25.5
100
AcDbArc
 50
173.62063
 51
177.75253
  0
ARC
  5
55E
330
70
100
AcDbEntity
  8
Visible
100
AcDbCircle
 10
-229.146622
 20
130.51072
 30
0.0
 40
27.5
210
-0.0000000000005933
220
0.0
230
-1.0
100
AcDbArc
 50
173.62063
 51
177.916058
  0
LINE
  5
55F
330
70
100
AcDbEntity
  8
Visible
100
AcDbLine
 10
256.147143
 20
136.51072
 30
0.0
 11
256.476341
 21
133.566275
 31
0.0
210
0.0
220
1.0
230
0.0
  0
LINE
  5
560
330
70
100
AcDbEntity
  8
Visible
100
AcDbLine
 10
254.330337
 20
152.76072
 30
0.0
 11
254.553944
 21
150.76072
 31
0.0
210
0.0
220
1.0
230
0.0
  0
LINE
  5
561
330
70
100
AcDbEntity
  8
Visible
100
AcDbLine
 10
203.739299
 20
150.76072
 30
0.0
 11
203.962906
 21
152.76072
 31
0.0
210
0.0
220
1.0
230
0.0
  0
LINE
  5
562
330
70
100
AcDbEntity
  8
Visible
100
AcDbLine
 10
201.816902
 20
133.566275
 30
0.0
 11
202.146101
 21
136.51072
 31
0.0
210
0.0
220
1.0
230
0.0
  0
ARC
  5
563
330
70
100
AcDbEntity
  8
Visible
100
AcDbCircle
 10
-229.146622
 20
130.51072
 30
0.0
 40
27.5
210
-0.0000000000005933
220
0.0
230
-1.0
100
AcDbArc
 50
2.083942
 51
6.37937
  0
LINE
  5
564
330
70
100
AcDbEntity
  8
Visible
100
AcDbLine
 10
254.329102
 20
152.76072
 30
0.0
 11
254.330337
 21
152.76072
 31
0.0
210
0.0
220
1.0
230
0.0
  0
LINE
  5
565
330
70
100
AcDbEntity
  8
Visible
100
AcDbLine
 10
254.330337
 20
152.76072
 30
0.0
 11
253.991821
 21
155.788498
 31
0.0
210
0.0
220
1.0
230
0.0
  0
ARC
  5
566
330
70
100
AcDbEntity
  8
Visible
100
AcDbCircle
 10
229.146622
 20
153.01072
 30
0.0
 40
25.0
100
AcDbArc
 50
6.37937
 51
173.62063
  0
LINE
  5
567
330
70
100
AcDbEntity
  8
Visible
100
AcDbLine
 10
204.301422
 20
155.788498
 30
0.0
 11
203.962906
 21
152.76072
 31
0.0
210
0.0
220
1.0
230
0.0
  0
LINE
  5
568
330
70
100
AcDbEntity
  8
Visible
100
AcDbLine
 10
203.962906
 20
152.76072
 30
0.0
 11
203.964142
 21
152.76072
 31
0.0
210
0.0
220
1.0
230
0.0
  0
LINE
  5
569
330
70
100
AcDbEntity
  8
Visible
100
AcDbLine
 10
202.146101
 20
136.51072
 30
0.0
 11
203.655447
 21
136.51072
 31
0.0
210
0.0
220
1.0
230
0.0
  0
LINE
  5
56A
330
70
100
AcDbEntity
  8
Visible
100
AcDbLine
 10
203.739299
 20
150.76072
 30
0.0
 11
202.146101
 21
136.51072
 31
0.0
210
0.0
220
1.0
230
0.0
  0
LINE
  5
56B
330
70
100
AcDbEntity
  8
Visible
100
AcDbLine
 10
205.248645
 20
150.76072
 30
0.0
 11
203.739299
 21
150.76072
 31
0.0
210
0.0
220
1.0
230
0.0
  0
LINE
  5
56C
330
70
100
AcDbEntity
  8
Visible
100
AcDbLine
 10
203.655447
 20
136.51072
 30
0.0
 11
205.248645
 21
150.76072
 31
0.0
210
0.0
220
1.0
230
0.0
  0
LINE
  5
56D
330
70
100
AcDbEntity
  8
Visible
100
AcDbLine
 10
253.044598
 20
150.76072
 30
0.0
 11
254.637797
 21
136.51072
 31
0.0
210
0.0
220
1.0
230
0.0
  0
LINE
  5
56E
330
70
100
AcDbEntity
  8
Visible
100
AcDbLine
 10
254.553944
 20
150.76072
 30
0.0
 11
253.044598
 21
150.76072
 31
0.0
210
0.0
220
1.0
230
0.0
  0
LINE
  5
56F
330
70
100
AcDbEntity
  8
Visible
100
AcDbLine
 10
254.637797
 20
136.51072
 30
0.0
 11
256.147143
 21
136.51072
 31
0.0
210
0.0
220
1.0
230
0.0
  0
LINE
  5
570
330
70
100
AcDbEntity
  8
Visible
100
AcDbLine
 10
256.147143
 20
136.51072
 30
0.0
 11
254.553944
 21
150.76072
 31
0.0
210
0.0
220
1.0
230
0.0
  0
LINE
  5
571
330
70
100
AcDbEntity
  8
Visible
100
AcDbLine
 10
74.220535
 20
39.035227
 30
0.0
 11
73.831568
 21
38.811235
 31
0.0
210
0.0
220
0.8175471248425399
230
0.5758617009853118
  0
LINE
  5
572
330
70
100
AcDbEntity
  8
Visible
100
AcDbLine
 10
53.30352
 20
67.409486
 30
0.0
 11
53.30352
 21
65.663442
 31
0.0
210
0.0
220
0.8175471248425399
230
0.5758617009853118
  0
ELLIPSE
  5
573
330
70
100
AcDbEntity
  8
Visible
100
AcDbEllipse
 10
53.586363
 20
63.141417
 30
0.0
 11
-1.372338581934698
 21
2.383104449413989
 31
-0.0000000000000006
210
-0.0000000000000003
220
-0.0000000000000004
230
-1.0
 40
0.5780931159098131
 41
0.9294368435398139
 42
1.143166346885372
  0
LINE
  5
574
330
70
100
AcDbEntity
  8
Visible
100
AcDbLine
 10
53.869206
 20
65.202883
 30
0.0
 11
53.869206
 21
66.789746
 31
0.0
210
0.0
220
0.8175471248425399
230
0.5758617009853118
  0
LINE
  5
575
330
70
100
AcDbEntity
  8
Visible
100
AcDbLine
 10
75.365252
 20
40.809915
 30
0.0
 11
75.365252
 21
42.201143
 31
0.0
210
0.0
220
0.8175471248425399
230
0.5758617009853118
  0
LINE
  5
576
330
70
100
AcDbEntity
  8
Visible
100
AcDbLine
 10
74.799567
 20
42.5269
 30
0.0
 11
74.799567
 21
40.30025
 31
0.0
210
0.0
220
0.8175471248425399
230
0.5758617009853118
  0
LINE
  5
577
330
70
100
AcDbEntity
  8
Visible
100
AcDbLine
 10
73.736963
 20
40.010043
 30
0.0
 11
74.115253
 21
39.792201
 31
0.0
210
0.0
220
0.8175471248425399
230
0.5758617009853118
  0
LINE
  5
578
330
70
100
AcDbEntity
  8
Visible
100
AcDbLine
 10
74.799567
 20
58.009811
 30
0.0
 11
74.799567
 21
53.149889
 31
0.0
210
0.0
220
0.8175471248425399
230
0.5758617009853118
  0
ELLIPSE
  5
579
330
70
100
AcDbEntity
  8
Visible
100
AcDbEllipse
 10
75.082409
 20
50.762667
 30
0.0
 11
-1.372338582251898
 21
2.383104449668371
 31
-0.0000000000000006
210
-0.0000000000000003
220
-0.0000000000000004
230
-0.9999999999999998
 40
0.5780931158319966
 41
4.354756774818016
 42
4.527729355224924
  0
ELLIPSE
  5
57A
330
70
100
AcDbEntity
  8
Visible
100
AcDbEllipse
 10
75.082409
 20
50.762667
 30
0.0
 11
-1.372338581855346
 21
2.38310444940019
 31
-0.0000000000000006
210
-0.0000000000000003
220
-0.0000000000000004
230
-1.0
 40
0.5780931159147759
 41
-0.0418898202963631
 42
0.6374920664347479
  0
LINE
  5
57B
330
70
100
AcDbEntity
  8
Visible
100
AcDbLine
 10
75.892502
 20
48.252298
 30
0.0
 11
74.272317
 21
49.1853
 31
0.0
210
0.0
220
0.8175471248425399
230
0.5758617009853118
  0
ELLIPSE
  5
57C
330
70
100
AcDbEntity
  8
Visible
100
AcDbEllipse
 10
75.082409
 20
50.762667
 30
0.0
 11
-1.372338581804782
 21
2.383104449379291
 31
-0.0000000000000008
210
-0.0000000000000004
220
-0.0000000000000006
230
-1.0
 40
0.5780931159229457
 41
0.9294368435051323
 42
1.218576399542925
  0
ELLIPSE
  5
57D
330
70
100
AcDbEntity
  8
Visible
100
AcDbEllipse
 10
75.082409
 20
50.762667
 30
0.0
 11
-1.372338581861417
 21
2.383104449396499
 31
-0.0000000000000006
210
-0.0000000000000003
220
-0.0000000000000004
230
-1.0
 40
0.578093115919786
 41
3.194264319082268
 42
3.495357442414033
  0
LINE
  5
57E
330
70
100
AcDbEntity
  8
Visible
100
AcDbLine
 10
75.365252
 20
52.824133
 30
0.0
 11
75.365252
 21
56.67479
 31
0.0
210
0.0
220
0.8175471248425399
230
0.5758617009853118
  0
ELLIPSE
  5
57F
330
70
100
AcDbEntity
  8
Visible
100
AcDbEllipse
 10
75.082409
 20
50.762667
 30
0.0
 11
-0.4990322115845679
 21
0.8665834361453232
 31
-0.0000000000000003
210
-0.0000000000000003
220
-0.0000000000000005
230
-1.0
 40
0.5780931159153207
 41
0.0000000000000104
 42
6.283185307179596
  0
SPLINE
  5
580
330
70
100
AcDbEntity
  8
Visible
100
AcDbSpline
210
0.0000000000038307
220
-0.0000000000204043
230
1.0
 70
     8
 71
     3
 72
     8
 73
     4
 74
     0
 42
0.000000001
 43
0.0000000001
 40
0.2205105251716951
 40
0.2205105251716951
 40
0.2205105251716951
 40
0.2205105251716951
 40
0.2480119337973247
 40
0.2480119337973247
 40
0.2480119337973247
 40
0.2480119337973247
 10
53.07963966541137
 20
66.0037248341824
 30
0.0000000000045919
 10
53.15097126760156
 20
66.03378795091015
 30
0.0000000000053397
 10
53.22587481094888
 20
66.06104017201665
 30
0.0000000000052012
 10
53.30372099545275
 20
66.08523153128266
 30
0.0000000000053966
  0
SPLINE
  5
581
330
70
100
AcDbEntity
  8
Visible
100
AcDbSpline
210
-0.0000000000019537
220
0.0000000000013233
230
-1.0
 70
     8
 71
     3
 72
     8
 73
     4
 74
     0
 42
0.000000001
 43
0.0000000001
 40
-0.716811019453787
 40
-0.716811019453787
 40
-0.716811019453787
 40
-0.716811019453787
 40
-0.3999496718576378
 40
-0.3999496718576378
 40
-0.3999496718576378
 40
-0.3999496718576378
 10
75.08933855747819
 20
40.55729425678431
 30
0.0000000000048326
 10
75.66445374148861
 20
41.06745558687713
 30
0.000000000004384
 10
76.15927563390141
 20
41.60445117717061
 30
0.0000000000045368
 10
76.56932284163668
 20
42.1618025286916
 30
0.0000000000040643
  0
LINE
  5
582
330
70
100
AcDbEntity
  8
Visible
100
AcDbLine
 10
74.359779
 20
42.780157
 30
0.0
 11
76.215763
 21
41.711367
 31
0.0
210
0.0
220
0.8175471248425399
230
0.5758617009853118
  0
SPLINE
  5
583
330
70
100
AcDbEntity
  8
Visible
100
AcDbSpline
210
-0.0000000009853003
220
-0.0000000001232222
230
-1.0
 70
     8
 71
     3
 72
     8
 73
     4
 74
     0
 42
0.000000001
 43
0.0000000001
 40
-0.7652250429022906
 40
-0.7652250429022906
 40
-0.7652250429022906
 40
-0.7652250429022906
 40
-0.3934160013925341
 40
-0.3934160013925341
 40
-0.3934160013925341
 40
-0.3934160013925341
 10
75.55468284452217
 20
55.15411484901861
 30
0.0000000000052518
 10
75.42065518712115
 20
56.23250224546326
 30
0.0000000000049578
 10
75.28570784729527
 20
57.31311144224188
 30
0.0000000000042366
 10
75.14999768180132
 20
58.39410080853065
 30
0.00000000000475
  0
LINE
  5
584
330
70
100
AcDbEntity
  8
Visible
100
AcDbLine
 10
74.549953
 20
43.32468
 30
0.0
 11
76.569323
 21
42.161803
 31
0.0
210
0.0
220
0.8175471248425399
230
0.5758617009853118
  0
LINE
  5
585
330
70
100
AcDbEntity
  8
Visible
100
AcDbLine
 10
74.768316
 20
40.272529
 30
0.0
 11
75.089339
 21
40.557294
 31
0.0
210
0.0
220
0.8175471248425399
230
0.5758617009853118
  0
ARC
  5
586
330
70
100
AcDbEntity
  8
Visible
100
AcDbCircle
 10
-71.750214
 20
43.680348
 30
0.0
 40
4.552160839182535
210
-0.0000000000000002
220
0.0000000000000002
230
-1.0
100
AcDbArc
 50
228.470607
 51
240.684945
  0
LINE
  5
587
330
70
100
AcDbEntity
  8
Visible
100
AcDbLine
 10
73.774662
 20
39.59346
 30
0.0
 11
73.979005
 21
39.711134
 31
0.0
210
0.0
220
0.8175471248425399
230
0.5758617009853118
  0
LINE
  5
588
330
70
100
AcDbEntity
  8
Visible
100
AcDbLine
 10
74.220535
 20
39.035227
 30
0.0
 11
74.928127
 21
38.627751
 31
0.0
210
0.0
220
0.8175471248425399
230
0.5758617009853118
  0
LINE
  5
589
330
70
100
AcDbEntity
  8
Visible
100
AcDbLine
 10
75.394228
 20
38.896161
 30
0.0
 11
74.928127
 21
38.627751
 31
0.0
210
0.0
220
0.8175471248425399
230
0.5758617009853118
  0
ARC
  5
58A
330
70
100
AcDbEntity
  8
Visible
100
AcDbCircle
 10
-72.422137
 20
44.189084
 30
0.0
 40
6.070285200646515
210
-0.0000000000000001
220
0.0000000000000002
230
-1.0
100
AcDbArc
 50
228.471941
 51
240.68485
  0
LINE
  5
58B
330
70
100
AcDbEntity
  8
Visible
100
AcDbLine
 10
76.769044
 20
39.930643
 30
0.0
 11
76.446656
 21
39.64468
 31
0.0
210
0.0
220
0.8175471248425399
230
0.5758617009853118
  0
SPLINE
  5
58C
330
70
100
AcDbEntity
  8
Visible
100
AcDbSpline
210
0.0000000000027174
220
-0.0000000000021248
230
-1.0
 70
     8
 71
     3
 72
     8
 73
     4
 74
     0
 42
0.000000001
 43
0.0000000001
 40
-0.6017180137814801
 40
-0.6017180137814801
 40
-0.6017180137814801
 40
-0.6017180137814801
 40
0.0
 40
0.0
 40
0.0
 40
0.0
 10
79.24090774468822
 20
43.06651338484838
 30
0.0000000000038449
 10
78.69417336869446
 20
41.95653720245745
 30
0.0000000000033804
 10
77.8612095751032
 20
40.89941173344405
 30
0.0000000000047002
 10
76.7690439115795
 20
39.93064292810276
 30
0.0000000000037907
  0
LINE
  5
58D
330
70
100
AcDbEntity
  8
Visible
100
AcDbLine
 10
79.240908
 20
43.066513
 30
0.0
 11
77.590391
 21
44.016983
 31
0.0
210
0.0
220
0.8175471248425399
230
0.5758617009853118
  0
ELLIPSE
  5
58E
330
70
100
AcDbEntity
  8
Visible
100
AcDbEllipse
 10
72.33928
 20
-24.857665
 30
0.0
 11
-10.68611156205364
 21
138.2961351730073
 31
-0.0000000000000539
210
0.0000000000000003
220
0.0000000000000004
230
1.0
 40
0.0879077121312169
 41
-1.03997080521792
 42
-1.034381000792609
  0
ELLIPSE
  5
58F
330
70
100
AcDbEntity
  8
Visible
100
AcDbEllipse
 10
69.813995
 20
-10.414424
 30
0.0
 11
-10.68611112992239
 21
138.2961328202853
 31
-0.0000000000000539
210
0.0000000000000003
220
0.0000000000000004
230
1.0
 40
0.087907713110413
 41
-1.148786872073715
 42
-1.083640449178161
  0
ARC
  5
590
330
70
100
AcDbEntity
  8
Visible
100
AcDbCircle
 10
45.302972
 20
29.192
 30
0.0
 40
62.03166515044383
100
AcDbArc
 50
79.67573
 51
83.455045
  0
ARC
  5
591
330
70
100
AcDbEntity
  8
Visible
100
AcDbCircle
 10
50.402501
 20
79.078172
 30
0.0
 40
11.91350462413152
100
AcDbArc
 50
80.472555
 51
90.259809
  0
SPLINE
  5
592
330
70
100
AcDbEntity
  8
Visible
100
AcDbSpline
210
0.0000000000177973
220
0.0000000000018351
230
-1.0
 70
     8
 71
     3
 72
     8
 73
     4
 74
     0
 42
0.000000001
 43
0.0000000001
 40
-0.2977542933917543
 40
-0.2977542933917543
 40
-0.2977542933917543
 40
-0.2977542933917543
 40
-0.0500507761657882
 40
-0.0500507761657882
 40
-0.0500507761657882
 40
-0.0500507761657882
 10
79.06435753500409
 20
45.18145940761
 30
0.0000000000045839
 10
79.15189502914291
 20
44.46364935018501
 30
0.0000000000048246
 10
79.21080952482589
 20
43.75781065805625
 30
0.0000000000053086
 10
79.24090774468822
 20
43.06651338484838
 30
0.0000000000038449
  0
ELLIPSE
  5
593
330
70
100
AcDbEntity
  8
Visible
100
AcDbEllipse
 10
72.24974
 20
43.553641
 30
0.0
 11
-0.9980644231684943
 21
1.733166872299201
 31
-0.0000000000000004
210
-0.0000000000000004
220
-0.0000000000000005
230
-1.0
 40
0.5780931159091685
 41
2.609275547151087
 42
2.773505689328833
  0
ELLIPSE
  5
594
330
70
100
AcDbEntity
  8
Visible
100
AcDbEllipse
 10
55.495552
 20
49.00068
 30
0.0
 11
-13.7233858185693
 21
23.83104449399404
 31
-0.0000000000000061
210
-0.0000000000000005
220
-0.0000000000000005
230
-1.0
 40
0.5780931159158805
 41
2.317889126608801
 42
3.141592653589608
  0
ELLIPSE
  5
595
330
70
100
AcDbEntity
  8
Visible
100
AcDbEllipse
 10
69.813995
 20
-10.414424
 30
0.0
 11
-11.87345680800629
 21
153.6623697813893
 31
-0.000000000000077
210
-0.0000000000000002
220
-0.0000000000000005
230
-0.9999999999999998
 40
0.0879077131190018
 41
1.142246497037718
 42
1.200431186027961
  0
ELLIPSE
  5
596
330
70
100
AcDbEntity
  8
Visible
100
AcDbEllipse
 10
59.212344
 20
50.221193
 30
0.0
 11
20.19847379580599
 21
0.0404683954540584
 31
-0.0000000000000048
210
0.0000000000000002
220
0.0000000000000004
230
0.9999999999999998
 40
0.570281607044233
 41
-0.362198295859055
 42
-0.249707116495943
  0
ELLIPSE
  5
597
330
70
100
AcDbEntity
  8
Visible
100
AcDbEllipse
 10
72.33928
 20
-24.857665
 30
0.0
 11
-11.87345681825799
 21
153.6623698430026
 31
-0.000000000000077
210
-0.0000000000000002
220
-0.0000000000000005
230
-1.0
 40
0.0879077130922989
 41
1.087940006871531
 42
1.104331184006346
  0
LINE
  5
598
330
70
100
AcDbEntity
  8
Visible
100
AcDbLine
 10
53.869206
 20
65.202883
 30
0.0
 11
54.404414
 21
65.511089
 31
0.0
210
0.0
220
0.8175471248425399
230
0.5758617009853118
  0
LINE
  5
599
330
70
100
AcDbEntity
  8
Visible
100
AcDbLine
 10
75.365252
 20
52.824133
 30
0.0
 11
75.810409
 21
53.080482
 31
0.0
210
0.0
220
0.8175471248425399
230
0.5758617009853118
  0
SPLINE
  5
59A
330
70
100
AcDbEntity
  8
Visible
100
AcDbSpline
210
-0.0000000000147286
220
-0.0000000000008088
230
-1.0
 70
     8
 71
     3
 72
     8
 73
     4
 74
     0
 42
0.000000001
 43
0.0000000001
 40
-0.2272971420731666
 40
-0.2272971420731666
 40
-0.2272971420731666
 40
-0.2272971420731666
 40
0.0
 40
0.0
 40
0.0
 40
0.0
 10
77.59039095767912
 20
44.01698278932029
 30
0.0000000000038103
 10
77.55822504604657
 20
44.65363519677242
 30
0.0000000000043903
 10
77.49929875546877
 20
45.30352941486286
 30
0.0000000000041114
 10
77.41380911278611
 20
45.96424300416586
 30
0.0000000000048361
  0
SPLINE
  5
59B
330
70
100
AcDbEntity
  8
Visible
100
AcDbSpline
210
-0.0000000000221121
220
-0.0000000000179313
230
-1.0
 70
     8
 71
     3
 72
     8
 73
     4
 74
     0
 42
0.000000001
 43
0.0000000001
 40
-0.5143964049027094
 40
-0.5143964049027094
 40
-0.5143964049027094
 40
-0.5143964049027094
 40
-0.3615382192297918
 40
-0.3615382192297918
 40
-0.3615382192297918
 40
-0.3615382192297918
 10
74.19190468212582
 20
42.36414248625762
 30
0.0000000000048317
 10
74.41049734100307
 20
42.10005519100489
 30
0.0000000000057208
 10
74.61340995528371
 20
41.83257141426217
 30
0.0000000000050431
 10
74.79965383438321
 20
41.56164300280896
 30
0.0000000000057829
  0
SPLINE
  5
59C
330
70
100
AcDbEntity
  8
Visible
100
AcDbSpline
210
-0.0000000000004629
220
0.0000000000004909
230
1.0
 70
     8
 71
     3
 72
     8
 73
     4
 74
     0
 42
0.000000001
 43
0.0000000001
 40
-0.4542863335769359
 40
-0.4542863335769359
 40
-0.4542863335769359
 40
-0.4542863335769359
 40
-0.0582889575315229
 40
-0.0582889575315229
 40
-0.0582889575315229
 40
-0.0582889575315229
 10
75.06239203957012
 20
58.29078425460372
 30
0.000000000005576
 10
75.64626855385359
 20
58.97073917053106
 30
0.0000000000055973
 10
76.11231434207002
 20
59.68257677791779
 30
0.0000000000053788
 10
76.45278873445204
 20
60.41617788836613
 30
0.0000000000051763
  0
SPLINE
  5
59D
330
70
100
AcDbEntity
  8
Visible
100
AcDbSpline
210
-0.0000000003402046
220
-0.0000000000402581
230
-1.0
 70
     8
 71
     3
 72
     8
 73
     4
 74
     0
 42
0.000000001
 43
0.0000000001
 40
-0.6935334375064272
 40
-0.6935334375064272
 40
-0.6935334375064272
 40
-0.6935334375064272
 40
0.0
 40
0.0
 40
0.0
 40
0.0
 10
76.45278873445204
 20
60.41617788836613
 30
0.0000000000051763
 10
76.69198467007664
 20
58.40793430464063
 30
0.0000000000046487
 10
76.93018584640231
 20
56.3959173825003
 30
0.0000000000045617
 10
77.1665139849647
 20
54.38969318154782
 30
0.0000000000049782
  0
ARC
  5
59E
330
70
100
AcDbEntity
  8
Visible
100
AcDbCircle
 10
-70.797515
 20
62.070873
 30
0.0
 40
5.698968348850587
210
-0.0000000000000002
220
0.0000000000000002
230
-1.0
100
AcDbArc
 50
221.551535
 51
239.888578
  0
LINE
  5
59F
330
70
100
AcDbEntity
  8
Visible
100
AcDbLine
 10
78.108521
 20
46.177564
 30
0.0
 11
76.527733
 21
47.08788
 31
0.0
210
0.0
220
0.8175471248425399
230
0.5758617009853118
  0
SPLINE
  5
5A0
330
70
100
AcDbEntity
  8
Visible
100
AcDbSpline
210
-0.0000000000000069
220
0.0000000000000051
230
1.0
 70
     8
 71
     3
 72
    16
 73
    12
 74
     0
 42
0.000000001
 43
0.0000000001
 40
0.915637329964881
 40
0.915637329964881
 40
0.915637329964881
 40
0.915637329964881
 40
1.06420491831862
 40
1.06420491831862
 40
1.21277250667236
 40
1.21277250667236
 40
1.3613400950261
 40
1.3613400950261
 40
1.509907683379839
 40
1.509907683379839
 40
1.658475271733579
 40
1.658475271733579
 40
1.658475271733579
 40
1.658475271733579
 10
73.3309342485627
 20
28.36821511089961
 30
0.0000000000043769
 10
74.81912609739811
 20
29.84079552471407
 30
0.0000000000049933
 10
76.03957751422058
 20
31.47725776542468
 30
0.0000000000040385
 10
77.91672724335149
 20
34.75075576180579
 30
0.0000000000046745
 10
78.58064835430377
 20
36.38470162972057
 30
0.0000000000041842
 10
79.50642034043631
 20
39.47915804472462
 30
0.0000000000043636
 10
79.77200330829873
 20
40.94268403881835
 30
0.0000000000044142
 10
80.05587804519747
 20
43.67656915584123
 30
0.0000000000042499
 10
80.07436286087614
 20
44.94928824188554
 30
0.0000000000049178
 10
79.95937600361867
 20
47.33594891987168
 30
0.0000000000051337
 10
79.82528197192732
 20
48.45078271373118
 30
0.0000000000046869
 10
79.64079759268497
 20
49.5059319756293
 30
0.0000000000043139
  0
ARC
  5
5A1
330
70
100
AcDbEntity
  8
Visible
100
AcDbCircle
 10
50.117747
 20
76.8564
 30
0.0
 40
14.1239348530175
100
AcDbArc
 50
92.539259
 51
114.699629
  0
LINE
  5
5A2
330
70
100
AcDbEntity
  8
Visible
100
AcDbLine
 10
69.218937
 20
25.169636
 30
0.0
 11
69.685038
 21
25.438045
 31
0.0
210
0.0
220
0.8175471248425399
230
0.5758617009853118
  0
ELLIPSE
  5
5A3
330
70
100
AcDbEntity
  8
Visible
100
AcDbEllipse
 10
50.350605
 20
68.496618
 30
0.0
 11
9.755775106063564
 21
20.32545105923957
 31
-0.00000000000001
210
-0.0000000000000003
220
-0.0000000000000003
230
-1.0
 40
0.9882009868461544
 41
-0.4906116214066348
 42
-0.4522449199770103
  0
SPLINE
  5
5A4
330
70
100
AcDbEntity
  8
Visible
100
AcDbSpline
210
0.0000000000000542
220
0.0000000000000483
230
1.0
 70
     8
 71
     3
 72
    18
 73
    14
 74
     0
 42
0.000000001
 43
0.0000000001
 40
-4.584638948826088
 40
-4.584638948826088
 40
-4.584638948826088
 40
-4.584638948826088
 40
-4.420812052096485
 40
-4.420812052096485
 40
-4.219206521175784
 40
-4.219206521175784
 40
-4.017600990255084
 40
-4.017600990255084
 40
-3.815995459334384
 40
-3.815995459334384
 40
-3.614389928413684
 40
-3.614389928413684
 40
-3.576611294222587
 40
-3.576611294222587
 40
-3.576611294222587
 40
-3.576611294222587
 10
56.42013589814451
 20
90.21893052398082
 30
0.0000000000049702
 10
58.86370942003487
 20
89.56850186217156
 30
0.0000000000051621
 10
60.79649653045271
 20
88.66332443840207
 30
0.0000000000051088
 10
64.52013480437563
 20
86.49662593457966
 30
0.0000000000041602
 10
66.16912466509529
 20
85.1845206528579
 30
0.0000000000039861
 10
69.05262294975546
 20
82.44642084023027
 30
0.0000000000046612
 10
70.29882241837367
 20
80.99252671690599
 30
0.000000000005091
 10
72.48519700529868
 20
77.94604591090164
 30
0.0000000000050022
 10
73.45515452811742
 20
76.30937149938397
 30
0.0000000000043894
 10
75.09979139180723
 20
72.78915686365007
 30
0.0000000000050075
 10
75.80332131820433
 20
70.86536905771973
 30
0.0000000000050449
 10
76.38093193953864
 20
68.24369175556473
 30
0.0000000000048352
 10
76.46396971783906
 20
67.82001651143116
 30
0.0000000000052207
 10
76.5375176987036
 20
67.38543806778134
 30
0.0000000000049827
  0
LINE
  5
5A5
330
70
100
AcDbEntity
  8
Visible
100
AcDbLine
 10
73.554928
 20
41.997336
 30
0.0
 11
74.637049
 21
42.620487
 31
0.0
210
0.0
220
0.8175471248425399
230
0.5758617009853118
  0
LINE
  5
5A6
330
70
100
AcDbEntity
  8
Visible
100
AcDbLine
 10
79.640798
 20
49.505932
 30
0.0
 11
77.951558
 21
59.167454
 31
0.0
210
0.0
220
0.8175471248425399
230
0.5758617009853118
  0
LINE
  5
5A7
330
70
100
AcDbEntity
  8
Visible
100
AcDbLine
 10
74.799567
 20
53.77317
 30
0.0
 11
73.710071
 21
53.145771
 31
0.0
210
0.0
220
0.8175471248425399
230
0.5758617009853118
  0
SPLINE
  5
5A8
330
70
100
AcDbEntity
  8
Visible
100
AcDbSpline
210
-0.0000000000833025
220
-0.0000000000143625
230
1.0
 70
     8
 71
     3
 72
    16
 73
    12
 74
     0
 42
0.000000001
 43
0.0000000001
 40
4.31937639414095
 40
4.31937639414095
 40
4.31937639414095
 40
4.31937639414095
 40
4.527875394576319
 40
4.527875394576319
 40
4.736374395011687
 40
4.736374395011687
 40
4.944873395447056
 40
4.944873395447056
 40
5.153372395882425
 40
5.153372395882425
 40
5.361871396317793
 40
5.361871396317793
 40
5.361871396317793
 40
5.361871396317793
 10
76.5375176987036
 20
67.38543806778134
 30
0.0000000000049774
 10
76.6300653760336
 20
66.83859469962614
 30
0.000000000004075
 10
76.72296368234674
 20
66.29153834276902
 30
0.0000000000056151
 10
76.90945368665779
 20
65.19701019252419
 30
0.0000000000054836
 10
77.00304538526324
 20
64.64953839824996
 30
0.0000000000037463
 10
77.19091470860075
 20
63.55418953748149
 30
0.0000000000043805
 10
77.2851923338967
 20
63.00631247017653
 30
0.0000000000032969
 10
77.47442642702117
 20
61.91016287851043
 30
0.0000000000051781
 10
77.56938289536993
 20
61.36189035340549
 30
0.0000000000055298
 10
77.75996795680476
 20
60.26495933550336
 30
0.0000000000048015
 10
77.85559655036923
 20
59.71630084202173
 30
0.0000000000055751
 10
77.95155802283989
 20
59.16745395718285
 30
0.0000000000047393
  0
LINE
  5
5A9
330
70
100
AcDbEntity
  8
Visible
100
AcDbLine
 10
73.330934
 20
28.368215
 30
0.0
 11
72.679852
 21
27.723963
 31
0.0
210
0.0
220
0.8175471248425399
230
0.5758617009853118
  0
ARC
  5
5AA
330
70
100
AcDbEntity
  8
Visible
100
AcDbCircle
 10
-62.368624
 20
38.127235
 30
0.0
 40
14.64743500095613
210
-0.0000000000000002
220
0.0000000000000001
230
-1.0
100
AcDbArc
 50
225.254589
 51
240.032834
  0
ELLIPSE
  5
5AB
330
70
100
AcDbEntity
  8
Visible
100
AcDbEllipse
 10
54.081338
 20
66.581099
 30
0.0
 11
-0.9980644231660395
 21
1.733166872290314
 31
-0.0000000000000004
210
0.0000000000000003
220
0.0000000000000004
230
1.0
 40
0.5780931159157516
 41
0.5577842024513365
 42
2.583808451141999
  0
LINE
  5
5AC
330
70
100
AcDbEntity
  8
Visible
100
AcDbLine
 10
74.220535
 20
39.035227
 30
0.0
 11
74.928127
 21
38.627751
 31
0.0
210
0.0
220
0.8175471248425399
230
0.5758617009853118
  0
ELLIPSE
  5
5AD
330
70
100
AcDbEntity
  8
Visible
100
AcDbEllipse
 10
55.495552
 20
49.00068
 30
0.0
 11
-13.72338581856929
 21
23.83104449399402
 31
-0.0000000000000061
210
-0.0000000000000005
220
-0.0000000000000005
230
-0.9999999999999998
 40
0.5780931159158809
 41
2.317889126608802
 42
3.141592653589608
  0
LINE
  5
5AE
330
70
100
AcDbEntity
  8
Visible
100
AcDbLine
 10
72.400581
 20
54.599463
 30
0.0
 11
72.242467
 21
56.325609
 31
0.0
210
0.0
220
0.8175471248425399
230
0.5758617009853118
  0
LINE
  5
5AF
330
70
100
AcDbEntity
  8
Visible
100
AcDbLine
 10
73.759921
 20
39.759403
 30
0.0
 11
73.527143
 21
42.300673
 31
0.0
210
0.0
220
0.8175471248425399
230
0.5758617009853118
  0
ELLIPSE
  5
5B0
330
70
100
AcDbEntity
  8
Visible
100
AcDbEllipse
 10
54.434891
 20
48.389887
 30
0.0
 11
-13.72338581851776
 21
23.8310444941428
 31
-0.0000000000000061
210
0.0000000000000003
220
0.0000000000000004
230
1.0
 40
0.5780931159145034
 41
3.965296180576445
 42
4.040265539756321
  0
LINE
  5
5B1
330
70
100
AcDbEntity
  8
Visible
100
AcDbLine
 10
74.220535
 20
39.035227
 30
0.0
 11
73.831568
 21
38.811235
 31
0.0
210
0.0
220
0.8175471248425399
230
0.5758617009853118
  0
ELLIPSE
  5
5B2
330
70
100
AcDbEntity
  8
Visible
100
AcDbEllipse
 10
55.849105
 20
67.599089
 30
0.0
 11
-12.47580528961255
 21
21.66458590362827
 31
-0.0000000000000014
210
-0.0000000000000005
220
-0.0000000000000003
230
-1.0
 40
0.5780931159158309
 41
0.000000000000169
 42
2.242919767428596
  0
LINE
  5
5B3
330
70
100
AcDbEntity
  8
Visible
100
AcDbLine
 10
73.417314
 20
59.753194
 30
0.0
 11
73.656681
 21
57.140001
 31
0.0
210
0.0
220
0.8175471248425399
230
0.5758617009853118
  0
LINE
  5
5B4
330
70
100
AcDbEntity
  8
Visible
100
AcDbLine
 10
73.527143
 20
42.300673
 30
0.0
 11
74.587803
 21
42.911467
 31
0.0
210
0.0
220
0.8175471248425399
230
0.5758617009853118
  0
LINE
  5
5B5
330
70
100
AcDbEntity
  8
Visible
100
AcDbLine
 10
73.461241
 20
55.210257
 30
0.0
 11
72.400581
 21
54.599463
 31
0.0
210
0.0
220
0.8175471248425399
230
0.5758617009853118
  0
LINE
  5
5B6
330
70
100
AcDbEntity
  8
Visible
100
AcDbLine
 10
72.242467
 20
56.325609
 30
0.0
 11
73.656681
 21
57.140001
 31
0.0
210
0.0
220
0.8175471248425399
230
0.5758617009853118
  0
LINE
  5
5B7
330
70
100
AcDbEntity
  8
Visible
100
AcDbLine
 10
71.888914
 20
56.122011
 30
0.0
 11
71.649547
 21
58.735205
 31
0.0
210
0.0
220
0.8175471248425399
230
0.5758617009853118
  0
LINE
  5
5B8
330
70
100
AcDbEntity
  8
Visible
100
AcDbLine
 10
71.888914
 20
56.122011
 30
0.0
 11
72.084807
 21
56.234819
 31
0.0
210
0.0
220
0.8175471248425399
230
0.5758617009853118
  0
LINE
  5
5B9
330
70
100
AcDbEntity
  8
Visible
100
AcDbLine
 10
73.461241
 20
55.210257
 30
0.0
 11
74.587803
 21
42.911467
 31
0.0
210
0.0
220
0.8175471248425399
230
0.5758617009853118
  0
LINE
  5
5BA
330
70
100
AcDbEntity
  8
Visible
100
AcDbLine
 10
73.867467
 20
38.016958
 30
0.0
 11
74.928127
 21
38.627751
 31
0.0
210
0.0
220
0.8175471248425399
230
0.5758617009853118
  0
LINE
  5
5BB
330
70
100
AcDbEntity
  8
Visible
100
AcDbLine
 10
72.393973
 20
55.824856
 30
0.0
 11
73.461241
 21
55.210257
 31
0.0
210
0.0
220
0.8175471248425399
230
0.5758617009853118
  0
LINE
  5
5BC
330
70
100
AcDbEntity
  8
Visible
100
AcDbLine
 10
72.393973
 20
55.824856
 30
0.0
 11
72.293629
 21
55.767072
 31
0.0
210
0.0
220
0.8175471248425399
230
0.5758617009853118
  0
SPLINE
  5
5BD
330
70
100
AcDbEntity
  8
Visible
100
AcDbSpline
210
-0.0000000000061239
220
-0.000000000005379
230
1.0
 70
     8
 71
     3
 72
    14
 73
    10
 74
     0
 42
0.000000001
 43
0.0000000001
 40
0.1044131228143383
 40
0.1044131228143383
 40
0.1044131228143383
 40
0.1044131228143383
 40
0.1324596491080777
 40
0.1324596491080777
 40
0.1818231073745825
 40
0.1818231073745825
 40
0.2311868444865124
 40
0.2311868444865124
 40
0.233260376672158
 40
0.233260376672158
 40
0.233260376672158
 40
0.233260376672158
 10
36.10742077700706
 20
78.67322517661825
 30
0.0000000000060467
 10
36.10046846091063
 20
78.61404254588402
 30
0.0000000000045439
 10
36.10211774016352
 20
78.55387588378326
 30
0.0000000000044444
 10
36.13068892048068
 20
78.38722853699329
 30
0.0000000000054072
 10
36.17559638631429
 20
78.28188026170204
 30
0.0000000000043592
 10
36.31518119297289
 20
78.08147679504745
 30
0.0000000000042739
 10
36.40891256723808
 20
77.98778013223621
 30
0.0000000000043805
 10
36.5276051395922
 20
77.90084371470213
 30
0.0000000000055103
 10
36.53242403898912
 20
77.89735829721076
 30
0.0000000000045262
 10
36.53727677370989
 20
77.893892280951
 30
0.0000000000044871
  0
SPLINE
  5
5BE
330
70
100
AcDbEntity
  8
Visible
100
AcDbSpline
210
-0.0000000000005804
220
-0.000000000003353
230
-1.0
 70
     8
 71
     3
 72
    16
 73
    12
 74
     0
 42
0.000000001
 43
0.0000000001
 40
-0.0020734101101288
 40
-0.0020734101101288
 40
-0.0020734101101288
 40
-0.0020734101101288
 40
0.0
 40
0.0
 40
0.0554788737146982
 40
0.0554788737146982
 40
0.1140767455537834
 40
0.1140767455537834
 40
0.1726728597819029
 40
0.1726728597819029
 40
0.2311793311079657
 40
0.2311793311079657
 40
0.2311793311079657
 40
0.2311793311079657
 10
69.50407878798069
 20
58.90957359697375
 30
0.0000000000057474
 10
69.50893123166679
 20
58.90745073241416
 30
0.0000000000056133
 10
69.51381739274075
 20
58.90534733234234
 30
0.0000000000045182
 10
69.65037025963829
 20
58.8475070729148
 30
0.0000000000052029
 10
69.8047234839214
 20
58.80628935922079
 30
0.0000000000045262
 10
70.15278445510557
 20
58.75571887139584
 30
0.0000000000047056
 10
70.34489005380965
 20
58.74877128440374
 30
0.0000000000046487
 10
70.73410301193144
 20
58.77372524851376
 30
0.0000000000054889
 10
70.92748920058511
 20
58.80538726305046
 30
0.0000000000046523
 10
71.2897791237865
 20
58.90345161330504
 30
0.0000000000046736
 10
71.45526365837941
 20
58.96886534529993
 30
0.0000000000041487
 10
71.59594143628419
 20
59.0470281102907
 30
0.0000000000040723
  0
SPLINE
  5
5BF
330
70
100
AcDbEntity
  8
Visible
100
AcDbSpline
210
-0.0000000000579709
220
-0.0000000001899016
230
1.0
 70
     8
 71
     3
 72
    12
 73
     8
 74
     0
 42
0.000000001
 43
0.0000000001
 40
0.1141658846156317
 40
0.1141658846156317
 40
0.1141658846156317
 40
0.1141658846156317
 40
0.1151763970527619
 40
0.1151763970527619
 40
0.1164846918710037
 40
0.1164846918710037
 40
0.1179362293644955
 40
0.1179362293644955
 40
0.1179362293644955
 40
0.1179362293644955
 10
71.59594143628419
 20
59.0470281102907
 30
0.0000000000040723
 10
71.59834669817792
 20
59.04836451126909
 30
0.0000000000051932
 10
71.600734084961
 20
59.04909342488865
 30
0.0000000000050955
 10
71.6061233077362
 20
59.04958381066719
 30
0.0000000000051479
 10
71.60899005564534
 20
59.0489865607563
 30
0.0000000000052349
 10
71.61451604938702
 20
59.04670561919179
 30
0.0000000000038201
 10
71.61721524619861
 20
59.0448711129714
 30
0.0000000000054348
 10
71.61964913463816
 20
59.04277953441353
 30
0.0000000000046398
  0
ELLIPSE
  5
5C0
330
70
100
AcDbEntity
  8
Visible
100
AcDbEllipse
 10
54.081338
 20
66.581099
 30
0.0
 11
-12.47580529503665
 21
21.66458589151725
 31
-0.0000000000000042
210
-0.0000000000000004
220
-0.0000000000000004
230
-1.0
 40
0.5780931159822673
 41
2.228613035178082
 42
2.242919767924959
  0
ELLIPSE
  5
5C1
330
70
100
AcDbEntity
  8
Visible
100
AcDbEllipse
 10
53.020678
 20
65.970306
 30
0.0
 11
-0.9980644231685577
 21
1.73316687229051
 31
-0.0000000000000004
210
-0.0000000000000003
220
-0.0000000000000004
230
-1.0
 40
0.5780931159154381
 41
-0.0000000000005669
 42
6.283185307179019
  0
LINE
  5
5C2
330
70
100
AcDbEntity
  8
Visible
100
AcDbLine
 10
71.887094
 20
56.12306
 30
0.0
 11
71.888914
 21
56.122011
 31
0.0
210
0.0
220
0.8175471248425399
230
0.5758617009853118
  0
LINE
  5
5C3
330
70
100
AcDbEntity
  8
Visible
100
AcDbLine
 10
71.887094
 20
56.12306
 30
0.0
 11
71.619649
 21
59.04278
 31
0.0
210
0.0
220
0.8175471248425399
230
0.5758617009853118
  0
SPLINE
  5
5C4
330
70
100
AcDbEntity
  8
Visible
100
AcDbSpline
210
0.0000000000000284
220
-0.0000000000000237
230
1.0
 70
     8
 71
     3
 72
    16
 73
    12
 74
     0
 42
0.000000001
 43
0.0000000001
 40
2.35426078176946
 40
2.35426078176946
 40
2.35426078176946
 40
2.35426078176946
 40
2.486420456082086
 40
2.486420456082086
 40
2.618580130394712
 40
2.618580130394712
 40
2.750739804707339
 40
2.750739804707339
 40
2.882899479019965
 40
2.882899479019965
 40
3.015059153332591
 40
3.015059153332591
 40
3.015059153332591
 40
3.015059153332591
 10
41.60553266301031
 20
88.24568513946903
 30
0.0000000000048566
 10
40.9878511296447
 20
87.88998600099867
 30
0.0000000000049063
 10
40.41115633840127
 20
87.46337941072329
 30
0.0000000000059117
 10
39.357202150386
 20
86.48445680504707
 30
0.0000000000054534
 10
38.87995343369403
 20
85.93236933916172
 30
0.0000000000037126
 10
38.03330243667005
 20
84.72214471318189
 30
0.0000000000048743
 10
37.66376279869656
 20
84.06410027885478
 30
0.0000000000049276
 10
37.0338729135583
 20
82.65940807881131
 30
0.0000000000054676
 10
36.77341591220284
 20
81.91273014602913
 30
0.0000000000061782
 10
36.36020675990767
 20
80.3452932914636
 30
0.0000000000059828
 10
36.20741840581104
 20
79.52448174597648
 30
0.0000000000044231
 10
36.10742014396601
 20
78.67322523791486
 30
0.0000000000047855
  0
LINE
  5
5C5
330
70
100
AcDbEntity
  8
Visible
100
AcDbLine
 10
34.994165
 20
67.802533
 30
0.0
 11
36.106419
 21
78.664121
 31
0.0
210
0.0
220
0.8175471248425399
230
0.5758617009853118
  0
LINE
  5
5C6
330
70
100
AcDbEntity
  8
Visible
100
AcDbLine
 10
41.605533
 20
88.245685
 30
0.0
 11
43.3733
 21
89.263674
 31
0.0
210
0.0
220
0.8175471248425399
230
0.5758617009853118
  0
ARC
  5
5C7
330
70
100
AcDbEntity
  8
Visible
100
AcDbCircle
 10
-29.226538
 20
68.583944
 30
0.0
 40
5.821465922414465
210
-0.0000000000000001
220
0.0000000000000002
230
-1.0
100
AcDbArc
 50
187.715583
 51
203.046225
  0
ARC
  5
5C8
330
70
100
AcDbEntity
  8
Visible
100
AcDbCircle
 10
-3.080262
 20
81.191196
 30
0.0
 40
34.88776260661161
210
-0.0000000000000002
220
0.0000000000000001
230
-1.0
100
AcDbArc
 50
208.130222
 51
210.516889
  0
ARC
  5
5C9
330
70
100
AcDbEntity
  8
Visible
100
AcDbCircle
 10
-19.696985
 20
72.38724
 30
0.0
 40
16.08253023475816
210
-0.0000000000000002
220
0.0000000000000002
230
-1.0
100
AcDbArc
 50
202.223871
 51
208.380976
  0
ARC
  5
5CA
330
70
100
AcDbEntity
  8
Visible
100
AcDbCircle
 10
-32.515132
 20
63.844252
 30
0.0
 40
0.7218087964636501
210
-0.0000000000000002
220
0.0000000000000002
230
-1.0
100
AcDbArc
 50
210.736307
 51
220.087121
  0
ARC
  5
5CB
330
70
100
AcDbEntity
  8
Visible
100
AcDbCircle
 10
-65.85096
 20
44.303356
 30
0.0
 40
0.6426040426375245
210
-0.0000000000000002
220
0.0000000000000003
230
-1.0
100
AcDbArc
 50
225.038361
 51
236.699389
  0
ARC
  5
5CC
330
70
100
AcDbEntity
  8
Visible
100
AcDbCircle
 10
-58.414269
 20
41.117763
 30
0.0
 40
19.21226713095086
210
-0.0000000000000002
220
0.0000000000000002
230
-1.0
100
AcDbArc
 50
240.0681
 51
249.656518
  0
SPLINE
  5
5CD
330
70
100
AcDbEntity
  8
Visible
100
AcDbSpline
210
-0.0000000000000699
220
-0.0000000000000788
230
1.0
 70
     8
 71
     3
 72
    20
 73
    16
 74
     0
 42
0.000000001
 43
0.0000000001
 40
3.123284867867515
 40
3.123284867867515
 40
3.123284867867515
 40
3.123284867867515
 40
3.487868637916324
 40
3.487868637916324
 40
3.942917201145658
 40
3.942917201145658
 40
4.397965764374991
 40
4.397965764374991
 40
4.853014327604325
 40
4.853014327604325
 40
5.171602430550994
 40
5.171602430550994
 40
5.394532820615584
 40
5.394532820615584
 40
5.398527684014183
 40
5.398527684014183
 40
5.398527684014183
 40
5.398527684014183
 10
28.61158536931544
 20
50.69317040636441
 30
0.0000000000043663
 10
28.56488679755421
 20
47.77125059486183
 30
0.0000000000051656
 10
28.96243023256829
 20
45.28369892603318
 30
0.0000000000044489
 10
30.2981659676534
 20
40.23429080513209
 30
0.0000000000051754
 10
31.36051488339945
 20
37.7984319278516
 30
0.0000000000045715
 10
34.05106782065377
 20
33.23580699804738
 30
0.0000000000043539
 10
35.67717455027378
 20
31.10995977329478
 30
0.0000000000046407
 10
39.94543854588846
 20
27.04714096697949
 30
0.0000000000053566
 10
42.57761802421192
 20
25.0582649044021
 30
0.0000000000043556
 10
48.99289849622073
 20
22.4139356600762
 30
0.0000000000044391
 10
52.25684306572657
 20
21.54063649245438
 30
0.0000000000042473
 10
58.90009611779169
 20
21.51298167867542
 30
0.0000000000049862
 10
61.94488089218793
 20
21.95967399164999
 30
0.000000000006219
 10
64.98636272874501
 20
23.06436495783122
 30
0.0000000000039844
 10
65.03987902074732
 20
23.08400774054873
 30
0.0000000000042899
 10
65.09336548590727
 20
23.10384581298792
 30
0.0000000000057749
  0
ARC
  5
5CE
330
70
100
AcDbEntity
  8
Visible
100
AcDbCircle
 10
11.756907
 20
157.67165
 30
0.0
 40
138.0268224972107
210
-0.0000000000000001
220
0.0000000000000001
230
-1.0
100
AcDbArc
 50
235.610949
 51
238.740177
  0
ARC
  5
5CF
330
70
100
AcDbEntity
  8
Visible
100
AcDbCircle
 10
48.851833
 20
50.857955
 30
0.0
 40
20.15274404951032
100
AcDbArc
 50
141.575773
 51
168.59704
  0
ARC
  5
5D0
330
70
100
AcDbEntity
  8
Visible
100
AcDbCircle
 10
49.595453
 20
50.368387
 30
0.0
 40
20.98631692365691
100
AcDbArc
 50
167.688175
 51
179.113261
  0
ARC
  5
5D1
330
70
100
AcDbEntity
  8
Visible
100
AcDbCircle
 10
-29.600334
 20
90.765402
 30
0.0
 40
59.37452871365285
210
-0.0000000000000002
220
0.0000000000000002
230
-1.0
100
AcDbArc
 50
239.352125
 51
240.055953
  0
LINE
  5
5D2
330
70
100
AcDbEntity
  8
Visible
100
AcDbLine
 10
68.000617
 20
24.468052
 30
0.0
 11
69.218937
 21
25.169636
 31
0.0
210
0.0
220
0.8175471248425399
230
0.5758617009853118
  0
ENDSEC
  0
SECTION
  2
OBJECTS
  0
DICTIONARY
  5
C
330
0
100
AcDbDictionary
281
     1
  3
ACAD_COLOR
350
63
  3
ACAD_DETAILVIEWSTYLE
350
6A
  3
ACAD_GROUP
350
D
  3
ACAD_LAYOUT
350
62
  3
ACAD_MATERIAL
350
10
  3
ACAD_MLEADERSTYLE
350
66
  3
ACAD_MLINESTYLE
350
5F
  3
ACAD_PLOTSETTINGS
350
61
  3
ACAD_PLOTSTYLENAME
350
E
  3
ACAD_SCALELIST
350
42
  3
ACAD_SECTIONVIEWSTYLE
350
68
  3
ACAD_TABLESTYLE
350
64
  3
ACAD_VISUALSTYLE
350
29
  3
ACDB_RECOMPOSE_DATA
350
673
  3
AcDbVariableDictionary
350
66A
  0
DICTIONARY
  5
BC
330
70
100
AcDbDictionary
280
     1
281
     1
  3
ACAD_SORTENTS
360
274
  0
DICTIONARY
  5
63
102
{ACAD_REACTORS
330
C
102
}
330
C
100
AcDbDictionary
281
     1
  0
DICTIONARY
  5
6A
102
{ACAD_REACTORS
330
C
102
}
330
C
100
AcDbDictionary
281
     1
  3
Imperial24
350
6B
  0
DICTIONARY
  5
D
102
{ACAD_REACTORS
330
C
102
}
330
C
100
AcDbDictionary
281
     1
  0
DICTIONARY
  5
62
102
{ACAD_REACTORS
330
C
102
}
330
C
100
AcDbDictionary
281
     1
  3
Model
350
73
  3
Sheet1
350
6F
  3
Sheet2
350
77
  0
DICTIONARY
  5
10
102
{ACAD_REACTORS
330
C
102
}
330
C
100
AcDbDictionary
281
     1
  3
ByBlock
350
19
  3
ByLayer
350
11
  3
Global
350
21
  0
DICTIONARY
  5
66
102
{ACAD_REACTORS
330
C
102
}
330
C
100
AcDbDictionary
281
     1
  3
Standard
350
67
  0
DICTIONARY
  5
5F
102
{ACAD_REACTORS
330
C
102
}
330
C
100
AcDbDictionary
281
     1
  3
Standard
350
60
  0
DICTIONARY
  5
61
102
{ACAD_REACTORS
330
C
102
}
330
C
100
AcDbDictionary
281
     1
  0
ACDBDICTIONARYWDFLT
  5
E
102
{ACAD_REACTORS
330
C
102
}
330
C
100
AcDbDictionary
281
     1
  3
Normal
350
F
100
AcDbDictionaryWithDefault
340
F
  0
DICTIONARY
  5
42
102
{ACAD_REACTORS
330
C
102
}
330
C
100
AcDbDictionary
281
     1
  3
*A1
350
AC
  3
*A10
350
B5
  3
*A11
350
B6
  3
*A12
350
B7
  3
*A13
350
B8
  3
*A14
350
B9
  3
*A15
350
BA
  3
*A16
350
BB
  3
*A2
350
AD
  3
*A3
350
AE
  3
*A4
350
AF
  3
*A5
350
B0
  3
*A6
350
B1
  3
*A7
350
B2
  3
*A8
350
B3
  3
*A9
350
B4
  3
A0
350
43
  3
A1
350
44
  3
A2
350
45
  3
A3
350
46
  3
A4
350
47
  3
A5
350
48
  3
A6
350
49
  3
A7
350
4A
  3
A8
350
4B
  3
A9
350
4C
  3
B0
350
4D
  3
B1
350
4E
  3
B2
350
4F
  3
B3
350
50
  3
B4
350
51
  3
B5
350
52
  3
B6
350
53
  0
DICTIONARY
  5
68
102
{ACAD_REACTORS
330
C
102
}
330
C
100
AcDbDictionary
281
     1
  3
Imperial24
350
69
  0
DICTIONARY
  5
64
102
{ACAD_REACTORS
330
C
102
}
330
C
100
AcDbDictionary
281
     1
  3
Standard
350
65
  0
DICTIONARY
  5
29
102
{ACAD_REACTORS
330
C
102
}
330
C
100
AcDbDictionary
281
     1
  3
2dWireframe
350
2F
  3
Basic
350
2E
  3
Brighten
350
35
  3
ColorChange
350
39
  3
Conceptual
350
32
  3
Dim
350
34
  3
EdgeColorOff
350
41
  3
Facepattern
350
38
  3
Flat
350
2A
  3
FlatWithEdges
350
2B
  3
Gouraud
350
2C
  3
GouraudWithEdges
350
2D
  3
Hidden
350
31
  3
JitterOff
350
3F
  3
Linepattern
350
37
  3
OverhangOff
350
40
  3
Realistic
350
33
  3
Shaded
350
3E
  3
Shaded with edges
350
3D
  3
Shades of Gray
350
3A
  3
Sketchy
350
3B
  3
Thicken
350
36
  3
Wireframe
350
30
  3
X-Ray
350
3C
  0
XRECORD
  5
673
102
{ACAD_REACTORS
330
C
102
}
330
C
100
AcDbXrecord
280
     1
 90
        1
330
65
  0
DICTIONARY
  5
66A
102
{ACAD_REACTORS
330
C
102
}
330
C
100
AcDbDictionary
281
     1
  3
ANNOALLVISIBLE
350
66F
  3
CANNOSCALE
350
670
  3
CMLEADERSTYLE
350
66C
  3
CTABLESTYLE
350
66B
  3
CVIEWDETAILSTYLE
350
66D
  3
CVIEWSECTIONSTYLE
350
66E
  0
SORTENTSTABLE
  5
274
102
{ACAD_REACTORS
330
BC
102
}
330
BC
100
AcDbSortentsTable
330
70
  0
ACDBDETAILVIEWSTYLE
  5
6B
102
{ACAD_XDICTIONARY
360
676
102
}
102
{ACAD_REACTORS
330
6A
102
}
330
6A
100
AcDbModelDocViewStyle
 70
     0
  3
Imperial24
290
     0
100
AcDbDetailViewStyle
 70
     0
 71
     0
 90
        3
 71
     1
340
55
 62
   256
 40
0.24
340
0
 62
   256
 40
0.24
300

 40
0.36
280
     3
 71
     2
340
5D
 90
       25
 62
   256
 71
     3
340
55
 62
   256
 40
0.24
 90
        1
 40
0.75
 90
        1
300
%<\AcVar ViewType \f "%tc1">% %<\AcVar ViewDetailId>%\PSCALE %<\AcVar ViewScale \f "%sn">%
 71
     4
340
5D
 90
       25
 62
   256
340
5D
 90
       25
 62
   256
280
     0
  0
LAYOUT
  5
73
102
{ACAD_REACTORS
330
62
102
}
330
62
100
AcDbPlotSettings
  1

  2
AutoCAD PDF (High Quality Print).pc3
  4
ISO_full_bleed_A4_(297.00_x_210.00_MM)
  6

 40
0.0
 41
0.0
 42
0.0
 43
0.0
 44
297.0
 45
210.0
 46
0.0
 47
0.0
 48
0.0
 49
0.0
140
0.0
141
0.0
142
1.0
143
1.320147
 70
 11952
 72
     1
 73
     0
 74
     0
  7

 75
     0
147
0.757491
 76
     0
 77
     2
 78
   300
148
47.541869
149
3.856635
100
AcDbLayout
  1
Model
 70
     1
 71
     0
 10
0.0
 20
0.0
 11
12.0
 21
9.0
 12
0.0
 22
0.0
 32
0.0
 14
0.0
 24
0.0
 34
0.0
 15
0.0
 25
0.0
 35
0.0
146
0.0
 13
0.0
 23
0.0
 33
0.0
 16
1.0
 26
0.0
 36
0.0
 17
0.0
 27
1.0
 37
0.0
 76
     0
330
70
1001
ACAD_PSEXT
1000
AutoCAD PDF (High Quality Print).pc3
1000
DWG To PDF
1000
File
1000

1070
     0
  0
LAYOUT
  5
6F
102
{ACAD_REACTORS
330
62
102
}
330
62
100
AcDbPlotSettings
  1

  2
None
  4

  6

 40
0.0
 41
0.0
 42
0.0
 43
0.0
 44
0.0
 45
0.0
 46
0.0
 47
0.0
 48
0.0
 49
0.0
140
0.0
141
0.0
142
1.0
143
1.0
 70
   688
 72
     0
 73
     0
 74
     5
  7

 75
    16
147
1.0
 76
     0
 77
     2
 78
   300
148
0.0
149
0.0
100
AcDbLayout
  1
Sheet1
 70
     1
 71
     1
 10
0.0
 20
0.0
 11
12.0
 21
9.0
 12
0.0
 22
0.0
 32
0.0
 14
0.0
 24
0.0
 34
0.0
 15
0.0
 25
0.0
 35
0.0
146
0.0
 13
0.0
 23
0.0
 33
0.0
 16
1.0
 26
0.0
 36
0.0
 17
0.0
 27
1.0
 37
0.0
 76
     0
330
6C
  0
LAYOUT
  5
77
102
{ACAD_REACTORS
330
62
102
}
330
62
100
AcDbPlotSettings
  1

  2
None
  4

  6

 40
0.0
 41
0.0
 42
0.0
 43
0.0
 44
0.0
 45
0.0
 46
0.0
 47
0.0
 48
0.0
 49
0.0
140
0.0
141
0.0
142
1.0
143
1.0
 70
   688
 72
     0
 73
     0
 74
     5
  7

 75
    16
147
1.0
 76
     0
 77
     2
 78
   300
148
0.0
149
0.0
100
AcDbLayout
  1
Sheet2
 70
     1
 71
     2
 10
0.0
 20
0.0
 11
12.0
 21
9.0
 12
0.0
 22
0.0
 32
0.0
 14
0.0
 24
0.0
 34
0.0
 15
0.0
 25
0.0
 35
0.0
146
0.0
 13
0.0
 23
0.0
 33
0.0
 16
1.0
 26
0.0
 36
0.0
 17
0.0
 27
1.0
 37
0.0
 76
     0
330
74
  0
MATERIAL
  5
19
102
{ACAD_XDICTIONARY
360
1A
102
}
102
{ACAD_REACTORS
330
10
102
}
330
10
100
AcDbMaterial
  1
ByBlock
 72
     0
 43
0.020833
 43
0.0
 43
0.0
 43
0.0
 43
0.0
 43
0.020833
 43
0.0
 43
0.0
 43
0.0
 43
0.0
 43
1.0
 43
0.0
 43
0.0
 43
0.0
 43
0.0
 43
1.0
 77
     0
 47
0.020833
 47
0.0
 47
0.0
 47
0.0
 47
0.0
 47
0.020833
 47
0.0
 47
0.0
 47
0.0
 47
0.0
 47
1.0
 47
0.0
 47
0.0
 47
0.0
 47
0.0
 47
1.0
171
     0
 49
0.020833
 49
0.0
 49
0.0
 49
0.0
 49
0.0
 49
0.020833
 49
0.0
 49
0.0
 49
0.0
 49
0.0
 49
1.0
 49
0.0
 49
0.0
 49
0.0
 49
0.0
 49
1.0
175
     0
142
0.020833
142
0.0
142
0.0
142
0.0
142
0.0
142
0.020833
142
0.0
142
0.0
142
0.0
142
0.0
142
1.0
142
0.0
142
0.0
142
0.0
142
0.0
142
1.0
179
     0
144
0.020833
144
0.0
144
0.0
144
0.0
144
0.0
144
0.020833
144
0.0
144
0.0
144
0.0
144
0.0
144
1.0
144
0.0
144
0.0
144
0.0
144
0.0
144
1.0
147
0.020833
147
0.0
147
0.0
147
0.0
147
0.0
147
0.020833
147
0.0
147
0.0
147
0.0
147
0.0
147
1.0
147
0.0
147
0.0
147
0.0
147
0.0
147
1.0
  0
MATERIAL
  5
11
102
{ACAD_XDICTIONARY
360
12
102
}
102
{ACAD_REACTORS
330
10
102
}
330
10
100
AcDbMaterial
  1
ByLayer
 72
     0
 43
0.020833
 43
0.0
 43
0.0
 43
0.0
 43
0.0
 43
0.020833
 43
0.0
 43
0.0
 43
0.0
 43
0.0
 43
1.0
 43
0.0
 43
0.0
 43
0.0
 43
0.0
 43
1.0
 77
     0
 47
0.020833
 47
0.0
 47
0.0
 47
0.0
 47
0.0
 47
0.020833
 47
0.0
 47
0.0
 47
0.0
 47
0.0
 47
1.0
 47
0.0
 47
0.0
 47
0.0
 47
0.0
 47
1.0
171
     0
 49
0.020833
 49
0.0
 49
0.0
 49
0.0
 49
0.0
 49
0.020833
 49
0.0
 49
0.0
 49
0.0
 49
0.0
 49
1.0
 49
0.0
 49
0.0
 49
0.0
 49
0.0
 49
1.0
175
     0
142
0.020833
142
0.0
142
0.0
142
0.0
142
0.0
142
0.020833
142
0.0
142
0.0
142
0.0
142
0.0
142
1.0
142
0.0
142
0.0
142
0.0
142
0.0
142
1.0
179
     0
144
0.020833
144
0.0
144
0.0
144
0.0
144
0.0
144
0.020833
144
0.0
144
0.0
144
0.0
144
0.0
144
1.0
144
0.0
144
0.0
144
0.0
144
0.0
144
1.0
147
0.020833
147
0.0
147
0.0
147
0.0
147
0.0
147
0.020833
147
0.0
147
0.0
147
0.0
147
0.0
147
1.0
147
0.0
147
0.0
147
0.0
147
0.0
147
1.0
  0
MATERIAL
  5
21
102
{ACAD_XDICTIONARY
360
22
102
}
102
{ACAD_REACTORS
330
10
102
}
330
10
100
AcDbMaterial
  1
Global
 72
     0
 43
0.020833
 43
0.0
 43
0.0
 43
0.0
 43
0.0
 43
0.020833
 43
0.0
 43
0.0
 43
0.0
 43
0.0
 43
1.0
 43
0.0
 43
0.0
 43
0.0
 43
0.0
 43
1.0
 77
     0
 47
0.020833
 47
0.0
 47
0.0
 47
0.0
 47
0.0
 47
0.020833
 47
0.0
 47
0.0
 47
0.0
 47
0.0
 47
1.0
 47
0.0
 47
0.0
 47
0.0
 47
0.0
 47
1.0
171
     0
 49
0.020833
 49
0.0
 49
0.0
 49
0.0
 49
0.0
 49
0.020833
 49
0.0
 49
0.0
 49
0.0
 49
0.0
 49
1.0
 49
0.0
 49
0.0
 49
0.0
 49
0.0
 49
1.0
175
     0
142
0.020833
142
0.0
142
0.0
142
0.0
142
0.0
142
0.020833
142
0.0
142
0.0
142
0.0
142
0.0
142
1.0
142
0.0
142
0.0
142
0.0
142
0.0
142
1.0
179
     0
144
0.020833
144
0.0
144
0.0
144
0.0
144
0.0
144
0.020833
144
0.0
144
0.0
144
0.0
144
0.0
144
1.0
144
0.0
144
0.0
144
0.0
144
0.0
144
1.0
147
0.020833
147
0.0
147
0.0
147
0.0
147
0.0
147
0.020833
147
0.0
147
0.0
147
0.0
147
0.0
147
1.0
147
0.0
147
0.0
147
0.0
147
0.0
147
1.0
  0
MLEADERSTYLE
  5
67
102
{ACAD_REACTORS
330
66
102
}
330
66
100
AcDbMLeaderStyle
179
     2
170
     2
171
     1
172
     0
 90
        2
 40
0.0
 41
0.0
173
     1
 91
-1056964608
340
5B
 92
       -2
290
     1
 42
0.09
291
     1
 43
0.36
  3
Standard
 44
0.18
300

342
55
174
     1
178
     6
175
     1
176
     0
 93
-1056964608
 45
0.18
292
     0
297
     0
 46
0.18
 94
-1056964608
 47
1.0
 49
1.0
140
1.0
293
     1
141
0.0
294
     1
177
     0
142
1.0
295
     0
296
     0
143
0.125
271
     0
272
     9
273
     9
298
     1
  0
MLINESTYLE
  5
60
102
{ACAD_REACTORS
330
5F
102
}
330
5F
100
AcDbMlineStyle
  2
STANDARD
 70
     0
  3

 62
   256
 51
90.0
 52
90.0
 71
     0
  0
ACDBPLACEHOLDER
  5
F
102
{ACAD_REACTORS
330
E
102
}
330
E
  0
SCALE
  5
AC
102
{ACAD_REACTORS
330
42
102
}
330
42
100
AcDbScale
 70
     0
300
1:2
140
1.0
141
2.0
290
     0
  0
SCALE
  5
B5
102
{ACAD_REACTORS
330
42
102
}
330
42
100
AcDbScale
 70
     0
300
1:50
140
1.0
141
50.0
290
     0
  0
SCALE
  5
B6
102
{ACAD_REACTORS
330
42
102
}
330
42
100
AcDbScale
 70
     0
300
1:100
140
1.0
141
100.0
290
     0
  0
SCALE
  5
B7
102
{ACAD_REACTORS
330
42
102
}
330
42
100
AcDbScale
 70
     0
300
2:1
140
2.0
141
1.0
290
     0
  0
SCALE
  5
B8
102
{ACAD_REACTORS
330
42
102
}
330
42
100
AcDbScale
 70
     0
300
4:1
140
4.0
141
1.0
290
     0
  0
SCALE
  5
B9
102
{ACAD_REACTORS
330
42
102
}
330
42
100
AcDbScale
 70
     0
300
8:1
140
8.0
141
1.0
290
     0
  0
SCALE
  5
BA
102
{ACAD_REACTORS
330
42
102
}
330
42
100
AcDbScale
 70
     0
300
10:1
140
10.0
141
1.0
290
     0
  0
SCALE
  5
BB
102
{ACAD_REACTORS
330
42
102
}
330
42
100
AcDbScale
 70
     0
300
100:1
140
100.0
141
1.0
290
     0
  0
SCALE
  5
AD
102
{ACAD_REACTORS
330
42
102
}
330
42
100
AcDbScale
 70
     0
300
1:4
140
1.0
141
4.0
290
     0
  0
SCALE
  5
AE
102
{ACAD_REACTORS
330
42
102
}
330
42
100
AcDbScale
 70
     0
300
1:5
140
1.0
141
5.0
290
     0
  0
SCALE
  5
AF
102
{ACAD_REACTORS
330
42
102
}
330
42
100
AcDbScale
 70
     0
300
1:8
140
1.0
141
8.0
290
     0
  0
SCALE
  5
B0
102
{ACAD_REACTORS
330
42
102
}
330
42
100
AcDbScale
 70
     0
300
1:10
140
1.0
141
10.0
290
     0
  0
SCALE
  5
B1
102
{ACAD_REACTORS
330
42
102
}
330
42
100
AcDbScale
 70
     0
300
1:16
140
1.0
141
16.0
290
     0
  0
SCALE
  5
B2
102
{ACAD_REACTORS
330
42
102
}
330
42
100
AcDbScale
 70
     0
300
1:20
140
1.0
141
20.0
290
     0
  0
SCALE
  5
B3
102
{ACAD_REACTORS
330
42
102
}
330
42
100
AcDbScale
 70
     0
300
1:30
140
1.0
141
30.0
290
     0
  0
SCALE
  5
B4
102
{ACAD_REACTORS
330
42
102
}
330
42
100
AcDbScale
 70
     0
300
1:40
140
1.0
141
40.0
290
     0
  0
SCALE
  5
43
102
{ACAD_REACTORS
330
42
102
}
330
42
100
AcDbScale
 70
     0
300
1:1
140
1.0
141
1.0
290
     1
  0
SCALE
  5
44
102
{ACAD_REACTORS
330
42
102
}
330
42
100
AcDbScale
 70
     0
300
1/128" = 1'-0"
140
0.007813
141
12.0
290
     0
  0
SCALE
  5
45
102
{ACAD_REACTORS
330
42
102
}
330
42
100
AcDbScale
 70
     0
300
1/64" = 1'-0"
140
0.015625
141
12.0
290
     0
  0
SCALE
  5
46
102
{ACAD_REACTORS
330
42
102
}
330
42
100
AcDbScale
 70
     0
300
1/32" = 1'-0"
140
0.03125
141
12.0
290
     0
  0
SCALE
  5
47
102
{ACAD_REACTORS
330
42
102
}
330
42
100
AcDbScale
 70
     0
300
1/16" = 1'-0"
140
0.0625
141
12.0
290
     0
  0
SCALE
  5
48
102
{ACAD_REACTORS
330
42
102
}
330
42
100
AcDbScale
 70
     0
300
3/32" = 1'-0"
140
0.09375
141
12.0
290
     0
  0
SCALE
  5
49
102
{ACAD_REACTORS
330
42
102
}
330
42
100
AcDbScale
 70
     0
300
1/8" = 1'-0"
140
0.125
141
12.0
290
     0
  0
SCALE
  5
4A
102
{ACAD_REACTORS
330
42
102
}
330
42
100
AcDbScale
 70
     0
300
3/16" = 1'-0"
140
0.1875
141
12.0
290
     0
  0
SCALE
  5
4B
102
{ACAD_REACTORS
330
42
102
}
330
42
100
AcDbScale
 70
     0
300
1/4" = 1'-0"
140
0.25
141
12.0
290
     0
  0
SCALE
  5
4C
102
{ACAD_REACTORS
330
42
102
}
330
42
100
AcDbScale
 70
     0
300
3/8" = 1'-0"
140
0.375
141
12.0
290
     0
  0
SCALE
  5
4D
102
{ACAD_REACTORS
330
42
102
}
330
42
100
AcDbScale
 70
     0
300
1/2" = 1'-0"
140
0.5
141
12.0
290
     0
  0
SCALE
  5
4E
102
{ACAD_REACTORS
330
42
102
}
330
42
100
AcDbScale
 70
     0
300
3/4" = 1'-0"
140
0.75
141
12.0
290
     0
  0
SCALE
  5
4F
102
{ACAD_REACTORS
330
42
102
}
330
42
100
AcDbScale
 70
     0
300
1" = 1'-0"
140
1.0
141
12.0
290
     0
  0
SCALE
  5
50
102
{ACAD_REACTORS
330
42
102
}
330
42
100
AcDbScale
 70
     0
300
1-1/2" = 1'-0"
140
1.5
141
12.0
290
     0
  0
SCALE
  5
51
102
{ACAD_REACTORS
330
42
102
}
330
42
100
AcDbScale
 70
     0
300
3" = 1'-0"
140
3.0
141
12.0
290
     0
  0
SCALE
  5
52
102
{ACAD_REACTORS
330
42
102
}
330
42
100
AcDbScale
 70
     0
300
6" = 1'-0"
140
6.0
141
12.0
290
     0
  0
SCALE
  5
53
102
{ACAD_REACTORS
330
42
102
}
330
42
100
AcDbScale
 70
     0
300
1'-0" = 1'-0"
140
12.0
141
12.0
290
     0
  0
ACDBSECTIONVIEWSTYLE
  5
69
102
{ACAD_XDICTIONARY
360
674
102
}
102
{ACAD_REACTORS
330
68
102
}
330
68
100
AcDbModelDocViewStyle
 70
     0
  3
Imperial24
290
     0
100
AcDbSectionViewStyle
 70
     0
 71
     0
 90
       78
 71
     1
340
55
 62
   256
 40
0.24
340
0
340
0
 62
   256
 40
0.24
300
I, O, Q, S, X, Z
 40
0.48
 90
        3
 40
0.18
 90
        1
 71
     2
340
5D
 90
       25
 62
   256
340
5D
 90
       50
 62
   256
 40
0.24
 40
0.0
 40
0.24
 71
     3
340
55
 62
   256
 40
0.24
 90
        1
 40
0.75
 90
        1
300
%<\AcVar ViewType \f "%tc1">% %<\AcVar ViewSectionStartId>%-%<\AcVar ViewSectionEndId>%\PSCALE %<\AcVar ViewScale \f "%sn">%
 71
     4
 62
   256
 62
   257
300
ANSI31
 40
1.0
 90
        0
290
     0
290
     0
 90
        6
 40
0.0
 40
1.570796
 40
0.261799
 40
1.308997
 40
-0.261799
 40
1.832596
  0
TABLESTYLE
  5
65
102
{ACAD_XDICTIONARY
360
671
102
}
102
{ACAD_REACTORS
330
64
102
}
330
64
100
AcDbTableStyle
280
     0
  3
Standard
 70
     0
 71
     0
 40
1.5
 41
1.5
280
     0
281
     0
  7
Standard
140
0.18
170
     2
 62
     0
 63
     7
283
     0
 90
      512
 91
        0
  1

274
    -2
284
     1
 64
     0
275
    -2
285
     1
 65
     0
276
    -2
286
     1
 66
     0
277
    -2
287
     1
 67
     0
278
    -2
288
     1
 68
     0
279
    -2
289
     1
 69
     0
  7
Standard
140
0.25
170
     5
 62
     0
 63
     7
283
     0
 90
      512
 91
        0
  1

274
    -2
284
     1
 64
     0
275
    -2
285
     1
 65
     0
276
    -2
286
     1
 66
     0
277
    -2
287
     1
 67
     0
278
    -2
288
     1
 68
     0
279
    -2
289
     1
 69
     0
  7
Standard
140
0.18
170
     5
 62
     0
 63
     7
283
     0
 90
      512
 91
        0
  1

274
    -2
284
     1
 64
     0
275
    -2
285
     1
 65
     0
276
    -2
286
     1
 66
     0
277
    -2
287
     1
 67
     0
278
    -2
288
     1
 68
     0
279
    -2
289
     1
 69
     0
  0
VISUALSTYLE
  5
2F
102
{ACAD_REACTORS
330
29
102
}
330
29
100
AcDbVisualStyle
  2
2dWireframe
 70
     4
177
     3
291
     0
 70
    58
 90
        0
176
     1
 90
        2
176
     1
 90
        0
176
     1
 90
        0
176
     1
 40
0.6
176
     1
 40
30.0
176
     1
 62
     7
420
 16777215
176
     1
 90
        1
176
     1
 90
        4
176
     1
 62
     7
176
     1
 62
   257
176
     1
 90
        1
176
     1
 90
        1
176
     1
 40
1.0
176
     1
 90
        0
176
     1
 62
   257
176
     1
 40
1.0
176
     1
 90
        1
176
     1
 90
        6
176
     1
 90
        2
176
     1
 62
     7
176
     1
 90
        5
176
     1
 90
        0
176
     1
 90
        0
176
     1
290
     0
176
     1
 90
        1
176
     1
 40
0.0
176
     1
 90
        0
176
     1
290
     1
176
     1
290
     1
176
     1
290
     0
176
     1
290
     0
176
     1
290
     0
176
     1
290
     0
176
     1
290
     0
176
     1
290
     0
176
     1
290
     0
176
     1
 90
       50
176
     1
 40
0.0
176
     1
 40
1.0
176
     1
 90
        0
176
     1
 62
    18
420
        0
176
     1
 90
       50
176
     1
 90
        3
176
     1
 62
     5
420
      255
176
     1
290
     0
176
     1
 90
       50
176
     1
 90
       50
176
     1
 90
       50
176
     1
290
     0
176
     1
 90
       50
176
     1
 62
   256
176
     0
 40
1.0
176
     0
 90
        2
176
     1
  1
strokes_ogs.tif
176
     1
290
     0
176
     1
 40
1.0
176
     1
 40
1.0
176
     1
1001
ACAD
1000
AcDbSavedByObjectVersion
1070
     0
  0
VISUALSTYLE
  5
2E
102
{ACAD_REACTORS
330
29
102
}
330
29
100
AcDbVisualStyle
  2
Basic
 70
     7
177
     3
291
     1
 70
    58
 90
        1
176
     1
 90
        0
176
     1
 90
        1
176
     1
 90
        0
176
     1
 40
0.6
176
     1
 40
30.0
176
     1
 62
     7
420
 16777215
176
     1
 90
        0
176
     1
 90
        4
176
     1
 62
     7
176
     1
 62
   257
176
     1
 90
        1
176
     1
 90
        1
176
     1
 40
1.0
176
     1
 90
        8
176
     1
 62
     7
176
     1
 40
1.0
176
     1
 90
        1
176
     1
 90
        6
176
     1
 90
        2
176
     1
 62
     7
176
     1
 90
        5
176
     1
 90
        0
176
     1
 90
        0
176
     1
290
     0
176
     1
 90
        1
176
     1
 40
0.0
176
     1
 90
        0
176
     1
290
     0
176
     1
290
     1
176
     1
290
     1
176
     1
290
     0
176
     1
290
     0
176
     1
290
     0
176
     1
290
     0
176
     1
290
     0
176
     1
290
     0
176
     1
 90
       50
176
     1
 40
0.0
176
     1
 40
1.0
176
     1
 90
        0
176
     1
 62
    18
420
        0
176
     1
 90
       50
176
     1
 90
        3
176
     1
 62
     5
420
      255
176
     1
290
     0
176
     1
 90
       50
176
     1
 90
       50
176
     1
 90
       50
176
     1
290
     0
176
     1
 90
       50
176
     1
 62
   256
176
     0
 40
1.0
176
     0
 90
        2
176
     1
  1
strokes_ogs.tif
176
     1
290
     0
176
     1
 40
1.0
176
     1
 40
1.0
176
     1
1001
ACAD
1000
AcDbSavedByObjectVersion
1070
     0
  0
VISUALSTYLE
  5
35
102
{ACAD_REACTORS
330
29
102
}
330
29
100
AcDbVisualStyle
  2
Brighten
 70
    12
177
     3
291
     1
 70
    58
 90
        2
176
     1
 90
        2
176
     1
 90
        0
176
     1
 90
        0
176
     1
 40
0.6
176
     1
 40
30.0
176
     1
 62
     7
420
 16777215
176
     1
 90
        1
176
     1
 90
        4
176
     1
 62
     7
176
     1
 62
   257
176
     1
 90
        1
176
     1
 90
        1
176
     1
 40
1.0
176
     1
 90
        8
176
     1
 62
     7
176
     1
 40
1.0
176
     1
 90
        1
176
     1
 90
        6
176
     1
 90
        2
176
     1
 62
     7
176
     1
 90
        5
176
     1
 90
        0
176
     1
 90
        0
176
     1
290
     0
176
     1
 90
        1
176
     1
 40
50.0
176
     1
 90
        0
176
     1
290
     0
176
     1
290
     1
176
     1
290
     1
176
     1
290
     0
176
     1
290
     0
176
     1
290
     0
176
     1
290
     0
176
     1
290
     0
176
     1
290
     0
176
     1
 90
       50
176
     1
 40
0.0
176
     1
 40
1.0
176
     1
 90
        0
176
     1
 62
    18
420
        0
176
     1
 90
       50
176
     1
 90
        3
176
     1
 62
     5
420
      255
176
     1
290
     0
176
     1
 90
       50
176
     1
 90
       50
176
     1
 90
       50
176
     1
290
     0
176
     1
 90
       50
176
     1
 62
   256
176
     0
 40
1.0
176
     0
 90
        2
176
     1
  1
strokes_ogs.tif
176
     1
290
     0
176
     1
 40
1.0
176
     1
 40
1.0
176
     1
1001
ACAD
1000
AcDbSavedByObjectVersion
1070
     0
  0
VISUALSTYLE
  5
39
102
{ACAD_REACTORS
330
29
102
}
330
29
100
AcDbVisualStyle
  2
ColorChange
 70
    16
177
     3
291
     1
 70
    58
 90
        2
176
     1
 90
        2
176
     1
 90
        3
176
     1
 90
        0
176
     1
 40
0.6
176
     1
 40
30.0
176
     1
 62
     8
420
  8421504
176
     1
 90
        1
176
     1
 90
        4
176
     1
 62
     7
176
     1
 62
   257
176
     1
 90
        1
176
     1
 90
        1
176
     1
 40
1.0
176
     1
 90
        8
176
     1
 62
     8
420
  8421504
176
     1
 40
1.0
176
     1
 90
        1
176
     1
 90
        6
176
     1
 90
        2
176
     1
 62
     7
176
     1
 90
        5
176
     1
 90
        0
176
     1
 90
        0
176
     1
290
     0
176
     1
 90
        1
176
     1
 40
0.0
176
     1
 90
        0
176
     1
290
     0
176
     1
290
     1
176
     1
290
     1
176
     1
290
     0
176
     1
290
     0
176
     1
290
     0
176
     1
290
     0
176
     1
290
     0
176
     1
290
     0
176
     1
 90
       50
176
     1
 40
0.0
176
     1
 40
1.0
176
     1
 90
        0
176
     1
 62
    18
420
        0
176
     1
 90
       50
176
     1
 90
        3
176
     1
 62
     5
420
      255
176
     1
290
     0
176
     1
 90
       50
176
     1
 90
       50
176
     1
 90
       50
176
     1
290
     0
176
     1
 90
       50
176
     1
 62
   256
176
     0
 40
1.0
176
     0
 90
        2
176
     1
  1
strokes_ogs.tif
176
     1
290
     0
176
     1
 40
1.0
176
     1
 40
1.0
176
     1
1001
ACAD
1000
AcDbSavedByObjectVersion
1070
     0
  0
VISUALSTYLE
  5
32
102
{ACAD_REACTORS
330
29
102
}
330
29
100
AcDbVisualStyle
  2
Conceptual
 70
     9
177
     3
291
     0
 70
    58
 90
        3
176
     1
 90
        2
176
     1
 90
        0
176
     1
 90
        0
176
     1
 40
0.6
176
     1
 40
30.0
176
     1
 62
     7
420
 16777215
176
     1
 90
        2
176
     1
 90
        2
176
     1
 62
     7
176
     1
 62
   257
176
     1
 90
        1
176
     1
 90
        1
176
     1
 40
179.0
176
     1
 90
        8
176
     1
 62
     7
176
     1
 40
1.0
176
     1
 90
        1
176
     1
 90
        6
176
     1
 90
        2
176
     1
 62
     7
176
     1
 90
        3
176
     1
 90
        0
176
     1
 90
        0
176
     1
290
     0
176
     1
 90
        1
176
     1
 40
0.0
176
     1
 90
        0
176
     1
290
     0
176
     1
290
     1
176
     1
290
     1
176
     1
290
     0
176
     1
290
     0
176
     1
290
     0
176
     1
290
     0
176
     1
290
     0
176
     1
290
     0
176
     1
 90
       50
176
     1
 40
0.0
176
     1
 40
1.0
176
     1
 90
        0
176
     1
 62
    18
420
        0
176
     1
 90
       50
176
     1
 90
        3
176
     1
 62
     5
420
      255
176
     1
290
     0
176
     1
 90
       50
176
     1
 90
       50
176
     1
 90
       50
176
     1
290
     0
176
     1
 90
       50
176
     1
 62
   256
176
     0
 40
1.0
176
     0
 90
        2
176
     1
  1
strokes_ogs.tif
176
     1
290
     0
176
     1
 40
1.0
176
     1
 40
1.0
176
     1
1001
ACAD
1000
AcDbSavedByObjectVersion
1070
     0
  0
VISUALSTYLE
  5
34
102
{ACAD_REACTORS
330
29
102
}
330
29
100
AcDbVisualStyle
  2
Dim
 70
    11
177
     3
291
     1
 70
    58
 90
        2
176
     1
 90
        2
176
     1
 90
        0
176
     1
 90
        0
176
     1
 40
0.6
176
     1
 40
30.0
176
     1
 62
     7
420
 16777215
176
     1
 90
        1
176
     1
 90
        4
176
     1
 62
     7
176
     1
 62
   257
176
     1
 90
        1
176
     1
 90
        1
176
     1
 40
1.0
176
     1
 90
        8
176
     1
 62
     7
176
     1
 40
1.0
176
     1
 90
        1
176
     1
 90
        6
176
     1
 90
        2
176
     1
 62
     7
176
     1
 90
        5
176
     1
 90
        0
176
     1
 90
        0
176
     1
290
     0
176
     1
 90
        1
176
     1
 40
-50.0
176
     1
 90
        0
176
     1
290
     0
176
     1
290
     1
176
     1
290
     1
176
     1
290
     0
176
     1
290
     0
176
     1
290
     0
176
     1
290
     0
176
     1
290
     0
176
     1
290
     0
176
     1
 90
       50
176
     1
 40
0.0
176
     1
 40
1.0
176
     1
 90
        0
176
     1
 62
    18
420
        0
176
     1
 90
       50
176
     1
 90
        3
176
     1
 62
     5
420
      255
176
     1
290
     0
176
     1
 90
       50
176
     1
 90
       50
176
     1
 90
       50
176
     1
290
     0
176
     1
 90
       50
176
     1
 62
   256
176
     0
 40
1.0
176
     0
 90
        2
176
     1
  1
strokes_ogs.tif
176
     1
290
     0
176
     1
 40
1.0
176
     1
 40
1.0
176
     1
1001
ACAD
1000
AcDbSavedByObjectVersion
1070
     0
  0
VISUALSTYLE
  5
41
102
{ACAD_REACTORS
330
29
102
}
330
29
100
AcDbVisualStyle
  2
EdgeColorOff
 70
    22
177
     3
291
     1
 70
    58
 90
        2
176
     0
 90
        2
176
     0
 90
        0
176
     0
 90
        0
176
     0
 40
0.6
176
     0
 40
30.0
176
     0
 62
     7
420
 16777215
176
     0
 90
        1
176
     0
 90
        4
176
     0
 62
     7
176
     0
 62
   257
176
     0
 90
        1
176
     0
 90
        1
176
     0
 40
1.0
176
     0
 90
        8
176
     2
 62
     7
176
     0
 40
1.0
176
     0
 90
        1
176
     0
 90
        6
176
     0
 90
        2
176
     0
 62
     7
176
     0
 90
        5
176
     0
 90
        0
176
     0
 90
        0
176
     0
290
     0
176
     0
 90
        1
176
     0
 40
0.0
176
     0
 90
        0
176
     0
290
     0
176
     0
290
     1
176
     0
290
     1
176
     0
290
     0
176
     0
290
     0
176
     0
290
     0
176
     0
290
     0
176
     0
290
     0
176
     0
290
     0
176
     0
 90
       50
176
     0
 40
0.0
176
     0
 40
1.0
176
     0
 90
        0
176
     0
 62
    18
420
        0
176
     0
 90
       50
176
     0
 90
        3
176
     0
 62
     5
420
      255
176
     0
290
     0
176
     0
 90
       50
176
     0
 90
       50
176
     0
 90
       50
176
     0
290
     0
176
     0
 90
       50
176
     0
 62
   256
176
     0
 40
1.0
176
     0
 90
        2
176
     0
  1
strokes_ogs.tif
176
     0
290
     0
176
     0
 40
1.0
176
     0
 40
1.0
176
     0
1001
ACAD
1000
AcDbSavedByObjectVersion
1070
     0
  0
VISUALSTYLE
  5
38
102
{ACAD_REACTORS
330
29
102
}
330
29
100
AcDbVisualStyle
  2
Facepattern
 70
    15
177
     3
291
     1
 70
    58
 90
        2
176
     1
 90
        2
176
     1
 90
        0
176
     1
 90
        0
176
     1
 40
0.6
176
     1
 40
30.0
176
     1
 62
     7
420
 16777215
176
     1
 90
        1
176
     1
 90
        4
176
     1
 62
     7
176
     1
 62
   257
176
     1
 90
        1
176
     1
 90
        1
176
     1
 40
1.0
176
     1
 90
        8
176
     1
 62
     7
176
     1
 40
1.0
176
     1
 90
        1
176
     1
 90
        6
176
     1
 90
        2
176
     1
 62
     7
176
     1
 90
        5
176
     1
 90
        0
176
     1
 90
        0
176
     1
290
     0
176
     1
 90
        1
176
     1
 40
0.0
176
     1
 90
        0
176
     1
290
     0
176
     1
290
     1
176
     1
290
     1
176
     1
290
     0
176
     1
290
     0
176
     1
290
     0
176
     1
290
     0
176
     1
290
     0
176
     1
290
     0
176
     1
 90
       50
176
     1
 40
0.0
176
     1
 40
1.0
176
     1
 90
        0
176
     1
 62
    18
420
        0
176
     1
 90
       50
176
     1
 90
        3
176
     1
 62
     5
420
      255
176
     1
290
     0
176
     1
 90
       50
176
     1
 90
       50
176
     1
 90
       50
176
     1
290
     0
176
     1
 90
       50
176
     1
 62
   256
176
     0
 40
1.0
176
     0
 90
        2
176
     1
  1
strokes_ogs.tif
176
     1
290
     0
176
     1
 40
1.0
176
     1
 40
1.0
176
     1
1001
ACAD
1000
AcDbSavedByObjectVersion
1070
     0
  0
VISUALSTYLE
  5
2A
102
{ACAD_REACTORS
330
29
102
}
330
29
100
AcDbVisualStyle
  2
Flat
 70
     0
177
     3
291
     1
 70
    58
 90
        2
176
     1
 90
        1
176
     1
 90
        1
176
     1
 90
        2
176
     1
 40
0.6
176
     1
 40
30.0
176
     1
 62
     7
420
 16777215
176
     1
 90
        0
176
     1
 90
        0
176
     1
 62
     7
176
     1
 62
   257
176
     1
 90
        1
176
     1
 90
        1
176
     1
 40
1.0
176
     1
 90
        8
176
     1
 62
     7
176
     1
 40
1.0
176
     1
 90
        1
176
     1
 90
        6
176
     1
 90
        2
176
     1
 62
     7
176
     1
 90
        5
176
     1
 90
        0
176
     1
 90
        0
176
     1
290
     0
176
     1
 90
       13
176
     1
 40
0.0
176
     1
 90
        0
176
     1
290
     0
176
     1
290
     1
176
     1
290
     1
176
     1
290
     0
176
     1
290
     0
176
     1
290
     0
176
     1
290
     0
176
     1
290
     0
176
     1
290
     0
176
     1
 90
       50
176
     1
 40
0.0
176
     1
 40
1.0
176
     1
 90
        0
176
     1
 62
    18
420
        0
176
     1
 90
       50
176
     1
 90
        3
176
     1
 62
     5
420
      255
176
     1
290
     0
176
     1
 90
       50
176
     1
 90
       50
176
     1
 90
       50
176
     1
290
     0
176
     1
 90
       50
176
     1
 62
   256
176
     0
 40
1.0
176
     0
 90
        2
176
     1
  1
strokes_ogs.tif
176
     1
290
     0
176
     1
 40
1.0
176
     1
 40
1.0
176
     1
1001
ACAD
1000
AcDbSavedByObjectVersion
1070
     0
  0
VISUALSTYLE
  5
2B
102
{ACAD_REACTORS
330
29
102
}
330
29
100
AcDbVisualStyle
  2
FlatWithEdges
 70
     1
177
     3
291
     1
 70
    58
 90
        2
176
     1
 90
        1
176
     1
 90
        1
176
     1
 90
        2
176
     1
 40
0.6
176
     1
 40
30.0
176
     1
 62
     7
420
 16777215
176
     1
 90
        1
176
     1
 90
        0
176
     1
 62
     7
176
     1
 62
   257
176
     1
 90
        1
176
     1
 90
        1
176
     1
 40
1.0
176
     1
 90
        0
176
     1
 62
   257
176
     1
 40
1.0
176
     1
 90
        1
176
     1
 90
        6
176
     1
 90
        2
176
     1
 62
     7
176
     1
 90
        5
176
     1
 90
        0
176
     1
 90
        0
176
     1
290
     0
176
     1
 90
       13
176
     1
 40
0.0
176
     1
 90
        0
176
     1
290
     0
176
     1
290
     1
176
     1
290
     1
176
     1
290
     0
176
     1
290
     0
176
     1
290
     0
176
     1
290
     0
176
     1
290
     0
176
     1
290
     0
176
     1
 90
       50
176
     1
 40
0.0
176
     1
 40
1.0
176
     1
 90
        0
176
     1
 62
    18
420
        0
176
     1
 90
       50
176
     1
 90
        3
176
     1
 62
     5
420
      255
176
     1
290
     0
176
     1
 90
       50
176
     1
 90
       50
176
     1
 90
       50
176
     1
290
     0
176
     1
 90
       50
176
     1
 62
   256
176
     0
 40
1.0
176
     0
 90
        2
176
     1
  1
strokes_ogs.tif
176
     1
290
     0
176
     1
 40
1.0
176
     1
 40
1.0
176
     1
1001
ACAD
1000
AcDbSavedByObjectVersion
1070
     0
  0
VISUALSTYLE
  5
2C
102
{ACAD_REACTORS
330
29
102
}
330
29
100
AcDbVisualStyle
  2
Gouraud
 70
     2
177
     3
291
     1
 70
    58
 90
        2
176
     1
 90
        2
176
     1
 90
        1
176
     1
 90
        2
176
     1
 40
0.6
176
     1
 40
30.0
176
     1
 62
     7
420
 16777215
176
     1
 90
        0
176
     1
 90
        0
176
     1
 62
     7
176
     1
 62
   257
176
     1
 90
        1
176
     1
 90
        1
176
     1
 40
1.0
176
     1
 90
        0
176
     1
 62
     7
176
     1
 40
1.0
176
     1
 90
        1
176
     1
 90
        6
176
     1
 90
        2
176
     1
 62
     7
176
     1
 90
        5
176
     1
 90
        0
176
     1
 90
        0
176
     1
290
     0
176
     1
 90
       13
176
     1
 40
0.0
176
     1
 90
        0
176
     1
290
     0
176
     1
290
     1
176
     1
290
     1
176
     1
290
     0
176
     1
290
     0
176
     1
290
     0
176
     1
290
     0
176
     1
290
     0
176
     1
290
     0
176
     1
 90
       50
176
     1
 40
0.0
176
     1
 40
1.0
176
     1
 90
        0
176
     1
 62
    18
420
        0
176
     1
 90
       50
176
     1
 90
        3
176
     1
 62
     5
420
      255
176
     1
290
     0
176
     1
 90
       50
176
     1
 90
       50
176
     1
 90
       50
176
     1
290
     0
176
     1
 90
       50
176
     1
 62
   256
176
     0
 40
1.0
176
     0
 90
        2
176
     1
  1
strokes_ogs.tif
176
     1
290
     0
176
     1
 40
1.0
176
     1
 40
1.0
176
     1
1001
ACAD
1000
AcDbSavedByObjectVersion
1070
     0
  0
VISUALSTYLE
  5
2D
102
{ACAD_REACTORS
330
29
102
}
330
29
100
AcDbVisualStyle
  2
GouraudWithEdges
 70
     3
177
     3
291
     1
 70
    58
 90
        2
176
     1
 90
        2
176
     1
 90
        1
176
     1
 90
        2
176
     1
 40
0.6
176
     1
 40
30.0
176
     1
 62
     7
420
 16777215
176
     1
 90
        1
176
     1
 90
        0
176
     1
 62
     7
176
     1
 62
   257
176
     1
 90
        1
176
     1
 90
        1
176
     1
 40
1.0
176
     1
 90
        0
176
     1
 62
   257
176
     1
 40
1.0
176
     1
 90
        1
176
     1
 90
        6
176
     1
 90
        2
176
     1
 62
     7
176
     1
 90
        5
176
     1
 90
        0
176
     1
 90
        0
176
     1
290
     0
176
     1
 90
       13
176
     1
 40
0.0
176
     1
 90
        0
176
     1
290
     0
176
     1
290
     1
176
     1
290
     1
176
     1
290
     0
176
     1
290
     0
176
     1
290
     0
176
     1
290
     0
176
     1
290
     0
176
     1
290
     0
176
     1
 90
       50
176
     1
 40
0.0
176
     1
 40
1.0
176
     1
 90
        0
176
     1
 62
    18
420
        0
176
     1
 90
       50
176
     1
 90
        3
176
     1
 62
     5
420
      255
176
     1
290
     0
176
     1
 90
       50
176
     1
 90
       50
176
     1
 90
       50
176
     1
290
     0
176
     1
 90
       50
176
     1
 62
   256
176
     0
 40
1.0
176
     0
 90
        2
176
     1
  1
strokes_ogs.tif
176
     1
290
     0
176
     1
 40
1.0
176
     1
 40
1.0
176
     1
1001
ACAD
1000
AcDbSavedByObjectVersion
1070
     0
  0
VISUALSTYLE
  5
31
102
{ACAD_REACTORS
330
29
102
}
330
29
100
AcDbVisualStyle
  2
Hidden
 70
     6
177
     3
291
     0
 70
    58
 90
        1
176
     1
 90
        2
176
     1
 90
        2
176
     1
 90
        0
176
     1
 40
0.6
176
     1
 40
30.0
176
     1
 62
     7
420
 16777215
176
     1
 90
        2
176
     1
 90
        2
176
     1
 62
     7
176
     1
 62
   257
176
     1
 90
        2
176
     1
 90
        1
176
     1
 40
40.0
176
     1
 90
        0
176
     1
 62
   257
176
     1
 40
1.0
176
     1
 90
        1
176
     1
 90
        6
176
     1
 90
        2
176
     1
 62
     7
176
     1
 90
        3
176
     1
 90
        0
176
     1
 90
        0
176
     1
290
     0
176
     1
 90
        1
176
     1
 40
0.0
176
     1
 90
        0
176
     1
290
     0
176
     1
290
     1
176
     1
290
     1
176
     1
290
     0
176
     1
290
     0
176
     1
290
     0
176
     1
290
     0
176
     1
290
     0
176
     1
290
     0
176
     1
 90
       50
176
     1
 40
0.0
176
     1
 40
1.0
176
     1
 90
        0
176
     1
 62
    18
420
        0
176
     1
 90
       50
176
     1
 90
        3
176
     1
 62
     5
420
      255
176
     1
290
     0
176
     1
 90
       50
176
     1
 90
       50
176
     1
 90
       50
176
     1
290
     0
176
     1
 90
       50
176
     1
 62
   256
176
     0
 40
1.0
176
     0
 90
        2
176
     1
  1
strokes_ogs.tif
176
     1
290
     0
176
     1
 40
1.0
176
     1
 40
1.0
176
     1
1001
ACAD
1000
AcDbSavedByObjectVersion
1070
     0
  0
VISUALSTYLE
  5
3F
102
{ACAD_REACTORS
330
29
102
}
330
29
100
AcDbVisualStyle
  2
JitterOff
 70
    20
177
     3
291
     1
 70
    58
 90
        2
176
     0
 90
        2
176
     0
 90
        0
176
     0
 90
        0
176
     0
 40
0.6
176
     0
 40
30.0
176
     0
 62
     7
420
 16777215
176
     0
 90
        1
176
     0
 90
        4
176
     0
 62
     7
176
     0
 62
   257
176
     0
 90
        1
176
     0
 90
        1
176
     0
 40
1.0
176
     0
 90
       10
176
     2
 62
     7
176
     0
 40
1.0
176
     0
 90
        1
176
     0
 90
        6
176
     0
 90
        2
176
     0
 62
     7
176
     0
 90
        5
176
     0
 90
        0
176
     0
 90
        0
176
     0
290
     0
176
     0
 90
        1
176
     0
 40
0.0
176
     0
 90
        0
176
     0
290
     0
176
     0
290
     1
176
     0
290
     1
176
     0
290
     0
176
     0
290
     0
176
     0
290
     0
176
     0
290
     0
176
     0
290
     0
176
     0
290
     0
176
     0
 90
       50
176
     0
 40
0.0
176
     0
 40
1.0
176
     0
 90
        0
176
     0
 62
    18
420
        0
176
     0
 90
       50
176
     0
 90
        3
176
     0
 62
     5
420
      255
176
     0
290
     0
176
     0
 90
       50
176
     0
 90
       50
176
     0
 90
       50
176
     0
290
     0
176
     0
 90
       50
176
     0
 62
   256
176
     0
 40
1.0
176
     0
 90
        2
176
     0
  1
strokes_ogs.tif
176
     0
290
     0
176
     0
 40
1.0
176
     0
 40
1.0
176
     0
1001
ACAD
1000
AcDbSavedByObjectVersion
1070
     0
  0
VISUALSTYLE
  5
37
102
{ACAD_REACTORS
330
29
102
}
330
29
100
AcDbVisualStyle
  2
Linepattern
 70
    14
177
     3
291
     1
 70
    58
 90
        2
176
     1
 90
        2
176
     1
 90
        0
176
     1
 90
        0
176
     1
 40
0.6
176
     1
 40
30.0
176
     1
 62
     7
420
 16777215
176
     1
 90
        1
176
     1
 90
        4
176
     1
 62
     7
176
     1
 62
   257
176
     1
 90
        7
176
     1
 90
        7
176
     1
 40
1.0
176
     1
 90
        8
176
     1
 62
     7
176
     1
 40
1.0
176
     1
 90
        1
176
     1
 90
        6
176
     1
 90
        2
176
     1
 62
     7
176
     1
 90
        5
176
     1
 90
        0
176
     1
 90
        0
176
     1
290
     0
176
     1
 90
        1
176
     1
 40
0.0
176
     1
 90
        0
176
     1
290
     0
176
     1
290
     1
176
     1
290
     1
176
     1
290
     0
176
     1
290
     0
176
     1
290
     0
176
     1
290
     0
176
     1
290
     0
176
     1
290
     0
176
     1
 90
       50
176
     1
 40
0.0
176
     1
 40
1.0
176
     1
 90
        0
176
     1
 62
    18
420
        0
176
     1
 90
       50
176
     1
 90
        3
176
     1
 62
     5
420
      255
176
     1
290
     0
176
     1
 90
       50
176
     1
 90
       50
176
     1
 90
       50
176
     1
290
     0
176
     1
 90
       50
176
     1
 62
   256
176
     0
 40
1.0
176
     0
 90
        2
176
     1
  1
strokes_ogs.tif
176
     1
290
     0
176
     1
 40
1.0
176
     1
 40
1.0
176
     1
1001
ACAD
1000
AcDbSavedByObjectVersion
1070
     0
  0
VISUALSTYLE
  5
40
102
{ACAD_REACTORS
330
29
102
}
330
29
100
AcDbVisualStyle
  2
OverhangOff
 70
    21
177
     3
291
     1
 70
    58
 90
        2
176
     0
 90
        2
176
     0
 90
        0
176
     0
 90
        0
176
     0
 40
0.6
176
     0
 40
30.0
176
     0
 62
     7
420
 16777215
176
     0
 90
        1
176
     0
 90
        4
176
     0
 62
     7
176
     0
 62
   257
176
     0
 90
        1
176
     0
 90
        1
176
     0
 40
1.0
176
     0
 90
        9
176
     2
 62
     7
176
     0
 40
1.0
176
     0
 90
        1
176
     0
 90
        6
176
     0
 90
        2
176
     0
 62
     7
176
     0
 90
        5
176
     0
 90
        0
176
     0
 90
        0
176
     0
290
     0
176
     0
 90
        1
176
     0
 40
0.0
176
     0
 90
        0
176
     0
290
     0
176
     0
290
     1
176
     0
290
     1
176
     0
290
     0
176
     0
290
     0
176
     0
290
     0
176
     0
290
     0
176
     0
290
     0
176
     0
290
     0
176
     0
 90
       50
176
     0
 40
0.0
176
     0
 40
1.0
176
     0
 90
        0
176
     0
 62
    18
420
        0
176
     0
 90
       50
176
     0
 90
        3
176
     0
 62
     5
420
      255
176
     0
290
     0
176
     0
 90
       50
176
     0
 90
       50
176
     0
 90
       50
176
     0
290
     0
176
     0
 90
       50
176
     0
 62
   256
176
     0
 40
1.0
176
     0
 90
        2
176
     0
  1
strokes_ogs.tif
176
     0
290
     0
176
     0
 40
1.0
176
     0
 40
1.0
176
     0
1001
ACAD
1000
AcDbSavedByObjectVersion
1070
     0
  0
VISUALSTYLE
  5
33
102
{ACAD_REACTORS
330
29
102
}
330
29
100
AcDbVisualStyle
  2
Realistic
 70
     8
177
     3
291
     0
 70
    58
 90
        2
176
     1
 90
        3
176
     1
 90
        0
176
     1
 90
        2
176
     1
 40
0.6
176
     1
 40
30.0
176
     1
 62
     7
420
 16777215
176
     1
 90
        0
176
     1
 90
        0
176
     1
 62
     7
176
     1
 62
   257
176
     1
 90
        1
176
     1
 90
        1
176
     1
 40
1.0
176
     1
 90
        8
176
     1
 62
   257
176
     1
 40
1.0
176
     1
 90
        1
176
     1
 90
        6
176
     1
 90
        2
176
     1
 62
     7
176
     1
 90
        3
176
     1
 90
        0
176
     1
 90
        0
176
     1
290
     0
176
     1
 90
       13
176
     1
 40
0.0
176
     1
 90
        0
176
     1
290
     0
176
     1
290
     1
176
     1
290
     1
176
     1
290
     0
176
     1
290
     0
176
     1
290
     0
176
     1
290
     0
176
     1
290
     0
176
     1
290
     0
176
     1
 90
       50
176
     1
 40
0.0
176
     1
 40
1.0
176
     1
 90
        0
176
     1
 62
    18
420
        0
176
     1
 90
       50
176
     1
 90
        3
176
     1
 62
     5
420
      255
176
     1
290
     0
176
     1
 90
       50
176
     1
 90
       50
176
     1
 90
       50
176
     1
290
     0
176
     1
 90
       50
176
     1
 62
   256
176
     0
 40
1.0
176
     0
 90
        2
176
     1
  1
strokes_ogs.tif
176
     1
290
     0
176
     1
 40
1.0
176
     1
 40
1.0
176
     1
1001
ACAD
1000
AcDbSavedByObjectVersion
1070
     0
  0
VISUALSTYLE
  5
3E
102
{ACAD_REACTORS
330
29
102
}
330
29
100
AcDbVisualStyle
  2
Shaded
 70
    27
177
     3
291
     0
 70
    58
 90
        2
176
     1
 90
        2
176
     1
 90
        1
176
     1
 90
        2
176
     1
 40
0.6
176
     1
 40
30.0
176
     1
 62
     7
420
 16777215
176
     1
 90
        0
176
     1
 90
        4
176
     1
 62
     7
176
     1
 62
   257
176
     1
 90
        1
176
     1
 90
        1
176
     1
 40
1.0
176
     1
 90
        8
176
     1
 62
   257
176
     1
 40
1.0
176
     1
 90
        1
176
     1
 90
        6
176
     1
 90
        2
176
     1
 62
     8
420
  7895160
176
     1
 90
        3
176
     1
 90
        0
176
     1
 90
        0
176
     1
290
     0
176
     1
 90
        5
176
     1
 40
0.0
176
     1
 90
        0
176
     1
290
     0
176
     1
290
     1
176
     1
290
     1
176
     1
290
     0
176
     1
290
     0
176
     1
290
     0
176
     1
290
     0
176
     1
290
     0
176
     1
290
     0
176
     1
 90
       50
176
     1
 40
0.0
176
     1
 40
1.0
176
     1
 90
        0
176
     1
 62
    18
420
        0
176
     1
 90
       50
176
     1
 90
        3
176
     1
 62
     5
420
      255
176
     1
290
     0
176
     1
 90
       50
176
     1
 90
       50
176
     1
 90
       50
176
     1
290
     0
176
     1
 90
       50
176
     1
 62
   256
176
     0
 40
1.0
176
     0
 90
        2
176
     1
  1
strokes_ogs.tif
176
     1
290
     0
176
     1
 40
1.0
176
     1
 40
1.0
176
     1
1001
ACAD
1000
AcDbSavedByObjectVersion
1070
     0
  0
VISUALSTYLE
  5
3D
102
{ACAD_REACTORS
330
29
102
}
330
29
100
AcDbVisualStyle
  2
Shaded with edges
 70
    26
177
     3
291
     0
 70
    58
 90
        2
176
     1
 90
        2
176
     1
 90
        1
176
     1
 90
        2
176
     1
 40
0.6
176
     1
 40
30.0
176
     1
 62
     7
420
 16777215
176
     1
 90
        1
176
     1
 90
        2
176
     1
 62
     7
176
     1
 62
   257
176
     1
 90
        2
176
     1
 90
        1
176
     1
 40
1.0
176
     1
 90
        8
176
     1
 62
   257
176
     1
 40
1.0
176
     1
 90
        1
176
     1
 90
        6
176
     1
 90
        2
176
     1
 62
     7
176
     1
 90
        3
176
     1
 90
        0
176
     1
 90
        0
176
     1
290
     0
176
     1
 90
        5
176
     1
 40
0.0
176
     1
 90
        0
176
     1
290
     0
176
     1
290
     1
176
     1
290
     1
176
     1
290
     0
176
     1
290
     0
176
     1
290
     0
176
     1
290
     0
176
     1
290
     0
176
     1
290
     0
176
     1
 90
       50
176
     1
 40
0.0
176
     1
 40
1.0
176
     1
 90
        0
176
     1
 62
    18
420
        0
176
     1
 90
       50
176
     1
 90
        3
176
     1
 62
     5
420
      255
176
     1
290
     0
176
     1
 90
       50
176
     1
 90
       50
176
     1
 90
       50
176
     1
290
     0
176
     1
 90
       50
176
     1
 62
   256
176
     0
 40
1.0
176
     0
 90
        2
176
     1
  1
strokes_ogs.tif
176
     1
290
     0
176
     1
 40
1.0
176
     1
 40
1.0
176
     1
1001
ACAD
1000
AcDbSavedByObjectVersion
1070
     0
  0
VISUALSTYLE
  5
3A
102
{ACAD_REACTORS
330
29
102
}
330
29
100
AcDbVisualStyle
  2
Shades of Gray
 70
    23
177
     3
291
     0
 70
    58
 90
        2
176
     1
 90
        2
176
     1
 90
        3
176
     1
 90
        0
176
     1
 40
0.6
176
     1
 40
30.0
176
     1
 62
     7
420
 16777215
176
     1
 90
        2
176
     1
 90
        2
176
     1
 62
     7
176
     1
 62
     7
176
     1
 90
        1
176
     1
 90
        1
176
     1
 40
40.0
176
     1
 90
        8
176
     1
 62
     7
176
     1
 40
1.0
176
     1
 90
        1
176
     1
 90
        6
176
     1
 90
        2
176
     1
 62
     7
176
     1
 90
        3
176
     1
 90
        0
176
     1
 90
        0
176
     1
290
     0
176
     1
 90
        1
176
     1
 40
0.0
176
     1
 90
        0
176
     1
290
     0
176
     1
290
     1
176
     1
290
     1
176
     1
290
     0
176
     1
290
     0
176
     1
290
     0
176
     1
290
     0
176
     1
290
     0
176
     1
290
     0
176
     1
 90
       50
176
     1
 40
0.0
176
     1
 40
1.0
176
     1
 90
        0
176
     1
 62
    18
420
        0
176
     1
 90
       50
176
     1
 90
        3
176
     1
 62
     5
420
      255
176
     1
290
     0
176
     1
 90
       50
176
     1
 90
       50
176
     1
 90
       50
176
     1
290
     0
176
     1
 90
       50
176
     1
 62
   256
176
     0
 40
1.0
176
     0
 90
        2
176
     1
  1
strokes_ogs.tif
176
     1
290
     0
176
     1
 40
1.0
176
     1
 40
1.0
176
     1
1001
ACAD
1000
AcDbSavedByObjectVersion
1070
     0
  0
VISUALSTYLE
  5
3B
102
{ACAD_REACTORS
330
29
102
}
330
29
100
AcDbVisualStyle
  2
Sketchy
 70
    24
177
     3
291
     0
 70
    58
 90
        1
176
     1
 90
        2
176
     1
 90
        2
176
     1
 90
        0
176
     1
 40
0.6
176
     1
 40
30.0
176
     1
 62
     7
420
 16777215
176
     1
 90
        2
176
     1
 90
        2
176
     1
 62
     7
176
     1
 62
     7
176
     1
 90
        1
176
     1
 90
        1
176
     1
 40
40.0
176
     1
 90
       11
176
     1
 62
     7
176
     1
 40
1.0
176
     1
 90
        1
176
     1
 90
        6
176
     1
 90
        2
176
     1
 62
     7
176
     1
 90
        6
176
     1
 90
        0
176
     1
 90
        0
176
     1
290
     0
176
     1
 90
        1
176
     1
 40
0.0
176
     1
 90
        0
176
     1
290
     0
176
     1
290
     1
176
     1
290
     1
176
     1
290
     0
176
     1
290
     0
176
     1
290
     0
176
     1
290
     0
176
     1
290
     0
176
     1
290
     0
176
     1
 90
       50
176
     1
 40
0.0
176
     1
 40
1.0
176
     1
 90
        0
176
     1
 62
    18
420
        0
176
     1
 90
       50
176
     1
 90
        3
176
     1
 62
     5
420
      255
176
     1
290
     0
176
     1
 90
       50
176
     1
 90
       50
176
     1
 90
       50
176
     1
290
     0
176
     1
 90
       50
176
     1
 62
   256
176
     0
 40
1.0
176
     0
 90
        2
176
     1
  1
strokes_ogs.tif
176
     1
290
     0
176
     1
 40
1.0
176
     1
 40
1.0
176
     1
1001
ACAD
1000
AcDbSavedByObjectVersion
1070
     0
  0
VISUALSTYLE
  5
36
102
{ACAD_REACTORS
330
29
102
}
330
29
100
AcDbVisualStyle
  2
Thicken
 70
    13
177
     3
291
     1
 70
    58
 90
        2
176
     1
 90
        2
176
     1
 90
        0
176
     1
 90
        0
176
     1
 40
0.6
176
     1
 40
30.0
176
     1
 62
     7
420
 16777215
176
     1
 90
        1
176
     1
 90
        4
176
     1
 62
     7
176
     1
 62
   257
176
     1
 90
        1
176
     1
 90
        1
176
     1
 40
1.0
176
     1
 90
       12
176
     1
 62
     7
176
     1
 40
1.0
176
     1
 90
        1
176
     1
 90
        6
176
     1
 90
        2
176
     1
 62
     7
176
     1
 90
        5
176
     1
 90
        0
176
     1
 90
        0
176
     1
290
     0
176
     1
 90
        1
176
     1
 40
0.0
176
     1
 90
        0
176
     1
290
     0
176
     1
290
     1
176
     1
290
     1
176
     1
290
     0
176
     1
290
     0
176
     1
290
     0
176
     1
290
     0
176
     1
290
     0
176
     1
290
     0
176
     1
 90
       50
176
     1
 40
0.0
176
     1
 40
1.0
176
     1
 90
        0
176
     1
 62
    18
420
        0
176
     1
 90
       50
176
     1
 90
        3
176
     1
 62
     5
420
      255
176
     1
290
     0
176
     1
 90
       50
176
     1
 90
       50
176
     1
 90
       50
176
     1
290
     0
176
     1
 90
       50
176
     1
 62
   256
176
     0
 40
1.0
176
     0
 90
        2
176
     1
  1
strokes_ogs.tif
176
     1
290
     0
176
     1
 40
1.0
176
     1
 40
1.0
176
     1
1001
ACAD
1000
AcDbSavedByObjectVersion
1070
     0
  0
VISUALSTYLE
  5
30
102
{ACAD_REACTORS
330
29
102
}
330
29
100
AcDbVisualStyle
  2
Wireframe
 70
     5
177
     3
291
     0
 70
    58
 90
        0
176
     1
 90
        2
176
     1
 90
        0
176
     1
 90
        0
176
     1
 40
0.6
176
     1
 40
30.0
176
     1
 62
     7
420
 16777215
176
     1
 90
        1
176
     1
 90
        4
176
     1
 62
     7
176
     1
 62
   257
176
     1
 90
        1
176
     1
 90
        1
176
     1
 40
1.0
176
     1
 90
        0
176
     1
 62
   257
176
     1
 40
1.0
176
     1
 90
        1
176
     1
 90
        6
176
     1
 90
        2
176
     1
 62
     7
176
     1
 90
        3
176
     1
 90
        0
176
     1
 90
        0
176
     1
290
     0
176
     1
 90
        1
176
     1
 40
0.0
176
     1
 90
        0
176
     1
290
     0
176
     1
290
     1
176
     1
290
     1
176
     1
290
     0
176
     1
290
     0
176
     1
290
     0
176
     1
290
     0
176
     1
290
     0
176
     1
290
     0
176
     1
 90
       50
176
     1
 40
0.0
176
     1
 40
1.0
176
     1
 90
        0
176
     1
 62
    18
420
        0
176
     1
 90
       50
176
     1
 90
        3
176
     1
 62
     5
420
      255
176
     1
290
     0
176
     1
 90
       50
176
     1
 90
       50
176
     1
 90
       50
176
     1
290
     0
176
     1
 90
       50
176
     1
 62
   256
176
     0
 40
1.0
176
     0
 90
        2
176
     1
  1
strokes_ogs.tif
176
     1
290
     0
176
     1
 40
1.0
176
     1
 40
1.0
176
     1
1001
ACAD
1000
AcDbSavedByObjectVersion
1070
     0
  0
VISUALSTYLE
  5
3C
102
{ACAD_REACTORS
330
29
102
}
330
29
100
AcDbVisualStyle
  2
X-Ray
 70
    25
177
     3
291
     0
 70
    58
 90
        2
176
     1
 90
        2
176
     1
 90
        1
176
     1
 90
        1
176
     1
 40
0.5
176
     1
 40
30.0
176
     1
 62
     7
420
 16777215
176
     1
 90
        1
176
     1
 90
        0
176
     1
 62
     7
176
     1
 62
   257
176
     1
 90
        1
176
     1
 90
        1
176
     1
 40
1.0
176
     1
 90
        8
176
     1
 62
     7
176
     1
 40
1.0
176
     1
 90
        1
176
     1
 90
        6
176
     1
 90
        2
176
     1
 62
     7
176
     1
 90
        3
176
     1
 90
        0
176
     1
 90
        0
176
     1
290
     0
176
     1
 90
       13
176
     1
 40
0.0
176
     1
 90
        0
176
     1
290
     0
176
     1
290
     1
176
     1
290
     1
176
     1
290
     0
176
     1
290
     0
176
     1
290
     0
176
     1
290
     0
176
     1
290
     0
176
     1
290
     0
176
     1
 90
       50
176
     1
 40
0.0
176
     1
 40
1.0
176
     1
 90
        0
176
     1
 62
    18
420
        0
176
     1
 90
       50
176
     1
 90
        3
176
     1
 62
     5
420
      255
176
     1
290
     0
176
     1
 90
       50
176
     1
 90
       50
176
     1
 90
       50
176
     1
290
     0
176
     1
 90
       50
176
     1
 62
   256
176
     0
 40
1.0
176
     0
 90
        2
176
     1
  1
strokes_ogs.tif
176
     1
290
     0
176
     1
 40
1.0
176
     1
 40
1.0
176
     1
1001
ACAD
1000
AcDbSavedByObjectVersion
1070
     0
  0
DICTIONARYVAR
  5
66F
102
{ACAD_REACTORS
330
66A
102
}
330
66A
100
DictionaryVariables
280
     0
  1
0
  0
DICTIONARYVAR
  5
670
102
{ACAD_REACTORS
330
66A
102
}
330
66A
100
DictionaryVariables
280
     0
  1
1:1
  0
DICTIONARYVAR
  5
66C
102
{ACAD_REACTORS
330
66A
102
}
330
66A
100
DictionaryVariables
280
     0
  1
STANDARD
  0
DICTIONARYVAR
  5
66B
102
{ACAD_REACTORS
330
66A
102
}
330
66A
100
DictionaryVariables
280
     0
  1
STANDARD
  0
DICTIONARYVAR
  5
66D
102
{ACAD_REACTORS
330
66A
102
}
330
66A
100
DictionaryVariables
280
     0
  1
Imperial24
  0
DICTIONARYVAR
  5
66E
102
{ACAD_REACTORS
330
66A
102
}
330
66A
100
DictionaryVariables
280
     0
  1
Imperial24
  0
DICTIONARY
  5
676
330
6B
100
AcDbDictionary
280
     1
281
     1
  3
ACAD_XREC_ROUNDTRIP
360
677
  0
DICTIONARY
  5
1A
330
19
100
AcDbDictionary
280
     1
281
     1
  3
BUMPTILE
360
1C
  3
DIFFUSETILE
360
1B
  3
OPACITYTILE
360
1F
  3
REFLECTIONTILE
360
1E
  3
REFRACTIONTILE
360
20
  3
SPECULARTILE
360
1D
  0
DICTIONARY
  5
12
330
11
100
AcDbDictionary
280
     1
281
     1
  3
BUMPTILE
360
14
  3
DIFFUSETILE
360
13
  3
OPACITYTILE
360
17
  3
REFLECTIONTILE
360
16
  3
REFRACTIONTILE
360
18
  3
SPECULARTILE
360
15
  0
DICTIONARY
  5
22
330
21
100
AcDbDictionary
280
     1
281
     1
  3
BUMPTILE
360
24
  3
DIFFUSETILE
360
23
  3
OPACITYTILE
360
27
  3
REFLECTIONTILE
360
26
  3
REFRACTIONTILE
360
28
  3
SPECULARTILE
360
25
  0
DICTIONARY
  5
674
330
69
100
AcDbDictionary
280
     1
281
     1
  3
ACAD_XREC_ROUNDTRIP
360
675
  0
DICTIONARY
  5
671
330
65
100
AcDbDictionary
280
     1
281
     1
  3
ACAD_ROUNDTRIP_2008_TABLESTYLE_CELLSTYLEMAP
360
672
  0
XRECORD
  5
677
102
{ACAD_REACTORS
330
676
102
}
330
676
100
AcDbXrecord
280
     1
102
DISPLAYNAME
  1
Imperial24
102
FLAGS
 90
        0
  0
XRECORD
  5
1C
102
{ACAD_REACTORS
330
1A
102
}
330
1A
100
AcDbXrecord
280
     1
270
     1
271
     1
  0
XRECORD
  5
1B
102
{ACAD_REACTORS
330
1A
102
}
330
1A
100
AcDbXrecord
280
     1
270
     1
271
     1
  0
XRECORD
  5
1F
102
{ACAD_REACTORS
330
1A
102
}
330
1A
100
AcDbXrecord
280
     1
270
     1
271
     1
  0
XRECORD
  5
1E
102
{ACAD_REACTORS
330
1A
102
}
330
1A
100
AcDbXrecord
280
     1
270
     1
271
     1
  0
XRECORD
  5
20
102
{ACAD_REACTORS
330
1A
102
}
330
1A
100
AcDbXrecord
280
     1
270
     1
271
     1
  0
XRECORD
  5
1D
102
{ACAD_REACTORS
330
1A
102
}
330
1A
100
AcDbXrecord
280
     1
270
     1
271
     1
  0
XRECORD
  5
14
102
{ACAD_REACTORS
330
12
102
}
330
12
100
AcDbXrecord
280
     1
270
     1
271
     1
  0
XRECORD
  5
13
102
{ACAD_REACTORS
330
12
102
}
330
12
100
AcDbXrecord
280
     1
270
     1
271
     1
  0
XRECORD
  5
17
102
{ACAD_REACTORS
330
12
102
}
330
12
100
AcDbXrecord
280
     1
270
     1
271
     1
  0
XRECORD
  5
16
102
{ACAD_REACTORS
330
12
102
}
330
12
100
AcDbXrecord
280
     1
270
     1
271
     1
  0
XRECORD
  5
18
102
{ACAD_REACTORS
330
12
102
}
330
12
100
AcDbXrecord
280
     1
270
     1
271
     1
  0
XRECORD
  5
15
102
{ACAD_REACTORS
330
12
102
}
330
12
100
AcDbXrecord
280
     1
270
     1
271
     1
  0
XRECORD
  5
24
102
{ACAD_REACTORS
330
22
102
}
330
22
100
AcDbXrecord
280
     1
270
     1
271
     1
  0
XRECORD
  5
23
102
{ACAD_REACTORS
330
22
102
}
330
22
100
AcDbXrecord
280
     1
270
     1
271
     1
  0
XRECORD
  5
27
102
{ACAD_REACTORS
330
22
102
}
330
22
100
AcDbXrecord
280
     1
270
     1
271
     1
  0
XRECORD
  5
26
102
{ACAD_REACTORS
330
22
102
}
330
22
100
AcDbXrecord
280
     1
270
     1
271
     1
  0
XRECORD
  5
28
102
{ACAD_REACTORS
330
22
102
}
330
22
100
AcDbXrecord
280
     1
270
     1
271
     1
  0
XRECORD
  5
25
102
{ACAD_REACTORS
330
22
102
}
330
22
100
AcDbXrecord
280
     1
270
     1
271
     1
  0
XRECORD
  5
675
102
{ACAD_REACTORS
330
674
102
}
330
674
100
AcDbXrecord
280
     1
102
DISPLAYNAME
  1
Imperial24
102
FLAGS
 90
        0
  0
CELLSTYLEMAP
  5
672
102
{ACAD_REACTORS
330
671
102
}
330
671
100
AcDbCellStyleMap
 90
        3
300
CELLSTYLE
  1
TABLEFORMAT_BEGIN
 90
        5
170
     1
 91
        0
 92
    32768
 62
   257
 93
        1
300
CONTENTFORMAT
  1
CONTENTFORMAT_BEGIN
 90
        0
 91
        0
 92
      512
 93
        0
300

 40
0.0
140
1.0
 94
        5
 62
     0
340
55
144
0.25
309
CONTENTFORMAT_END
171
     1
301
MARGIN
  1
CELLMARGIN_BEGIN
 40
1.5
 40
1.5
 40
1.5
 40
1.5
 40
0.18
 40
0.18
309
CELLMARGIN_END
 94
        0
309
TABLEFORMAT_END
  1
CELLSTYLE_BEGIN
 90
        1
 91
        1
300
_TITLE
309
CELLSTYLE_END
300
CELLSTYLE
  1
TABLEFORMAT_BEGIN
 90
        5
170
     1
 91
        0
 92
        0
 62
   257
 93
        1
300
CONTENTFORMAT
  1
CONTENTFORMAT_BEGIN
 90
        0
 91
        0
 92
      512
 93
        0
300

 40
0.0
140
1.0
 94
        5
 62
     0
340
55
144
0.18
309
CONTENTFORMAT_END
171
     1
301
MARGIN
  1
CELLMARGIN_BEGIN
 40
1.5
 40
1.5
 40
1.5
 40
1.5
 40
0.18
 40
0.18
309
CELLMARGIN_END
 94
        0
309
TABLEFORMAT_END
  1
CELLSTYLE_BEGIN
 90
        2
 91
        1
300
_HEADER
309
CELLSTYLE_END
300
CELLSTYLE
  1
TABLEFORMAT_BEGIN
 90
        5
170
     1
 91
        0
 92
        0
 62
   257
 93
        1
300
CONTENTFORMAT
  1
CONTENTFORMAT_BEGIN
 90
        0
 91
        0
 92
      512
 93
        0
300

 40
0.0
140
1.0
 94
        2
 62
     0
340
55
144
0.18
309
CONTENTFORMAT_END
171
     1
301
MARGIN
  1
CELLMARGIN_BEGIN
 40
1.5
 40
1.5
 40
1.5
 40
1.5
 40
0.18
 40
0.18
309
CELLMARGIN_END
 94
        0
309
TABLEFORMAT_END
  1
CELLSTYLE_BEGIN
 90
        3
 91
        2
300
_DATA
309
CELLSTYLE_END
  0
ENDSEC
  0
EOF
